timestamp,power,wind_speed,hour,dayofweek,month,hour_sin,hour_cos,dow_sin,dow_cos
2016-03-31 11:00:00,-11.0,2.5666666666666664,11,3,3,0.258819045102521,-0.9659258262890682,0.43388373911755823,-0.900968867902419
2016-03-31 12:00:00,-7.666666666666667,3.6166666666666667,12,3,3,1.2246467991473532e-16,-1.0,0.43388373911755823,-0.900968867902419
2016-03-31 13:00:00,30.666666666666668,3.533333333333333,13,3,3,-0.2588190451025208,-0.9659258262890683,0.43388373911755823,-0.900968867902419
2016-03-31 14:00:00,169.83333333333334,4.783333333333334,14,3,3,-0.4999999999999998,-0.8660254037844388,0.43388373911755823,-0.900968867902419
2016-03-31 15:00:00,45.0,0.7999999999999999,15,3,3,-0.7071067811865471,-0.7071067811865479,0.43388373911755823,-0.900968867902419
2016-03-31 16:00:00,0.0,0.0,16,3,3,-0.8660254037844384,-0.5000000000000004,0.43388373911755823,-0.900968867902419
2016-03-31 17:00:00,0.0,0.0,17,3,3,-0.9659258262890683,-0.25881904510252063,0.43388373911755823,-0.900968867902419
2016-03-31 18:00:00,0.0,0.0,18,3,3,-1.0,-1.8369701987210297e-16,0.43388373911755823,-0.900968867902419
2016-03-31 19:00:00,0.0,0.0,19,3,3,-0.9659258262890684,0.2588190451025203,0.43388373911755823,-0.900968867902419
2016-03-31 20:00:00,0.0,0.0,20,3,3,-0.8660254037844386,0.5000000000000001,0.43388373911755823,-0.900968867902419
2016-03-31 21:00:00,0.0,0.0,21,3,3,-0.7071067811865477,0.7071067811865474,0.43388373911755823,-0.900968867902419
2016-03-31 22:00:00,0.0,0.0,22,3,3,-0.5000000000000004,0.8660254037844384,0.43388373911755823,-0.900968867902419
2016-03-31 23:00:00,0.0,0.0,23,3,3,-0.25881904510252157,0.9659258262890681,0.43388373911755823,-0.900968867902419
2016-04-01 00:00:00,0.0,0.0,0,4,4,0.0,1.0,-0.433883739117558,-0.9009688679024191
2016-04-01 01:00:00,0.0,0.0,1,4,4,0.25881904510252074,0.9659258262890683,-0.433883739117558,-0.9009688679024191
2016-04-01 02:00:00,0.0,0.0,2,4,4,0.49999999999999994,0.8660254037844387,-0.433883739117558,-0.9009688679024191
2016-04-01 03:00:00,0.0,0.0,3,4,4,0.7071067811865475,0.7071067811865476,-0.433883739117558,-0.9009688679024191
2016-04-01 04:00:00,0.0,0.0,4,4,4,0.8660254037844386,0.5000000000000001,-0.433883739117558,-0.9009688679024191
2016-04-01 05:00:00,0.0,0.0,5,4,4,0.9659258262890683,0.25881904510252074,-0.433883739117558,-0.9009688679024191
2016-04-01 06:00:00,0.0,0.0,6,4,4,1.0,6.123233995736766e-17,-0.433883739117558,-0.9009688679024191
2016-04-01 07:00:00,0.0,0.0,7,4,4,0.9659258262890683,-0.25881904510252063,-0.433883739117558,-0.9009688679024191
2016-04-01 08:00:00,-6.333333333333333,1.8666666666666665,8,4,4,0.8660254037844387,-0.49999999999999983,-0.433883739117558,-0.9009688679024191
2016-04-01 09:00:00,-23.166666666666668,6.066666666666666,9,4,4,0.7071067811865476,-0.7071067811865475,-0.433883739117558,-0.9009688679024191
2016-04-01 10:00:00,311.5,8.799999999999999,10,4,4,0.49999999999999994,-0.8660254037844387,-0.433883739117558,-0.9009688679024191
2016-04-01 11:00:00,298.6666666666667,6.2,11,4,4,0.258819045102521,-0.9659258262890682,-0.433883739117558,-0.9009688679024191
2016-04-01 12:00:00,-3.0,6.5,12,4,4,1.2246467991473532e-16,-1.0,-0.433883739117558,-0.9009688679024191
2016-04-01 13:00:00,-3.8333333333333335,6.416666666666667,13,4,4,-0.2588190451025208,-0.9659258262890683,-0.433883739117558,-0.9009688679024191
2016-04-01 14:00:00,-4.333333333333333,4.666666666666667,14,4,4,-0.4999999999999998,-0.8660254037844388,-0.433883739117558,-0.9009688679024191
2016-04-01 15:00:00,-3.5,4.116666666666666,15,4,4,-0.7071067811865471,-0.7071067811865479,-0.433883739117558,-0.9009688679024191
2016-04-01 16:00:00,-2.8333333333333335,3.5666666666666664,16,4,4,-0.8660254037844384,-0.5000000000000004,-0.433883739117558,-0.9009688679024191
2016-04-01 17:00:00,-3.0,3.466666666666667,17,4,4,-0.9659258262890683,-0.25881904510252063,-0.433883739117558,-0.9009688679024191
2016-04-01 18:00:00,-2.3333333333333335,3.516666666666666,18,4,4,-1.0,-1.8369701987210297e-16,-0.433883739117558,-0.9009688679024191
2016-04-01 19:00:00,-2.5,4.233333333333333,19,4,4,-0.9659258262890684,0.2588190451025203,-0.433883739117558,-0.9009688679024191
2016-04-01 20:00:00,-2.8333333333333335,5.2,20,4,4,-0.8660254037844386,0.5000000000000001,-0.433883739117558,-0.9009688679024191
2016-04-01 21:00:00,-2.6666666666666665,4.766666666666667,21,4,4,-0.7071067811865477,0.7071067811865474,-0.433883739117558,-0.9009688679024191
2016-04-01 22:00:00,-2.1666666666666665,6.133333333333333,22,4,4,-0.5000000000000004,0.8660254037844384,-0.433883739117558,-0.9009688679024191
2016-04-01 23:00:00,-3.1666666666666665,5.066666666666667,23,4,4,-0.25881904510252157,0.9659258262890681,-0.433883739117558,-0.9009688679024191
2016-04-02 00:00:00,-1.5,2.85,0,5,4,0.0,1.0,-0.9749279121818236,-0.2225209339563146
2016-04-02 01:00:00,-1.5,2.8000000000000003,1,5,4,0.25881904510252074,0.9659258262890683,-0.9749279121818236,-0.2225209339563146
2016-04-02 02:00:00,-3.1666666666666665,3.8499999999999996,2,5,4,0.49999999999999994,0.8660254037844387,-0.9749279121818236,-0.2225209339563146
2016-04-02 03:00:00,-2.5,3.133333333333333,3,5,4,0.7071067811865475,0.7071067811865476,-0.9749279121818236,-0.2225209339563146
2016-04-02 04:00:00,-1.8333333333333333,2.6666666666666665,4,5,4,0.8660254037844386,0.5000000000000001,-0.9749279121818236,-0.2225209339563146
2016-04-02 05:00:00,-1.5,2.8166666666666664,5,5,4,0.9659258262890683,0.25881904510252074,-0.9749279121818236,-0.2225209339563146
2016-04-02 06:00:00,-1.8333333333333333,3.0500000000000003,6,5,4,1.0,6.123233995736766e-17,-0.9749279121818236,-0.2225209339563146
2016-04-02 07:00:00,-3.1666666666666665,2.8166666666666664,7,5,4,0.9659258262890683,-0.25881904510252063,-0.9749279121818236,-0.2225209339563146
2016-04-02 08:00:00,-1.5,3.6500000000000004,8,5,4,0.8660254037844387,-0.49999999999999983,-0.9749279121818236,-0.2225209339563146
2016-04-02 09:00:00,-3.0,4.416666666666667,9,5,4,0.7071067811865476,-0.7071067811865475,-0.9749279121818236,-0.2225209339563146
2016-04-02 10:00:00,-2.6666666666666665,3.266666666666667,10,5,4,0.49999999999999994,-0.8660254037844387,-0.9749279121818236,-0.2225209339563146
2016-04-02 11:00:00,-3.3333333333333335,2.4833333333333334,11,5,4,0.258819045102521,-0.9659258262890682,-0.9749279121818236,-0.2225209339563146
2016-04-02 12:00:00,-3.3333333333333335,2.683333333333333,12,5,4,1.2246467991473532e-16,-1.0,-0.9749279121818236,-0.2225209339563146
2016-04-02 13:00:00,-3.0,3.116666666666667,13,5,4,-0.2588190451025208,-0.9659258262890683,-0.9749279121818236,-0.2225209339563146
2016-04-02 14:00:00,-3.0,2.6,14,5,4,-0.4999999999999998,-0.8660254037844388,-0.9749279121818236,-0.2225209339563146
2016-04-02 15:00:00,-3.1666666666666665,2.65,15,5,4,-0.7071067811865471,-0.7071067811865479,-0.9749279121818236,-0.2225209339563146
2016-04-02 16:00:00,-2.1666666666666665,2.5000000000000004,16,5,4,-0.8660254037844384,-0.5000000000000004,-0.9749279121818236,-0.2225209339563146
2016-04-02 17:00:00,-2.5,2.333333333333333,17,5,4,-0.9659258262890683,-0.25881904510252063,-0.9749279121818236,-0.2225209339563146
2016-04-02 18:00:00,-2.8333333333333335,2.6,18,5,4,-1.0,-1.8369701987210297e-16,-0.9749279121818236,-0.2225209339563146
2016-04-02 19:00:00,-2.6666666666666665,2.3000000000000003,19,5,4,-0.9659258262890684,0.2588190451025203,-0.9749279121818236,-0.2225209339563146
2016-04-02 20:00:00,-2.3333333333333335,2.3666666666666667,20,5,4,-0.8660254037844386,0.5000000000000001,-0.9749279121818236,-0.2225209339563146
2016-04-02 21:00:00,-1.5,2.216666666666667,21,5,4,-0.7071067811865477,0.7071067811865474,-0.9749279121818236,-0.2225209339563146
2016-04-02 22:00:00,-1.6666666666666667,2.433333333333333,22,5,4,-0.5000000000000004,0.8660254037844384,-0.9749279121818236,-0.2225209339563146
2016-04-02 23:00:00,-2.1666666666666665,2.6166666666666667,23,5,4,-0.25881904510252157,0.9659258262890681,-0.9749279121818236,-0.2225209339563146
2016-04-03 00:00:00,-2.3333333333333335,2.6999999999999997,0,6,4,0.0,1.0,-0.7818314824680299,0.6234898018587334
2016-04-03 01:00:00,-1.3333333333333333,3.2000000000000006,1,6,4,0.25881904510252074,0.9659258262890683,-0.7818314824680299,0.6234898018587334
2016-04-03 02:00:00,-1.8333333333333333,3.516666666666667,2,6,4,0.49999999999999994,0.8660254037844387,-0.7818314824680299,0.6234898018587334
2016-04-03 03:00:00,-1.5,2.9166666666666665,3,6,4,0.7071067811865475,0.7071067811865476,-0.7818314824680299,0.6234898018587334
2016-04-03 04:00:00,-1.0,3.016666666666667,4,6,4,0.8660254037844386,0.5000000000000001,-0.7818314824680299,0.6234898018587334
2016-04-03 05:00:00,-2.3333333333333335,3.3333333333333335,5,6,4,0.9659258262890683,0.25881904510252074,-0.7818314824680299,0.6234898018587334
2016-04-03 06:00:00,-1.5,3.333333333333334,6,6,4,1.0,6.123233995736766e-17,-0.7818314824680299,0.6234898018587334
2016-04-03 07:00:00,-2.5,3.0666666666666664,7,6,4,0.9659258262890683,-0.25881904510252063,-0.7818314824680299,0.6234898018587334
2016-04-03 08:00:00,-3.3333333333333335,2.8666666666666667,8,6,4,0.8660254037844387,-0.49999999999999983,-0.7818314824680299,0.6234898018587334
2016-04-03 09:00:00,-1.8333333333333333,2.3166666666666664,9,6,4,0.7071067811865476,-0.7071067811865475,-0.7818314824680299,0.6234898018587334
2016-04-03 10:00:00,-1.6666666666666667,0.9333333333333332,10,6,4,0.49999999999999994,-0.8660254037844387,-0.7818314824680299,0.6234898018587334
2016-04-03 11:00:00,-2.6666666666666665,1.0833333333333333,11,6,4,0.258819045102521,-0.9659258262890682,-0.7818314824680299,0.6234898018587334
2016-04-03 12:00:00,-2.0,0.5666666666666667,12,6,4,1.2246467991473532e-16,-1.0,-0.7818314824680299,0.6234898018587334
2016-04-03 13:00:00,-2.6666666666666665,0.9500000000000001,13,6,4,-0.2588190451025208,-0.9659258262890683,-0.7818314824680299,0.6234898018587334
2016-04-03 14:00:00,-2.3333333333333335,1.3499999999999999,14,6,4,-0.4999999999999998,-0.8660254037844388,-0.7818314824680299,0.6234898018587334
2016-04-03 15:00:00,-2.1666666666666665,1.9833333333333332,15,6,4,-0.7071067811865471,-0.7071067811865479,-0.7818314824680299,0.6234898018587334
2016-04-03 16:00:00,-2.8333333333333335,1.3999999999999997,16,6,4,-0.8660254037844384,-0.5000000000000004,-0.7818314824680299,0.6234898018587334
2016-04-03 17:00:00,-2.5,1.75,17,6,4,-0.9659258262890683,-0.25881904510252063,-0.7818314824680299,0.6234898018587334
2016-04-03 18:00:00,-1.1666666666666667,1.883333333333333,18,6,4,-1.0,-1.8369701987210297e-16,-0.7818314824680299,0.6234898018587334
2016-04-03 19:00:00,-1.1666666666666667,1.0666666666666667,19,6,4,-0.9659258262890684,0.2588190451025203,-0.7818314824680299,0.6234898018587334
2016-04-03 20:00:00,-1.8333333333333333,1.116666666666667,20,6,4,-0.8660254037844386,0.5000000000000001,-0.7818314824680299,0.6234898018587334
2016-04-03 21:00:00,-2.6666666666666665,2.25,21,6,4,-0.7071067811865477,0.7071067811865474,-0.7818314824680299,0.6234898018587334
2016-04-03 22:00:00,-1.6666666666666667,2.166666666666667,22,6,4,-0.5000000000000004,0.8660254037844384,-0.7818314824680299,0.6234898018587334
2016-04-03 23:00:00,-3.0,3.15,23,6,4,-0.25881904510252157,0.9659258262890681,-0.7818314824680299,0.6234898018587334
2016-04-04 00:00:00,-2.0,2.8833333333333333,0,0,4,0.0,1.0,0.0,1.0
2016-04-04 01:00:00,-1.3333333333333333,3.483333333333333,1,0,4,0.25881904510252074,0.9659258262890683,0.0,1.0
2016-04-04 02:00:00,-1.3333333333333333,2.8000000000000003,2,0,4,0.49999999999999994,0.8660254037844387,0.0,1.0
2016-04-04 03:00:00,-1.5,2.516666666666667,3,0,4,0.7071067811865475,0.7071067811865476,0.0,1.0
2016-04-04 04:00:00,-1.5,2.466666666666667,4,0,4,0.8660254037844386,0.5000000000000001,0.0,1.0
2016-04-04 05:00:00,-1.6666666666666667,1.9666666666666668,5,0,4,0.9659258262890683,0.25881904510252074,0.0,1.0
2016-04-04 06:00:00,-1.8333333333333333,0.8333333333333334,6,0,4,1.0,6.123233995736766e-17,0.0,1.0
2016-04-04 07:00:00,-2.3333333333333335,2.9166666666666665,7,0,4,0.9659258262890683,-0.25881904510252063,0.0,1.0
2016-04-04 08:00:00,-1.8333333333333333,5.816666666666666,8,0,4,0.8660254037844387,-0.49999999999999983,0.0,1.0
2016-04-04 09:00:00,-2.5,4.366666666666666,9,0,4,0.7071067811865476,-0.7071067811865475,0.0,1.0
2016-04-04 10:00:00,-4.5,3.716666666666667,10,0,4,0.49999999999999994,-0.8660254037844387,0.0,1.0
2016-04-04 11:00:00,-3.1666666666666665,3.6,11,0,4,0.258819045102521,-0.9659258262890682,0.0,1.0
2016-04-04 12:00:00,-3.1666666666666665,4.883333333333334,12,0,4,1.2246467991473532e-16,-1.0,0.0,1.0
2016-04-04 13:00:00,-3.3333333333333335,6.183333333333334,13,0,4,-0.2588190451025208,-0.9659258262890683,0.0,1.0
2016-04-04 14:00:00,-3.1666666666666665,7.2,14,0,4,-0.4999999999999998,-0.8660254037844388,0.0,1.0
2016-04-04 15:00:00,-3.3333333333333335,5.866666666666666,15,0,4,-0.7071067811865471,-0.7071067811865479,0.0,1.0
2016-04-04 16:00:00,-4.666666666666667,3.016666666666666,16,0,4,-0.8660254037844384,-0.5000000000000004,0.0,1.0
2016-04-04 17:00:00,-1.8333333333333333,2.6666666666666665,17,0,4,-0.9659258262890683,-0.25881904510252063,0.0,1.0
2016-04-04 18:00:00,-2.6666666666666665,3.1999999999999997,18,0,4,-1.0,-1.8369701987210297e-16,0.0,1.0
2016-04-04 19:00:00,-2.5,2.966666666666667,19,0,4,-0.9659258262890684,0.2588190451025203,0.0,1.0
2016-04-04 20:00:00,-1.3333333333333333,3.5666666666666664,20,0,4,-0.8660254037844386,0.5000000000000001,0.0,1.0
2016-04-04 21:00:00,-1.6666666666666667,4.083333333333333,21,0,4,-0.7071067811865477,0.7071067811865474,0.0,1.0
2016-04-04 22:00:00,-2.0,5.233333333333333,22,0,4,-0.5000000000000004,0.8660254037844384,0.0,1.0
2016-04-04 23:00:00,-2.8333333333333335,3.9500000000000006,23,0,4,-0.25881904510252157,0.9659258262890681,0.0,1.0
2016-04-05 00:00:00,-2.8333333333333335,3.6999999999999997,0,1,4,0.0,1.0,0.7818314824680298,0.6234898018587336
2016-04-05 01:00:00,-3.3333333333333335,4.083333333333333,1,1,4,0.25881904510252074,0.9659258262890683,0.7818314824680298,0.6234898018587336
2016-04-05 02:00:00,-2.5,3.666666666666666,2,1,4,0.49999999999999994,0.8660254037844387,0.7818314824680298,0.6234898018587336
2016-04-05 03:00:00,-2.6666666666666665,3.3000000000000003,3,1,4,0.7071067811865475,0.7071067811865476,0.7818314824680298,0.6234898018587336
2016-04-05 04:00:00,-2.5,3.9333333333333336,4,1,4,0.8660254037844386,0.5000000000000001,0.7818314824680298,0.6234898018587336
2016-04-05 05:00:00,-2.3333333333333335,2.733333333333333,5,1,4,0.9659258262890683,0.25881904510252074,0.7818314824680298,0.6234898018587336
2016-04-05 06:00:00,-1.0,2.45,6,1,4,1.0,6.123233995736766e-17,0.7818314824680298,0.6234898018587336
2016-04-05 07:00:00,-2.0,2.4833333333333334,7,1,4,0.9659258262890683,-0.25881904510252063,0.7818314824680298,0.6234898018587336
2016-04-05 08:00:00,-4.333333333333333,2.5999999999999996,8,1,4,0.8660254037844387,-0.49999999999999983,0.7818314824680298,0.6234898018587336
2016-04-05 09:00:00,-4.166666666666667,2.6833333333333336,9,1,4,0.7071067811865476,-0.7071067811865475,0.7818314824680298,0.6234898018587336
2016-04-05 10:00:00,-2.8333333333333335,2.216666666666667,10,1,4,0.49999999999999994,-0.8660254037844387,0.7818314824680298,0.6234898018587336
2016-04-05 11:00:00,-3.8333333333333335,3.4000000000000004,11,1,4,0.258819045102521,-0.9659258262890682,0.7818314824680298,0.6234898018587336
2016-04-05 12:00:00,7.5,4.066666666666666,12,1,4,1.2246467991473532e-16,-1.0,0.7818314824680298,0.6234898018587336
2016-04-05 13:00:00,1.8333333333333333,3.35,13,1,4,-0.2588190451025208,-0.9659258262890683,0.7818314824680298,0.6234898018587336
2016-04-05 14:00:00,-2.3333333333333335,5.2,14,1,4,-0.4999999999999998,-0.8660254037844388,0.7818314824680298,0.6234898018587336
2016-04-05 15:00:00,-2.6666666666666665,5.633333333333333,15,1,4,-0.7071067811865471,-0.7071067811865479,0.7818314824680298,0.6234898018587336
2016-04-05 16:00:00,-3.0,5.5,16,1,4,-0.8660254037844384,-0.5000000000000004,0.7818314824680298,0.6234898018587336
2016-04-05 17:00:00,-3.0,5.7,17,1,4,-0.9659258262890683,-0.25881904510252063,0.7818314824680298,0.6234898018587336
2016-04-05 18:00:00,-3.0,7.0,18,1,4,-1.0,-1.8369701987210297e-16,0.7818314824680298,0.6234898018587336
2016-04-05 19:00:00,-2.0,5.800000000000001,19,1,4,-0.9659258262890684,0.2588190451025203,0.7818314824680298,0.6234898018587336
2016-04-05 20:00:00,-2.5,5.233333333333333,20,1,4,-0.8660254037844386,0.5000000000000001,0.7818314824680298,0.6234898018587336
2016-04-05 21:00:00,-1.5,4.316666666666666,21,1,4,-0.7071067811865477,0.7071067811865474,0.7818314824680298,0.6234898018587336
2016-04-05 22:00:00,-1.6666666666666667,4.516666666666667,22,1,4,-0.5000000000000004,0.8660254037844384,0.7818314824680298,0.6234898018587336
2016-04-05 23:00:00,-2.8333333333333335,3.8166666666666664,23,1,4,-0.25881904510252157,0.9659258262890681,0.7818314824680298,0.6234898018587336
2016-04-06 00:00:00,-3.0,3.9166666666666674,0,2,4,0.0,1.0,0.9749279121818236,-0.22252093395631434
2016-04-06 01:00:00,-1.8333333333333333,2.9500000000000006,1,2,4,0.25881904510252074,0.9659258262890683,0.9749279121818236,-0.22252093395631434
2016-04-06 02:00:00,-2.0,4.466666666666667,2,2,4,0.49999999999999994,0.8660254037844387,0.9749279121818236,-0.22252093395631434
2016-04-06 03:00:00,-3.5,3.716666666666667,3,2,4,0.7071067811865475,0.7071067811865476,0.9749279121818236,-0.22252093395631434
2016-04-06 04:00:00,-3.8333333333333335,4.133333333333334,4,2,4,0.8660254037844386,0.5000000000000001,0.9749279121818236,-0.22252093395631434
2016-04-06 05:00:00,-4.0,4.616666666666667,5,2,4,0.9659258262890683,0.25881904510252074,0.9749279121818236,-0.22252093395631434
2016-04-06 06:00:00,-4.166666666666667,5.116666666666667,6,2,4,1.0,6.123233995736766e-17,0.9749279121818236,-0.22252093395631434
2016-04-06 07:00:00,-3.3333333333333335,5.316666666666667,7,2,4,0.9659258262890683,-0.25881904510252063,0.9749279121818236,-0.22252093395631434
2016-04-06 08:00:00,-3.6666666666666665,5.066666666666666,8,2,4,0.8660254037844387,-0.49999999999999983,0.9749279121818236,-0.22252093395631434
2016-04-06 09:00:00,-1.8333333333333333,5.083333333333333,9,2,4,0.7071067811865476,-0.7071067811865475,0.9749279121818236,-0.22252093395631434
2016-04-06 10:00:00,-1.3333333333333333,4.833333333333333,10,2,4,0.49999999999999994,-0.8660254037844387,0.9749279121818236,-0.22252093395631434
2016-04-06 11:00:00,-3.0,5.800000000000001,11,2,4,0.258819045102521,-0.9659258262890682,0.9749279121818236,-0.22252093395631434
2016-04-06 12:00:00,-1.8333333333333333,3.4333333333333336,12,2,4,1.2246467991473532e-16,-1.0,0.9749279121818236,-0.22252093395631434
2016-04-06 13:00:00,109.66666666666667,6.05,13,2,4,-0.2588190451025208,-0.9659258262890683,0.9749279121818236,-0.22252093395631434
2016-04-06 14:00:00,481.3333333333333,6.416666666666667,14,2,4,-0.4999999999999998,-0.8660254037844388,0.9749279121818236,-0.22252093395631434
2016-04-06 15:00:00,164.5,6.766666666666667,15,2,4,-0.7071067811865471,-0.7071067811865479,0.9749279121818236,-0.22252093395631434
2016-04-06 16:00:00,-3.1666666666666665,5.133333333333334,16,2,4,-0.8660254037844384,-0.5000000000000004,0.9749279121818236,-0.22252093395631434
2016-04-06 17:00:00,-2.6666666666666665,5.616666666666667,17,2,4,-0.9659258262890683,-0.25881904510252063,0.9749279121818236,-0.22252093395631434
2016-04-06 18:00:00,-2.1666666666666665,5.316666666666666,18,2,4,-1.0,-1.8369701987210297e-16,0.9749279121818236,-0.22252093395631434
2016-04-06 19:00:00,-3.0,4.833333333333333,19,2,4,-0.9659258262890684,0.2588190451025203,0.9749279121818236,-0.22252093395631434
2016-04-06 20:00:00,-4.166666666666667,5.433333333333334,20,2,4,-0.8660254037844386,0.5000000000000001,0.9749279121818236,-0.22252093395631434
2016-04-06 21:00:00,-3.8333333333333335,4.616666666666666,21,2,4,-0.7071067811865477,0.7071067811865474,0.9749279121818236,-0.22252093395631434
2016-04-06 22:00:00,-3.5,6.566666666666666,22,2,4,-0.5000000000000004,0.8660254037844384,0.9749279121818236,-0.22252093395631434
2016-04-06 23:00:00,-2.8333333333333335,6.916666666666667,23,2,4,-0.25881904510252157,0.9659258262890681,0.9749279121818236,-0.22252093395631434
2016-04-07 00:00:00,-3.1666666666666665,8.25,0,3,4,0.0,1.0,0.43388373911755823,-0.900968867902419
2016-04-07 01:00:00,-3.3333333333333335,7.466666666666666,1,3,4,0.25881904510252074,0.9659258262890683,0.43388373911755823,-0.900968867902419
2016-04-07 02:00:00,-3.6666666666666665,7.116666666666667,2,3,4,0.49999999999999994,0.8660254037844387,0.43388373911755823,-0.900968867902419
2016-04-07 03:00:00,-2.8333333333333335,6.349999999999999,3,3,4,0.7071067811865475,0.7071067811865476,0.43388373911755823,-0.900968867902419
2016-04-07 04:00:00,-2.8333333333333335,4.416666666666667,4,3,4,0.8660254037844386,0.5000000000000001,0.43388373911755823,-0.900968867902419
2016-04-07 05:00:00,-2.0,5.116666666666667,5,3,4,0.9659258262890683,0.25881904510252074,0.43388373911755823,-0.900968867902419
2016-04-07 06:00:00,-2.1666666666666665,4.583333333333333,6,3,4,1.0,6.123233995736766e-17,0.43388373911755823,-0.900968867902419
2016-04-07 07:00:00,-2.1666666666666665,4.833333333333333,7,3,4,0.9659258262890683,-0.25881904510252063,0.43388373911755823,-0.900968867902419
2016-04-07 08:00:00,475.6666666666667,5.466666666666668,8,3,4,0.8660254037844387,-0.49999999999999983,0.43388373911755823,-0.900968867902419
2016-04-07 09:00:00,409.5,5.5,9,3,4,0.7071067811865476,-0.7071067811865475,0.43388373911755823,-0.900968867902419
2016-04-07 10:00:00,93.5,5.15,10,3,4,0.49999999999999994,-0.8660254037844387,0.43388373911755823,-0.900968867902419
2016-04-07 11:00:00,318.0,5.0,11,3,4,0.258819045102521,-0.9659258262890682,0.43388373911755823,-0.900968867902419
2016-04-07 12:00:00,1570.1666666666667,8.4,12,3,4,1.2246467991473532e-16,-1.0,0.43388373911755823,-0.900968867902419
2016-04-07 13:00:00,177.16666666666666,5.666666666666667,13,3,4,-0.2588190451025208,-0.9659258262890683,0.43388373911755823,-0.900968867902419
2016-04-07 14:00:00,-5.0,4.766666666666667,14,3,4,-0.4999999999999998,-0.8660254037844388,0.43388373911755823,-0.900968867902419
2016-04-07 15:00:00,397.5,6.166666666666667,15,3,4,-0.7071067811865471,-0.7071067811865479,0.43388373911755823,-0.900968867902419
2016-04-07 16:00:00,-2.0,5.516666666666666,16,3,4,-0.8660254037844384,-0.5000000000000004,0.43388373911755823,-0.900968867902419
2016-04-07 17:00:00,-2.3333333333333335,3.9,17,3,4,-0.9659258262890683,-0.25881904510252063,0.43388373911755823,-0.900968867902419
2016-04-07 18:00:00,-3.1666666666666665,3.6333333333333333,18,3,4,-1.0,-1.8369701987210297e-16,0.43388373911755823,-0.900968867902419
2016-04-07 19:00:00,-3.0,4.05,19,3,4,-0.9659258262890684,0.2588190451025203,0.43388373911755823,-0.900968867902419
2016-04-07 20:00:00,-4.0,4.6499999999999995,20,3,4,-0.8660254037844386,0.5000000000000001,0.43388373911755823,-0.900968867902419
2016-04-07 21:00:00,-3.6666666666666665,3.5833333333333335,21,3,4,-0.7071067811865477,0.7071067811865474,0.43388373911755823,-0.900968867902419
2016-04-07 22:00:00,-3.6666666666666665,4.533333333333334,22,3,4,-0.5000000000000004,0.8660254037844384,0.43388373911755823,-0.900968867902419
2016-04-07 23:00:00,-3.1666666666666665,5.983333333333334,23,3,4,-0.25881904510252157,0.9659258262890681,0.43388373911755823,-0.900968867902419
2016-04-08 00:00:00,-3.0,7.083333333333333,0,4,4,0.0,1.0,-0.433883739117558,-0.9009688679024191
2016-04-08 01:00:00,-2.8333333333333335,4.266666666666667,1,4,4,0.25881904510252074,0.9659258262890683,-0.433883739117558,-0.9009688679024191
2016-04-08 02:00:00,-2.6666666666666665,2.85,2,4,4,0.49999999999999994,0.8660254037844387,-0.433883739117558,-0.9009688679024191
2016-04-08 03:00:00,-2.3333333333333335,2.75,3,4,4,0.7071067811865475,0.7071067811865476,-0.433883739117558,-0.9009688679024191
2016-04-08 04:00:00,-2.6666666666666665,2.6,4,4,4,0.8660254037844386,0.5000000000000001,-0.433883739117558,-0.9009688679024191
2016-04-08 05:00:00,-2.0,1.6666666666666667,5,4,4,0.9659258262890683,0.25881904510252074,-0.433883739117558,-0.9009688679024191
2016-04-08 06:00:00,-1.0,1.6499999999999997,6,4,4,1.0,6.123233995736766e-17,-0.433883739117558,-0.9009688679024191
2016-04-08 07:00:00,-2.0,1.8999999999999997,7,4,4,0.9659258262890683,-0.25881904510252063,-0.433883739117558,-0.9009688679024191
2016-04-08 08:00:00,-2.6666666666666665,1.9333333333333336,8,4,4,0.8660254037844387,-0.49999999999999983,-0.433883739117558,-0.9009688679024191
2016-04-08 09:00:00,-8.833333333333334,1.5833333333333333,9,4,4,0.7071067811865476,-0.7071067811865475,-0.433883739117558,-0.9009688679024191
2016-04-08 10:00:00,-8.333333333333334,1.0166666666666668,10,4,4,0.49999999999999994,-0.8660254037844387,-0.433883739117558,-0.9009688679024191
2016-04-08 11:00:00,-8.0,1.3499999999999999,11,4,4,0.258819045102521,-0.9659258262890682,-0.433883739117558,-0.9009688679024191
2016-04-08 12:00:00,-5.166666666666667,1.6666666666666667,12,4,4,1.2246467991473532e-16,-1.0,-0.433883739117558,-0.9009688679024191
2016-04-08 13:00:00,-4.0,1.2,13,4,4,-0.2588190451025208,-0.9659258262890683,-0.433883739117558,-0.9009688679024191
2016-04-08 14:00:00,-3.1666666666666665,1.366666666666667,14,4,4,-0.4999999999999998,-0.8660254037844388,-0.433883739117558,-0.9009688679024191
2016-04-08 15:00:00,-3.1666666666666665,1.6666666666666667,15,4,4,-0.7071067811865471,-0.7071067811865479,-0.433883739117558,-0.9009688679024191
2016-04-08 16:00:00,-2.3333333333333335,1.4000000000000001,16,4,4,-0.8660254037844384,-0.5000000000000004,-0.433883739117558,-0.9009688679024191
2016-04-08 17:00:00,-2.5,1.6666666666666667,17,4,4,-0.9659258262890683,-0.25881904510252063,-0.433883739117558,-0.9009688679024191
2016-04-08 18:00:00,-3.1666666666666665,1.6666666666666667,18,4,4,-1.0,-1.8369701987210297e-16,-0.433883739117558,-0.9009688679024191
2016-04-08 19:00:00,-1.3333333333333333,1.9000000000000001,19,4,4,-0.9659258262890684,0.2588190451025203,-0.433883739117558,-0.9009688679024191
2016-04-08 20:00:00,49.0,3.15,20,4,4,-0.8660254037844386,0.5000000000000001,-0.433883739117558,-0.9009688679024191
2016-04-08 21:00:00,191.83333333333334,4.133333333333333,21,4,4,-0.7071067811865477,0.7071067811865474,-0.433883739117558,-0.9009688679024191
2016-04-08 22:00:00,466.5,5.3,22,4,4,-0.5000000000000004,0.8660254037844384,-0.433883739117558,-0.9009688679024191
2016-04-08 23:00:00,519.8333333333334,5.466666666666666,23,4,4,-0.25881904510252157,0.9659258262890681,-0.433883739117558,-0.9009688679024191
2016-04-09 00:00:00,870.0,6.5,0,5,4,0.0,1.0,-0.9749279121818236,-0.2225209339563146
2016-04-09 01:00:00,503.6666666666667,5.233333333333333,1,5,4,0.25881904510252074,0.9659258262890683,-0.9749279121818236,-0.2225209339563146
2016-04-09 02:00:00,448.5,5.133333333333334,2,5,4,0.49999999999999994,0.8660254037844387,-0.9749279121818236,-0.2225209339563146
2016-04-09 03:00:00,501.6666666666667,5.566666666666666,3,5,4,0.7071067811865475,0.7071067811865476,-0.9749279121818236,-0.2225209339563146
2016-04-09 04:00:00,422.0,5.366666666666666,4,5,4,0.8660254037844386,0.5000000000000001,-0.9749279121818236,-0.2225209339563146
2016-04-09 05:00:00,392.3333333333333,5.483333333333333,5,5,4,0.9659258262890683,0.25881904510252074,-0.9749279121818236,-0.2225209339563146
2016-04-09 06:00:00,354.0,5.1,6,5,4,1.0,6.123233995736766e-17,-0.9749279121818236,-0.2225209339563146
2016-04-09 07:00:00,322.5,4.8,7,5,4,0.9659258262890683,-0.25881904510252063,-0.9749279121818236,-0.2225209339563146
2016-04-09 08:00:00,348.5,4.966666666666667,8,5,4,0.8660254037844387,-0.49999999999999983,-0.9749279121818236,-0.2225209339563146
2016-04-09 09:00:00,269.5,4.616666666666666,9,5,4,0.7071067811865476,-0.7071067811865475,-0.9749279121818236,-0.2225209339563146
2016-04-09 10:00:00,53.833333333333336,3.1,10,5,4,0.49999999999999994,-0.8660254037844387,-0.9749279121818236,-0.2225209339563146
2016-04-09 11:00:00,51.166666666666664,3.1333333333333333,11,5,4,0.258819045102521,-0.9659258262890682,-0.9749279121818236,-0.2225209339563146
2016-04-09 12:00:00,19.333333333333332,2.8000000000000003,12,5,4,1.2246467991473532e-16,-1.0,-0.9749279121818236,-0.2225209339563146
2016-04-09 13:00:00,98.16666666666667,3.7999999999999994,13,5,4,-0.2588190451025208,-0.9659258262890683,-0.9749279121818236,-0.2225209339563146
2016-04-09 14:00:00,18.5,2.533333333333333,14,5,4,-0.4999999999999998,-0.8660254037844388,-0.9749279121818236,-0.2225209339563146
2016-04-09 15:00:00,10.833333333333334,1.8499999999999999,15,5,4,-0.7071067811865471,-0.7071067811865479,-0.9749279121818236,-0.2225209339563146
2016-04-09 16:00:00,76.83333333333333,3.466666666666667,16,5,4,-0.8660254037844384,-0.5000000000000004,-0.9749279121818236,-0.2225209339563146
2016-04-09 17:00:00,182.5,3.9666666666666663,17,5,4,-0.9659258262890683,-0.25881904510252063,-0.9749279121818236,-0.2225209339563146
2016-04-09 18:00:00,386.8333333333333,5.283333333333334,18,5,4,-1.0,-1.8369701987210297e-16,-0.9749279121818236,-0.2225209339563146
2016-04-09 19:00:00,660.6666666666666,6.066666666666667,19,5,4,-0.9659258262890684,0.2588190451025203,-0.9749279121818236,-0.2225209339563146
2016-04-09 20:00:00,571.3333333333334,5.650000000000001,20,5,4,-0.8660254037844386,0.5000000000000001,-0.9749279121818236,-0.2225209339563146
2016-04-09 21:00:00,431.5,5.216666666666668,21,5,4,-0.7071067811865477,0.7071067811865474,-0.9749279121818236,-0.2225209339563146
2016-04-09 22:00:00,267.8333333333333,4.583333333333333,22,5,4,-0.5000000000000004,0.8660254037844384,-0.9749279121818236,-0.2225209339563146
2016-04-09 23:00:00,234.5,4.616666666666666,23,5,4,-0.25881904510252157,0.9659258262890681,-0.9749279121818236,-0.2225209339563146
2016-04-10 00:00:00,317.6666666666667,4.8999999999999995,0,6,4,0.0,1.0,-0.7818314824680299,0.6234898018587334
2016-04-10 01:00:00,358.3333333333333,4.916666666666667,1,6,4,0.25881904510252074,0.9659258262890683,-0.7818314824680299,0.6234898018587334
2016-04-10 02:00:00,233.66666666666666,4.55,2,6,4,0.49999999999999994,0.8660254037844387,-0.7818314824680299,0.6234898018587334
2016-04-10 03:00:00,309.0,4.983333333333333,3,6,4,0.7071067811865475,0.7071067811865476,-0.7818314824680299,0.6234898018587334
2016-04-10 04:00:00,66.33333333333333,3.0,4,6,4,0.8660254037844386,0.5000000000000001,-0.7818314824680299,0.6234898018587334
2016-04-10 05:00:00,-3.3333333333333335,1.1166666666666667,5,6,4,0.9659258262890683,0.25881904510252074,-0.7818314824680299,0.6234898018587334
2016-04-10 06:00:00,-4.5,0.4000000000000001,6,6,4,1.0,6.123233995736766e-17,-0.7818314824680299,0.6234898018587334
2016-04-10 07:00:00,-1.5,0.8500000000000001,7,6,4,0.9659258262890683,-0.25881904510252063,-0.7818314824680299,0.6234898018587334
2016-04-10 08:00:00,-1.3333333333333333,0.6333333333333333,8,6,4,0.8660254037844387,-0.49999999999999983,-0.7818314824680299,0.6234898018587334
2016-04-10 09:00:00,-1.3333333333333333,0.7333333333333334,9,6,4,0.7071067811865476,-0.7071067811865475,-0.7818314824680299,0.6234898018587334
2016-04-10 10:00:00,3.6666666666666665,1.7333333333333332,10,6,4,0.49999999999999994,-0.8660254037844387,-0.7818314824680299,0.6234898018587334
2016-04-10 11:00:00,2.5,2.3333333333333335,11,6,4,0.258819045102521,-0.9659258262890682,-0.7818314824680299,0.6234898018587334
2016-04-10 12:00:00,-1.1666666666666667,2.033333333333333,12,6,4,1.2246467991473532e-16,-1.0,-0.7818314824680299,0.6234898018587334
2016-04-10 13:00:00,-3.0,1.7333333333333332,13,6,4,-0.2588190451025208,-0.9659258262890683,-0.7818314824680299,0.6234898018587334
2016-04-10 14:00:00,29.166666666666668,2.783333333333333,14,6,4,-0.4999999999999998,-0.8660254037844388,-0.7818314824680299,0.6234898018587334
2016-04-10 15:00:00,69.16666666666667,3.383333333333333,15,6,4,-0.7071067811865471,-0.7071067811865479,-0.7818314824680299,0.6234898018587334
2016-04-10 16:00:00,117.0,3.9499999999999997,16,6,4,-0.8660254037844384,-0.5000000000000004,-0.7818314824680299,0.6234898018587334
2016-04-10 17:00:00,65.33333333333333,3.3166666666666664,17,6,4,-0.9659258262890683,-0.25881904510252063,-0.7818314824680299,0.6234898018587334
2016-04-10 18:00:00,20.0,2.4166666666666665,18,6,4,-1.0,-1.8369701987210297e-16,-0.7818314824680299,0.6234898018587334
2016-04-10 19:00:00,305.3333333333333,4.633333333333334,19,6,4,-0.9659258262890684,0.2588190451025203,-0.7818314824680299,0.6234898018587334
2016-04-10 20:00:00,874.3333333333334,6.383333333333334,20,6,4,-0.8660254037844386,0.5000000000000001,-0.7818314824680299,0.6234898018587334
2016-04-10 21:00:00,2760.1666666666665,11.116666666666667,21,6,4,-0.7071067811865477,0.7071067811865474,-0.7818314824680299,0.6234898018587334
2016-04-10 22:00:00,2505.3333333333335,10.9,22,6,4,-0.5000000000000004,0.8660254037844384,-0.7818314824680299,0.6234898018587334
2016-04-10 23:00:00,2246.6666666666665,9.999999999999998,23,6,4,-0.25881904510252157,0.9659258262890681,-0.7818314824680299,0.6234898018587334
2016-04-11 00:00:00,1253.5,7.483333333333332,0,0,4,0.0,1.0,0.0,1.0
2016-04-11 01:00:00,651.0,5.766666666666667,1,0,4,0.25881904510252074,0.9659258262890683,0.0,1.0
2016-04-11 02:00:00,710.1666666666666,6.0,2,0,4,0.49999999999999994,0.8660254037844387,0.0,1.0
2016-04-11 03:00:00,827.0,6.283333333333334,3,0,4,0.7071067811865475,0.7071067811865476,0.0,1.0
2016-04-11 04:00:00,767.0,5.8500000000000005,4,0,4,0.8660254037844386,0.5000000000000001,0.0,1.0
2016-04-11 05:00:00,679.6666666666666,5.75,5,0,4,0.9659258262890683,0.25881904510252074,0.0,1.0
2016-04-11 06:00:00,1015.0,6.75,6,0,4,1.0,6.123233995736766e-17,0.0,1.0
2016-04-11 07:00:00,846.8333333333334,6.333333333333333,7,0,4,0.9659258262890683,-0.25881904510252063,0.0,1.0
2016-04-11 08:00:00,425.8333333333333,5.333333333333333,8,0,4,0.8660254037844387,-0.49999999999999983,0.0,1.0
2016-04-11 09:00:00,308.6666666666667,4.95,9,0,4,0.7071067811865476,-0.7071067811865475,0.0,1.0
2016-04-11 10:00:00,383.0,5.283333333333333,10,0,4,0.49999999999999994,-0.8660254037844387,0.0,1.0
2016-04-11 11:00:00,299.1666666666667,4.916666666666667,11,0,4,0.258819045102521,-0.9659258262890682,0.0,1.0
2016-04-11 12:00:00,290.8333333333333,4.933333333333333,12,0,4,1.2246467991473532e-16,-1.0,0.0,1.0
2016-04-11 13:00:00,402.8333333333333,5.316666666666667,13,0,4,-0.2588190451025208,-0.9659258262890683,0.0,1.0
2016-04-11 14:00:00,386.8333333333333,5.233333333333333,14,0,4,-0.4999999999999998,-0.8660254037844388,0.0,1.0
2016-04-11 15:00:00,405.4,5.1,15,0,4,-0.7071067811865471,-0.7071067811865479,0.0,1.0
2016-04-11 16:00:00,304.5,4.933333333333333,16,0,4,-0.8660254037844384,-0.5000000000000004,0.0,1.0
2016-04-11 17:00:00,311.0,5.033333333333334,17,0,4,-0.9659258262890683,-0.25881904510252063,0.0,1.0
2016-04-11 18:00:00,170.16666666666666,4.25,18,0,4,-1.0,-1.8369701987210297e-16,0.0,1.0
2016-04-11 19:00:00,135.16666666666666,3.8833333333333333,19,0,4,-0.9659258262890684,0.2588190451025203,0.0,1.0
2016-04-11 20:00:00,234.0,4.266666666666667,20,0,4,-0.8660254037844386,0.5000000000000001,0.0,1.0
2016-04-11 21:00:00,165.0,4.133333333333334,21,0,4,-0.7071067811865477,0.7071067811865474,0.0,1.0
2016-04-11 22:00:00,139.5,3.6666666666666665,22,0,4,-0.5000000000000004,0.8660254037844384,0.0,1.0
2016-04-11 23:00:00,102.83333333333333,3.4500000000000006,23,0,4,-0.25881904510252157,0.9659258262890681,0.0,1.0
2016-04-12 00:00:00,283.3333333333333,4.816666666666666,0,1,4,0.0,1.0,0.7818314824680298,0.6234898018587336
2016-04-12 01:00:00,93.33333333333333,3.3666666666666667,1,1,4,0.25881904510252074,0.9659258262890683,0.7818314824680298,0.6234898018587336
2016-04-12 02:00:00,51.166666666666664,2.966666666666667,2,1,4,0.49999999999999994,0.8660254037844387,0.7818314824680298,0.6234898018587336
2016-04-12 03:00:00,32.333333333333336,2.5,3,1,4,0.7071067811865475,0.7071067811865476,0.7818314824680298,0.6234898018587336
2016-04-12 04:00:00,29.666666666666668,2.4166666666666665,4,1,4,0.8660254037844386,0.5000000000000001,0.7818314824680298,0.6234898018587336
2016-04-12 05:00:00,1.5,1.8333333333333333,5,1,4,0.9659258262890683,0.25881904510252074,0.7818314824680298,0.6234898018587336
2016-04-12 06:00:00,-2.0,1.1333333333333335,6,1,4,1.0,6.123233995736766e-17,0.7818314824680298,0.6234898018587336
2016-04-12 07:00:00,-1.3333333333333333,1.383333333333333,7,1,4,0.9659258262890683,-0.25881904510252063,0.7818314824680298,0.6234898018587336
2016-04-12 08:00:00,45.833333333333336,2.6333333333333333,8,1,4,0.8660254037844387,-0.49999999999999983,0.7818314824680298,0.6234898018587336
2016-04-12 09:00:00,52.333333333333336,3.0,9,1,4,0.7071067811865476,-0.7071067811865475,0.7818314824680298,0.6234898018587336
2016-04-12 10:00:00,-2.5,0.9,10,1,4,0.49999999999999994,-0.8660254037844387,0.7818314824680298,0.6234898018587336
2016-04-12 11:00:00,-2.5,1.2833333333333332,11,1,4,0.258819045102521,-0.9659258262890682,0.7818314824680298,0.6234898018587336
2016-04-12 12:00:00,-9.333333333333334,1.2666666666666666,12,1,4,1.2246467991473532e-16,-1.0,0.7818314824680298,0.6234898018587336
2016-04-12 13:00:00,-9.166666666666666,1.55,13,1,4,-0.2588190451025208,-0.9659258262890683,0.7818314824680298,0.6234898018587336
2016-04-12 14:00:00,-9.166666666666666,1.3666666666666665,14,1,4,-0.4999999999999998,-0.8660254037844388,0.7818314824680298,0.6234898018587336
2016-04-12 15:00:00,-4.333333333333333,1.7333333333333332,15,1,4,-0.7071067811865471,-0.7071067811865479,0.7818314824680298,0.6234898018587336
2016-04-12 16:00:00,0.5,2.0,16,1,4,-0.8660254037844384,-0.5000000000000004,0.7818314824680298,0.6234898018587336
2016-04-12 17:00:00,27.666666666666668,2.6999999999999997,17,1,4,-0.9659258262890683,-0.25881904510252063,0.7818314824680298,0.6234898018587336
2016-04-12 18:00:00,7.833333333333333,2.3666666666666667,18,1,4,-1.0,-1.8369701987210297e-16,0.7818314824680298,0.6234898018587336
2016-04-12 19:00:00,4.666666666666667,2.1333333333333333,19,1,4,-0.9659258262890684,0.2588190451025203,0.7818314824680298,0.6234898018587336
2016-04-12 20:00:00,45.333333333333336,2.6333333333333333,20,1,4,-0.8660254037844386,0.5000000000000001,0.7818314824680298,0.6234898018587336
2016-04-12 21:00:00,432.1666666666667,6.083333333333335,21,1,4,-0.7071067811865477,0.7071067811865474,0.7818314824680298,0.6234898018587336
2016-04-12 22:00:00,125.83333333333333,3.4500000000000006,22,1,4,-0.5000000000000004,0.8660254037844384,0.7818314824680298,0.6234898018587336
2016-04-12 23:00:00,322.0,4.75,23,1,4,-0.25881904510252157,0.9659258262890681,0.7818314824680298,0.6234898018587336
2016-04-13 00:00:00,425.8333333333333,4.933333333333334,0,2,4,0.0,1.0,0.9749279121818236,-0.22252093395631434
2016-04-13 01:00:00,1717.1666666666667,8.283333333333333,1,2,4,0.25881904510252074,0.9659258262890683,0.9749279121818236,-0.22252093395631434
2016-04-13 02:00:00,641.0,5.7,2,2,4,0.49999999999999994,0.8660254037844387,0.9749279121818236,-0.22252093395631434
2016-04-13 03:00:00,383.5,5.166666666666667,3,2,4,0.7071067811865475,0.7071067811865476,0.9749279121818236,-0.22252093395631434
2016-04-13 04:00:00,430.8333333333333,5.066666666666666,4,2,4,0.8660254037844386,0.5000000000000001,0.9749279121818236,-0.22252093395631434
2016-04-13 05:00:00,115.33333333333333,3.6666666666666665,5,2,4,0.9659258262890683,0.25881904510252074,0.9749279121818236,-0.22252093395631434
2016-04-13 06:00:00,102.16666666666667,3.633333333333333,6,2,4,1.0,6.123233995736766e-17,0.9749279121818236,-0.22252093395631434
2016-04-13 07:00:00,78.66666666666667,3.466666666666667,7,2,4,0.9659258262890683,-0.25881904510252063,0.9749279121818236,-0.22252093395631434
2016-04-13 08:00:00,158.16666666666666,4.016666666666667,8,2,4,0.8660254037844387,-0.49999999999999983,0.9749279121818236,-0.22252093395631434
2016-04-13 09:00:00,22.166666666666668,2.1333333333333337,9,2,4,0.7071067811865476,-0.7071067811865475,0.9749279121818236,-0.22252093395631434
2016-04-13 10:00:00,-2.6666666666666665,1.2500000000000002,10,2,4,0.49999999999999994,-0.8660254037844387,0.9749279121818236,-0.22252093395631434
2016-04-13 11:00:00,3.0,2.0333333333333337,11,2,4,0.258819045102521,-0.9659258262890682,0.9749279121818236,-0.22252093395631434
2016-04-13 12:00:00,0.3333333333333333,2.1166666666666667,12,2,4,1.2246467991473532e-16,-1.0,0.9749279121818236,-0.22252093395631434
2016-04-13 13:00:00,2.0,2.15,13,2,4,-0.2588190451025208,-0.9659258262890683,0.9749279121818236,-0.22252093395631434
2016-04-13 14:00:00,50.833333333333336,2.483333333333333,14,2,4,-0.4999999999999998,-0.8660254037844388,0.9749279121818236,-0.22252093395631434
2016-04-13 15:00:00,223.66666666666666,4.566666666666667,15,2,4,-0.7071067811865471,-0.7071067811865479,0.9749279121818236,-0.22252093395631434
2016-04-13 16:00:00,173.0,4.216666666666667,16,2,4,-0.8660254037844384,-0.5000000000000004,0.9749279121818236,-0.22252093395631434
2016-04-13 17:00:00,161.0,3.9166666666666665,17,2,4,-0.9659258262890683,-0.25881904510252063,0.9749279121818236,-0.22252093395631434
2016-04-13 18:00:00,45.5,2.766666666666666,18,2,4,-1.0,-1.8369701987210297e-16,0.9749279121818236,-0.22252093395631434
2016-04-13 19:00:00,-0.5,1.1500000000000001,19,2,4,-0.9659258262890684,0.2588190451025203,0.9749279121818236,-0.22252093395631434
2016-04-13 20:00:00,290.6666666666667,4.45,20,2,4,-0.8660254037844386,0.5000000000000001,0.9749279121818236,-0.22252093395631434
2016-04-13 21:00:00,230.33333333333334,4.633333333333334,21,2,4,-0.7071067811865477,0.7071067811865474,0.9749279121818236,-0.22252093395631434
2016-04-13 22:00:00,511.5,5.133333333333333,22,2,4,-0.5000000000000004,0.8660254037844384,0.9749279121818236,-0.22252093395631434
2016-04-13 23:00:00,608.1666666666666,5.666666666666667,23,2,4,-0.25881904510252157,0.9659258262890681,0.9749279121818236,-0.22252093395631434
2016-04-14 00:00:00,436.6666666666667,5.133333333333333,0,3,4,0.0,1.0,0.43388373911755823,-0.900968867902419
2016-04-14 01:00:00,395.8333333333333,5.05,1,3,4,0.25881904510252074,0.9659258262890683,0.43388373911755823,-0.900968867902419
2016-04-14 02:00:00,331.5,4.666666666666666,2,3,4,0.49999999999999994,0.8660254037844387,0.43388373911755823,-0.900968867902419
2016-04-14 03:00:00,541.3333333333334,5.433333333333334,3,3,4,0.7071067811865475,0.7071067811865476,0.43388373911755823,-0.900968867902419
2016-04-14 04:00:00,586.3333333333334,5.533333333333334,4,3,4,0.8660254037844386,0.5000000000000001,0.43388373911755823,-0.900968867902419
2016-04-14 05:00:00,655.0,5.783333333333334,5,3,4,0.9659258262890683,0.25881904510252074,0.43388373911755823,-0.900968867902419
2016-04-14 06:00:00,808.8333333333334,6.05,6,3,4,1.0,6.123233995736766e-17,0.43388373911755823,-0.900968867902419
2016-04-14 07:00:00,541.8333333333334,5.5,7,3,4,0.9659258262890683,-0.25881904510252063,0.43388373911755823,-0.900968867902419
2016-04-14 08:00:00,424.0,5.266666666666667,8,3,4,0.8660254037844387,-0.49999999999999983,0.43388373911755823,-0.900968867902419
2016-04-14 09:00:00,272.0,4.75,9,3,4,0.7071067811865476,-0.7071067811865475,0.43388373911755823,-0.900968867902419
2016-04-14 10:00:00,226.66666666666666,4.4,10,3,4,0.49999999999999994,-0.8660254037844387,0.43388373911755823,-0.900968867902419
2016-04-14 11:00:00,125.66666666666667,3.8499999999999996,11,3,4,0.258819045102521,-0.9659258262890682,0.43388373911755823,-0.900968867902419
2016-04-14 12:00:00,237.83333333333334,4.550000000000001,12,3,4,1.2246467991473532e-16,-1.0,0.43388373911755823,-0.900968867902419
2016-04-14 13:00:00,179.0,4.133333333333333,13,3,4,-0.2588190451025208,-0.9659258262890683,0.43388373911755823,-0.900968867902419
2016-04-14 14:00:00,193.5,4.283333333333334,14,3,4,-0.4999999999999998,-0.8660254037844388,0.43388373911755823,-0.900968867902419
2016-04-14 15:00:00,169.0,3.9166666666666665,15,3,4,-0.7071067811865471,-0.7071067811865479,0.43388373911755823,-0.900968867902419
2016-04-14 16:00:00,200.0,4.333333333333333,16,3,4,-0.8660254037844384,-0.5000000000000004,0.43388373911755823,-0.900968867902419
2016-04-14 17:00:00,72.66666666666667,3.1833333333333336,17,3,4,-0.9659258262890683,-0.25881904510252063,0.43388373911755823,-0.900968867902419
2016-04-14 18:00:00,34.5,2.683333333333333,18,3,4,-1.0,-1.8369701987210297e-16,0.43388373911755823,-0.900968867902419
2016-04-14 19:00:00,4.833333333333333,2.033333333333333,19,3,4,-0.9659258262890684,0.2588190451025203,0.43388373911755823,-0.900968867902419
2016-04-14 20:00:00,2.1666666666666665,1.3833333333333335,20,3,4,-0.8660254037844386,0.5000000000000001,0.43388373911755823,-0.900968867902419
2016-04-14 21:00:00,96.0,3.216666666666667,21,3,4,-0.7071067811865477,0.7071067811865474,0.43388373911755823,-0.900968867902419
2016-04-14 22:00:00,451.5,5.033333333333333,22,3,4,-0.5000000000000004,0.8660254037844384,0.43388373911755823,-0.900968867902419
2016-04-14 23:00:00,590.1666666666666,5.3500000000000005,23,3,4,-0.25881904510252157,0.9659258262890681,0.43388373911755823,-0.900968867902419
2016-04-15 00:00:00,281.0,4.6499999999999995,0,4,4,0.0,1.0,-0.433883739117558,-0.9009688679024191
2016-04-15 01:00:00,403.3333333333333,4.9,1,4,4,0.25881904510252074,0.9659258262890683,-0.433883739117558,-0.9009688679024191
2016-04-15 02:00:00,314.3333333333333,4.533333333333333,2,4,4,0.49999999999999994,0.8660254037844387,-0.433883739117558,-0.9009688679024191
2016-04-15 03:00:00,217.5,4.416666666666667,3,4,4,0.7071067811865475,0.7071067811865476,-0.433883739117558,-0.9009688679024191
2016-04-15 04:00:00,643.1666666666666,5.833333333333333,4,4,4,0.8660254037844386,0.5000000000000001,-0.433883739117558,-0.9009688679024191
2016-04-15 05:00:00,935.5,6.383333333333333,5,4,4,0.9659258262890683,0.25881904510252074,-0.433883739117558,-0.9009688679024191
2016-04-15 06:00:00,592.6666666666666,5.633333333333334,6,4,4,1.0,6.123233995736766e-17,-0.433883739117558,-0.9009688679024191
2016-04-15 07:00:00,350.3333333333333,5.133333333333334,7,4,4,0.9659258262890683,-0.25881904510252063,-0.433883739117558,-0.9009688679024191
2016-04-15 08:00:00,605.0,5.883333333333334,8,4,4,0.8660254037844387,-0.49999999999999983,-0.433883739117558,-0.9009688679024191
2016-04-15 09:00:00,1297.5,7.3,9,4,4,0.7071067811865476,-0.7071067811865475,-0.433883739117558,-0.9009688679024191
2016-04-15 10:00:00,1015.3333333333334,6.866666666666667,10,4,4,0.49999999999999994,-0.8660254037844387,-0.433883739117558,-0.9009688679024191
2016-04-15 11:00:00,1384.1666666666667,7.766666666666667,11,4,4,0.258819045102521,-0.9659258262890682,-0.433883739117558,-0.9009688679024191
2016-04-15 12:00:00,2094.6666666666665,9.933333333333332,12,4,4,1.2246467991473532e-16,-1.0,-0.433883739117558,-0.9009688679024191
2016-04-15 13:00:00,1989.6666666666667,9.316666666666668,13,4,4,-0.2588190451025208,-0.9659258262890683,-0.433883739117558,-0.9009688679024191
2016-04-15 14:00:00,2166.3333333333335,9.866666666666667,14,4,4,-0.4999999999999998,-0.8660254037844388,-0.433883739117558,-0.9009688679024191
2016-04-15 15:00:00,2574.1666666666665,11.133333333333335,15,4,4,-0.7071067811865471,-0.7071067811865479,-0.433883739117558,-0.9009688679024191
2016-04-15 16:00:00,1999.1666666666667,9.85,16,4,4,-0.8660254037844384,-0.5000000000000004,-0.433883739117558,-0.9009688679024191
2016-04-15 17:00:00,2372.1666666666665,11.25,17,4,4,-0.9659258262890683,-0.25881904510252063,-0.433883739117558,-0.9009688679024191
2016-04-15 18:00:00,2175.6666666666665,9.950000000000001,18,4,4,-1.0,-1.8369701987210297e-16,-0.433883739117558,-0.9009688679024191
2016-04-15 19:00:00,1774.3333333333333,8.633333333333333,19,4,4,-0.9659258262890684,0.2588190451025203,-0.433883739117558,-0.9009688679024191
2016-04-15 20:00:00,2150.1666666666665,9.700000000000001,20,4,4,-0.8660254037844386,0.5000000000000001,-0.433883739117558,-0.9009688679024191
2016-04-15 21:00:00,1352.8333333333333,7.583333333333333,21,4,4,-0.7071067811865477,0.7071067811865474,-0.433883739117558,-0.9009688679024191
2016-04-15 22:00:00,816.6666666666666,6.233333333333333,22,4,4,-0.5000000000000004,0.8660254037844384,-0.433883739117558,-0.9009688679024191
2016-04-15 23:00:00,1939.1666666666667,8.799999999999999,23,4,4,-0.25881904510252157,0.9659258262890681,-0.433883739117558,-0.9009688679024191
2016-04-16 00:00:00,2385.5,10.850000000000001,0,5,4,0.0,1.0,-0.9749279121818236,-0.2225209339563146
2016-04-16 01:00:00,1145.6666666666667,7.1499999999999995,1,5,4,0.25881904510252074,0.9659258262890683,-0.9749279121818236,-0.2225209339563146
2016-04-16 02:00:00,2038.0,8.85,2,5,4,0.49999999999999994,0.8660254037844387,-0.9749279121818236,-0.2225209339563146
2016-04-16 03:00:00,2380.0,10.133333333333335,3,5,4,0.7071067811865475,0.7071067811865476,-0.9749279121818236,-0.2225209339563146
2016-04-16 04:00:00,2256.3333333333335,10.283333333333333,4,5,4,0.8660254037844386,0.5000000000000001,-0.9749279121818236,-0.2225209339563146
2016-04-16 05:00:00,1351.1666666666667,7.366666666666667,5,5,4,0.9659258262890683,0.25881904510252074,-0.9749279121818236,-0.2225209339563146
2016-04-16 06:00:00,1363.1666666666667,7.5,6,5,4,1.0,6.123233995736766e-17,-0.9749279121818236,-0.2225209339563146
2016-04-16 07:00:00,745.6666666666666,6.133333333333333,7,5,4,0.9659258262890683,-0.25881904510252063,-0.9749279121818236,-0.2225209339563146
2016-04-16 08:00:00,362.6666666666667,5.0,8,5,4,0.8660254037844387,-0.49999999999999983,-0.9749279121818236,-0.2225209339563146
2016-04-16 09:00:00,457.5,5.416666666666667,9,5,4,0.7071067811865476,-0.7071067811865475,-0.9749279121818236,-0.2225209339563146
2016-04-16 10:00:00,373.0,5.066666666666667,10,5,4,0.49999999999999994,-0.8660254037844387,-0.9749279121818236,-0.2225209339563146
2016-04-16 11:00:00,983.1666666666666,6.650000000000001,11,5,4,0.258819045102521,-0.9659258262890682,-0.9749279121818236,-0.2225209339563146
2016-04-16 12:00:00,662.1666666666666,5.966666666666666,12,5,4,1.2246467991473532e-16,-1.0,-0.9749279121818236,-0.2225209339563146
2016-04-16 13:00:00,435.1666666666667,5.483333333333333,13,5,4,-0.2588190451025208,-0.9659258262890683,-0.9749279121818236,-0.2225209339563146
2016-04-16 14:00:00,471.6666666666667,5.583333333333333,14,5,4,-0.4999999999999998,-0.8660254037844388,-0.9749279121818236,-0.2225209339563146
2016-04-16 15:00:00,864.3333333333334,6.616666666666667,15,5,4,-0.7071067811865471,-0.7071067811865479,-0.9749279121818236,-0.2225209339563146
2016-04-16 16:00:00,1828.3333333333333,8.916666666666668,16,5,4,-0.8660254037844384,-0.5000000000000004,-0.9749279121818236,-0.2225209339563146
2016-04-16 17:00:00,2052.0,9.55,17,5,4,-0.9659258262890683,-0.25881904510252063,-0.9749279121818236,-0.2225209339563146
2016-04-16 18:00:00,2371.1666666666665,10.75,18,5,4,-1.0,-1.8369701987210297e-16,-0.9749279121818236,-0.2225209339563146
2016-04-16 19:00:00,1775.5,8.683333333333335,19,5,4,-0.9659258262890684,0.2588190451025203,-0.9749279121818236,-0.2225209339563146
2016-04-16 20:00:00,1240.1666666666667,7.333333333333333,20,5,4,-0.8660254037844386,0.5000000000000001,-0.9749279121818236,-0.2225209339563146
2016-04-16 21:00:00,1370.3333333333333,7.95,21,5,4,-0.7071067811865477,0.7071067811865474,-0.9749279121818236,-0.2225209339563146
2016-04-16 22:00:00,715.1666666666666,6.050000000000001,22,5,4,-0.5000000000000004,0.8660254037844384,-0.9749279121818236,-0.2225209339563146
2016-04-16 23:00:00,1276.8333333333333,7.366666666666667,23,5,4,-0.25881904510252157,0.9659258262890681,-0.9749279121818236,-0.2225209339563146
2016-04-17 00:00:00,907.8333333333334,6.466666666666666,0,6,4,0.0,1.0,-0.7818314824680299,0.6234898018587334
2016-04-17 01:00:00,302.0,4.666666666666667,1,6,4,0.25881904510252074,0.9659258262890683,-0.7818314824680299,0.6234898018587334
2016-04-17 02:00:00,559.1666666666666,5.633333333333333,2,6,4,0.49999999999999994,0.8660254037844387,-0.7818314824680299,0.6234898018587334
2016-04-17 03:00:00,400.3333333333333,5.216666666666667,3,6,4,0.7071067811865475,0.7071067811865476,-0.7818314824680299,0.6234898018587334
2016-04-17 04:00:00,1086.0,7.050000000000001,4,6,4,0.8660254037844386,0.5000000000000001,-0.7818314824680299,0.6234898018587334
2016-04-17 05:00:00,942.1666666666666,6.633333333333334,5,6,4,0.9659258262890683,0.25881904510252074,-0.7818314824680299,0.6234898018587334
2016-04-17 06:00:00,278.3333333333333,4.366666666666667,6,6,4,1.0,6.123233995736766e-17,-0.7818314824680299,0.6234898018587334
2016-04-17 07:00:00,162.66666666666666,3.983333333333333,7,6,4,0.9659258262890683,-0.25881904510252063,-0.7818314824680299,0.6234898018587334
2016-04-17 08:00:00,170.33333333333334,4.1499999999999995,8,6,4,0.8660254037844387,-0.49999999999999983,-0.7818314824680299,0.6234898018587334
2016-04-17 09:00:00,128.0,4.016666666666667,9,6,4,0.7071067811865476,-0.7071067811865475,-0.7818314824680299,0.6234898018587334
2016-04-17 10:00:00,205.0,4.533333333333334,10,6,4,0.49999999999999994,-0.8660254037844387,-0.7818314824680299,0.6234898018587334
2016-04-17 11:00:00,57.333333333333336,3.216666666666667,11,6,4,0.258819045102521,-0.9659258262890682,-0.7818314824680299,0.6234898018587334
2016-04-17 12:00:00,178.16666666666666,4.216666666666667,12,6,4,1.2246467991473532e-16,-1.0,-0.7818314824680299,0.6234898018587334
2016-04-17 13:00:00,633.8333333333334,5.766666666666667,13,6,4,-0.2588190451025208,-0.9659258262890683,-0.7818314824680299,0.6234898018587334
2016-04-17 14:00:00,495.5,5.466666666666668,14,6,4,-0.4999999999999998,-0.8660254037844388,-0.7818314824680299,0.6234898018587334
2016-04-17 15:00:00,259.1666666666667,4.483333333333333,15,6,4,-0.7071067811865471,-0.7071067811865479,-0.7818314824680299,0.6234898018587334
2016-04-17 16:00:00,170.0,4.2,16,6,4,-0.8660254037844384,-0.5000000000000004,-0.7818314824680299,0.6234898018587334
2016-04-17 17:00:00,342.6666666666667,5.0666666666666655,17,6,4,-0.9659258262890683,-0.25881904510252063,-0.7818314824680299,0.6234898018587334
2016-04-17 18:00:00,131.0,3.9833333333333325,18,6,4,-1.0,-1.8369701987210297e-16,-0.7818314824680299,0.6234898018587334
2016-04-17 19:00:00,53.0,3.0,19,6,4,-0.9659258262890684,0.2588190451025203,-0.7818314824680299,0.6234898018587334
2016-04-17 20:00:00,99.5,3.3666666666666667,20,6,4,-0.8660254037844386,0.5000000000000001,-0.7818314824680299,0.6234898018587334
2016-04-17 21:00:00,174.5,4.216666666666666,21,6,4,-0.7071067811865477,0.7071067811865474,-0.7818314824680299,0.6234898018587334
2016-04-17 22:00:00,65.5,3.0,22,6,4,-0.5000000000000004,0.8660254037844384,-0.7818314824680299,0.6234898018587334
2016-04-17 23:00:00,48.833333333333336,3.0,23,6,4,-0.25881904510252157,0.9659258262890681,-0.7818314824680299,0.6234898018587334
2016-04-18 00:00:00,84.16666666666667,3.433333333333333,0,0,4,0.0,1.0,0.0,1.0
2016-04-18 01:00:00,75.16666666666667,3.366666666666666,1,0,4,0.25881904510252074,0.9659258262890683,0.0,1.0
2016-04-18 02:00:00,79.5,3.283333333333333,2,0,4,0.49999999999999994,0.8660254037844387,0.0,1.0
2016-04-18 03:00:00,59.5,3.0833333333333335,3,0,4,0.7071067811865475,0.7071067811865476,0.0,1.0
2016-04-18 04:00:00,76.0,3.2833333333333337,4,0,4,0.8660254037844386,0.5000000000000001,0.0,1.0
2016-04-18 05:00:00,221.0,4.3500000000000005,5,0,4,0.9659258262890683,0.25881904510252074,0.0,1.0
2016-04-18 06:00:00,277.5,4.766666666666667,6,0,4,1.0,6.123233995736766e-17,0.0,1.0
2016-04-18 07:00:00,102.33333333333333,3.5,7,0,4,0.9659258262890683,-0.25881904510252063,0.0,1.0
2016-04-18 08:00:00,41.0,2.85,8,0,4,0.8660254037844387,-0.49999999999999983,0.0,1.0
2016-04-18 09:00:00,1.5,1.9833333333333334,9,0,4,0.7071067811865476,-0.7071067811865475,0.0,1.0
2016-04-18 10:00:00,-3.1666666666666665,1.5833333333333333,10,0,4,0.49999999999999994,-0.8660254037844387,0.0,1.0
2016-04-18 11:00:00,10.166666666666666,2.45,11,0,4,0.258819045102521,-0.9659258262890682,0.0,1.0
2016-04-18 12:00:00,18.166666666666668,2.6333333333333333,12,0,4,1.2246467991473532e-16,-1.0,0.0,1.0
2016-04-18 13:00:00,76.16666666666667,3.383333333333333,13,0,4,-0.2588190451025208,-0.9659258262890683,0.0,1.0
2016-04-18 14:00:00,75.33333333333333,3.416666666666666,14,0,4,-0.4999999999999998,-0.8660254037844388,0.0,1.0
2016-04-18 15:00:00,21.5,2.65,15,0,4,-0.7071067811865471,-0.7071067811865479,0.0,1.0
2016-04-18 16:00:00,70.16666666666667,3.1666666666666665,16,0,4,-0.8660254037844384,-0.5000000000000004,0.0,1.0
2016-04-18 17:00:00,80.83333333333333,3.383333333333333,17,0,4,-0.9659258262890683,-0.25881904510252063,0.0,1.0
2016-04-18 18:00:00,753.1666666666666,6.033333333333334,18,0,4,-1.0,-1.8369701987210297e-16,0.0,1.0
2016-04-18 19:00:00,815.3333333333334,6.233333333333333,19,0,4,-0.9659258262890684,0.2588190451025203,0.0,1.0
2016-04-18 20:00:00,436.0,5.316666666666666,20,0,4,-0.8660254037844386,0.5000000000000001,0.0,1.0
2016-04-18 21:00:00,789.6666666666666,6.1499999999999995,21,0,4,-0.7071067811865477,0.7071067811865474,0.0,1.0
2016-04-18 22:00:00,437.6666666666667,5.233333333333333,22,0,4,-0.5000000000000004,0.8660254037844384,0.0,1.0
2016-04-18 23:00:00,620.8333333333334,5.816666666666667,23,0,4,-0.25881904510252157,0.9659258262890681,0.0,1.0
2016-04-19 00:00:00,595.6666666666666,5.500000000000001,0,1,4,0.0,1.0,0.7818314824680298,0.6234898018587336
2016-04-19 01:00:00,666.0,5.483333333333333,1,1,4,0.25881904510252074,0.9659258262890683,0.7818314824680298,0.6234898018587336
2016-04-19 02:00:00,479.1666666666667,5.166666666666667,2,1,4,0.49999999999999994,0.8660254037844387,0.7818314824680298,0.6234898018587336
2016-04-19 03:00:00,332.6666666666667,4.916666666666667,3,1,4,0.7071067811865475,0.7071067811865476,0.7818314824680298,0.6234898018587336
2016-04-19 04:00:00,501.6666666666667,5.6000000000000005,4,1,4,0.8660254037844386,0.5000000000000001,0.7818314824680298,0.6234898018587336
2016-04-19 05:00:00,838.1666666666666,5.983333333333334,5,1,4,0.9659258262890683,0.25881904510252074,0.7818314824680298,0.6234898018587336
2016-04-19 06:00:00,862.8333333333334,6.2,6,1,4,1.0,6.123233995736766e-17,0.7818314824680298,0.6234898018587336
2016-04-19 07:00:00,722.3333333333334,5.816666666666666,7,1,4,0.9659258262890683,-0.25881904510252063,0.7818314824680298,0.6234898018587336
2016-04-19 08:00:00,565.1666666666666,5.383333333333333,8,1,4,0.8660254037844387,-0.49999999999999983,0.7818314824680298,0.6234898018587336
2016-04-19 09:00:00,430.8333333333333,5.366666666666667,9,1,4,0.7071067811865476,-0.7071067811865475,0.7818314824680298,0.6234898018587336
2016-04-19 10:00:00,824.8333333333334,6.266666666666667,10,1,4,0.49999999999999994,-0.8660254037844387,0.7818314824680298,0.6234898018587336
2016-04-19 11:00:00,545.5,5.6499999999999995,11,1,4,0.258819045102521,-0.9659258262890682,0.7818314824680298,0.6234898018587336
2016-04-19 12:00:00,396.1666666666667,5.216666666666668,12,1,4,1.2246467991473532e-16,-1.0,0.7818314824680298,0.6234898018587336
2016-04-19 13:00:00,269.5,4.55,13,1,4,-0.2588190451025208,-0.9659258262890683,0.7818314824680298,0.6234898018587336
2016-04-19 14:00:00,237.5,4.466666666666667,14,1,4,-0.4999999999999998,-0.8660254037844388,0.7818314824680298,0.6234898018587336
2016-04-19 15:00:00,948.6666666666666,6.416666666666667,15,1,4,-0.7071067811865471,-0.7071067811865479,0.7818314824680298,0.6234898018587336
2016-04-19 16:00:00,776.5,6.250000000000001,16,1,4,-0.8660254037844384,-0.5000000000000004,0.7818314824680298,0.6234898018587336
2016-04-19 17:00:00,782.6666666666666,6.1499999999999995,17,1,4,-0.9659258262890683,-0.25881904510252063,0.7818314824680298,0.6234898018587336
2016-04-19 18:00:00,493.6666666666667,5.416666666666667,18,1,4,-1.0,-1.8369701987210297e-16,0.7818314824680298,0.6234898018587336
2016-04-19 19:00:00,382.1666666666667,5.166666666666667,19,1,4,-0.9659258262890684,0.2588190451025203,0.7818314824680298,0.6234898018587336
2016-04-19 20:00:00,531.1666666666666,5.366666666666667,20,1,4,-0.8660254037844386,0.5000000000000001,0.7818314824680298,0.6234898018587336
2016-04-19 21:00:00,472.3333333333333,5.533333333333332,21,1,4,-0.7071067811865477,0.7071067811865474,0.7818314824680298,0.6234898018587336
2016-04-19 22:00:00,649.0,5.766666666666666,22,1,4,-0.5000000000000004,0.8660254037844384,0.7818314824680298,0.6234898018587336
2016-04-19 23:00:00,810.6666666666666,6.116666666666667,23,1,4,-0.25881904510252157,0.9659258262890681,0.7818314824680298,0.6234898018587336
2016-04-20 00:00:00,1053.6666666666667,6.783333333333334,0,2,4,0.0,1.0,0.9749279121818236,-0.22252093395631434
2016-04-20 01:00:00,510.3333333333333,5.3999999999999995,1,2,4,0.25881904510252074,0.9659258262890683,0.9749279121818236,-0.22252093395631434
2016-04-20 02:00:00,672.1666666666666,5.733333333333333,2,2,4,0.49999999999999994,0.8660254037844387,0.9749279121818236,-0.22252093395631434
2016-04-20 03:00:00,583.6666666666666,5.6000000000000005,3,2,4,0.7071067811865475,0.7071067811865476,0.9749279121818236,-0.22252093395631434
2016-04-20 04:00:00,482.0,5.066666666666667,4,2,4,0.8660254037844386,0.5000000000000001,0.9749279121818236,-0.22252093395631434
2016-04-20 05:00:00,258.6666666666667,4.3,5,2,4,0.9659258262890683,0.25881904510252074,0.9749279121818236,-0.22252093395631434
2016-04-20 06:00:00,99.33333333333333,3.5500000000000003,6,2,4,1.0,6.123233995736766e-17,0.9749279121818236,-0.22252093395631434
2016-04-20 07:00:00,96.5,3.466666666666667,7,2,4,0.9659258262890683,-0.25881904510252063,0.9749279121818236,-0.22252093395631434
2016-04-20 08:00:00,72.0,3.233333333333334,8,2,4,0.8660254037844387,-0.49999999999999983,0.9749279121818236,-0.22252093395631434
2016-04-20 09:00:00,56.5,3.183333333333333,9,2,4,0.7071067811865476,-0.7071067811865475,0.9749279121818236,-0.22252093395631434
2016-04-20 10:00:00,37.666666666666664,2.983333333333333,10,2,4,0.49999999999999994,-0.8660254037844387,0.9749279121818236,-0.22252093395631434
2016-04-20 11:00:00,29.333333333333332,2.8333333333333335,11,2,4,0.258819045102521,-0.9659258262890682,0.9749279121818236,-0.22252093395631434
2016-04-20 12:00:00,20.0,2.8166666666666664,12,2,4,1.2246467991473532e-16,-1.0,0.9749279121818236,-0.22252093395631434
2016-04-20 13:00:00,54.833333333333336,3.25,13,2,4,-0.2588190451025208,-0.9659258262890683,0.9749279121818236,-0.22252093395631434
2016-04-20 14:00:00,94.0,3.766666666666667,14,2,4,-0.4999999999999998,-0.8660254037844388,0.9749279121818236,-0.22252093395631434
2016-04-20 15:00:00,12.666666666666666,2.3333333333333335,15,2,4,-0.7071067811865471,-0.7071067811865479,0.9749279121818236,-0.22252093395631434
2016-04-20 16:00:00,-3.1666666666666665,1.1666666666666667,16,2,4,-0.8660254037844384,-0.5000000000000004,0.9749279121818236,-0.22252093395631434
2016-04-20 17:00:00,-2.1666666666666665,1.3499999999999999,17,2,4,-0.9659258262890683,-0.25881904510252063,0.9749279121818236,-0.22252093395631434
2016-04-20 18:00:00,-2.0,1.5666666666666664,18,2,4,-1.0,-1.8369701987210297e-16,0.9749279121818236,-0.22252093395631434
2016-04-20 19:00:00,-2.0,1.75,19,2,4,-0.9659258262890684,0.2588190451025203,0.9749279121818236,-0.22252093395631434
2016-04-20 20:00:00,31.166666666666668,2.6,20,2,4,-0.8660254037844386,0.5000000000000001,0.9749279121818236,-0.22252093395631434
2016-04-20 21:00:00,120.83333333333333,3.8166666666666664,21,2,4,-0.7071067811865477,0.7071067811865474,0.9749279121818236,-0.22252093395631434
2016-04-20 22:00:00,1002.5,6.6000000000000005,22,2,4,-0.5000000000000004,0.8660254037844384,0.9749279121818236,-0.22252093395631434
2016-04-20 23:00:00,1098.8333333333333,6.516666666666667,23,2,4,-0.25881904510252157,0.9659258262890681,0.9749279121818236,-0.22252093395631434
2016-04-21 00:00:00,2985.3333333333335,11.533333333333333,0,3,4,0.0,1.0,0.43388373911755823,-0.900968867902419
2016-04-21 01:00:00,1764.8333333333333,8.75,1,3,4,0.25881904510252074,0.9659258262890683,0.43388373911755823,-0.900968867902419
2016-04-21 02:00:00,239.66666666666666,4.1499999999999995,2,3,4,0.49999999999999994,0.8660254037844387,0.43388373911755823,-0.900968867902419
2016-04-21 03:00:00,130.83333333333334,3.716666666666667,3,3,4,0.7071067811865475,0.7071067811865476,0.43388373911755823,-0.900968867902419
2016-04-21 04:00:00,369.0,5.3,4,3,4,0.8660254037844386,0.5000000000000001,0.43388373911755823,-0.900968867902419
2016-04-21 05:00:00,196.5,4.166666666666667,5,3,4,0.9659258262890683,0.25881904510252074,0.43388373911755823,-0.900968867902419
2016-04-21 06:00:00,180.83333333333334,4.183333333333333,6,3,4,1.0,6.123233995736766e-17,0.43388373911755823,-0.900968867902419
2016-04-21 07:00:00,262.3333333333333,4.750000000000001,7,3,4,0.9659258262890683,-0.25881904510252063,0.43388373911755823,-0.900968867902419
2016-04-21 08:00:00,82.16666666666667,3.066666666666667,8,3,4,0.8660254037844387,-0.49999999999999983,0.43388373911755823,-0.900968867902419
2016-04-21 09:00:00,11.0,2.283333333333333,9,3,4,0.7071067811865476,-0.7071067811865475,0.43388373911755823,-0.900968867902419
2016-04-21 10:00:00,-0.3333333333333333,2.066666666666667,10,3,4,0.49999999999999994,-0.8660254037844387,0.43388373911755823,-0.900968867902419
2016-04-21 11:00:00,-3.5,1.9166666666666667,11,3,4,0.258819045102521,-0.9659258262890682,0.43388373911755823,-0.900968867902419
2016-04-21 12:00:00,29.333333333333332,2.783333333333333,12,3,4,1.2246467991473532e-16,-1.0,0.43388373911755823,-0.900968867902419
2016-04-21 13:00:00,28.333333333333332,2.9166666666666665,13,3,4,-0.2588190451025208,-0.9659258262890683,0.43388373911755823,-0.900968867902419
2016-04-21 14:00:00,11.5,2.4499999999999997,14,3,4,-0.4999999999999998,-0.8660254037844388,0.43388373911755823,-0.900968867902419
2016-04-21 15:00:00,9.666666666666666,2.25,15,3,4,-0.7071067811865471,-0.7071067811865479,0.43388373911755823,-0.900968867902419
2016-04-21 16:00:00,-3.5,1.5,16,3,4,-0.8660254037844384,-0.5000000000000004,0.43388373911755823,-0.900968867902419
2016-04-21 17:00:00,-2.0,1.0166666666666668,17,3,4,-0.9659258262890683,-0.25881904510252063,0.43388373911755823,-0.900968867902419
2016-04-21 18:00:00,-1.3333333333333333,0.75,18,3,4,-1.0,-1.8369701987210297e-16,0.43388373911755823,-0.900968867902419
2016-04-21 19:00:00,-1.5,0.5833333333333334,19,3,4,-0.9659258262890684,0.2588190451025203,0.43388373911755823,-0.900968867902419
2016-04-21 20:00:00,-1.0,1.0166666666666666,20,3,4,-0.8660254037844386,0.5000000000000001,0.43388373911755823,-0.900968867902419
2016-04-21 21:00:00,-1.1666666666666667,0.45,21,3,4,-0.7071067811865477,0.7071067811865474,0.43388373911755823,-0.900968867902419
2016-04-21 22:00:00,-2.0,1.0999999999999999,22,3,4,-0.5000000000000004,0.8660254037844384,0.43388373911755823,-0.900968867902419
2016-04-21 23:00:00,-1.6666666666666667,1.1500000000000001,23,3,4,-0.25881904510252157,0.9659258262890681,0.43388373911755823,-0.900968867902419
2016-04-22 00:00:00,15.333333333333334,1.8333333333333333,0,4,4,0.0,1.0,-0.433883739117558,-0.9009688679024191
2016-04-22 01:00:00,48.166666666666664,2.9333333333333336,1,4,4,0.25881904510252074,0.9659258262890683,-0.433883739117558,-0.9009688679024191
2016-04-22 02:00:00,56.833333333333336,2.9166666666666665,2,4,4,0.49999999999999994,0.8660254037844387,-0.433883739117558,-0.9009688679024191
2016-04-22 03:00:00,112.33333333333333,3.633333333333333,3,4,4,0.7071067811865475,0.7071067811865476,-0.433883739117558,-0.9009688679024191
2016-04-22 04:00:00,122.83333333333333,3.6833333333333336,4,4,4,0.8660254037844386,0.5000000000000001,-0.433883739117558,-0.9009688679024191
2016-04-22 05:00:00,196.33333333333334,4.383333333333334,5,4,4,0.9659258262890683,0.25881904510252074,-0.433883739117558,-0.9009688679024191
2016-04-22 06:00:00,152.33333333333334,4.05,6,4,4,1.0,6.123233995736766e-17,-0.433883739117558,-0.9009688679024191
2016-04-22 07:00:00,460.6666666666667,5.483333333333333,7,4,4,0.9659258262890683,-0.25881904510252063,-0.433883739117558,-0.9009688679024191
2016-04-22 08:00:00,735.8333333333334,6.183333333333334,8,4,4,0.8660254037844387,-0.49999999999999983,-0.433883739117558,-0.9009688679024191
2016-04-22 09:00:00,439.5,5.3999999999999995,9,4,4,0.7071067811865476,-0.7071067811865475,-0.433883739117558,-0.9009688679024191
2016-04-22 10:00:00,220.33333333333334,4.466666666666667,10,4,4,0.49999999999999994,-0.8660254037844387,-0.433883739117558,-0.9009688679024191
2016-04-22 11:00:00,92.66666666666667,3.6166666666666667,11,4,4,0.258819045102521,-0.9659258262890682,-0.433883739117558,-0.9009688679024191
2016-04-22 12:00:00,77.5,3.4,12,4,4,1.2246467991473532e-16,-1.0,-0.433883739117558,-0.9009688679024191
2016-04-22 13:00:00,40.5,2.9499999999999997,13,4,4,-0.2588190451025208,-0.9659258262890683,-0.433883739117558,-0.9009688679024191
2016-04-22 14:00:00,24.0,2.8000000000000003,14,4,4,-0.4999999999999998,-0.8660254037844388,-0.433883739117558,-0.9009688679024191
2016-04-22 15:00:00,25.333333333333332,2.8000000000000003,15,4,4,-0.7071067811865471,-0.7071067811865479,-0.433883739117558,-0.9009688679024191
2016-04-22 16:00:00,1.0,2.066666666666667,16,4,4,-0.8660254037844384,-0.5000000000000004,-0.433883739117558,-0.9009688679024191
2016-04-22 17:00:00,-3.0,1.1833333333333333,17,4,4,-0.9659258262890683,-0.25881904510252063,-0.433883739117558,-0.9009688679024191
2016-04-22 18:00:00,-1.1666666666666667,0.8833333333333333,18,4,4,-1.0,-1.8369701987210297e-16,-0.433883739117558,-0.9009688679024191
2016-04-22 19:00:00,-1.0,0.5666666666666667,19,4,4,-0.9659258262890684,0.2588190451025203,-0.433883739117558,-0.9009688679024191
2016-04-22 20:00:00,70.5,2.6833333333333336,20,4,4,-0.8660254037844386,0.5000000000000001,-0.433883739117558,-0.9009688679024191
2016-04-22 21:00:00,318.0,4.8,21,4,4,-0.7071067811865477,0.7071067811865474,-0.433883739117558,-0.9009688679024191
2016-04-22 22:00:00,384.6666666666667,4.933333333333334,22,4,4,-0.5000000000000004,0.8660254037844384,-0.433883739117558,-0.9009688679024191
2016-04-22 23:00:00,226.83333333333334,4.383333333333334,23,4,4,-0.25881904510252157,0.9659258262890681,-0.433883739117558,-0.9009688679024191
2016-04-23 00:00:00,275.8333333333333,4.566666666666666,0,5,4,0.0,1.0,-0.9749279121818236,-0.2225209339563146
2016-04-23 01:00:00,122.83333333333333,3.7999999999999994,1,5,4,0.25881904510252074,0.9659258262890683,-0.9749279121818236,-0.2225209339563146
2016-04-23 02:00:00,73.0,3.133333333333333,2,5,4,0.49999999999999994,0.8660254037844387,-0.9749279121818236,-0.2225209339563146
2016-04-23 03:00:00,222.83333333333334,4.266666666666667,3,5,4,0.7071067811865475,0.7071067811865476,-0.9749279121818236,-0.2225209339563146
2016-04-23 04:00:00,220.83333333333334,4.2,4,5,4,0.8660254037844386,0.5000000000000001,-0.9749279121818236,-0.2225209339563146
2016-04-23 05:00:00,225.5,4.3,5,5,4,0.9659258262890683,0.25881904510252074,-0.9749279121818236,-0.2225209339563146
2016-04-23 06:00:00,638.1666666666666,5.8500000000000005,6,5,4,1.0,6.123233995736766e-17,-0.9749279121818236,-0.2225209339563146
2016-04-23 07:00:00,536.3333333333334,5.466666666666668,7,5,4,0.9659258262890683,-0.25881904510252063,-0.9749279121818236,-0.2225209339563146
2016-04-23 08:00:00,581.3333333333334,5.683333333333334,8,5,4,0.8660254037844387,-0.49999999999999983,-0.9749279121818236,-0.2225209339563146
2016-04-23 09:00:00,1317.3333333333333,7.816666666666667,9,5,4,0.7071067811865476,-0.7071067811865475,-0.9749279121818236,-0.2225209339563146
2016-04-23 10:00:00,544.0,5.683333333333334,10,5,4,0.49999999999999994,-0.8660254037844387,-0.9749279121818236,-0.2225209339563146
2016-04-23 11:00:00,389.0,5.283333333333334,11,5,4,0.258819045102521,-0.9659258262890682,-0.9749279121818236,-0.2225209339563146
2016-04-23 12:00:00,572.5,5.733333333333333,12,5,4,1.2246467991473532e-16,-1.0,-0.9749279121818236,-0.2225209339563146
2016-04-23 13:00:00,690.3333333333334,6.033333333333334,13,5,4,-0.2588190451025208,-0.9659258262890683,-0.9749279121818236,-0.2225209339563146
2016-04-23 14:00:00,863.6666666666666,6.5,14,5,4,-0.4999999999999998,-0.8660254037844388,-0.9749279121818236,-0.2225209339563146
2016-04-23 15:00:00,1513.0,7.983333333333333,15,5,4,-0.7071067811865471,-0.7071067811865479,-0.9749279121818236,-0.2225209339563146
2016-04-23 16:00:00,911.8333333333334,6.550000000000001,16,5,4,-0.8660254037844384,-0.5000000000000004,-0.9749279121818236,-0.2225209339563146
2016-04-23 17:00:00,472.8333333333333,5.433333333333333,17,5,4,-0.9659258262890683,-0.25881904510252063,-0.9749279121818236,-0.2225209339563146
2016-04-23 18:00:00,333.5,4.8,18,5,4,-1.0,-1.8369701987210297e-16,-0.9749279121818236,-0.2225209339563146
2016-04-23 19:00:00,73.83333333333333,3.316666666666667,19,5,4,-0.9659258262890684,0.2588190451025203,-0.9749279121818236,-0.2225209339563146
2016-04-23 20:00:00,477.8333333333333,4.916666666666667,20,5,4,-0.8660254037844386,0.5000000000000001,-0.9749279121818236,-0.2225209339563146
2016-04-23 21:00:00,1340.5,7.683333333333333,21,5,4,-0.7071067811865477,0.7071067811865474,-0.9749279121818236,-0.2225209339563146
2016-04-23 22:00:00,2009.0,9.183333333333334,22,5,4,-0.5000000000000004,0.8660254037844384,-0.9749279121818236,-0.2225209339563146
2016-04-23 23:00:00,1396.0,7.616666666666666,23,5,4,-0.25881904510252157,0.9659258262890681,-0.9749279121818236,-0.2225209339563146
2016-04-24 00:00:00,1159.6666666666667,7.016666666666666,0,6,4,0.0,1.0,-0.7818314824680299,0.6234898018587334
2016-04-24 01:00:00,675.1666666666666,5.883333333333334,1,6,4,0.25881904510252074,0.9659258262890683,-0.7818314824680299,0.6234898018587334
2016-04-24 02:00:00,958.1666666666666,6.5,2,6,4,0.49999999999999994,0.8660254037844387,-0.7818314824680299,0.6234898018587334
2016-04-24 03:00:00,509.3333333333333,5.683333333333334,3,6,4,0.7071067811865475,0.7071067811865476,-0.7818314824680299,0.6234898018587334
2016-04-24 04:00:00,439.1666666666667,5.083333333333333,4,6,4,0.8660254037844386,0.5000000000000001,-0.7818314824680299,0.6234898018587334
2016-04-24 05:00:00,475.5,5.233333333333333,5,6,4,0.9659258262890683,0.25881904510252074,-0.7818314824680299,0.6234898018587334
2016-04-24 06:00:00,443.0,5.183333333333334,6,6,4,1.0,6.123233995736766e-17,-0.7818314824680299,0.6234898018587334
2016-04-24 07:00:00,419.0,5.050000000000001,7,6,4,0.9659258262890683,-0.25881904510252063,-0.7818314824680299,0.6234898018587334
2016-04-24 08:00:00,139.16666666666666,3.6166666666666667,8,6,4,0.8660254037844387,-0.49999999999999983,-0.7818314824680299,0.6234898018587334
2016-04-24 09:00:00,121.66666666666667,3.65,9,6,4,0.7071067811865476,-0.7071067811865475,-0.7818314824680299,0.6234898018587334
2016-04-24 10:00:00,479.1666666666667,5.333333333333333,10,6,4,0.49999999999999994,-0.8660254037844387,-0.7818314824680299,0.6234898018587334
2016-04-24 11:00:00,647.0,5.766666666666667,11,6,4,0.258819045102521,-0.9659258262890682,-0.7818314824680299,0.6234898018587334
2016-04-24 12:00:00,1072.5,6.900000000000001,12,6,4,1.2246467991473532e-16,-1.0,-0.7818314824680299,0.6234898018587334
2016-04-24 13:00:00,621.6666666666666,5.900000000000001,13,6,4,-0.2588190451025208,-0.9659258262890683,-0.7818314824680299,0.6234898018587334
2016-04-24 14:00:00,1588.0,8.966666666666667,14,6,4,-0.4999999999999998,-0.8660254037844388,-0.7818314824680299,0.6234898018587334
2016-04-24 15:00:00,841.3333333333334,6.6499999999999995,15,6,4,-0.7071067811865471,-0.7071067811865479,-0.7818314824680299,0.6234898018587334
2016-04-24 16:00:00,1318.5,7.633333333333333,16,6,4,-0.8660254037844384,-0.5000000000000004,-0.7818314824680299,0.6234898018587334
2016-04-24 17:00:00,576.8333333333334,5.816666666666666,17,6,4,-0.9659258262890683,-0.25881904510252063,-0.7818314824680299,0.6234898018587334
2016-04-24 18:00:00,1239.6666666666667,7.183333333333334,18,6,4,-1.0,-1.8369701987210297e-16,-0.7818314824680299,0.6234898018587334
2016-04-24 19:00:00,1164.3333333333333,6.866666666666667,19,6,4,-0.9659258262890684,0.2588190451025203,-0.7818314824680299,0.6234898018587334
2016-04-24 20:00:00,673.3333333333334,5.983333333333333,20,6,4,-0.8660254037844386,0.5000000000000001,-0.7818314824680299,0.6234898018587334
2016-04-24 21:00:00,1059.8333333333333,6.716666666666666,21,6,4,-0.7071067811865477,0.7071067811865474,-0.7818314824680299,0.6234898018587334
2016-04-24 22:00:00,497.0,5.3500000000000005,22,6,4,-0.5000000000000004,0.8660254037844384,-0.7818314824680299,0.6234898018587334
2016-04-24 23:00:00,661.8333333333334,5.766666666666667,23,6,4,-0.25881904510252157,0.9659258262890681,-0.7818314824680299,0.6234898018587334
2016-04-25 00:00:00,637.6666666666666,5.633333333333333,0,0,4,0.0,1.0,0.0,1.0
2016-04-25 01:00:00,981.3333333333334,6.483333333333333,1,0,4,0.25881904510252074,0.9659258262890683,0.0,1.0
2016-04-25 02:00:00,913.3333333333334,6.333333333333333,2,0,4,0.49999999999999994,0.8660254037844387,0.0,1.0
2016-04-25 03:00:00,813.0,6.1499999999999995,3,0,4,0.7071067811865475,0.7071067811865476,0.0,1.0
2016-04-25 04:00:00,1004.8333333333334,6.45,4,0,4,0.8660254037844386,0.5000000000000001,0.0,1.0
2016-04-25 05:00:00,1230.0,7.216666666666666,5,0,4,0.9659258262890683,0.25881904510252074,0.0,1.0
2016-04-25 06:00:00,1178.0,6.900000000000001,6,0,4,1.0,6.123233995736766e-17,0.0,1.0
2016-04-25 07:00:00,935.1666666666666,6.566666666666666,7,0,4,0.9659258262890683,-0.25881904510252063,0.0,1.0
2016-04-25 08:00:00,1108.5,6.8999999999999995,8,0,4,0.8660254037844387,-0.49999999999999983,0.0,1.0
2016-04-25 09:00:00,735.5,6.166666666666667,9,0,4,0.7071067811865476,-0.7071067811865475,0.0,1.0
2016-04-25 10:00:00,896.1666666666666,6.366666666666667,10,0,4,0.49999999999999994,-0.8660254037844387,0.0,1.0
2016-04-25 11:00:00,818.8333333333334,6.366666666666667,11,0,4,0.258819045102521,-0.9659258262890682,0.0,1.0
2016-04-25 12:00:00,968.6666666666666,6.699999999999999,12,0,4,1.2246467991473532e-16,-1.0,0.0,1.0
2016-04-25 13:00:00,1085.3333333333333,7.083333333333333,13,0,4,-0.2588190451025208,-0.9659258262890683,0.0,1.0
2016-04-25 14:00:00,1999.5,9.250000000000002,14,0,4,-0.4999999999999998,-0.8660254037844388,0.0,1.0
2016-04-25 15:00:00,1786.0,8.583333333333334,15,0,4,-0.7071067811865471,-0.7071067811865479,0.0,1.0
2016-04-25 16:00:00,1634.5,8.683333333333332,16,0,4,-0.8660254037844384,-0.5000000000000004,0.0,1.0
2016-04-25 17:00:00,1462.8333333333333,7.933333333333334,17,0,4,-0.9659258262890683,-0.25881904510252063,0.0,1.0
2016-04-25 18:00:00,2193.1666666666665,10.199999999999998,18,0,4,-1.0,-1.8369701987210297e-16,0.0,1.0
2016-04-25 19:00:00,2194.1666666666665,9.866666666666665,19,0,4,-0.9659258262890684,0.2588190451025203,0.0,1.0
2016-04-25 20:00:00,2424.3333333333335,10.316666666666666,20,0,4,-0.8660254037844386,0.5000000000000001,0.0,1.0
2016-04-25 21:00:00,2921.1666666666665,12.716666666666667,21,0,4,-0.7071067811865477,0.7071067811865474,0.0,1.0
2016-04-25 22:00:00,2724.8333333333335,13.299999999999999,22,0,4,-0.5000000000000004,0.8660254037844384,0.0,1.0
2016-04-25 23:00:00,-3.0,8.583333333333332,23,0,4,-0.25881904510252157,0.9659258262890681,0.0,1.0
2016-04-26 00:00:00,-2.1666666666666665,8.4,0,1,4,0.0,1.0,0.7818314824680298,0.6234898018587336
2016-04-26 01:00:00,-3.1666666666666665,9.233333333333333,1,1,4,0.25881904510252074,0.9659258262890683,0.7818314824680298,0.6234898018587336
2016-04-26 02:00:00,-3.5,9.033333333333333,2,1,4,0.49999999999999994,0.8660254037844387,0.7818314824680298,0.6234898018587336
2016-04-26 03:00:00,-4.0,7.866666666666667,3,1,4,0.7071067811865475,0.7071067811865476,0.7818314824680298,0.6234898018587336
2016-04-26 04:00:00,-4.833333333333333,5.116666666666666,4,1,4,0.8660254037844386,0.5000000000000001,0.7818314824680298,0.6234898018587336
2016-04-26 05:00:00,-4.666666666666667,4.05,5,1,4,0.9659258262890683,0.25881904510252074,0.7818314824680298,0.6234898018587336
2016-04-26 06:00:00,-3.8333333333333335,3.9333333333333336,6,1,4,1.0,6.123233995736766e-17,0.7818314824680298,0.6234898018587336
2016-04-26 07:00:00,-12.0,4.95,7,1,4,0.9659258262890683,-0.25881904510252063,0.7818314824680298,0.6234898018587336
2016-04-26 08:00:00,131.0,4.683333333333334,8,1,4,0.8660254037844387,-0.49999999999999983,0.7818314824680298,0.6234898018587336
2016-04-26 09:00:00,-2.5,3.1833333333333336,9,1,4,0.7071067811865476,-0.7071067811865475,0.7818314824680298,0.6234898018587336
2016-04-26 10:00:00,-2.5,2.6833333333333336,10,1,4,0.49999999999999994,-0.8660254037844387,0.7818314824680298,0.6234898018587336
2016-04-26 11:00:00,-3.1666666666666665,4.833333333333333,11,1,4,0.258819045102521,-0.9659258262890682,0.7818314824680298,0.6234898018587336
2016-04-26 12:00:00,-3.3333333333333335,3.9,12,1,4,1.2246467991473532e-16,-1.0,0.7818314824680298,0.6234898018587336
2016-04-26 13:00:00,1893.8333333333333,10.283333333333333,13,1,4,-0.2588190451025208,-0.9659258262890683,0.7818314824680298,0.6234898018587336
2016-04-26 14:00:00,2015.5,10.416666666666666,14,1,4,-0.4999999999999998,-0.8660254037844388,0.7818314824680298,0.6234898018587336
2016-04-26 15:00:00,1821.6666666666667,9.75,15,1,4,-0.7071067811865471,-0.7071067811865479,0.7818314824680298,0.6234898018587336
2016-04-26 16:00:00,1996.1666666666667,10.15,16,1,4,-0.8660254037844384,-0.5000000000000004,0.7818314824680298,0.6234898018587336
2016-04-26 17:00:00,2002.3333333333333,10.116666666666667,17,1,4,-0.9659258262890683,-0.25881904510252063,0.7818314824680298,0.6234898018587336
2016-04-26 18:00:00,1581.3333333333333,8.916666666666666,18,1,4,-1.0,-1.8369701987210297e-16,0.7818314824680298,0.6234898018587336
2016-04-26 19:00:00,1709.0,9.616666666666665,19,1,4,-0.9659258262890684,0.2588190451025203,0.7818314824680298,0.6234898018587336
2016-04-26 20:00:00,905.1666666666666,6.783333333333334,20,1,4,-0.8660254037844386,0.5000000000000001,0.7818314824680298,0.6234898018587336
2016-04-26 21:00:00,677.8333333333334,6.083333333333333,21,1,4,-0.7071067811865477,0.7071067811865474,0.7818314824680298,0.6234898018587336
2016-04-26 22:00:00,1488.8333333333333,8.566666666666666,22,1,4,-0.5000000000000004,0.8660254037844384,0.7818314824680298,0.6234898018587336
2016-04-26 23:00:00,1777.3333333333333,8.783333333333333,23,1,4,-0.25881904510252157,0.9659258262890681,0.7818314824680298,0.6234898018587336
2016-04-27 00:00:00,2200.6666666666665,9.566666666666665,0,2,4,0.0,1.0,0.9749279121818236,-0.22252093395631434
2016-04-27 01:00:00,1793.0,9.449999999999998,1,2,4,0.25881904510252074,0.9659258262890683,0.9749279121818236,-0.22252093395631434
2016-04-27 02:00:00,2100.5,9.383333333333335,2,2,4,0.49999999999999994,0.8660254037844387,0.9749279121818236,-0.22252093395631434
2016-04-27 03:00:00,2455.3333333333335,10.083333333333334,3,2,4,0.7071067811865475,0.7071067811865476,0.9749279121818236,-0.22252093395631434
2016-04-27 04:00:00,2425.1666666666665,10.366666666666667,4,2,4,0.8660254037844386,0.5000000000000001,0.9749279121818236,-0.22252093395631434
2016-04-27 05:00:00,2681.0,12.049999999999999,5,2,4,0.9659258262890683,0.25881904510252074,0.9749279121818236,-0.22252093395631434
2016-04-27 06:00:00,2725.8333333333335,11.666666666666666,6,2,4,1.0,6.123233995736766e-17,0.9749279121818236,-0.22252093395631434
2016-04-27 07:00:00,2513.5,11.1,7,2,4,0.9659258262890683,-0.25881904510252063,0.9749279121818236,-0.22252093395631434
2016-04-27 08:00:00,2772.0,12.4,8,2,4,0.8660254037844387,-0.49999999999999983,0.9749279121818236,-0.22252093395631434
2016-04-27 09:00:00,2609.3333333333335,11.516666666666666,9,2,4,0.7071067811865476,-0.7071067811865475,0.9749279121818236,-0.22252093395631434
2016-04-27 10:00:00,2743.6666666666665,13.066666666666668,10,2,4,0.49999999999999994,-0.8660254037844387,0.9749279121818236,-0.22252093395631434
2016-04-27 11:00:00,1200.3333333333333,10.283333333333333,11,2,4,0.258819045102521,-0.9659258262890682,0.9749279121818236,-0.22252093395631434
2016-04-27 12:00:00,2781.8333333333335,15.416666666666666,12,2,4,1.2246467991473532e-16,-1.0,0.9749279121818236,-0.22252093395631434
2016-04-27 13:00:00,82.33333333333333,9.583333333333334,13,2,4,-0.2588190451025208,-0.9659258262890683,0.9749279121818236,-0.22252093395631434
2016-04-27 14:00:00,-1.8333333333333333,8.216666666666667,14,2,4,-0.4999999999999998,-0.8660254037844388,0.9749279121818236,-0.22252093395631434
2016-04-27 15:00:00,-3.1666666666666665,8.549999999999999,15,2,4,-0.7071067811865471,-0.7071067811865479,0.9749279121818236,-0.22252093395631434
2016-04-27 16:00:00,1682.3333333333333,12.916666666666666,16,2,4,-0.8660254037844384,-0.5000000000000004,0.9749279121818236,-0.22252093395631434
2016-04-27 17:00:00,1647.1666666666667,10.916666666666666,17,2,4,-0.9659258262890683,-0.25881904510252063,0.9749279121818236,-0.22252093395631434
2016-04-27 18:00:00,1689.8333333333333,9.583333333333334,18,2,4,-1.0,-1.8369701987210297e-16,0.9749279121818236,-0.22252093395631434
2016-04-27 19:00:00,1156.3333333333333,7.466666666666666,19,2,4,-0.9659258262890684,0.2588190451025203,0.9749279121818236,-0.22252093395631434
2016-04-27 20:00:00,1503.8333333333333,9.116666666666665,20,2,4,-0.8660254037844386,0.5000000000000001,0.9749279121818236,-0.22252093395631434
2016-04-27 21:00:00,1886.3333333333333,13.183333333333335,21,2,4,-0.7071067811865477,0.7071067811865474,0.9749279121818236,-0.22252093395631434
2016-04-27 22:00:00,1877.5,11.58333333333333,22,2,4,-0.5000000000000004,0.8660254037844384,0.9749279121818236,-0.22252093395631434
2016-04-27 23:00:00,1866.8333333333333,10.033333333333333,23,2,4,-0.25881904510252157,0.9659258262890681,0.9749279121818236,-0.22252093395631434
2016-04-28 00:00:00,1853.6666666666667,10.083333333333334,0,3,4,0.0,1.0,0.43388373911755823,-0.900968867902419
2016-04-28 01:00:00,1519.5,8.249999999999998,1,3,4,0.25881904510252074,0.9659258262890683,0.43388373911755823,-0.900968867902419
2016-04-28 02:00:00,905.8333333333334,6.516666666666667,2,3,4,0.49999999999999994,0.8660254037844387,0.43388373911755823,-0.900968867902419
2016-04-28 03:00:00,938.0,6.55,3,3,4,0.7071067811865475,0.7071067811865476,0.43388373911755823,-0.900968867902419
2016-04-28 04:00:00,1061.5,7.050000000000001,4,3,4,0.8660254037844386,0.5000000000000001,0.43388373911755823,-0.900968867902419
2016-04-28 05:00:00,670.8333333333334,6.0,5,3,4,0.9659258262890683,0.25881904510252074,0.43388373911755823,-0.900968867902419
2016-04-28 06:00:00,1098.8333333333333,7.033333333333334,6,3,4,1.0,6.123233995736766e-17,0.43388373911755823,-0.900968867902419
2016-04-28 07:00:00,434.5,5.233333333333333,7,3,4,0.9659258262890683,-0.25881904510252063,0.43388373911755823,-0.900968867902419
2016-04-28 08:00:00,54.833333333333336,3.116666666666666,8,3,4,0.8660254037844387,-0.49999999999999983,0.43388373911755823,-0.900968867902419
2016-04-28 09:00:00,19.833333333333332,2.6666666666666665,9,3,4,0.7071067811865476,-0.7071067811865475,0.43388373911755823,-0.900968867902419
2016-04-28 10:00:00,60.833333333333336,3.3833333333333333,10,3,4,0.49999999999999994,-0.8660254037844387,0.43388373911755823,-0.900968867902419
2016-04-28 11:00:00,97.5,3.783333333333333,11,3,4,0.258819045102521,-0.9659258262890682,0.43388373911755823,-0.900968867902419
2016-04-28 12:00:00,134.16666666666666,4.249999999999999,12,3,4,1.2246467991473532e-16,-1.0,0.43388373911755823,-0.900968867902419
2016-04-28 13:00:00,93.16666666666667,3.733333333333333,13,3,4,-0.2588190451025208,-0.9659258262890683,0.43388373911755823,-0.900968867902419
2016-04-28 14:00:00,165.33333333333334,4.416666666666667,14,3,4,-0.4999999999999998,-0.8660254037844388,0.43388373911755823,-0.900968867902419
2016-04-28 15:00:00,60.833333333333336,3.2999999999999994,15,3,4,-0.7071067811865471,-0.7071067811865479,0.43388373911755823,-0.900968867902419
2016-04-28 16:00:00,413.5,5.633333333333333,16,3,4,-0.8660254037844384,-0.5000000000000004,0.43388373911755823,-0.900968867902419
2016-04-28 17:00:00,449.0,5.583333333333332,17,3,4,-0.9659258262890683,-0.25881904510252063,0.43388373911755823,-0.900968867902419
2016-04-28 18:00:00,260.6666666666667,4.8999999999999995,18,3,4,-1.0,-1.8369701987210297e-16,0.43388373911755823,-0.900968867902419
2016-04-28 19:00:00,461.6666666666667,5.633333333333333,19,3,4,-0.9659258262890684,0.2588190451025203,0.43388373911755823,-0.900968867902419
2016-04-28 20:00:00,706.8333333333334,6.166666666666667,20,3,4,-0.8660254037844386,0.5000000000000001,0.43388373911755823,-0.900968867902419
2016-04-28 21:00:00,1015.3333333333334,6.75,21,3,4,-0.7071067811865477,0.7071067811865474,0.43388373911755823,-0.900968867902419
2016-04-28 22:00:00,1190.8333333333333,7.016666666666666,22,3,4,-0.5000000000000004,0.8660254037844384,0.43388373911755823,-0.900968867902419
2016-04-28 23:00:00,884.6666666666666,6.449999999999999,23,3,4,-0.25881904510252157,0.9659258262890681,0.43388373911755823,-0.900968867902419
2016-04-29 00:00:00,707.1666666666666,5.933333333333334,0,4,4,0.0,1.0,-0.433883739117558,-0.9009688679024191
2016-04-29 01:00:00,540.6666666666666,5.766666666666667,1,4,4,0.25881904510252074,0.9659258262890683,-0.433883739117558,-0.9009688679024191
2016-04-29 02:00:00,274.3333333333333,4.766666666666667,2,4,4,0.49999999999999994,0.8660254037844387,-0.433883739117558,-0.9009688679024191
2016-04-29 03:00:00,432.3333333333333,5.3,3,4,4,0.7071067811865475,0.7071067811865476,-0.433883739117558,-0.9009688679024191
2016-04-29 04:00:00,503.0,5.6499999999999995,4,4,4,0.8660254037844386,0.5000000000000001,-0.433883739117558,-0.9009688679024191
2016-04-29 05:00:00,358.8333333333333,5.283333333333334,5,4,4,0.9659258262890683,0.25881904510252074,-0.433883739117558,-0.9009688679024191
2016-04-29 06:00:00,258.0,4.783333333333334,6,4,4,1.0,6.123233995736766e-17,-0.433883739117558,-0.9009688679024191
2016-04-29 07:00:00,286.3333333333333,4.816666666666666,7,4,4,0.9659258262890683,-0.25881904510252063,-0.433883739117558,-0.9009688679024191
2016-04-29 08:00:00,274.3333333333333,4.55,8,4,4,0.8660254037844387,-0.49999999999999983,-0.433883739117558,-0.9009688679024191
2016-04-29 09:00:00,84.16666666666667,3.4499999999999997,9,4,4,0.7071067811865476,-0.7071067811865475,-0.433883739117558,-0.9009688679024191
2016-04-29 10:00:00,240.16666666666666,4.650000000000001,10,4,4,0.49999999999999994,-0.8660254037844387,-0.433883739117558,-0.9009688679024191
2016-04-29 11:00:00,387.1666666666667,5.316666666666666,11,4,4,0.258819045102521,-0.9659258262890682,-0.433883739117558,-0.9009688679024191
2016-04-29 12:00:00,661.6666666666666,6.033333333333334,12,4,4,1.2246467991473532e-16,-1.0,-0.433883739117558,-0.9009688679024191
2016-04-29 13:00:00,676.0,6.05,13,4,4,-0.2588190451025208,-0.9659258262890683,-0.433883739117558,-0.9009688679024191
2016-04-29 14:00:00,809.0,6.533333333333332,14,4,4,-0.4999999999999998,-0.8660254037844388,-0.433883739117558,-0.9009688679024191
2016-04-29 15:00:00,499.1666666666667,5.716666666666666,15,4,4,-0.7071067811865471,-0.7071067811865479,-0.433883739117558,-0.9009688679024191
2016-04-29 16:00:00,519.0,5.6000000000000005,16,4,4,-0.8660254037844384,-0.5000000000000004,-0.433883739117558,-0.9009688679024191
2016-04-29 17:00:00,360.1666666666667,4.8999999999999995,17,4,4,-0.9659258262890683,-0.25881904510252063,-0.433883739117558,-0.9009688679024191
2016-04-29 18:00:00,177.0,4.383333333333334,18,4,4,-1.0,-1.8369701987210297e-16,-0.433883739117558,-0.9009688679024191
2016-04-29 19:00:00,36.166666666666664,2.7833333333333337,19,4,4,-0.9659258262890684,0.2588190451025203,-0.433883739117558,-0.9009688679024191
2016-04-29 20:00:00,25.666666666666668,2.5500000000000003,20,4,4,-0.8660254037844386,0.5000000000000001,-0.433883739117558,-0.9009688679024191
2016-04-29 21:00:00,12.166666666666666,2.2666666666666666,21,4,4,-0.7071067811865477,0.7071067811865474,-0.433883739117558,-0.9009688679024191
2016-04-29 22:00:00,26.166666666666668,2.4833333333333334,22,4,4,-0.5000000000000004,0.8660254037844384,-0.433883739117558,-0.9009688679024191
2016-04-29 23:00:00,43.5,2.8000000000000003,23,4,4,-0.25881904510252157,0.9659258262890681,-0.433883739117558,-0.9009688679024191
2016-04-30 00:00:00,53.166666666666664,3.0500000000000003,0,5,4,0.0,1.0,-0.9749279121818236,-0.2225209339563146
2016-04-30 01:00:00,54.833333333333336,2.966666666666667,1,5,4,0.25881904510252074,0.9659258262890683,-0.9749279121818236,-0.2225209339563146
2016-04-30 02:00:00,39.666666666666664,2.716666666666667,2,5,4,0.49999999999999994,0.8660254037844387,-0.9749279121818236,-0.2225209339563146
2016-04-30 03:00:00,24.666666666666668,2.566666666666667,3,5,4,0.7071067811865475,0.7071067811865476,-0.9749279121818236,-0.2225209339563146
2016-04-30 04:00:00,53.666666666666664,2.85,4,5,4,0.8660254037844386,0.5000000000000001,-0.9749279121818236,-0.2225209339563146
2016-04-30 05:00:00,117.5,3.5833333333333335,5,5,4,0.9659258262890683,0.25881904510252074,-0.9749279121818236,-0.2225209339563146
2016-04-30 06:00:00,20.0,2.266666666666667,6,5,4,1.0,6.123233995736766e-17,-0.9749279121818236,-0.2225209339563146
2016-04-30 07:00:00,70.83333333333333,3.316666666666667,7,5,4,0.9659258262890683,-0.25881904510252063,-0.9749279121818236,-0.2225209339563146
2016-04-30 08:00:00,0.16666666666666666,1.4833333333333334,8,5,4,0.8660254037844387,-0.49999999999999983,-0.9749279121818236,-0.2225209339563146
2016-04-30 09:00:00,-1.6666666666666667,0.9833333333333334,9,5,4,0.7071067811865476,-0.7071067811865475,-0.9749279121818236,-0.2225209339563146
2016-04-30 10:00:00,-1.5,0.9499999999999998,10,5,4,0.49999999999999994,-0.8660254037844387,-0.9749279121818236,-0.2225209339563146
2016-04-30 11:00:00,-2.5,1.2,11,5,4,0.258819045102521,-0.9659258262890682,-0.9749279121818236,-0.2225209339563146
2016-04-30 12:00:00,-0.16666666666666666,2.15,12,5,4,1.2246467991473532e-16,-1.0,-0.9749279121818236,-0.2225209339563146
2016-04-30 13:00:00,-0.5,2.216666666666667,13,5,4,-0.2588190451025208,-0.9659258262890683,-0.9749279121818236,-0.2225209339563146
2016-04-30 14:00:00,-3.0,1.6500000000000001,14,5,4,-0.4999999999999998,-0.8660254037844388,-0.9749279121818236,-0.2225209339563146
2016-04-30 15:00:00,-2.5,1.8500000000000003,15,5,4,-0.7071067811865471,-0.7071067811865479,-0.9749279121818236,-0.2225209339563146
2016-04-30 16:00:00,-2.1666666666666665,1.4666666666666668,16,5,4,-0.8660254037844384,-0.5000000000000004,-0.9749279121818236,-0.2225209339563146
2016-04-30 17:00:00,-2.1666666666666665,1.7666666666666668,17,5,4,-0.9659258262890683,-0.25881904510252063,-0.9749279121818236,-0.2225209339563146
2016-04-30 18:00:00,13.166666666666666,2.3666666666666667,18,5,4,-1.0,-1.8369701987210297e-16,-0.9749279121818236,-0.2225209339563146
2016-04-30 19:00:00,158.66666666666666,4.266666666666667,19,5,4,-0.9659258262890684,0.2588190451025203,-0.9749279121818236,-0.2225209339563146
2016-04-30 20:00:00,380.3333333333333,4.983333333333333,20,5,4,-0.8660254037844386,0.5000000000000001,-0.9749279121818236,-0.2225209339563146
2016-04-30 21:00:00,1169.1666666666667,7.066666666666666,21,5,4,-0.7071067811865477,0.7071067811865474,-0.9749279121818236,-0.2225209339563146
2016-04-30 22:00:00,1168.8333333333333,7.466666666666666,22,5,4,-0.5000000000000004,0.8660254037844384,-0.9749279121818236,-0.2225209339563146
2016-04-30 23:00:00,1685.1666666666667,8.816666666666665,23,5,4,-0.25881904510252157,0.9659258262890681,-0.9749279121818236,-0.2225209339563146
2016-05-01 00:00:00,1623.5,8.15,0,6,5,0.0,1.0,-0.7818314824680299,0.6234898018587334
2016-05-01 01:00:00,1809.0,8.4,1,6,5,0.25881904510252074,0.9659258262890683,-0.7818314824680299,0.6234898018587334
2016-05-01 02:00:00,1871.3333333333333,8.783333333333333,2,6,5,0.49999999999999994,0.8660254037844387,-0.7818314824680299,0.6234898018587334
2016-05-01 03:00:00,1878.3333333333333,9.916666666666668,3,6,5,0.7071067811865475,0.7071067811865476,-0.7818314824680299,0.6234898018587334
2016-05-01 04:00:00,1824.0,8.666666666666666,4,6,5,0.8660254037844386,0.5000000000000001,-0.7818314824680299,0.6234898018587334
2016-05-01 05:00:00,1847.0,9.299999999999999,5,6,5,0.9659258262890683,0.25881904510252074,-0.7818314824680299,0.6234898018587334
2016-05-01 06:00:00,1876.6666666666667,10.633333333333333,6,6,5,1.0,6.123233995736766e-17,-0.7818314824680299,0.6234898018587334
2016-05-01 07:00:00,1855.1666666666667,9.5,7,6,5,0.9659258262890683,-0.25881904510252063,-0.7818314824680299,0.6234898018587334
2016-05-01 08:00:00,1527.0,8.016666666666666,8,6,5,0.8660254037844387,-0.49999999999999983,-0.7818314824680299,0.6234898018587334
2016-05-01 09:00:00,1185.5,7.333333333333333,9,6,5,0.7071067811865476,-0.7071067811865475,-0.7818314824680299,0.6234898018587334
2016-05-01 10:00:00,1318.1666666666667,7.633333333333333,10,6,5,0.49999999999999994,-0.8660254037844387,-0.7818314824680299,0.6234898018587334
2016-05-01 11:00:00,1815.3333333333333,9.950000000000001,11,6,5,0.258819045102521,-0.9659258262890682,-0.7818314824680299,0.6234898018587334
2016-05-01 12:00:00,1743.6666666666667,9.533333333333333,12,6,5,1.2246467991473532e-16,-1.0,-0.7818314824680299,0.6234898018587334
2016-05-01 13:00:00,1758.0,10.4,13,6,5,-0.2588190451025208,-0.9659258262890683,-0.7818314824680299,0.6234898018587334
2016-05-01 14:00:00,1778.5,10.816666666666668,14,6,5,-0.4999999999999998,-0.8660254037844388,-0.7818314824680299,0.6234898018587334
2016-05-01 15:00:00,1853.6666666666667,11.616666666666667,15,6,5,-0.7071067811865471,-0.7071067811865479,-0.7818314824680299,0.6234898018587334
2016-05-01 16:00:00,1850.5,11.200000000000001,16,6,5,-0.8660254037844384,-0.5000000000000004,-0.7818314824680299,0.6234898018587334
2016-05-01 17:00:00,1863.3333333333333,11.700000000000001,17,6,5,-0.9659258262890683,-0.25881904510252063,-0.7818314824680299,0.6234898018587334
2016-05-01 18:00:00,1760.1666666666667,11.049999999999999,18,6,5,-1.0,-1.8369701987210297e-16,-0.7818314824680299,0.6234898018587334
2016-05-01 19:00:00,1796.3333333333333,11.0,19,6,5,-0.9659258262890684,0.2588190451025203,-0.7818314824680299,0.6234898018587334
2016-05-01 20:00:00,1663.3333333333333,9.666666666666666,20,6,5,-0.8660254037844386,0.5000000000000001,-0.7818314824680299,0.6234898018587334
2016-05-01 21:00:00,1061.5,6.933333333333333,21,6,5,-0.7071067811865477,0.7071067811865474,-0.7818314824680299,0.6234898018587334
2016-05-01 22:00:00,700.5,5.966666666666666,22,6,5,-0.5000000000000004,0.8660254037844384,-0.7818314824680299,0.6234898018587334
2016-05-01 23:00:00,989.5,6.5666666666666655,23,6,5,-0.25881904510252157,0.9659258262890681,-0.7818314824680299,0.6234898018587334
2016-05-02 00:00:00,1476.5,7.983333333333333,0,0,5,0.0,1.0,0.0,1.0
2016-05-02 01:00:00,999.8333333333334,6.8500000000000005,1,0,5,0.25881904510252074,0.9659258262890683,0.0,1.0
2016-05-02 02:00:00,502.0,5.316666666666666,2,0,5,0.49999999999999994,0.8660254037844387,0.0,1.0
2016-05-02 03:00:00,642.5,5.816666666666666,3,0,5,0.7071067811865475,0.7071067811865476,0.0,1.0
2016-05-02 04:00:00,977.3333333333334,6.633333333333333,4,0,5,0.8660254037844386,0.5000000000000001,0.0,1.0
2016-05-02 05:00:00,1061.3333333333333,6.8999999999999995,5,0,5,0.9659258262890683,0.25881904510252074,0.0,1.0
2016-05-02 06:00:00,1798.0,10.016666666666667,6,0,5,1.0,6.123233995736766e-17,0.0,1.0
2016-05-02 07:00:00,994.1666666666666,7.066666666666667,7,0,5,0.9659258262890683,-0.25881904510252063,0.0,1.0
2016-05-02 08:00:00,530.5,5.583333333333332,8,0,5,0.8660254037844387,-0.49999999999999983,0.0,1.0
2016-05-02 09:00:00,223.66666666666666,4.35,9,0,5,0.7071067811865476,-0.7071067811865475,0.0,1.0
2016-05-02 10:00:00,64.16666666666667,3.3000000000000003,10,0,5,0.49999999999999994,-0.8660254037844387,0.0,1.0
2016-05-02 11:00:00,118.66666666666667,3.9,11,0,5,0.258819045102521,-0.9659258262890682,0.0,1.0
2016-05-02 12:00:00,208.5,4.55,12,0,5,1.2246467991473532e-16,-1.0,0.0,1.0
2016-05-02 13:00:00,150.5,4.1,13,0,5,-0.2588190451025208,-0.9659258262890683,0.0,1.0
2016-05-02 14:00:00,158.16666666666666,4.116666666666666,14,0,5,-0.4999999999999998,-0.8660254037844388,0.0,1.0
2016-05-02 15:00:00,96.5,3.6333333333333333,15,0,5,-0.7071067811865471,-0.7071067811865479,0.0,1.0
2016-05-02 16:00:00,155.83333333333334,4.1000000000000005,16,0,5,-0.8660254037844384,-0.5000000000000004,0.0,1.0
2016-05-02 17:00:00,45.0,2.983333333333333,17,0,5,-0.9659258262890683,-0.25881904510252063,0.0,1.0
2016-05-02 18:00:00,74.0,3.316666666666667,18,0,5,-1.0,-1.8369701987210297e-16,0.0,1.0
2016-05-02 19:00:00,6.166666666666667,2.0833333333333335,19,0,5,-0.9659258262890684,0.2588190451025203,0.0,1.0
2016-05-02 20:00:00,107.66666666666667,3.1166666666666667,20,0,5,-0.8660254037844386,0.5000000000000001,0.0,1.0
2016-05-02 21:00:00,655.5,5.8,21,0,5,-0.7071067811865477,0.7071067811865474,0.0,1.0
2016-05-02 22:00:00,896.5,6.516666666666667,22,0,5,-0.5000000000000004,0.8660254037844384,0.0,1.0
2016-05-02 23:00:00,905.0,6.550000000000001,23,0,5,-0.25881904510252157,0.9659258262890681,0.0,1.0
2016-05-03 00:00:00,666.1666666666666,5.716666666666666,0,1,5,0.0,1.0,0.7818314824680298,0.6234898018587336
2016-05-03 01:00:00,50.0,2.8166666666666664,1,1,5,0.25881904510252074,0.9659258262890683,0.7818314824680298,0.6234898018587336
2016-05-03 02:00:00,49.333333333333336,2.8499999999999996,2,1,5,0.49999999999999994,0.8660254037844387,0.7818314824680298,0.6234898018587336
2016-05-03 03:00:00,21.333333333333332,2.0,3,1,5,0.7071067811865475,0.7071067811865476,0.7818314824680298,0.6234898018587336
2016-05-03 04:00:00,-1.6666666666666667,1.1666666666666667,4,1,5,0.8660254037844386,0.5000000000000001,0.7818314824680298,0.6234898018587336
2016-05-03 05:00:00,-1.0,0.11666666666666668,5,1,5,0.9659258262890683,0.25881904510252074,0.7818314824680298,0.6234898018587336
2016-05-03 06:00:00,-1.0,0.4166666666666667,6,1,5,1.0,6.123233995736766e-17,0.7818314824680298,0.6234898018587336
2016-05-03 07:00:00,-1.6666666666666667,0.7166666666666668,7,1,5,0.9659258262890683,-0.25881904510252063,0.7818314824680298,0.6234898018587336
2016-05-03 08:00:00,-0.5,1.4333333333333333,8,1,5,0.8660254037844387,-0.49999999999999983,0.7818314824680298,0.6234898018587336
2016-05-03 09:00:00,37.5,2.766666666666667,9,1,5,0.7071067811865476,-0.7071067811865475,0.7818314824680298,0.6234898018587336
2016-05-03 10:00:00,323.1666666666667,4.983333333333333,10,1,5,0.49999999999999994,-0.8660254037844387,0.7818314824680298,0.6234898018587336
2016-05-03 11:00:00,900.1666666666666,6.7,11,1,5,0.258819045102521,-0.9659258262890682,0.7818314824680298,0.6234898018587336
2016-05-03 12:00:00,986.8333333333334,7.333333333333333,12,1,5,1.2246467991473532e-16,-1.0,0.7818314824680298,0.6234898018587336
2016-05-03 13:00:00,1219.6666666666667,10.533333333333333,13,1,5,-0.2588190451025208,-0.9659258262890683,0.7818314824680298,0.6234898018587336
2016-05-03 14:00:00,1877.8333333333333,16.3,14,1,5,-0.4999999999999998,-0.8660254037844388,0.7818314824680298,0.6234898018587336
2016-05-03 15:00:00,1838.3333333333333,11.233333333333333,15,1,5,-0.7071067811865471,-0.7071067811865479,0.7818314824680298,0.6234898018587336
2016-05-03 16:00:00,1209.5,7.566666666666667,16,1,5,-0.8660254037844384,-0.5000000000000004,0.7818314824680298,0.6234898018587336
2016-05-03 17:00:00,924.6666666666666,6.6499999999999995,17,1,5,-0.9659258262890683,-0.25881904510252063,0.7818314824680298,0.6234898018587336
2016-05-03 18:00:00,691.0,6.083333333333335,18,1,5,-1.0,-1.8369701987210297e-16,0.7818314824680298,0.6234898018587336
2016-05-03 19:00:00,850.1666666666666,6.3500000000000005,19,1,5,-0.9659258262890684,0.2588190451025203,0.7818314824680298,0.6234898018587336
2016-05-03 20:00:00,885.6666666666666,6.633333333333333,20,1,5,-0.8660254037844386,0.5000000000000001,0.7818314824680298,0.6234898018587336
2016-05-03 21:00:00,652.1666666666666,6.033333333333334,21,1,5,-0.7071067811865477,0.7071067811865474,0.7818314824680298,0.6234898018587336
2016-05-03 22:00:00,380.1666666666667,5.2,22,1,5,-0.5000000000000004,0.8660254037844384,0.7818314824680298,0.6234898018587336
2016-05-03 23:00:00,768.1666666666666,6.133333333333333,23,1,5,-0.25881904510252157,0.9659258262890681,0.7818314824680298,0.6234898018587336
2016-05-04 00:00:00,484.5,5.500000000000001,0,2,5,0.0,1.0,0.9749279121818236,-0.22252093395631434
2016-05-04 01:00:00,328.1666666666667,5.05,1,2,5,0.25881904510252074,0.9659258262890683,0.9749279121818236,-0.22252093395631434
2016-05-04 02:00:00,439.5,5.366666666666666,2,2,5,0.49999999999999994,0.8660254037844387,0.9749279121818236,-0.22252093395631434
2016-05-04 03:00:00,610.8333333333334,5.866666666666667,3,2,5,0.7071067811865475,0.7071067811865476,0.9749279121818236,-0.22252093395631434
2016-05-04 04:00:00,538.1666666666666,5.666666666666667,4,2,5,0.8660254037844386,0.5000000000000001,0.9749279121818236,-0.22252093395631434
2016-05-04 05:00:00,246.66666666666666,4.666666666666666,5,2,5,0.9659258262890683,0.25881904510252074,0.9749279121818236,-0.22252093395631434
2016-05-04 06:00:00,245.83333333333334,4.683333333333334,6,2,5,1.0,6.123233995736766e-17,0.9749279121818236,-0.22252093395631434
2016-05-04 07:00:00,273.5,4.9,7,2,5,0.9659258262890683,-0.25881904510252063,0.9749279121818236,-0.22252093395631434
2016-05-04 08:00:00,127.16666666666667,3.883333333333334,8,2,5,0.8660254037844387,-0.49999999999999983,0.9749279121818236,-0.22252093395631434
2016-05-04 09:00:00,306.8333333333333,5.033333333333333,9,2,5,0.7071067811865476,-0.7071067811865475,0.9749279121818236,-0.22252093395631434
2016-05-04 10:00:00,279.3333333333333,4.866666666666666,10,2,5,0.49999999999999994,-0.8660254037844387,0.9749279121818236,-0.22252093395631434
2016-05-04 11:00:00,143.33333333333334,4.05,11,2,5,0.258819045102521,-0.9659258262890682,0.9749279121818236,-0.22252093395631434
2016-05-04 12:00:00,138.0,4.033333333333334,12,2,5,1.2246467991473532e-16,-1.0,0.9749279121818236,-0.22252093395631434
2016-05-04 13:00:00,129.33333333333334,3.8666666666666667,13,2,5,-0.2588190451025208,-0.9659258262890683,0.9749279121818236,-0.22252093395631434
2016-05-04 14:00:00,4.333333333333333,3.216666666666667,14,2,5,-0.4999999999999998,-0.8660254037844388,0.9749279121818236,-0.22252093395631434
2016-05-04 15:00:00,123.16666666666667,3.983333333333333,15,2,5,-0.7071067811865471,-0.7071067811865479,0.9749279121818236,-0.22252093395631434
2016-05-04 16:00:00,281.3333333333333,4.6,16,2,5,-0.8660254037844384,-0.5000000000000004,0.9749279121818236,-0.22252093395631434
2016-05-04 17:00:00,326.3333333333333,4.966666666666667,17,2,5,-0.9659258262890683,-0.25881904510252063,0.9749279121818236,-0.22252093395631434
2016-05-04 18:00:00,224.33333333333334,4.6000000000000005,18,2,5,-1.0,-1.8369701987210297e-16,0.9749279121818236,-0.22252093395631434
2016-05-04 19:00:00,386.0,5.266666666666667,19,2,5,-0.9659258262890684,0.2588190451025203,0.9749279121818236,-0.22252093395631434
2016-05-04 20:00:00,345.1666666666667,4.916666666666667,20,2,5,-0.8660254037844386,0.5000000000000001,0.9749279121818236,-0.22252093395631434
2016-05-04 21:00:00,559.3333333333334,5.666666666666667,21,2,5,-0.7071067811865477,0.7071067811865474,0.9749279121818236,-0.22252093395631434
2016-05-04 22:00:00,1243.6666666666667,7.333333333333333,22,2,5,-0.5000000000000004,0.8660254037844384,0.9749279121818236,-0.22252093395631434
2016-05-04 23:00:00,1723.0,8.666666666666666,23,2,5,-0.25881904510252157,0.9659258262890681,0.9749279121818236,-0.22252093395631434
2016-05-05 00:00:00,1744.1666666666667,9.116666666666667,0,3,5,0.0,1.0,0.43388373911755823,-0.900968867902419
2016-05-05 01:00:00,412.0,5.15,1,3,5,0.25881904510252074,0.9659258262890683,0.43388373911755823,-0.900968867902419
2016-05-05 02:00:00,354.3333333333333,4.983333333333333,2,3,5,0.49999999999999994,0.8660254037844387,0.43388373911755823,-0.900968867902419
2016-05-05 03:00:00,61.5,3.15,3,3,5,0.7071067811865475,0.7071067811865476,0.43388373911755823,-0.900968867902419
2016-05-05 04:00:00,-1.3333333333333333,1.2166666666666668,4,3,5,0.8660254037844386,0.5000000000000001,0.43388373911755823,-0.900968867902419
2016-05-05 05:00:00,123.5,3.6166666666666667,5,3,5,0.9659258262890683,0.25881904510252074,0.43388373911755823,-0.900968867902419
2016-05-05 06:00:00,184.66666666666666,4.333333333333333,6,3,5,1.0,6.123233995736766e-17,0.43388373911755823,-0.900968867902419
2016-05-05 07:00:00,217.33333333333334,4.316666666666666,7,3,5,0.9659258262890683,-0.25881904510252063,0.43388373911755823,-0.900968867902419
2016-05-05 08:00:00,298.0,4.966666666666667,8,3,5,0.8660254037844387,-0.49999999999999983,0.43388373911755823,-0.900968867902419
2016-05-05 09:00:00,152.83333333333334,4.216666666666667,9,3,5,0.7071067811865476,-0.7071067811865475,0.43388373911755823,-0.900968867902419
2016-05-05 10:00:00,191.33333333333334,4.300000000000001,10,3,5,0.49999999999999994,-0.8660254037844387,0.43388373911755823,-0.900968867902419
2016-05-05 11:00:00,350.3333333333333,5.25,11,3,5,0.258819045102521,-0.9659258262890682,0.43388373911755823,-0.900968867902419
2016-05-05 12:00:00,335.3333333333333,5.333333333333333,12,3,5,1.2246467991473532e-16,-1.0,0.43388373911755823,-0.900968867902419
2016-05-05 13:00:00,348.3333333333333,5.366666666666666,13,3,5,-0.2588190451025208,-0.9659258262890683,0.43388373911755823,-0.900968867902419
2016-05-05 14:00:00,556.1666666666666,5.816666666666666,14,3,5,-0.4999999999999998,-0.8660254037844388,0.43388373911755823,-0.900968867902419
2016-05-05 15:00:00,534.3333333333334,5.95,15,3,5,-0.7071067811865471,-0.7071067811865479,0.43388373911755823,-0.900968867902419
2016-05-05 16:00:00,605.0,6.033333333333332,16,3,5,-0.8660254037844384,-0.5000000000000004,0.43388373911755823,-0.900968867902419
2016-05-05 17:00:00,754.0,6.45,17,3,5,-0.9659258262890683,-0.25881904510252063,0.43388373911755823,-0.900968867902419
2016-05-05 18:00:00,892.0,6.8500000000000005,18,3,5,-1.0,-1.8369701987210297e-16,0.43388373911755823,-0.900968867902419
2016-05-05 19:00:00,320.3333333333333,4.916666666666666,19,3,5,-0.9659258262890684,0.2588190451025203,0.43388373911755823,-0.900968867902419
2016-05-05 20:00:00,422.5,5.033333333333333,20,3,5,-0.8660254037844386,0.5000000000000001,0.43388373911755823,-0.900968867902419
2016-05-05 21:00:00,456.0,5.216666666666666,21,3,5,-0.7071067811865477,0.7071067811865474,0.43388373911755823,-0.900968867902419
2016-05-05 22:00:00,788.6666666666666,5.883333333333333,22,3,5,-0.5000000000000004,0.8660254037844384,0.43388373911755823,-0.900968867902419
2016-05-05 23:00:00,1329.6666666666667,7.616666666666666,23,3,5,-0.25881904510252157,0.9659258262890681,0.43388373911755823,-0.900968867902419
2016-05-06 00:00:00,1158.6666666666667,7.083333333333333,0,4,5,0.0,1.0,-0.433883739117558,-0.9009688679024191
2016-05-06 01:00:00,532.1666666666666,5.583333333333333,1,4,5,0.25881904510252074,0.9659258262890683,-0.433883739117558,-0.9009688679024191
2016-05-06 02:00:00,460.6666666666667,5.666666666666667,2,4,5,0.49999999999999994,0.8660254037844387,-0.433883739117558,-0.9009688679024191
2016-05-06 03:00:00,428.5,5.383333333333333,3,4,5,0.7071067811865475,0.7071067811865476,-0.433883739117558,-0.9009688679024191
2016-05-06 04:00:00,280.0,4.966666666666667,4,4,5,0.8660254037844386,0.5000000000000001,-0.433883739117558,-0.9009688679024191
2016-05-06 05:00:00,317.1666666666667,4.866666666666667,5,4,5,0.9659258262890683,0.25881904510252074,-0.433883739117558,-0.9009688679024191
2016-05-06 06:00:00,281.3333333333333,4.916666666666667,6,4,5,1.0,6.123233995736766e-17,-0.433883739117558,-0.9009688679024191
2016-05-06 07:00:00,274.5,4.783333333333334,7,4,5,0.9659258262890683,-0.25881904510252063,-0.433883739117558,-0.9009688679024191
2016-05-06 08:00:00,146.5,4.116666666666666,8,4,5,0.8660254037844387,-0.49999999999999983,-0.433883739117558,-0.9009688679024191
2016-05-06 09:00:00,456.3333333333333,5.433333333333334,9,4,5,0.7071067811865476,-0.7071067811865475,-0.433883739117558,-0.9009688679024191
2016-05-06 10:00:00,308.6666666666667,5.15,10,4,5,0.49999999999999994,-0.8660254037844387,-0.433883739117558,-0.9009688679024191
2016-05-06 11:00:00,163.16666666666666,4.383333333333334,11,4,5,0.258819045102521,-0.9659258262890682,-0.433883739117558,-0.9009688679024191
2016-05-06 12:00:00,209.33333333333334,4.733333333333333,12,4,5,1.2246467991473532e-16,-1.0,-0.433883739117558,-0.9009688679024191
2016-05-06 13:00:00,96.66666666666667,3.9499999999999997,13,4,5,-0.2588190451025208,-0.9659258262890683,-0.433883739117558,-0.9009688679024191
2016-05-06 14:00:00,195.33333333333334,4.416666666666667,14,4,5,-0.4999999999999998,-0.8660254037844388,-0.433883739117558,-0.9009688679024191
2016-05-06 15:00:00,204.0,4.5,15,4,5,-0.7071067811865471,-0.7071067811865479,-0.433883739117558,-0.9009688679024191
2016-05-06 16:00:00,252.83333333333334,4.716666666666666,16,4,5,-0.8660254037844384,-0.5000000000000004,-0.433883739117558,-0.9009688679024191
2016-05-06 17:00:00,211.16666666666666,4.3999999999999995,17,4,5,-0.9659258262890683,-0.25881904510252063,-0.433883739117558,-0.9009688679024191
2016-05-06 18:00:00,222.0,4.466666666666666,18,4,5,-1.0,-1.8369701987210297e-16,-0.433883739117558,-0.9009688679024191
2016-05-06 19:00:00,116.83333333333333,3.733333333333333,19,4,5,-0.9659258262890684,0.2588190451025203,-0.433883739117558,-0.9009688679024191
2016-05-06 20:00:00,163.33333333333334,3.8833333333333333,20,4,5,-0.8660254037844386,0.5000000000000001,-0.433883739117558,-0.9009688679024191
2016-05-06 21:00:00,109.33333333333333,3.783333333333333,21,4,5,-0.7071067811865477,0.7071067811865474,-0.433883739117558,-0.9009688679024191
2016-05-06 22:00:00,667.8333333333334,5.583333333333332,22,4,5,-0.5000000000000004,0.8660254037844384,-0.433883739117558,-0.9009688679024191
2016-05-06 23:00:00,1680.3333333333333,9.483333333333334,23,4,5,-0.25881904510252157,0.9659258262890681,-0.433883739117558,-0.9009688679024191
2016-05-07 00:00:00,1853.3333333333333,8.966666666666667,0,5,5,0.0,1.0,-0.9749279121818236,-0.2225209339563146
2016-05-07 01:00:00,1672.0,8.533333333333333,1,5,5,0.25881904510252074,0.9659258262890683,-0.9749279121818236,-0.2225209339563146
2016-05-07 02:00:00,1320.3333333333333,7.55,2,5,5,0.49999999999999994,0.8660254037844387,-0.9749279121818236,-0.2225209339563146
2016-05-07 03:00:00,923.6666666666666,6.7,3,5,5,0.7071067811865475,0.7071067811865476,-0.9749279121818236,-0.2225209339563146
2016-05-07 04:00:00,258.0,4.55,4,5,5,0.8660254037844386,0.5000000000000001,-0.9749279121818236,-0.2225209339563146
2016-05-07 05:00:00,207.33333333333334,4.166666666666667,5,5,5,0.9659258262890683,0.25881904510252074,-0.9749279121818236,-0.2225209339563146
2016-05-07 06:00:00,424.1666666666667,5.483333333333333,6,5,5,1.0,6.123233995736766e-17,-0.9749279121818236,-0.2225209339563146
2016-05-07 07:00:00,463.1666666666667,5.266666666666667,7,5,5,0.9659258262890683,-0.25881904510252063,-0.9749279121818236,-0.2225209339563146
2016-05-07 08:00:00,303.3333333333333,4.933333333333334,8,5,5,0.8660254037844387,-0.49999999999999983,-0.9749279121818236,-0.2225209339563146
2016-05-07 09:00:00,87.33333333333333,3.516666666666667,9,5,5,0.7071067811865476,-0.7071067811865475,-0.9749279121818236,-0.2225209339563146
2016-05-07 10:00:00,406.8333333333333,5.216666666666668,10,5,5,0.49999999999999994,-0.8660254037844387,-0.9749279121818236,-0.2225209339563146
2016-05-07 11:00:00,364.6666666666667,5.366666666666667,11,5,5,0.258819045102521,-0.9659258262890682,-0.9749279121818236,-0.2225209339563146
2016-05-07 12:00:00,415.1666666666667,5.566666666666666,12,5,5,1.2246467991473532e-16,-1.0,-0.9749279121818236,-0.2225209339563146
2016-05-07 13:00:00,443.8333333333333,5.5,13,5,5,-0.2588190451025208,-0.9659258262890683,-0.9749279121818236,-0.2225209339563146
2016-05-07 14:00:00,515.6666666666666,5.566666666666666,14,5,5,-0.4999999999999998,-0.8660254037844388,-0.9749279121818236,-0.2225209339563146
2016-05-07 15:00:00,536.0,5.816666666666667,15,5,5,-0.7071067811865471,-0.7071067811865479,-0.9749279121818236,-0.2225209339563146
2016-05-07 16:00:00,724.0,6.516666666666667,16,5,5,-0.8660254037844384,-0.5000000000000004,-0.9749279121818236,-0.2225209339563146
2016-05-07 17:00:00,557.3333333333334,5.983333333333333,17,5,5,-0.9659258262890683,-0.25881904510252063,-0.9749279121818236,-0.2225209339563146
2016-05-07 18:00:00,738.5,6.383333333333334,18,5,5,-1.0,-1.8369701987210297e-16,-0.9749279121818236,-0.2225209339563146
2016-05-07 19:00:00,559.6666666666666,5.866666666666666,19,5,5,-0.9659258262890684,0.2588190451025203,-0.9749279121818236,-0.2225209339563146
2016-05-07 20:00:00,717.8333333333334,6.016666666666667,20,5,5,-0.8660254037844386,0.5000000000000001,-0.9749279121818236,-0.2225209339563146
2016-05-07 21:00:00,1837.0,11.299999999999999,21,5,5,-0.7071067811865477,0.7071067811865474,-0.9749279121818236,-0.2225209339563146
2016-05-07 22:00:00,1805.6666666666667,8.833333333333334,22,5,5,-0.5000000000000004,0.8660254037844384,-0.9749279121818236,-0.2225209339563146
2016-05-07 23:00:00,1258.3333333333333,7.0,23,5,5,-0.25881904510252157,0.9659258262890681,-0.9749279121818236,-0.2225209339563146
2016-05-08 00:00:00,804.0,6.449999999999999,0,6,5,0.0,1.0,-0.7818314824680299,0.6234898018587334
2016-05-08 01:00:00,1554.0,9.616666666666665,1,6,5,0.25881904510252074,0.9659258262890683,-0.7818314824680299,0.6234898018587334
2016-05-08 02:00:00,1400.6666666666667,8.466666666666667,2,6,5,0.49999999999999994,0.8660254037844387,-0.7818314824680299,0.6234898018587334
2016-05-08 03:00:00,1070.1666666666667,7.416666666666667,3,6,5,0.7071067811865475,0.7071067811865476,-0.7818314824680299,0.6234898018587334
2016-05-08 04:00:00,1299.1666666666667,8.283333333333333,4,6,5,0.8660254037844386,0.5000000000000001,-0.7818314824680299,0.6234898018587334
2016-05-08 05:00:00,1939.3333333333333,11.216666666666667,5,6,5,0.9659258262890683,0.25881904510252074,-0.7818314824680299,0.6234898018587334
2016-05-08 06:00:00,1935.0,10.700000000000001,6,6,5,1.0,6.123233995736766e-17,-0.7818314824680299,0.6234898018587334
2016-05-08 07:00:00,1928.0,10.316666666666666,7,6,5,0.9659258262890683,-0.25881904510252063,-0.7818314824680299,0.6234898018587334
2016-05-08 08:00:00,1190.5,7.800000000000001,8,6,5,0.8660254037844387,-0.49999999999999983,-0.7818314824680299,0.6234898018587334
2016-05-08 09:00:00,233.0,4.7,9,6,5,0.7071067811865476,-0.7071067811865475,-0.7818314824680299,0.6234898018587334
2016-05-08 10:00:00,417.6666666666667,5.433333333333333,10,6,5,0.49999999999999994,-0.8660254037844387,-0.7818314824680299,0.6234898018587334
2016-05-08 11:00:00,691.3333333333334,6.466666666666668,11,6,5,0.258819045102521,-0.9659258262890682,-0.7818314824680299,0.6234898018587334
2016-05-08 12:00:00,1123.6666666666667,7.716666666666668,12,6,5,1.2246467991473532e-16,-1.0,-0.7818314824680299,0.6234898018587334
2016-05-08 13:00:00,1100.5,7.749999999999999,13,6,5,-0.2588190451025208,-0.9659258262890683,-0.7818314824680299,0.6234898018587334
2016-05-08 14:00:00,908.0,6.95,14,6,5,-0.4999999999999998,-0.8660254037844388,-0.7818314824680299,0.6234898018587334
2016-05-08 15:00:00,906.6666666666666,7.1000000000000005,15,6,5,-0.7071067811865471,-0.7071067811865479,-0.7818314824680299,0.6234898018587334
2016-05-08 16:00:00,1369.6666666666667,8.666666666666668,16,6,5,-0.8660254037844384,-0.5000000000000004,-0.7818314824680299,0.6234898018587334
2016-05-08 17:00:00,1319.0,8.45,17,6,5,-0.9659258262890683,-0.25881904510252063,-0.7818314824680299,0.6234898018587334
2016-05-08 18:00:00,1181.0,7.983333333333333,18,6,5,-1.0,-1.8369701987210297e-16,-0.7818314824680299,0.6234898018587334
2016-05-08 19:00:00,1494.8333333333333,9.083333333333334,19,6,5,-0.9659258262890684,0.2588190451025203,-0.7818314824680299,0.6234898018587334
2016-05-08 20:00:00,1762.0,10.516666666666667,20,6,5,-0.8660254037844386,0.5000000000000001,-0.7818314824680299,0.6234898018587334
2016-05-08 21:00:00,1838.1666666666667,12.899999999999999,21,6,5,-0.7071067811865477,0.7071067811865474,-0.7818314824680299,0.6234898018587334
2016-05-08 22:00:00,1362.6666666666667,9.883333333333331,22,6,5,-0.5000000000000004,0.8660254037844384,-0.7818314824680299,0.6234898018587334
2016-05-08 23:00:00,1120.5,7.633333333333333,23,6,5,-0.25881904510252157,0.9659258262890681,-0.7818314824680299,0.6234898018587334
2016-05-09 00:00:00,1545.3333333333333,9.233333333333334,0,0,5,0.0,1.0,0.0,1.0
2016-05-09 01:00:00,1784.8333333333333,9.833333333333334,1,0,5,0.25881904510252074,0.9659258262890683,0.0,1.0
2016-05-09 02:00:00,1714.3333333333333,10.216666666666667,2,0,5,0.49999999999999994,0.8660254037844387,0.0,1.0
2016-05-09 03:00:00,1842.8333333333333,11.633333333333333,3,0,5,0.7071067811865475,0.7071067811865476,0.0,1.0
2016-05-09 04:00:00,1820.3333333333333,11.666666666666666,4,0,5,0.8660254037844386,0.5000000000000001,0.0,1.0
2016-05-09 05:00:00,1832.6666666666667,12.483333333333333,5,0,5,0.9659258262890683,0.25881904510252074,0.0,1.0
2016-05-09 06:00:00,1952.8333333333333,12.950000000000001,6,0,5,1.0,6.123233995736766e-17,0.0,1.0
2016-05-09 07:00:00,1810.6666666666667,11.0,7,0,5,0.9659258262890683,-0.25881904510252063,0.0,1.0
2016-05-09 08:00:00,623.6666666666666,6.500000000000001,8,0,5,0.8660254037844387,-0.49999999999999983,0.0,1.0
2016-05-09 09:00:00,494.6666666666667,5.716666666666668,9,0,5,0.7071067811865476,-0.7071067811865475,0.0,1.0
2016-05-09 10:00:00,593.3333333333334,6.133333333333334,10,0,5,0.49999999999999994,-0.8660254037844387,0.0,1.0
2016-05-09 11:00:00,658.1666666666666,6.316666666666667,11,0,5,0.258819045102521,-0.9659258262890682,0.0,1.0
2016-05-09 12:00:00,-3.0,4.533333333333333,12,0,5,1.2246467991473532e-16,-1.0,0.0,1.0
2016-05-09 13:00:00,254.5,5.233333333333333,13,0,5,-0.2588190451025208,-0.9659258262890683,0.0,1.0
2016-05-09 14:00:00,484.1666666666667,6.066666666666666,14,0,5,-0.4999999999999998,-0.8660254037844388,0.0,1.0
2016-05-09 15:00:00,524.1666666666666,6.083333333333333,15,0,5,-0.7071067811865471,-0.7071067811865479,0.0,1.0
2016-05-09 16:00:00,424.5,5.666666666666667,16,0,5,-0.8660254037844384,-0.5000000000000004,0.0,1.0
2016-05-09 17:00:00,376.0,5.566666666666666,17,0,5,-0.9659258262890683,-0.25881904510252063,0.0,1.0
2016-05-09 18:00:00,737.5,6.566666666666666,18,0,5,-1.0,-1.8369701987210297e-16,0.0,1.0
2016-05-09 19:00:00,1381.3333333333333,8.583333333333334,19,0,5,-0.9659258262890684,0.2588190451025203,0.0,1.0
2016-05-09 20:00:00,1689.0,10.15,20,0,5,-0.8660254037844386,0.5000000000000001,0.0,1.0
2016-05-09 21:00:00,1695.8333333333333,12.366666666666667,21,0,5,-0.7071067811865477,0.7071067811865474,0.0,1.0
2016-05-09 22:00:00,1343.0,7.466666666666666,22,0,5,-0.5000000000000004,0.8660254037844384,0.0,1.0
2016-05-09 23:00:00,1096.3333333333333,6.8166666666666655,23,0,5,-0.25881904510252157,0.9659258262890681,0.0,1.0
2016-05-10 00:00:00,978.0,6.949999999999999,0,1,5,0.0,1.0,0.7818314824680298,0.6234898018587336
2016-05-10 01:00:00,543.0,5.816666666666666,1,1,5,0.25881904510252074,0.9659258262890683,0.7818314824680298,0.6234898018587336
2016-05-10 02:00:00,409.3333333333333,5.316666666666666,2,1,5,0.49999999999999994,0.8660254037844387,0.7818314824680298,0.6234898018587336
2016-05-10 03:00:00,265.5,4.7,3,1,5,0.7071067811865475,0.7071067811865476,0.7818314824680298,0.6234898018587336
2016-05-10 04:00:00,256.6666666666667,4.999999999999999,4,1,5,0.8660254037844386,0.5000000000000001,0.7818314824680298,0.6234898018587336
2016-05-10 05:00:00,629.0,6.116666666666666,5,1,5,0.9659258262890683,0.25881904510252074,0.7818314824680298,0.6234898018587336
2016-05-10 06:00:00,1003.6666666666666,7.2,6,1,5,1.0,6.123233995736766e-17,0.7818314824680298,0.6234898018587336
2016-05-10 07:00:00,1116.3333333333333,7.833333333333333,7,1,5,0.9659258262890683,-0.25881904510252063,0.7818314824680298,0.6234898018587336
2016-05-10 08:00:00,248.16666666666666,4.8500000000000005,8,1,5,0.8660254037844387,-0.49999999999999983,0.7818314824680298,0.6234898018587336
2016-05-10 09:00:00,165.16666666666666,4.483333333333333,9,1,5,0.7071067811865476,-0.7071067811865475,0.7818314824680298,0.6234898018587336
2016-05-10 10:00:00,160.16666666666666,4.35,10,1,5,0.49999999999999994,-0.8660254037844387,0.7818314824680298,0.6234898018587336
2016-05-10 11:00:00,290.8333333333333,5.1,11,1,5,0.258819045102521,-0.9659258262890682,0.7818314824680298,0.6234898018587336
2016-05-10 12:00:00,312.8333333333333,5.166666666666667,12,1,5,1.2246467991473532e-16,-1.0,0.7818314824680298,0.6234898018587336
2016-05-10 13:00:00,106.16666666666667,3.9000000000000004,13,1,5,-0.2588190451025208,-0.9659258262890683,0.7818314824680298,0.6234898018587336
2016-05-10 14:00:00,-3.1666666666666665,3.3000000000000003,14,1,5,-0.4999999999999998,-0.8660254037844388,0.7818314824680298,0.6234898018587336
2016-05-10 15:00:00,-2.5,2.7166666666666663,15,1,5,-0.7071067811865471,-0.7071067811865479,0.7818314824680298,0.6234898018587336
2016-05-10 16:00:00,-3.3333333333333335,3.766666666666667,16,1,5,-0.8660254037844384,-0.5000000000000004,0.7818314824680298,0.6234898018587336
2016-05-10 17:00:00,1345.3333333333333,9.35,17,1,5,-0.9659258262890683,-0.25881904510252063,0.7818314824680298,0.6234898018587336
2016-05-10 18:00:00,126.33333333333333,3.783333333333333,18,1,5,-1.0,-1.8369701987210297e-16,0.7818314824680298,0.6234898018587336
2016-05-10 19:00:00,151.66666666666666,4.033333333333334,19,1,5,-0.9659258262890684,0.2588190451025203,0.7818314824680298,0.6234898018587336
2016-05-10 20:00:00,38.833333333333336,2.8000000000000003,20,1,5,-0.8660254037844386,0.5000000000000001,0.7818314824680298,0.6234898018587336
2016-05-10 21:00:00,-2.1666666666666665,1.3833333333333335,21,1,5,-0.7071067811865477,0.7071067811865474,0.7818314824680298,0.6234898018587336
2016-05-10 22:00:00,112.0,3.533333333333333,22,1,5,-0.5000000000000004,0.8660254037844384,0.7818314824680298,0.6234898018587336
2016-05-10 23:00:00,227.16666666666666,4.533333333333334,23,1,5,-0.25881904510252157,0.9659258262890681,0.7818314824680298,0.6234898018587336
2016-05-11 00:00:00,282.8333333333333,4.8,0,2,5,0.0,1.0,0.9749279121818236,-0.22252093395631434
2016-05-11 01:00:00,65.66666666666667,3.2000000000000006,1,2,5,0.25881904510252074,0.9659258262890683,0.9749279121818236,-0.22252093395631434
2016-05-11 02:00:00,4.166666666666667,1.9000000000000001,2,2,5,0.49999999999999994,0.8660254037844387,0.9749279121818236,-0.22252093395631434
2016-05-11 03:00:00,36.166666666666664,2.7833333333333337,3,2,5,0.7071067811865475,0.7071067811865476,0.9749279121818236,-0.22252093395631434
2016-05-11 04:00:00,99.33333333333333,3.4166666666666665,4,2,5,0.8660254037844386,0.5000000000000001,0.9749279121818236,-0.22252093395631434
2016-05-11 05:00:00,210.5,4.533333333333332,5,2,5,0.9659258262890683,0.25881904510252074,0.9749279121818236,-0.22252093395631434
2016-05-11 06:00:00,233.33333333333334,4.683333333333334,6,2,5,1.0,6.123233995736766e-17,0.9749279121818236,-0.22252093395631434
2016-05-11 07:00:00,191.5,4.283333333333332,7,2,5,0.9659258262890683,-0.25881904510252063,0.9749279121818236,-0.22252093395631434
2016-05-11 08:00:00,166.83333333333334,4.383333333333334,8,2,5,0.8660254037844387,-0.49999999999999983,0.9749279121818236,-0.22252093395631434
2016-05-11 09:00:00,-2.1666666666666665,3.283333333333333,9,2,5,0.7071067811865476,-0.7071067811865475,0.9749279121818236,-0.22252093395631434
2016-05-11 10:00:00,-2.0,3.316666666666667,10,2,5,0.49999999999999994,-0.8660254037844387,0.9749279121818236,-0.22252093395631434
2016-05-11 11:00:00,-2.5,3.1833333333333336,11,2,5,0.258819045102521,-0.9659258262890682,0.9749279121818236,-0.22252093395631434
2016-05-11 12:00:00,-3.3333333333333335,3.65,12,2,5,1.2246467991473532e-16,-1.0,0.9749279121818236,-0.22252093395631434
2016-05-11 13:00:00,-2.0,4.55,13,2,5,-0.2588190451025208,-0.9659258262890683,0.9749279121818236,-0.22252093395631434
2016-05-11 14:00:00,-2.6666666666666665,6.233333333333333,14,2,5,-0.4999999999999998,-0.8660254037844388,0.9749279121818236,-0.22252093395631434
2016-05-11 15:00:00,-3.0,6.516666666666667,15,2,5,-0.7071067811865471,-0.7071067811865479,0.9749279121818236,-0.22252093395631434
2016-05-11 16:00:00,-2.8333333333333335,6.133333333333333,16,2,5,-0.8660254037844384,-0.5000000000000004,0.9749279121818236,-0.22252093395631434
2016-05-11 17:00:00,-3.6666666666666665,4.166666666666667,17,2,5,-0.9659258262890683,-0.25881904510252063,0.9749279121818236,-0.22252093395631434
2016-05-11 18:00:00,1450.5,8.883333333333331,18,2,5,-1.0,-1.8369701987210297e-16,0.9749279121818236,-0.22252093395631434
2016-05-11 19:00:00,1569.5,8.9,19,2,5,-0.9659258262890684,0.2588190451025203,0.9749279121818236,-0.22252093395631434
2016-05-11 20:00:00,1937.3333333333333,10.149999999999999,20,2,5,-0.8660254037844386,0.5000000000000001,0.9749279121818236,-0.22252093395631434
2016-05-11 21:00:00,2002.5,11.733333333333334,21,2,5,-0.7071067811865477,0.7071067811865474,0.9749279121818236,-0.22252093395631434
2016-05-11 22:00:00,2001.6666666666667,12.283333333333333,22,2,5,-0.5000000000000004,0.8660254037844384,0.9749279121818236,-0.22252093395631434
2016-05-11 23:00:00,1993.0,11.083333333333334,23,2,5,-0.25881904510252157,0.9659258262890681,0.9749279121818236,-0.22252093395631434
2016-05-12 00:00:00,1575.3333333333333,9.166666666666666,0,3,5,0.0,1.0,0.43388373911755823,-0.900968867902419
2016-05-12 01:00:00,1335.8333333333333,7.983333333333334,1,3,5,0.25881904510252074,0.9659258262890683,0.43388373911755823,-0.900968867902419
2016-05-12 02:00:00,1302.6666666666667,7.666666666666667,2,3,5,0.49999999999999994,0.8660254037844387,0.43388373911755823,-0.900968867902419
2016-05-12 03:00:00,1048.5,7.016666666666667,3,3,5,0.7071067811865475,0.7071067811865476,0.43388373911755823,-0.900968867902419
2016-05-12 04:00:00,742.5,6.033333333333334,4,3,5,0.8660254037844386,0.5000000000000001,0.43388373911755823,-0.900968867902419
2016-05-12 05:00:00,1606.1666666666667,8.233333333333333,5,3,5,0.9659258262890683,0.25881904510252074,0.43388373911755823,-0.900968867902419
2016-05-12 06:00:00,1096.0,7.366666666666667,6,3,5,1.0,6.123233995736766e-17,0.43388373911755823,-0.900968867902419
2016-05-12 07:00:00,651.5,5.883333333333334,7,3,5,0.9659258262890683,-0.25881904510252063,0.43388373911755823,-0.900968867902419
2016-05-12 08:00:00,257.8333333333333,5.433333333333334,8,3,5,0.8660254037844387,-0.49999999999999983,0.43388373911755823,-0.900968867902419
2016-05-12 09:00:00,-2.1666666666666665,4.466666666666667,9,3,5,0.7071067811865476,-0.7071067811865475,0.43388373911755823,-0.900968867902419
2016-05-12 10:00:00,-3.0,3.3666666666666667,10,3,5,0.49999999999999994,-0.8660254037844387,0.43388373911755823,-0.900968867902419
2016-05-12 11:00:00,-3.1666666666666665,3.9000000000000004,11,3,5,0.258819045102521,-0.9659258262890682,0.43388373911755823,-0.900968867902419
2016-05-12 12:00:00,-2.8333333333333335,4.166666666666667,12,3,5,1.2246467991473532e-16,-1.0,0.43388373911755823,-0.900968867902419
2016-05-12 13:00:00,-2.8333333333333335,4.116666666666666,13,3,5,-0.2588190451025208,-0.9659258262890683,0.43388373911755823,-0.900968867902419
2016-05-12 14:00:00,-3.0,4.466666666666666,14,3,5,-0.4999999999999998,-0.8660254037844388,0.43388373911755823,-0.900968867902419
2016-05-12 15:00:00,-3.0,4.216666666666667,15,3,5,-0.7071067811865471,-0.7071067811865479,0.43388373911755823,-0.900968867902419
2016-05-12 16:00:00,-3.1666666666666665,5.366666666666667,16,3,5,-0.8660254037844384,-0.5000000000000004,0.43388373911755823,-0.900968867902419
2016-05-12 17:00:00,1331.3333333333333,8.166666666666666,17,3,5,-0.9659258262890683,-0.25881904510252063,0.43388373911755823,-0.900968867902419
2016-05-12 18:00:00,1428.0,8.433333333333334,18,3,5,-1.0,-1.8369701987210297e-16,0.43388373911755823,-0.900968867902419
2016-05-12 19:00:00,1932.3333333333333,12.066666666666668,19,3,5,-0.9659258262890684,0.2588190451025203,0.43388373911755823,-0.900968867902419
2016-05-12 20:00:00,1832.1666666666667,10.983333333333334,20,3,5,-0.8660254037844386,0.5000000000000001,0.43388373911755823,-0.900968867902419
2016-05-12 21:00:00,1511.1666666666667,8.516666666666666,21,3,5,-0.7071067811865477,0.7071067811865474,0.43388373911755823,-0.900968867902419
2016-05-12 22:00:00,1162.8333333333333,7.616666666666666,22,3,5,-0.5000000000000004,0.8660254037844384,0.43388373911755823,-0.900968867902419
2016-05-12 23:00:00,871.5,6.566666666666666,23,3,5,-0.25881904510252157,0.9659258262890681,0.43388373911755823,-0.900968867902419
2016-05-13 00:00:00,745.8333333333334,6.25,0,4,5,0.0,1.0,-0.433883739117558,-0.9009688679024191
2016-05-13 01:00:00,1379.6666666666667,8.066666666666666,1,4,5,0.25881904510252074,0.9659258262890683,-0.433883739117558,-0.9009688679024191
2016-05-13 02:00:00,1835.8333333333333,9.216666666666667,2,4,5,0.49999999999999994,0.8660254037844387,-0.433883739117558,-0.9009688679024191
2016-05-13 03:00:00,1831.0,9.55,3,4,5,0.7071067811865475,0.7071067811865476,-0.433883739117558,-0.9009688679024191
2016-05-13 04:00:00,1309.1666666666667,7.766666666666667,4,4,5,0.8660254037844386,0.5000000000000001,-0.433883739117558,-0.9009688679024191
2016-05-13 05:00:00,766.6666666666666,6.333333333333333,5,4,5,0.9659258262890683,0.25881904510252074,-0.433883739117558,-0.9009688679024191
2016-05-13 06:00:00,368.6666666666667,5.066666666666666,6,4,5,1.0,6.123233995736766e-17,-0.433883739117558,-0.9009688679024191
2016-05-13 07:00:00,1604.8333333333333,8.6,7,4,5,0.9659258262890683,-0.25881904510252063,-0.433883739117558,-0.9009688679024191
2016-05-13 08:00:00,1553.3333333333333,8.733333333333333,8,4,5,0.8660254037844387,-0.49999999999999983,-0.433883739117558,-0.9009688679024191
2016-05-13 09:00:00,1039.6666666666667,7.1499999999999995,9,4,5,0.7071067811865476,-0.7071067811865475,-0.433883739117558,-0.9009688679024191
2016-05-13 10:00:00,623.0,5.816666666666667,10,4,5,0.49999999999999994,-0.8660254037844387,-0.433883739117558,-0.9009688679024191
2016-05-13 11:00:00,625.8333333333334,5.949999999999999,11,4,5,0.258819045102521,-0.9659258262890682,-0.433883739117558,-0.9009688679024191
2016-05-13 12:00:00,326.6666666666667,4.766666666666667,12,4,5,1.2246467991473532e-16,-1.0,-0.433883739117558,-0.9009688679024191
2016-05-13 13:00:00,35.333333333333336,2.9166666666666665,13,4,5,-0.2588190451025208,-0.9659258262890683,-0.433883739117558,-0.9009688679024191
2016-05-13 14:00:00,34.166666666666664,2.9166666666666674,14,4,5,-0.4999999999999998,-0.8660254037844388,-0.433883739117558,-0.9009688679024191
2016-05-13 15:00:00,217.16666666666666,3.8833333333333333,15,4,5,-0.7071067811865471,-0.7071067811865479,-0.433883739117558,-0.9009688679024191
2016-05-13 16:00:00,1410.5,9.15,16,4,5,-0.8660254037844384,-0.5000000000000004,-0.433883739117558,-0.9009688679024191
2016-05-13 17:00:00,1581.8333333333333,8.833333333333334,17,4,5,-0.9659258262890683,-0.25881904510252063,-0.433883739117558,-0.9009688679024191
2016-05-13 18:00:00,969.5,6.6499999999999995,18,4,5,-1.0,-1.8369701987210297e-16,-0.433883739117558,-0.9009688679024191
2016-05-13 19:00:00,1974.3333333333333,11.216666666666667,19,4,5,-0.9659258262890684,0.2588190451025203,-0.433883739117558,-0.9009688679024191
2016-05-13 20:00:00,1314.8333333333333,7.6000000000000005,20,4,5,-0.8660254037844386,0.5000000000000001,-0.433883739117558,-0.9009688679024191
2016-05-13 21:00:00,667.1666666666666,5.933333333333334,21,4,5,-0.7071067811865477,0.7071067811865474,-0.433883739117558,-0.9009688679024191
2016-05-13 22:00:00,1059.3333333333333,7.033333333333334,22,4,5,-0.5000000000000004,0.8660254037844384,-0.433883739117558,-0.9009688679024191
2016-05-13 23:00:00,1525.1666666666667,8.283333333333331,23,4,5,-0.25881904510252157,0.9659258262890681,-0.433883739117558,-0.9009688679024191
2016-05-14 00:00:00,876.5,6.3500000000000005,0,5,5,0.0,1.0,-0.9749279121818236,-0.2225209339563146
2016-05-14 01:00:00,662.0,5.8500000000000005,1,5,5,0.25881904510252074,0.9659258262890683,-0.9749279121818236,-0.2225209339563146
2016-05-14 02:00:00,468.8333333333333,5.433333333333334,2,5,5,0.49999999999999994,0.8660254037844387,-0.9749279121818236,-0.2225209339563146
2016-05-14 03:00:00,444.1666666666667,5.383333333333334,3,5,5,0.7071067811865475,0.7071067811865476,-0.9749279121818236,-0.2225209339563146
2016-05-14 04:00:00,667.0,5.900000000000001,4,5,5,0.8660254037844386,0.5000000000000001,-0.9749279121818236,-0.2225209339563146
2016-05-14 05:00:00,227.16666666666666,4.416666666666667,5,5,5,0.9659258262890683,0.25881904510252074,-0.9749279121818236,-0.2225209339563146
2016-05-14 06:00:00,399.0,4.6499999999999995,6,5,5,1.0,6.123233995736766e-17,-0.9749279121818236,-0.2225209339563146
2016-05-14 07:00:00,740.6666666666666,6.216666666666666,7,5,5,0.9659258262890683,-0.25881904510252063,-0.9749279121818236,-0.2225209339563146
2016-05-14 08:00:00,869.0,6.283333333333332,8,5,5,0.8660254037844387,-0.49999999999999983,-0.9749279121818236,-0.2225209339563146
2016-05-14 09:00:00,379.3333333333333,5.05,9,5,5,0.7071067811865476,-0.7071067811865475,-0.9749279121818236,-0.2225209339563146
2016-05-14 10:00:00,684.5,6.016666666666667,10,5,5,0.49999999999999994,-0.8660254037844387,-0.9749279121818236,-0.2225209339563146
2016-05-14 11:00:00,1157.6666666666667,7.3500000000000005,11,5,5,0.258819045102521,-0.9659258262890682,-0.9749279121818236,-0.2225209339563146
2016-05-14 12:00:00,1188.6666666666667,7.3999999999999995,12,5,5,1.2246467991473532e-16,-1.0,-0.9749279121818236,-0.2225209339563146
2016-05-14 13:00:00,1351.1666666666667,7.75,13,5,5,-0.2588190451025208,-0.9659258262890683,-0.9749279121818236,-0.2225209339563146
2016-05-14 14:00:00,1316.3333333333333,7.816666666666666,14,5,5,-0.4999999999999998,-0.8660254037844388,-0.9749279121818236,-0.2225209339563146
2016-05-14 15:00:00,537.3333333333334,5.8999999999999995,15,5,5,-0.7071067811865471,-0.7071067811865479,-0.9749279121818236,-0.2225209339563146
2016-05-14 16:00:00,807.6666666666666,6.616666666666667,16,5,5,-0.8660254037844384,-0.5000000000000004,-0.9749279121818236,-0.2225209339563146
2016-05-14 17:00:00,1271.8333333333333,7.766666666666666,17,5,5,-0.9659258262890683,-0.25881904510252063,-0.9749279121818236,-0.2225209339563146
2016-05-14 18:00:00,1286.0,7.833333333333332,18,5,5,-1.0,-1.8369701987210297e-16,-0.9749279121818236,-0.2225209339563146
2016-05-14 19:00:00,1385.1666666666667,8.083333333333334,19,5,5,-0.9659258262890684,0.2588190451025203,-0.9749279121818236,-0.2225209339563146
2016-05-14 20:00:00,874.6666666666666,6.616666666666666,20,5,5,-0.8660254037844386,0.5000000000000001,-0.9749279121818236,-0.2225209339563146
2016-05-14 21:00:00,1805.0,9.016666666666666,21,5,5,-0.7071067811865477,0.7071067811865474,-0.9749279121818236,-0.2225209339563146
2016-05-14 22:00:00,1643.8333333333333,8.433333333333334,22,5,5,-0.5000000000000004,0.8660254037844384,-0.9749279121818236,-0.2225209339563146
2016-05-14 23:00:00,1333.8333333333333,7.466666666666668,23,5,5,-0.25881904510252157,0.9659258262890681,-0.9749279121818236,-0.2225209339563146
2016-05-15 00:00:00,1443.8333333333333,8.3,0,6,5,0.0,1.0,-0.7818314824680299,0.6234898018587334
2016-05-15 01:00:00,1229.1666666666667,7.45,1,6,5,0.25881904510252074,0.9659258262890683,-0.7818314824680299,0.6234898018587334
2016-05-15 02:00:00,1490.8333333333333,8.116666666666665,2,6,5,0.49999999999999994,0.8660254037844387,-0.7818314824680299,0.6234898018587334
2016-05-15 03:00:00,1906.8333333333333,9.866666666666667,3,6,5,0.7071067811865475,0.7071067811865476,-0.7818314824680299,0.6234898018587334
2016-05-15 04:00:00,1587.3333333333333,9.283333333333333,4,6,5,0.8660254037844386,0.5000000000000001,-0.7818314824680299,0.6234898018587334
2016-05-15 05:00:00,806.5,6.716666666666666,5,6,5,0.9659258262890683,0.25881904510252074,-0.7818314824680299,0.6234898018587334
2016-05-15 06:00:00,535.1666666666666,5.716666666666668,6,6,5,1.0,6.123233995736766e-17,-0.7818314824680299,0.6234898018587334
2016-05-15 07:00:00,480.0,5.616666666666667,7,6,5,0.9659258262890683,-0.25881904510252063,-0.7818314824680299,0.6234898018587334
2016-05-15 08:00:00,522.8333333333334,5.800000000000001,8,6,5,0.8660254037844387,-0.49999999999999983,-0.7818314824680299,0.6234898018587334
2016-05-15 09:00:00,732.6666666666666,6.3500000000000005,9,6,5,0.7071067811865476,-0.7071067811865475,-0.7818314824680299,0.6234898018587334
2016-05-15 10:00:00,1187.0,7.616666666666667,10,6,5,0.49999999999999994,-0.8660254037844387,-0.7818314824680299,0.6234898018587334
2016-05-15 11:00:00,1047.3333333333333,7.266666666666667,11,6,5,0.258819045102521,-0.9659258262890682,-0.7818314824680299,0.6234898018587334
2016-05-15 12:00:00,1393.3333333333333,8.666666666666666,12,6,5,1.2246467991473532e-16,-1.0,-0.7818314824680299,0.6234898018587334
2016-05-15 13:00:00,1508.8333333333333,9.683333333333334,13,6,5,-0.2588190451025208,-0.9659258262890683,-0.7818314824680299,0.6234898018587334
2016-05-15 14:00:00,1594.1666666666667,9.683333333333334,14,6,5,-0.4999999999999998,-0.8660254037844388,-0.7818314824680299,0.6234898018587334
2016-05-15 15:00:00,1404.5,9.066666666666668,15,6,5,-0.7071067811865471,-0.7071067811865479,-0.7818314824680299,0.6234898018587334
2016-05-15 16:00:00,1881.0,13.433333333333335,16,6,5,-0.8660254037844384,-0.5000000000000004,-0.7818314824680299,0.6234898018587334
2016-05-15 17:00:00,1886.0,10.233333333333333,17,6,5,-0.9659258262890683,-0.25881904510252063,-0.7818314824680299,0.6234898018587334
2016-05-15 18:00:00,1900.0,11.016666666666667,18,6,5,-1.0,-1.8369701987210297e-16,-0.7818314824680299,0.6234898018587334
2016-05-15 19:00:00,1526.6666666666667,8.2,19,6,5,-0.9659258262890684,0.2588190451025203,-0.7818314824680299,0.6234898018587334
2016-05-15 20:00:00,695.3333333333334,5.983333333333334,20,6,5,-0.8660254037844386,0.5000000000000001,-0.7818314824680299,0.6234898018587334
2016-05-15 21:00:00,395.1666666666667,5.166666666666666,21,6,5,-0.7071067811865477,0.7071067811865474,-0.7818314824680299,0.6234898018587334
2016-05-15 22:00:00,188.5,4.383333333333333,22,6,5,-0.5000000000000004,0.8660254037844384,-0.7818314824680299,0.6234898018587334
2016-05-15 23:00:00,307.0,4.816666666666667,23,6,5,-0.25881904510252157,0.9659258262890681,-0.7818314824680299,0.6234898018587334
2016-05-16 00:00:00,666.8333333333334,6.033333333333332,0,0,5,0.0,1.0,0.0,1.0
2016-05-16 01:00:00,862.8333333333334,6.6000000000000005,1,0,5,0.25881904510252074,0.9659258262890683,0.0,1.0
2016-05-16 02:00:00,1420.1666666666667,7.983333333333333,2,0,5,0.49999999999999994,0.8660254037844387,0.0,1.0
2016-05-16 03:00:00,1040.8333333333333,6.816666666666666,3,0,5,0.7071067811865475,0.7071067811865476,0.0,1.0
2016-05-16 04:00:00,794.3333333333334,6.233333333333333,4,0,5,0.8660254037844386,0.5000000000000001,0.0,1.0
2016-05-16 05:00:00,1606.8333333333333,8.25,5,0,5,0.9659258262890683,0.25881904510252074,0.0,1.0
2016-05-16 06:00:00,1062.8333333333333,7.066666666666666,6,0,5,1.0,6.123233995736766e-17,0.0,1.0
2016-05-16 07:00:00,629.0,6.05,7,0,5,0.9659258262890683,-0.25881904510252063,0.0,1.0
2016-05-16 08:00:00,488.1666666666667,5.300000000000001,8,0,5,0.8660254037844387,-0.49999999999999983,0.0,1.0
2016-05-16 09:00:00,182.83333333333334,4.216666666666667,9,0,5,0.7071067811865476,-0.7071067811865475,0.0,1.0
2016-05-16 10:00:00,151.5,4.083333333333333,10,0,5,0.49999999999999994,-0.8660254037844387,0.0,1.0
2016-05-16 11:00:00,154.33333333333334,4.183333333333334,11,0,5,0.258819045102521,-0.9659258262890682,0.0,1.0
2016-05-16 12:00:00,479.6666666666667,5.433333333333334,12,0,5,1.2246467991473532e-16,-1.0,0.0,1.0
2016-05-16 13:00:00,1245.6666666666667,7.533333333333334,13,0,5,-0.2588190451025208,-0.9659258262890683,0.0,1.0
2016-05-16 14:00:00,280.5,4.883333333333334,14,0,5,-0.4999999999999998,-0.8660254037844388,0.0,1.0
2016-05-16 15:00:00,312.0,4.75,15,0,5,-0.7071067811865471,-0.7071067811865479,0.0,1.0
2016-05-16 16:00:00,339.1666666666667,5.0,16,0,5,-0.8660254037844384,-0.5000000000000004,0.0,1.0
2016-05-16 17:00:00,310.6666666666667,4.75,17,0,5,-0.9659258262890683,-0.25881904510252063,0.0,1.0
2016-05-16 18:00:00,441.6666666666667,5.283333333333334,18,0,5,-1.0,-1.8369701987210297e-16,0.0,1.0
2016-05-16 19:00:00,273.1666666666667,4.75,19,0,5,-0.9659258262890684,0.2588190451025203,0.0,1.0
2016-05-16 20:00:00,785.3333333333334,6.216666666666666,20,0,5,-0.8660254037844386,0.5000000000000001,0.0,1.0
2016-05-16 21:00:00,536.6666666666666,5.566666666666667,21,0,5,-0.7071067811865477,0.7071067811865474,0.0,1.0
2016-05-16 22:00:00,400.8333333333333,5.2,22,0,5,-0.5000000000000004,0.8660254037844384,0.0,1.0
2016-05-16 23:00:00,602.8333333333334,5.583333333333333,23,0,5,-0.25881904510252157,0.9659258262890681,0.0,1.0
2016-05-17 00:00:00,666.3333333333334,5.733333333333333,0,1,5,0.0,1.0,0.7818314824680298,0.6234898018587336
2016-05-17 01:00:00,570.6666666666666,5.666666666666667,1,1,5,0.25881904510252074,0.9659258262890683,0.7818314824680298,0.6234898018587336
2016-05-17 02:00:00,962.6666666666666,6.7,2,1,5,0.49999999999999994,0.8660254037844387,0.7818314824680298,0.6234898018587336
2016-05-17 03:00:00,817.1666666666666,6.3,3,1,5,0.7071067811865475,0.7071067811865476,0.7818314824680298,0.6234898018587336
2016-05-17 04:00:00,513.0,5.683333333333334,4,1,5,0.8660254037844386,0.5000000000000001,0.7818314824680298,0.6234898018587336
2016-05-17 05:00:00,494.8333333333333,5.433333333333333,5,1,5,0.9659258262890683,0.25881904510252074,0.7818314824680298,0.6234898018587336
2016-05-17 06:00:00,585.0,5.6499999999999995,6,1,5,1.0,6.123233995736766e-17,0.7818314824680298,0.6234898018587336
2016-05-17 07:00:00,365.8333333333333,5.183333333333334,7,1,5,0.9659258262890683,-0.25881904510252063,0.7818314824680298,0.6234898018587336
2016-05-17 08:00:00,169.5,3.8666666666666667,8,1,5,0.8660254037844387,-0.49999999999999983,0.7818314824680298,0.6234898018587336
2016-05-17 09:00:00,26.333333333333332,2.766666666666667,9,1,5,0.7071067811865476,-0.7071067811865475,0.7818314824680298,0.6234898018587336
2016-05-17 10:00:00,181.5,4.3500000000000005,10,1,5,0.49999999999999994,-0.8660254037844387,0.7818314824680298,0.6234898018587336
2016-05-17 11:00:00,351.5,4.983333333333333,11,1,5,0.258819045102521,-0.9659258262890682,0.7818314824680298,0.6234898018587336
2016-05-17 12:00:00,249.0,4.466666666666668,12,1,5,1.2246467991473532e-16,-1.0,0.7818314824680298,0.6234898018587336
2016-05-17 13:00:00,158.66666666666666,4.4,13,1,5,-0.2588190451025208,-0.9659258262890683,0.7818314824680298,0.6234898018587336
2016-05-17 14:00:00,-3.0,2.8833333333333333,14,1,5,-0.4999999999999998,-0.8660254037844388,0.7818314824680298,0.6234898018587336
2016-05-17 15:00:00,-3.6666666666666665,3.766666666666667,15,1,5,-0.7071067811865471,-0.7071067811865479,0.7818314824680298,0.6234898018587336
2016-05-17 16:00:00,183.16666666666666,4.733333333333333,16,1,5,-0.8660254037844384,-0.5000000000000004,0.7818314824680298,0.6234898018587336
2016-05-17 17:00:00,835.1666666666666,6.333333333333333,17,1,5,-0.9659258262890683,-0.25881904510252063,0.7818314824680298,0.6234898018587336
2016-05-17 18:00:00,695.8333333333334,5.916666666666667,18,1,5,-1.0,-1.8369701987210297e-16,0.7818314824680298,0.6234898018587336
2016-05-17 19:00:00,557.8333333333334,5.7,19,1,5,-0.9659258262890684,0.2588190451025203,0.7818314824680298,0.6234898018587336
2016-05-17 20:00:00,490.6666666666667,5.5,20,1,5,-0.8660254037844386,0.5000000000000001,0.7818314824680298,0.6234898018587336
2016-05-17 21:00:00,1129.8333333333333,6.8500000000000005,21,1,5,-0.7071067811865477,0.7071067811865474,0.7818314824680298,0.6234898018587336
2016-05-17 22:00:00,1928.8333333333333,9.866666666666667,22,1,5,-0.5000000000000004,0.8660254037844384,0.7818314824680298,0.6234898018587336
2016-05-17 23:00:00,1511.8333333333333,8.333333333333332,23,1,5,-0.25881904510252157,0.9659258262890681,0.7818314824680298,0.6234898018587336
2016-05-18 00:00:00,1408.5,7.75,0,2,5,0.0,1.0,0.9749279121818236,-0.22252093395631434
2016-05-18 01:00:00,1390.6666666666667,7.866666666666666,1,2,5,0.25881904510252074,0.9659258262890683,0.9749279121818236,-0.22252093395631434
2016-05-18 02:00:00,1053.5,6.683333333333333,2,2,5,0.49999999999999994,0.8660254037844387,0.9749279121818236,-0.22252093395631434
2016-05-18 03:00:00,550.8333333333334,5.600000000000001,3,2,5,0.7071067811865475,0.7071067811865476,0.9749279121818236,-0.22252093395631434
2016-05-18 04:00:00,727.3333333333334,6.099999999999999,4,2,5,0.8660254037844386,0.5000000000000001,0.9749279121818236,-0.22252093395631434
2016-05-18 05:00:00,573.0,5.816666666666666,5,2,5,0.9659258262890683,0.25881904510252074,0.9749279121818236,-0.22252093395631434
2016-05-18 06:00:00,420.0,5.249999999999999,6,2,5,1.0,6.123233995736766e-17,0.9749279121818236,-0.22252093395631434
2016-05-18 07:00:00,254.83333333333334,4.7,7,2,5,0.9659258262890683,-0.25881904510252063,0.9749279121818236,-0.22252093395631434
2016-05-18 08:00:00,41.5,3.466666666666667,8,2,5,0.8660254037844387,-0.49999999999999983,0.9749279121818236,-0.22252093395631434
2016-05-18 09:00:00,-2.8333333333333335,2.15,9,2,5,0.7071067811865476,-0.7071067811865475,0.9749279121818236,-0.22252093395631434
2016-05-18 10:00:00,-2.8333333333333335,2.0666666666666664,10,2,5,0.49999999999999994,-0.8660254037844387,0.9749279121818236,-0.22252093395631434
2016-05-18 11:00:00,-1.3333333333333333,3.7833333333333337,11,2,5,0.258819045102521,-0.9659258262890682,0.9749279121818236,-0.22252093395631434
2016-05-18 12:00:00,-1.5,2.4499999999999997,12,2,5,1.2246467991473532e-16,-1.0,0.9749279121818236,-0.22252093395631434
2016-05-18 13:00:00,-3.0,3.9166666666666665,13,2,5,-0.2588190451025208,-0.9659258262890683,0.9749279121818236,-0.22252093395631434
2016-05-18 14:00:00,-2.0,4.05,14,2,5,-0.4999999999999998,-0.8660254037844388,0.9749279121818236,-0.22252093395631434
2016-05-18 15:00:00,-2.5,3.75,15,2,5,-0.7071067811865471,-0.7071067811865479,0.9749279121818236,-0.22252093395631434
2016-05-18 16:00:00,-2.1666666666666665,3.5833333333333335,16,2,5,-0.8660254037844384,-0.5000000000000004,0.9749279121818236,-0.22252093395631434
2016-05-18 17:00:00,54.666666666666664,3.3166666666666664,17,2,5,-0.9659258262890683,-0.25881904510252063,0.9749279121818236,-0.22252093395631434
2016-05-18 18:00:00,113.83333333333333,3.733333333333334,18,2,5,-1.0,-1.8369701987210297e-16,0.9749279121818236,-0.22252093395631434
2016-05-18 19:00:00,193.33333333333334,4.25,19,2,5,-0.9659258262890684,0.2588190451025203,0.9749279121818236,-0.22252093395631434
2016-05-18 20:00:00,161.66666666666666,4.216666666666666,20,2,5,-0.8660254037844386,0.5000000000000001,0.9749279121818236,-0.22252093395631434
2016-05-18 21:00:00,469.5,5.416666666666667,21,2,5,-0.7071067811865477,0.7071067811865474,0.9749279121818236,-0.22252093395631434
2016-05-18 22:00:00,793.8333333333334,6.216666666666668,22,2,5,-0.5000000000000004,0.8660254037844384,0.9749279121818236,-0.22252093395631434
2016-05-18 23:00:00,1176.0,7.166666666666667,23,2,5,-0.25881904510252157,0.9659258262890681,0.9749279121818236,-0.22252093395631434
2016-05-19 00:00:00,1107.6666666666667,6.966666666666668,0,3,5,0.0,1.0,0.43388373911755823,-0.900968867902419
2016-05-19 01:00:00,782.5,6.3500000000000005,1,3,5,0.25881904510252074,0.9659258262890683,0.43388373911755823,-0.900968867902419
2016-05-19 02:00:00,1155.5,6.983333333333333,2,3,5,0.49999999999999994,0.8660254037844387,0.43388373911755823,-0.900968867902419
2016-05-19 03:00:00,1900.5,9.25,3,3,5,0.7071067811865475,0.7071067811865476,0.43388373911755823,-0.900968867902419
2016-05-19 04:00:00,1446.6666666666667,7.8999999999999995,4,3,5,0.8660254037844386,0.5000000000000001,0.43388373911755823,-0.900968867902419
2016-05-19 05:00:00,1349.5,7.650000000000001,5,3,5,0.9659258262890683,0.25881904510252074,0.43388373911755823,-0.900968867902419
2016-05-19 06:00:00,464.3333333333333,5.466666666666666,6,3,5,1.0,6.123233995736766e-17,0.43388373911755823,-0.900968867902419
2016-05-19 07:00:00,212.5,4.616666666666666,7,3,5,0.9659258262890683,-0.25881904510252063,0.43388373911755823,-0.900968867902419
2016-05-19 08:00:00,-0.16666666666666666,3.0,8,3,5,0.8660254037844387,-0.49999999999999983,0.43388373911755823,-0.900968867902419
2016-05-19 09:00:00,-3.0,5.1499999999999995,9,3,5,0.7071067811865476,-0.7071067811865475,0.43388373911755823,-0.900968867902419
2016-05-19 10:00:00,-2.1666666666666665,6.95,10,3,5,0.49999999999999994,-0.8660254037844387,0.43388373911755823,-0.900968867902419
2016-05-19 11:00:00,-2.5,5.616666666666666,11,3,5,0.258819045102521,-0.9659258262890682,0.43388373911755823,-0.900968867902419
2016-05-19 12:00:00,-2.5,5.416666666666667,12,3,5,1.2246467991473532e-16,-1.0,0.43388373911755823,-0.900968867902419
2016-05-19 13:00:00,-2.5,5.916666666666667,13,3,5,-0.2588190451025208,-0.9659258262890683,0.43388373911755823,-0.900968867902419
2016-05-19 14:00:00,-1.5,5.866666666666666,14,3,5,-0.4999999999999998,-0.8660254037844388,0.43388373911755823,-0.900968867902419
2016-05-19 15:00:00,167.83333333333334,4.25,15,3,5,-0.7071067811865471,-0.7071067811865479,0.43388373911755823,-0.900968867902419
2016-05-19 16:00:00,147.16666666666666,4.066666666666666,16,3,5,-0.8660254037844384,-0.5000000000000004,0.43388373911755823,-0.900968867902419
2016-05-19 17:00:00,154.83333333333334,4.233333333333333,17,3,5,-0.9659258262890683,-0.25881904510252063,0.43388373911755823,-0.900968867902419
2016-05-19 18:00:00,91.66666666666667,3.683333333333333,18,3,5,-1.0,-1.8369701987210297e-16,0.43388373911755823,-0.900968867902419
2016-05-19 19:00:00,74.16666666666667,3.266666666666667,19,3,5,-0.9659258262890684,0.2588190451025203,0.43388373911755823,-0.900968867902419
2016-05-19 20:00:00,78.5,3.283333333333333,20,3,5,-0.8660254037844386,0.5000000000000001,0.43388373911755823,-0.900968867902419
2016-05-19 21:00:00,121.16666666666667,3.5833333333333326,21,3,5,-0.7071067811865477,0.7071067811865474,0.43388373911755823,-0.900968867902419
2016-05-19 22:00:00,206.16666666666666,4.233333333333333,22,3,5,-0.5000000000000004,0.8660254037844384,0.43388373911755823,-0.900968867902419
2016-05-19 23:00:00,834.3333333333334,6.2,23,3,5,-0.25881904510252157,0.9659258262890681,0.43388373911755823,-0.900968867902419
2016-05-20 00:00:00,753.6666666666666,6.183333333333334,0,4,5,0.0,1.0,-0.433883739117558,-0.9009688679024191
2016-05-20 01:00:00,578.6666666666666,5.633333333333333,1,4,5,0.25881904510252074,0.9659258262890683,-0.433883739117558,-0.9009688679024191
2016-05-20 02:00:00,1030.1666666666667,6.6000000000000005,2,4,5,0.49999999999999994,0.8660254037844387,-0.433883739117558,-0.9009688679024191
2016-05-20 03:00:00,1358.5,7.6499999999999995,3,4,5,0.7071067811865475,0.7071067811865476,-0.433883739117558,-0.9009688679024191
2016-05-20 04:00:00,1124.1666666666667,7.116666666666667,4,4,5,0.8660254037844386,0.5000000000000001,-0.433883739117558,-0.9009688679024191
2016-05-20 05:00:00,690.1666666666666,6.066666666666666,5,4,5,0.9659258262890683,0.25881904510252074,-0.433883739117558,-0.9009688679024191
2016-05-20 06:00:00,843.1666666666666,6.1499999999999995,6,4,5,1.0,6.123233995736766e-17,-0.433883739117558,-0.9009688679024191
2016-05-20 07:00:00,391.8333333333333,4.95,7,4,5,0.9659258262890683,-0.25881904510252063,-0.433883739117558,-0.9009688679024191
2016-05-20 08:00:00,267.5,4.683333333333333,8,4,5,0.8660254037844387,-0.49999999999999983,-0.433883739117558,-0.9009688679024191
2016-05-20 09:00:00,306.3333333333333,4.816666666666667,9,4,5,0.7071067811865476,-0.7071067811865475,-0.433883739117558,-0.9009688679024191
2016-05-20 10:00:00,484.3333333333333,5.533333333333334,10,4,5,0.49999999999999994,-0.8660254037844387,-0.433883739117558,-0.9009688679024191
2016-05-20 11:00:00,362.5,5.166666666666667,11,4,5,0.258819045102521,-0.9659258262890682,-0.433883739117558,-0.9009688679024191
2016-05-20 12:00:00,360.1666666666667,4.95,12,4,5,1.2246467991473532e-16,-1.0,-0.433883739117558,-0.9009688679024191
2016-05-20 13:00:00,286.0,4.933333333333334,13,4,5,-0.2588190451025208,-0.9659258262890683,-0.433883739117558,-0.9009688679024191
2016-05-20 14:00:00,481.3333333333333,5.366666666666667,14,4,5,-0.4999999999999998,-0.8660254037844388,-0.433883739117558,-0.9009688679024191
2016-05-20 15:00:00,539.3333333333334,5.650000000000001,15,4,5,-0.7071067811865471,-0.7071067811865479,-0.433883739117558,-0.9009688679024191
2016-05-20 16:00:00,592.0,5.8500000000000005,16,4,5,-0.8660254037844384,-0.5000000000000004,-0.433883739117558,-0.9009688679024191
2016-05-20 17:00:00,597.0,5.95,17,4,5,-0.9659258262890683,-0.25881904510252063,-0.433883739117558,-0.9009688679024191
2016-05-20 18:00:00,379.5,5.05,18,4,5,-1.0,-1.8369701987210297e-16,-0.433883739117558,-0.9009688679024191
2016-05-20 19:00:00,308.0,4.783333333333334,19,4,5,-0.9659258262890684,0.2588190451025203,-0.433883739117558,-0.9009688679024191
2016-05-20 20:00:00,195.5,4.283333333333333,20,4,5,-0.8660254037844386,0.5000000000000001,-0.433883739117558,-0.9009688679024191
2016-05-20 21:00:00,159.0,3.8833333333333333,21,4,5,-0.7071067811865477,0.7071067811865474,-0.433883739117558,-0.9009688679024191
2016-05-20 22:00:00,150.16666666666666,3.9499999999999997,22,4,5,-0.5000000000000004,0.8660254037844384,-0.433883739117558,-0.9009688679024191
2016-05-20 23:00:00,83.0,3.283333333333333,23,4,5,-0.25881904510252157,0.9659258262890681,-0.433883739117558,-0.9009688679024191
2016-05-21 00:00:00,67.83333333333333,3.35,0,5,5,0.0,1.0,-0.9749279121818236,-0.2225209339563146
2016-05-21 01:00:00,139.0,3.866666666666666,1,5,5,0.25881904510252074,0.9659258262890683,-0.9749279121818236,-0.2225209339563146
2016-05-21 02:00:00,218.5,4.466666666666666,2,5,5,0.49999999999999994,0.8660254037844387,-0.9749279121818236,-0.2225209339563146
2016-05-21 03:00:00,123.0,3.7999999999999994,3,5,5,0.7071067811865475,0.7071067811865476,-0.9749279121818236,-0.2225209339563146
2016-05-21 04:00:00,87.66666666666667,3.4333333333333336,4,5,5,0.8660254037844386,0.5000000000000001,-0.9749279121818236,-0.2225209339563146
2016-05-21 05:00:00,188.0,4.183333333333333,5,5,5,0.9659258262890683,0.25881904510252074,-0.9749279121818236,-0.2225209339563146
2016-05-21 06:00:00,25.5,2.6166666666666667,6,5,5,1.0,6.123233995736766e-17,-0.9749279121818236,-0.2225209339563146
2016-05-21 07:00:00,19.166666666666668,2.35,7,5,5,0.9659258262890683,-0.25881904510252063,-0.9749279121818236,-0.2225209339563146
2016-05-21 08:00:00,26.0,2.6999999999999997,8,5,5,0.8660254037844387,-0.49999999999999983,-0.9749279121818236,-0.2225209339563146
2016-05-21 09:00:00,4.0,2.316666666666667,9,5,5,0.7071067811865476,-0.7071067811865475,-0.9749279121818236,-0.2225209339563146
2016-05-21 10:00:00,91.33333333333333,3.7166666666666663,10,5,5,0.49999999999999994,-0.8660254037844387,-0.9749279121818236,-0.2225209339563146
2016-05-21 11:00:00,192.83333333333334,4.566666666666666,11,5,5,0.258819045102521,-0.9659258262890682,-0.9749279121818236,-0.2225209339563146
2016-05-21 12:00:00,335.3333333333333,5.216666666666668,12,5,5,1.2246467991473532e-16,-1.0,-0.9749279121818236,-0.2225209339563146
2016-05-21 13:00:00,253.66666666666666,4.816666666666666,13,5,5,-0.2588190451025208,-0.9659258262890683,-0.9749279121818236,-0.2225209339563146
2016-05-21 14:00:00,170.0,4.116666666666666,14,5,5,-0.4999999999999998,-0.8660254037844388,-0.9749279121818236,-0.2225209339563146
2016-05-21 15:00:00,206.0,4.25,15,5,5,-0.7071067811865471,-0.7071067811865479,-0.9749279121818236,-0.2225209339563146
2016-05-21 16:00:00,93.0,3.6666666666666665,16,5,5,-0.8660254037844384,-0.5000000000000004,-0.9749279121818236,-0.2225209339563146
2016-05-21 17:00:00,75.33333333333333,3.3666666666666667,17,5,5,-0.9659258262890683,-0.25881904510252063,-0.9749279121818236,-0.2225209339563146
2016-05-21 18:00:00,64.5,3.25,18,5,5,-1.0,-1.8369701987210297e-16,-0.9749279121818236,-0.2225209339563146
2016-05-21 19:00:00,38.0,2.8000000000000003,19,5,5,-0.9659258262890684,0.2588190451025203,-0.9749279121818236,-0.2225209339563146
2016-05-21 20:00:00,5.833333333333333,2.1333333333333333,20,5,5,-0.8660254037844386,0.5000000000000001,-0.9749279121818236,-0.2225209339563146
2016-05-21 21:00:00,0.6666666666666666,1.95,21,5,5,-0.7071067811865477,0.7071067811865474,-0.9749279121818236,-0.2225209339563146
2016-05-21 22:00:00,86.83333333333333,3.233333333333334,22,5,5,-0.5000000000000004,0.8660254037844384,-0.9749279121818236,-0.2225209339563146
2016-05-21 23:00:00,465.0,5.3,23,5,5,-0.25881904510252157,0.9659258262890681,-0.9749279121818236,-0.2225209339563146
2016-05-22 00:00:00,836.3333333333334,6.050000000000001,0,6,5,0.0,1.0,-0.7818314824680299,0.6234898018587334
2016-05-22 01:00:00,545.3333333333334,5.483333333333333,1,6,5,0.25881904510252074,0.9659258262890683,-0.7818314824680299,0.6234898018587334
2016-05-22 02:00:00,448.0,5.300000000000001,2,6,5,0.49999999999999994,0.8660254037844387,-0.7818314824680299,0.6234898018587334
2016-05-22 03:00:00,250.33333333333334,4.566666666666666,3,6,5,0.7071067811865475,0.7071067811865476,-0.7818314824680299,0.6234898018587334
2016-05-22 04:00:00,266.3333333333333,4.7,4,6,5,0.8660254037844386,0.5000000000000001,-0.7818314824680299,0.6234898018587334
2016-05-22 05:00:00,176.66666666666666,4.133333333333333,5,6,5,0.9659258262890683,0.25881904510252074,-0.7818314824680299,0.6234898018587334
2016-05-22 06:00:00,264.1666666666667,4.633333333333333,6,6,5,1.0,6.123233995736766e-17,-0.7818314824680299,0.6234898018587334
2016-05-22 07:00:00,191.83333333333334,4.1000000000000005,7,6,5,0.9659258262890683,-0.25881904510252063,-0.7818314824680299,0.6234898018587334
2016-05-22 08:00:00,71.83333333333333,3.316666666666667,8,6,5,0.8660254037844387,-0.49999999999999983,-0.7818314824680299,0.6234898018587334
2016-05-22 09:00:00,18.333333333333332,2.55,9,6,5,0.7071067811865476,-0.7071067811865475,-0.7818314824680299,0.6234898018587334
2016-05-22 10:00:00,51.666666666666664,3.1500000000000004,10,6,5,0.49999999999999994,-0.8660254037844387,-0.7818314824680299,0.6234898018587334
2016-05-22 11:00:00,29.166666666666668,2.8000000000000003,11,6,5,0.258819045102521,-0.9659258262890682,-0.7818314824680299,0.6234898018587334
2016-05-22 12:00:00,37.0,2.9499999999999997,12,6,5,1.2246467991473532e-16,-1.0,-0.7818314824680299,0.6234898018587334
2016-05-22 13:00:00,73.0,3.4000000000000004,13,6,5,-0.2588190451025208,-0.9659258262890683,-0.7818314824680299,0.6234898018587334
2016-05-22 14:00:00,147.5,4.083333333333333,14,6,5,-0.4999999999999998,-0.8660254037844388,-0.7818314824680299,0.6234898018587334
2016-05-22 15:00:00,50.166666666666664,3.033333333333333,15,6,5,-0.7071067811865471,-0.7071067811865479,-0.7818314824680299,0.6234898018587334
2016-05-22 16:00:00,10.333333333333334,2.1666666666666665,16,6,5,-0.8660254037844384,-0.5000000000000004,-0.7818314824680299,0.6234898018587334
2016-05-22 17:00:00,14.5,2.283333333333333,17,6,5,-0.9659258262890683,-0.25881904510252063,-0.7818314824680299,0.6234898018587334
2016-05-22 18:00:00,125.66666666666667,3.6666666666666665,18,6,5,-1.0,-1.8369701987210297e-16,-0.7818314824680299,0.6234898018587334
2016-05-22 19:00:00,1087.6666666666667,9.950000000000001,19,6,5,-0.9659258262890684,0.2588190451025203,-0.7818314824680299,0.6234898018587334
2016-05-22 20:00:00,2004.8333333333333,14.766666666666667,20,6,5,-0.8660254037844386,0.5000000000000001,-0.7818314824680299,0.6234898018587334
2016-05-22 21:00:00,1668.3333333333333,10.333333333333334,21,6,5,-0.7071067811865477,0.7071067811865474,-0.7818314824680299,0.6234898018587334
2016-05-22 22:00:00,1272.8333333333333,7.333333333333333,22,6,5,-0.5000000000000004,0.8660254037844384,-0.7818314824680299,0.6234898018587334
2016-05-22 23:00:00,695.6666666666666,5.966666666666666,23,6,5,-0.25881904510252157,0.9659258262890681,-0.7818314824680299,0.6234898018587334
2016-05-23 00:00:00,756.1666666666666,6.1499999999999995,0,0,5,0.0,1.0,0.0,1.0
2016-05-23 01:00:00,391.8333333333333,5.2,1,0,5,0.25881904510252074,0.9659258262890683,0.0,1.0
2016-05-23 02:00:00,792.1666666666666,6.033333333333334,2,0,5,0.49999999999999994,0.8660254037844387,0.0,1.0
2016-05-23 03:00:00,335.6666666666667,5.083333333333333,3,0,5,0.7071067811865475,0.7071067811865476,0.0,1.0
2016-05-23 04:00:00,279.0,4.716666666666666,4,0,5,0.8660254037844386,0.5000000000000001,0.0,1.0
2016-05-23 05:00:00,282.8333333333333,4.6499999999999995,5,0,5,0.9659258262890683,0.25881904510252074,0.0,1.0
2016-05-23 06:00:00,543.3333333333334,5.466666666666666,6,0,5,1.0,6.123233995736766e-17,0.0,1.0
2016-05-23 07:00:00,500.3333333333333,5.466666666666668,7,0,5,0.9659258262890683,-0.25881904510252063,0.0,1.0
2016-05-23 08:00:00,465.5,5.2,8,0,5,0.8660254037844387,-0.49999999999999983,0.0,1.0
2016-05-23 09:00:00,415.3333333333333,5.166666666666667,9,0,5,0.7071067811865476,-0.7071067811865475,0.0,1.0
2016-05-23 10:00:00,242.66666666666666,4.6000000000000005,10,0,5,0.49999999999999994,-0.8660254037844387,0.0,1.0
2016-05-23 11:00:00,293.0,4.85,11,0,5,0.258819045102521,-0.9659258262890682,0.0,1.0
2016-05-23 12:00:00,395.3333333333333,5.000000000000001,12,0,5,1.2246467991473532e-16,-1.0,0.0,1.0
2016-05-23 13:00:00,560.8333333333334,5.75,13,0,5,-0.2588190451025208,-0.9659258262890683,0.0,1.0
2016-05-23 14:00:00,315.8333333333333,4.783333333333334,14,0,5,-0.4999999999999998,-0.8660254037844388,0.0,1.0
2016-05-23 15:00:00,306.5,4.866666666666667,15,0,5,-0.7071067811865471,-0.7071067811865479,0.0,1.0
2016-05-23 16:00:00,246.5,4.583333333333333,16,0,5,-0.8660254037844384,-0.5000000000000004,0.0,1.0
2016-05-23 17:00:00,429.5,5.366666666666666,17,0,5,-0.9659258262890683,-0.25881904510252063,0.0,1.0
2016-05-23 18:00:00,648.5,6.016666666666666,18,0,5,-1.0,-1.8369701987210297e-16,0.0,1.0
2016-05-23 19:00:00,319.3333333333333,5.116666666666666,19,0,5,-0.9659258262890684,0.2588190451025203,0.0,1.0
2016-05-23 20:00:00,787.3333333333334,6.266666666666667,20,0,5,-0.8660254037844386,0.5000000000000001,0.0,1.0
2016-05-23 21:00:00,879.8333333333334,6.3,21,0,5,-0.7071067811865477,0.7071067811865474,0.0,1.0
2016-05-23 22:00:00,555.0,5.6000000000000005,22,0,5,-0.5000000000000004,0.8660254037844384,0.0,1.0
2016-05-23 23:00:00,637.6666666666666,5.816666666666666,23,0,5,-0.25881904510252157,0.9659258262890681,0.0,1.0
2016-05-24 00:00:00,724.1666666666666,5.8,0,1,5,0.0,1.0,0.7818314824680298,0.6234898018587336
2016-05-24 01:00:00,563.1666666666666,5.550000000000001,1,1,5,0.25881904510252074,0.9659258262890683,0.7818314824680298,0.6234898018587336
2016-05-24 02:00:00,675.1666666666666,5.966666666666668,2,1,5,0.49999999999999994,0.8660254037844387,0.7818314824680298,0.6234898018587336
2016-05-24 03:00:00,515.6666666666666,5.45,3,1,5,0.7071067811865475,0.7071067811865476,0.7818314824680298,0.6234898018587336
2016-05-24 04:00:00,346.0,4.9833333333333325,4,1,5,0.8660254037844386,0.5000000000000001,0.7818314824680298,0.6234898018587336
2016-05-24 05:00:00,778.0,5.8999999999999995,5,1,5,0.9659258262890683,0.25881904510252074,0.7818314824680298,0.6234898018587336
2016-05-24 06:00:00,1543.5,7.633333333333333,6,1,5,1.0,6.123233995736766e-17,0.7818314824680298,0.6234898018587336
2016-05-24 07:00:00,1231.1666666666667,7.016666666666667,7,1,5,0.9659258262890683,-0.25881904510252063,0.7818314824680298,0.6234898018587336
2016-05-24 08:00:00,1745.1666666666667,8.583333333333334,8,1,5,0.8660254037844387,-0.49999999999999983,0.7818314824680298,0.6234898018587336
2016-05-24 09:00:00,1168.3333333333333,7.416666666666667,9,1,5,0.7071067811865476,-0.7071067811865475,0.7818314824680298,0.6234898018587336
2016-05-24 10:00:00,1404.1666666666667,8.066666666666668,10,1,5,0.49999999999999994,-0.8660254037844387,0.7818314824680298,0.6234898018587336
2016-05-24 11:00:00,1190.5,7.5,11,1,5,0.258819045102521,-0.9659258262890682,0.7818314824680298,0.6234898018587336
2016-05-24 12:00:00,1062.5,7.199999999999999,12,1,5,1.2246467991473532e-16,-1.0,0.7818314824680298,0.6234898018587336
2016-05-24 13:00:00,851.8333333333334,6.566666666666666,13,1,5,-0.2588190451025208,-0.9659258262890683,0.7818314824680298,0.6234898018587336
2016-05-24 14:00:00,926.6666666666666,6.733333333333333,14,1,5,-0.4999999999999998,-0.8660254037844388,0.7818314824680298,0.6234898018587336
2016-05-24 15:00:00,586.1666666666666,5.883333333333334,15,1,5,-0.7071067811865471,-0.7071067811865479,0.7818314824680298,0.6234898018587336
2016-05-24 16:00:00,699.3333333333334,6.266666666666667,16,1,5,-0.8660254037844384,-0.5000000000000004,0.7818314824680298,0.6234898018587336
2016-05-24 17:00:00,637.0,5.8999999999999995,17,1,5,-0.9659258262890683,-0.25881904510252063,0.7818314824680298,0.6234898018587336
2016-05-24 18:00:00,375.0,5.250000000000001,18,1,5,-1.0,-1.8369701987210297e-16,0.7818314824680298,0.6234898018587336
2016-05-24 19:00:00,320.8333333333333,5.1000000000000005,19,1,5,-0.9659258262890684,0.2588190451025203,0.7818314824680298,0.6234898018587336
2016-05-24 20:00:00,258.3333333333333,4.683333333333333,20,1,5,-0.8660254037844386,0.5000000000000001,0.7818314824680298,0.6234898018587336
2016-05-24 21:00:00,109.0,3.6666666666666665,21,1,5,-0.7071067811865477,0.7071067811865474,0.7818314824680298,0.6234898018587336
2016-05-24 22:00:00,91.0,3.6,22,1,5,-0.5000000000000004,0.8660254037844384,0.7818314824680298,0.6234898018587336
2016-05-24 23:00:00,124.0,3.9499999999999997,23,1,5,-0.25881904510252157,0.9659258262890681,0.7818314824680298,0.6234898018587336
2016-05-25 00:00:00,48.333333333333336,3.0,0,2,5,0.0,1.0,0.9749279121818236,-0.22252093395631434
2016-05-25 01:00:00,51.333333333333336,2.983333333333334,1,2,5,0.25881904510252074,0.9659258262890683,0.9749279121818236,-0.22252093395631434
2016-05-25 02:00:00,12.666666666666666,1.9833333333333334,2,2,5,0.49999999999999994,0.8660254037844387,0.9749279121818236,-0.22252093395631434
2016-05-25 03:00:00,-1.3333333333333333,0.9666666666666665,3,2,5,0.7071067811865475,0.7071067811865476,0.9749279121818236,-0.22252093395631434
2016-05-25 04:00:00,-1.0,0.21666666666666667,4,2,5,0.8660254037844386,0.5000000000000001,0.9749279121818236,-0.22252093395631434
2016-05-25 05:00:00,-0.6666666666666666,1.6666666666666667,5,2,5,0.9659258262890683,0.25881904510252074,0.9749279121818236,-0.22252093395631434
2016-05-25 06:00:00,-1.5,1.9000000000000001,6,2,5,1.0,6.123233995736766e-17,0.9749279121818236,-0.22252093395631434
2016-05-25 07:00:00,0.3333333333333333,2.0500000000000003,7,2,5,0.9659258262890683,-0.25881904510252063,0.9749279121818236,-0.22252093395631434
2016-05-25 08:00:00,-1.8333333333333333,1.8666666666666665,8,2,5,0.8660254037844387,-0.49999999999999983,0.9749279121818236,-0.22252093395631434
2016-05-25 09:00:00,7.0,1.883333333333333,9,2,5,0.7071067811865476,-0.7071067811865475,0.9749279121818236,-0.22252093395631434
2016-05-25 10:00:00,38.666666666666664,2.7000000000000006,10,2,5,0.49999999999999994,-0.8660254037844387,0.9749279121818236,-0.22252093395631434
2016-05-25 11:00:00,-3.6666666666666665,1.7666666666666666,11,2,5,0.258819045102521,-0.9659258262890682,0.9749279121818236,-0.22252093395631434
2016-05-25 12:00:00,-2.5,1.0833333333333333,12,2,5,1.2246467991473532e-16,-1.0,0.9749279121818236,-0.22252093395631434
2016-05-25 13:00:00,-2.5,0.5,13,2,5,-0.2588190451025208,-0.9659258262890683,0.9749279121818236,-0.22252093395631434
2016-05-25 14:00:00,-2.3333333333333335,0.9833333333333334,14,2,5,-0.4999999999999998,-0.8660254037844388,0.9749279121818236,-0.22252093395631434
2016-05-25 15:00:00,-2.0,1.3333333333333333,15,2,5,-0.7071067811865471,-0.7071067811865479,0.9749279121818236,-0.22252093395631434
2016-05-25 16:00:00,-1.0,1.5833333333333333,16,2,5,-0.8660254037844384,-0.5000000000000004,0.9749279121818236,-0.22252093395631434
2016-05-25 17:00:00,-1.6666666666666667,1.4166666666666667,17,2,5,-0.9659258262890683,-0.25881904510252063,0.9749279121818236,-0.22252093395631434
2016-05-25 18:00:00,-1.0,1.0,18,2,5,-1.0,-1.8369701987210297e-16,0.9749279121818236,-0.22252093395631434
2016-05-25 19:00:00,-2.0,1.1333333333333333,19,2,5,-0.9659258262890684,0.2588190451025203,0.9749279121818236,-0.22252093395631434
2016-05-25 20:00:00,38.0,2.8333333333333335,20,2,5,-0.8660254037844386,0.5000000000000001,0.9749279121818236,-0.22252093395631434
2016-05-25 21:00:00,8.333333333333334,2.0,21,2,5,-0.7071067811865477,0.7071067811865474,0.9749279121818236,-0.22252093395631434
2016-05-25 22:00:00,-1.3333333333333333,0.7000000000000001,22,2,5,-0.5000000000000004,0.8660254037844384,0.9749279121818236,-0.22252093395631434
2016-05-25 23:00:00,-1.8333333333333333,0.85,23,2,5,-0.25881904510252157,0.9659258262890681,0.9749279121818236,-0.22252093395631434
2016-05-26 00:00:00,-1.0,1.3499999999999999,0,3,5,0.0,1.0,0.43388373911755823,-0.900968867902419
2016-05-26 01:00:00,-1.3333333333333333,1.3,1,3,5,0.25881904510252074,0.9659258262890683,0.43388373911755823,-0.900968867902419
2016-05-26 02:00:00,-1.0,1.0,2,3,5,0.49999999999999994,0.8660254037844387,0.43388373911755823,-0.900968867902419
2016-05-26 03:00:00,-1.3333333333333333,1.25,3,3,5,0.7071067811865475,0.7071067811865476,0.43388373911755823,-0.900968867902419
2016-05-26 04:00:00,-1.5,1.3166666666666667,4,3,5,0.8660254037844386,0.5000000000000001,0.43388373911755823,-0.900968867902419
2016-05-26 05:00:00,-1.1666666666666667,1.3333333333333333,5,3,5,0.9659258262890683,0.25881904510252074,0.43388373911755823,-0.900968867902419
2016-05-26 06:00:00,-1.0,0.46666666666666673,6,3,5,1.0,6.123233995736766e-17,0.43388373911755823,-0.900968867902419
2016-05-26 07:00:00,-1.0,0.3833333333333333,7,3,5,0.9659258262890683,-0.25881904510252063,0.43388373911755823,-0.900968867902419
2016-05-26 08:00:00,-1.0,0.4166666666666667,8,3,5,0.8660254037844387,-0.49999999999999983,0.43388373911755823,-0.900968867902419
2016-05-26 09:00:00,-1.8333333333333333,0.6666666666666666,9,3,5,0.7071067811865476,-0.7071067811865475,0.43388373911755823,-0.900968867902419
2016-05-26 10:00:00,-1.1666666666666667,1.0666666666666667,10,3,5,0.49999999999999994,-0.8660254037844387,0.43388373911755823,-0.900968867902419
2016-05-26 11:00:00,-1.5,0.7333333333333334,11,3,5,0.258819045102521,-0.9659258262890682,0.43388373911755823,-0.900968867902419
2016-05-26 12:00:00,-2.8333333333333335,1.2666666666666666,12,3,5,1.2246467991473532e-16,-1.0,0.43388373911755823,-0.900968867902419
2016-05-26 13:00:00,-3.6666666666666665,2.016666666666666,13,3,5,-0.2588190451025208,-0.9659258262890683,0.43388373911755823,-0.900968867902419
2016-05-26 14:00:00,1.6666666666666667,2.0166666666666666,14,3,5,-0.4999999999999998,-0.8660254037844388,0.43388373911755823,-0.900968867902419
2016-05-26 15:00:00,-2.5,1.5833333333333337,15,3,5,-0.7071067811865471,-0.7071067811865479,0.43388373911755823,-0.900968867902419
2016-05-26 16:00:00,-2.8333333333333335,1.2666666666666668,16,3,5,-0.8660254037844384,-0.5000000000000004,0.43388373911755823,-0.900968867902419
2016-05-26 17:00:00,-2.0,1.2166666666666668,17,3,5,-0.9659258262890683,-0.25881904510252063,0.43388373911755823,-0.900968867902419
2016-05-26 18:00:00,-2.1666666666666665,1.416666666666667,18,3,5,-1.0,-1.8369701987210297e-16,0.43388373911755823,-0.900968867902419
2016-05-26 19:00:00,-1.3333333333333333,1.4333333333333333,19,3,5,-0.9659258262890684,0.2588190451025203,0.43388373911755823,-0.900968867902419
2016-05-26 20:00:00,-1.0,1.4166666666666667,20,3,5,-0.8660254037844386,0.5000000000000001,0.43388373911755823,-0.900968867902419
2016-05-26 21:00:00,3.6666666666666665,2.3000000000000003,21,3,5,-0.7071067811865477,0.7071067811865474,0.43388373911755823,-0.900968867902419
2016-05-26 22:00:00,99.33333333333333,3.6,22,3,5,-0.5000000000000004,0.8660254037844384,0.43388373911755823,-0.900968867902419
2016-05-26 23:00:00,177.83333333333334,4.5,23,3,5,-0.25881904510252157,0.9659258262890681,0.43388373911755823,-0.900968867902419
2016-05-27 00:00:00,842.0,6.7,0,4,5,0.0,1.0,-0.433883739117558,-0.9009688679024191
2016-05-27 01:00:00,1339.8333333333333,8.533333333333333,1,4,5,0.25881904510252074,0.9659258262890683,-0.433883739117558,-0.9009688679024191
2016-05-27 02:00:00,800.5,6.916666666666667,2,4,5,0.49999999999999994,0.8660254037844387,-0.433883739117558,-0.9009688679024191
2016-05-27 03:00:00,792.1666666666666,6.633333333333333,3,4,5,0.7071067811865475,0.7071067811865476,-0.433883739117558,-0.9009688679024191
2016-05-27 04:00:00,728.5,6.583333333333333,4,4,5,0.8660254037844386,0.5000000000000001,-0.433883739117558,-0.9009688679024191
2016-05-27 05:00:00,315.1666666666667,5.15,5,4,5,0.9659258262890683,0.25881904510252074,-0.433883739117558,-0.9009688679024191
2016-05-27 06:00:00,32.166666666666664,2.6,6,4,5,1.0,6.123233995736766e-17,-0.433883739117558,-0.9009688679024191
2016-05-27 07:00:00,2.6666666666666665,1.6666666666666667,7,4,5,0.9659258262890683,-0.25881904510252063,-0.433883739117558,-0.9009688679024191
2016-05-27 08:00:00,10.5,2.183333333333333,8,4,5,0.8660254037844387,-0.49999999999999983,-0.433883739117558,-0.9009688679024191
2016-05-27 09:00:00,125.83333333333333,3.8666666666666667,9,4,5,0.7071067811865476,-0.7071067811865475,-0.433883739117558,-0.9009688679024191
2016-05-27 10:00:00,110.0,3.8166666666666664,10,4,5,0.49999999999999994,-0.8660254037844387,-0.433883739117558,-0.9009688679024191
2016-05-27 11:00:00,102.0,3.7500000000000004,11,4,5,0.258819045102521,-0.9659258262890682,-0.433883739117558,-0.9009688679024191
2016-05-27 12:00:00,130.0,3.8499999999999996,12,4,5,1.2246467991473532e-16,-1.0,-0.433883739117558,-0.9009688679024191
2016-05-27 13:00:00,54.333333333333336,3.15,13,4,5,-0.2588190451025208,-0.9659258262890683,-0.433883739117558,-0.9009688679024191
2016-05-27 14:00:00,47.333333333333336,3.233333333333333,14,4,5,-0.4999999999999998,-0.8660254037844388,-0.433883739117558,-0.9009688679024191
2016-05-27 15:00:00,26.833333333333332,2.85,15,4,5,-0.7071067811865471,-0.7071067811865479,-0.433883739117558,-0.9009688679024191
2016-05-27 16:00:00,10.666666666666666,2.4833333333333334,16,4,5,-0.8660254037844384,-0.5000000000000004,-0.433883739117558,-0.9009688679024191
2016-05-27 17:00:00,50.666666666666664,3.15,17,4,5,-0.9659258262890683,-0.25881904510252063,-0.433883739117558,-0.9009688679024191
2016-05-27 18:00:00,88.5,3.716666666666667,18,4,5,-1.0,-1.8369701987210297e-16,-0.433883739117558,-0.9009688679024191
2016-05-27 19:00:00,81.16666666666667,3.6166666666666667,19,4,5,-0.9659258262890684,0.2588190451025203,-0.433883739117558,-0.9009688679024191
2016-05-27 20:00:00,50.166666666666664,3.1166666666666667,20,4,5,-0.8660254037844386,0.5000000000000001,-0.433883739117558,-0.9009688679024191
2016-05-27 21:00:00,147.83333333333334,3.9666666666666663,21,4,5,-0.7071067811865477,0.7071067811865474,-0.433883739117558,-0.9009688679024191
2016-05-27 22:00:00,432.6666666666667,5.333333333333333,22,4,5,-0.5000000000000004,0.8660254037844384,-0.433883739117558,-0.9009688679024191
2016-05-27 23:00:00,408.6666666666667,5.416666666666667,23,4,5,-0.25881904510252157,0.9659258262890681,-0.433883739117558,-0.9009688679024191
2016-05-28 00:00:00,243.0,4.816666666666666,0,5,5,0.0,1.0,-0.9749279121818236,-0.2225209339563146
2016-05-28 01:00:00,221.83333333333334,4.833333333333333,1,5,5,0.25881904510252074,0.9659258262890683,-0.9749279121818236,-0.2225209339563146
2016-05-28 02:00:00,169.16666666666666,4.316666666666667,2,5,5,0.49999999999999994,0.8660254037844387,-0.9749279121818236,-0.2225209339563146
2016-05-28 03:00:00,109.33333333333333,3.966666666666667,3,5,5,0.7071067811865475,0.7071067811865476,-0.9749279121818236,-0.2225209339563146
2016-05-28 04:00:00,33.166666666666664,2.75,4,5,5,0.8660254037844386,0.5000000000000001,-0.9749279121818236,-0.2225209339563146
2016-05-28 05:00:00,14.666666666666666,2.3666666666666667,5,5,5,0.9659258262890683,0.25881904510252074,-0.9749279121818236,-0.2225209339563146
2016-05-28 06:00:00,40.666666666666664,2.8666666666666667,6,5,5,1.0,6.123233995736766e-17,-0.9749279121818236,-0.2225209339563146
2016-05-28 07:00:00,58.666666666666664,3.1166666666666667,7,5,5,0.9659258262890683,-0.25881904510252063,-0.9749279121818236,-0.2225209339563146
2016-05-28 08:00:00,49.333333333333336,3.1333333333333333,8,5,5,0.8660254037844387,-0.49999999999999983,-0.9749279121818236,-0.2225209339563146
2016-05-28 09:00:00,28.166666666666668,2.683333333333333,9,5,5,0.7071067811865476,-0.7071067811865475,-0.9749279121818236,-0.2225209339563146
2016-05-28 10:00:00,5.666666666666667,1.866666666666667,10,5,5,0.49999999999999994,-0.8660254037844387,-0.9749279121818236,-0.2225209339563146
2016-05-28 11:00:00,-1.5,1.2833333333333334,11,5,5,0.258819045102521,-0.9659258262890682,-0.9749279121818236,-0.2225209339563146
2016-05-28 12:00:00,6.333333333333333,2.4499999999999997,12,5,5,1.2246467991473532e-16,-1.0,-0.9749279121818236,-0.2225209339563146
2016-05-28 13:00:00,18.166666666666668,2.65,13,5,5,-0.2588190451025208,-0.9659258262890683,-0.9749279121818236,-0.2225209339563146
2016-05-28 14:00:00,17.833333333333332,2.716666666666667,14,5,5,-0.4999999999999998,-0.8660254037844388,-0.9749279121818236,-0.2225209339563146
2016-05-28 15:00:00,10.833333333333334,2.45,15,5,5,-0.7071067811865471,-0.7071067811865479,-0.9749279121818236,-0.2225209339563146
2016-05-28 16:00:00,8.666666666666666,2.233333333333333,16,5,5,-0.8660254037844384,-0.5000000000000004,-0.9749279121818236,-0.2225209339563146
2016-05-28 17:00:00,35.166666666666664,2.966666666666667,17,5,5,-0.9659258262890683,-0.25881904510252063,-0.9749279121818236,-0.2225209339563146
2016-05-28 18:00:00,88.16666666666667,3.6999999999999997,18,5,5,-1.0,-1.8369701987210297e-16,-0.9749279121818236,-0.2225209339563146
2016-05-28 19:00:00,37.666666666666664,2.983333333333334,19,5,5,-0.9659258262890684,0.2588190451025203,-0.9749279121818236,-0.2225209339563146
2016-05-28 20:00:00,3.0,2.3000000000000003,20,5,5,-0.8660254037844386,0.5000000000000001,-0.9749279121818236,-0.2225209339563146
2016-05-28 21:00:00,1058.5,8.516666666666667,21,5,5,-0.7071067811865477,0.7071067811865474,-0.9749279121818236,-0.2225209339563146
2016-05-28 22:00:00,1194.3333333333333,8.316666666666666,22,5,5,-0.5000000000000004,0.8660254037844384,-0.9749279121818236,-0.2225209339563146
2016-05-28 23:00:00,1572.6666666666667,9.466666666666667,23,5,5,-0.25881904510252157,0.9659258262890681,-0.9749279121818236,-0.2225209339563146
2016-05-29 00:00:00,399.1666666666667,5.116666666666667,0,6,5,0.0,1.0,-0.7818314824680299,0.6234898018587334
2016-05-29 01:00:00,372.1666666666667,5.05,1,6,5,0.25881904510252074,0.9659258262890683,-0.7818314824680299,0.6234898018587334
2016-05-29 02:00:00,353.8333333333333,4.766666666666667,2,6,5,0.49999999999999994,0.8660254037844387,-0.7818314824680299,0.6234898018587334
2016-05-29 03:00:00,223.33333333333334,4.416666666666667,3,6,5,0.7071067811865475,0.7071067811865476,-0.7818314824680299,0.6234898018587334
2016-05-29 04:00:00,185.5,4.433333333333334,4,6,5,0.8660254037844386,0.5000000000000001,-0.7818314824680299,0.6234898018587334
2016-05-29 05:00:00,119.16666666666667,3.9333333333333336,5,6,5,0.9659258262890683,0.25881904510252074,-0.7818314824680299,0.6234898018587334
2016-05-29 06:00:00,29.833333333333332,2.6333333333333333,6,6,5,1.0,6.123233995736766e-17,-0.7818314824680299,0.6234898018587334
2016-05-29 07:00:00,30.5,2.1666666666666665,7,6,5,0.9659258262890683,-0.25881904510252063,-0.7818314824680299,0.6234898018587334
2016-05-29 08:00:00,93.16666666666667,3.35,8,6,5,0.8660254037844387,-0.49999999999999983,-0.7818314824680299,0.6234898018587334
2016-05-29 09:00:00,89.0,3.183333333333333,9,6,5,0.7071067811865476,-0.7071067811865475,-0.7818314824680299,0.6234898018587334
2016-05-29 10:00:00,32.333333333333336,2.9499999999999997,10,6,5,0.49999999999999994,-0.8660254037844387,-0.7818314824680299,0.6234898018587334
2016-05-29 11:00:00,-1.1666666666666667,1.2333333333333334,11,6,5,0.258819045102521,-0.9659258262890682,-0.7818314824680299,0.6234898018587334
2016-05-29 12:00:00,-2.1666666666666665,1.1833333333333333,12,6,5,1.2246467991473532e-16,-1.0,-0.7818314824680299,0.6234898018587334
2016-05-29 13:00:00,-0.16666666666666666,1.5166666666666668,13,6,5,-0.2588190451025208,-0.9659258262890683,-0.7818314824680299,0.6234898018587334
2016-05-29 14:00:00,1.6666666666666667,2.1,14,6,5,-0.4999999999999998,-0.8660254037844388,-0.7818314824680299,0.6234898018587334
2016-05-29 15:00:00,9.833333333333334,2.6,15,6,5,-0.7071067811865471,-0.7071067811865479,-0.7818314824680299,0.6234898018587334
2016-05-29 16:00:00,33.0,3.0,16,6,5,-0.8660254037844384,-0.5000000000000004,-0.7818314824680299,0.6234898018587334
2016-05-29 17:00:00,83.16666666666667,3.6166666666666667,17,6,5,-0.9659258262890683,-0.25881904510252063,-0.7818314824680299,0.6234898018587334
2016-05-29 18:00:00,251.5,4.866666666666666,18,6,5,-1.0,-1.8369701987210297e-16,-0.7818314824680299,0.6234898018587334
2016-05-29 19:00:00,452.6666666666667,5.616666666666667,19,6,5,-0.9659258262890684,0.2588190451025203,-0.7818314824680299,0.6234898018587334
2016-05-29 20:00:00,1207.3333333333333,8.083333333333334,20,6,5,-0.8660254037844386,0.5000000000000001,-0.7818314824680299,0.6234898018587334
2016-05-29 21:00:00,1491.5,12.050000000000002,21,6,5,-0.7071067811865477,0.7071067811865474,-0.7818314824680299,0.6234898018587334
2016-05-29 22:00:00,520.5,5.916666666666667,22,6,5,-0.5000000000000004,0.8660254037844384,-0.7818314824680299,0.6234898018587334
2016-05-29 23:00:00,69.0,3.016666666666667,23,6,5,-0.25881904510252157,0.9659258262890681,-0.7818314824680299,0.6234898018587334
2016-05-30 00:00:00,73.16666666666667,2.8333333333333335,0,0,5,0.0,1.0,0.0,1.0
2016-05-30 01:00:00,38.666666666666664,2.8499999999999996,1,0,5,0.25881904510252074,0.9659258262890683,0.0,1.0
2016-05-30 02:00:00,20.0,2.466666666666667,2,0,5,0.49999999999999994,0.8660254037844387,0.0,1.0
2016-05-30 03:00:00,45.333333333333336,3.016666666666667,3,0,5,0.7071067811865475,0.7071067811865476,0.0,1.0
2016-05-30 04:00:00,456.0,5.6000000000000005,4,0,5,0.8660254037844386,0.5000000000000001,0.0,1.0
2016-05-30 05:00:00,505.6666666666667,5.95,5,0,5,0.9659258262890683,0.25881904510252074,0.0,1.0
2016-05-30 06:00:00,110.33333333333333,3.783333333333333,6,0,5,1.0,6.123233995736766e-17,0.0,1.0
2016-05-30 07:00:00,0.8333333333333334,1.7499999999999998,7,0,5,0.9659258262890683,-0.25881904510252063,0.0,1.0
2016-05-30 08:00:00,927.5,7.5,8,0,5,0.8660254037844387,-0.49999999999999983,0.0,1.0
2016-05-30 09:00:00,1182.8333333333333,8.35,9,0,5,0.7071067811865476,-0.7071067811865475,0.0,1.0
2016-05-30 10:00:00,773.8333333333334,6.666666666666667,10,0,5,0.49999999999999994,-0.8660254037844387,0.0,1.0
2016-05-30 11:00:00,589.8333333333334,6.116666666666666,11,0,5,0.258819045102521,-0.9659258262890682,0.0,1.0
2016-05-30 12:00:00,483.5,5.833333333333333,12,0,5,1.2246467991473532e-16,-1.0,0.0,1.0
2016-05-30 13:00:00,540.1666666666666,5.8500000000000005,13,0,5,-0.2588190451025208,-0.9659258262890683,0.0,1.0
2016-05-30 14:00:00,461.0,5.75,14,0,5,-0.4999999999999998,-0.8660254037844388,0.0,1.0
2016-05-30 15:00:00,449.6666666666667,5.716666666666666,15,0,5,-0.7071067811865471,-0.7071067811865479,0.0,1.0
2016-05-30 16:00:00,355.6666666666667,5.3500000000000005,16,0,5,-0.8660254037844384,-0.5000000000000004,0.0,1.0
2016-05-30 17:00:00,1061.8333333333333,7.333333333333335,17,0,5,-0.9659258262890683,-0.25881904510252063,0.0,1.0
2016-05-30 18:00:00,510.8333333333333,5.716666666666666,18,0,5,-1.0,-1.8369701987210297e-16,0.0,1.0
2016-05-30 19:00:00,848.6666666666666,6.583333333333335,19,0,5,-0.9659258262890684,0.2588190451025203,0.0,1.0
2016-05-30 20:00:00,1056.8333333333333,7.533333333333334,20,0,5,-0.8660254037844386,0.5000000000000001,0.0,1.0
2016-05-30 21:00:00,1580.8333333333333,9.066666666666666,21,0,5,-0.7071067811865477,0.7071067811865474,0.0,1.0
2016-05-30 22:00:00,837.3333333333334,6.883333333333334,22,0,5,-0.5000000000000004,0.8660254037844384,0.0,1.0
2016-05-30 23:00:00,689.3333333333334,6.066666666666667,23,0,5,-0.25881904510252157,0.9659258262890681,0.0,1.0
2016-05-31 00:00:00,228.0,4.633333333333334,0,1,5,0.0,1.0,0.7818314824680298,0.6234898018587336
2016-05-31 01:00:00,327.0,5.0,1,1,5,0.25881904510252074,0.9659258262890683,0.7818314824680298,0.6234898018587336
2016-05-31 02:00:00,258.5,4.816666666666667,2,1,5,0.49999999999999994,0.8660254037844387,0.7818314824680298,0.6234898018587336
2016-05-31 03:00:00,388.0,5.383333333333334,3,1,5,0.7071067811865475,0.7071067811865476,0.7818314824680298,0.6234898018587336
2016-05-31 04:00:00,545.1666666666666,5.666666666666667,4,1,5,0.8660254037844386,0.5000000000000001,0.7818314824680298,0.6234898018587336
2016-05-31 05:00:00,868.3333333333334,6.816666666666666,5,1,5,0.9659258262890683,0.25881904510252074,0.7818314824680298,0.6234898018587336
2016-05-31 06:00:00,384.8333333333333,5.1499999999999995,6,1,5,1.0,6.123233995736766e-17,0.7818314824680298,0.6234898018587336
2016-05-31 07:00:00,155.66666666666666,4.183333333333334,7,1,5,0.9659258262890683,-0.25881904510252063,0.7818314824680298,0.6234898018587336
2016-05-31 08:00:00,57.5,3.1833333333333336,8,1,5,0.8660254037844387,-0.49999999999999983,0.7818314824680298,0.6234898018587336
2016-05-31 09:00:00,42.166666666666664,3.2000000000000006,9,1,5,0.7071067811865476,-0.7071067811865475,0.7818314824680298,0.6234898018587336
2016-05-31 10:00:00,74.0,3.5666666666666664,10,1,5,0.49999999999999994,-0.8660254037844387,0.7818314824680298,0.6234898018587336
2016-05-31 11:00:00,36.666666666666664,3.4,11,1,5,0.258819045102521,-0.9659258262890682,0.7818314824680298,0.6234898018587336
2016-05-31 12:00:00,-1.3333333333333333,1.3333333333333333,12,1,5,1.2246467991473532e-16,-1.0,0.7818314824680298,0.6234898018587336
2016-05-31 13:00:00,0.0,0.0,13,1,5,-0.2588190451025208,-0.9659258262890683,0.7818314824680298,0.6234898018587336
2016-05-31 14:00:00,-3.5,2.1999999999999997,14,1,5,-0.4999999999999998,-0.8660254037844388,0.7818314824680298,0.6234898018587336
2016-05-31 15:00:00,23.333333333333332,3.766666666666667,15,1,5,-0.7071067811865471,-0.7071067811865479,0.7818314824680298,0.6234898018587336
2016-05-31 16:00:00,249.33333333333334,4.783333333333333,16,1,5,-0.8660254037844384,-0.5000000000000004,0.7818314824680298,0.6234898018587336
2016-05-31 17:00:00,191.83333333333334,4.333333333333333,17,1,5,-0.9659258262890683,-0.25881904510252063,0.7818314824680298,0.6234898018587336
2016-05-31 18:00:00,93.66666666666667,3.65,18,1,5,-1.0,-1.8369701987210297e-16,0.7818314824680298,0.6234898018587336
2016-05-31 19:00:00,121.5,3.9666666666666663,19,1,5,-0.9659258262890684,0.2588190451025203,0.7818314824680298,0.6234898018587336
2016-05-31 20:00:00,127.66666666666667,3.8666666666666667,20,1,5,-0.8660254037844386,0.5000000000000001,0.7818314824680298,0.6234898018587336
2016-05-31 21:00:00,101.16666666666667,3.5500000000000003,21,1,5,-0.7071067811865477,0.7071067811865474,0.7818314824680298,0.6234898018587336
2016-05-31 22:00:00,262.3333333333333,4.683333333333333,22,1,5,-0.5000000000000004,0.8660254037844384,0.7818314824680298,0.6234898018587336
2016-05-31 23:00:00,353.3333333333333,5.183333333333334,23,1,5,-0.25881904510252157,0.9659258262890681,0.7818314824680298,0.6234898018587336
2016-06-01 00:00:00,458.5,5.316666666666666,0,2,6,0.0,1.0,0.9749279121818236,-0.22252093395631434
2016-06-01 01:00:00,1268.6666666666667,7.866666666666667,1,2,6,0.25881904510252074,0.9659258262890683,0.9749279121818236,-0.22252093395631434
2016-06-01 02:00:00,1007.1666666666666,7.033333333333332,2,2,6,0.49999999999999994,0.8660254037844387,0.9749279121818236,-0.22252093395631434
2016-06-01 03:00:00,659.1666666666666,5.583333333333333,3,2,6,0.7071067811865475,0.7071067811865476,0.9749279121818236,-0.22252093395631434
2016-06-01 04:00:00,382.6666666666667,4.749999999999999,4,2,6,0.8660254037844386,0.5000000000000001,0.9749279121818236,-0.22252093395631434
2016-06-01 05:00:00,500.0,5.533333333333334,5,2,6,0.9659258262890683,0.25881904510252074,0.9749279121818236,-0.22252093395631434
2016-06-01 06:00:00,481.5,5.366666666666666,6,2,6,1.0,6.123233995736766e-17,0.9749279121818236,-0.22252093395631434
2016-06-01 07:00:00,254.66666666666666,4.8500000000000005,7,2,6,0.9659258262890683,-0.25881904510252063,0.9749279121818236,-0.22252093395631434
2016-06-01 08:00:00,126.83333333333333,4.133333333333333,8,2,6,0.8660254037844387,-0.49999999999999983,0.9749279121818236,-0.22252093395631434
2016-06-01 09:00:00,403.3333333333333,5.566666666666667,9,2,6,0.7071067811865476,-0.7071067811865475,0.9749279121818236,-0.22252093395631434
2016-06-01 10:00:00,470.6666666666667,5.633333333333333,10,2,6,0.49999999999999994,-0.8660254037844387,0.9749279121818236,-0.22252093395631434
2016-06-01 11:00:00,348.6666666666667,5.216666666666668,11,2,6,0.258819045102521,-0.9659258262890682,0.9749279121818236,-0.22252093395631434
2016-06-01 12:00:00,349.3333333333333,5.216666666666667,12,2,6,1.2246467991473532e-16,-1.0,0.9749279121818236,-0.22252093395631434
2016-06-01 13:00:00,575.0,5.883333333333334,13,2,6,-0.2588190451025208,-0.9659258262890683,0.9749279121818236,-0.22252093395631434
2016-06-01 14:00:00,845.3333333333334,6.75,14,2,6,-0.4999999999999998,-0.8660254037844388,0.9749279121818236,-0.22252093395631434
2016-06-01 15:00:00,819.0,6.699999999999999,15,2,6,-0.7071067811865471,-0.7071067811865479,0.9749279121818236,-0.22252093395631434
2016-06-01 16:00:00,673.0,6.233333333333333,16,2,6,-0.8660254037844384,-0.5000000000000004,0.9749279121818236,-0.22252093395631434
2016-06-01 17:00:00,443.1666666666667,5.5,17,2,6,-0.9659258262890683,-0.25881904510252063,0.9749279121818236,-0.22252093395631434
2016-06-01 18:00:00,428.5,5.483333333333333,18,2,6,-1.0,-1.8369701987210297e-16,0.9749279121818236,-0.22252093395631434
2016-06-01 19:00:00,256.8333333333333,4.916666666666667,19,2,6,-0.9659258262890684,0.2588190451025203,0.9749279121818236,-0.22252093395631434
2016-06-01 20:00:00,171.33333333333334,4.366666666666667,20,2,6,-0.8660254037844386,0.5000000000000001,0.9749279121818236,-0.22252093395631434
2016-06-01 21:00:00,25.166666666666668,2.6833333333333336,21,2,6,-0.7071067811865477,0.7071067811865474,0.9749279121818236,-0.22252093395631434
2016-06-01 22:00:00,95.66666666666667,3.75,22,2,6,-0.5000000000000004,0.8660254037844384,0.9749279121818236,-0.22252093395631434
2016-06-01 23:00:00,147.33333333333334,4.183333333333334,23,2,6,-0.25881904510252157,0.9659258262890681,0.9749279121818236,-0.22252093395631434
2016-06-02 00:00:00,348.1666666666667,5.166666666666667,0,3,6,0.0,1.0,0.43388373911755823,-0.900968867902419
2016-06-02 01:00:00,323.0,5.05,1,3,6,0.25881904510252074,0.9659258262890683,0.43388373911755823,-0.900968867902419
2016-06-02 02:00:00,154.66666666666666,4.183333333333333,2,3,6,0.49999999999999994,0.8660254037844387,0.43388373911755823,-0.900968867902419
2016-06-02 03:00:00,119.0,3.9499999999999997,3,3,6,0.7071067811865475,0.7071067811865476,0.43388373911755823,-0.900968867902419
2016-06-02 04:00:00,118.83333333333333,3.883333333333333,4,3,6,0.8660254037844386,0.5000000000000001,0.43388373911755823,-0.900968867902419
2016-06-02 05:00:00,118.66666666666667,4.016666666666667,5,3,6,0.9659258262890683,0.25881904510252074,0.43388373911755823,-0.900968867902419
2016-06-02 06:00:00,36.166666666666664,2.716666666666667,6,3,6,1.0,6.123233995736766e-17,0.43388373911755823,-0.900968867902419
2016-06-02 07:00:00,60.5,3.1666666666666665,7,3,6,0.9659258262890683,-0.25881904510252063,0.43388373911755823,-0.900968867902419
2016-06-02 08:00:00,10.333333333333334,2.2666666666666666,8,3,6,0.8660254037844387,-0.49999999999999983,0.43388373911755823,-0.900968867902419
2016-06-02 09:00:00,-1.5,1.1500000000000001,9,3,6,0.7071067811865476,-0.7071067811865475,0.43388373911755823,-0.900968867902419
2016-06-02 10:00:00,42.5,2.866666666666667,10,3,6,0.49999999999999994,-0.8660254037844387,0.43388373911755823,-0.900968867902419
2016-06-02 11:00:00,-2.1666666666666665,0.9833333333333333,11,3,6,0.258819045102521,-0.9659258262890682,0.43388373911755823,-0.900968867902419
2016-06-02 12:00:00,-0.8333333333333334,1.8166666666666667,12,3,6,1.2246467991473532e-16,-1.0,0.43388373911755823,-0.900968867902419
2016-06-02 13:00:00,20.166666666666668,2.6333333333333333,13,3,6,-0.2588190451025208,-0.9659258262890683,0.43388373911755823,-0.900968867902419
2016-06-02 14:00:00,71.33333333333333,3.3833333333333333,14,3,6,-0.4999999999999998,-0.8660254037844388,0.43388373911755823,-0.900968867902419
2016-06-02 15:00:00,10.5,2.4499999999999997,15,3,6,-0.7071067811865471,-0.7071067811865479,0.43388373911755823,-0.900968867902419
2016-06-02 16:00:00,-0.8333333333333334,1.6833333333333333,16,3,6,-0.8660254037844384,-0.5000000000000004,0.43388373911755823,-0.900968867902419
2016-06-02 17:00:00,0.6666666666666666,2.0333333333333337,17,3,6,-0.9659258262890683,-0.25881904510252063,0.43388373911755823,-0.900968867902419
2016-06-02 18:00:00,-1.5,2.316666666666667,18,3,6,-1.0,-1.8369701987210297e-16,0.43388373911755823,-0.900968867902419
2016-06-02 19:00:00,1.3333333333333333,1.4166666666666667,19,3,6,-0.9659258262890684,0.2588190451025203,0.43388373911755823,-0.900968867902419
2016-06-02 20:00:00,88.66666666666667,3.4166666666666665,20,3,6,-0.8660254037844386,0.5000000000000001,0.43388373911755823,-0.900968867902419
2016-06-02 21:00:00,32.166666666666664,2.3666666666666667,21,3,6,-0.7071067811865477,0.7071067811865474,0.43388373911755823,-0.900968867902419
2016-06-02 22:00:00,-0.6666666666666666,1.6833333333333333,22,3,6,-0.5000000000000004,0.8660254037844384,0.43388373911755823,-0.900968867902419
2016-06-02 23:00:00,-1.1666666666666667,1.5499999999999998,23,3,6,-0.25881904510252157,0.9659258262890681,0.43388373911755823,-0.900968867902419
2016-06-03 00:00:00,-2.5,1.1,0,4,6,0.0,1.0,-0.433883739117558,-0.9009688679024191
2016-06-03 01:00:00,-1.5,0.8500000000000001,1,4,6,0.25881904510252074,0.9659258262890683,-0.433883739117558,-0.9009688679024191
2016-06-03 02:00:00,-1.3333333333333333,0.43333333333333335,2,4,6,0.49999999999999994,0.8660254037844387,-0.433883739117558,-0.9009688679024191
2016-06-03 03:00:00,-2.0,0.6,3,4,6,0.7071067811865475,0.7071067811865476,-0.433883739117558,-0.9009688679024191
2016-06-03 04:00:00,-1.6666666666666667,0.8666666666666667,4,4,6,0.8660254037844386,0.5000000000000001,-0.433883739117558,-0.9009688679024191
2016-06-03 05:00:00,-2.0,1.6500000000000004,5,4,6,0.9659258262890683,0.25881904510252074,-0.433883739117558,-0.9009688679024191
2016-06-03 06:00:00,-2.0,0.7666666666666666,6,4,6,1.0,6.123233995736766e-17,-0.433883739117558,-0.9009688679024191
2016-06-03 07:00:00,-2.1666666666666665,0.3833333333333333,7,4,6,0.9659258262890683,-0.25881904510252063,-0.433883739117558,-0.9009688679024191
2016-06-03 08:00:00,-1.8333333333333333,0.8166666666666668,8,4,6,0.8660254037844387,-0.49999999999999983,-0.433883739117558,-0.9009688679024191
2016-06-03 09:00:00,-1.5,0.5666666666666667,9,4,6,0.7071067811865476,-0.7071067811865475,-0.433883739117558,-0.9009688679024191
2016-06-03 10:00:00,-2.0,0.6,10,4,6,0.49999999999999994,-0.8660254037844387,-0.433883739117558,-0.9009688679024191
2016-06-03 11:00:00,-1.6666666666666667,1.4666666666666666,11,4,6,0.258819045102521,-0.9659258262890682,-0.433883739117558,-0.9009688679024191
2016-06-03 12:00:00,8.666666666666666,2.266666666666667,12,4,6,1.2246467991473532e-16,-1.0,-0.433883739117558,-0.9009688679024191
2016-06-03 13:00:00,-1.6666666666666667,2.1,13,4,6,-0.2588190451025208,-0.9659258262890683,-0.433883739117558,-0.9009688679024191
2016-06-03 14:00:00,0.8333333333333334,2.0833333333333335,14,4,6,-0.4999999999999998,-0.8660254037844388,-0.433883739117558,-0.9009688679024191
2016-06-03 15:00:00,53.333333333333336,3.0500000000000007,15,4,6,-0.7071067811865471,-0.7071067811865479,-0.433883739117558,-0.9009688679024191
2016-06-03 16:00:00,16.333333333333332,2.533333333333333,16,4,6,-0.8660254037844384,-0.5000000000000004,-0.433883739117558,-0.9009688679024191
2016-06-03 17:00:00,-0.3333333333333333,1.9833333333333334,17,4,6,-0.9659258262890683,-0.25881904510252063,-0.433883739117558,-0.9009688679024191
2016-06-03 18:00:00,-1.5,1.6666666666666667,18,4,6,-1.0,-1.8369701987210297e-16,-0.433883739117558,-0.9009688679024191
2016-06-03 19:00:00,1.8333333333333333,1.7333333333333334,19,4,6,-0.9659258262890684,0.2588190451025203,-0.433883739117558,-0.9009688679024191
2016-06-03 20:00:00,11.5,1.7166666666666668,20,4,6,-0.8660254037844386,0.5000000000000001,-0.433883739117558,-0.9009688679024191
2016-06-03 21:00:00,37.833333333333336,2.766666666666666,21,4,6,-0.7071067811865477,0.7071067811865474,-0.433883739117558,-0.9009688679024191
2016-06-03 22:00:00,28.5,2.65,22,4,6,-0.5000000000000004,0.8660254037844384,-0.433883739117558,-0.9009688679024191
2016-06-03 23:00:00,47.666666666666664,2.9,23,4,6,-0.25881904510252157,0.9659258262890681,-0.433883739117558,-0.9009688679024191
2016-06-04 00:00:00,36.666666666666664,2.716666666666667,0,5,6,0.0,1.0,-0.9749279121818236,-0.2225209339563146
2016-06-04 01:00:00,60.166666666666664,3.183333333333333,1,5,6,0.25881904510252074,0.9659258262890683,-0.9749279121818236,-0.2225209339563146
2016-06-04 02:00:00,22.666666666666668,2.3833333333333333,2,5,6,0.49999999999999994,0.8660254037844387,-0.9749279121818236,-0.2225209339563146
2016-06-04 03:00:00,21.166666666666668,2.4333333333333336,3,5,6,0.7071067811865475,0.7071067811865476,-0.9749279121818236,-0.2225209339563146
2016-06-04 04:00:00,4.0,1.8333333333333333,4,5,6,0.8660254037844386,0.5000000000000001,-0.9749279121818236,-0.2225209339563146
2016-06-04 05:00:00,-0.3333333333333333,1.5499999999999998,5,5,6,0.9659258262890683,0.25881904510252074,-0.9749279121818236,-0.2225209339563146
2016-06-04 06:00:00,1.8333333333333333,2.033333333333333,6,5,6,1.0,6.123233995736766e-17,-0.9749279121818236,-0.2225209339563146
2016-06-04 07:00:00,3.3333333333333335,2.3333333333333335,7,5,6,0.9659258262890683,-0.25881904510252063,-0.9749279121818236,-0.2225209339563146
2016-06-04 08:00:00,-1.3333333333333333,2.016666666666667,8,5,6,0.8660254037844387,-0.49999999999999983,-0.9749279121818236,-0.2225209339563146
2016-06-04 09:00:00,10.5,2.316666666666667,9,5,6,0.7071067811865476,-0.7071067811865475,-0.9749279121818236,-0.2225209339563146
2016-06-04 10:00:00,46.166666666666664,3.0500000000000003,10,5,6,0.49999999999999994,-0.8660254037844387,-0.9749279121818236,-0.2225209339563146
2016-06-04 11:00:00,17.833333333333332,2.6333333333333333,11,5,6,0.258819045102521,-0.9659258262890682,-0.9749279121818236,-0.2225209339563146
2016-06-04 12:00:00,18.833333333333332,2.55,12,5,6,1.2246467991473532e-16,-1.0,-0.9749279121818236,-0.2225209339563146
2016-06-04 13:00:00,25.0,2.6666666666666665,13,5,6,-0.2588190451025208,-0.9659258262890683,-0.9749279121818236,-0.2225209339563146
2016-06-04 14:00:00,39.666666666666664,2.983333333333334,14,5,6,-0.4999999999999998,-0.8660254037844388,-0.9749279121818236,-0.2225209339563146
2016-06-04 15:00:00,40.666666666666664,2.9166666666666665,15,5,6,-0.7071067811865471,-0.7071067811865479,-0.9749279121818236,-0.2225209339563146
2016-06-04 16:00:00,-1.5,1.5166666666666666,16,5,6,-0.8660254037844384,-0.5000000000000004,-0.9749279121818236,-0.2225209339563146
2016-06-04 17:00:00,-3.1666666666666665,2.2333333333333334,17,5,6,-0.9659258262890683,-0.25881904510252063,-0.9749279121818236,-0.2225209339563146
2016-06-04 18:00:00,-3.8333333333333335,2.233333333333334,18,5,6,-1.0,-1.8369701987210297e-16,-0.9749279121818236,-0.2225209339563146
2016-06-04 19:00:00,99.33333333333333,2.3,19,5,6,-0.9659258262890684,0.2588190451025203,-0.9749279121818236,-0.2225209339563146
2016-06-04 20:00:00,421.6666666666667,5.316666666666666,20,5,6,-0.8660254037844386,0.5000000000000001,-0.9749279121818236,-0.2225209339563146
2016-06-04 21:00:00,59.666666666666664,3.1999999999999997,21,5,6,-0.7071067811865477,0.7071067811865474,-0.9749279121818236,-0.2225209339563146
2016-06-04 22:00:00,130.0,3.9333333333333336,22,5,6,-0.5000000000000004,0.8660254037844384,-0.9749279121818236,-0.2225209339563146
2016-06-04 23:00:00,273.6666666666667,4.5,23,5,6,-0.25881904510252157,0.9659258262890681,-0.9749279121818236,-0.2225209339563146
2016-06-05 00:00:00,42.333333333333336,2.75,0,6,6,0.0,1.0,-0.7818314824680299,0.6234898018587334
2016-06-05 01:00:00,42.333333333333336,2.75,1,6,6,0.25881904510252074,0.9659258262890683,-0.7818314824680299,0.6234898018587334
2016-06-05 02:00:00,62.5,2.85,2,6,6,0.49999999999999994,0.8660254037844387,-0.7818314824680299,0.6234898018587334
2016-06-05 03:00:00,-0.6666666666666666,1.7333333333333334,3,6,6,0.7071067811865475,0.7071067811865476,-0.7818314824680299,0.6234898018587334
2016-06-05 04:00:00,6.166666666666667,1.7833333333333334,4,6,6,0.8660254037844386,0.5000000000000001,-0.7818314824680299,0.6234898018587334
2016-06-05 05:00:00,7.166666666666667,2.6166666666666667,5,6,6,0.9659258262890683,0.25881904510252074,-0.7818314824680299,0.6234898018587334
2016-06-05 06:00:00,18.333333333333332,2.283333333333333,6,6,6,1.0,6.123233995736766e-17,-0.7818314824680299,0.6234898018587334
2016-06-05 07:00:00,16.5,2.3833333333333337,7,6,6,0.9659258262890683,-0.25881904510252063,-0.7818314824680299,0.6234898018587334
2016-06-05 08:00:00,-1.6666666666666667,1.7500000000000002,8,6,6,0.8660254037844387,-0.49999999999999983,-0.7818314824680299,0.6234898018587334
2016-06-05 09:00:00,-2.1666666666666665,0.5666666666666665,9,6,6,0.7071067811865476,-0.7071067811865475,-0.7818314824680299,0.6234898018587334
2016-06-05 10:00:00,-2.8333333333333335,1.2,10,6,6,0.49999999999999994,-0.8660254037844387,-0.7818314824680299,0.6234898018587334
2016-06-05 11:00:00,-1.8333333333333333,1.5833333333333333,11,6,6,0.258819045102521,-0.9659258262890682,-0.7818314824680299,0.6234898018587334
2016-06-05 12:00:00,-3.1666666666666665,1.7666666666666666,12,6,6,1.2246467991473532e-16,-1.0,-0.7818314824680299,0.6234898018587334
2016-06-05 13:00:00,37.666666666666664,3.15,13,6,6,-0.2588190451025208,-0.9659258262890683,-0.7818314824680299,0.6234898018587334
2016-06-05 14:00:00,44.0,3.6666666666666665,14,6,6,-0.4999999999999998,-0.8660254037844388,-0.7818314824680299,0.6234898018587334
2016-06-05 15:00:00,550.1666666666666,5.316666666666666,15,6,6,-0.7071067811865471,-0.7071067811865479,-0.7818314824680299,0.6234898018587334
2016-06-05 16:00:00,271.8333333333333,4.433333333333334,16,6,6,-0.8660254037844384,-0.5000000000000004,-0.7818314824680299,0.6234898018587334
2016-06-05 17:00:00,682.6666666666666,5.800000000000001,17,6,6,-0.9659258262890683,-0.25881904510252063,-0.7818314824680299,0.6234898018587334
2016-06-05 18:00:00,86.83333333333333,3.616666666666667,18,6,6,-1.0,-1.8369701987210297e-16,-0.7818314824680299,0.6234898018587334
2016-06-05 19:00:00,47.833333333333336,2.783333333333333,19,6,6,-0.9659258262890684,0.2588190451025203,-0.7818314824680299,0.6234898018587334
2016-06-05 20:00:00,112.16666666666667,3.6500000000000004,20,6,6,-0.8660254037844386,0.5000000000000001,-0.7818314824680299,0.6234898018587334
2016-06-05 21:00:00,321.6666666666667,4.933333333333334,21,6,6,-0.7071067811865477,0.7071067811865474,-0.7818314824680299,0.6234898018587334
2016-06-05 22:00:00,196.16666666666666,4.2,22,6,6,-0.5000000000000004,0.8660254037844384,-0.7818314824680299,0.6234898018587334
2016-06-05 23:00:00,178.5,4.116666666666666,23,6,6,-0.25881904510252157,0.9659258262890681,-0.7818314824680299,0.6234898018587334
2016-06-06 00:00:00,165.16666666666666,4.016666666666667,0,0,6,0.0,1.0,0.0,1.0
2016-06-06 01:00:00,151.66666666666666,3.8666666666666667,1,0,6,0.25881904510252074,0.9659258262890683,0.0,1.0
2016-06-06 02:00:00,90.0,3.6,2,0,6,0.49999999999999994,0.8660254037844387,0.0,1.0
2016-06-06 03:00:00,166.83333333333334,4.233333333333333,3,0,6,0.7071067811865475,0.7071067811865476,0.0,1.0
2016-06-06 04:00:00,13.5,2.4166666666666665,4,0,6,0.8660254037844386,0.5000000000000001,0.0,1.0
2016-06-06 05:00:00,26.666666666666668,2.6833333333333336,5,0,6,0.9659258262890683,0.25881904510252074,0.0,1.0
2016-06-06 06:00:00,1.0,2.1666666666666665,6,0,6,1.0,6.123233995736766e-17,0.0,1.0
2016-06-06 07:00:00,-1.8333333333333333,1.666666666666667,7,0,6,0.9659258262890683,-0.25881904510252063,0.0,1.0
2016-06-06 08:00:00,-0.8333333333333334,1.7833333333333332,8,0,6,0.8660254037844387,-0.49999999999999983,0.0,1.0
2016-06-06 09:00:00,0.3333333333333333,2.0166666666666666,9,0,6,0.7071067811865476,-0.7071067811865475,0.0,1.0
2016-06-06 10:00:00,-2.3333333333333335,0.7166666666666667,10,0,6,0.49999999999999994,-0.8660254037844387,0.0,1.0
2016-06-06 11:00:00,-3.0,1.0666666666666667,11,0,6,0.258819045102521,-0.9659258262890682,0.0,1.0
2016-06-06 12:00:00,-2.6666666666666665,1.3999999999999997,12,0,6,1.2246467991473532e-16,-1.0,0.0,1.0
2016-06-06 13:00:00,-2.6666666666666665,1.2,13,0,6,-0.2588190451025208,-0.9659258262890683,0.0,1.0
2016-06-06 14:00:00,-3.5,1.3,14,0,6,-0.4999999999999998,-0.8660254037844388,0.0,1.0
2016-06-06 15:00:00,-2.3333333333333335,1.7166666666666668,15,0,6,-0.7071067811865471,-0.7071067811865479,0.0,1.0
2016-06-06 16:00:00,224.16666666666666,3.9666666666666672,16,0,6,-0.8660254037844384,-0.5000000000000004,0.0,1.0
2016-06-06 17:00:00,249.0,4.55,17,0,6,-0.9659258262890683,-0.25881904510252063,0.0,1.0
2016-06-06 18:00:00,539.5,5.716666666666666,18,0,6,-1.0,-1.8369701987210297e-16,0.0,1.0
2016-06-06 19:00:00,934.3333333333334,6.666666666666665,19,0,6,-0.9659258262890684,0.2588190451025203,0.0,1.0
2016-06-06 20:00:00,564.0,5.483333333333334,20,0,6,-0.8660254037844386,0.5000000000000001,0.0,1.0
2016-06-06 21:00:00,189.66666666666666,4.466666666666667,21,0,6,-0.7071067811865477,0.7071067811865474,0.0,1.0
2016-06-06 22:00:00,265.1666666666667,4.716666666666666,22,0,6,-0.5000000000000004,0.8660254037844384,0.0,1.0
2016-06-06 23:00:00,459.6666666666667,5.333333333333333,23,0,6,-0.25881904510252157,0.9659258262890681,0.0,1.0
2016-06-07 00:00:00,505.1666666666667,5.416666666666667,0,1,6,0.0,1.0,0.7818314824680298,0.6234898018587336
2016-06-07 01:00:00,469.1666666666667,5.366666666666666,1,1,6,0.25881904510252074,0.9659258262890683,0.7818314824680298,0.6234898018587336
2016-06-07 02:00:00,397.8333333333333,5.316666666666667,2,1,6,0.49999999999999994,0.8660254037844387,0.7818314824680298,0.6234898018587336
2016-06-07 03:00:00,209.0,4.4,3,1,6,0.7071067811865475,0.7071067811865476,0.7818314824680298,0.6234898018587336
2016-06-07 04:00:00,271.8333333333333,4.8,4,1,6,0.8660254037844386,0.5000000000000001,0.7818314824680298,0.6234898018587336
2016-06-07 05:00:00,343.0,5.083333333333333,5,1,6,0.9659258262890683,0.25881904510252074,0.7818314824680298,0.6234898018587336
2016-06-07 06:00:00,380.3333333333333,4.816666666666666,6,1,6,1.0,6.123233995736766e-17,0.7818314824680298,0.6234898018587336
2016-06-07 07:00:00,130.83333333333334,4.0,7,1,6,0.9659258262890683,-0.25881904510252063,0.7818314824680298,0.6234898018587336
2016-06-07 08:00:00,28.666666666666668,2.6166666666666667,8,1,6,0.8660254037844387,-0.49999999999999983,0.7818314824680298,0.6234898018587336
2016-06-07 09:00:00,4.833333333333333,2.3166666666666664,9,1,6,0.7071067811865476,-0.7071067811865475,0.7818314824680298,0.6234898018587336
2016-06-07 10:00:00,0.8333333333333334,2.1833333333333336,10,1,6,0.49999999999999994,-0.8660254037844387,0.7818314824680298,0.6234898018587336
2016-06-07 11:00:00,6.666666666666667,2.3833333333333333,11,1,6,0.258819045102521,-0.9659258262890682,0.7818314824680298,0.6234898018587336
2016-06-07 12:00:00,45.5,2.9,12,1,6,1.2246467991473532e-16,-1.0,0.7818314824680298,0.6234898018587336
2016-06-07 13:00:00,22.5,2.6,13,1,6,-0.2588190451025208,-0.9659258262890683,0.7818314824680298,0.6234898018587336
2016-06-07 14:00:00,39.0,2.9499999999999997,14,1,6,-0.4999999999999998,-0.8660254037844388,0.7818314824680298,0.6234898018587336
2016-06-07 15:00:00,51.833333333333336,3.1333333333333333,15,1,6,-0.7071067811865471,-0.7071067811865479,0.7818314824680298,0.6234898018587336
2016-06-07 16:00:00,51.666666666666664,3.1666666666666665,16,1,6,-0.8660254037844384,-0.5000000000000004,0.7818314824680298,0.6234898018587336
2016-06-07 17:00:00,32.833333333333336,2.8833333333333333,17,1,6,-0.9659258262890683,-0.25881904510252063,0.7818314824680298,0.6234898018587336
2016-06-07 18:00:00,7.833333333333333,2.35,18,1,6,-1.0,-1.8369701987210297e-16,0.7818314824680298,0.6234898018587336
2016-06-07 19:00:00,0.6666666666666666,1.9999999999999998,19,1,6,-0.9659258262890684,0.2588190451025203,0.7818314824680298,0.6234898018587336
2016-06-07 20:00:00,-2.0,1.4166666666666667,20,1,6,-0.8660254037844386,0.5000000000000001,0.7818314824680298,0.6234898018587336
2016-06-07 21:00:00,-2.0,1.4333333333333333,21,1,6,-0.7071067811865477,0.7071067811865474,0.7818314824680298,0.6234898018587336
2016-06-07 22:00:00,-1.5,1.5499999999999998,22,1,6,-0.5000000000000004,0.8660254037844384,0.7818314824680298,0.6234898018587336
2016-06-07 23:00:00,67.66666666666667,2.1999999999999997,23,1,6,-0.25881904510252157,0.9659258262890681,0.7818314824680298,0.6234898018587336
2016-06-08 00:00:00,202.66666666666666,4.216666666666666,0,2,6,0.0,1.0,0.9749279121818236,-0.22252093395631434
2016-06-08 01:00:00,65.0,3.0499999999999994,1,2,6,0.25881904510252074,0.9659258262890683,0.9749279121818236,-0.22252093395631434
2016-06-08 02:00:00,270.3333333333333,4.5,2,2,6,0.49999999999999994,0.8660254037844387,0.9749279121818236,-0.22252093395631434
2016-06-08 03:00:00,236.66666666666666,4.333333333333333,3,2,6,0.7071067811865475,0.7071067811865476,0.9749279121818236,-0.22252093395631434
2016-06-08 04:00:00,97.0,3.483333333333334,4,2,6,0.8660254037844386,0.5000000000000001,0.9749279121818236,-0.22252093395631434
2016-06-08 05:00:00,29.0,2.6333333333333333,5,2,6,0.9659258262890683,0.25881904510252074,0.9749279121818236,-0.22252093395631434
2016-06-08 06:00:00,101.16666666666667,3.6666666666666665,6,2,6,1.0,6.123233995736766e-17,0.9749279121818236,-0.22252093395631434
2016-06-08 07:00:00,183.33333333333334,3.8833333333333333,7,2,6,0.9659258262890683,-0.25881904510252063,0.9749279121818236,-0.22252093395631434
2016-06-08 08:00:00,80.83333333333333,3.4,8,2,6,0.8660254037844387,-0.49999999999999983,0.9749279121818236,-0.22252093395631434
2016-06-08 09:00:00,4.666666666666667,2.0166666666666666,9,2,6,0.7071067811865476,-0.7071067811865475,0.9749279121818236,-0.22252093395631434
2016-06-08 10:00:00,-2.5,0.43333333333333335,10,2,6,0.49999999999999994,-0.8660254037844387,0.9749279121818236,-0.22252093395631434
2016-06-08 11:00:00,-3.3333333333333335,1.25,11,2,6,0.258819045102521,-0.9659258262890682,0.9749279121818236,-0.22252093395631434
2016-06-08 12:00:00,20.166666666666668,2.5666666666666664,12,2,6,1.2246467991473532e-16,-1.0,0.9749279121818236,-0.22252093395631434
2016-06-08 13:00:00,51.333333333333336,3.1166666666666667,13,2,6,-0.2588190451025208,-0.9659258262890683,0.9749279121818236,-0.22252093395631434
2016-06-08 14:00:00,63.166666666666664,3.25,14,2,6,-0.4999999999999998,-0.8660254037844388,0.9749279121818236,-0.22252093395631434
2016-06-08 15:00:00,14.333333333333334,2.466666666666667,15,2,6,-0.7071067811865471,-0.7071067811865479,0.9749279121818236,-0.22252093395631434
2016-06-08 16:00:00,11.666666666666666,2.433333333333333,16,2,6,-0.8660254037844384,-0.5000000000000004,0.9749279121818236,-0.22252093395631434
2016-06-08 17:00:00,22.166666666666668,2.5833333333333335,17,2,6,-0.9659258262890683,-0.25881904510252063,0.9749279121818236,-0.22252093395631434
2016-06-08 18:00:00,34.166666666666664,2.716666666666667,18,2,6,-1.0,-1.8369701987210297e-16,0.9749279121818236,-0.22252093395631434
2016-06-08 19:00:00,202.66666666666666,4.283333333333333,19,2,6,-0.9659258262890684,0.2588190451025203,0.9749279121818236,-0.22252093395631434
2016-06-08 20:00:00,188.83333333333334,4.3500000000000005,20,2,6,-0.8660254037844386,0.5000000000000001,0.9749279121818236,-0.22252093395631434
2016-06-08 21:00:00,359.5,4.866666666666666,21,2,6,-0.7071067811865477,0.7071067811865474,0.9749279121818236,-0.22252093395631434
2016-06-08 22:00:00,723.3333333333334,5.933333333333334,22,2,6,-0.5000000000000004,0.8660254037844384,0.9749279121818236,-0.22252093395631434
2016-06-08 23:00:00,343.8333333333333,5.033333333333333,23,2,6,-0.25881904510252157,0.9659258262890681,0.9749279121818236,-0.22252093395631434
2016-06-09 00:00:00,724.3333333333334,6.033333333333332,0,3,6,0.0,1.0,0.43388373911755823,-0.900968867902419
2016-06-09 01:00:00,661.3333333333334,5.933333333333334,1,3,6,0.25881904510252074,0.9659258262890683,0.43388373911755823,-0.900968867902419
2016-06-09 02:00:00,1241.1666666666667,7.5666666666666655,2,3,6,0.49999999999999994,0.8660254037844387,0.43388373911755823,-0.900968867902419
2016-06-09 03:00:00,1242.8333333333333,7.1499999999999995,3,3,6,0.7071067811865475,0.7071067811865476,0.43388373911755823,-0.900968867902419
2016-06-09 04:00:00,773.1666666666666,6.216666666666668,4,3,6,0.8660254037844386,0.5000000000000001,0.43388373911755823,-0.900968867902419
2016-06-09 05:00:00,615.0,6.0,5,3,6,0.9659258262890683,0.25881904510252074,0.43388373911755823,-0.900968867902419
2016-06-09 06:00:00,659.8333333333334,6.033333333333334,6,3,6,1.0,6.123233995736766e-17,0.43388373911755823,-0.900968867902419
2016-06-09 07:00:00,473.8333333333333,5.483333333333333,7,3,6,0.9659258262890683,-0.25881904510252063,0.43388373911755823,-0.900968867902419
2016-06-09 08:00:00,521.5,5.650000000000001,8,3,6,0.8660254037844387,-0.49999999999999983,0.43388373911755823,-0.900968867902419
2016-06-09 09:00:00,435.5,5.566666666666666,9,3,6,0.7071067811865476,-0.7071067811865475,0.43388373911755823,-0.900968867902419
2016-06-09 10:00:00,98.0,3.6999999999999997,10,3,6,0.49999999999999994,-0.8660254037844387,0.43388373911755823,-0.900968867902419
2016-06-09 11:00:00,30.333333333333332,2.9,11,3,6,0.258819045102521,-0.9659258262890682,0.43388373911755823,-0.900968867902419
2016-06-09 12:00:00,13.5,2.5833333333333335,12,3,6,1.2246467991473532e-16,-1.0,0.43388373911755823,-0.900968867902419
2016-06-09 13:00:00,35.166666666666664,2.9499999999999997,13,3,6,-0.2588190451025208,-0.9659258262890683,0.43388373911755823,-0.900968867902419
2016-06-09 14:00:00,51.333333333333336,3.133333333333333,14,3,6,-0.4999999999999998,-0.8660254037844388,0.43388373911755823,-0.900968867902419
2016-06-09 15:00:00,51.0,3.0666666666666664,15,3,6,-0.7071067811865471,-0.7071067811865479,0.43388373911755823,-0.900968867902419
2016-06-09 16:00:00,31.333333333333332,2.8833333333333333,16,3,6,-0.8660254037844384,-0.5000000000000004,0.43388373911755823,-0.900968867902419
2016-06-09 17:00:00,37.333333333333336,2.8333333333333335,17,3,6,-0.9659258262890683,-0.25881904510252063,0.43388373911755823,-0.900968867902419
2016-06-09 18:00:00,26.0,2.5999999999999996,18,3,6,-1.0,-1.8369701987210297e-16,0.43388373911755823,-0.900968867902419
2016-06-09 19:00:00,46.5,3.016666666666667,19,3,6,-0.9659258262890684,0.2588190451025203,0.43388373911755823,-0.900968867902419
2016-06-09 20:00:00,252.16666666666666,4.7,20,3,6,-0.8660254037844386,0.5000000000000001,0.43388373911755823,-0.900968867902419
2016-06-09 21:00:00,314.3333333333333,4.766666666666667,21,3,6,-0.7071067811865477,0.7071067811865474,0.43388373911755823,-0.900968867902419
2016-06-09 22:00:00,312.1666666666667,5.016666666666667,22,3,6,-0.5000000000000004,0.8660254037844384,0.43388373911755823,-0.900968867902419
2016-06-09 23:00:00,397.1666666666667,5.066666666666666,23,3,6,-0.25881904510252157,0.9659258262890681,0.43388373911755823,-0.900968867902419
2016-06-10 00:00:00,190.83333333333334,4.333333333333333,0,4,6,0.0,1.0,-0.433883739117558,-0.9009688679024191
2016-06-10 01:00:00,79.0,3.4,1,4,6,0.25881904510252074,0.9659258262890683,-0.433883739117558,-0.9009688679024191
2016-06-10 02:00:00,174.5,4.25,2,4,6,0.49999999999999994,0.8660254037844387,-0.433883739117558,-0.9009688679024191
2016-06-10 03:00:00,208.33333333333334,4.55,3,4,6,0.7071067811865475,0.7071067811865476,-0.433883739117558,-0.9009688679024191
2016-06-10 04:00:00,67.33333333333333,3.266666666666666,4,4,6,0.8660254037844386,0.5000000000000001,-0.433883739117558,-0.9009688679024191
2016-06-10 05:00:00,2.6666666666666665,1.8166666666666664,5,4,6,0.9659258262890683,0.25881904510252074,-0.433883739117558,-0.9009688679024191
2016-06-10 06:00:00,-1.8333333333333333,0.6666666666666666,6,4,6,1.0,6.123233995736766e-17,-0.433883739117558,-0.9009688679024191
2016-06-10 07:00:00,-1.6666666666666667,0.11666666666666668,7,4,6,0.9659258262890683,-0.25881904510252063,-0.433883739117558,-0.9009688679024191
2016-06-10 08:00:00,-2.0,0.5166666666666667,8,4,6,0.8660254037844387,-0.49999999999999983,-0.433883739117558,-0.9009688679024191
2016-06-10 09:00:00,-2.3333333333333335,0.9666666666666668,9,4,6,0.7071067811865476,-0.7071067811865475,-0.433883739117558,-0.9009688679024191
2016-06-10 10:00:00,-3.5,1.5,10,4,6,0.49999999999999994,-0.8660254037844387,-0.433883739117558,-0.9009688679024191
2016-06-10 11:00:00,-2.5,1.9166666666666667,11,4,6,0.258819045102521,-0.9659258262890682,-0.433883739117558,-0.9009688679024191
2016-06-10 12:00:00,0.16666666666666666,2.05,12,4,6,1.2246467991473532e-16,-1.0,-0.433883739117558,-0.9009688679024191
2016-06-10 13:00:00,24.833333333333332,2.8166666666666664,13,4,6,-0.2588190451025208,-0.9659258262890683,-0.433883739117558,-0.9009688679024191
2016-06-10 14:00:00,12.166666666666666,2.3666666666666667,14,4,6,-0.4999999999999998,-0.8660254037844388,-0.433883739117558,-0.9009688679024191
2016-06-10 15:00:00,-2.6666666666666665,1.4333333333333333,15,4,6,-0.7071067811865471,-0.7071067811865479,-0.433883739117558,-0.9009688679024191
2016-06-10 16:00:00,1.8333333333333333,2.3666666666666667,16,4,6,-0.8660254037844384,-0.5000000000000004,-0.433883739117558,-0.9009688679024191
2016-06-10 17:00:00,-0.6666666666666666,2.5833333333333335,17,4,6,-0.9659258262890683,-0.25881904510252063,-0.433883739117558,-0.9009688679024191
2016-06-10 18:00:00,19.833333333333332,2.266666666666666,18,4,6,-1.0,-1.8369701987210297e-16,-0.433883739117558,-0.9009688679024191
2016-06-10 19:00:00,28.166666666666668,2.733333333333333,19,4,6,-0.9659258262890684,0.2588190451025203,-0.433883739117558,-0.9009688679024191
2016-06-10 20:00:00,28.5,2.5833333333333335,20,4,6,-0.8660254037844386,0.5000000000000001,-0.433883739117558,-0.9009688679024191
2016-06-10 21:00:00,0.6666666666666666,1.883333333333333,21,4,6,-0.7071067811865477,0.7071067811865474,-0.433883739117558,-0.9009688679024191
2016-06-10 22:00:00,-2.0,1.4333333333333333,22,4,6,-0.5000000000000004,0.8660254037844384,-0.433883739117558,-0.9009688679024191
2016-06-10 23:00:00,-0.5,1.7666666666666666,23,4,6,-0.25881904510252157,0.9659258262890681,-0.433883739117558,-0.9009688679024191
2016-06-11 00:00:00,32.333333333333336,2.5500000000000003,0,5,6,0.0,1.0,-0.9749279121818236,-0.2225209339563146
2016-06-11 01:00:00,15.833333333333334,2.3000000000000003,1,5,6,0.25881904510252074,0.9659258262890683,-0.9749279121818236,-0.2225209339563146
2016-06-11 02:00:00,-2.3333333333333335,1.5166666666666666,2,5,6,0.49999999999999994,0.8660254037844387,-0.9749279121818236,-0.2225209339563146
2016-06-11 03:00:00,83.5,3.1,3,5,6,0.7071067811865475,0.7071067811865476,-0.9749279121818236,-0.2225209339563146
2016-06-11 04:00:00,124.5,3.6666666666666665,4,5,6,0.8660254037844386,0.5000000000000001,-0.9749279121818236,-0.2225209339563146
2016-06-11 05:00:00,215.83333333333334,4.45,5,5,6,0.9659258262890683,0.25881904510252074,-0.9749279121818236,-0.2225209339563146
2016-06-11 06:00:00,390.8333333333333,5.1499999999999995,6,5,6,1.0,6.123233995736766e-17,-0.9749279121818236,-0.2225209339563146
2016-06-11 07:00:00,187.5,4.016666666666667,7,5,6,0.9659258262890683,-0.25881904510252063,-0.9749279121818236,-0.2225209339563146
2016-06-11 08:00:00,28.833333333333332,2.4000000000000004,8,5,6,0.8660254037844387,-0.49999999999999983,-0.9749279121818236,-0.2225209339563146
2016-06-11 09:00:00,-1.3333333333333333,2.0166666666666666,9,5,6,0.7071067811865476,-0.7071067811865475,-0.9749279121818236,-0.2225209339563146
2016-06-11 10:00:00,-2.8333333333333335,1.3666666666666665,10,5,6,0.49999999999999994,-0.8660254037844387,-0.9749279121818236,-0.2225209339563146
2016-06-11 11:00:00,-1.6666666666666667,1.0833333333333333,11,5,6,0.258819045102521,-0.9659258262890682,-0.9749279121818236,-0.2225209339563146
2016-06-11 12:00:00,-1.5,1.6000000000000003,12,5,6,1.2246467991473532e-16,-1.0,-0.9749279121818236,-0.2225209339563146
2016-06-11 13:00:00,17.5,2.6,13,5,6,-0.2588190451025208,-0.9659258262890683,-0.9749279121818236,-0.2225209339563146
2016-06-11 14:00:00,3.5,2.2666666666666666,14,5,6,-0.4999999999999998,-0.8660254037844388,-0.9749279121818236,-0.2225209339563146
2016-06-11 15:00:00,785.3333333333334,6.166666666666667,15,5,6,-0.7071067811865471,-0.7071067811865479,-0.9749279121818236,-0.2225209339563146
2016-06-11 16:00:00,546.5,5.75,16,5,6,-0.8660254037844384,-0.5000000000000004,-0.9749279121818236,-0.2225209339563146
2016-06-11 17:00:00,42.333333333333336,2.8333333333333335,17,5,6,-0.9659258262890683,-0.25881904510252063,-0.9749279121818236,-0.2225209339563146
2016-06-11 18:00:00,3.1666666666666665,2.05,18,5,6,-1.0,-1.8369701987210297e-16,-0.9749279121818236,-0.2225209339563146
2016-06-11 19:00:00,5.5,2.183333333333333,19,5,6,-0.9659258262890684,0.2588190451025203,-0.9749279121818236,-0.2225209339563146
2016-06-11 20:00:00,52.833333333333336,3.066666666666667,20,5,6,-0.8660254037844386,0.5000000000000001,-0.9749279121818236,-0.2225209339563146
2016-06-11 21:00:00,2.8333333333333335,1.4666666666666668,21,5,6,-0.7071067811865477,0.7071067811865474,-0.9749279121818236,-0.2225209339563146
2016-06-11 22:00:00,-1.1666666666666667,1.4000000000000001,22,5,6,-0.5000000000000004,0.8660254037844384,-0.9749279121818236,-0.2225209339563146
2016-06-11 23:00:00,-1.8333333333333333,1.383333333333333,23,5,6,-0.25881904510252157,0.9659258262890681,-0.9749279121818236,-0.2225209339563146
2016-06-12 00:00:00,6.833333333333333,2.183333333333333,0,6,6,0.0,1.0,-0.7818314824680299,0.6234898018587334
2016-06-12 01:00:00,2.5,2.016666666666667,1,6,6,0.25881904510252074,0.9659258262890683,-0.7818314824680299,0.6234898018587334
2016-06-12 02:00:00,34.333333333333336,2.6,2,6,6,0.49999999999999994,0.8660254037844387,-0.7818314824680299,0.6234898018587334
2016-06-12 03:00:00,76.5,3.166666666666666,3,6,6,0.7071067811865475,0.7071067811865476,-0.7818314824680299,0.6234898018587334
2016-06-12 04:00:00,161.83333333333334,3.983333333333333,4,6,6,0.8660254037844386,0.5000000000000001,-0.7818314824680299,0.6234898018587334
2016-06-12 05:00:00,81.83333333333333,3.1999999999999997,5,6,6,0.9659258262890683,0.25881904510252074,-0.7818314824680299,0.6234898018587334
2016-06-12 06:00:00,41.5,2.8000000000000003,6,6,6,1.0,6.123233995736766e-17,-0.7818314824680299,0.6234898018587334
2016-06-12 07:00:00,64.83333333333333,3.1666666666666674,7,6,6,0.9659258262890683,-0.25881904510252063,-0.7818314824680299,0.6234898018587334
2016-06-12 08:00:00,72.83333333333333,3.4499999999999997,8,6,6,0.8660254037844387,-0.49999999999999983,-0.7818314824680299,0.6234898018587334
2016-06-12 09:00:00,179.66666666666666,4.316666666666667,9,6,6,0.7071067811865476,-0.7071067811865475,-0.7818314824680299,0.6234898018587334
2016-06-12 10:00:00,174.83333333333334,4.266666666666667,10,6,6,0.49999999999999994,-0.8660254037844387,-0.7818314824680299,0.6234898018587334
2016-06-12 11:00:00,270.0,4.816666666666667,11,6,6,0.258819045102521,-0.9659258262890682,-0.7818314824680299,0.6234898018587334
2016-06-12 12:00:00,354.0,4.733333333333333,12,6,6,1.2246467991473532e-16,-1.0,-0.7818314824680299,0.6234898018587334
2016-06-12 13:00:00,174.5,4.083333333333333,13,6,6,-0.2588190451025208,-0.9659258262890683,-0.7818314824680299,0.6234898018587334
2016-06-12 14:00:00,350.8333333333333,4.866666666666666,14,6,6,-0.4999999999999998,-0.8660254037844388,-0.7818314824680299,0.6234898018587334
2016-06-12 15:00:00,801.5,6.316666666666666,15,6,6,-0.7071067811865471,-0.7071067811865479,-0.7818314824680299,0.6234898018587334
2016-06-12 16:00:00,508.0,5.6000000000000005,16,6,6,-0.8660254037844384,-0.5000000000000004,-0.7818314824680299,0.6234898018587334
2016-06-12 17:00:00,359.6666666666667,5.1499999999999995,17,6,6,-0.9659258262890683,-0.25881904510252063,-0.7818314824680299,0.6234898018587334
2016-06-12 18:00:00,869.1666666666666,6.483333333333333,18,6,6,-1.0,-1.8369701987210297e-16,-0.7818314824680299,0.6234898018587334
2016-06-12 19:00:00,739.5,6.3999999999999995,19,6,6,-0.9659258262890684,0.2588190451025203,-0.7818314824680299,0.6234898018587334
2016-06-12 20:00:00,723.3333333333334,6.183333333333334,20,6,6,-0.8660254037844386,0.5000000000000001,-0.7818314824680299,0.6234898018587334
2016-06-12 21:00:00,193.5,4.25,21,6,6,-0.7071067811865477,0.7071067811865474,-0.7818314824680299,0.6234898018587334
2016-06-12 22:00:00,433.0,5.316666666666667,22,6,6,-0.5000000000000004,0.8660254037844384,-0.7818314824680299,0.6234898018587334
2016-06-12 23:00:00,823.6666666666666,6.3500000000000005,23,6,6,-0.25881904510252157,0.9659258262890681,-0.7818314824680299,0.6234898018587334
2016-06-13 00:00:00,600.0,5.583333333333333,0,0,6,0.0,1.0,0.0,1.0
2016-06-13 01:00:00,423.5,5.283333333333334,1,0,6,0.25881904510252074,0.9659258262890683,0.0,1.0
2016-06-13 02:00:00,487.5,5.516666666666667,2,0,6,0.49999999999999994,0.8660254037844387,0.0,1.0
2016-06-13 03:00:00,736.5,6.050000000000001,3,0,6,0.7071067811865475,0.7071067811865476,0.0,1.0
2016-06-13 04:00:00,539.6666666666666,5.633333333333333,4,0,6,0.8660254037844386,0.5000000000000001,0.0,1.0
2016-06-13 05:00:00,430.3333333333333,5.3500000000000005,5,0,6,0.9659258262890683,0.25881904510252074,0.0,1.0
2016-06-13 06:00:00,190.83333333333334,4.483333333333333,6,0,6,1.0,6.123233995736766e-17,0.0,1.0
2016-06-13 07:00:00,273.1666666666667,4.7,7,0,6,0.9659258262890683,-0.25881904510252063,0.0,1.0
2016-06-13 08:00:00,261.3333333333333,4.783333333333333,8,0,6,0.8660254037844387,-0.49999999999999983,0.0,1.0
2016-06-13 09:00:00,211.5,4.366666666666667,9,0,6,0.7071067811865476,-0.7071067811865475,0.0,1.0
2016-06-13 10:00:00,483.5,5.483333333333333,10,0,6,0.49999999999999994,-0.8660254037844387,0.0,1.0
2016-06-13 11:00:00,473.8333333333333,5.383333333333333,11,0,6,0.258819045102521,-0.9659258262890682,0.0,1.0
2016-06-13 12:00:00,202.5,4.283333333333333,12,0,6,1.2246467991473532e-16,-1.0,0.0,1.0
2016-06-13 13:00:00,270.6666666666667,4.683333333333334,13,0,6,-0.2588190451025208,-0.9659258262890683,0.0,1.0
2016-06-13 14:00:00,290.5,4.866666666666666,14,0,6,-0.4999999999999998,-0.8660254037844388,0.0,1.0
2016-06-13 15:00:00,254.66666666666666,4.3999999999999995,15,0,6,-0.7071067811865471,-0.7071067811865479,0.0,1.0
2016-06-13 16:00:00,496.5,5.566666666666666,16,0,6,-0.8660254037844384,-0.5000000000000004,0.0,1.0
2016-06-13 17:00:00,1062.6666666666667,7.1000000000000005,17,0,6,-0.9659258262890683,-0.25881904510252063,0.0,1.0
2016-06-13 18:00:00,1256.0,7.5,18,0,6,-1.0,-1.8369701987210297e-16,0.0,1.0
2016-06-13 19:00:00,673.5,5.816666666666666,19,0,6,-0.9659258262890684,0.2588190451025203,0.0,1.0
2016-06-13 20:00:00,1238.0,8.299999999999999,20,0,6,-0.8660254037844386,0.5000000000000001,0.0,1.0
2016-06-13 21:00:00,456.6666666666667,5.516666666666667,21,0,6,-0.7071067811865477,0.7071067811865474,0.0,1.0
2016-06-13 22:00:00,999.3333333333334,6.983333333333333,22,0,6,-0.5000000000000004,0.8660254037844384,0.0,1.0
2016-06-13 23:00:00,708.6666666666666,6.1000000000000005,23,0,6,-0.25881904510252157,0.9659258262890681,0.0,1.0
2016-06-14 00:00:00,442.5,5.3999999999999995,0,1,6,0.0,1.0,0.7818314824680298,0.6234898018587336
2016-06-14 02:00:00,657.1666666666666,5.883333333333334,2,1,6,0.49999999999999994,0.8660254037844387,0.7818314824680298,0.6234898018587336
2016-06-14 03:00:00,607.8333333333334,5.683333333333334,3,1,6,0.7071067811865475,0.7071067811865476,0.7818314824680298,0.6234898018587336
2016-06-14 04:00:00,621.8333333333334,5.8,4,1,6,0.8660254037844386,0.5000000000000001,0.7818314824680298,0.6234898018587336
2016-06-14 05:00:00,545.1666666666666,5.800000000000001,5,1,6,0.9659258262890683,0.25881904510252074,0.7818314824680298,0.6234898018587336
2016-06-14 06:00:00,742.8333333333334,6.233333333333333,6,1,6,1.0,6.123233995736766e-17,0.7818314824680298,0.6234898018587336
2016-06-14 07:00:00,701.6666666666666,6.083333333333333,7,1,6,0.9659258262890683,-0.25881904510252063,0.7818314824680298,0.6234898018587336
2016-06-14 08:00:00,492.1666666666667,5.433333333333334,8,1,6,0.8660254037844387,-0.49999999999999983,0.7818314824680298,0.6234898018587336
2016-06-14 09:00:00,290.3333333333333,4.8,9,1,6,0.7071067811865476,-0.7071067811865475,0.7818314824680298,0.6234898018587336
2016-06-14 10:00:00,283.0,4.933333333333334,10,1,6,0.49999999999999994,-0.8660254037844387,0.7818314824680298,0.6234898018587336
2016-06-14 11:00:00,389.6666666666667,5.316666666666666,11,1,6,0.258819045102521,-0.9659258262890682,0.7818314824680298,0.6234898018587336
2016-06-14 12:00:00,318.0,4.883333333333334,12,1,6,1.2246467991473532e-16,-1.0,0.7818314824680298,0.6234898018587336
2016-06-14 13:00:00,643.3333333333334,6.0,13,1,6,-0.2588190451025208,-0.9659258262890683,0.7818314824680298,0.6234898018587336
2016-06-14 14:00:00,87.0,3.9166666666666674,14,1,6,-0.4999999999999998,-0.8660254037844388,0.7818314824680298,0.6234898018587336
2016-06-14 15:00:00,151.5,3.9500000000000006,15,1,6,-0.7071067811865471,-0.7071067811865479,0.7818314824680298,0.6234898018587336
2016-06-14 16:00:00,598.1666666666666,5.916666666666667,16,1,6,-0.8660254037844384,-0.5000000000000004,0.7818314824680298,0.6234898018587336
2016-06-14 17:00:00,1588.5,8.483333333333333,17,1,6,-0.9659258262890683,-0.25881904510252063,0.7818314824680298,0.6234898018587336
2016-06-14 18:00:00,905.0,6.433333333333334,18,1,6,-1.0,-1.8369701987210297e-16,0.7818314824680298,0.6234898018587336
2016-06-14 19:00:00,797.0,6.216666666666666,19,1,6,-0.9659258262890684,0.2588190451025203,0.7818314824680298,0.6234898018587336
2016-06-14 20:00:00,292.8333333333333,4.616666666666667,20,1,6,-0.8660254037844386,0.5000000000000001,0.7818314824680298,0.6234898018587336
2016-06-14 21:00:00,303.3333333333333,4.933333333333334,21,1,6,-0.7071067811865477,0.7071067811865474,0.7818314824680298,0.6234898018587336
2016-06-14 22:00:00,550.8333333333334,5.833333333333333,22,1,6,-0.5000000000000004,0.8660254037844384,0.7818314824680298,0.6234898018587336
2016-06-14 23:00:00,713.5,6.033333333333334,23,1,6,-0.25881904510252157,0.9659258262890681,0.7818314824680298,0.6234898018587336
2016-06-15 00:00:00,840.0,6.433333333333333,0,2,6,0.0,1.0,0.9749279121818236,-0.22252093395631434
2016-06-15 01:00:00,293.8333333333333,4.8999999999999995,1,2,6,0.25881904510252074,0.9659258262890683,0.9749279121818236,-0.22252093395631434
2016-06-15 02:00:00,716.0,6.25,2,2,6,0.49999999999999994,0.8660254037844387,0.9749279121818236,-0.22252093395631434
2016-06-15 03:00:00,976.5,6.616666666666666,3,2,6,0.7071067811865475,0.7071067811865476,0.9749279121818236,-0.22252093395631434
2016-06-15 04:00:00,797.1666666666666,6.216666666666668,4,2,6,0.8660254037844386,0.5000000000000001,0.9749279121818236,-0.22252093395631434
2016-06-15 05:00:00,386.3333333333333,5.25,5,2,6,0.9659258262890683,0.25881904510252074,0.9749279121818236,-0.22252093395631434
2016-06-15 06:00:00,313.5,4.883333333333334,6,2,6,1.0,6.123233995736766e-17,0.9749279121818236,-0.22252093395631434
2016-06-15 07:00:00,277.5,4.6,7,2,6,0.9659258262890683,-0.25881904510252063,0.9749279121818236,-0.22252093395631434
2016-06-15 08:00:00,74.33333333333333,3.3333333333333335,8,2,6,0.8660254037844387,-0.49999999999999983,0.9749279121818236,-0.22252093395631434
2016-06-15 09:00:00,69.0,3.3000000000000003,9,2,6,0.7071067811865476,-0.7071067811865475,0.9749279121818236,-0.22252093395631434
2016-06-15 10:00:00,153.83333333333334,4.116666666666666,10,2,6,0.49999999999999994,-0.8660254037844387,0.9749279121818236,-0.22252093395631434
2016-06-15 11:00:00,174.33333333333334,4.466666666666667,11,2,6,0.258819045102521,-0.9659258262890682,0.9749279121818236,-0.22252093395631434
2016-06-15 12:00:00,507.1666666666667,5.716666666666666,12,2,6,1.2246467991473532e-16,-1.0,0.9749279121818236,-0.22252093395631434
2016-06-15 13:00:00,634.5,5.95,13,2,6,-0.2588190451025208,-0.9659258262890683,0.9749279121818236,-0.22252093395631434
2016-06-15 14:00:00,1031.3333333333333,6.866666666666667,14,2,6,-0.4999999999999998,-0.8660254037844388,0.9749279121818236,-0.22252093395631434
2016-06-15 15:00:00,738.0,6.3500000000000005,15,2,6,-0.7071067811865471,-0.7071067811865479,0.9749279121818236,-0.22252093395631434
2016-06-15 16:00:00,999.5,7.183333333333333,16,2,6,-0.8660254037844384,-0.5000000000000004,0.9749279121818236,-0.22252093395631434
2016-06-15 17:00:00,1162.5,7.55,17,2,6,-0.9659258262890683,-0.25881904510252063,0.9749279121818236,-0.22252093395631434
2016-06-15 18:00:00,1308.6666666666667,7.933333333333333,18,2,6,-1.0,-1.8369701987210297e-16,0.9749279121818236,-0.22252093395631434
2016-06-15 19:00:00,735.1666666666666,6.166666666666667,19,2,6,-0.9659258262890684,0.2588190451025203,0.9749279121818236,-0.22252093395631434
2016-06-15 20:00:00,510.0,5.5,20,2,6,-0.8660254037844386,0.5000000000000001,0.9749279121818236,-0.22252093395631434
2016-06-15 21:00:00,789.8333333333334,6.300000000000001,21,2,6,-0.7071067811865477,0.7071067811865474,0.9749279121818236,-0.22252093395631434
2016-06-15 22:00:00,356.5,5.1499999999999995,22,2,6,-0.5000000000000004,0.8660254037844384,0.9749279121818236,-0.22252093395631434
2016-06-15 23:00:00,931.0,6.366666666666667,23,2,6,-0.25881904510252157,0.9659258262890681,0.9749279121818236,-0.22252093395631434
2016-06-16 00:00:00,568.5,5.683333333333334,0,3,6,0.0,1.0,0.43388373911755823,-0.900968867902419
2016-06-16 01:00:00,398.0,5.183333333333334,1,3,6,0.25881904510252074,0.9659258262890683,0.43388373911755823,-0.900968867902419
2016-06-16 02:00:00,264.6666666666667,4.7,2,3,6,0.49999999999999994,0.8660254037844387,0.43388373911755823,-0.900968867902419
2016-06-16 03:00:00,17.833333333333332,2.4166666666666665,3,3,6,0.7071067811865475,0.7071067811865476,0.43388373911755823,-0.900968867902419
2016-06-16 04:00:00,11.166666666666666,2.2833333333333337,4,3,6,0.8660254037844386,0.5000000000000001,0.43388373911755823,-0.900968867902419
2016-06-16 05:00:00,-2.5,1.5333333333333332,5,3,6,0.9659258262890683,0.25881904510252074,0.43388373911755823,-0.900968867902419
2016-06-16 06:00:00,-2.0,1.5666666666666664,6,3,6,1.0,6.123233995736766e-17,0.43388373911755823,-0.900968867902419
2016-06-16 07:00:00,-2.6666666666666665,0.8333333333333334,7,3,6,0.9659258262890683,-0.25881904510252063,0.43388373911755823,-0.900968867902419
2016-06-16 08:00:00,29.5,2.55,8,3,6,0.8660254037844387,-0.49999999999999983,0.43388373911755823,-0.900968867902419
2016-06-16 09:00:00,74.16666666666667,3.316666666666667,9,3,6,0.7071067811865476,-0.7071067811865475,0.43388373911755823,-0.900968867902419
2016-06-16 10:00:00,54.833333333333336,3.183333333333333,10,3,6,0.49999999999999994,-0.8660254037844387,0.43388373911755823,-0.900968867902419
2016-06-16 11:00:00,0.6666666666666666,1.9333333333333336,11,3,6,0.258819045102521,-0.9659258262890682,0.43388373911755823,-0.900968867902419
2016-06-16 12:00:00,-0.5,1.9166666666666667,12,3,6,1.2246467991473532e-16,-1.0,0.43388373911755823,-0.900968867902419
2016-06-16 13:00:00,33.166666666666664,2.4,13,3,6,-0.2588190451025208,-0.9659258262890683,0.43388373911755823,-0.900968867902419
2016-06-16 14:00:00,85.66666666666667,3.4499999999999997,14,3,6,-0.4999999999999998,-0.8660254037844388,0.43388373911755823,-0.900968867902419
2016-06-16 15:00:00,91.66666666666667,3.2833333333333337,15,3,6,-0.7071067811865471,-0.7071067811865479,0.43388373911755823,-0.900968867902419
2016-06-16 16:00:00,58.0,3.1666666666666665,16,3,6,-0.8660254037844384,-0.5000000000000004,0.43388373911755823,-0.900968867902419
2016-06-16 17:00:00,35.5,2.9166666666666665,17,3,6,-0.9659258262890683,-0.25881904510252063,0.43388373911755823,-0.900968867902419
2016-06-16 18:00:00,16.5,2.5,18,3,6,-1.0,-1.8369701987210297e-16,0.43388373911755823,-0.900968867902419
2016-06-16 19:00:00,6.833333333333333,2.0833333333333335,19,3,6,-0.9659258262890684,0.2588190451025203,0.43388373911755823,-0.900968867902419
2016-06-16 20:00:00,8.166666666666666,2.183333333333333,20,3,6,-0.8660254037844386,0.5000000000000001,0.43388373911755823,-0.900968867902419
2016-06-16 21:00:00,18.0,2.3333333333333335,21,3,6,-0.7071067811865477,0.7071067811865474,0.43388373911755823,-0.900968867902419
2016-06-16 22:00:00,16.333333333333332,2.3833333333333333,22,3,6,-0.5000000000000004,0.8660254037844384,0.43388373911755823,-0.900968867902419
2016-06-16 23:00:00,61.166666666666664,3.183333333333333,23,3,6,-0.25881904510252157,0.9659258262890681,0.43388373911755823,-0.900968867902419
2016-06-17 00:00:00,184.0,4.05,0,4,6,0.0,1.0,-0.433883739117558,-0.9009688679024191
2016-06-17 01:00:00,430.6666666666667,5.233333333333333,1,4,6,0.25881904510252074,0.9659258262890683,-0.433883739117558,-0.9009688679024191
2016-06-17 02:00:00,542.0,5.516666666666667,2,4,6,0.49999999999999994,0.8660254037844387,-0.433883739117558,-0.9009688679024191
2016-06-17 03:00:00,506.0,5.616666666666666,3,4,6,0.7071067811865475,0.7071067811865476,-0.433883739117558,-0.9009688679024191
2016-06-17 04:00:00,998.8333333333334,6.733333333333333,4,4,6,0.8660254037844386,0.5000000000000001,-0.433883739117558,-0.9009688679024191
2016-06-17 05:00:00,1060.6666666666667,6.8999999999999995,5,4,6,0.9659258262890683,0.25881904510252074,-0.433883739117558,-0.9009688679024191
2016-06-17 06:00:00,1850.1666666666667,11.783333333333333,6,4,6,1.0,6.123233995736766e-17,-0.433883739117558,-0.9009688679024191
2016-06-17 07:00:00,1873.6666666666667,10.683333333333335,7,4,6,0.9659258262890683,-0.25881904510252063,-0.433883739117558,-0.9009688679024191
2016-06-17 08:00:00,1617.6666666666667,8.433333333333335,8,4,6,0.8660254037844387,-0.49999999999999983,-0.433883739117558,-0.9009688679024191
2016-06-17 09:00:00,1682.1666666666667,9.383333333333333,9,4,6,0.7071067811865476,-0.7071067811865475,-0.433883739117558,-0.9009688679024191
2016-06-17 10:00:00,1404.6666666666667,8.133333333333333,10,4,6,0.49999999999999994,-0.8660254037844387,-0.433883739117558,-0.9009688679024191
2016-06-17 11:00:00,1486.8333333333333,8.716666666666667,11,4,6,0.258819045102521,-0.9659258262890682,-0.433883739117558,-0.9009688679024191
2016-06-17 12:00:00,1786.8333333333333,9.766666666666667,12,4,6,1.2246467991473532e-16,-1.0,-0.433883739117558,-0.9009688679024191
2016-06-17 13:00:00,1818.5,10.183333333333334,13,4,6,-0.2588190451025208,-0.9659258262890683,-0.433883739117558,-0.9009688679024191
2016-06-17 14:00:00,1513.8333333333333,9.066666666666666,14,4,6,-0.4999999999999998,-0.8660254037844388,-0.433883739117558,-0.9009688679024191
2016-06-17 15:00:00,1632.6666666666667,10.15,15,4,6,-0.7071067811865471,-0.7071067811865479,-0.433883739117558,-0.9009688679024191
2016-06-17 16:00:00,1855.8333333333333,12.533333333333333,16,4,6,-0.8660254037844384,-0.5000000000000004,-0.433883739117558,-0.9009688679024191
2016-06-17 17:00:00,1820.3333333333333,11.549999999999999,17,4,6,-0.9659258262890683,-0.25881904510252063,-0.433883739117558,-0.9009688679024191
2016-06-17 18:00:00,1685.8333333333333,10.016666666666666,18,4,6,-1.0,-1.8369701987210297e-16,-0.433883739117558,-0.9009688679024191
2016-06-17 19:00:00,1422.1666666666667,8.116666666666665,19,4,6,-0.9659258262890684,0.2588190451025203,-0.433883739117558,-0.9009688679024191
2016-06-17 20:00:00,295.0,5.016666666666667,20,4,6,-0.8660254037844386,0.5000000000000001,-0.433883739117558,-0.9009688679024191
2016-06-17 21:00:00,1037.3333333333333,7.066666666666666,21,4,6,-0.7071067811865477,0.7071067811865474,-0.433883739117558,-0.9009688679024191
2016-06-17 22:00:00,1354.3333333333333,7.766666666666667,22,4,6,-0.5000000000000004,0.8660254037844384,-0.433883739117558,-0.9009688679024191
2016-06-17 23:00:00,1402.0,8.016666666666667,23,4,6,-0.25881904510252157,0.9659258262890681,-0.433883739117558,-0.9009688679024191
2016-06-18 00:00:00,1226.3333333333333,7.566666666666666,0,5,6,0.0,1.0,-0.9749279121818236,-0.2225209339563146
2016-06-18 01:00:00,1454.6666666666667,8.183333333333334,1,5,6,0.25881904510252074,0.9659258262890683,-0.9749279121818236,-0.2225209339563146
2016-06-18 02:00:00,980.0,7.050000000000001,2,5,6,0.49999999999999994,0.8660254037844387,-0.9749279121818236,-0.2225209339563146
2016-06-18 03:00:00,689.5,5.8999999999999995,3,5,6,0.7071067811865475,0.7071067811865476,-0.9749279121818236,-0.2225209339563146
2016-06-18 04:00:00,443.0,5.416666666666667,4,5,6,0.8660254037844386,0.5000000000000001,-0.9749279121818236,-0.2225209339563146
2016-06-18 05:00:00,892.1666666666666,6.5,5,5,6,0.9659258262890683,0.25881904510252074,-0.9749279121818236,-0.2225209339563146
2016-06-18 06:00:00,396.6666666666667,5.433333333333333,6,5,6,1.0,6.123233995736766e-17,-0.9749279121818236,-0.2225209339563146
2016-06-18 07:00:00,633.6666666666666,5.766666666666667,7,5,6,0.9659258262890683,-0.25881904510252063,-0.9749279121818236,-0.2225209339563146
2016-06-18 08:00:00,246.66666666666666,4.833333333333333,8,5,6,0.8660254037844387,-0.49999999999999983,-0.9749279121818236,-0.2225209339563146
2016-06-18 09:00:00,212.0,4.5,9,5,6,0.7071067811865476,-0.7071067811865475,-0.9749279121818236,-0.2225209339563146
2016-06-18 10:00:00,301.1666666666667,5.083333333333333,10,5,6,0.49999999999999994,-0.8660254037844387,-0.9749279121818236,-0.2225209339563146
2016-06-18 11:00:00,370.8333333333333,5.1499999999999995,11,5,6,0.258819045102521,-0.9659258262890682,-0.9749279121818236,-0.2225209339563146
2016-06-18 12:00:00,635.3333333333334,6.550000000000001,12,5,6,1.2246467991473532e-16,-1.0,-0.9749279121818236,-0.2225209339563146
2016-06-18 13:00:00,125.33333333333333,3.983333333333333,13,5,6,-0.2588190451025208,-0.9659258262890683,-0.9749279121818236,-0.2225209339563146
2016-06-18 14:00:00,63.5,2.9499999999999997,14,5,6,-0.4999999999999998,-0.8660254037844388,-0.9749279121818236,-0.2225209339563146
2016-06-18 15:00:00,104.5,3.483333333333333,15,5,6,-0.7071067811865471,-0.7071067811865479,-0.9749279121818236,-0.2225209339563146
2016-06-18 16:00:00,172.83333333333334,4.133333333333334,16,5,6,-0.8660254037844384,-0.5000000000000004,-0.9749279121818236,-0.2225209339563146
2016-06-18 17:00:00,641.5,6.033333333333334,17,5,6,-0.9659258262890683,-0.25881904510252063,-0.9749279121818236,-0.2225209339563146
2016-06-18 18:00:00,402.1666666666667,5.316666666666667,18,5,6,-1.0,-1.8369701987210297e-16,-0.9749279121818236,-0.2225209339563146
2016-06-18 19:00:00,156.83333333333334,4.016666666666667,19,5,6,-0.9659258262890684,0.2588190451025203,-0.9749279121818236,-0.2225209339563146
2016-06-18 20:00:00,267.3333333333333,4.716666666666667,20,5,6,-0.8660254037844386,0.5000000000000001,-0.9749279121818236,-0.2225209339563146
2016-06-18 21:00:00,404.8333333333333,5.116666666666666,21,5,6,-0.7071067811865477,0.7071067811865474,-0.9749279121818236,-0.2225209339563146
2016-06-18 22:00:00,343.5,5.1,22,5,6,-0.5000000000000004,0.8660254037844384,-0.9749279121818236,-0.2225209339563146
2016-06-18 23:00:00,280.5,4.633333333333334,23,5,6,-0.25881904510252157,0.9659258262890681,-0.9749279121818236,-0.2225209339563146
2016-06-19 00:00:00,307.1666666666667,4.983333333333333,0,6,6,0.0,1.0,-0.7818314824680299,0.6234898018587334
2016-06-19 01:00:00,204.0,4.5,1,6,6,0.25881904510252074,0.9659258262890683,-0.7818314824680299,0.6234898018587334
2016-06-19 02:00:00,185.5,4.125,2,6,6,0.49999999999999994,0.8660254037844387,-0.7818314824680299,0.6234898018587334
2016-06-19 03:00:00,465.1666666666667,5.566666666666666,3,6,6,0.7071067811865475,0.7071067811865476,-0.7818314824680299,0.6234898018587334
2016-06-19 04:00:00,412.6666666666667,5.2,4,6,6,0.8660254037844386,0.5000000000000001,-0.7818314824680299,0.6234898018587334
2016-06-19 05:00:00,421.3333333333333,5.366666666666666,5,6,6,0.9659258262890683,0.25881904510252074,-0.7818314824680299,0.6234898018587334
2016-06-19 06:00:00,476.0,5.516666666666667,6,6,6,1.0,6.123233995736766e-17,-0.7818314824680299,0.6234898018587334
2016-06-19 07:00:00,14.333333333333334,2.533333333333333,7,6,6,0.9659258262890683,-0.25881904510252063,-0.7818314824680299,0.6234898018587334
2016-06-19 08:00:00,146.16666666666666,3.766666666666667,8,6,6,0.8660254037844387,-0.49999999999999983,-0.7818314824680299,0.6234898018587334
2016-06-19 09:00:00,278.5,4.816666666666667,9,6,6,0.7071067811865476,-0.7071067811865475,-0.7818314824680299,0.6234898018587334
2016-06-19 10:00:00,131.66666666666666,3.8499999999999996,10,6,6,0.49999999999999994,-0.8660254037844387,-0.7818314824680299,0.6234898018587334
2016-06-19 11:00:00,46.5,3.1166666666666667,11,6,6,0.258819045102521,-0.9659258262890682,-0.7818314824680299,0.6234898018587334
2016-06-19 12:00:00,128.16666666666666,4.05,12,6,6,1.2246467991473532e-16,-1.0,-0.7818314824680299,0.6234898018587334
2016-06-19 13:00:00,177.5,4.333333333333333,13,6,6,-0.2588190451025208,-0.9659258262890683,-0.7818314824680299,0.6234898018587334
2016-06-19 14:00:00,119.16666666666667,4.033333333333333,14,6,6,-0.4999999999999998,-0.8660254037844388,-0.7818314824680299,0.6234898018587334
2016-06-19 15:00:00,602.3333333333334,5.833333333333333,15,6,6,-0.7071067811865471,-0.7071067811865479,-0.7818314824680299,0.6234898018587334
2016-06-19 16:00:00,718.6666666666666,6.216666666666666,16,6,6,-0.8660254037844384,-0.5000000000000004,-0.7818314824680299,0.6234898018587334
2016-06-19 17:00:00,644.5,6.083333333333333,17,6,6,-0.9659258262890683,-0.25881904510252063,-0.7818314824680299,0.6234898018587334
2016-06-19 18:00:00,561.1666666666666,5.833333333333333,18,6,6,-1.0,-1.8369701987210297e-16,-0.7818314824680299,0.6234898018587334
2016-06-19 19:00:00,435.3333333333333,5.449999999999999,19,6,6,-0.9659258262890684,0.2588190451025203,-0.7818314824680299,0.6234898018587334
2016-06-19 20:00:00,525.1666666666666,5.516666666666667,20,6,6,-0.8660254037844386,0.5000000000000001,-0.7818314824680299,0.6234898018587334
2016-06-19 21:00:00,770.8333333333334,6.216666666666666,21,6,6,-0.7071067811865477,0.7071067811865474,-0.7818314824680299,0.6234898018587334
2016-06-19 22:00:00,260.0,4.5,22,6,6,-0.5000000000000004,0.8660254037844384,-0.7818314824680299,0.6234898018587334
2016-06-19 23:00:00,34.333333333333336,2.8000000000000003,23,6,6,-0.25881904510252157,0.9659258262890681,-0.7818314824680299,0.6234898018587334
2016-06-20 00:00:00,75.66666666666667,3.5,0,0,6,0.0,1.0,0.0,1.0
2016-06-20 01:00:00,62.666666666666664,3.3000000000000003,1,0,6,0.25881904510252074,0.9659258262890683,0.0,1.0
2016-06-20 02:00:00,22.833333333333332,2.516666666666667,2,0,6,0.49999999999999994,0.8660254037844387,0.0,1.0
2016-06-20 03:00:00,16.333333333333332,2.4000000000000004,3,0,6,0.7071067811865475,0.7071067811865476,0.0,1.0
2016-06-20 04:00:00,12.833333333333334,2.2833333333333337,4,0,6,0.8660254037844386,0.5000000000000001,0.0,1.0
2016-06-20 05:00:00,-2.1666666666666665,1.5999999999999999,5,0,6,0.9659258262890683,0.25881904510252074,0.0,1.0
2016-06-20 06:00:00,-1.8333333333333333,1.25,6,0,6,1.0,6.123233995736766e-17,0.0,1.0
2016-06-20 07:00:00,-2.5,0.9,7,0,6,0.9659258262890683,-0.25881904510252063,0.0,1.0
2016-06-20 08:00:00,-3.1666666666666665,0.43333333333333335,8,0,6,0.8660254037844387,-0.49999999999999983,0.0,1.0
2016-06-20 09:00:00,-3.6666666666666665,0.9833333333333334,9,0,6,0.7071067811865476,-0.7071067811865475,0.0,1.0
2016-06-20 10:00:00,-3.0,2.533333333333333,10,0,6,0.49999999999999994,-0.8660254037844387,0.0,1.0
2016-06-20 11:00:00,-2.5,2.8333333333333335,11,0,6,0.258819045102521,-0.9659258262890682,0.0,1.0
2016-06-20 12:00:00,-2.6666666666666665,2.566666666666667,12,0,6,1.2246467991473532e-16,-1.0,0.0,1.0
2016-06-20 13:00:00,-3.0,2.4666666666666663,13,0,6,-0.2588190451025208,-0.9659258262890683,0.0,1.0
2016-06-20 14:00:00,-2.8333333333333335,3.033333333333333,14,0,6,-0.4999999999999998,-0.8660254037844388,0.0,1.0
2016-06-20 15:00:00,-2.3333333333333335,3.25,15,0,6,-0.7071067811865471,-0.7071067811865479,0.0,1.0
2016-06-20 16:00:00,140.16666666666666,5.283333333333334,16,0,6,-0.8660254037844384,-0.5000000000000004,0.0,1.0
2016-06-20 17:00:00,472.6666666666667,5.516666666666667,17,0,6,-0.9659258262890683,-0.25881904510252063,0.0,1.0
2016-06-20 18:00:00,765.3333333333334,6.150000000000001,18,0,6,-1.0,-1.8369701987210297e-16,0.0,1.0
2016-06-20 19:00:00,496.3333333333333,5.566666666666666,19,0,6,-0.9659258262890684,0.2588190451025203,0.0,1.0
2016-06-20 20:00:00,401.3333333333333,5.2,20,0,6,-0.8660254037844386,0.5000000000000001,0.0,1.0
2016-06-20 21:00:00,512.8333333333334,5.55,21,0,6,-0.7071067811865477,0.7071067811865474,0.0,1.0
2016-06-20 22:00:00,1107.5,7.066666666666667,22,0,6,-0.5000000000000004,0.8660254037844384,0.0,1.0
2016-06-20 23:00:00,1210.1666666666667,7.550000000000001,23,0,6,-0.25881904510252157,0.9659258262890681,0.0,1.0
2016-06-21 00:00:00,811.8333333333334,6.383333333333334,0,1,6,0.0,1.0,0.7818314824680298,0.6234898018587336
2016-06-21 01:00:00,1443.3333333333333,9.35,1,1,6,0.25881904510252074,0.9659258262890683,0.7818314824680298,0.6234898018587336
2016-06-21 02:00:00,1870.5,10.783333333333333,2,1,6,0.49999999999999994,0.8660254037844387,0.7818314824680298,0.6234898018587336
2016-06-21 03:00:00,1907.1666666666667,10.433333333333332,3,1,6,0.7071067811865475,0.7071067811865476,0.7818314824680298,0.6234898018587336
2016-06-21 04:00:00,1876.8333333333333,9.133333333333331,4,1,6,0.8660254037844386,0.5000000000000001,0.7818314824680298,0.6234898018587336
2016-06-21 05:00:00,1632.3333333333333,8.549999999999999,5,1,6,0.9659258262890683,0.25881904510252074,0.7818314824680298,0.6234898018587336
2016-06-21 06:00:00,1706.0,8.516666666666667,6,1,6,1.0,6.123233995736766e-17,0.7818314824680298,0.6234898018587336
2016-06-21 07:00:00,658.1666666666666,6.0,7,1,6,0.9659258262890683,-0.25881904510252063,0.7818314824680298,0.6234898018587336
2016-06-21 08:00:00,198.16666666666666,4.433333333333334,8,1,6,0.8660254037844387,-0.49999999999999983,0.7818314824680298,0.6234898018587336
2016-06-21 09:00:00,143.66666666666666,4.1000000000000005,9,1,6,0.7071067811865476,-0.7071067811865475,0.7818314824680298,0.6234898018587336
2016-06-21 10:00:00,76.83333333333333,3.5,10,1,6,0.49999999999999994,-0.8660254037844387,0.7818314824680298,0.6234898018587336
2016-06-21 11:00:00,90.83333333333333,3.7166666666666663,11,1,6,0.258819045102521,-0.9659258262890682,0.7818314824680298,0.6234898018587336
2016-06-21 12:00:00,170.5,4.233333333333333,12,1,6,1.2246467991473532e-16,-1.0,0.7818314824680298,0.6234898018587336
2016-06-21 13:00:00,94.83333333333333,3.6500000000000004,13,1,6,-0.2588190451025208,-0.9659258262890683,0.7818314824680298,0.6234898018587336
2016-06-21 14:00:00,104.5,3.6,14,1,6,-0.4999999999999998,-0.8660254037844388,0.7818314824680298,0.6234898018587336
2016-06-21 15:00:00,120.0,4.016666666666667,15,1,6,-0.7071067811865471,-0.7071067811865479,0.7818314824680298,0.6234898018587336
2016-06-21 16:00:00,121.33333333333333,3.9,16,1,6,-0.8660254037844384,-0.5000000000000004,0.7818314824680298,0.6234898018587336
2016-06-21 17:00:00,127.66666666666667,3.9499999999999997,17,1,6,-0.9659258262890683,-0.25881904510252063,0.7818314824680298,0.6234898018587336
2016-06-21 18:00:00,40.833333333333336,2.9333333333333336,18,1,6,-1.0,-1.8369701987210297e-16,0.7818314824680298,0.6234898018587336
2016-06-21 19:00:00,63.0,3.166666666666666,19,1,6,-0.9659258262890684,0.2588190451025203,0.7818314824680298,0.6234898018587336
2016-06-21 20:00:00,140.5,4.033333333333333,20,1,6,-0.8660254037844386,0.5000000000000001,0.7818314824680298,0.6234898018587336
2016-06-21 21:00:00,201.0,4.266666666666667,21,1,6,-0.7071067811865477,0.7071067811865474,0.7818314824680298,0.6234898018587336
2016-06-21 22:00:00,162.33333333333334,4.016666666666667,22,1,6,-0.5000000000000004,0.8660254037844384,0.7818314824680298,0.6234898018587336
2016-06-21 23:00:00,198.16666666666666,4.3,23,1,6,-0.25881904510252157,0.9659258262890681,0.7818314824680298,0.6234898018587336
2016-06-22 00:00:00,473.8333333333333,5.383333333333333,0,2,6,0.0,1.0,0.9749279121818236,-0.22252093395631434
2016-06-22 01:00:00,663.3333333333334,5.833333333333333,1,2,6,0.25881904510252074,0.9659258262890683,0.9749279121818236,-0.22252093395631434
2016-06-22 02:00:00,455.6666666666667,5.216666666666666,2,2,6,0.49999999999999994,0.8660254037844387,0.9749279121818236,-0.22252093395631434
2016-06-22 03:00:00,516.5,5.416666666666667,3,2,6,0.7071067811865475,0.7071067811865476,0.9749279121818236,-0.22252093395631434
2016-06-22 04:00:00,610.8333333333334,5.883333333333334,4,2,6,0.8660254037844386,0.5000000000000001,0.9749279121818236,-0.22252093395631434
2016-06-22 05:00:00,171.0,4.133333333333334,5,2,6,0.9659258262890683,0.25881904510252074,0.9749279121818236,-0.22252093395631434
2016-06-22 06:00:00,190.33333333333334,4.3,6,2,6,1.0,6.123233995736766e-17,0.9749279121818236,-0.22252093395631434
2016-06-22 07:00:00,282.8333333333333,4.616666666666666,7,2,6,0.9659258262890683,-0.25881904510252063,0.9749279121818236,-0.22252093395631434
2016-06-22 08:00:00,93.33333333333333,3.6666666666666665,8,2,6,0.8660254037844387,-0.49999999999999983,0.9749279121818236,-0.22252093395631434
2016-06-22 09:00:00,52.0,3.183333333333333,9,2,6,0.7071067811865476,-0.7071067811865475,0.9749279121818236,-0.22252093395631434
2016-06-22 10:00:00,-3.6666666666666665,1.8833333333333335,10,2,6,0.49999999999999994,-0.8660254037844387,0.9749279121818236,-0.22252093395631434
2016-06-22 11:00:00,-3.1666666666666665,2.0166666666666666,11,2,6,0.258819045102521,-0.9659258262890682,0.9749279121818236,-0.22252093395631434
2016-06-22 12:00:00,-2.6666666666666665,2.866666666666667,12,2,6,1.2246467991473532e-16,-1.0,0.9749279121818236,-0.22252093395631434
2016-06-22 13:00:00,-2.0,1.9166666666666667,13,2,6,-0.2588190451025208,-0.9659258262890683,0.9749279121818236,-0.22252093395631434
2016-06-22 14:00:00,-2.0,2.233333333333333,14,2,6,-0.4999999999999998,-0.8660254037844388,0.9749279121818236,-0.22252093395631434
2016-06-22 15:00:00,-2.3333333333333335,2.0,15,2,6,-0.7071067811865471,-0.7071067811865479,0.9749279121818236,-0.22252093395631434
2016-06-22 16:00:00,-1.8333333333333333,1.3499999999999999,16,2,6,-0.8660254037844384,-0.5000000000000004,0.9749279121818236,-0.22252093395631434
2016-06-22 17:00:00,-1.5,1.0666666666666667,17,2,6,-0.9659258262890683,-0.25881904510252063,0.9749279121818236,-0.22252093395631434
2016-06-22 18:00:00,-1.1666666666666667,0.7833333333333335,18,2,6,-1.0,-1.8369701987210297e-16,0.9749279121818236,-0.22252093395631434
2016-06-22 19:00:00,-1.1666666666666667,0.41666666666666674,19,2,6,-0.9659258262890684,0.2588190451025203,0.9749279121818236,-0.22252093395631434
2016-06-22 20:00:00,-1.0,0.6,20,2,6,-0.8660254037844386,0.5000000000000001,0.9749279121818236,-0.22252093395631434
2016-06-22 21:00:00,-1.3333333333333333,0.6833333333333332,21,2,6,-0.7071067811865477,0.7071067811865474,0.9749279121818236,-0.22252093395631434
2016-06-22 22:00:00,-1.5,1.1666666666666667,22,2,6,-0.5000000000000004,0.8660254037844384,0.9749279121818236,-0.22252093395631434
2016-06-22 23:00:00,-4.666666666666667,2.35,23,2,6,-0.25881904510252157,0.9659258262890681,0.9749279121818236,-0.22252093395631434
2016-06-23 00:00:00,-3.6666666666666665,2.15,0,3,6,0.0,1.0,0.43388373911755823,-0.900968867902419
2016-06-23 01:00:00,-1.1666666666666667,1.4000000000000001,1,3,6,0.25881904510252074,0.9659258262890683,0.43388373911755823,-0.900968867902419
2016-06-23 02:00:00,-2.1666666666666665,2.766666666666666,2,3,6,0.49999999999999994,0.8660254037844387,0.43388373911755823,-0.900968867902419
2016-06-23 03:00:00,-3.8333333333333335,3.1,3,3,6,0.7071067811865475,0.7071067811865476,0.43388373911755823,-0.900968867902419
2016-06-23 04:00:00,-4.0,3.216666666666667,4,3,6,0.8660254037844386,0.5000000000000001,0.43388373911755823,-0.900968867902419
2016-06-23 05:00:00,-3.8333333333333335,2.716666666666667,5,3,6,0.9659258262890683,0.25881904510252074,0.43388373911755823,-0.900968867902419
2016-06-23 06:00:00,-3.8333333333333335,2.5999999999999996,6,3,6,1.0,6.123233995736766e-17,0.43388373911755823,-0.900968867902419
2016-06-23 07:00:00,-1.8333333333333333,1.9500000000000002,7,3,6,0.9659258262890683,-0.25881904510252063,0.43388373911755823,-0.900968867902419
2016-06-23 08:00:00,-0.6666666666666666,1.6333333333333335,8,3,6,0.8660254037844387,-0.49999999999999983,0.43388373911755823,-0.900968867902419
2016-06-23 09:00:00,-1.0,1.8166666666666667,9,3,6,0.7071067811865476,-0.7071067811865475,0.43388373911755823,-0.900968867902419
2016-06-23 10:00:00,-2.6666666666666665,1.95,10,3,6,0.49999999999999994,-0.8660254037844387,0.43388373911755823,-0.900968867902419
2016-06-23 11:00:00,-2.6666666666666665,2.683333333333333,11,3,6,0.258819045102521,-0.9659258262890682,0.43388373911755823,-0.900968867902419
2016-06-23 12:00:00,-2.0,2.733333333333333,12,3,6,1.2246467991473532e-16,-1.0,0.43388373911755823,-0.900968867902419
2016-06-23 13:00:00,-2.1666666666666665,2.5666666666666664,13,3,6,-0.2588190451025208,-0.9659258262890683,0.43388373911755823,-0.900968867902419
2016-06-23 14:00:00,-2.0,2.3000000000000003,14,3,6,-0.4999999999999998,-0.8660254037844388,0.43388373911755823,-0.900968867902419
2016-06-23 15:00:00,-2.3333333333333335,2.0,15,3,6,-0.7071067811865471,-0.7071067811865479,0.43388373911755823,-0.900968867902419
2016-06-23 16:00:00,-2.6666666666666665,2.3833333333333333,16,3,6,-0.8660254037844384,-0.5000000000000004,0.43388373911755823,-0.900968867902419
2016-06-23 17:00:00,-1.6666666666666667,1.8333333333333333,17,3,6,-0.9659258262890683,-0.25881904510252063,0.43388373911755823,-0.900968867902419
2016-06-23 18:00:00,-2.1666666666666665,1.7333333333333334,18,3,6,-1.0,-1.8369701987210297e-16,0.43388373911755823,-0.900968867902419
2016-06-23 19:00:00,-1.8333333333333333,1.55,19,3,6,-0.9659258262890684,0.2588190451025203,0.43388373911755823,-0.900968867902419
2016-06-23 20:00:00,-2.8333333333333335,2.033333333333333,20,3,6,-0.8660254037844386,0.5000000000000001,0.43388373911755823,-0.900968867902419
2016-06-23 21:00:00,-3.5,2.6833333333333336,21,3,6,-0.7071067811865477,0.7071067811865474,0.43388373911755823,-0.900968867902419
2016-06-23 22:00:00,-2.6666666666666665,3.5666666666666664,22,3,6,-0.5000000000000004,0.8660254037844384,0.43388373911755823,-0.900968867902419
2016-06-23 23:00:00,-3.5,3.65,23,3,6,-0.25881904510252157,0.9659258262890681,0.43388373911755823,-0.900968867902419
2016-06-24 00:00:00,-3.8333333333333335,3.4166666666666665,0,4,6,0.0,1.0,-0.433883739117558,-0.9009688679024191
2016-06-24 01:00:00,-2.5,1.9666666666666666,1,4,6,0.25881904510252074,0.9659258262890683,-0.433883739117558,-0.9009688679024191
2016-06-24 02:00:00,-2.0,1.2333333333333334,2,4,6,0.49999999999999994,0.8660254037844387,-0.433883739117558,-0.9009688679024191
2016-06-24 03:00:00,-1.1666666666666667,1.4333333333333333,3,4,6,0.7071067811865475,0.7071067811865476,-0.433883739117558,-0.9009688679024191
2016-06-24 04:00:00,-3.6666666666666665,2.1166666666666667,4,4,6,0.8660254037844386,0.5000000000000001,-0.433883739117558,-0.9009688679024191
2016-06-24 05:00:00,-3.6666666666666665,2.7000000000000006,5,4,6,0.9659258262890683,0.25881904510252074,-0.433883739117558,-0.9009688679024191
2016-06-24 06:00:00,-2.0,1.9000000000000001,6,4,6,1.0,6.123233995736766e-17,-0.433883739117558,-0.9009688679024191
2016-06-24 07:00:00,-1.6666666666666667,1.3666666666666665,7,4,6,0.9659258262890683,-0.25881904510252063,-0.433883739117558,-0.9009688679024191
2016-06-24 08:00:00,-2.5,1.5333333333333334,8,4,6,0.8660254037844387,-0.49999999999999983,-0.433883739117558,-0.9009688679024191
2016-06-24 09:00:00,-2.0,2.416666666666667,9,4,6,0.7071067811865476,-0.7071067811865475,-0.433883739117558,-0.9009688679024191
2016-06-24 10:00:00,-1.5,2.183333333333333,10,4,6,0.49999999999999994,-0.8660254037844387,-0.433883739117558,-0.9009688679024191
2016-06-24 11:00:00,-1.0,2.1,11,4,6,0.258819045102521,-0.9659258262890682,-0.433883739117558,-0.9009688679024191
2016-06-24 12:00:00,-1.0,2.1,12,4,6,1.2246467991473532e-16,-1.0,-0.433883739117558,-0.9009688679024191
2016-06-24 13:00:00,-1.1666666666666667,2.2666666666666666,13,4,6,-0.2588190451025208,-0.9659258262890683,-0.433883739117558,-0.9009688679024191
2016-06-24 14:00:00,-2.6666666666666665,2.933333333333333,14,4,6,-0.4999999999999998,-0.8660254037844388,-0.433883739117558,-0.9009688679024191
2016-06-24 15:00:00,-2.3333333333333335,1.6666666666666667,15,4,6,-0.7071067811865471,-0.7071067811865479,-0.433883739117558,-0.9009688679024191
2016-06-24 16:00:00,-1.8333333333333333,1.5833333333333333,16,4,6,-0.8660254037844384,-0.5000000000000004,-0.433883739117558,-0.9009688679024191
2016-06-24 17:00:00,-3.6666666666666665,2.3,17,4,6,-0.9659258262890683,-0.25881904510252063,-0.433883739117558,-0.9009688679024191
2016-06-24 18:00:00,-2.5,2.4166666666666665,18,4,6,-1.0,-1.8369701987210297e-16,-0.433883739117558,-0.9009688679024191
2016-06-24 19:00:00,-2.0,2.1666666666666665,19,4,6,-0.9659258262890684,0.2588190451025203,-0.433883739117558,-0.9009688679024191
2016-06-24 20:00:00,-2.1666666666666665,3.15,20,4,6,-0.8660254037844386,0.5000000000000001,-0.433883739117558,-0.9009688679024191
2016-06-24 21:00:00,-1.3333333333333333,3.15,21,4,6,-0.7071067811865477,0.7071067811865474,-0.433883739117558,-0.9009688679024191
2016-06-24 22:00:00,-1.6666666666666667,3.116666666666667,22,4,6,-0.5000000000000004,0.8660254037844384,-0.433883739117558,-0.9009688679024191
2016-06-24 23:00:00,-1.8333333333333333,2.75,23,4,6,-0.25881904510252157,0.9659258262890681,-0.433883739117558,-0.9009688679024191
2016-06-25 00:00:00,-2.8333333333333335,2.8333333333333335,0,5,6,0.0,1.0,-0.9749279121818236,-0.2225209339563146
2016-06-25 01:00:00,-1.5,2.6333333333333333,1,5,6,0.25881904510252074,0.9659258262890683,-0.9749279121818236,-0.2225209339563146
2016-06-25 02:00:00,-3.1666666666666665,3.4166666666666665,2,5,6,0.49999999999999994,0.8660254037844387,-0.9749279121818236,-0.2225209339563146
2016-06-25 03:00:00,-2.1666666666666665,2.233333333333333,3,5,6,0.7071067811865475,0.7071067811865476,-0.9749279121818236,-0.2225209339563146
2016-06-25 04:00:00,-2.0,3.2166666666666663,4,5,6,0.8660254037844386,0.5000000000000001,-0.9749279121818236,-0.2225209339563146
2016-06-25 05:00:00,-2.5,3.0500000000000003,5,5,6,0.9659258262890683,0.25881904510252074,-0.9749279121818236,-0.2225209339563146
2016-06-25 06:00:00,-2.8333333333333335,1.6833333333333333,6,5,6,1.0,6.123233995736766e-17,-0.9749279121818236,-0.2225209339563146
2016-06-25 07:00:00,-2.8333333333333335,1.9666666666666666,7,5,6,0.9659258262890683,-0.25881904510252063,-0.9749279121818236,-0.2225209339563146
2016-06-25 08:00:00,-2.3333333333333335,2.8333333333333335,8,5,6,0.8660254037844387,-0.49999999999999983,-0.9749279121818236,-0.2225209339563146
2016-06-25 09:00:00,-2.8333333333333335,2.183333333333333,9,5,6,0.7071067811865476,-0.7071067811865475,-0.9749279121818236,-0.2225209339563146
2016-06-25 10:00:00,-1.5,1.4000000000000001,10,5,6,0.49999999999999994,-0.8660254037844387,-0.9749279121818236,-0.2225209339563146
2016-06-25 11:00:00,-1.6666666666666667,1.3,11,5,6,0.258819045102521,-0.9659258262890682,-0.9749279121818236,-0.2225209339563146
2016-06-25 12:00:00,-1.6666666666666667,1.2666666666666666,12,5,6,1.2246467991473532e-16,-1.0,-0.9749279121818236,-0.2225209339563146
2016-06-25 13:00:00,-2.6666666666666665,2.283333333333333,13,5,6,-0.2588190451025208,-0.9659258262890683,-0.9749279121818236,-0.2225209339563146
2016-06-25 14:00:00,-2.3333333333333335,2.5500000000000003,14,5,6,-0.4999999999999998,-0.8660254037844388,-0.9749279121818236,-0.2225209339563146
2016-06-25 15:00:00,-2.8333333333333335,2.5500000000000003,15,5,6,-0.7071067811865471,-0.7071067811865479,-0.9749279121818236,-0.2225209339563146
2016-06-25 16:00:00,-3.3333333333333335,3.0000000000000004,16,5,6,-0.8660254037844384,-0.5000000000000004,-0.9749279121818236,-0.2225209339563146
2016-06-25 17:00:00,-2.3333333333333335,3.25,17,5,6,-0.9659258262890683,-0.25881904510252063,-0.9749279121818236,-0.2225209339563146
2016-06-25 18:00:00,-2.5,4.249999999999999,18,5,6,-1.0,-1.8369701987210297e-16,-0.9749279121818236,-0.2225209339563146
2016-06-25 19:00:00,-2.1666666666666665,3.3499999999999996,19,5,6,-0.9659258262890684,0.2588190451025203,-0.9749279121818236,-0.2225209339563146
2016-06-25 20:00:00,-1.1666666666666667,3.6333333333333333,20,5,6,-0.8660254037844386,0.5000000000000001,-0.9749279121818236,-0.2225209339563146
2016-06-25 21:00:00,-1.5,4.2,21,5,6,-0.7071067811865477,0.7071067811865474,-0.9749279121818236,-0.2225209339563146
2016-06-25 22:00:00,-1.6666666666666667,3.366666666666667,22,5,6,-0.5000000000000004,0.8660254037844384,-0.9749279121818236,-0.2225209339563146
2016-06-25 23:00:00,-2.0,3.233333333333334,23,5,6,-0.25881904510252157,0.9659258262890681,-0.9749279121818236,-0.2225209339563146
2016-06-26 00:00:00,-1.6666666666666667,2.9000000000000004,0,6,6,0.0,1.0,-0.7818314824680299,0.6234898018587334
2016-06-26 01:00:00,-2.6666666666666665,3.3000000000000003,1,6,6,0.25881904510252074,0.9659258262890683,-0.7818314824680299,0.6234898018587334
2016-06-26 02:00:00,-1.6666666666666667,2.6833333333333336,2,6,6,0.49999999999999994,0.8660254037844387,-0.7818314824680299,0.6234898018587334
2016-06-26 03:00:00,-1.8333333333333333,2.2666666666666666,3,6,6,0.7071067811865475,0.7071067811865476,-0.7818314824680299,0.6234898018587334
2016-06-26 04:00:00,-2.1666666666666665,2.35,4,6,6,0.8660254037844386,0.5000000000000001,-0.7818314824680299,0.6234898018587334
2016-06-26 05:00:00,-1.0,1.3666666666666665,5,6,6,0.9659258262890683,0.25881904510252074,-0.7818314824680299,0.6234898018587334
2016-06-26 06:00:00,-1.1666666666666667,1.0499999999999998,6,6,6,1.0,6.123233995736766e-17,-0.7818314824680299,0.6234898018587334
2016-06-26 07:00:00,-2.1666666666666665,1.4333333333333333,7,6,6,0.9659258262890683,-0.25881904510252063,-0.7818314824680299,0.6234898018587334
2016-06-26 08:00:00,-1.3333333333333333,1.3333333333333333,8,6,6,0.8660254037844387,-0.49999999999999983,-0.7818314824680299,0.6234898018587334
2016-06-26 09:00:00,-2.5,1.4166666666666667,9,6,6,0.7071067811865476,-0.7071067811865475,-0.7818314824680299,0.6234898018587334
2016-06-26 10:00:00,-2.6666666666666665,1.8333333333333333,10,6,6,0.49999999999999994,-0.8660254037844387,-0.7818314824680299,0.6234898018587334
2016-06-26 11:00:00,-2.8333333333333335,2.1833333333333336,11,6,6,0.258819045102521,-0.9659258262890682,-0.7818314824680299,0.6234898018587334
2016-06-26 12:00:00,-3.0,1.8833333333333335,12,6,6,1.2246467991473532e-16,-1.0,-0.7818314824680299,0.6234898018587334
2016-06-26 13:00:00,-2.8333333333333335,2.4666666666666663,13,6,6,-0.2588190451025208,-0.9659258262890683,-0.7818314824680299,0.6234898018587334
2016-06-26 14:00:00,-1.8333333333333333,2.0,14,6,6,-0.4999999999999998,-0.8660254037844388,-0.7818314824680299,0.6234898018587334
2016-06-26 15:00:00,-1.6666666666666667,2.1166666666666667,15,6,6,-0.7071067811865471,-0.7071067811865479,-0.7818314824680299,0.6234898018587334
2016-06-26 16:00:00,-2.6666666666666665,2.3000000000000003,16,6,6,-0.8660254037844384,-0.5000000000000004,-0.7818314824680299,0.6234898018587334
2016-06-26 17:00:00,-1.6666666666666667,1.9666666666666668,17,6,6,-0.9659258262890683,-0.25881904510252063,-0.7818314824680299,0.6234898018587334
2016-06-26 18:00:00,-2.6666666666666665,2.4499999999999997,18,6,6,-1.0,-1.8369701987210297e-16,-0.7818314824680299,0.6234898018587334
2016-06-26 19:00:00,-2.3333333333333335,2.1166666666666663,19,6,6,-0.9659258262890684,0.2588190451025203,-0.7818314824680299,0.6234898018587334
2016-06-26 20:00:00,-3.0,1.8333333333333333,20,6,6,-0.8660254037844386,0.5000000000000001,-0.7818314824680299,0.6234898018587334
2016-06-26 21:00:00,-1.3333333333333333,1.3333333333333333,21,6,6,-0.7071067811865477,0.7071067811865474,-0.7818314824680299,0.6234898018587334
2016-06-26 22:00:00,-1.1666666666666667,1.0999999999999999,22,6,6,-0.5000000000000004,0.8660254037844384,-0.7818314824680299,0.6234898018587334
2016-06-26 23:00:00,-2.0,2.35,23,6,6,-0.25881904510252157,0.9659258262890681,-0.7818314824680299,0.6234898018587334
2016-06-27 00:00:00,-1.6666666666666667,2.033333333333333,0,0,6,0.0,1.0,0.0,1.0
2016-06-27 01:00:00,-1.1666666666666667,2.0500000000000003,1,0,6,0.25881904510252074,0.9659258262890683,0.0,1.0
2016-06-27 02:00:00,-1.0,1.6166666666666665,2,0,6,0.49999999999999994,0.8660254037844387,0.0,1.0
2016-06-27 03:00:00,-1.6666666666666667,1.816666666666667,3,0,6,0.7071067811865475,0.7071067811865476,0.0,1.0
2016-06-27 04:00:00,-2.1666666666666665,2.0500000000000003,4,0,6,0.8660254037844386,0.5000000000000001,0.0,1.0
2016-06-27 05:00:00,-1.6666666666666667,2.3000000000000003,5,0,6,0.9659258262890683,0.25881904510252074,0.0,1.0
2016-06-27 06:00:00,-1.5,2.533333333333333,6,0,6,1.0,6.123233995736766e-17,0.0,1.0
2016-06-27 07:00:00,-1.3333333333333333,1.5166666666666668,7,0,6,0.9659258262890683,-0.25881904510252063,0.0,1.0
2016-06-27 08:00:00,-2.8333333333333335,1.9666666666666668,8,0,6,0.8660254037844387,-0.49999999999999983,0.0,1.0
2016-06-27 09:00:00,-2.1666666666666665,2.033333333333333,9,0,6,0.7071067811865476,-0.7071067811865475,0.0,1.0
2016-06-27 10:00:00,-3.6666666666666665,2.9333333333333336,10,0,6,0.49999999999999994,-0.8660254037844387,0.0,1.0
2016-06-27 11:00:00,-3.6666666666666665,2.9333333333333336,11,0,6,0.258819045102521,-0.9659258262890682,0.0,1.0
2016-06-27 12:00:00,-2.3333333333333335,2.2666666666666666,12,0,6,1.2246467991473532e-16,-1.0,0.0,1.0
2016-06-27 13:00:00,-2.1666666666666665,2.5833333333333335,13,0,6,-0.2588190451025208,-0.9659258262890683,0.0,1.0
2016-06-27 14:00:00,-2.0,2.283333333333333,14,0,6,-0.4999999999999998,-0.8660254037844388,0.0,1.0
2016-06-27 15:00:00,-2.6666666666666665,3.533333333333333,15,0,6,-0.7071067811865471,-0.7071067811865479,0.0,1.0
2016-06-27 16:00:00,-2.6666666666666665,4.983333333333333,16,0,6,-0.8660254037844384,-0.5000000000000004,0.0,1.0
2016-06-27 17:00:00,-2.5,4.266666666666667,17,0,6,-0.9659258262890683,-0.25881904510252063,0.0,1.0
2016-06-27 18:00:00,-3.5,4.033333333333333,18,0,6,-1.0,-1.8369701987210297e-16,0.0,1.0
2016-06-27 19:00:00,-2.8333333333333335,3.25,19,0,6,-0.9659258262890684,0.2588190451025203,0.0,1.0
2016-06-27 20:00:00,-2.0,2.8166666666666664,20,0,6,-0.8660254037844386,0.5000000000000001,0.0,1.0
2016-06-27 21:00:00,-1.8333333333333333,2.85,21,0,6,-0.7071067811865477,0.7071067811865474,0.0,1.0
2016-06-27 22:00:00,-2.1666666666666665,3.5,22,0,6,-0.5000000000000004,0.8660254037844384,0.0,1.0
2016-06-27 23:00:00,-2.3333333333333335,4.05,23,0,6,-0.25881904510252157,0.9659258262890681,0.0,1.0
2016-06-28 00:00:00,-2.8333333333333335,4.1,0,1,6,0.0,1.0,0.7818314824680298,0.6234898018587336
2016-06-28 01:00:00,-2.8333333333333335,5.266666666666667,1,1,6,0.25881904510252074,0.9659258262890683,0.7818314824680298,0.6234898018587336
2016-06-28 02:00:00,-2.8333333333333335,4.95,2,1,6,0.49999999999999994,0.8660254037844387,0.7818314824680298,0.6234898018587336
2016-06-28 03:00:00,-2.1666666666666665,4.466666666666667,3,1,6,0.7071067811865475,0.7071067811865476,0.7818314824680298,0.6234898018587336
2016-06-28 04:00:00,-2.8333333333333335,4.683333333333334,4,1,6,0.8660254037844386,0.5000000000000001,0.7818314824680298,0.6234898018587336
2016-06-28 05:00:00,-3.5,4.800000000000001,5,1,6,0.9659258262890683,0.25881904510252074,0.7818314824680298,0.6234898018587336
2016-06-28 06:00:00,-3.0,3.4499999999999997,6,1,6,1.0,6.123233995736766e-17,0.7818314824680298,0.6234898018587336
2016-06-28 07:00:00,-2.3333333333333335,2.8000000000000003,7,1,6,0.9659258262890683,-0.25881904510252063,0.7818314824680298,0.6234898018587336
2016-06-28 08:00:00,-2.0,2.1333333333333333,8,1,6,0.8660254037844387,-0.49999999999999983,0.7818314824680298,0.6234898018587336
2016-06-28 09:00:00,-2.3333333333333335,1.883333333333333,9,1,6,0.7071067811865476,-0.7071067811865475,0.7818314824680298,0.6234898018587336
2016-06-28 10:00:00,-2.1666666666666665,1.366666666666667,10,1,6,0.49999999999999994,-0.8660254037844387,0.7818314824680298,0.6234898018587336
2016-06-28 11:00:00,-2.5,2.4,11,1,6,0.258819045102521,-0.9659258262890682,0.7818314824680298,0.6234898018587336
2016-06-28 12:00:00,-3.1666666666666665,3.1833333333333336,12,1,6,1.2246467991473532e-16,-1.0,0.7818314824680298,0.6234898018587336
2016-06-28 13:00:00,-2.0,5.216666666666666,13,1,6,-0.2588190451025208,-0.9659258262890683,0.7818314824680298,0.6234898018587336
2016-06-28 14:00:00,-2.5,2.8499999999999996,14,1,6,-0.4999999999999998,-0.8660254037844388,0.7818314824680298,0.6234898018587336
2016-06-28 15:00:00,-3.3333333333333335,1.5833333333333333,15,1,6,-0.7071067811865471,-0.7071067811865479,0.7818314824680298,0.6234898018587336
2016-06-28 16:00:00,-2.5,1.2333333333333334,16,1,6,-0.8660254037844384,-0.5000000000000004,0.7818314824680298,0.6234898018587336
2016-06-28 17:00:00,-1.5,0.8833333333333334,17,1,6,-0.9659258262890683,-0.25881904510252063,0.7818314824680298,0.6234898018587336
2016-06-28 18:00:00,-2.6666666666666665,1.7500000000000002,18,1,6,-1.0,-1.8369701987210297e-16,0.7818314824680298,0.6234898018587336
2016-06-28 19:00:00,-1.5,0.9666666666666665,19,1,6,-0.9659258262890684,0.2588190451025203,0.7818314824680298,0.6234898018587336
2016-06-28 20:00:00,-2.0,1.05,20,1,6,-0.8660254037844386,0.5000000000000001,0.7818314824680298,0.6234898018587336
2016-06-28 21:00:00,-1.6666666666666667,1.866666666666667,21,1,6,-0.7071067811865477,0.7071067811865474,0.7818314824680298,0.6234898018587336
2016-06-28 22:00:00,-2.1666666666666665,2.266666666666667,22,1,6,-0.5000000000000004,0.8660254037844384,0.7818314824680298,0.6234898018587336
2016-06-28 23:00:00,-2.1666666666666665,3.0833333333333335,23,1,6,-0.25881904510252157,0.9659258262890681,0.7818314824680298,0.6234898018587336
2016-06-29 00:00:00,-2.0,4.616666666666666,0,2,6,0.0,1.0,0.9749279121818236,-0.22252093395631434
2016-06-29 01:00:00,-1.8333333333333333,6.633333333333334,1,2,6,0.25881904510252074,0.9659258262890683,0.9749279121818236,-0.22252093395631434
2016-06-29 02:00:00,-1.5,5.316666666666667,2,2,6,0.49999999999999994,0.8660254037844387,0.9749279121818236,-0.22252093395631434
2016-06-29 03:00:00,-2.6666666666666665,5.883333333333334,3,2,6,0.7071067811865475,0.7071067811865476,0.9749279121818236,-0.22252093395631434
2016-06-29 04:00:00,-3.1666666666666665,6.75,4,2,6,0.8660254037844386,0.5000000000000001,0.9749279121818236,-0.22252093395631434
2016-06-29 05:00:00,-2.5,7.083333333333333,5,2,6,0.9659258262890683,0.25881904510252074,0.9749279121818236,-0.22252093395631434
2016-06-29 06:00:00,-1.5,6.533333333333334,6,2,6,1.0,6.123233995736766e-17,0.9749279121818236,-0.22252093395631434
2016-06-29 07:00:00,-2.0,5.666666666666667,7,2,6,0.9659258262890683,-0.25881904510252063,0.9749279121818236,-0.22252093395631434
2016-06-29 08:00:00,-2.3333333333333335,5.633333333333333,8,2,6,0.8660254037844387,-0.49999999999999983,0.9749279121818236,-0.22252093395631434
2016-06-29 09:00:00,-2.3333333333333335,4.983333333333333,9,2,6,0.7071067811865476,-0.7071067811865475,0.9749279121818236,-0.22252093395631434
2016-06-29 10:00:00,-3.0,3.4,10,2,6,0.49999999999999994,-0.8660254037844387,0.9749279121818236,-0.22252093395631434
2016-06-29 11:00:00,-2.0,3.233333333333333,11,2,6,0.258819045102521,-0.9659258262890682,0.9749279121818236,-0.22252093395631434
2016-06-29 12:00:00,-2.0,3.866666666666667,12,2,6,1.2246467991473532e-16,-1.0,0.9749279121818236,-0.22252093395631434
2016-06-29 13:00:00,-2.0,3.8666666666666667,13,2,6,-0.2588190451025208,-0.9659258262890683,0.9749279121818236,-0.22252093395631434
2016-06-29 14:00:00,-2.0,4.166666666666667,14,2,6,-0.4999999999999998,-0.8660254037844388,0.9749279121818236,-0.22252093395631434
2016-06-29 15:00:00,-2.3333333333333335,6.133333333333333,15,2,6,-0.7071067811865471,-0.7071067811865479,0.9749279121818236,-0.22252093395631434
2016-06-29 16:00:00,-2.5,7.683333333333334,16,2,6,-0.8660254037844384,-0.5000000000000004,0.9749279121818236,-0.22252093395631434
2016-06-29 17:00:00,-2.5,3.7833333333333337,17,2,6,-0.9659258262890683,-0.25881904510252063,0.9749279121818236,-0.22252093395631434
2016-06-29 18:00:00,-2.3333333333333335,3.9,18,2,6,-1.0,-1.8369701987210297e-16,0.9749279121818236,-0.22252093395631434
2016-06-29 19:00:00,-3.0,3.25,19,2,6,-0.9659258262890684,0.2588190451025203,0.9749279121818236,-0.22252093395631434
2016-06-29 20:00:00,-1.5,3.0,20,2,6,-0.8660254037844386,0.5000000000000001,0.9749279121818236,-0.22252093395631434
2016-06-29 21:00:00,-1.5,2.316666666666667,21,2,6,-0.7071067811865477,0.7071067811865474,0.9749279121818236,-0.22252093395631434
2016-06-29 22:00:00,-2.0,2.1666666666666665,22,2,6,-0.5000000000000004,0.8660254037844384,0.9749279121818236,-0.22252093395631434
2016-06-29 23:00:00,-2.3333333333333335,2.183333333333333,23,2,6,-0.25881904510252157,0.9659258262890681,0.9749279121818236,-0.22252093395631434
2016-06-30 00:00:00,-2.8333333333333335,2.7000000000000006,0,3,6,0.0,1.0,0.43388373911755823,-0.900968867902419
2016-06-30 01:00:00,-1.5,3.0499999999999994,1,3,6,0.25881904510252074,0.9659258262890683,0.43388373911755823,-0.900968867902419
2016-06-30 02:00:00,-1.3333333333333333,1.8166666666666667,2,3,6,0.49999999999999994,0.8660254037844387,0.43388373911755823,-0.900968867902419
2016-06-30 03:00:00,-1.1666666666666667,1.7000000000000002,3,3,6,0.7071067811865475,0.7071067811865476,0.43388373911755823,-0.900968867902419
2016-06-30 04:00:00,-1.5,0.8333333333333334,4,3,6,0.8660254037844386,0.5000000000000001,0.43388373911755823,-0.900968867902419
2016-06-30 05:00:00,-1.6666666666666667,2.033333333333333,5,3,6,0.9659258262890683,0.25881904510252074,0.43388373911755823,-0.900968867902419
2016-06-30 06:00:00,-2.1666666666666665,3.0500000000000003,6,3,6,1.0,6.123233995736766e-17,0.43388373911755823,-0.900968867902419
2016-06-30 07:00:00,-2.1666666666666665,3.583333333333334,7,3,6,0.9659258262890683,-0.25881904510252063,0.43388373911755823,-0.900968867902419
2016-06-30 08:00:00,-1.6666666666666667,4.4,8,3,6,0.8660254037844387,-0.49999999999999983,0.43388373911755823,-0.900968867902419
2016-06-30 09:00:00,-2.1666666666666665,2.85,9,3,6,0.7071067811865476,-0.7071067811865475,0.43388373911755823,-0.900968867902419
2016-06-30 10:00:00,-2.5,3.5,10,3,6,0.49999999999999994,-0.8660254037844387,0.43388373911755823,-0.900968867902419
2016-06-30 11:00:00,-2.0,6.1499999999999995,11,3,6,0.258819045102521,-0.9659258262890682,0.43388373911755823,-0.900968867902419
2016-06-30 12:00:00,-2.0,6.016666666666666,12,3,6,1.2246467991473532e-16,-1.0,0.43388373911755823,-0.900968867902419
2016-06-30 13:00:00,-2.1666666666666665,6.8,13,3,6,-0.2588190451025208,-0.9659258262890683,0.43388373911755823,-0.900968867902419
2016-06-30 14:00:00,17.833333333333332,5.1,14,3,6,-0.4999999999999998,-0.8660254037844388,0.43388373911755823,-0.900968867902419
2016-06-30 15:00:00,229.83333333333334,4.6499999999999995,15,3,6,-0.7071067811865471,-0.7071067811865479,0.43388373911755823,-0.900968867902419
2016-06-30 16:00:00,410.3333333333333,5.233333333333333,16,3,6,-0.8660254037844384,-0.5000000000000004,0.43388373911755823,-0.900968867902419
2016-06-30 17:00:00,397.0,5.133333333333333,17,3,6,-0.9659258262890683,-0.25881904510252063,0.43388373911755823,-0.900968867902419
2016-06-30 18:00:00,184.16666666666666,4.25,18,3,6,-1.0,-1.8369701987210297e-16,0.43388373911755823,-0.900968867902419
2016-06-30 19:00:00,65.16666666666667,3.183333333333333,19,3,6,-0.9659258262890684,0.2588190451025203,0.43388373911755823,-0.900968867902419
2016-06-30 20:00:00,278.8333333333333,4.800000000000001,20,3,6,-0.8660254037844386,0.5000000000000001,0.43388373911755823,-0.900968867902419
2016-06-30 21:00:00,182.0,4.183333333333334,21,3,6,-0.7071067811865477,0.7071067811865474,0.43388373911755823,-0.900968867902419
2016-06-30 22:00:00,120.83333333333333,3.75,22,3,6,-0.5000000000000004,0.8660254037844384,0.43388373911755823,-0.900968867902419
2016-06-30 23:00:00,136.0,3.8666666666666667,23,3,6,-0.25881904510252157,0.9659258262890681,0.43388373911755823,-0.900968867902419
2016-07-01 00:00:00,260.0,4.683333333333334,0,4,7,0.0,1.0,-0.433883739117558,-0.9009688679024191
2016-07-01 01:00:00,204.33333333333334,4.500000000000001,1,4,7,0.25881904510252074,0.9659258262890683,-0.433883739117558,-0.9009688679024191
2016-07-01 02:00:00,423.1666666666667,5.366666666666666,2,4,7,0.49999999999999994,0.8660254037844387,-0.433883739117558,-0.9009688679024191
2016-07-01 03:00:00,570.6666666666666,5.683333333333334,3,4,7,0.7071067811865475,0.7071067811865476,-0.433883739117558,-0.9009688679024191
2016-07-01 04:00:00,766.6666666666666,6.033333333333334,4,4,7,0.8660254037844386,0.5000000000000001,-0.433883739117558,-0.9009688679024191
2016-07-01 05:00:00,1228.1666666666667,7.400000000000001,5,4,7,0.9659258262890683,0.25881904510252074,-0.433883739117558,-0.9009688679024191
2016-07-01 06:00:00,1819.3333333333333,9.283333333333333,6,4,7,1.0,6.123233995736766e-17,-0.433883739117558,-0.9009688679024191
2016-07-01 07:00:00,1323.8333333333333,7.883333333333332,7,4,7,0.9659258262890683,-0.25881904510252063,-0.433883739117558,-0.9009688679024191
2016-07-01 08:00:00,483.0,5.333333333333333,8,4,7,0.8660254037844387,-0.49999999999999983,-0.433883739117558,-0.9009688679024191
2016-07-01 09:00:00,222.66666666666666,4.616666666666667,9,4,7,0.7071067811865476,-0.7071067811865475,-0.433883739117558,-0.9009688679024191
2016-07-01 10:00:00,518.8333333333334,5.75,10,4,7,0.49999999999999994,-0.8660254037844387,-0.433883739117558,-0.9009688679024191
2016-07-01 11:00:00,887.5,6.8500000000000005,11,4,7,0.258819045102521,-0.9659258262890682,-0.433883739117558,-0.9009688679024191
2016-07-01 12:00:00,901.3333333333334,6.883333333333333,12,4,7,1.2246467991473532e-16,-1.0,-0.433883739117558,-0.9009688679024191
2016-07-01 13:00:00,1055.8333333333333,7.266666666666666,13,4,7,-0.2588190451025208,-0.9659258262890683,-0.433883739117558,-0.9009688679024191
2016-07-01 14:00:00,1129.1666666666667,7.55,14,4,7,-0.4999999999999998,-0.8660254037844388,-0.433883739117558,-0.9009688679024191
2016-07-01 15:00:00,935.6666666666666,7.083333333333332,15,4,7,-0.7071067811865471,-0.7071067811865479,-0.433883739117558,-0.9009688679024191
2016-07-01 16:00:00,1444.5,8.333333333333334,16,4,7,-0.8660254037844384,-0.5000000000000004,-0.433883739117558,-0.9009688679024191
2016-07-01 17:00:00,1250.6666666666667,7.766666666666667,17,4,7,-0.9659258262890683,-0.25881904510252063,-0.433883739117558,-0.9009688679024191
2016-07-01 18:00:00,378.5,5.316666666666666,18,4,7,-1.0,-1.8369701987210297e-16,-0.433883739117558,-0.9009688679024191
2016-07-01 19:00:00,380.0,5.1499999999999995,19,4,7,-0.9659258262890684,0.2588190451025203,-0.433883739117558,-0.9009688679024191
2016-07-01 20:00:00,92.16666666666667,3.5999999999999996,20,4,7,-0.8660254037844386,0.5000000000000001,-0.433883739117558,-0.9009688679024191
2016-07-01 21:00:00,29.166666666666668,2.6833333333333336,21,4,7,-0.7071067811865477,0.7071067811865474,-0.433883739117558,-0.9009688679024191
2016-07-01 22:00:00,-1.5,1.15,22,4,7,-0.5000000000000004,0.8660254037844384,-0.433883739117558,-0.9009688679024191
2016-07-01 23:00:00,13.5,1.25,23,4,7,-0.25881904510252157,0.9659258262890681,-0.433883739117558,-0.9009688679024191
2016-07-02 00:00:00,105.83333333333333,3.5,0,5,7,0.0,1.0,-0.9749279121818236,-0.2225209339563146
2016-07-02 01:00:00,132.66666666666666,3.5999999999999996,1,5,7,0.25881904510252074,0.9659258262890683,-0.9749279121818236,-0.2225209339563146
2016-07-02 02:00:00,841.1666666666666,6.550000000000001,2,5,7,0.49999999999999994,0.8660254037844387,-0.9749279121818236,-0.2225209339563146
2016-07-02 03:00:00,1881.1666666666667,9.366666666666665,3,5,7,0.7071067811865475,0.7071067811865476,-0.9749279121818236,-0.2225209339563146
2016-07-02 04:00:00,2134.0,9.566666666666666,4,5,7,0.8660254037844386,0.5000000000000001,-0.9749279121818236,-0.2225209339563146
2016-07-02 05:00:00,1968.0,9.333333333333334,5,5,7,0.9659258262890683,0.25881904510252074,-0.9749279121818236,-0.2225209339563146
2016-07-02 06:00:00,2033.5,9.700000000000001,6,5,7,1.0,6.123233995736766e-17,-0.9749279121818236,-0.2225209339563146
2016-07-02 07:00:00,1712.8333333333333,8.799999999999999,7,5,7,0.9659258262890683,-0.25881904510252063,-0.9749279121818236,-0.2225209339563146
2016-07-02 08:00:00,1394.5,8.233333333333333,8,5,7,0.8660254037844387,-0.49999999999999983,-0.9749279121818236,-0.2225209339563146
2016-07-02 09:00:00,898.0,6.733333333333333,9,5,7,0.7071067811865476,-0.7071067811865475,-0.9749279121818236,-0.2225209339563146
2016-07-02 10:00:00,1061.0,7.300000000000001,10,5,7,0.49999999999999994,-0.8660254037844387,-0.9749279121818236,-0.2225209339563146
2016-07-02 11:00:00,521.1666666666666,5.383333333333334,11,5,7,0.258819045102521,-0.9659258262890682,-0.9749279121818236,-0.2225209339563146
2016-07-02 12:00:00,462.5,5.516666666666667,12,5,7,1.2246467991473532e-16,-1.0,-0.9749279121818236,-0.2225209339563146
2016-07-02 13:00:00,309.0,5.0,13,5,7,-0.2588190451025208,-0.9659258262890683,-0.9749279121818236,-0.2225209339563146
2016-07-02 14:00:00,441.6666666666667,5.55,14,5,7,-0.4999999999999998,-0.8660254037844388,-0.9749279121818236,-0.2225209339563146
2016-07-02 15:00:00,237.83333333333334,4.6499999999999995,15,5,7,-0.7071067811865471,-0.7071067811865479,-0.9749279121818236,-0.2225209339563146
2016-07-02 16:00:00,720.5,6.416666666666668,16,5,7,-0.8660254037844384,-0.5000000000000004,-0.9749279121818236,-0.2225209339563146
2016-07-02 17:00:00,589.6666666666666,5.933333333333334,17,5,7,-0.9659258262890683,-0.25881904510252063,-0.9749279121818236,-0.2225209339563146
2016-07-02 18:00:00,523.1666666666666,5.716666666666666,18,5,7,-1.0,-1.8369701987210297e-16,-0.9749279121818236,-0.2225209339563146
2016-07-02 19:00:00,1067.0,7.066666666666666,19,5,7,-0.9659258262890684,0.2588190451025203,-0.9749279121818236,-0.2225209339563146
2016-07-02 20:00:00,1517.1666666666667,8.333333333333334,20,5,7,-0.8660254037844386,0.5000000000000001,-0.9749279121818236,-0.2225209339563146
2016-07-02 21:00:00,1830.1666666666667,9.066666666666668,21,5,7,-0.7071067811865477,0.7071067811865474,-0.9749279121818236,-0.2225209339563146
2016-07-02 22:00:00,341.8333333333333,4.8,22,5,7,-0.5000000000000004,0.8660254037844384,-0.9749279121818236,-0.2225209339563146
2016-07-02 23:00:00,342.0,4.8500000000000005,23,5,7,-0.25881904510252157,0.9659258262890681,-0.9749279121818236,-0.2225209339563146
2016-07-03 00:00:00,1062.3333333333333,7.133333333333334,0,6,7,0.0,1.0,-0.7818314824680299,0.6234898018587334
2016-07-03 01:00:00,667.6666666666666,6.033333333333334,1,6,7,0.25881904510252074,0.9659258262890683,-0.7818314824680299,0.6234898018587334
2016-07-03 02:00:00,825.5,6.666666666666665,2,6,7,0.49999999999999994,0.8660254037844387,-0.7818314824680299,0.6234898018587334
2016-07-03 03:00:00,444.0,5.433333333333334,3,6,7,0.7071067811865475,0.7071067811865476,-0.7818314824680299,0.6234898018587334
2016-07-03 04:00:00,319.1666666666667,4.916666666666666,4,6,7,0.8660254037844386,0.5000000000000001,-0.7818314824680299,0.6234898018587334
2016-07-03 05:00:00,417.6666666666667,5.333333333333333,5,6,7,0.9659258262890683,0.25881904510252074,-0.7818314824680299,0.6234898018587334
2016-07-03 06:00:00,373.0,5.116666666666666,6,6,7,1.0,6.123233995736766e-17,-0.7818314824680299,0.6234898018587334
2016-07-03 07:00:00,373.3333333333333,4.983333333333333,7,6,7,0.9659258262890683,-0.25881904510252063,-0.7818314824680299,0.6234898018587334
2016-07-03 08:00:00,127.83333333333333,3.8333333333333335,8,6,7,0.8660254037844387,-0.49999999999999983,-0.7818314824680299,0.6234898018587334
2016-07-03 09:00:00,214.16666666666666,4.533333333333332,9,6,7,0.7071067811865476,-0.7071067811865475,-0.7818314824680299,0.6234898018587334
2016-07-03 10:00:00,124.83333333333333,3.966666666666667,10,6,7,0.49999999999999994,-0.8660254037844387,-0.7818314824680299,0.6234898018587334
2016-07-03 11:00:00,227.66666666666666,4.65,11,6,7,0.258819045102521,-0.9659258262890682,-0.7818314824680299,0.6234898018587334
2016-07-03 12:00:00,811.3333333333334,6.3999999999999995,12,6,7,1.2246467991473532e-16,-1.0,-0.7818314824680299,0.6234898018587334
2016-07-03 13:00:00,1049.5,7.066666666666666,13,6,7,-0.2588190451025208,-0.9659258262890683,-0.7818314824680299,0.6234898018587334
2016-07-03 14:00:00,1976.8333333333333,9.75,14,6,7,-0.4999999999999998,-0.8660254037844388,-0.7818314824680299,0.6234898018587334
2016-07-03 15:00:00,1442.3333333333333,8.366666666666667,15,6,7,-0.7071067811865471,-0.7071067811865479,-0.7818314824680299,0.6234898018587334
2016-07-03 16:00:00,1145.3333333333333,7.416666666666665,16,6,7,-0.8660254037844384,-0.5000000000000004,-0.7818314824680299,0.6234898018587334
2016-07-03 17:00:00,941.5,7.066666666666666,17,6,7,-0.9659258262890683,-0.25881904510252063,-0.7818314824680299,0.6234898018587334
2016-07-03 18:00:00,497.3333333333333,5.483333333333333,18,6,7,-1.0,-1.8369701987210297e-16,-0.7818314824680299,0.6234898018587334
2016-07-03 19:00:00,183.0,4.183333333333333,19,6,7,-0.9659258262890684,0.2588190451025203,-0.7818314824680299,0.6234898018587334
2016-07-03 20:00:00,126.0,3.9499999999999997,20,6,7,-0.8660254037844386,0.5000000000000001,-0.7818314824680299,0.6234898018587334
2016-07-03 21:00:00,108.83333333333333,3.5500000000000003,21,6,7,-0.7071067811865477,0.7071067811865474,-0.7818314824680299,0.6234898018587334
2016-07-03 22:00:00,21.333333333333332,2.5166666666666666,22,6,7,-0.5000000000000004,0.8660254037844384,-0.7818314824680299,0.6234898018587334
2016-07-03 23:00:00,143.0,3.8166666666666664,23,6,7,-0.25881904510252157,0.9659258262890681,-0.7818314824680299,0.6234898018587334
2016-07-04 00:00:00,263.1666666666667,4.533333333333332,0,0,7,0.0,1.0,0.0,1.0
2016-07-04 01:00:00,162.83333333333334,4.216666666666666,1,0,7,0.25881904510252074,0.9659258262890683,0.0,1.0
2016-07-04 02:00:00,42.0,3.016666666666667,2,0,7,0.49999999999999994,0.8660254037844387,0.0,1.0
2016-07-04 03:00:00,49.666666666666664,2.9499999999999997,3,0,7,0.7071067811865475,0.7071067811865476,0.0,1.0
2016-07-04 04:00:00,0.0,1.3333333333333333,4,0,7,0.8660254037844386,0.5000000000000001,0.0,1.0
2016-07-04 05:00:00,-1.0,0.15,5,0,7,0.9659258262890683,0.25881904510252074,0.0,1.0
2016-07-04 06:00:00,-1.3333333333333333,0.4000000000000001,6,0,7,1.0,6.123233995736766e-17,0.0,1.0
2016-07-04 07:00:00,-2.5,1.133333333333333,7,0,7,0.9659258262890683,-0.25881904510252063,0.0,1.0
2016-07-04 08:00:00,-1.5,1.0166666666666666,8,0,7,0.8660254037844387,-0.49999999999999983,0.0,1.0
2016-07-04 09:00:00,-1.6666666666666667,0.75,9,0,7,0.7071067811865476,-0.7071067811865475,0.0,1.0
2016-07-04 10:00:00,14.333333333333334,2.316666666666667,10,0,7,0.49999999999999994,-0.8660254037844387,0.0,1.0
2016-07-04 11:00:00,16.666666666666668,2.4000000000000004,11,0,7,0.258819045102521,-0.9659258262890682,0.0,1.0
2016-07-04 12:00:00,-7.333333333333333,2.0833333333333335,12,0,7,1.2246467991473532e-16,-1.0,0.0,1.0
2016-07-04 13:00:00,22.5,2.6,13,0,7,-0.2588190451025208,-0.9659258262890683,0.0,1.0
2016-07-04 14:00:00,30.5,2.8000000000000003,14,0,7,-0.4999999999999998,-0.8660254037844388,0.0,1.0
2016-07-04 15:00:00,4.166666666666667,1.9166666666666667,15,0,7,-0.7071067811865471,-0.7071067811865479,0.0,1.0
2016-07-04 16:00:00,-1.3333333333333333,1.0,16,0,7,-0.8660254037844384,-0.5000000000000004,0.0,1.0
2016-07-04 17:00:00,8.166666666666666,2.3000000000000003,17,0,7,-0.9659258262890683,-0.25881904510252063,0.0,1.0
2016-07-04 18:00:00,53.5,3.033333333333333,18,0,7,-1.0,-1.8369701987210297e-16,0.0,1.0
2016-07-04 19:00:00,37.666666666666664,2.766666666666667,19,0,7,-0.9659258262890684,0.2588190451025203,0.0,1.0
2016-07-04 20:00:00,74.0,3.233333333333333,20,0,7,-0.8660254037844386,0.5000000000000001,0.0,1.0
2016-07-04 21:00:00,97.66666666666667,3.5833333333333326,21,0,7,-0.7071067811865477,0.7071067811865474,0.0,1.0
2016-07-04 22:00:00,102.0,3.4499999999999997,22,0,7,-0.5000000000000004,0.8660254037844384,0.0,1.0
2016-07-04 23:00:00,151.33333333333334,3.9,23,0,7,-0.25881904510252157,0.9659258262890681,0.0,1.0
2016-07-05 00:00:00,94.0,3.25,0,1,7,0.0,1.0,0.7818314824680298,0.6234898018587336
2016-07-05 01:00:00,3.5,2.066666666666667,1,1,7,0.25881904510252074,0.9659258262890683,0.7818314824680298,0.6234898018587336
2016-07-05 02:00:00,0.0,2.183333333333333,2,1,7,0.49999999999999994,0.8660254037844387,0.7818314824680298,0.6234898018587336
2016-07-05 03:00:00,0.6666666666666666,2.1333333333333333,3,1,7,0.7071067811865475,0.7071067811865476,0.7818314824680298,0.6234898018587336
2016-07-05 04:00:00,-1.6666666666666667,1.9333333333333336,4,1,7,0.8660254037844386,0.5000000000000001,0.7818314824680298,0.6234898018587336
2016-07-05 05:00:00,11.5,2.433333333333333,5,1,7,0.9659258262890683,0.25881904510252074,0.7818314824680298,0.6234898018587336
2016-07-05 06:00:00,31.333333333333332,2.7999999999999994,6,1,7,1.0,6.123233995736766e-17,0.7818314824680298,0.6234898018587336
2016-07-05 07:00:00,6.666666666666667,2.4,7,1,7,0.9659258262890683,-0.25881904510252063,0.7818314824680298,0.6234898018587336
2016-07-05 08:00:00,46.333333333333336,3.0500000000000003,8,1,7,0.8660254037844387,-0.49999999999999983,0.7818314824680298,0.6234898018587336
2016-07-05 09:00:00,273.1666666666667,4.8500000000000005,9,1,7,0.7071067811865476,-0.7071067811865475,0.7818314824680298,0.6234898018587336
2016-07-05 10:00:00,670.1666666666666,6.0,10,1,7,0.49999999999999994,-0.8660254037844387,0.7818314824680298,0.6234898018587336
2016-07-05 11:00:00,991.8333333333334,6.8,11,1,7,0.258819045102521,-0.9659258262890682,0.7818314824680298,0.6234898018587336
2016-07-05 12:00:00,940.3333333333334,6.883333333333333,12,1,7,1.2246467991473532e-16,-1.0,0.7818314824680298,0.6234898018587336
2016-07-05 13:00:00,1804.3333333333333,9.266666666666667,13,1,7,-0.2588190451025208,-0.9659258262890683,0.7818314824680298,0.6234898018587336
2016-07-05 14:00:00,1868.5,9.65,14,1,7,-0.4999999999999998,-0.8660254037844388,0.7818314824680298,0.6234898018587336
2016-07-05 15:00:00,1683.6666666666667,9.450000000000001,15,1,7,-0.7071067811865471,-0.7071067811865479,0.7818314824680298,0.6234898018587336
2016-07-05 16:00:00,1733.5,9.383333333333333,16,1,7,-0.8660254037844384,-0.5000000000000004,0.7818314824680298,0.6234898018587336
2016-07-05 17:00:00,1390.8333333333333,8.200000000000001,17,1,7,-0.9659258262890683,-0.25881904510252063,0.7818314824680298,0.6234898018587336
2016-07-05 18:00:00,1580.8333333333333,8.683333333333332,18,1,7,-1.0,-1.8369701987210297e-16,0.7818314824680298,0.6234898018587336
2016-07-05 19:00:00,1439.6666666666667,8.35,19,1,7,-0.9659258262890684,0.2588190451025203,0.7818314824680298,0.6234898018587336
2016-07-05 20:00:00,1926.8333333333333,9.866666666666667,20,1,7,-0.8660254037844386,0.5000000000000001,0.7818314824680298,0.6234898018587336
2016-07-05 21:00:00,1749.3333333333333,9.4,21,1,7,-0.7071067811865477,0.7071067811865474,0.7818314824680298,0.6234898018587336
2016-07-05 22:00:00,2515.8333333333335,11.733333333333334,22,1,7,-0.5000000000000004,0.8660254037844384,0.7818314824680298,0.6234898018587336
2016-07-05 23:00:00,1048.6666666666667,6.916666666666667,23,1,7,-0.25881904510252157,0.9659258262890681,0.7818314824680298,0.6234898018587336
2016-07-06 00:00:00,1469.0,8.299999999999999,0,2,7,0.0,1.0,0.9749279121818236,-0.22252093395631434
2016-07-06 01:00:00,2411.0,11.0,1,2,7,0.25881904510252074,0.9659258262890683,0.9749279121818236,-0.22252093395631434
2016-07-06 02:00:00,295.5,4.65,2,2,7,0.49999999999999994,0.8660254037844387,0.9749279121818236,-0.22252093395631434
2016-07-06 03:00:00,446.6666666666667,5.266666666666667,3,2,7,0.7071067811865475,0.7071067811865476,0.9749279121818236,-0.22252093395631434
2016-07-06 04:00:00,485.0,5.833333333333333,4,2,7,0.8660254037844386,0.5000000000000001,0.9749279121818236,-0.22252093395631434
2016-07-06 05:00:00,727.6666666666666,6.3500000000000005,5,2,7,0.9659258262890683,0.25881904510252074,0.9749279121818236,-0.22252093395631434
2016-07-06 06:00:00,470.6666666666667,5.25,6,2,7,1.0,6.123233995736766e-17,0.9749279121818236,-0.22252093395631434
2016-07-06 07:00:00,715.8333333333334,6.066666666666666,7,2,7,0.9659258262890683,-0.25881904510252063,0.9749279121818236,-0.22252093395631434
2016-07-06 08:00:00,564.1666666666666,5.766666666666667,8,2,7,0.8660254037844387,-0.49999999999999983,0.9749279121818236,-0.22252093395631434
2016-07-06 09:00:00,609.0,6.133333333333333,9,2,7,0.7071067811865476,-0.7071067811865475,0.9749279121818236,-0.22252093395631434
2016-07-06 10:00:00,835.3333333333334,6.683333333333334,10,2,7,0.49999999999999994,-0.8660254037844387,0.9749279121818236,-0.22252093395631434
2016-07-06 11:00:00,905.1666666666666,6.766666666666666,11,2,7,0.258819045102521,-0.9659258262890682,0.9749279121818236,-0.22252093395631434
2016-07-06 12:00:00,1152.6666666666667,7.583333333333333,12,2,7,1.2246467991473532e-16,-1.0,0.9749279121818236,-0.22252093395631434
2016-07-06 13:00:00,1110.3333333333333,7.55,13,2,7,-0.2588190451025208,-0.9659258262890683,0.9749279121818236,-0.22252093395631434
2016-07-06 14:00:00,1003.8333333333334,7.216666666666668,14,2,7,-0.4999999999999998,-0.8660254037844388,0.9749279121818236,-0.22252093395631434
2016-07-06 15:00:00,841.3333333333334,6.633333333333333,15,2,7,-0.7071067811865471,-0.7071067811865479,0.9749279121818236,-0.22252093395631434
2016-07-06 16:00:00,702.1666666666666,6.366666666666666,16,2,7,-0.8660254037844384,-0.5000000000000004,0.9749279121818236,-0.22252093395631434
2016-07-06 17:00:00,597.0,6.183333333333334,17,2,7,-0.9659258262890683,-0.25881904510252063,0.9749279121818236,-0.22252093395631434
2016-07-06 18:00:00,395.1666666666667,5.216666666666666,18,2,7,-1.0,-1.8369701987210297e-16,0.9749279121818236,-0.22252093395631434
2016-07-06 19:00:00,296.8333333333333,4.883333333333334,19,2,7,-0.9659258262890684,0.2588190451025203,0.9749279121818236,-0.22252093395631434
2016-07-06 20:00:00,256.6666666666667,4.45,20,2,7,-0.8660254037844386,0.5000000000000001,0.9749279121818236,-0.22252093395631434
2016-07-06 21:00:00,187.0,4.166666666666667,21,2,7,-0.7071067811865477,0.7071067811865474,0.9749279121818236,-0.22252093395631434
2016-07-06 22:00:00,378.6666666666667,5.183333333333333,22,2,7,-0.5000000000000004,0.8660254037844384,0.9749279121818236,-0.22252093395631434
2016-07-06 23:00:00,538.0,5.666666666666667,23,2,7,-0.25881904510252157,0.9659258262890681,0.9749279121818236,-0.22252093395631434
2016-07-07 00:00:00,258.0,4.833333333333333,0,3,7,0.0,1.0,0.43388373911755823,-0.900968867902419
2016-07-07 01:00:00,42.833333333333336,2.9500000000000006,1,3,7,0.25881904510252074,0.9659258262890683,0.43388373911755823,-0.900968867902419
2016-07-07 02:00:00,31.833333333333332,2.75,2,3,7,0.49999999999999994,0.8660254037844387,0.43388373911755823,-0.900968867902419
2016-07-07 03:00:00,56.333333333333336,3.016666666666666,3,3,7,0.7071067811865475,0.7071067811865476,0.43388373911755823,-0.900968867902419
2016-07-07 04:00:00,30.0,2.55,4,3,7,0.8660254037844386,0.5000000000000001,0.43388373911755823,-0.900968867902419
2016-07-07 05:00:00,10.666666666666666,2.3000000000000003,5,3,7,0.9659258262890683,0.25881904510252074,0.43388373911755823,-0.900968867902419
2016-07-07 06:00:00,3.6666666666666665,1.8166666666666667,6,3,7,1.0,6.123233995736766e-17,0.43388373911755823,-0.900968867902419
2016-07-07 07:00:00,-1.8333333333333333,0.45,7,3,7,0.9659258262890683,-0.25881904510252063,0.43388373911755823,-0.900968867902419
2016-07-07 08:00:00,-2.0,0.6,8,3,7,0.8660254037844387,-0.49999999999999983,0.43388373911755823,-0.900968867902419
2016-07-07 09:00:00,-2.1666666666666665,0.5,9,3,7,0.7071067811865476,-0.7071067811865475,0.43388373911755823,-0.900968867902419
2016-07-07 10:00:00,-0.3333333333333333,1.3833333333333335,10,3,7,0.49999999999999994,-0.8660254037844387,0.43388373911755823,-0.900968867902419
2016-07-07 11:00:00,5.833333333333333,2.3833333333333333,11,3,7,0.258819045102521,-0.9659258262890682,0.43388373911755823,-0.900968867902419
2016-07-07 12:00:00,9.833333333333334,2.6333333333333333,12,3,7,1.2246467991473532e-16,-1.0,0.43388373911755823,-0.900968867902419
2016-07-07 13:00:00,21.666666666666668,2.8000000000000003,13,3,7,-0.2588190451025208,-0.9659258262890683,0.43388373911755823,-0.900968867902419
2016-07-07 14:00:00,25.0,2.85,14,3,7,-0.4999999999999998,-0.8660254037844388,0.43388373911755823,-0.900968867902419
2016-07-07 15:00:00,65.5,3.433333333333333,15,3,7,-0.7071067811865471,-0.7071067811865479,0.43388373911755823,-0.900968867902419
2016-07-07 16:00:00,70.83333333333333,3.516666666666667,16,3,7,-0.8660254037844384,-0.5000000000000004,0.43388373911755823,-0.900968867902419
2016-07-07 17:00:00,24.666666666666668,2.766666666666667,17,3,7,-0.9659258262890683,-0.25881904510252063,0.43388373911755823,-0.900968867902419
2016-07-07 18:00:00,1.6666666666666667,1.9333333333333333,18,3,7,-1.0,-1.8369701987210297e-16,0.43388373911755823,-0.900968867902419
2016-07-07 19:00:00,-2.5,1.0999999999999999,19,3,7,-0.9659258262890684,0.2588190451025203,0.43388373911755823,-0.900968867902419
2016-07-07 20:00:00,-2.0,1.3333333333333333,20,3,7,-0.8660254037844386,0.5000000000000001,0.43388373911755823,-0.900968867902419
2016-07-07 21:00:00,106.33333333333333,3.0,21,3,7,-0.7071067811865477,0.7071067811865474,0.43388373911755823,-0.900968867902419
2016-07-07 22:00:00,197.5,4.283333333333333,22,3,7,-0.5000000000000004,0.8660254037844384,0.43388373911755823,-0.900968867902419
2016-07-07 23:00:00,105.33333333333333,3.633333333333333,23,3,7,-0.25881904510252157,0.9659258262890681,0.43388373911755823,-0.900968867902419
2016-07-08 00:00:00,140.33333333333334,3.9000000000000004,0,4,7,0.0,1.0,-0.433883739117558,-0.9009688679024191
2016-07-08 01:00:00,86.0,3.3333333333333335,1,4,7,0.25881904510252074,0.9659258262890683,-0.433883739117558,-0.9009688679024191
2016-07-08 02:00:00,84.33333333333333,3.3333333333333335,2,4,7,0.49999999999999994,0.8660254037844387,-0.433883739117558,-0.9009688679024191
2016-07-08 03:00:00,134.5,4.0,3,4,7,0.7071067811865475,0.7071067811865476,-0.433883739117558,-0.9009688679024191
2016-07-08 04:00:00,254.33333333333334,4.566666666666666,4,4,7,0.8660254037844386,0.5000000000000001,-0.433883739117558,-0.9009688679024191
2016-07-08 05:00:00,6.833333333333333,1.633333333333333,5,4,7,0.9659258262890683,0.25881904510252074,-0.433883739117558,-0.9009688679024191
2016-07-08 06:00:00,-1.6666666666666667,1.4166666666666667,6,4,7,1.0,6.123233995736766e-17,-0.433883739117558,-0.9009688679024191
2016-07-08 07:00:00,3.6666666666666665,1.7166666666666668,7,4,7,0.9659258262890683,-0.25881904510252063,-0.433883739117558,-0.9009688679024191
2016-07-08 08:00:00,134.83333333333334,3.65,8,4,7,0.8660254037844387,-0.49999999999999983,-0.433883739117558,-0.9009688679024191
2016-07-08 09:00:00,131.16666666666666,3.8166666666666664,9,4,7,0.7071067811865476,-0.7071067811865475,-0.433883739117558,-0.9009688679024191
2016-07-08 10:00:00,90.83333333333333,3.5500000000000003,10,4,7,0.49999999999999994,-0.8660254037844387,-0.433883739117558,-0.9009688679024191
2016-07-08 11:00:00,224.66666666666666,4.583333333333333,11,4,7,0.258819045102521,-0.9659258262890682,-0.433883739117558,-0.9009688679024191
2016-07-08 12:00:00,431.1666666666667,5.333333333333333,12,4,7,1.2246467991473532e-16,-1.0,-0.433883739117558,-0.9009688679024191
2016-07-08 13:00:00,1140.3333333333333,7.533333333333332,13,4,7,-0.2588190451025208,-0.9659258262890683,-0.433883739117558,-0.9009688679024191
2016-07-08 14:00:00,704.6666666666666,6.316666666666666,14,4,7,-0.4999999999999998,-0.8660254037844388,-0.433883739117558,-0.9009688679024191
2016-07-08 15:00:00,1125.0,7.3500000000000005,15,4,7,-0.7071067811865471,-0.7071067811865479,-0.433883739117558,-0.9009688679024191
2016-07-08 16:00:00,991.1666666666666,7.3,16,4,7,-0.8660254037844384,-0.5000000000000004,-0.433883739117558,-0.9009688679024191
2016-07-08 17:00:00,322.3333333333333,4.883333333333334,17,4,7,-0.9659258262890683,-0.25881904510252063,-0.433883739117558,-0.9009688679024191
2016-07-08 18:00:00,371.3333333333333,5.116666666666667,18,4,7,-1.0,-1.8369701987210297e-16,-0.433883739117558,-0.9009688679024191
2016-07-08 19:00:00,791.6666666666666,6.5,19,4,7,-0.9659258262890684,0.2588190451025203,-0.433883739117558,-0.9009688679024191
2016-07-08 20:00:00,1018.3333333333334,7.2,20,4,7,-0.8660254037844386,0.5000000000000001,-0.433883739117558,-0.9009688679024191
2016-07-08 21:00:00,1183.6666666666667,7.666666666666668,21,4,7,-0.7071067811865477,0.7071067811865474,-0.433883739117558,-0.9009688679024191
2016-07-08 22:00:00,755.6666666666666,6.483333333333334,22,4,7,-0.5000000000000004,0.8660254037844384,-0.433883739117558,-0.9009688679024191
2016-07-08 23:00:00,321.3333333333333,4.633333333333334,23,4,7,-0.25881904510252157,0.9659258262890681,-0.433883739117558,-0.9009688679024191
2016-07-09 00:00:00,499.3333333333333,5.366666666666667,0,5,7,0.0,1.0,-0.9749279121818236,-0.2225209339563146
2016-07-09 02:00:00,970.3333333333334,6.933333333333334,2,5,7,0.49999999999999994,0.8660254037844387,-0.9749279121818236,-0.2225209339563146
2016-07-09 03:00:00,1042.6666666666667,7.266666666666667,3,5,7,0.7071067811865475,0.7071067811865476,-0.9749279121818236,-0.2225209339563146
2016-07-09 04:00:00,1215.0,7.633333333333333,4,5,7,0.8660254037844386,0.5000000000000001,-0.9749279121818236,-0.2225209339563146
2016-07-09 05:00:00,1258.1666666666667,7.949999999999999,5,5,7,0.9659258262890683,0.25881904510252074,-0.9749279121818236,-0.2225209339563146
2016-07-09 06:00:00,664.6666666666666,6.183333333333334,6,5,7,1.0,6.123233995736766e-17,-0.9749279121818236,-0.2225209339563146
2016-07-09 07:00:00,206.0,4.433333333333333,7,5,7,0.9659258262890683,-0.25881904510252063,-0.9749279121818236,-0.2225209339563146
2016-07-09 08:00:00,165.33333333333334,4.116666666666666,8,5,7,0.8660254037844387,-0.49999999999999983,-0.9749279121818236,-0.2225209339563146
2016-07-09 09:00:00,199.5,4.283333333333333,9,5,7,0.7071067811865476,-0.7071067811865475,-0.9749279121818236,-0.2225209339563146
2016-07-09 10:00:00,178.16666666666666,4.433333333333334,10,5,7,0.49999999999999994,-0.8660254037844387,-0.9749279121818236,-0.2225209339563146
2016-07-09 11:00:00,163.0,4.266666666666667,11,5,7,0.258819045102521,-0.9659258262890682,-0.9749279121818236,-0.2225209339563146
2016-07-09 12:00:00,200.16666666666666,4.5,12,5,7,1.2246467991473532e-16,-1.0,-0.9749279121818236,-0.2225209339563146
2016-07-09 13:00:00,227.33333333333334,4.533333333333333,13,5,7,-0.2588190451025208,-0.9659258262890683,-0.9749279121818236,-0.2225209339563146
2016-07-09 14:00:00,115.0,4.083333333333333,14,5,7,-0.4999999999999998,-0.8660254037844388,-0.9749279121818236,-0.2225209339563146
2016-07-09 15:00:00,190.16666666666666,4.45,15,5,7,-0.7071067811865471,-0.7071067811865479,-0.9749279121818236,-0.2225209339563146
2016-07-09 16:00:00,209.16666666666666,4.433333333333334,16,5,7,-0.8660254037844384,-0.5000000000000004,-0.9749279121818236,-0.2225209339563146
2016-07-09 17:00:00,520.6666666666666,5.816666666666667,17,5,7,-0.9659258262890683,-0.25881904510252063,-0.9749279121818236,-0.2225209339563146
2016-07-09 18:00:00,424.0,5.3500000000000005,18,5,7,-1.0,-1.8369701987210297e-16,-0.9749279121818236,-0.2225209339563146
2016-07-09 19:00:00,313.6666666666667,5.000000000000001,19,5,7,-0.9659258262890684,0.2588190451025203,-0.9749279121818236,-0.2225209339563146
2016-07-09 20:00:00,81.0,3.5833333333333335,20,5,7,-0.8660254037844386,0.5000000000000001,-0.9749279121818236,-0.2225209339563146
2016-07-09 21:00:00,221.66666666666666,4.45,21,5,7,-0.7071067811865477,0.7071067811865474,-0.9749279121818236,-0.2225209339563146
2016-07-09 22:00:00,348.3333333333333,5.166666666666666,22,5,7,-0.5000000000000004,0.8660254037844384,-0.9749279121818236,-0.2225209339563146
2016-07-09 23:00:00,359.0,5.083333333333334,23,5,7,-0.25881904510252157,0.9659258262890681,-0.9749279121818236,-0.2225209339563146
2016-07-10 00:00:00,438.8333333333333,5.1499999999999995,0,6,7,0.0,1.0,-0.7818314824680299,0.6234898018587334
2016-07-10 01:00:00,252.83333333333334,4.916666666666667,1,6,7,0.25881904510252074,0.9659258262890683,-0.7818314824680299,0.6234898018587334
2016-07-10 02:00:00,128.16666666666666,3.933333333333333,2,6,7,0.49999999999999994,0.8660254037844387,-0.7818314824680299,0.6234898018587334
2016-07-10 03:00:00,115.5,3.8833333333333333,3,6,7,0.7071067811865475,0.7071067811865476,-0.7818314824680299,0.6234898018587334
2016-07-10 04:00:00,13.833333333333334,2.366666666666667,4,6,7,0.8660254037844386,0.5000000000000001,-0.7818314824680299,0.6234898018587334
2016-07-10 05:00:00,80.16666666666667,3.4666666666666663,5,6,7,0.9659258262890683,0.25881904510252074,-0.7818314824680299,0.6234898018587334
2016-07-10 06:00:00,97.33333333333333,3.6666666666666665,6,6,7,1.0,6.123233995736766e-17,-0.7818314824680299,0.6234898018587334
2016-07-10 07:00:00,86.66666666666667,3.3666666666666667,7,6,7,0.9659258262890683,-0.25881904510252063,-0.7818314824680299,0.6234898018587334
2016-07-10 08:00:00,84.83333333333333,3.4166666666666665,8,6,7,0.8660254037844387,-0.49999999999999983,-0.7818314824680299,0.6234898018587334
2016-07-10 09:00:00,0.6666666666666666,2.0833333333333335,9,6,7,0.7071067811865476,-0.7071067811865475,-0.7818314824680299,0.6234898018587334
2016-07-10 10:00:00,85.66666666666667,3.616666666666666,10,6,7,0.49999999999999994,-0.8660254037844387,-0.7818314824680299,0.6234898018587334
2016-07-10 11:00:00,144.5,4.066666666666667,11,6,7,0.258819045102521,-0.9659258262890682,-0.7818314824680299,0.6234898018587334
2016-07-10 12:00:00,124.16666666666667,3.966666666666667,12,6,7,1.2246467991473532e-16,-1.0,-0.7818314824680299,0.6234898018587334
2016-07-10 13:00:00,232.83333333333334,4.783333333333334,13,6,7,-0.2588190451025208,-0.9659258262890683,-0.7818314824680299,0.6234898018587334
2016-07-10 14:00:00,141.83333333333334,3.9999999999999996,14,6,7,-0.4999999999999998,-0.8660254037844388,-0.7818314824680299,0.6234898018587334
2016-07-10 15:00:00,257.6666666666667,4.866666666666666,15,6,7,-0.7071067811865471,-0.7071067811865479,-0.7818314824680299,0.6234898018587334
2016-07-10 16:00:00,272.5,4.8,16,6,7,-0.8660254037844384,-0.5000000000000004,-0.7818314824680299,0.6234898018587334
2016-07-10 17:00:00,174.5,4.3,17,6,7,-0.9659258262890683,-0.25881904510252063,-0.7818314824680299,0.6234898018587334
2016-07-10 18:00:00,294.1666666666667,5.000000000000001,18,6,7,-1.0,-1.8369701987210297e-16,-0.7818314824680299,0.6234898018587334
2016-07-10 19:00:00,235.16666666666666,4.633333333333333,19,6,7,-0.9659258262890684,0.2588190451025203,-0.7818314824680299,0.6234898018587334
2016-07-10 20:00:00,174.16666666666666,4.283333333333332,20,6,7,-0.8660254037844386,0.5000000000000001,-0.7818314824680299,0.6234898018587334
2016-07-10 21:00:00,148.33333333333334,3.966666666666667,21,6,7,-0.7071067811865477,0.7071067811865474,-0.7818314824680299,0.6234898018587334
2016-07-10 22:00:00,402.3333333333333,5.216666666666667,22,6,7,-0.5000000000000004,0.8660254037844384,-0.7818314824680299,0.6234898018587334
2016-07-10 23:00:00,819.1666666666666,6.316666666666666,23,6,7,-0.25881904510252157,0.9659258262890681,-0.7818314824680299,0.6234898018587334
2016-07-11 00:00:00,931.1666666666666,6.533333333333334,0,0,7,0.0,1.0,0.0,1.0
2016-07-11 01:00:00,621.5,5.949999999999999,1,0,7,0.25881904510252074,0.9659258262890683,0.0,1.0
2016-07-11 02:00:00,2126.0,9.45,2,0,7,0.49999999999999994,0.8660254037844387,0.0,1.0
2016-07-11 03:00:00,2657.6666666666665,12.383333333333335,3,0,7,0.7071067811865475,0.7071067811865476,0.0,1.0
2016-07-11 04:00:00,2844.5,13.666666666666664,4,0,7,0.8660254037844386,0.5000000000000001,0.0,1.0
2016-07-11 05:00:00,2609.3333333333335,12.299999999999999,5,0,7,0.9659258262890683,0.25881904510252074,0.0,1.0
2016-07-11 06:00:00,1747.5,9.75,6,0,7,1.0,6.123233995736766e-17,0.0,1.0
2016-07-11 07:00:00,1583.3333333333333,8.383333333333333,7,0,7,0.9659258262890683,-0.25881904510252063,0.0,1.0
2016-07-11 08:00:00,1117.3333333333333,7.416666666666665,8,0,7,0.8660254037844387,-0.49999999999999983,0.0,1.0
2016-07-11 09:00:00,576.0,5.683333333333334,9,0,7,0.7071067811865476,-0.7071067811865475,0.0,1.0
2016-07-11 10:00:00,1442.0,8.183333333333332,10,0,7,0.49999999999999994,-0.8660254037844387,0.0,1.0
2016-07-11 11:00:00,1735.6666666666667,9.299999999999999,11,0,7,0.258819045102521,-0.9659258262890682,0.0,1.0
2016-07-11 12:00:00,794.8333333333334,6.566666666666666,12,0,7,1.2246467991473532e-16,-1.0,0.0,1.0
2016-07-11 13:00:00,1699.6666666666667,9.383333333333333,13,0,7,-0.2588190451025208,-0.9659258262890683,0.0,1.0
2016-07-11 14:00:00,1960.1666666666667,10.15,14,0,7,-0.4999999999999998,-0.8660254037844388,0.0,1.0
2016-07-11 15:00:00,1958.5,10.05,15,0,7,-0.7071067811865471,-0.7071067811865479,0.0,1.0
2016-07-11 16:00:00,1841.1666666666667,9.816666666666668,16,0,7,-0.8660254037844384,-0.5000000000000004,0.0,1.0
2016-07-11 17:00:00,1761.1666666666667,9.700000000000001,17,0,7,-0.9659258262890683,-0.25881904510252063,0.0,1.0
2016-07-11 18:00:00,673.0,6.1000000000000005,18,0,7,-1.0,-1.8369701987210297e-16,0.0,1.0
2016-07-11 19:00:00,1096.5,7.349999999999999,19,0,7,-0.9659258262890684,0.2588190451025203,0.0,1.0
2016-07-11 20:00:00,746.6666666666666,5.983333333333333,20,0,7,-0.8660254037844386,0.5000000000000001,0.0,1.0
2016-07-11 21:00:00,1288.3333333333333,7.516666666666666,21,0,7,-0.7071067811865477,0.7071067811865474,0.0,1.0
2016-07-11 22:00:00,1382.6666666666667,7.816666666666666,22,0,7,-0.5000000000000004,0.8660254037844384,0.0,1.0
2016-07-11 23:00:00,827.1666666666666,6.266666666666667,23,0,7,-0.25881904510252157,0.9659258262890681,0.0,1.0
2016-07-12 00:00:00,1003.6666666666666,6.8500000000000005,0,1,7,0.0,1.0,0.7818314824680298,0.6234898018587336
2016-07-12 01:00:00,997.5,6.95,1,1,7,0.25881904510252074,0.9659258262890683,0.7818314824680298,0.6234898018587336
2016-07-12 02:00:00,326.5,4.85,2,1,7,0.49999999999999994,0.8660254037844387,0.7818314824680298,0.6234898018587336
2016-07-12 03:00:00,397.3333333333333,5.533333333333334,3,1,7,0.7071067811865475,0.7071067811865476,0.7818314824680298,0.6234898018587336
2016-07-12 04:00:00,310.1666666666667,5.166666666666665,4,1,7,0.8660254037844386,0.5000000000000001,0.7818314824680298,0.6234898018587336
2016-07-12 05:00:00,433.1666666666667,5.283333333333333,5,1,7,0.9659258262890683,0.25881904510252074,0.7818314824680298,0.6234898018587336
2016-07-12 06:00:00,416.5,5.416666666666667,6,1,7,1.0,6.123233995736766e-17,0.7818314824680298,0.6234898018587336
2016-07-12 07:00:00,311.1666666666667,4.999999999999999,7,1,7,0.9659258262890683,-0.25881904510252063,0.7818314824680298,0.6234898018587336
2016-07-12 08:00:00,79.5,3.4166666666666665,8,1,7,0.8660254037844387,-0.49999999999999983,0.7818314824680298,0.6234898018587336
2016-07-12 09:00:00,74.0,3.25,9,1,7,0.7071067811865476,-0.7071067811865475,0.7818314824680298,0.6234898018587336
2016-07-12 10:00:00,77.33333333333333,3.533333333333333,10,1,7,0.49999999999999994,-0.8660254037844387,0.7818314824680298,0.6234898018587336
2016-07-12 11:00:00,37.5,2.6166666666666667,11,1,7,0.258819045102521,-0.9659258262890682,0.7818314824680298,0.6234898018587336
2016-07-12 12:00:00,68.66666666666667,3.1500000000000004,12,1,7,1.2246467991473532e-16,-1.0,0.7818314824680298,0.6234898018587336
2016-07-12 13:00:00,225.33333333333334,4.616666666666667,13,1,7,-0.2588190451025208,-0.9659258262890683,0.7818314824680298,0.6234898018587336
2016-07-12 14:00:00,305.3333333333333,4.916666666666667,14,1,7,-0.4999999999999998,-0.8660254037844388,0.7818314824680298,0.6234898018587336
2016-07-12 15:00:00,119.66666666666667,3.8666666666666667,15,1,7,-0.7071067811865471,-0.7071067811865479,0.7818314824680298,0.6234898018587336
2016-07-12 16:00:00,106.66666666666667,3.9,16,1,7,-0.8660254037844384,-0.5000000000000004,0.7818314824680298,0.6234898018587336
2016-07-12 17:00:00,212.5,4.533333333333332,17,1,7,-0.9659258262890683,-0.25881904510252063,0.7818314824680298,0.6234898018587336
2016-07-12 18:00:00,305.6666666666667,4.95,18,1,7,-1.0,-1.8369701987210297e-16,0.7818314824680298,0.6234898018587336
2016-07-12 19:00:00,300.1666666666667,4.916666666666667,19,1,7,-0.9659258262890684,0.2588190451025203,0.7818314824680298,0.6234898018587336
2016-07-12 20:00:00,356.1666666666667,5.166666666666666,20,1,7,-0.8660254037844386,0.5000000000000001,0.7818314824680298,0.6234898018587336
2016-07-12 21:00:00,565.5,5.550000000000001,21,1,7,-0.7071067811865477,0.7071067811865474,0.7818314824680298,0.6234898018587336
2016-07-12 22:00:00,387.0,5.050000000000001,22,1,7,-0.5000000000000004,0.8660254037844384,0.7818314824680298,0.6234898018587336
2016-07-12 23:00:00,215.66666666666666,4.5,23,1,7,-0.25881904510252157,0.9659258262890681,0.7818314824680298,0.6234898018587336
2016-07-13 00:00:00,66.16666666666667,2.933333333333333,0,2,7,0.0,1.0,0.9749279121818236,-0.22252093395631434
2016-07-13 01:00:00,0.0,1.9333333333333333,1,2,7,0.25881904510252074,0.9659258262890683,0.9749279121818236,-0.22252093395631434
2016-07-13 02:00:00,96.16666666666667,3.3666666666666667,2,2,7,0.49999999999999994,0.8660254037844387,0.9749279121818236,-0.22252093395631434
2016-07-13 03:00:00,116.33333333333333,3.483333333333333,3,2,7,0.7071067811865475,0.7071067811865476,0.9749279121818236,-0.22252093395631434
2016-07-13 04:00:00,48.0,2.8833333333333333,4,2,7,0.8660254037844386,0.5000000000000001,0.9749279121818236,-0.22252093395631434
2016-07-13 05:00:00,-2.0,1.0166666666666666,5,2,7,0.9659258262890683,0.25881904510252074,0.9749279121818236,-0.22252093395631434
2016-07-13 06:00:00,138.83333333333334,3.6999999999999997,6,2,7,1.0,6.123233995736766e-17,0.9749279121818236,-0.22252093395631434
2016-07-13 07:00:00,427.6666666666667,5.233333333333333,7,2,7,0.9659258262890683,-0.25881904510252063,0.9749279121818236,-0.22252093395631434
2016-07-13 08:00:00,186.83333333333334,4.3999999999999995,8,2,7,0.8660254037844387,-0.49999999999999983,0.9749279121818236,-0.22252093395631434
2016-07-13 09:00:00,170.33333333333334,4.233333333333333,9,2,7,0.7071067811865476,-0.7071067811865475,0.9749279121818236,-0.22252093395631434
2016-07-13 10:00:00,172.66666666666666,4.433333333333334,10,2,7,0.49999999999999994,-0.8660254037844387,0.9749279121818236,-0.22252093395631434
2016-07-13 11:00:00,196.5,4.3,11,2,7,0.258819045102521,-0.9659258262890682,0.9749279121818236,-0.22252093395631434
2016-07-13 12:00:00,184.16666666666666,4.15,12,2,7,1.2246467991473532e-16,-1.0,0.9749279121818236,-0.22252093395631434
2016-07-13 13:00:00,367.3333333333333,5.1499999999999995,13,2,7,-0.2588190451025208,-0.9659258262890683,0.9749279121818236,-0.22252093395631434
2016-07-13 14:00:00,890.3333333333334,6.783333333333334,14,2,7,-0.4999999999999998,-0.8660254037844388,0.9749279121818236,-0.22252093395631434
2016-07-13 15:00:00,1177.8333333333333,7.333333333333333,15,2,7,-0.7071067811865471,-0.7071067811865479,0.9749279121818236,-0.22252093395631434
2016-07-13 16:00:00,460.0,5.683333333333333,16,2,7,-0.8660254037844384,-0.5000000000000004,0.9749279121818236,-0.22252093395631434
2016-07-13 17:00:00,739.5,6.266666666666667,17,2,7,-0.9659258262890683,-0.25881904510252063,0.9749279121818236,-0.22252093395631434
2016-07-13 18:00:00,553.8333333333334,5.849999999999999,18,2,7,-1.0,-1.8369701987210297e-16,0.9749279121818236,-0.22252093395631434
2016-07-13 19:00:00,383.1666666666667,5.05,19,2,7,-0.9659258262890684,0.2588190451025203,0.9749279121818236,-0.22252093395631434
2016-07-13 20:00:00,254.5,4.55,20,2,7,-0.8660254037844386,0.5000000000000001,0.9749279121818236,-0.22252093395631434
2016-07-13 21:00:00,236.33333333333334,4.633333333333334,21,2,7,-0.7071067811865477,0.7071067811865474,0.9749279121818236,-0.22252093395631434
2016-07-13 22:00:00,123.33333333333333,3.633333333333333,22,2,7,-0.5000000000000004,0.8660254037844384,0.9749279121818236,-0.22252093395631434
2016-07-13 23:00:00,293.3333333333333,4.816666666666666,23,2,7,-0.25881904510252157,0.9659258262890681,0.9749279121818236,-0.22252093395631434
2016-07-14 00:00:00,421.1666666666667,5.033333333333334,0,3,7,0.0,1.0,0.43388373911755823,-0.900968867902419
2016-07-14 01:00:00,286.1666666666667,4.683333333333334,1,3,7,0.25881904510252074,0.9659258262890683,0.43388373911755823,-0.900968867902419
2016-07-14 02:00:00,312.0,4.733333333333333,2,3,7,0.49999999999999994,0.8660254037844387,0.43388373911755823,-0.900968867902419
2016-07-14 03:00:00,717.8333333333334,6.083333333333333,3,3,7,0.7071067811865475,0.7071067811865476,0.43388373911755823,-0.900968867902419
2016-07-14 04:00:00,1564.5,8.283333333333333,4,3,7,0.8660254037844386,0.5000000000000001,0.43388373911755823,-0.900968867902419
2016-07-14 05:00:00,1646.6666666666667,8.916666666666666,5,3,7,0.9659258262890683,0.25881904510252074,0.43388373911755823,-0.900968867902419
2016-07-14 06:00:00,1781.8333333333333,9.433333333333334,6,3,7,1.0,6.123233995736766e-17,0.43388373911755823,-0.900968867902419
2016-07-14 07:00:00,963.5,6.633333333333333,7,3,7,0.9659258262890683,-0.25881904510252063,0.43388373911755823,-0.900968867902419
2016-07-14 08:00:00,1940.0,9.133333333333335,8,3,7,0.8660254037844387,-0.49999999999999983,0.43388373911755823,-0.900968867902419
2016-07-14 09:00:00,1829.8333333333333,9.166666666666666,9,3,7,0.7071067811865476,-0.7071067811865475,0.43388373911755823,-0.900968867902419
2016-07-14 10:00:00,1255.5,7.633333333333334,10,3,7,0.49999999999999994,-0.8660254037844387,0.43388373911755823,-0.900968867902419
2016-07-14 11:00:00,1570.8333333333333,8.533333333333333,11,3,7,0.258819045102521,-0.9659258262890682,0.43388373911755823,-0.900968867902419
2016-07-14 12:00:00,1336.6666666666667,7.9333333333333345,12,3,7,1.2246467991473532e-16,-1.0,0.43388373911755823,-0.900968867902419
2016-07-14 13:00:00,1101.6666666666667,7.583333333333333,13,3,7,-0.2588190451025208,-0.9659258262890683,0.43388373911755823,-0.900968867902419
2016-07-14 14:00:00,1150.6666666666667,7.766666666666667,14,3,7,-0.4999999999999998,-0.8660254037844388,0.43388373911755823,-0.900968867902419
2016-07-14 15:00:00,1513.6666666666667,8.549999999999999,15,3,7,-0.7071067811865471,-0.7071067811865479,0.43388373911755823,-0.900968867902419
2016-07-14 16:00:00,1223.6666666666667,7.633333333333334,16,3,7,-0.8660254037844384,-0.5000000000000004,0.43388373911755823,-0.900968867902419
2016-07-14 17:00:00,1265.0,8.05,17,3,7,-0.9659258262890683,-0.25881904510252063,0.43388373911755823,-0.900968867902419
2016-07-14 18:00:00,1151.0,7.6000000000000005,18,3,7,-1.0,-1.8369701987210297e-16,0.43388373911755823,-0.900968867902419
2016-07-14 19:00:00,1089.6666666666667,7.266666666666666,19,3,7,-0.9659258262890684,0.2588190451025203,0.43388373911755823,-0.900968867902419
2016-07-14 20:00:00,549.5,5.699999999999999,20,3,7,-0.8660254037844386,0.5000000000000001,0.43388373911755823,-0.900968867902419
2016-07-14 21:00:00,480.1666666666667,5.466666666666666,21,3,7,-0.7071067811865477,0.7071067811865474,0.43388373911755823,-0.900968867902419
2016-07-14 22:00:00,485.6666666666667,5.666666666666668,22,3,7,-0.5000000000000004,0.8660254037844384,0.43388373911755823,-0.900968867902419
2016-07-14 23:00:00,537.8333333333334,5.8,23,3,7,-0.25881904510252157,0.9659258262890681,0.43388373911755823,-0.900968867902419
2016-07-15 00:00:00,330.1666666666667,5.0,0,4,7,0.0,1.0,-0.433883739117558,-0.9009688679024191
2016-07-15 01:00:00,444.5,5.5,1,4,7,0.25881904510252074,0.9659258262890683,-0.433883739117558,-0.9009688679024191
2016-07-15 02:00:00,1220.5,7.516666666666667,2,4,7,0.49999999999999994,0.8660254037844387,-0.433883739117558,-0.9009688679024191
2016-07-15 03:00:00,1390.6666666666667,7.833333333333333,3,4,7,0.7071067811865475,0.7071067811865476,-0.433883739117558,-0.9009688679024191
2016-07-15 04:00:00,958.1666666666666,6.8999999999999995,4,4,7,0.8660254037844386,0.5000000000000001,-0.433883739117558,-0.9009688679024191
2016-07-15 05:00:00,941.1666666666666,6.616666666666667,5,4,7,0.9659258262890683,0.25881904510252074,-0.433883739117558,-0.9009688679024191
2016-07-15 06:00:00,570.3333333333334,5.716666666666666,6,4,7,1.0,6.123233995736766e-17,-0.433883739117558,-0.9009688679024191
2016-07-15 07:00:00,518.8333333333334,5.283333333333333,7,4,7,0.9659258262890683,-0.25881904510252063,-0.433883739117558,-0.9009688679024191
2016-07-15 08:00:00,431.1666666666667,5.3999999999999995,8,4,7,0.8660254037844387,-0.49999999999999983,-0.433883739117558,-0.9009688679024191
2016-07-15 09:00:00,480.3333333333333,5.766666666666666,9,4,7,0.7071067811865476,-0.7071067811865475,-0.433883739117558,-0.9009688679024191
2016-07-15 10:00:00,424.5,5.466666666666666,10,4,7,0.49999999999999994,-0.8660254037844387,-0.433883739117558,-0.9009688679024191
2016-07-15 11:00:00,475.3333333333333,5.766666666666667,11,4,7,0.258819045102521,-0.9659258262890682,-0.433883739117558,-0.9009688679024191
2016-07-15 12:00:00,282.3333333333333,4.816666666666666,12,4,7,1.2246467991473532e-16,-1.0,-0.433883739117558,-0.9009688679024191
2016-07-15 13:00:00,376.0,5.1499999999999995,13,4,7,-0.2588190451025208,-0.9659258262890683,-0.433883739117558,-0.9009688679024191
2016-07-15 14:00:00,633.1666666666666,6.0,14,4,7,-0.4999999999999998,-0.8660254037844388,-0.433883739117558,-0.9009688679024191
2016-07-15 15:00:00,452.5,5.650000000000001,15,4,7,-0.7071067811865471,-0.7071067811865479,-0.433883739117558,-0.9009688679024191
2016-07-15 16:00:00,484.8333333333333,5.45,16,4,7,-0.8660254037844384,-0.5000000000000004,-0.433883739117558,-0.9009688679024191
2016-07-15 17:00:00,268.5,4.75,17,4,7,-0.9659258262890683,-0.25881904510252063,-0.433883739117558,-0.9009688679024191
2016-07-15 18:00:00,202.33333333333334,4.35,18,4,7,-1.0,-1.8369701987210297e-16,-0.433883739117558,-0.9009688679024191
2016-07-15 19:00:00,97.5,3.5833333333333335,19,4,7,-0.9659258262890684,0.2588190451025203,-0.433883739117558,-0.9009688679024191
2016-07-15 20:00:00,120.33333333333333,3.883333333333334,20,4,7,-0.8660254037844386,0.5000000000000001,-0.433883739117558,-0.9009688679024191
2016-07-15 21:00:00,204.0,4.35,21,4,7,-0.7071067811865477,0.7071067811865474,-0.433883739117558,-0.9009688679024191
2016-07-15 22:00:00,295.0,5.0,22,4,7,-0.5000000000000004,0.8660254037844384,-0.433883739117558,-0.9009688679024191
2016-07-15 23:00:00,171.66666666666666,4.216666666666667,23,4,7,-0.25881904510252157,0.9659258262890681,-0.433883739117558,-0.9009688679024191
2016-07-16 00:00:00,148.83333333333334,4.099999999999999,0,5,7,0.0,1.0,-0.9749279121818236,-0.2225209339563146
2016-07-16 01:00:00,167.0,3.966666666666667,1,5,7,0.25881904510252074,0.9659258262890683,-0.9749279121818236,-0.2225209339563146
2016-07-16 03:00:00,6.833333333333333,2.216666666666667,3,5,7,0.7071067811865475,0.7071067811865476,-0.9749279121818236,-0.2225209339563146
2016-07-16 04:00:00,5.5,2.233333333333334,4,5,7,0.8660254037844386,0.5000000000000001,-0.9749279121818236,-0.2225209339563146
2016-07-16 05:00:00,3.5,2.1833333333333336,5,5,7,0.9659258262890683,0.25881904510252074,-0.9749279121818236,-0.2225209339563146
2016-07-16 06:00:00,10.166666666666666,2.4,6,5,7,1.0,6.123233995736766e-17,-0.9749279121818236,-0.2225209339563146
2016-07-16 07:00:00,-2.0,1.1666666666666667,7,5,7,0.9659258262890683,-0.25881904510252063,-0.9749279121818236,-0.2225209339563146
2016-07-16 08:00:00,11.833333333333334,2.3666666666666667,8,5,7,0.8660254037844387,-0.49999999999999983,-0.9749279121818236,-0.2225209339563146
2016-07-16 09:00:00,8.833333333333334,2.15,9,5,7,0.7071067811865476,-0.7071067811865475,-0.9749279121818236,-0.2225209339563146
2016-07-16 10:00:00,2.6666666666666665,2.2666666666666666,10,5,7,0.49999999999999994,-0.8660254037844387,-0.9749279121818236,-0.2225209339563146
2016-07-16 11:00:00,50.166666666666664,3.233333333333333,11,5,7,0.258819045102521,-0.9659258262890682,-0.9749279121818236,-0.2225209339563146
2016-07-16 12:00:00,213.33333333333334,4.366666666666666,12,5,7,1.2246467991473532e-16,-1.0,-0.9749279121818236,-0.2225209339563146
2016-07-16 13:00:00,300.5,4.716666666666668,13,5,7,-0.2588190451025208,-0.9659258262890683,-0.9749279121818236,-0.2225209339563146
2016-07-16 14:00:00,368.5,5.216666666666666,14,5,7,-0.4999999999999998,-0.8660254037844388,-0.9749279121818236,-0.2225209339563146
2016-07-16 15:00:00,237.16666666666666,4.6,15,5,7,-0.7071067811865471,-0.7071067811865479,-0.9749279121818236,-0.2225209339563146
2016-07-16 16:00:00,301.3333333333333,5.0,16,5,7,-0.8660254037844384,-0.5000000000000004,-0.9749279121818236,-0.2225209339563146
2016-07-16 17:00:00,304.3333333333333,4.8,17,5,7,-0.9659258262890683,-0.25881904510252063,-0.9749279121818236,-0.2225209339563146
2016-07-16 18:00:00,353.6666666666667,5.000000000000001,18,5,7,-1.0,-1.8369701987210297e-16,-0.9749279121818236,-0.2225209339563146
2016-07-16 19:00:00,412.8333333333333,5.233333333333334,19,5,7,-0.9659258262890684,0.2588190451025203,-0.9749279121818236,-0.2225209339563146
2016-07-16 20:00:00,271.1666666666667,4.3999999999999995,20,5,7,-0.8660254037844386,0.5000000000000001,-0.9749279121818236,-0.2225209339563146
2016-07-16 21:00:00,555.8333333333334,5.7,21,5,7,-0.7071067811865477,0.7071067811865474,-0.9749279121818236,-0.2225209339563146
2016-07-16 22:00:00,455.6666666666667,5.449999999999999,22,5,7,-0.5000000000000004,0.8660254037844384,-0.9749279121818236,-0.2225209339563146
2016-07-16 23:00:00,615.1666666666666,5.616666666666667,23,5,7,-0.25881904510252157,0.9659258262890681,-0.9749279121818236,-0.2225209339563146
2016-07-17 00:00:00,355.5,4.966666666666668,0,6,7,0.0,1.0,-0.7818314824680299,0.6234898018587334
2016-07-17 01:00:00,475.0,5.3,1,6,7,0.25881904510252074,0.9659258262890683,-0.7818314824680299,0.6234898018587334
2016-07-17 02:00:00,132.75,3.825,2,6,7,0.49999999999999994,0.8660254037844387,-0.7818314824680299,0.6234898018587334
2016-07-17 03:00:00,11.666666666666666,2.3000000000000003,3,6,7,0.7071067811865475,0.7071067811865476,-0.7818314824680299,0.6234898018587334
2016-07-17 04:00:00,37.666666666666664,2.9333333333333336,4,6,7,0.8660254037844386,0.5000000000000001,-0.7818314824680299,0.6234898018587334
2016-07-17 05:00:00,298.8333333333333,4.816666666666666,5,6,7,0.9659258262890683,0.25881904510252074,-0.7818314824680299,0.6234898018587334
2016-07-17 06:00:00,236.0,4.516666666666667,6,6,7,1.0,6.123233995736766e-17,-0.7818314824680299,0.6234898018587334
2016-07-17 07:00:00,91.33333333333333,3.6,7,6,7,0.9659258262890683,-0.25881904510252063,-0.7818314824680299,0.6234898018587334
2016-07-17 08:00:00,122.0,3.8333333333333326,8,6,7,0.8660254037844387,-0.49999999999999983,-0.7818314824680299,0.6234898018587334
2016-07-17 09:00:00,69.66666666666667,3.4333333333333336,9,6,7,0.7071067811865476,-0.7071067811865475,-0.7818314824680299,0.6234898018587334
2016-07-17 10:00:00,104.33333333333333,3.8666666666666667,10,6,7,0.49999999999999994,-0.8660254037844387,-0.7818314824680299,0.6234898018587334
2016-07-17 11:00:00,167.33333333333334,4.2,11,6,7,0.258819045102521,-0.9659258262890682,-0.7818314824680299,0.6234898018587334
2016-07-17 12:00:00,339.0,5.2,12,6,7,1.2246467991473532e-16,-1.0,-0.7818314824680299,0.6234898018587334
2016-07-17 13:00:00,355.3333333333333,5.216666666666666,13,6,7,-0.2588190451025208,-0.9659258262890683,-0.7818314824680299,0.6234898018587334
2016-07-17 14:00:00,316.1666666666667,5.0,14,6,7,-0.4999999999999998,-0.8660254037844388,-0.7818314824680299,0.6234898018587334
2016-07-17 15:00:00,579.5,5.916666666666665,15,6,7,-0.7071067811865471,-0.7071067811865479,-0.7818314824680299,0.6234898018587334
2016-07-17 16:00:00,719.0,6.333333333333333,16,6,7,-0.8660254037844384,-0.5000000000000004,-0.7818314824680299,0.6234898018587334
2016-07-17 17:00:00,567.3333333333334,5.833333333333333,17,6,7,-0.9659258262890683,-0.25881904510252063,-0.7818314824680299,0.6234898018587334
2016-07-17 18:00:00,923.8333333333334,6.583333333333335,18,6,7,-1.0,-1.8369701987210297e-16,-0.7818314824680299,0.6234898018587334
2016-07-17 19:00:00,652.6666666666666,5.95,19,6,7,-0.9659258262890684,0.2588190451025203,-0.7818314824680299,0.6234898018587334
2016-07-17 20:00:00,178.33333333333334,4.316666666666667,20,6,7,-0.8660254037844386,0.5000000000000001,-0.7818314824680299,0.6234898018587334
2016-07-17 21:00:00,107.0,3.816666666666667,21,6,7,-0.7071067811865477,0.7071067811865474,-0.7818314824680299,0.6234898018587334
2016-07-17 22:00:00,239.16666666666666,4.6000000000000005,22,6,7,-0.5000000000000004,0.8660254037844384,-0.7818314824680299,0.6234898018587334
2016-07-17 23:00:00,624.0,5.733333333333334,23,6,7,-0.25881904510252157,0.9659258262890681,-0.7818314824680299,0.6234898018587334
2016-07-18 00:00:00,646.5,5.966666666666668,0,0,7,0.0,1.0,0.0,1.0
2016-07-18 01:00:00,711.5,6.183333333333334,1,0,7,0.25881904510252074,0.9659258262890683,0.0,1.0
2016-07-18 02:00:00,322.5,4.583333333333333,2,0,7,0.49999999999999994,0.8660254037844387,0.0,1.0
2016-07-18 03:00:00,198.66666666666666,4.3,3,0,7,0.7071067811865475,0.7071067811865476,0.0,1.0
2016-07-18 04:00:00,96.16666666666667,3.583333333333334,4,0,7,0.8660254037844386,0.5000000000000001,0.0,1.0
2016-07-18 05:00:00,53.5,2.9499999999999997,5,0,7,0.9659258262890683,0.25881904510252074,0.0,1.0
2016-07-18 06:00:00,104.0,3.583333333333334,6,0,7,1.0,6.123233995736766e-17,0.0,1.0
2016-07-18 07:00:00,71.66666666666667,3.1666666666666665,7,0,7,0.9659258262890683,-0.25881904510252063,0.0,1.0
2016-07-18 08:00:00,154.0,3.9333333333333336,8,0,7,0.8660254037844387,-0.49999999999999983,0.0,1.0
2016-07-18 09:00:00,103.66666666666667,3.766666666666667,9,0,7,0.7071067811865476,-0.7071067811865475,0.0,1.0
2016-07-18 10:00:00,154.5,4.283333333333334,10,0,7,0.49999999999999994,-0.8660254037844387,0.0,1.0
2016-07-18 11:00:00,119.83333333333333,3.883333333333333,11,0,7,0.258819045102521,-0.9659258262890682,0.0,1.0
2016-07-18 12:00:00,219.16666666666666,4.516666666666667,12,0,7,1.2246467991473532e-16,-1.0,0.0,1.0
2016-07-18 13:00:00,180.66666666666666,4.216666666666666,13,0,7,-0.2588190451025208,-0.9659258262890683,0.0,1.0
2016-07-18 14:00:00,257.6666666666667,4.583333333333333,14,0,7,-0.4999999999999998,-0.8660254037844388,0.0,1.0
2016-07-18 15:00:00,162.16666666666666,4.2,15,0,7,-0.7071067811865471,-0.7071067811865479,0.0,1.0
2016-07-18 16:00:00,319.0,5.0,16,0,7,-0.8660254037844384,-0.5000000000000004,0.0,1.0
2016-07-18 17:00:00,371.3333333333333,5.216666666666667,17,0,7,-0.9659258262890683,-0.25881904510252063,0.0,1.0
2016-07-18 18:00:00,225.66666666666666,4.566666666666667,18,0,7,-1.0,-1.8369701987210297e-16,0.0,1.0
2016-07-18 19:00:00,156.0,4.066666666666666,19,0,7,-0.9659258262890684,0.2588190451025203,0.0,1.0
2016-07-18 20:00:00,91.0,3.616666666666667,20,0,7,-0.8660254037844386,0.5000000000000001,0.0,1.0
2016-07-18 21:00:00,37.666666666666664,2.816666666666667,21,0,7,-0.7071067811865477,0.7071067811865474,0.0,1.0
2016-07-18 22:00:00,20.666666666666668,2.466666666666667,22,0,7,-0.5000000000000004,0.8660254037844384,0.0,1.0
2016-07-18 23:00:00,16.833333333333332,2.3833333333333333,23,0,7,-0.25881904510252157,0.9659258262890681,0.0,1.0
2016-07-19 00:00:00,-0.16666666666666666,2.033333333333333,0,1,7,0.0,1.0,0.7818314824680298,0.6234898018587336
2016-07-19 01:00:00,-1.5,1.9,1,1,7,0.25881904510252074,0.9659258262890683,0.7818314824680298,0.6234898018587336
2016-07-19 02:00:00,2.5,2.0,2,1,7,0.49999999999999994,0.8660254037844387,0.7818314824680298,0.6234898018587336
2016-07-19 03:00:00,16.5,2.2333333333333334,3,1,7,0.7071067811865475,0.7071067811865476,0.7818314824680298,0.6234898018587336
2016-07-19 04:00:00,27.5,2.5,4,1,7,0.8660254037844386,0.5000000000000001,0.7818314824680298,0.6234898018587336
2016-07-19 05:00:00,14.166666666666666,2.25,5,1,7,0.9659258262890683,0.25881904510252074,0.7818314824680298,0.6234898018587336
2016-07-19 06:00:00,15.0,2.2666666666666666,6,1,7,1.0,6.123233995736766e-17,0.7818314824680298,0.6234898018587336
2016-07-19 07:00:00,2.8333333333333335,1.9500000000000002,7,1,7,0.9659258262890683,-0.25881904510252063,0.7818314824680298,0.6234898018587336
2016-07-19 08:00:00,-1.0,1.6833333333333336,8,1,7,0.8660254037844387,-0.49999999999999983,0.7818314824680298,0.6234898018587336
2016-07-19 09:00:00,-2.5,1.0666666666666667,9,1,7,0.7071067811865476,-0.7071067811865475,0.7818314824680298,0.6234898018587336
2016-07-19 10:00:00,-1.3333333333333333,1.0166666666666668,10,1,7,0.49999999999999994,-0.8660254037844387,0.7818314824680298,0.6234898018587336
2016-07-19 11:00:00,-2.8333333333333335,1.3500000000000003,11,1,7,0.258819045102521,-0.9659258262890682,0.7818314824680298,0.6234898018587336
2016-07-19 12:00:00,-3.0,1.75,12,1,7,1.2246467991473532e-16,-1.0,0.7818314824680298,0.6234898018587336
2016-07-19 13:00:00,-4.833333333333333,2.0,13,1,7,-0.2588190451025208,-0.9659258262890683,0.7818314824680298,0.6234898018587336
2016-07-19 14:00:00,0.6666666666666666,2.05,14,1,7,-0.4999999999999998,-0.8660254037844388,0.7818314824680298,0.6234898018587336
2016-07-19 15:00:00,-2.5,1.6500000000000001,15,1,7,-0.7071067811865471,-0.7071067811865479,0.7818314824680298,0.6234898018587336
2016-07-19 16:00:00,0.16666666666666666,2.233333333333333,16,1,7,-0.8660254037844384,-0.5000000000000004,0.7818314824680298,0.6234898018587336
2016-07-19 17:00:00,-3.5,1.3166666666666667,17,1,7,-0.9659258262890683,-0.25881904510252063,0.7818314824680298,0.6234898018587336
2016-07-19 18:00:00,-2.0,1.2,18,1,7,-1.0,-1.8369701987210297e-16,0.7818314824680298,0.6234898018587336
2016-07-19 19:00:00,-1.6666666666666667,0.6166666666666667,19,1,7,-0.9659258262890684,0.2588190451025203,0.7818314824680298,0.6234898018587336
2016-07-19 20:00:00,-1.8333333333333333,1.6166666666666665,20,1,7,-0.8660254037844386,0.5000000000000001,0.7818314824680298,0.6234898018587336
2016-07-19 21:00:00,-1.1666666666666667,1.05,21,1,7,-0.7071067811865477,0.7071067811865474,0.7818314824680298,0.6234898018587336
2016-07-19 22:00:00,8.166666666666666,2.066666666666667,22,1,7,-0.5000000000000004,0.8660254037844384,0.7818314824680298,0.6234898018587336
2016-07-19 23:00:00,176.5,4.266666666666667,23,1,7,-0.25881904510252157,0.9659258262890681,0.7818314824680298,0.6234898018587336
2016-07-20 00:00:00,197.83333333333334,4.25,0,2,7,0.0,1.0,0.9749279121818236,-0.22252093395631434
2016-07-20 01:00:00,461.8333333333333,5.683333333333334,1,2,7,0.25881904510252074,0.9659258262890683,0.9749279121818236,-0.22252093395631434
2016-07-20 02:00:00,497.1666666666667,5.283333333333333,2,2,7,0.49999999999999994,0.8660254037844387,0.9749279121818236,-0.22252093395631434
2016-07-20 03:00:00,161.5,3.9166666666666665,3,2,7,0.7071067811865475,0.7071067811865476,0.9749279121818236,-0.22252093395631434
2016-07-20 04:00:00,186.5,4.233333333333333,4,2,7,0.8660254037844386,0.5000000000000001,0.9749279121818236,-0.22252093395631434
2016-07-20 05:00:00,76.66666666666667,3.133333333333333,5,2,7,0.9659258262890683,0.25881904510252074,0.9749279121818236,-0.22252093395631434
2016-07-20 06:00:00,132.83333333333334,3.9333333333333336,6,2,7,1.0,6.123233995736766e-17,0.9749279121818236,-0.22252093395631434
2016-07-20 07:00:00,77.33333333333333,3.4499999999999997,7,2,7,0.9659258262890683,-0.25881904510252063,0.9749279121818236,-0.22252093395631434
2016-07-20 08:00:00,58.166666666666664,3.0666666666666664,8,2,7,0.8660254037844387,-0.49999999999999983,0.9749279121818236,-0.22252093395631434
2016-07-20 09:00:00,7.5,2.3666666666666667,9,2,7,0.7071067811865476,-0.7071067811865475,0.9749279121818236,-0.22252093395631434
2016-07-20 10:00:00,10.166666666666666,2.533333333333333,10,2,7,0.49999999999999994,-0.8660254037844387,0.9749279121818236,-0.22252093395631434
2016-07-20 11:00:00,27.666666666666668,2.9499999999999997,11,2,7,0.258819045102521,-0.9659258262890682,0.9749279121818236,-0.22252093395631434
2016-07-20 12:00:00,96.66666666666667,3.7166666666666663,12,2,7,1.2246467991473532e-16,-1.0,0.9749279121818236,-0.22252093395631434
2016-07-20 13:00:00,96.66666666666667,3.566666666666667,13,2,7,-0.2588190451025208,-0.9659258262890683,0.9749279121818236,-0.22252093395631434
2016-07-20 14:00:00,48.0,3.15,14,2,7,-0.4999999999999998,-0.8660254037844388,0.9749279121818236,-0.22252093395631434
2016-07-20 15:00:00,117.33333333333333,3.8000000000000003,15,2,7,-0.7071067811865471,-0.7071067811865479,0.9749279121818236,-0.22252093395631434
2016-07-20 16:00:00,55.5,3.3166666666666664,16,2,7,-0.8660254037844384,-0.5000000000000004,0.9749279121818236,-0.22252093395631434
2016-07-20 17:00:00,41.0,2.9166666666666665,17,2,7,-0.9659258262890683,-0.25881904510252063,0.9749279121818236,-0.22252093395631434
2016-07-20 18:00:00,43.666666666666664,3.116666666666667,18,2,7,-1.0,-1.8369701987210297e-16,0.9749279121818236,-0.22252093395631434
2016-07-20 19:00:00,61.833333333333336,3.216666666666667,19,2,7,-0.9659258262890684,0.2588190451025203,0.9749279121818236,-0.22252093395631434
2016-07-20 20:00:00,42.0,3.1666666666666665,20,2,7,-0.8660254037844386,0.5000000000000001,0.9749279121818236,-0.22252093395631434
2016-07-20 21:00:00,308.6666666666667,5.183333333333334,21,2,7,-0.7071067811865477,0.7071067811865474,0.9749279121818236,-0.22252093395631434
2016-07-20 22:00:00,1123.1666666666667,7.1499999999999995,22,2,7,-0.5000000000000004,0.8660254037844384,0.9749279121818236,-0.22252093395631434
2016-07-20 23:00:00,1530.6666666666667,8.15,23,2,7,-0.25881904510252157,0.9659258262890681,0.9749279121818236,-0.22252093395631434
2016-07-21 00:00:00,1453.5,8.083333333333334,0,3,7,0.0,1.0,0.43388373911755823,-0.900968867902419
2016-07-21 01:00:00,539.1666666666666,5.583333333333333,1,3,7,0.25881904510252074,0.9659258262890683,0.43388373911755823,-0.900968867902419
2016-07-21 02:00:00,772.0,6.400000000000001,2,3,7,0.49999999999999994,0.8660254037844387,0.43388373911755823,-0.900968867902419
2016-07-21 03:00:00,516.5,5.583333333333333,3,3,7,0.7071067811865475,0.7071067811865476,0.43388373911755823,-0.900968867902419
2016-07-21 04:00:00,305.0,4.616666666666667,4,3,7,0.8660254037844386,0.5000000000000001,0.43388373911755823,-0.900968867902419
2016-07-21 05:00:00,593.1666666666666,5.483333333333334,5,3,7,0.9659258262890683,0.25881904510252074,0.43388373911755823,-0.900968867902419
2016-07-21 06:00:00,331.0,5.383333333333334,6,3,7,1.0,6.123233995736766e-17,0.43388373911755823,-0.900968867902419
2016-07-21 07:00:00,416.5,5.283333333333332,7,3,7,0.9659258262890683,-0.25881904510252063,0.43388373911755823,-0.900968867902419
2016-07-21 08:00:00,59.833333333333336,2.75,8,3,7,0.8660254037844387,-0.49999999999999983,0.43388373911755823,-0.900968867902419
2016-07-21 09:00:00,3.3333333333333335,2.4666666666666663,9,3,7,0.7071067811865476,-0.7071067811865475,0.43388373911755823,-0.900968867902419
2016-07-21 10:00:00,56.0,2.6333333333333333,10,3,7,0.49999999999999994,-0.8660254037844387,0.43388373911755823,-0.900968867902419
2016-07-21 11:00:00,250.16666666666666,4.6000000000000005,11,3,7,0.258819045102521,-0.9659258262890682,0.43388373911755823,-0.900968867902419
2016-07-21 12:00:00,65.5,3.3000000000000003,12,3,7,1.2246467991473532e-16,-1.0,0.43388373911755823,-0.900968867902419
2016-07-21 13:00:00,95.0,3.5000000000000004,13,3,7,-0.2588190451025208,-0.9659258262890683,0.43388373911755823,-0.900968867902419
2016-07-21 14:00:00,87.83333333333333,3.5999999999999996,14,3,7,-0.4999999999999998,-0.8660254037844388,0.43388373911755823,-0.900968867902419
2016-07-21 15:00:00,158.83333333333334,3.816666666666667,15,3,7,-0.7071067811865471,-0.7071067811865479,0.43388373911755823,-0.900968867902419
2016-07-21 16:00:00,69.83333333333333,2.183333333333333,16,3,7,-0.8660254037844384,-0.5000000000000004,0.43388373911755823,-0.900968867902419
2016-07-21 17:00:00,-1.6666666666666667,1.0333333333333334,17,3,7,-0.9659258262890683,-0.25881904510252063,0.43388373911755823,-0.900968867902419
2016-07-21 18:00:00,17.0,2.3333333333333335,18,3,7,-1.0,-1.8369701987210297e-16,0.43388373911755823,-0.900968867902419
2016-07-21 19:00:00,50.833333333333336,3.0833333333333335,19,3,7,-0.9659258262890684,0.2588190451025203,0.43388373911755823,-0.900968867902419
2016-07-21 20:00:00,11.833333333333334,2.3333333333333335,20,3,7,-0.8660254037844386,0.5000000000000001,0.43388373911755823,-0.900968867902419
2016-07-21 21:00:00,147.0,3.7000000000000006,21,3,7,-0.7071067811865477,0.7071067811865474,0.43388373911755823,-0.900968867902419
2016-07-21 22:00:00,13.166666666666666,2.433333333333333,22,3,7,-0.5000000000000004,0.8660254037844384,0.43388373911755823,-0.900968867902419
2016-07-21 23:00:00,33.333333333333336,2.766666666666666,23,3,7,-0.25881904510252157,0.9659258262890681,0.43388373911755823,-0.900968867902419
2016-07-22 00:00:00,33.166666666666664,2.783333333333333,0,4,7,0.0,1.0,-0.433883739117558,-0.9009688679024191
2016-07-22 01:00:00,6.166666666666667,2.316666666666667,1,4,7,0.25881904510252074,0.9659258262890683,-0.433883739117558,-0.9009688679024191
2016-07-22 02:00:00,77.66666666666667,3.35,2,4,7,0.49999999999999994,0.8660254037844387,-0.433883739117558,-0.9009688679024191
2016-07-22 03:00:00,283.3333333333333,4.883333333333333,3,4,7,0.7071067811865475,0.7071067811865476,-0.433883739117558,-0.9009688679024191
2016-07-22 04:00:00,184.83333333333334,4.166666666666667,4,4,7,0.8660254037844386,0.5000000000000001,-0.433883739117558,-0.9009688679024191
2016-07-22 05:00:00,83.5,3.283333333333333,5,4,7,0.9659258262890683,0.25881904510252074,-0.433883739117558,-0.9009688679024191
2016-07-22 06:00:00,8.5,2.15,6,4,7,1.0,6.123233995736766e-17,-0.433883739117558,-0.9009688679024191
2016-07-22 07:00:00,6.0,1.7666666666666666,7,4,7,0.9659258262890683,-0.25881904510252063,-0.433883739117558,-0.9009688679024191
2016-07-22 08:00:00,-2.1666666666666665,1.6333333333333335,8,4,7,0.8660254037844387,-0.49999999999999983,-0.433883739117558,-0.9009688679024191
2016-07-22 09:00:00,-3.0,1.7666666666666666,9,4,7,0.7071067811865476,-0.7071067811865475,-0.433883739117558,-0.9009688679024191
2016-07-22 10:00:00,-2.0,2.033333333333333,10,4,7,0.49999999999999994,-0.8660254037844387,-0.433883739117558,-0.9009688679024191
2016-07-22 11:00:00,-3.3333333333333335,1.8166666666666667,11,4,7,0.258819045102521,-0.9659258262890682,-0.433883739117558,-0.9009688679024191
2016-07-22 12:00:00,-3.0,1.7166666666666668,12,4,7,1.2246467991473532e-16,-1.0,-0.433883739117558,-0.9009688679024191
2016-07-22 13:00:00,-2.0,2.566666666666667,13,4,7,-0.2588190451025208,-0.9659258262890683,-0.433883739117558,-0.9009688679024191
2016-07-22 14:00:00,2.6666666666666665,2.8666666666666667,14,4,7,-0.4999999999999998,-0.8660254037844388,-0.433883739117558,-0.9009688679024191
2016-07-22 15:00:00,82.5,3.5833333333333335,15,4,7,-0.7071067811865471,-0.7071067811865479,-0.433883739117558,-0.9009688679024191
2016-07-22 16:00:00,148.16666666666666,4.166666666666667,16,4,7,-0.8660254037844384,-0.5000000000000004,-0.433883739117558,-0.9009688679024191
2016-07-22 17:00:00,124.83333333333333,3.866666666666667,17,4,7,-0.9659258262890683,-0.25881904510252063,-0.433883739117558,-0.9009688679024191
2016-07-22 18:00:00,150.33333333333334,3.816666666666666,18,4,7,-1.0,-1.8369701987210297e-16,-0.433883739117558,-0.9009688679024191
2016-07-22 19:00:00,42.0,3.0666666666666664,19,4,7,-0.9659258262890684,0.2588190451025203,-0.433883739117558,-0.9009688679024191
2016-07-22 20:00:00,110.16666666666667,3.75,20,4,7,-0.8660254037844386,0.5000000000000001,-0.433883739117558,-0.9009688679024191
2016-07-22 21:00:00,200.33333333333334,4.7,21,4,7,-0.7071067811865477,0.7071067811865474,-0.433883739117558,-0.9009688679024191
2016-07-22 22:00:00,368.6666666666667,5.066666666666667,22,4,7,-0.5000000000000004,0.8660254037844384,-0.433883739117558,-0.9009688679024191
2016-07-22 23:00:00,542.3333333333334,5.3999999999999995,23,4,7,-0.25881904510252157,0.9659258262890681,-0.433883739117558,-0.9009688679024191
2016-07-23 00:00:00,234.83333333333334,4.233333333333333,0,5,7,0.0,1.0,-0.9749279121818236,-0.2225209339563146
2016-07-23 01:00:00,314.5,4.8,1,5,7,0.25881904510252074,0.9659258262890683,-0.9749279121818236,-0.2225209339563146
2016-07-23 02:00:00,762.5,6.4,2,5,7,0.49999999999999994,0.8660254037844387,-0.9749279121818236,-0.2225209339563146
2016-07-23 03:00:00,1071.6666666666667,7.016666666666667,3,5,7,0.7071067811865475,0.7071067811865476,-0.9749279121818236,-0.2225209339563146
2016-07-23 04:00:00,174.33333333333334,3.683333333333333,4,5,7,0.8660254037844386,0.5000000000000001,-0.9749279121818236,-0.2225209339563146
2016-07-23 05:00:00,119.5,3.7166666666666663,5,5,7,0.9659258262890683,0.25881904510252074,-0.9749279121818236,-0.2225209339563146
2016-07-23 06:00:00,86.83333333333333,3.216666666666667,6,5,7,1.0,6.123233995736766e-17,-0.9749279121818236,-0.2225209339563146
2016-07-23 07:00:00,260.3333333333333,4.583333333333333,7,5,7,0.9659258262890683,-0.25881904510252063,-0.9749279121818236,-0.2225209339563146
2016-07-23 08:00:00,0.0,1.0666666666666667,8,5,7,0.8660254037844387,-0.49999999999999983,-0.9749279121818236,-0.2225209339563146
2016-07-23 09:00:00,7.666666666666667,2.183333333333333,9,5,7,0.7071067811865476,-0.7071067811865475,-0.9749279121818236,-0.2225209339563146
2016-07-23 10:00:00,33.666666666666664,2.8166666666666664,10,5,7,0.49999999999999994,-0.8660254037844387,-0.9749279121818236,-0.2225209339563146
2016-07-23 11:00:00,2.6666666666666665,2.2333333333333334,11,5,7,0.258819045102521,-0.9659258262890682,-0.9749279121818236,-0.2225209339563146
2016-07-23 12:00:00,-0.3333333333333333,2.1666666666666665,12,5,7,1.2246467991473532e-16,-1.0,-0.9749279121818236,-0.2225209339563146
2016-07-23 13:00:00,55.5,2.9333333333333336,13,5,7,-0.2588190451025208,-0.9659258262890683,-0.9749279121818236,-0.2225209339563146
2016-07-23 14:00:00,37.666666666666664,2.85,14,5,7,-0.4999999999999998,-0.8660254037844388,-0.9749279121818236,-0.2225209339563146
2016-07-23 15:00:00,29.833333333333332,2.85,15,5,7,-0.7071067811865471,-0.7071067811865479,-0.9749279121818236,-0.2225209339563146
2016-07-23 16:00:00,9.833333333333334,2.183333333333333,16,5,7,-0.8660254037844384,-0.5000000000000004,-0.9749279121818236,-0.2225209339563146
2016-07-23 17:00:00,56.333333333333336,2.983333333333333,17,5,7,-0.9659258262890683,-0.25881904510252063,-0.9749279121818236,-0.2225209339563146
2016-07-23 18:00:00,145.33333333333334,4.116666666666667,18,5,7,-1.0,-1.8369701987210297e-16,-0.9749279121818236,-0.2225209339563146
2016-07-23 19:00:00,58.5,3.25,19,5,7,-0.9659258262890684,0.2588190451025203,-0.9749279121818236,-0.2225209339563146
2016-07-23 20:00:00,52.666666666666664,2.983333333333333,20,5,7,-0.8660254037844386,0.5000000000000001,-0.9749279121818236,-0.2225209339563146
2016-07-23 21:00:00,132.5,3.733333333333333,21,5,7,-0.7071067811865477,0.7071067811865474,-0.9749279121818236,-0.2225209339563146
2016-07-23 22:00:00,301.8333333333333,4.8,22,5,7,-0.5000000000000004,0.8660254037844384,-0.9749279121818236,-0.2225209339563146
2016-07-23 23:00:00,278.3333333333333,4.566666666666666,23,5,7,-0.25881904510252157,0.9659258262890681,-0.9749279121818236,-0.2225209339563146
2016-07-24 00:00:00,64.66666666666667,3.1333333333333333,0,6,7,0.0,1.0,-0.7818314824680299,0.6234898018587334
2016-07-24 01:00:00,16.666666666666668,2.3666666666666667,1,6,7,0.25881904510252074,0.9659258262890683,-0.7818314824680299,0.6234898018587334
2016-07-24 02:00:00,-1.8333333333333333,1.2833333333333334,2,6,7,0.49999999999999994,0.8660254037844387,-0.7818314824680299,0.6234898018587334
2016-07-24 03:00:00,-2.3333333333333335,1.1833333333333336,3,6,7,0.7071067811865475,0.7071067811865476,-0.7818314824680299,0.6234898018587334
2016-07-24 04:00:00,-1.3333333333333333,1.3499999999999999,4,6,7,0.8660254037844386,0.5000000000000001,-0.7818314824680299,0.6234898018587334
2016-07-24 05:00:00,-2.1666666666666665,1.3,5,6,7,0.9659258262890683,0.25881904510252074,-0.7818314824680299,0.6234898018587334
2016-07-24 06:00:00,-1.5,1.2833333333333334,6,6,7,1.0,6.123233995736766e-17,-0.7818314824680299,0.6234898018587334
2016-07-24 07:00:00,-1.0,0.6333333333333334,7,6,7,0.9659258262890683,-0.25881904510252063,-0.7818314824680299,0.6234898018587334
2016-07-24 08:00:00,-1.0,0.5333333333333333,8,6,7,0.8660254037844387,-0.49999999999999983,-0.7818314824680299,0.6234898018587334
2016-07-24 09:00:00,-1.3333333333333333,0.5833333333333334,9,6,7,0.7071067811865476,-0.7071067811865475,-0.7818314824680299,0.6234898018587334
2016-07-24 10:00:00,-2.1666666666666665,0.7833333333333332,10,6,7,0.49999999999999994,-0.8660254037844387,-0.7818314824680299,0.6234898018587334
2016-07-24 11:00:00,-1.3333333333333333,0.8833333333333334,11,6,7,0.258819045102521,-0.9659258262890682,-0.7818314824680299,0.6234898018587334
2016-07-24 12:00:00,-2.5,1.0,12,6,7,1.2246467991473532e-16,-1.0,-0.7818314824680299,0.6234898018587334
2016-07-24 13:00:00,-1.6666666666666667,1.5166666666666666,13,6,7,-0.2588190451025208,-0.9659258262890683,-0.7818314824680299,0.6234898018587334
2016-07-24 14:00:00,25.333333333333332,2.6333333333333337,14,6,7,-0.4999999999999998,-0.8660254037844388,-0.7818314824680299,0.6234898018587334
2016-07-24 15:00:00,81.5,3.3333333333333335,15,6,7,-0.7071067811865471,-0.7071067811865479,-0.7818314824680299,0.6234898018587334
2016-07-24 16:00:00,230.16666666666666,4.65,16,6,7,-0.8660254037844384,-0.5000000000000004,-0.7818314824680299,0.6234898018587334
2016-07-24 17:00:00,82.66666666666667,3.483333333333333,17,6,7,-0.9659258262890683,-0.25881904510252063,-0.7818314824680299,0.6234898018587334
2016-07-24 18:00:00,228.5,4.383333333333334,18,6,7,-1.0,-1.8369701987210297e-16,-0.7818314824680299,0.6234898018587334
2016-07-24 19:00:00,117.16666666666667,3.4166666666666674,19,6,7,-0.9659258262890684,0.2588190451025203,-0.7818314824680299,0.6234898018587334
2016-07-24 20:00:00,52.166666666666664,2.8499999999999996,20,6,7,-0.8660254037844386,0.5000000000000001,-0.7818314824680299,0.6234898018587334
2016-07-24 21:00:00,0.0,1.7833333333333334,21,6,7,-0.7071067811865477,0.7071067811865474,-0.7818314824680299,0.6234898018587334
2016-07-24 22:00:00,21.5,2.216666666666667,22,6,7,-0.5000000000000004,0.8660254037844384,-0.7818314824680299,0.6234898018587334
2016-07-24 23:00:00,12.0,2.066666666666667,23,6,7,-0.25881904510252157,0.9659258262890681,-0.7818314824680299,0.6234898018587334
2016-07-25 00:00:00,-1.1666666666666667,1.5666666666666667,0,0,7,0.0,1.0,0.0,1.0
2016-07-25 01:00:00,-1.5,0.4166666666666667,1,0,7,0.25881904510252074,0.9659258262890683,0.0,1.0
2016-07-25 02:00:00,-2.0,1.2333333333333334,2,0,7,0.49999999999999994,0.8660254037844387,0.0,1.0
2016-07-25 03:00:00,-1.5,0.8500000000000001,3,0,7,0.7071067811865475,0.7071067811865476,0.0,1.0
2016-07-25 04:00:00,-1.1666666666666667,0.7666666666666666,4,0,7,0.8660254037844386,0.5000000000000001,0.0,1.0
2016-07-25 05:00:00,-1.0,0.39999999999999997,5,0,7,0.9659258262890683,0.25881904510252074,0.0,1.0
2016-07-25 06:00:00,-1.6666666666666667,1.7500000000000002,6,0,7,1.0,6.123233995736766e-17,0.0,1.0
2016-07-25 07:00:00,-1.5,1.55,7,0,7,0.9659258262890683,-0.25881904510252063,0.0,1.0
2016-07-25 08:00:00,-2.3333333333333335,0.6000000000000001,8,0,7,0.8660254037844387,-0.49999999999999983,0.0,1.0
2016-07-25 09:00:00,-1.3333333333333333,0.3333333333333333,9,0,7,0.7071067811865476,-0.7071067811865475,0.0,1.0
2016-07-25 10:00:00,-1.3333333333333333,0.7166666666666668,10,0,7,0.49999999999999994,-0.8660254037844387,0.0,1.0
2016-07-25 11:00:00,-4.166666666666667,1.7333333333333334,11,0,7,0.258819045102521,-0.9659258262890682,0.0,1.0
2016-07-25 12:00:00,-4.0,3.8833333333333333,12,0,7,1.2246467991473532e-16,-1.0,0.0,1.0
2016-07-25 13:00:00,-2.1666666666666665,2.9000000000000004,13,0,7,-0.2588190451025208,-0.9659258262890683,0.0,1.0
2016-07-25 14:00:00,32.5,3.1333333333333333,14,0,7,-0.4999999999999998,-0.8660254037844388,0.0,1.0
2016-07-25 15:00:00,213.5,4.3,15,0,7,-0.7071067811865471,-0.7071067811865479,0.0,1.0
2016-07-25 16:00:00,76.83333333333333,3.216666666666667,16,0,7,-0.8660254037844384,-0.5000000000000004,0.0,1.0
2016-07-25 17:00:00,46.5,2.9166666666666665,17,0,7,-0.9659258262890683,-0.25881904510252063,0.0,1.0
2016-07-25 18:00:00,104.83333333333333,3.5500000000000007,18,0,7,-1.0,-1.8369701987210297e-16,0.0,1.0
2016-07-25 19:00:00,253.66666666666666,4.316666666666666,19,0,7,-0.9659258262890684,0.2588190451025203,0.0,1.0
2016-07-25 20:00:00,125.83333333333333,3.5,20,0,7,-0.8660254037844386,0.5000000000000001,0.0,1.0
2016-07-25 21:00:00,289.5,4.8,21,0,7,-0.7071067811865477,0.7071067811865474,0.0,1.0
2016-07-25 22:00:00,136.5,3.966666666666667,22,0,7,-0.5000000000000004,0.8660254037844384,0.0,1.0
2016-07-25 23:00:00,55.166666666666664,3.016666666666667,23,0,7,-0.25881904510252157,0.9659258262890681,0.0,1.0
2016-07-26 00:00:00,64.33333333333333,3.183333333333333,0,1,7,0.0,1.0,0.7818314824680298,0.6234898018587336
2016-07-26 02:00:00,82.33333333333333,3.3166666666666664,2,1,7,0.49999999999999994,0.8660254037844387,0.7818314824680298,0.6234898018587336
2016-07-26 03:00:00,60.666666666666664,3.216666666666667,3,1,7,0.7071067811865475,0.7071067811865476,0.7818314824680298,0.6234898018587336
2016-07-26 04:00:00,164.5,3.9666666666666663,4,1,7,0.8660254037844386,0.5000000000000001,0.7818314824680298,0.6234898018587336
2016-07-26 05:00:00,340.1666666666667,4.966666666666668,5,1,7,0.9659258262890683,0.25881904510252074,0.7818314824680298,0.6234898018587336
2016-07-26 06:00:00,265.8333333333333,4.516666666666667,6,1,7,1.0,6.123233995736766e-17,0.7818314824680298,0.6234898018587336
2016-07-26 07:00:00,162.33333333333334,4.016666666666667,7,1,7,0.9659258262890683,-0.25881904510252063,0.7818314824680298,0.6234898018587336
2016-07-26 08:00:00,18.166666666666668,2.15,8,1,7,0.8660254037844387,-0.49999999999999983,0.7818314824680298,0.6234898018587336
2016-07-26 09:00:00,-2.5,0.8333333333333331,9,1,7,0.7071067811865476,-0.7071067811865475,0.7818314824680298,0.6234898018587336
2016-07-26 10:00:00,-2.0,0.85,10,1,7,0.49999999999999994,-0.8660254037844387,0.7818314824680298,0.6234898018587336
2016-07-26 11:00:00,-2.0,1.55,11,1,7,0.258819045102521,-0.9659258262890682,0.7818314824680298,0.6234898018587336
2016-07-26 12:00:00,-2.0,3.3000000000000003,12,1,7,1.2246467991473532e-16,-1.0,0.7818314824680298,0.6234898018587336
2016-07-26 13:00:00,-2.0,2.6999999999999997,13,1,7,-0.2588190451025208,-0.9659258262890683,0.7818314824680298,0.6234898018587336
2016-07-26 14:00:00,79.16666666666667,3.683333333333333,14,1,7,-0.4999999999999998,-0.8660254037844388,0.7818314824680298,0.6234898018587336
2016-07-26 15:00:00,287.0,4.516666666666667,15,1,7,-0.7071067811865471,-0.7071067811865479,0.7818314824680298,0.6234898018587336
2016-07-26 16:00:00,222.33333333333334,4.566666666666666,16,1,7,-0.8660254037844384,-0.5000000000000004,0.7818314824680298,0.6234898018587336
2016-07-26 17:00:00,367.5,5.2,17,1,7,-0.9659258262890683,-0.25881904510252063,0.7818314824680298,0.6234898018587336
2016-07-26 18:00:00,345.1666666666667,4.983333333333333,18,1,7,-1.0,-1.8369701987210297e-16,0.7818314824680298,0.6234898018587336
2016-07-26 19:00:00,405.0,4.883333333333334,19,1,7,-0.9659258262890684,0.2588190451025203,0.7818314824680298,0.6234898018587336
2016-07-26 20:00:00,208.5,4.716666666666667,20,1,7,-0.8660254037844386,0.5000000000000001,0.7818314824680298,0.6234898018587336
2016-07-26 21:00:00,69.16666666666667,2.933333333333333,21,1,7,-0.7071067811865477,0.7071067811865474,0.7818314824680298,0.6234898018587336
2016-07-26 22:00:00,6.5,1.9166666666666667,22,1,7,-0.5000000000000004,0.8660254037844384,0.7818314824680298,0.6234898018587336
2016-07-26 23:00:00,1.5,1.3500000000000003,23,1,7,-0.25881904510252157,0.9659258262890681,0.7818314824680298,0.6234898018587336
2016-07-27 00:00:00,20.5,2.3,0,2,7,0.0,1.0,0.9749279121818236,-0.22252093395631434
2016-07-27 01:00:00,33.0,2.7999999999999994,1,2,7,0.25881904510252074,0.9659258262890683,0.9749279121818236,-0.22252093395631434
2016-07-27 02:00:00,41.166666666666664,2.8166666666666664,2,2,7,0.49999999999999994,0.8660254037844387,0.9749279121818236,-0.22252093395631434
2016-07-27 03:00:00,15.0,2.3833333333333333,3,2,7,0.7071067811865475,0.7071067811865476,0.9749279121818236,-0.22252093395631434
2016-07-27 04:00:00,13.166666666666666,2.4499999999999997,4,2,7,0.8660254037844386,0.5000000000000001,0.9749279121818236,-0.22252093395631434
2016-07-27 05:00:00,7.5,2.4,5,2,7,0.9659258262890683,0.25881904510252074,0.9749279121818236,-0.22252093395631434
2016-07-27 06:00:00,-1.5,1.7166666666666668,6,2,7,1.0,6.123233995736766e-17,0.9749279121818236,-0.22252093395631434
2016-07-27 07:00:00,-2.1666666666666665,0.7999999999999999,7,2,7,0.9659258262890683,-0.25881904510252063,0.9749279121818236,-0.22252093395631434
2016-07-27 08:00:00,-2.3333333333333335,1.0666666666666667,8,2,7,0.8660254037844387,-0.49999999999999983,0.9749279121818236,-0.22252093395631434
2016-07-27 09:00:00,-2.0,1.616666666666667,9,2,7,0.7071067811865476,-0.7071067811865475,0.9749279121818236,-0.22252093395631434
2016-07-27 10:00:00,-2.0,2.5,10,2,7,0.49999999999999994,-0.8660254037844387,0.9749279121818236,-0.22252093395631434
2016-07-27 11:00:00,-2.0,3.1999999999999997,11,2,7,0.258819045102521,-0.9659258262890682,0.9749279121818236,-0.22252093395631434
2016-07-27 12:00:00,-2.0,4.966666666666667,12,2,7,1.2246467991473532e-16,-1.0,0.9749279121818236,-0.22252093395631434
2016-07-27 13:00:00,-2.1666666666666665,3.383333333333333,13,2,7,-0.2588190451025208,-0.9659258262890683,0.9749279121818236,-0.22252093395631434
2016-07-27 14:00:00,530.5,5.949999999999999,14,2,7,-0.4999999999999998,-0.8660254037844388,0.9749279121818236,-0.22252093395631434
2016-07-27 15:00:00,1272.1666666666667,7.8999999999999995,15,2,7,-0.7071067811865471,-0.7071067811865479,0.9749279121818236,-0.22252093395631434
2016-07-27 16:00:00,817.3333333333334,6.683333333333334,16,2,7,-0.8660254037844384,-0.5000000000000004,0.9749279121818236,-0.22252093395631434
2016-07-27 17:00:00,839.5,6.516666666666667,17,2,7,-0.9659258262890683,-0.25881904510252063,0.9749279121818236,-0.22252093395631434
2016-07-27 18:00:00,502.6666666666667,5.599999999999999,18,2,7,-1.0,-1.8369701987210297e-16,0.9749279121818236,-0.22252093395631434
2016-07-27 19:00:00,442.8333333333333,5.216666666666666,19,2,7,-0.9659258262890684,0.2588190451025203,0.9749279121818236,-0.22252093395631434
2016-07-27 20:00:00,107.16666666666667,3.7833333333333337,20,2,7,-0.8660254037844386,0.5000000000000001,0.9749279121818236,-0.22252093395631434
2016-07-27 21:00:00,486.1666666666667,5.266666666666667,21,2,7,-0.7071067811865477,0.7071067811865474,0.9749279121818236,-0.22252093395631434
2016-07-27 22:00:00,384.5,4.95,22,2,7,-0.5000000000000004,0.8660254037844384,0.9749279121818236,-0.22252093395631434
2016-07-27 23:00:00,282.8333333333333,4.783333333333334,23,2,7,-0.25881904510252157,0.9659258262890681,0.9749279121818236,-0.22252093395631434
2016-07-28 00:00:00,190.16666666666666,4.166666666666667,0,3,7,0.0,1.0,0.43388373911755823,-0.900968867902419
2016-07-28 01:00:00,52.0,2.95,1,3,7,0.25881904510252074,0.9659258262890683,0.43388373911755823,-0.900968867902419
2016-07-28 02:00:00,3.5,2.1,2,3,7,0.49999999999999994,0.8660254037844387,0.43388373911755823,-0.900968867902419
2016-07-28 03:00:00,-2.0,1.3833333333333335,3,3,7,0.7071067811865475,0.7071067811865476,0.43388373911755823,-0.900968867902419
2016-07-28 04:00:00,-2.0,1.55,4,3,7,0.8660254037844386,0.5000000000000001,0.43388373911755823,-0.900968867902419
2016-07-28 05:00:00,-1.1666666666666667,1.8833333333333335,5,3,7,0.9659258262890683,0.25881904510252074,0.43388373911755823,-0.900968867902419
2016-07-28 06:00:00,3.5,2.1333333333333333,6,3,7,1.0,6.123233995736766e-17,0.43388373911755823,-0.900968867902419
2016-07-28 07:00:00,8.333333333333334,2.1166666666666667,7,3,7,0.9659258262890683,-0.25881904510252063,0.43388373911755823,-0.900968867902419
2016-07-28 08:00:00,19.5,2.566666666666667,8,3,7,0.8660254037844387,-0.49999999999999983,0.43388373911755823,-0.900968867902419
2016-07-28 09:00:00,-0.8333333333333334,1.8166666666666664,9,3,7,0.7071067811865476,-0.7071067811865475,0.43388373911755823,-0.900968867902419
2016-07-28 10:00:00,-2.1666666666666665,1.8666666666666671,10,3,7,0.49999999999999994,-0.8660254037844387,0.43388373911755823,-0.900968867902419
2016-07-28 11:00:00,-2.3333333333333335,2.35,11,3,7,0.258819045102521,-0.9659258262890682,0.43388373911755823,-0.900968867902419
2016-07-28 12:00:00,-2.0,3.4166666666666665,12,3,7,1.2246467991473532e-16,-1.0,0.43388373911755823,-0.900968867902419
2016-07-28 13:00:00,-2.0,2.6833333333333336,13,3,7,-0.2588190451025208,-0.9659258262890683,0.43388373911755823,-0.900968867902419
2016-07-28 14:00:00,-2.0,2.8333333333333335,14,3,7,-0.4999999999999998,-0.8660254037844388,0.43388373911755823,-0.900968867902419
2016-07-28 15:00:00,106.66666666666667,3.766666666666667,15,3,7,-0.7071067811865471,-0.7071067811865479,0.43388373911755823,-0.900968867902419
2016-07-28 16:00:00,147.16666666666666,4.1000000000000005,16,3,7,-0.8660254037844384,-0.5000000000000004,0.43388373911755823,-0.900968867902419
2016-07-28 17:00:00,211.83333333333334,4.483333333333333,17,3,7,-0.9659258262890683,-0.25881904510252063,0.43388373911755823,-0.900968867902419
2016-07-28 18:00:00,219.0,4.416666666666667,18,3,7,-1.0,-1.8369701987210297e-16,0.43388373911755823,-0.900968867902419
2016-07-28 19:00:00,286.0,4.816666666666667,19,3,7,-0.9659258262890684,0.2588190451025203,0.43388373911755823,-0.900968867902419
2016-07-28 20:00:00,138.5,4.033333333333333,20,3,7,-0.8660254037844386,0.5000000000000001,0.43388373911755823,-0.900968867902419
2016-07-28 21:00:00,254.66666666666666,4.566666666666666,21,3,7,-0.7071067811865477,0.7071067811865474,0.43388373911755823,-0.900968867902419
2016-07-28 22:00:00,742.3333333333334,6.133333333333333,22,3,7,-0.5000000000000004,0.8660254037844384,0.43388373911755823,-0.900968867902419
2016-07-28 23:00:00,798.0,6.466666666666666,23,3,7,-0.25881904510252157,0.9659258262890681,0.43388373911755823,-0.900968867902419
2016-07-29 00:00:00,819.6666666666666,6.7,0,4,7,0.0,1.0,-0.433883739117558,-0.9009688679024191
2016-07-29 01:00:00,644.0,5.9,1,4,7,0.25881904510252074,0.9659258262890683,-0.433883739117558,-0.9009688679024191
2016-07-29 02:00:00,761.5,6.25,2,4,7,0.49999999999999994,0.8660254037844387,-0.433883739117558,-0.9009688679024191
2016-07-29 03:00:00,329.1666666666667,4.766666666666667,3,4,7,0.7071067811865475,0.7071067811865476,-0.433883739117558,-0.9009688679024191
2016-07-29 04:00:00,449.1666666666667,5.1499999999999995,4,4,7,0.8660254037844386,0.5000000000000001,-0.433883739117558,-0.9009688679024191
2016-07-29 05:00:00,809.6666666666666,6.216666666666666,5,4,7,0.9659258262890683,0.25881904510252074,-0.433883739117558,-0.9009688679024191
2016-07-29 06:00:00,664.6666666666666,5.8999999999999995,6,4,7,1.0,6.123233995736766e-17,-0.433883739117558,-0.9009688679024191
2016-07-29 07:00:00,452.6666666666667,5.366666666666667,7,4,7,0.9659258262890683,-0.25881904510252063,-0.433883739117558,-0.9009688679024191
2016-07-29 08:00:00,255.83333333333334,4.733333333333333,8,4,7,0.8660254037844387,-0.49999999999999983,-0.433883739117558,-0.9009688679024191
2016-07-29 09:00:00,-11.666666666666666,3.3333333333333335,9,4,7,0.7071067811865476,-0.7071067811865475,-0.433883739117558,-0.9009688679024191
2016-07-29 10:00:00,-2.0,5.383333333333333,10,4,7,0.49999999999999994,-0.8660254037844387,-0.433883739117558,-0.9009688679024191
2016-07-29 11:00:00,-2.0,6.583333333333333,11,4,7,0.258819045102521,-0.9659258262890682,-0.433883739117558,-0.9009688679024191
2016-07-29 12:00:00,-2.0,5.683333333333333,12,4,7,1.2246467991473532e-16,-1.0,-0.433883739117558,-0.9009688679024191
2016-07-29 13:00:00,-2.0,6.283333333333334,13,4,7,-0.2588190451025208,-0.9659258262890683,-0.433883739117558,-0.9009688679024191
2016-07-29 14:00:00,-2.1666666666666665,5.716666666666666,14,4,7,-0.4999999999999998,-0.8660254037844388,-0.433883739117558,-0.9009688679024191
2016-07-29 15:00:00,697.6666666666666,6.466666666666666,15,4,7,-0.7071067811865471,-0.7071067811865479,-0.433883739117558,-0.9009688679024191
2016-07-29 16:00:00,715.3333333333334,6.283333333333334,16,4,7,-0.8660254037844384,-0.5000000000000004,-0.433883739117558,-0.9009688679024191
2016-07-29 17:00:00,937.1666666666666,6.9333333333333345,17,4,7,-0.9659258262890683,-0.25881904510252063,-0.433883739117558,-0.9009688679024191
2016-07-29 18:00:00,1656.6666666666667,9.116666666666665,18,4,7,-1.0,-1.8369701987210297e-16,-0.433883739117558,-0.9009688679024191
2016-07-29 19:00:00,1947.6666666666667,10.083333333333334,19,4,7,-0.9659258262890684,0.2588190451025203,-0.433883739117558,-0.9009688679024191
2016-07-29 20:00:00,542.5,5.75,20,4,7,-0.8660254037844386,0.5000000000000001,-0.433883739117558,-0.9009688679024191
2016-07-29 21:00:00,1721.0,9.283333333333333,21,4,7,-0.7071067811865477,0.7071067811865474,-0.433883739117558,-0.9009688679024191
2016-07-29 22:00:00,589.1666666666666,5.650000000000001,22,4,7,-0.5000000000000004,0.8660254037844384,-0.433883739117558,-0.9009688679024191
2016-07-29 23:00:00,56.166666666666664,2.8333333333333335,23,4,7,-0.25881904510252157,0.9659258262890681,-0.433883739117558,-0.9009688679024191
2016-07-30 00:00:00,-0.5,1.5499999999999998,0,5,7,0.0,1.0,-0.9749279121818236,-0.2225209339563146
2016-07-30 01:00:00,59.666666666666664,3.1333333333333333,1,5,7,0.25881904510252074,0.9659258262890683,-0.9749279121818236,-0.2225209339563146
2016-07-30 02:00:00,169.83333333333334,4.116666666666666,2,5,7,0.49999999999999994,0.8660254037844387,-0.9749279121818236,-0.2225209339563146
2016-07-30 03:00:00,496.5,5.366666666666666,3,5,7,0.7071067811865475,0.7071067811865476,-0.9749279121818236,-0.2225209339563146
2016-07-30 04:00:00,1252.1666666666667,7.983333333333332,4,5,7,0.8660254037844386,0.5000000000000001,-0.9749279121818236,-0.2225209339563146
2016-07-30 05:00:00,1000.0,7.25,5,5,7,0.9659258262890683,0.25881904510252074,-0.9749279121818236,-0.2225209339563146
2016-07-30 06:00:00,976.0,6.850000000000001,6,5,7,1.0,6.123233995736766e-17,-0.9749279121818236,-0.2225209339563146
2016-07-30 07:00:00,1594.0,8.866666666666667,7,5,7,0.9659258262890683,-0.25881904510252063,-0.9749279121818236,-0.2225209339563146
2016-07-30 08:00:00,865.3333333333334,6.833333333333335,8,5,7,0.8660254037844387,-0.49999999999999983,-0.9749279121818236,-0.2225209339563146
2016-07-30 09:00:00,518.0,5.5,9,5,7,0.7071067811865476,-0.7071067811865475,-0.9749279121818236,-0.2225209339563146
2016-07-30 10:00:00,714.1666666666666,6.2,10,5,7,0.49999999999999994,-0.8660254037844387,-0.9749279121818236,-0.2225209339563146
2016-07-30 11:00:00,700.8333333333334,6.316666666666666,11,5,7,0.258819045102521,-0.9659258262890682,-0.9749279121818236,-0.2225209339563146
2016-07-30 12:00:00,706.6666666666666,6.516666666666667,12,5,7,1.2246467991473532e-16,-1.0,-0.9749279121818236,-0.2225209339563146
2016-07-30 13:00:00,638.8333333333334,6.300000000000001,13,5,7,-0.2588190451025208,-0.9659258262890683,-0.9749279121818236,-0.2225209339563146
2016-07-30 14:00:00,709.6666666666666,6.466666666666666,14,5,7,-0.4999999999999998,-0.8660254037844388,-0.9749279121818236,-0.2225209339563146
2016-07-30 15:00:00,366.6666666666667,5.416666666666667,15,5,7,-0.7071067811865471,-0.7071067811865479,-0.9749279121818236,-0.2225209339563146
2016-07-30 16:00:00,246.16666666666666,4.816666666666666,16,5,7,-0.8660254037844384,-0.5000000000000004,-0.9749279121818236,-0.2225209339563146
2016-07-30 17:00:00,242.83333333333334,4.699999999999999,17,5,7,-0.9659258262890683,-0.25881904510252063,-0.9749279121818236,-0.2225209339563146
2016-07-30 18:00:00,308.0,5.066666666666667,18,5,7,-1.0,-1.8369701987210297e-16,-0.9749279121818236,-0.2225209339563146
2016-07-30 19:00:00,261.1666666666667,4.716666666666666,19,5,7,-0.9659258262890684,0.2588190451025203,-0.9749279121818236,-0.2225209339563146
2016-07-30 20:00:00,44.666666666666664,3.6500000000000004,20,5,7,-0.8660254037844386,0.5000000000000001,-0.9749279121818236,-0.2225209339563146
2016-07-30 21:00:00,70.83333333333333,3.283333333333333,21,5,7,-0.7071067811865477,0.7071067811865474,-0.9749279121818236,-0.2225209339563146
2016-07-30 22:00:00,30.833333333333332,2.516666666666667,22,5,7,-0.5000000000000004,0.8660254037844384,-0.9749279121818236,-0.2225209339563146
2016-07-30 23:00:00,27.666666666666668,2.5999999999999996,23,5,7,-0.25881904510252157,0.9659258262890681,-0.9749279121818236,-0.2225209339563146
2016-07-31 00:00:00,31.2,2.7,0,6,7,0.0,1.0,-0.7818314824680299,0.6234898018587334
2016-07-31 01:00:00,52.0,3.2,1,6,7,0.25881904510252074,0.9659258262890683,-0.7818314824680299,0.6234898018587334
2016-07-31 02:00:00,1.0,1.75,2,6,7,0.49999999999999994,0.8660254037844387,-0.7818314824680299,0.6234898018587334
2016-07-31 03:00:00,85.83333333333333,3.3499999999999996,3,6,7,0.7071067811865475,0.7071067811865476,-0.7818314824680299,0.6234898018587334
2016-07-31 04:00:00,16.666666666666668,2.3666666666666667,4,6,7,0.8660254037844386,0.5000000000000001,-0.7818314824680299,0.6234898018587334
2016-07-31 05:00:00,37.833333333333336,2.6333333333333333,5,6,7,0.9659258262890683,0.25881904510252074,-0.7818314824680299,0.6234898018587334
2016-07-31 06:00:00,18.166666666666668,1.8,6,6,7,1.0,6.123233995736766e-17,-0.7818314824680299,0.6234898018587334
2016-07-31 07:00:00,0.8333333333333334,1.9833333333333334,7,6,7,0.9659258262890683,-0.25881904510252063,-0.7818314824680299,0.6234898018587334
2016-07-31 08:00:00,-2.3333333333333335,1.5166666666666666,8,6,7,0.8660254037844387,-0.49999999999999983,-0.7818314824680299,0.6234898018587334
2016-07-31 09:00:00,0.5,1.75,9,6,7,0.7071067811865476,-0.7071067811865475,-0.7818314824680299,0.6234898018587334
2016-07-31 10:00:00,12.5,2.266666666666667,10,6,7,0.49999999999999994,-0.8660254037844387,-0.7818314824680299,0.6234898018587334
2016-07-31 11:00:00,84.5,3.383333333333333,11,6,7,0.258819045102521,-0.9659258262890682,-0.7818314824680299,0.6234898018587334
2016-07-31 12:00:00,40.666666666666664,2.8166666666666664,12,6,7,1.2246467991473532e-16,-1.0,-0.7818314824680299,0.6234898018587334
2016-07-31 13:00:00,76.83333333333333,3.4499999999999997,13,6,7,-0.2588190451025208,-0.9659258262890683,-0.7818314824680299,0.6234898018587334
2016-07-31 14:00:00,368.8333333333333,5.3,14,6,7,-0.4999999999999998,-0.8660254037844388,-0.7818314824680299,0.6234898018587334
2016-07-31 15:00:00,729.1666666666666,6.316666666666666,15,6,7,-0.7071067811865471,-0.7071067811865479,-0.7818314824680299,0.6234898018587334
2016-07-31 16:00:00,664.3333333333334,6.166666666666665,16,6,7,-0.8660254037844384,-0.5000000000000004,-0.7818314824680299,0.6234898018587334
2016-07-31 17:00:00,1053.3333333333333,7.183333333333334,17,6,7,-0.9659258262890683,-0.25881904510252063,-0.7818314824680299,0.6234898018587334
2016-07-31 18:00:00,787.8333333333334,6.6000000000000005,18,6,7,-1.0,-1.8369701987210297e-16,-0.7818314824680299,0.6234898018587334
2016-07-31 19:00:00,1193.5,7.5,19,6,7,-0.9659258262890684,0.2588190451025203,-0.7818314824680299,0.6234898018587334
2016-07-31 20:00:00,542.5,6.233333333333333,20,6,7,-0.8660254037844386,0.5000000000000001,-0.7818314824680299,0.6234898018587334
2016-07-31 21:00:00,1024.6666666666667,7.0,21,6,7,-0.7071067811865477,0.7071067811865474,-0.7818314824680299,0.6234898018587334
2016-07-31 22:00:00,1096.8333333333333,7.2,22,6,7,-0.5000000000000004,0.8660254037844384,-0.7818314824680299,0.6234898018587334
2016-07-31 23:00:00,739.0,6.2,23,6,7,-0.25881904510252157,0.9659258262890681,-0.7818314824680299,0.6234898018587334
2016-08-01 00:00:00,405.5,5.283333333333333,0,0,8,0.0,1.0,0.0,1.0
2016-08-01 01:00:00,393.3333333333333,5.15,1,0,8,0.25881904510252074,0.9659258262890683,0.0,1.0
2016-08-01 02:00:00,285.3333333333333,4.866666666666666,2,0,8,0.49999999999999994,0.8660254037844387,0.0,1.0
2016-08-01 03:00:00,361.3333333333333,5.366666666666667,3,0,8,0.7071067811865475,0.7071067811865476,0.0,1.0
2016-08-01 04:00:00,611.0,5.8,4,0,8,0.8660254037844386,0.5000000000000001,0.0,1.0
2016-08-01 05:00:00,315.0,4.716666666666667,5,0,8,0.9659258262890683,0.25881904510252074,0.0,1.0
2016-08-01 06:00:00,432.6666666666667,5.5,6,0,8,1.0,6.123233995736766e-17,0.0,1.0
2016-08-01 07:00:00,401.6666666666667,5.033333333333333,7,0,8,0.9659258262890683,-0.25881904510252063,0.0,1.0
2016-08-01 08:00:00,13.833333333333334,2.6166666666666667,8,0,8,0.8660254037844387,-0.49999999999999983,0.0,1.0
2016-08-01 09:00:00,0.6666666666666666,2.1,9,0,8,0.7071067811865476,-0.7071067811865475,0.0,1.0
2016-08-01 10:00:00,15.0,2.65,10,0,8,0.49999999999999994,-0.8660254037844387,0.0,1.0
2016-08-01 11:00:00,32.5,3.0,11,0,8,0.258819045102521,-0.9659258262890682,0.0,1.0
2016-08-01 12:00:00,126.33333333333333,3.8666666666666667,12,0,8,1.2246467991473532e-16,-1.0,0.0,1.0
2016-08-01 13:00:00,130.5,4.016666666666667,13,0,8,-0.2588190451025208,-0.9659258262890683,0.0,1.0
2016-08-01 14:00:00,250.83333333333334,4.85,14,0,8,-0.4999999999999998,-0.8660254037844388,0.0,1.0
2016-08-01 15:00:00,141.66666666666666,4.05,15,0,8,-0.7071067811865471,-0.7071067811865479,0.0,1.0
2016-08-01 16:00:00,238.83333333333334,4.733333333333333,16,0,8,-0.8660254037844384,-0.5000000000000004,0.0,1.0
2016-08-01 17:00:00,88.33333333333333,3.5833333333333335,17,0,8,-0.9659258262890683,-0.25881904510252063,0.0,1.0
2016-08-01 18:00:00,67.83333333333333,3.183333333333333,18,0,8,-1.0,-1.8369701987210297e-16,0.0,1.0
2016-08-01 19:00:00,20.333333333333332,2.4499999999999997,19,0,8,-0.9659258262890684,0.2588190451025203,0.0,1.0
2016-08-01 20:00:00,7.5,1.9333333333333333,20,0,8,-0.8660254037844386,0.5000000000000001,0.0,1.0
2016-08-01 21:00:00,150.83333333333334,4.000000000000001,21,0,8,-0.7071067811865477,0.7071067811865474,0.0,1.0
2016-08-01 22:00:00,364.1666666666667,5.25,22,0,8,-0.5000000000000004,0.8660254037844384,0.0,1.0
2016-08-01 23:00:00,432.8333333333333,5.3500000000000005,23,0,8,-0.25881904510252157,0.9659258262890681,0.0,1.0
2016-08-02 00:00:00,534.1666666666666,5.883333333333334,0,1,8,0.0,1.0,0.7818314824680298,0.6234898018587336
2016-08-02 01:00:00,736.5,6.35,1,1,8,0.25881904510252074,0.9659258262890683,0.7818314824680298,0.6234898018587336
2016-08-02 02:00:00,1298.0,7.85,2,1,8,0.49999999999999994,0.8660254037844387,0.7818314824680298,0.6234898018587336
2016-08-02 03:00:00,1189.6666666666667,7.933333333333334,3,1,8,0.7071067811865475,0.7071067811865476,0.7818314824680298,0.6234898018587336
2016-08-02 04:00:00,604.6666666666666,5.983333333333333,4,1,8,0.8660254037844386,0.5000000000000001,0.7818314824680298,0.6234898018587336
2016-08-02 05:00:00,265.5,4.566666666666666,5,1,8,0.9659258262890683,0.25881904510252074,0.7818314824680298,0.6234898018587336
2016-08-02 06:00:00,399.1666666666667,5.533333333333334,6,1,8,1.0,6.123233995736766e-17,0.7818314824680298,0.6234898018587336
2016-08-02 07:00:00,159.0,3.8333333333333335,7,1,8,0.9659258262890683,-0.25881904510252063,0.7818314824680298,0.6234898018587336
2016-08-02 08:00:00,229.33333333333334,4.3999999999999995,8,1,8,0.8660254037844387,-0.49999999999999983,0.7818314824680298,0.6234898018587336
2016-08-02 09:00:00,741.5,6.216666666666666,9,1,8,0.7071067811865476,-0.7071067811865475,0.7818314824680298,0.6234898018587336
2016-08-02 10:00:00,1214.6666666666667,7.25,10,1,8,0.49999999999999994,-0.8660254037844387,0.7818314824680298,0.6234898018587336
2016-08-02 11:00:00,1217.1666666666667,7.516666666666666,11,1,8,0.258819045102521,-0.9659258262890682,0.7818314824680298,0.6234898018587336
2016-08-02 12:00:00,1348.5,8.083333333333334,12,1,8,1.2246467991473532e-16,-1.0,0.7818314824680298,0.6234898018587336
2016-08-02 13:00:00,1660.8333333333333,9.033333333333333,13,1,8,-0.2588190451025208,-0.9659258262890683,0.7818314824680298,0.6234898018587336
2016-08-02 14:00:00,944.8333333333334,6.933333333333334,14,1,8,-0.4999999999999998,-0.8660254037844388,0.7818314824680298,0.6234898018587336
2016-08-02 15:00:00,1178.3333333333333,7.416666666666667,15,1,8,-0.7071067811865471,-0.7071067811865479,0.7818314824680298,0.6234898018587336
2016-08-02 16:00:00,968.3333333333334,6.766666666666667,16,1,8,-0.8660254037844384,-0.5000000000000004,0.7818314824680298,0.6234898018587336
2016-08-02 17:00:00,1154.0,7.3,17,1,8,-0.9659258262890683,-0.25881904510252063,0.7818314824680298,0.6234898018587336
2016-08-02 18:00:00,1278.5,7.766666666666667,18,1,8,-1.0,-1.8369701987210297e-16,0.7818314824680298,0.6234898018587336
2016-08-02 19:00:00,1769.3333333333333,9.116666666666665,19,1,8,-0.9659258262890684,0.2588190451025203,0.7818314824680298,0.6234898018587336
2016-08-02 20:00:00,1203.6666666666667,7.466666666666666,20,1,8,-0.8660254037844386,0.5000000000000001,0.7818314824680298,0.6234898018587336
2016-08-02 21:00:00,1391.5,8.299999999999999,21,1,8,-0.7071067811865477,0.7071067811865474,0.7818314824680298,0.6234898018587336
2016-08-02 22:00:00,1367.1666666666667,8.1,22,1,8,-0.5000000000000004,0.8660254037844384,0.7818314824680298,0.6234898018587336
2016-08-02 23:00:00,890.6666666666666,6.866666666666666,23,1,8,-0.25881904510252157,0.9659258262890681,0.7818314824680298,0.6234898018587336
2016-08-03 00:00:00,971.6666666666666,6.75,0,2,8,0.0,1.0,0.9749279121818236,-0.22252093395631434
2016-08-03 01:00:00,1032.5,7.016666666666667,1,2,8,0.25881904510252074,0.9659258262890683,0.9749279121818236,-0.22252093395631434
2016-08-03 02:00:00,1557.3333333333333,8.466666666666667,2,2,8,0.49999999999999994,0.8660254037844387,0.9749279121818236,-0.22252093395631434
2016-08-03 03:00:00,1446.5,8.200000000000001,3,2,8,0.7071067811865475,0.7071067811865476,0.9749279121818236,-0.22252093395631434
2016-08-03 04:00:00,902.6666666666666,6.949999999999999,4,2,8,0.8660254037844386,0.5000000000000001,0.9749279121818236,-0.22252093395631434
2016-08-03 05:00:00,1555.8333333333333,8.75,5,2,8,0.9659258262890683,0.25881904510252074,0.9749279121818236,-0.22252093395631434
2016-08-03 06:00:00,1964.3333333333333,9.600000000000001,6,2,8,1.0,6.123233995736766e-17,0.9749279121818236,-0.22252093395631434
2016-08-03 07:00:00,1654.1666666666667,9.133333333333333,7,2,8,0.9659258262890683,-0.25881904510252063,0.9749279121818236,-0.22252093395631434
2016-08-03 08:00:00,1379.0,7.933333333333334,8,2,8,0.8660254037844387,-0.49999999999999983,0.9749279121818236,-0.22252093395631434
2016-08-03 09:00:00,1537.5,8.466666666666667,9,2,8,0.7071067811865476,-0.7071067811865475,0.9749279121818236,-0.22252093395631434
2016-08-03 10:00:00,779.5,6.583333333333333,10,2,8,0.49999999999999994,-0.8660254037844387,0.9749279121818236,-0.22252093395631434
2016-08-03 11:00:00,-1.8333333333333333,5.066666666666667,11,2,8,0.258819045102521,-0.9659258262890682,0.9749279121818236,-0.22252093395631434
2016-08-03 12:00:00,-2.0,10.533333333333333,12,2,8,1.2246467991473532e-16,-1.0,0.9749279121818236,-0.22252093395631434
2016-08-03 13:00:00,-2.0,8.033333333333333,13,2,8,-0.2588190451025208,-0.9659258262890683,0.9749279121818236,-0.22252093395631434
2016-08-03 14:00:00,-2.1666666666666665,8.133333333333333,14,2,8,-0.4999999999999998,-0.8660254037844388,0.9749279121818236,-0.22252093395631434
2016-08-03 15:00:00,-2.5,7.733333333333333,15,2,8,-0.7071067811865471,-0.7071067811865479,0.9749279121818236,-0.22252093395631434
2016-08-03 16:00:00,-2.8333333333333335,3.7999999999999994,16,2,8,-0.8660254037844384,-0.5000000000000004,0.9749279121818236,-0.22252093395631434
2016-08-03 17:00:00,472.0,5.6000000000000005,17,2,8,-0.9659258262890683,-0.25881904510252063,0.9749279121818236,-0.22252093395631434
2016-08-03 18:00:00,124.16666666666667,2.983333333333333,18,2,8,-1.0,-1.8369701987210297e-16,0.9749279121818236,-0.22252093395631434
2016-08-03 19:00:00,-5.666666666666667,0.9166666666666666,19,2,8,-0.9659258262890684,0.2588190451025203,0.9749279121818236,-0.22252093395631434
2016-08-03 20:00:00,28.166666666666668,1.7166666666666668,20,2,8,-0.8660254037844386,0.5000000000000001,0.9749279121818236,-0.22252093395631434
2016-08-03 21:00:00,17.166666666666668,2.4000000000000004,21,2,8,-0.7071067811865477,0.7071067811865474,0.9749279121818236,-0.22252093395631434
2016-08-03 22:00:00,3.6666666666666665,1.7833333333333334,22,2,8,-0.5000000000000004,0.8660254037844384,0.9749279121818236,-0.22252093395631434
2016-08-03 23:00:00,11.666666666666666,2.066666666666667,23,2,8,-0.25881904510252157,0.9659258262890681,0.9749279121818236,-0.22252093395631434
2016-08-04 00:00:00,164.33333333333334,4.016666666666667,0,3,8,0.0,1.0,0.43388373911755823,-0.900968867902419
2016-08-04 01:00:00,320.0,4.800000000000001,1,3,8,0.25881904510252074,0.9659258262890683,0.43388373911755823,-0.900968867902419
2016-08-04 02:00:00,711.5,6.05,2,3,8,0.49999999999999994,0.8660254037844387,0.43388373911755823,-0.900968867902419
2016-08-04 03:00:00,997.6666666666666,6.849999999999999,3,3,8,0.7071067811865475,0.7071067811865476,0.43388373911755823,-0.900968867902419
2016-08-04 04:00:00,1008.3333333333334,7.066666666666666,4,3,8,0.8660254037844386,0.5000000000000001,0.43388373911755823,-0.900968867902419
2016-08-04 05:00:00,777.8333333333334,6.366666666666667,5,3,8,0.9659258262890683,0.25881904510252074,0.43388373911755823,-0.900968867902419
2016-08-04 06:00:00,322.0,5.116666666666667,6,3,8,1.0,6.123233995736766e-17,0.43388373911755823,-0.900968867902419
2016-08-04 07:00:00,513.5,5.95,7,3,8,0.9659258262890683,-0.25881904510252063,0.43388373911755823,-0.900968867902419
2016-08-04 08:00:00,442.6666666666667,5.3500000000000005,8,3,8,0.8660254037844387,-0.49999999999999983,0.43388373911755823,-0.900968867902419
2016-08-04 09:00:00,-2.8333333333333335,4.15,9,3,8,0.7071067811865476,-0.7071067811865475,0.43388373911755823,-0.900968867902419
2016-08-04 10:00:00,-2.5,2.6999999999999997,10,3,8,0.49999999999999994,-0.8660254037844387,0.43388373911755823,-0.900968867902419
2016-08-04 11:00:00,-2.3333333333333335,2.0833333333333335,11,3,8,0.258819045102521,-0.9659258262890682,0.43388373911755823,-0.900968867902419
2016-08-04 12:00:00,-2.0,2.5,12,3,8,1.2246467991473532e-16,-1.0,0.43388373911755823,-0.900968867902419
2016-08-04 13:00:00,-2.8333333333333335,4.166666666666666,13,3,8,-0.2588190451025208,-0.9659258262890683,0.43388373911755823,-0.900968867902419
2016-08-04 14:00:00,-2.0,4.583333333333334,14,3,8,-0.4999999999999998,-0.8660254037844388,0.43388373911755823,-0.900968867902419
2016-08-04 15:00:00,-2.6666666666666665,2.983333333333333,15,3,8,-0.7071067811865471,-0.7071067811865479,0.43388373911755823,-0.900968867902419
2016-08-04 16:00:00,-2.0,3.8833333333333333,16,3,8,-0.8660254037844384,-0.5000000000000004,0.43388373911755823,-0.900968867902419
2016-08-04 17:00:00,31.166666666666668,3.216666666666667,17,3,8,-0.9659258262890683,-0.25881904510252063,0.43388373911755823,-0.900968867902419
2016-08-04 18:00:00,457.3333333333333,5.433333333333334,18,3,8,-1.0,-1.8369701987210297e-16,0.43388373911755823,-0.900968867902419
2016-08-04 19:00:00,702.5,6.1000000000000005,19,3,8,-0.9659258262890684,0.2588190451025203,0.43388373911755823,-0.900968867902419
2016-08-04 20:00:00,164.83333333333334,4.066666666666666,20,3,8,-0.8660254037844386,0.5000000000000001,0.43388373911755823,-0.900968867902419
2016-08-04 21:00:00,229.66666666666666,4.633333333333334,21,3,8,-0.7071067811865477,0.7071067811865474,0.43388373911755823,-0.900968867902419
2016-08-04 22:00:00,173.33333333333334,4.400000000000001,22,3,8,-0.5000000000000004,0.8660254037844384,0.43388373911755823,-0.900968867902419
2016-08-04 23:00:00,305.0,5.216666666666666,23,3,8,-0.25881904510252157,0.9659258262890681,0.43388373911755823,-0.900968867902419
2016-08-05 00:00:00,119.5,3.7833333333333337,0,4,8,0.0,1.0,-0.433883739117558,-0.9009688679024191
2016-08-05 01:00:00,72.66666666666667,3.033333333333333,1,4,8,0.25881904510252074,0.9659258262890683,-0.433883739117558,-0.9009688679024191
2016-08-05 02:00:00,17.5,2.216666666666667,2,4,8,0.49999999999999994,0.8660254037844387,-0.433883739117558,-0.9009688679024191
2016-08-05 03:00:00,100.16666666666667,3.6666666666666665,3,4,8,0.7071067811865475,0.7071067811865476,-0.433883739117558,-0.9009688679024191
2016-08-05 04:00:00,217.5,4.616666666666666,4,4,8,0.8660254037844386,0.5000000000000001,-0.433883739117558,-0.9009688679024191
2016-08-05 05:00:00,495.3333333333333,5.633333333333333,5,4,8,0.9659258262890683,0.25881904510252074,-0.433883739117558,-0.9009688679024191
2016-08-05 06:00:00,443.3333333333333,5.483333333333333,6,4,8,1.0,6.123233995736766e-17,-0.433883739117558,-0.9009688679024191
2016-08-05 07:00:00,701.1666666666666,6.216666666666666,7,4,8,0.9659258262890683,-0.25881904510252063,-0.433883739117558,-0.9009688679024191
2016-08-05 08:00:00,1095.0,7.133333333333333,8,4,8,0.8660254037844387,-0.49999999999999983,-0.433883739117558,-0.9009688679024191
2016-08-05 09:00:00,627.8333333333334,5.949999999999999,9,4,8,0.7071067811865476,-0.7071067811865475,-0.433883739117558,-0.9009688679024191
2016-08-05 10:00:00,245.5,4.616666666666666,10,4,8,0.49999999999999994,-0.8660254037844387,-0.433883739117558,-0.9009688679024191
2016-08-05 11:00:00,278.3333333333333,4.816666666666666,11,4,8,0.258819045102521,-0.9659258262890682,-0.433883739117558,-0.9009688679024191
2016-08-05 12:00:00,167.33333333333334,4.133333333333333,12,4,8,1.2246467991473532e-16,-1.0,-0.433883739117558,-0.9009688679024191
2016-08-05 13:00:00,204.83333333333334,4.65,13,4,8,-0.2588190451025208,-0.9659258262890683,-0.433883739117558,-0.9009688679024191
2016-08-05 14:00:00,194.16666666666666,4.5,14,4,8,-0.4999999999999998,-0.8660254037844388,-0.433883739117558,-0.9009688679024191
2016-08-05 15:00:00,159.16666666666666,4.083333333333333,15,4,8,-0.7071067811865471,-0.7071067811865479,-0.433883739117558,-0.9009688679024191
2016-08-05 16:00:00,92.33333333333333,3.5666666666666664,16,4,8,-0.8660254037844384,-0.5000000000000004,-0.433883739117558,-0.9009688679024191
2016-08-05 17:00:00,227.66666666666666,4.6499999999999995,17,4,8,-0.9659258262890683,-0.25881904510252063,-0.433883739117558,-0.9009688679024191
2016-08-05 18:00:00,334.1666666666667,4.949999999999999,18,4,8,-1.0,-1.8369701987210297e-16,-0.433883739117558,-0.9009688679024191
2016-08-05 19:00:00,228.16666666666666,4.466666666666666,19,4,8,-0.9659258262890684,0.2588190451025203,-0.433883739117558,-0.9009688679024191
2016-08-05 20:00:00,40.333333333333336,3.2999999999999994,20,4,8,-0.8660254037844386,0.5000000000000001,-0.433883739117558,-0.9009688679024191
2016-08-05 21:00:00,174.83333333333334,3.9666666666666672,21,4,8,-0.7071067811865477,0.7071067811865474,-0.433883739117558,-0.9009688679024191
2016-08-05 22:00:00,417.8333333333333,5.333333333333333,22,4,8,-0.5000000000000004,0.8660254037844384,-0.433883739117558,-0.9009688679024191
2016-08-05 23:00:00,702.0,6.033333333333334,23,4,8,-0.25881904510252157,0.9659258262890681,-0.433883739117558,-0.9009688679024191
2016-08-06 00:00:00,935.6666666666666,6.683333333333333,0,5,8,0.0,1.0,-0.9749279121818236,-0.2225209339563146
2016-08-06 01:00:00,539.3333333333334,5.55,1,5,8,0.25881904510252074,0.9659258262890683,-0.9749279121818236,-0.2225209339563146
2016-08-06 02:00:00,517.3333333333334,5.5,2,5,8,0.49999999999999994,0.8660254037844387,-0.9749279121818236,-0.2225209339563146
2016-08-06 03:00:00,288.8333333333333,4.866666666666666,3,5,8,0.7071067811865475,0.7071067811865476,-0.9749279121818236,-0.2225209339563146
2016-08-06 04:00:00,238.0,4.75,4,5,8,0.8660254037844386,0.5000000000000001,-0.9749279121818236,-0.2225209339563146
2016-08-06 05:00:00,192.16666666666666,4.516666666666667,5,5,8,0.9659258262890683,0.25881904510252074,-0.9749279121818236,-0.2225209339563146
2016-08-06 06:00:00,105.66666666666667,3.366666666666667,6,5,8,1.0,6.123233995736766e-17,-0.9749279121818236,-0.2225209339563146
2016-08-06 07:00:00,238.33333333333334,4.666666666666666,7,5,8,0.9659258262890683,-0.25881904510252063,-0.9749279121818236,-0.2225209339563146
2016-08-06 08:00:00,285.6666666666667,4.900000000000001,8,5,8,0.8660254037844387,-0.49999999999999983,-0.9749279121818236,-0.2225209339563146
2016-08-06 09:00:00,155.0,3.9166666666666665,9,5,8,0.7071067811865476,-0.7071067811865475,-0.9749279121818236,-0.2225209339563146
2016-08-06 10:00:00,189.16666666666666,4.333333333333333,10,5,8,0.49999999999999994,-0.8660254037844387,-0.9749279121818236,-0.2225209339563146
2016-08-06 11:00:00,185.33333333333334,4.533333333333334,11,5,8,0.258819045102521,-0.9659258262890682,-0.9749279121818236,-0.2225209339563146
2016-08-06 12:00:00,376.3333333333333,5.283333333333332,12,5,8,1.2246467991473532e-16,-1.0,-0.9749279121818236,-0.2225209339563146
2016-08-06 13:00:00,543.8333333333334,5.766666666666667,13,5,8,-0.2588190451025208,-0.9659258262890683,-0.9749279121818236,-0.2225209339563146
2016-08-06 14:00:00,378.6666666666667,5.366666666666667,14,5,8,-0.4999999999999998,-0.8660254037844388,-0.9749279121818236,-0.2225209339563146
2016-08-06 15:00:00,463.8333333333333,5.533333333333334,15,5,8,-0.7071067811865471,-0.7071067811865479,-0.9749279121818236,-0.2225209339563146
2016-08-06 16:00:00,478.0,5.5,16,5,8,-0.8660254037844384,-0.5000000000000004,-0.9749279121818236,-0.2225209339563146
2016-08-06 17:00:00,661.5,6.116666666666666,17,5,8,-0.9659258262890683,-0.25881904510252063,-0.9749279121818236,-0.2225209339563146
2016-08-06 18:00:00,585.1666666666666,5.816666666666666,18,5,8,-1.0,-1.8369701987210297e-16,-0.9749279121818236,-0.2225209339563146
2016-08-06 19:00:00,330.8333333333333,4.966666666666666,19,5,8,-0.9659258262890684,0.2588190451025203,-0.9749279121818236,-0.2225209339563146
2016-08-06 20:00:00,8.166666666666666,2.3666666666666667,20,5,8,-0.8660254037844386,0.5000000000000001,-0.9749279121818236,-0.2225209339563146
2016-08-06 21:00:00,35.333333333333336,2.8666666666666667,21,5,8,-0.7071067811865477,0.7071067811865474,-0.9749279121818236,-0.2225209339563146
2016-08-06 22:00:00,10.333333333333334,2.3666666666666667,22,5,8,-0.5000000000000004,0.8660254037844384,-0.9749279121818236,-0.2225209339563146
2016-08-06 23:00:00,0.16666666666666666,2.1166666666666667,23,5,8,-0.25881904510252157,0.9659258262890681,-0.9749279121818236,-0.2225209339563146
2016-08-07 00:00:00,46.833333333333336,2.8000000000000003,0,6,8,0.0,1.0,-0.7818314824680299,0.6234898018587334
2016-08-07 01:00:00,205.66666666666666,4.5,1,6,8,0.25881904510252074,0.9659258262890683,-0.7818314824680299,0.6234898018587334
2016-08-07 02:00:00,265.1666666666667,4.8500000000000005,2,6,8,0.49999999999999994,0.8660254037844387,-0.7818314824680299,0.6234898018587334
2016-08-07 03:00:00,158.83333333333334,3.9166666666666665,3,6,8,0.7071067811865475,0.7071067811865476,-0.7818314824680299,0.6234898018587334
2016-08-07 04:00:00,9.666666666666666,2.1,4,6,8,0.8660254037844386,0.5000000000000001,-0.7818314824680299,0.6234898018587334
2016-08-07 05:00:00,23.833333333333332,2.4,5,6,8,0.9659258262890683,0.25881904510252074,-0.7818314824680299,0.6234898018587334
2016-08-07 06:00:00,36.333333333333336,2.6,6,6,8,1.0,6.123233995736766e-17,-0.7818314824680299,0.6234898018587334
2016-08-07 07:00:00,19.5,2.483333333333333,7,6,8,0.9659258262890683,-0.25881904510252063,-0.7818314824680299,0.6234898018587334
2016-08-07 08:00:00,-1.6666666666666667,1.2499999999999998,8,6,8,0.8660254037844387,-0.49999999999999983,-0.7818314824680299,0.6234898018587334
2016-08-07 09:00:00,-2.8333333333333335,0.7333333333333334,9,6,8,0.7071067811865476,-0.7071067811865475,-0.7818314824680299,0.6234898018587334
2016-08-07 10:00:00,-1.8333333333333333,1.3166666666666667,10,6,8,0.49999999999999994,-0.8660254037844387,-0.7818314824680299,0.6234898018587334
2016-08-07 11:00:00,56.166666666666664,3.116666666666667,11,6,8,0.258819045102521,-0.9659258262890682,-0.7818314824680299,0.6234898018587334
2016-08-07 12:00:00,185.16666666666666,4.416666666666667,12,6,8,1.2246467991473532e-16,-1.0,-0.7818314824680299,0.6234898018587334
2016-08-07 13:00:00,229.16666666666666,4.6000000000000005,13,6,8,-0.2588190451025208,-0.9659258262890683,-0.7818314824680299,0.6234898018587334
2016-08-07 14:00:00,201.83333333333334,4.45,14,6,8,-0.4999999999999998,-0.8660254037844388,-0.7818314824680299,0.6234898018587334
2016-08-07 15:00:00,178.16666666666666,4.233333333333333,15,6,8,-0.7071067811865471,-0.7071067811865479,-0.7818314824680299,0.6234898018587334
2016-08-07 16:00:00,102.16666666666667,3.9,16,6,8,-0.8660254037844384,-0.5000000000000004,-0.7818314824680299,0.6234898018587334
2016-08-07 17:00:00,148.33333333333334,4.083333333333333,17,6,8,-0.9659258262890683,-0.25881904510252063,-0.7818314824680299,0.6234898018587334
2016-08-07 18:00:00,144.5,3.9499999999999997,18,6,8,-1.0,-1.8369701987210297e-16,-0.7818314824680299,0.6234898018587334
2016-08-07 19:00:00,169.0,4.316666666666666,19,6,8,-0.9659258262890684,0.2588190451025203,-0.7818314824680299,0.6234898018587334
2016-08-07 20:00:00,333.3333333333333,5.0,20,6,8,-0.8660254037844386,0.5000000000000001,-0.7818314824680299,0.6234898018587334
2016-08-07 21:00:00,1217.8333333333333,7.3999999999999995,21,6,8,-0.7071067811865477,0.7071067811865474,-0.7818314824680299,0.6234898018587334
2016-08-07 22:00:00,979.1666666666666,6.683333333333334,22,6,8,-0.5000000000000004,0.8660254037844384,-0.7818314824680299,0.6234898018587334
2016-08-07 23:00:00,847.6666666666666,6.55,23,6,8,-0.25881904510252157,0.9659258262890681,-0.7818314824680299,0.6234898018587334
2016-08-08 00:00:00,725.8333333333334,6.183333333333334,0,0,8,0.0,1.0,0.0,1.0
2016-08-08 01:00:00,824.0,6.7,1,0,8,0.25881904510252074,0.9659258262890683,0.0,1.0
2016-08-08 02:00:00,1037.25,6.925000000000001,2,0,8,0.49999999999999994,0.8660254037844387,0.0,1.0
2016-08-08 03:00:00,817.5,6.55,3,0,8,0.7071067811865475,0.7071067811865476,0.0,1.0
2016-08-08 04:00:00,932.6666666666666,6.483333333333333,4,0,8,0.8660254037844386,0.5000000000000001,0.0,1.0
2016-08-08 05:00:00,910.0,6.366666666666667,5,0,8,0.9659258262890683,0.25881904510252074,0.0,1.0
2016-08-08 06:00:00,857.6666666666666,6.516666666666668,6,0,8,1.0,6.123233995736766e-17,0.0,1.0
2016-08-08 07:00:00,622.8333333333334,5.966666666666666,7,0,8,0.9659258262890683,-0.25881904510252063,0.0,1.0
2016-08-08 08:00:00,564.1666666666666,5.8999999999999995,8,0,8,0.8660254037844387,-0.49999999999999983,0.0,1.0
2016-08-08 09:00:00,300.0,4.666666666666667,9,0,8,0.7071067811865476,-0.7071067811865475,0.0,1.0
2016-08-08 10:00:00,529.0,5.6499999999999995,10,0,8,0.49999999999999994,-0.8660254037844387,0.0,1.0
2016-08-08 11:00:00,486.5,5.666666666666667,11,0,8,0.258819045102521,-0.9659258262890682,0.0,1.0
2016-08-08 12:00:00,48.333333333333336,5.083333333333333,12,0,8,1.2246467991473532e-16,-1.0,0.0,1.0
2016-08-08 13:00:00,-2.0,4.916666666666667,13,0,8,-0.2588190451025208,-0.9659258262890683,0.0,1.0
2016-08-08 14:00:00,1123.0,8.133333333333333,14,0,8,-0.4999999999999998,-0.8660254037844388,0.0,1.0
2016-08-08 15:00:00,1321.8333333333333,8.316666666666668,15,0,8,-0.7071067811865471,-0.7071067811865479,0.0,1.0
2016-08-08 16:00:00,2007.6666666666667,10.266666666666667,16,0,8,-0.8660254037844384,-0.5000000000000004,0.0,1.0
2016-08-08 17:00:00,1881.3333333333333,9.766666666666666,17,0,8,-0.9659258262890683,-0.25881904510252063,0.0,1.0
2016-08-08 18:00:00,2213.1666666666665,10.9,18,0,8,-1.0,-1.8369701987210297e-16,0.0,1.0
2016-08-08 19:00:00,1484.0,8.950000000000001,19,0,8,-0.9659258262890684,0.2588190451025203,0.0,1.0
2016-08-08 20:00:00,195.66666666666666,5.733333333333334,20,0,8,-0.8660254037844386,0.5000000000000001,0.0,1.0
2016-08-08 21:00:00,1154.1666666666667,7.616666666666667,21,0,8,-0.7071067811865477,0.7071067811865474,0.0,1.0
2016-08-08 22:00:00,1847.1666666666667,9.366666666666667,22,0,8,-0.5000000000000004,0.8660254037844384,0.0,1.0
2016-08-08 23:00:00,425.5,5.366666666666666,23,0,8,-0.25881904510252157,0.9659258262890681,0.0,1.0
2016-08-09 00:00:00,416.8333333333333,5.566666666666666,0,1,8,0.0,1.0,0.7818314824680298,0.6234898018587336
2016-08-09 02:00:00,541.3333333333334,5.55,2,1,8,0.49999999999999994,0.8660254037844387,0.7818314824680298,0.6234898018587336
2016-08-09 03:00:00,426.6666666666667,5.183333333333333,3,1,8,0.7071067811865475,0.7071067811865476,0.7818314824680298,0.6234898018587336
2016-08-09 04:00:00,135.5,3.9499999999999993,4,1,8,0.8660254037844386,0.5000000000000001,0.7818314824680298,0.6234898018587336
2016-08-09 05:00:00,195.83333333333334,4.5,5,1,8,0.9659258262890683,0.25881904510252074,0.7818314824680298,0.6234898018587336
2016-08-09 06:00:00,56.0,3.1166666666666667,6,1,8,1.0,6.123233995736766e-17,0.7818314824680298,0.6234898018587336
2016-08-09 07:00:00,8.166666666666666,2.283333333333333,7,1,8,0.9659258262890683,-0.25881904510252063,0.7818314824680298,0.6234898018587336
2016-08-09 08:00:00,396.6666666666667,5.033333333333333,8,1,8,0.8660254037844387,-0.49999999999999983,0.7818314824680298,0.6234898018587336
2016-08-09 09:00:00,493.3333333333333,5.333333333333333,9,1,8,0.7071067811865476,-0.7071067811865475,0.7818314824680298,0.6234898018587336
2016-08-09 10:00:00,145.5,3.4166666666666665,10,1,8,0.49999999999999994,-0.8660254037844387,0.7818314824680298,0.6234898018587336
2016-08-09 11:00:00,19.666666666666668,2.283333333333333,11,1,8,0.258819045102521,-0.9659258262890682,0.7818314824680298,0.6234898018587336
2016-08-09 12:00:00,114.66666666666667,3.8333333333333335,12,1,8,1.2246467991473532e-16,-1.0,0.7818314824680298,0.6234898018587336
2016-08-09 13:00:00,119.0,3.916666666666666,13,1,8,-0.2588190451025208,-0.9659258262890683,0.7818314824680298,0.6234898018587336
2016-08-09 14:00:00,151.33333333333334,4.2,14,1,8,-0.4999999999999998,-0.8660254037844388,0.7818314824680298,0.6234898018587336
2016-08-09 15:00:00,280.6666666666667,4.933333333333334,15,1,8,-0.7071067811865471,-0.7071067811865479,0.7818314824680298,0.6234898018587336
2016-08-09 16:00:00,916.1666666666666,6.883333333333333,16,1,8,-0.8660254037844384,-0.5000000000000004,0.7818314824680298,0.6234898018587336
2016-08-09 17:00:00,143.5,3.716666666666667,17,1,8,-0.9659258262890683,-0.25881904510252063,0.7818314824680298,0.6234898018587336
2016-08-09 18:00:00,166.5,4.233333333333333,18,1,8,-1.0,-1.8369701987210297e-16,0.7818314824680298,0.6234898018587336
2016-08-09 19:00:00,231.83333333333334,4.35,19,1,8,-0.9659258262890684,0.2588190451025203,0.7818314824680298,0.6234898018587336
2016-08-09 20:00:00,6.0,2.0500000000000003,20,1,8,-0.8660254037844386,0.5000000000000001,0.7818314824680298,0.6234898018587336
2016-08-09 21:00:00,-0.8333333333333334,1.4666666666666668,21,1,8,-0.7071067811865477,0.7071067811865474,0.7818314824680298,0.6234898018587336
2016-08-09 22:00:00,286.0,4.05,22,1,8,-0.5000000000000004,0.8660254037844384,0.7818314824680298,0.6234898018587336
2016-08-09 23:00:00,476.8333333333333,5.45,23,1,8,-0.25881904510252157,0.9659258262890681,0.7818314824680298,0.6234898018587336
2016-08-10 00:00:00,252.33333333333334,4.65,0,2,8,0.0,1.0,0.9749279121818236,-0.22252093395631434
2016-08-10 01:00:00,248.66666666666666,4.583333333333333,1,2,8,0.25881904510252074,0.9659258262890683,0.9749279121818236,-0.22252093395631434
2016-08-10 02:00:00,164.5,4.316666666666666,2,2,8,0.49999999999999994,0.8660254037844387,0.9749279121818236,-0.22252093395631434
2016-08-10 03:00:00,80.66666666666667,3.533333333333333,3,2,8,0.7071067811865475,0.7071067811865476,0.9749279121818236,-0.22252093395631434
2016-08-10 04:00:00,35.0,2.8666666666666667,4,2,8,0.8660254037844386,0.5000000000000001,0.9749279121818236,-0.22252093395631434
2016-08-10 05:00:00,66.66666666666667,3.1166666666666667,5,2,8,0.9659258262890683,0.25881904510252074,0.9749279121818236,-0.22252093395631434
2016-08-10 06:00:00,154.5,3.9999999999999996,6,2,8,1.0,6.123233995736766e-17,0.9749279121818236,-0.22252093395631434
2016-08-10 07:00:00,116.66666666666667,3.7999999999999994,7,2,8,0.9659258262890683,-0.25881904510252063,0.9749279121818236,-0.22252093395631434
2016-08-10 08:00:00,94.83333333333333,3.6666666666666665,8,2,8,0.8660254037844387,-0.49999999999999983,0.9749279121818236,-0.22252093395631434
2016-08-10 09:00:00,156.5,4.25,9,2,8,0.7071067811865476,-0.7071067811865475,0.9749279121818236,-0.22252093395631434
2016-08-10 10:00:00,210.16666666666666,4.566666666666666,10,2,8,0.49999999999999994,-0.8660254037844387,0.9749279121818236,-0.22252093395631434
2016-08-10 11:00:00,497.6666666666667,5.683333333333334,11,2,8,0.258819045102521,-0.9659258262890682,0.9749279121818236,-0.22252093395631434
2016-08-10 12:00:00,264.8333333333333,4.750000000000001,12,2,8,1.2246467991473532e-16,-1.0,0.9749279121818236,-0.22252093395631434
2016-08-10 13:00:00,1238.1666666666667,7.366666666666667,13,2,8,-0.2588190451025208,-0.9659258262890683,0.9749279121818236,-0.22252093395631434
2016-08-10 14:00:00,1139.1666666666667,7.566666666666667,14,2,8,-0.4999999999999998,-0.8660254037844388,0.9749279121818236,-0.22252093395631434
2016-08-10 15:00:00,1122.0,7.616666666666667,15,2,8,-0.7071067811865471,-0.7071067811865479,0.9749279121818236,-0.22252093395631434
2016-08-10 16:00:00,610.5,5.933333333333333,16,2,8,-0.8660254037844384,-0.5000000000000004,0.9749279121818236,-0.22252093395631434
2016-08-10 17:00:00,1025.0,7.066666666666667,17,2,8,-0.9659258262890683,-0.25881904510252063,0.9749279121818236,-0.22252093395631434
2016-08-10 18:00:00,2185.1666666666665,10.533333333333333,18,2,8,-1.0,-1.8369701987210297e-16,0.9749279121818236,-0.22252093395631434
2016-08-10 19:00:00,328.5,4.3500000000000005,19,2,8,-0.9659258262890684,0.2588190451025203,0.9749279121818236,-0.22252093395631434
2016-08-10 20:00:00,144.5,4.183333333333334,20,2,8,-0.8660254037844386,0.5000000000000001,0.9749279121818236,-0.22252093395631434
2016-08-10 21:00:00,642.6666666666666,5.966666666666666,21,2,8,-0.7071067811865477,0.7071067811865474,0.9749279121818236,-0.22252093395631434
2016-08-10 22:00:00,235.16666666666666,4.466666666666666,22,2,8,-0.5000000000000004,0.8660254037844384,0.9749279121818236,-0.22252093395631434
2016-08-10 23:00:00,142.16666666666666,4.033333333333333,23,2,8,-0.25881904510252157,0.9659258262890681,0.9749279121818236,-0.22252093395631434
2016-08-11 00:00:00,150.33333333333334,3.733333333333333,0,3,8,0.0,1.0,0.43388373911755823,-0.900968867902419
2016-08-11 01:00:00,227.0,4.7,1,3,8,0.25881904510252074,0.9659258262890683,0.43388373911755823,-0.900968867902419
2016-08-11 02:00:00,109.25,3.625,2,3,8,0.49999999999999994,0.8660254037844387,0.43388373911755823,-0.900968867902419
2016-08-11 03:00:00,59.833333333333336,3.0666666666666664,3,3,8,0.7071067811865475,0.7071067811865476,0.43388373911755823,-0.900968867902419
2016-08-11 04:00:00,0.8333333333333334,1.9000000000000001,4,3,8,0.8660254037844386,0.5000000000000001,0.43388373911755823,-0.900968867902419
2016-08-11 05:00:00,-2.5,1.4166666666666667,5,3,8,0.9659258262890683,0.25881904510252074,0.43388373911755823,-0.900968867902419
2016-08-11 06:00:00,-2.1666666666666665,1.2166666666666666,6,3,8,1.0,6.123233995736766e-17,0.43388373911755823,-0.900968867902419
2016-08-11 07:00:00,-1.6666666666666667,0.8333333333333331,7,3,8,0.9659258262890683,-0.25881904510252063,0.43388373911755823,-0.900968867902419
2016-08-11 08:00:00,-1.5,0.8666666666666667,8,3,8,0.8660254037844387,-0.49999999999999983,0.43388373911755823,-0.900968867902419
2016-08-11 09:00:00,-6.5,0.8166666666666668,9,3,8,0.7071067811865476,-0.7071067811865475,0.43388373911755823,-0.900968867902419
2016-08-11 10:00:00,-3.6666666666666665,1.5333333333333332,10,3,8,0.49999999999999994,-0.8660254037844387,0.43388373911755823,-0.900968867902419
2016-08-11 11:00:00,-3.8333333333333335,2.4,11,3,8,0.258819045102521,-0.9659258262890682,0.43388373911755823,-0.900968867902419
2016-08-11 12:00:00,-2.0,2.8000000000000003,12,3,8,1.2246467991473532e-16,-1.0,0.43388373911755823,-0.900968867902419
2016-08-11 13:00:00,-2.0,4.033333333333333,13,3,8,-0.2588190451025208,-0.9659258262890683,0.43388373911755823,-0.900968867902419
2016-08-11 14:00:00,-1.6666666666666667,3.8666666666666667,14,3,8,-0.4999999999999998,-0.8660254037844388,0.43388373911755823,-0.900968867902419
2016-08-11 15:00:00,-2.8333333333333335,4.1000000000000005,15,3,8,-0.7071067811865471,-0.7071067811865479,0.43388373911755823,-0.900968867902419
2016-08-11 16:00:00,-2.5,4.116666666666666,16,3,8,-0.8660254037844384,-0.5000000000000004,0.43388373911755823,-0.900968867902419
2016-08-11 17:00:00,224.0,4.55,17,3,8,-0.9659258262890683,-0.25881904510252063,0.43388373911755823,-0.900968867902419
2016-08-11 18:00:00,423.0,5.316666666666666,18,3,8,-1.0,-1.8369701987210297e-16,0.43388373911755823,-0.900968867902419
2016-08-11 19:00:00,340.6666666666667,4.983333333333333,19,3,8,-0.9659258262890684,0.2588190451025203,0.43388373911755823,-0.900968867902419
2016-08-11 20:00:00,492.0,5.400000000000001,20,3,8,-0.8660254037844386,0.5000000000000001,0.43388373911755823,-0.900968867902419
2016-08-11 21:00:00,900.5,6.616666666666667,21,3,8,-0.7071067811865477,0.7071067811865474,0.43388373911755823,-0.900968867902419
2016-08-11 22:00:00,1201.1666666666667,7.866666666666667,22,3,8,-0.5000000000000004,0.8660254037844384,0.43388373911755823,-0.900968867902419
2016-08-11 23:00:00,438.0,5.616666666666666,23,3,8,-0.25881904510252157,0.9659258262890681,0.43388373911755823,-0.900968867902419
2016-08-12 00:00:00,455.1666666666667,5.816666666666666,0,4,8,0.0,1.0,-0.433883739117558,-0.9009688679024191
2016-08-12 01:00:00,721.0,6.300000000000001,1,4,8,0.25881904510252074,0.9659258262890683,-0.433883739117558,-0.9009688679024191
2016-08-12 02:00:00,1120.3333333333333,7.166666666666667,2,4,8,0.49999999999999994,0.8660254037844387,-0.433883739117558,-0.9009688679024191
2016-08-12 03:00:00,1259.0,7.366666666666667,3,4,8,0.7071067811865475,0.7071067811865476,-0.433883739117558,-0.9009688679024191
2016-08-12 04:00:00,1205.8333333333333,7.416666666666668,4,4,8,0.8660254037844386,0.5000000000000001,-0.433883739117558,-0.9009688679024191
2016-08-12 05:00:00,1033.5,6.766666666666667,5,4,8,0.9659258262890683,0.25881904510252074,-0.433883739117558,-0.9009688679024191
2016-08-12 06:00:00,1239.0,7.3999999999999995,6,4,8,1.0,6.123233995736766e-17,-0.433883739117558,-0.9009688679024191
2016-08-12 07:00:00,1154.6666666666667,7.199999999999999,7,4,8,0.9659258262890683,-0.25881904510252063,-0.433883739117558,-0.9009688679024191
2016-08-12 08:00:00,753.6666666666666,6.216666666666668,8,4,8,0.8660254037844387,-0.49999999999999983,-0.433883739117558,-0.9009688679024191
2016-08-12 09:00:00,565.6666666666666,5.733333333333333,9,4,8,0.7071067811865476,-0.7071067811865475,-0.433883739117558,-0.9009688679024191
2016-08-12 10:00:00,613.6666666666666,5.816666666666666,10,4,8,0.49999999999999994,-0.8660254037844387,-0.433883739117558,-0.9009688679024191
2016-08-12 11:00:00,946.1666666666666,6.75,11,4,8,0.258819045102521,-0.9659258262890682,-0.433883739117558,-0.9009688679024191
2016-08-12 12:00:00,831.5,6.566666666666666,12,4,8,1.2246467991473532e-16,-1.0,-0.433883739117558,-0.9009688679024191
2016-08-12 13:00:00,596.6666666666666,5.900000000000001,13,4,8,-0.2588190451025208,-0.9659258262890683,-0.433883739117558,-0.9009688679024191
2016-08-12 14:00:00,599.8333333333334,6.0,14,4,8,-0.4999999999999998,-0.8660254037844388,-0.433883739117558,-0.9009688679024191
2016-08-12 15:00:00,649.1666666666666,6.016666666666667,15,4,8,-0.7071067811865471,-0.7071067811865479,-0.433883739117558,-0.9009688679024191
2016-08-12 16:00:00,373.8333333333333,5.333333333333335,16,4,8,-0.8660254037844384,-0.5000000000000004,-0.433883739117558,-0.9009688679024191
2016-08-12 17:00:00,296.3333333333333,5.1499999999999995,17,4,8,-0.9659258262890683,-0.25881904510252063,-0.433883739117558,-0.9009688679024191
2016-08-12 18:00:00,364.3333333333333,5.05,18,4,8,-1.0,-1.8369701987210297e-16,-0.433883739117558,-0.9009688679024191
2016-08-12 19:00:00,216.5,4.6499999999999995,19,4,8,-0.9659258262890684,0.2588190451025203,-0.433883739117558,-0.9009688679024191
2016-08-12 20:00:00,137.83333333333334,4.016666666666667,20,4,8,-0.8660254037844386,0.5000000000000001,-0.433883739117558,-0.9009688679024191
2016-08-12 21:00:00,172.83333333333334,4.166666666666667,21,4,8,-0.7071067811865477,0.7071067811865474,-0.433883739117558,-0.9009688679024191
2016-08-12 22:00:00,41.666666666666664,2.8833333333333333,22,4,8,-0.5000000000000004,0.8660254037844384,-0.433883739117558,-0.9009688679024191
2016-08-12 23:00:00,58.166666666666664,3.1166666666666667,23,4,8,-0.25881904510252157,0.9659258262890681,-0.433883739117558,-0.9009688679024191
2016-08-13 00:00:00,156.0,4.266666666666667,0,5,8,0.0,1.0,-0.9749279121818236,-0.2225209339563146
2016-08-13 01:00:00,205.66666666666666,4.616666666666666,1,5,8,0.25881904510252074,0.9659258262890683,-0.9749279121818236,-0.2225209339563146
2016-08-13 02:00:00,242.83333333333334,4.6,2,5,8,0.49999999999999994,0.8660254037844387,-0.9749279121818236,-0.2225209339563146
2016-08-13 03:00:00,364.6666666666667,5.066666666666667,3,5,8,0.7071067811865475,0.7071067811865476,-0.9749279121818236,-0.2225209339563146
2016-08-13 04:00:00,568.6666666666666,5.883333333333333,4,5,8,0.8660254037844386,0.5000000000000001,-0.9749279121818236,-0.2225209339563146
2016-08-13 05:00:00,970.6666666666666,6.8500000000000005,5,5,8,0.9659258262890683,0.25881904510252074,-0.9749279121818236,-0.2225209339563146
2016-08-13 06:00:00,1042.8333333333333,7.233333333333333,6,5,8,1.0,6.123233995736766e-17,-0.9749279121818236,-0.2225209339563146
2016-08-13 07:00:00,646.6666666666666,5.883333333333333,7,5,8,0.9659258262890683,-0.25881904510252063,-0.9749279121818236,-0.2225209339563146
2016-08-13 08:00:00,450.8333333333333,5.383333333333333,8,5,8,0.8660254037844387,-0.49999999999999983,-0.9749279121818236,-0.2225209339563146
2016-08-13 09:00:00,219.16666666666666,4.566666666666666,9,5,8,0.7071067811865476,-0.7071067811865475,-0.9749279121818236,-0.2225209339563146
2016-08-13 10:00:00,142.5,3.9166666666666665,10,5,8,0.49999999999999994,-0.8660254037844387,-0.9749279121818236,-0.2225209339563146
2016-08-13 11:00:00,213.33333333333334,4.483333333333333,11,5,8,0.258819045102521,-0.9659258262890682,-0.9749279121818236,-0.2225209339563146
2016-08-13 12:00:00,626.8333333333334,6.033333333333334,12,5,8,1.2246467991473532e-16,-1.0,-0.9749279121818236,-0.2225209339563146
2016-08-13 13:00:00,492.8333333333333,5.75,13,5,8,-0.2588190451025208,-0.9659258262890683,-0.9749279121818236,-0.2225209339563146
2016-08-13 14:00:00,431.8333333333333,5.5,14,5,8,-0.4999999999999998,-0.8660254037844388,-0.9749279121818236,-0.2225209339563146
2016-08-13 15:00:00,520.6666666666666,5.833333333333333,15,5,8,-0.7071067811865471,-0.7071067811865479,-0.9749279121818236,-0.2225209339563146
2016-08-13 16:00:00,517.0,5.8,16,5,8,-0.8660254037844384,-0.5000000000000004,-0.9749279121818236,-0.2225209339563146
2016-08-13 17:00:00,402.6666666666667,5.433333333333333,17,5,8,-0.9659258262890683,-0.25881904510252063,-0.9749279121818236,-0.2225209339563146
2016-08-13 18:00:00,503.1666666666667,5.733333333333333,18,5,8,-1.0,-1.8369701987210297e-16,-0.9749279121818236,-0.2225209339563146
2016-08-13 19:00:00,425.6666666666667,5.45,19,5,8,-0.9659258262890684,0.2588190451025203,-0.9749279121818236,-0.2225209339563146
2016-08-13 20:00:00,128.16666666666666,4.583333333333333,20,5,8,-0.8660254037844386,0.5000000000000001,-0.9749279121818236,-0.2225209339563146
2016-08-13 21:00:00,257.6666666666667,4.866666666666667,21,5,8,-0.7071067811865477,0.7071067811865474,-0.9749279121818236,-0.2225209339563146
2016-08-13 22:00:00,436.3333333333333,5.483333333333333,22,5,8,-0.5000000000000004,0.8660254037844384,-0.9749279121818236,-0.2225209339563146
2016-08-13 23:00:00,694.1666666666666,6.066666666666666,23,5,8,-0.25881904510252157,0.9659258262890681,-0.9749279121818236,-0.2225209339563146
2016-08-14 00:00:00,998.1666666666666,6.783333333333334,0,6,8,0.0,1.0,-0.7818314824680299,0.6234898018587334
2016-08-14 01:00:00,493.6666666666667,5.400000000000001,1,6,8,0.25881904510252074,0.9659258262890683,-0.7818314824680299,0.6234898018587334
2016-08-14 02:00:00,508.5,5.3999999999999995,2,6,8,0.49999999999999994,0.8660254037844387,-0.7818314824680299,0.6234898018587334
2016-08-14 03:00:00,487.3333333333333,5.366666666666667,3,6,8,0.7071067811865475,0.7071067811865476,-0.7818314824680299,0.6234898018587334
2016-08-14 04:00:00,391.6666666666667,5.316666666666667,4,6,8,0.8660254037844386,0.5000000000000001,-0.7818314824680299,0.6234898018587334
2016-08-14 05:00:00,417.5,5.016666666666666,5,6,8,0.9659258262890683,0.25881904510252074,-0.7818314824680299,0.6234898018587334
2016-08-14 06:00:00,98.0,3.783333333333333,6,6,8,1.0,6.123233995736766e-17,-0.7818314824680299,0.6234898018587334
2016-08-14 07:00:00,16.166666666666668,2.6666666666666665,7,6,8,0.9659258262890683,-0.25881904510252063,-0.7818314824680299,0.6234898018587334
2016-08-14 08:00:00,-2.1666666666666665,1.1333333333333335,8,6,8,0.8660254037844387,-0.49999999999999983,-0.7818314824680299,0.6234898018587334
2016-08-14 09:00:00,-1.8333333333333333,0.7333333333333334,9,6,8,0.7071067811865476,-0.7071067811865475,-0.7818314824680299,0.6234898018587334
2016-08-14 10:00:00,-1.1666666666666667,0.85,10,6,8,0.49999999999999994,-0.8660254037844387,-0.7818314824680299,0.6234898018587334
2016-08-14 11:00:00,14.833333333333334,2.4333333333333336,11,6,8,0.258819045102521,-0.9659258262890682,-0.7818314824680299,0.6234898018587334
2016-08-14 12:00:00,35.833333333333336,3.1833333333333336,12,6,8,1.2246467991473532e-16,-1.0,-0.7818314824680299,0.6234898018587334
2016-08-14 13:00:00,50.0,3.3333333333333335,13,6,8,-0.2588190451025208,-0.9659258262890683,-0.7818314824680299,0.6234898018587334
2016-08-14 14:00:00,118.0,3.9499999999999997,14,6,8,-0.4999999999999998,-0.8660254037844388,-0.7818314824680299,0.6234898018587334
2016-08-14 15:00:00,105.33333333333333,4.016666666666667,15,6,8,-0.7071067811865471,-0.7071067811865479,-0.7818314824680299,0.6234898018587334
2016-08-14 16:00:00,116.5,3.8166666666666664,16,6,8,-0.8660254037844384,-0.5000000000000004,-0.7818314824680299,0.6234898018587334
2016-08-14 17:00:00,149.0,4.25,17,6,8,-0.9659258262890683,-0.25881904510252063,-0.7818314824680299,0.6234898018587334
2016-08-14 18:00:00,119.0,3.866666666666667,18,6,8,-1.0,-1.8369701987210297e-16,-0.7818314824680299,0.6234898018587334
2016-08-14 19:00:00,127.33333333333333,4.05,19,6,8,-0.9659258262890684,0.2588190451025203,-0.7818314824680299,0.6234898018587334
2016-08-14 20:00:00,166.33333333333334,3.766666666666667,20,6,8,-0.8660254037844386,0.5000000000000001,-0.7818314824680299,0.6234898018587334
2016-08-14 21:00:00,357.5,5.083333333333334,21,6,8,-0.7071067811865477,0.7071067811865474,-0.7818314824680299,0.6234898018587334
2016-08-14 22:00:00,634.3333333333334,6.099999999999999,22,6,8,-0.5000000000000004,0.8660254037844384,-0.7818314824680299,0.6234898018587334
2016-08-14 23:00:00,381.1666666666667,5.166666666666667,23,6,8,-0.25881904510252157,0.9659258262890681,-0.7818314824680299,0.6234898018587334
2016-08-15 00:00:00,388.5,5.5,0,0,8,0.0,1.0,0.0,1.0
2016-08-15 01:00:00,414.5,5.216666666666667,1,0,8,0.25881904510252074,0.9659258262890683,0.0,1.0
2016-08-15 02:00:00,317.1666666666667,5.216666666666667,2,0,8,0.49999999999999994,0.8660254037844387,0.0,1.0
2016-08-15 03:00:00,184.83333333333334,4.283333333333333,3,0,8,0.7071067811865475,0.7071067811865476,0.0,1.0
2016-08-15 04:00:00,279.5,4.933333333333334,4,0,8,0.8660254037844386,0.5000000000000001,0.0,1.0
2016-08-15 05:00:00,186.66666666666666,4.566666666666666,5,0,8,0.9659258262890683,0.25881904510252074,0.0,1.0
2016-08-15 06:00:00,118.5,4.05,6,0,8,1.0,6.123233995736766e-17,0.0,1.0
2016-08-15 07:00:00,99.5,3.566666666666667,7,0,8,0.9659258262890683,-0.25881904510252063,0.0,1.0
2016-08-15 08:00:00,141.5,4.0,8,0,8,0.8660254037844387,-0.49999999999999983,0.0,1.0
2016-08-15 09:00:00,33.333333333333336,2.8166666666666664,9,0,8,0.7071067811865476,-0.7071067811865475,0.0,1.0
2016-08-15 10:00:00,-0.6666666666666666,2.1333333333333333,10,0,8,0.49999999999999994,-0.8660254037844387,0.0,1.0
2016-08-15 11:00:00,0.0,2.183333333333333,11,0,8,0.258819045102521,-0.9659258262890682,0.0,1.0
2016-08-15 12:00:00,22.166666666666668,2.8833333333333333,12,0,8,1.2246467991473532e-16,-1.0,0.0,1.0
2016-08-15 13:00:00,0.0,1.9666666666666668,13,0,8,-0.2588190451025208,-0.9659258262890683,0.0,1.0
2016-08-15 14:00:00,14.333333333333334,2.483333333333334,14,0,8,-0.4999999999999998,-0.8660254037844388,0.0,1.0
2016-08-15 15:00:00,23.666666666666668,2.5333333333333337,15,0,8,-0.7071067811865471,-0.7071067811865479,0.0,1.0
2016-08-15 16:00:00,47.333333333333336,3.1999999999999997,16,0,8,-0.8660254037844384,-0.5000000000000004,0.0,1.0
2016-08-15 17:00:00,76.66666666666667,3.5333333333333337,17,0,8,-0.9659258262890683,-0.25881904510252063,0.0,1.0
2016-08-15 18:00:00,131.66666666666666,4.0,18,0,8,-1.0,-1.8369701987210297e-16,0.0,1.0
2016-08-15 19:00:00,678.5,6.1499999999999995,19,0,8,-0.9659258262890684,0.2588190451025203,0.0,1.0
2016-08-15 20:00:00,430.1666666666667,5.633333333333333,20,0,8,-0.8660254037844386,0.5000000000000001,0.0,1.0
2016-08-15 21:00:00,1045.5,6.916666666666667,21,0,8,-0.7071067811865477,0.7071067811865474,0.0,1.0
2016-08-15 22:00:00,702.1666666666666,6.183333333333334,22,0,8,-0.5000000000000004,0.8660254037844384,0.0,1.0
2016-08-15 23:00:00,663.0,6.033333333333334,23,0,8,-0.25881904510252157,0.9659258262890681,0.0,1.0
2016-08-16 00:00:00,674.8333333333334,6.183333333333334,0,1,8,0.0,1.0,0.7818314824680298,0.6234898018587336
2016-08-16 01:00:00,639.0,6.133333333333333,1,1,8,0.25881904510252074,0.9659258262890683,0.7818314824680298,0.6234898018587336
2016-08-16 02:00:00,306.1666666666667,4.916666666666667,2,1,8,0.49999999999999994,0.8660254037844387,0.7818314824680298,0.6234898018587336
2016-08-16 03:00:00,270.1666666666667,4.6000000000000005,3,1,8,0.7071067811865475,0.7071067811865476,0.7818314824680298,0.6234898018587336
2016-08-16 04:00:00,363.6666666666667,5.116666666666666,4,1,8,0.8660254037844386,0.5000000000000001,0.7818314824680298,0.6234898018587336
2016-08-16 05:00:00,298.5,4.683333333333334,5,1,8,0.9659258262890683,0.25881904510252074,0.7818314824680298,0.6234898018587336
2016-08-16 06:00:00,284.8333333333333,4.8999999999999995,6,1,8,1.0,6.123233995736766e-17,0.7818314824680298,0.6234898018587336
2016-08-16 07:00:00,269.1666666666667,4.666666666666667,7,1,8,0.9659258262890683,-0.25881904510252063,0.7818314824680298,0.6234898018587336
2016-08-16 08:00:00,251.33333333333334,4.933333333333334,8,1,8,0.8660254037844387,-0.49999999999999983,0.7818314824680298,0.6234898018587336
2016-08-16 09:00:00,58.5,3.283333333333333,9,1,8,0.7071067811865476,-0.7071067811865475,0.7818314824680298,0.6234898018587336
2016-08-16 10:00:00,39.666666666666664,3.1,10,1,8,0.49999999999999994,-0.8660254037844387,0.7818314824680298,0.6234898018587336
2016-08-16 11:00:00,51.333333333333336,3.4,11,1,8,0.258819045102521,-0.9659258262890682,0.7818314824680298,0.6234898018587336
2016-08-16 12:00:00,43.666666666666664,3.1166666666666667,12,1,8,1.2246467991473532e-16,-1.0,0.7818314824680298,0.6234898018587336
2016-08-16 13:00:00,8.833333333333334,2.516666666666667,13,1,8,-0.2588190451025208,-0.9659258262890683,0.7818314824680298,0.6234898018587336
2016-08-16 14:00:00,-0.5,2.266666666666667,14,1,8,-0.4999999999999998,-0.8660254037844388,0.7818314824680298,0.6234898018587336
2016-08-16 15:00:00,37.333333333333336,3.016666666666667,15,1,8,-0.7071067811865471,-0.7071067811865479,0.7818314824680298,0.6234898018587336
2016-08-16 16:00:00,44.833333333333336,3.0500000000000003,16,1,8,-0.8660254037844384,-0.5000000000000004,0.7818314824680298,0.6234898018587336
2016-08-16 17:00:00,98.33333333333333,3.8666666666666667,17,1,8,-0.9659258262890683,-0.25881904510252063,0.7818314824680298,0.6234898018587336
2016-08-16 18:00:00,188.33333333333334,4.316666666666667,18,1,8,-1.0,-1.8369701987210297e-16,0.7818314824680298,0.6234898018587336
2016-08-16 19:00:00,438.0,4.983333333333333,19,1,8,-0.9659258262890684,0.2588190451025203,0.7818314824680298,0.6234898018587336
2016-08-16 20:00:00,527.6666666666666,5.783333333333332,20,1,8,-0.8660254037844386,0.5000000000000001,0.7818314824680298,0.6234898018587336
2016-08-16 21:00:00,1066.0,6.966666666666668,21,1,8,-0.7071067811865477,0.7071067811865474,0.7818314824680298,0.6234898018587336
2016-08-16 22:00:00,970.3333333333334,6.766666666666667,22,1,8,-0.5000000000000004,0.8660254037844384,0.7818314824680298,0.6234898018587336
2016-08-16 23:00:00,1175.0,7.416666666666667,23,1,8,-0.25881904510252157,0.9659258262890681,0.7818314824680298,0.6234898018587336
2016-08-17 00:00:00,434.6666666666667,5.333333333333333,0,2,8,0.0,1.0,0.9749279121818236,-0.22252093395631434
2016-08-17 01:00:00,358.0,5.133333333333333,1,2,8,0.25881904510252074,0.9659258262890683,0.9749279121818236,-0.22252093395631434
2016-08-17 02:00:00,390.6666666666667,4.983333333333333,2,2,8,0.49999999999999994,0.8660254037844387,0.9749279121818236,-0.22252093395631434
2016-08-17 03:00:00,399.5,5.3500000000000005,3,2,8,0.7071067811865475,0.7071067811865476,0.9749279121818236,-0.22252093395631434
2016-08-17 04:00:00,312.6666666666667,4.783333333333334,4,2,8,0.8660254037844386,0.5000000000000001,0.9749279121818236,-0.22252093395631434
2016-08-17 05:00:00,359.1666666666667,5.183333333333334,5,2,8,0.9659258262890683,0.25881904510252074,0.9749279121818236,-0.22252093395631434
2016-08-17 06:00:00,258.8333333333333,5.1000000000000005,6,2,8,1.0,6.123233995736766e-17,0.9749279121818236,-0.22252093395631434
2016-08-17 07:00:00,326.1666666666667,5.05,7,2,8,0.9659258262890683,-0.25881904510252063,0.9749279121818236,-0.22252093395631434
2016-08-17 08:00:00,281.3333333333333,4.616666666666667,8,2,8,0.8660254037844387,-0.49999999999999983,0.9749279121818236,-0.22252093395631434
2016-08-17 09:00:00,119.16666666666667,3.8666666666666667,9,2,8,0.7071067811865476,-0.7071067811865475,0.9749279121818236,-0.22252093395631434
2016-08-17 10:00:00,148.875,4.0625,10,2,8,0.49999999999999994,-0.8660254037844387,0.9749279121818236,-0.22252093395631434
2016-08-17 11:00:00,75.16666666666667,3.4333333333333336,11,2,8,0.258819045102521,-0.9659258262890682,0.9749279121818236,-0.22252093395631434
2016-08-17 12:00:00,40.5,2.983333333333333,12,2,8,1.2246467991473532e-16,-1.0,0.9749279121818236,-0.22252093395631434
2016-08-17 13:00:00,2.1666666666666665,2.1166666666666667,13,2,8,-0.2588190451025208,-0.9659258262890683,0.9749279121818236,-0.22252093395631434
2016-08-17 14:00:00,23.833333333333332,2.4333333333333336,14,2,8,-0.4999999999999998,-0.8660254037844388,0.9749279121818236,-0.22252093395631434
2016-08-17 15:00:00,12.5,2.583333333333333,15,2,8,-0.7071067811865471,-0.7071067811865479,0.9749279121818236,-0.22252093395631434
2016-08-17 16:00:00,-2.3333333333333335,1.7333333333333332,16,2,8,-0.8660254037844384,-0.5000000000000004,0.9749279121818236,-0.22252093395631434
2016-08-17 17:00:00,-2.8333333333333335,1.6833333333333336,17,2,8,-0.9659258262890683,-0.25881904510252063,0.9749279121818236,-0.22252093395631434
2016-08-17 18:00:00,-2.1666666666666665,1.5999999999999999,18,2,8,-1.0,-1.8369701987210297e-16,0.9749279121818236,-0.22252093395631434
2016-08-17 19:00:00,-1.5,1.6166666666666665,19,2,8,-0.9659258262890684,0.2588190451025203,0.9749279121818236,-0.22252093395631434
2016-08-17 20:00:00,20.5,2.516666666666666,20,2,8,-0.8660254037844386,0.5000000000000001,0.9749279121818236,-0.22252093395631434
2016-08-17 21:00:00,253.83333333333334,4.616666666666666,21,2,8,-0.7071067811865477,0.7071067811865474,0.9749279121818236,-0.22252093395631434
2016-08-17 22:00:00,10.833333333333334,2.816666666666667,22,2,8,-0.5000000000000004,0.8660254037844384,0.9749279121818236,-0.22252093395631434
2016-08-17 23:00:00,214.0,3.9666666666666663,23,2,8,-0.25881904510252157,0.9659258262890681,0.9749279121818236,-0.22252093395631434
2016-08-18 00:00:00,473.3333333333333,5.516666666666667,0,3,8,0.0,1.0,0.43388373911755823,-0.900968867902419
2016-08-18 01:00:00,548.6666666666666,5.8500000000000005,1,3,8,0.25881904510252074,0.9659258262890683,0.43388373911755823,-0.900968867902419
2016-08-18 02:00:00,206.16666666666666,4.483333333333333,2,3,8,0.49999999999999994,0.8660254037844387,0.43388373911755823,-0.900968867902419
2016-08-18 03:00:00,50.666666666666664,3.016666666666667,3,3,8,0.7071067811865475,0.7071067811865476,0.43388373911755823,-0.900968867902419
2016-08-18 04:00:00,32.333333333333336,2.8499999999999996,4,3,8,0.8660254037844386,0.5000000000000001,0.43388373911755823,-0.900968867902419
2016-08-18 05:00:00,19.666666666666668,2.3333333333333335,5,3,8,0.9659258262890683,0.25881904510252074,0.43388373911755823,-0.900968867902419
2016-08-18 06:00:00,23.166666666666668,2.2,6,3,8,1.0,6.123233995736766e-17,0.43388373911755823,-0.900968867902419
2016-08-18 07:00:00,23.166666666666668,2.4000000000000004,7,3,8,0.9659258262890683,-0.25881904510252063,0.43388373911755823,-0.900968867902419
2016-08-18 08:00:00,15.166666666666666,2.1999999999999997,8,3,8,0.8660254037844387,-0.49999999999999983,0.43388373911755823,-0.900968867902419
2016-08-18 09:00:00,-0.5,0.85,9,3,8,0.7071067811865476,-0.7071067811865475,0.43388373911755823,-0.900968867902419
2016-08-18 10:00:00,-1.0,0.5499999999999999,10,3,8,0.49999999999999994,-0.8660254037844387,0.43388373911755823,-0.900968867902419
2016-08-18 11:00:00,-1.8333333333333333,1.0333333333333334,11,3,8,0.258819045102521,-0.9659258262890682,0.43388373911755823,-0.900968867902419
2016-08-18 12:00:00,-2.0,1.6666666666666667,12,3,8,1.2246467991473532e-16,-1.0,0.43388373911755823,-0.900968867902419
2016-08-18 13:00:00,30.166666666666668,2.716666666666667,13,3,8,-0.2588190451025208,-0.9659258262890683,0.43388373911755823,-0.900968867902419
2016-08-18 14:00:00,53.166666666666664,3.3333333333333335,14,3,8,-0.4999999999999998,-0.8660254037844388,0.43388373911755823,-0.900968867902419
2016-08-18 15:00:00,91.0,3.5500000000000003,15,3,8,-0.7071067811865471,-0.7071067811865479,0.43388373911755823,-0.900968867902419
2016-08-18 16:00:00,122.0,3.9000000000000004,16,3,8,-0.8660254037844384,-0.5000000000000004,0.43388373911755823,-0.900968867902419
2016-08-18 17:00:00,180.5,4.366666666666666,17,3,8,-0.9659258262890683,-0.25881904510252063,0.43388373911755823,-0.900968867902419
2016-08-18 18:00:00,198.0,4.499999999999999,18,3,8,-1.0,-1.8369701987210297e-16,0.43388373911755823,-0.900968867902419
2016-08-18 19:00:00,192.83333333333334,4.45,19,3,8,-0.9659258262890684,0.2588190451025203,0.43388373911755823,-0.900968867902419
2016-08-18 20:00:00,284.1666666666667,4.816666666666666,20,3,8,-0.8660254037844386,0.5000000000000001,0.43388373911755823,-0.900968867902419
2016-08-18 21:00:00,201.66666666666666,4.433333333333333,21,3,8,-0.7071067811865477,0.7071067811865474,0.43388373911755823,-0.900968867902419
2016-08-18 22:00:00,137.66666666666666,3.8666666666666667,22,3,8,-0.5000000000000004,0.8660254037844384,0.43388373911755823,-0.900968867902419
2016-08-18 23:00:00,244.83333333333334,4.566666666666666,23,3,8,-0.25881904510252157,0.9659258262890681,0.43388373911755823,-0.900968867902419
2016-08-19 00:00:00,569.8333333333334,5.55,0,4,8,0.0,1.0,-0.433883739117558,-0.9009688679024191
2016-08-19 01:00:00,211.16666666666666,4.383333333333334,1,4,8,0.25881904510252074,0.9659258262890683,-0.433883739117558,-0.9009688679024191
2016-08-19 02:00:00,206.66666666666666,4.433333333333334,2,4,8,0.49999999999999994,0.8660254037844387,-0.433883739117558,-0.9009688679024191
2016-08-19 03:00:00,419.1666666666667,5.116666666666666,3,4,8,0.7071067811865475,0.7071067811865476,-0.433883739117558,-0.9009688679024191
2016-08-19 04:00:00,64.0,2.9499999999999997,4,4,8,0.8660254037844386,0.5000000000000001,-0.433883739117558,-0.9009688679024191
2016-08-19 05:00:00,26.166666666666668,2.3833333333333333,5,4,8,0.9659258262890683,0.25881904510252074,-0.433883739117558,-0.9009688679024191
2016-08-19 06:00:00,147.33333333333334,4.2,6,4,8,1.0,6.123233995736766e-17,-0.433883739117558,-0.9009688679024191
2016-08-19 07:00:00,64.83333333333333,2.966666666666667,7,4,8,0.9659258262890683,-0.25881904510252063,-0.433883739117558,-0.9009688679024191
2016-08-19 08:00:00,54.0,2.966666666666667,8,4,8,0.8660254037844387,-0.49999999999999983,-0.433883739117558,-0.9009688679024191
2016-08-19 09:00:00,24.833333333333332,2.65,9,4,8,0.7071067811865476,-0.7071067811865475,-0.433883739117558,-0.9009688679024191
2016-08-19 10:00:00,17.333333333333332,2.5833333333333335,10,4,8,0.49999999999999994,-0.8660254037844387,-0.433883739117558,-0.9009688679024191
2016-08-19 11:00:00,62.5,3.4500000000000006,11,4,8,0.258819045102521,-0.9659258262890682,-0.433883739117558,-0.9009688679024191
2016-08-19 12:00:00,100.66666666666667,3.8499999999999996,12,4,8,1.2246467991473532e-16,-1.0,-0.433883739117558,-0.9009688679024191
2016-08-19 13:00:00,102.66666666666667,3.766666666666667,13,4,8,-0.2588190451025208,-0.9659258262890683,-0.433883739117558,-0.9009688679024191
2016-08-19 14:00:00,255.66666666666666,4.833333333333333,14,4,8,-0.4999999999999998,-0.8660254037844388,-0.433883739117558,-0.9009688679024191
2016-08-19 15:00:00,286.3333333333333,4.883333333333334,15,4,8,-0.7071067811865471,-0.7071067811865479,-0.433883739117558,-0.9009688679024191
2016-08-19 16:00:00,195.16666666666666,4.6000000000000005,16,4,8,-0.8660254037844384,-0.5000000000000004,-0.433883739117558,-0.9009688679024191
2016-08-19 17:00:00,219.0,4.616666666666666,17,4,8,-0.9659258262890683,-0.25881904510252063,-0.433883739117558,-0.9009688679024191
2016-08-19 18:00:00,150.66666666666666,4.016666666666667,18,4,8,-1.0,-1.8369701987210297e-16,-0.433883739117558,-0.9009688679024191
2016-08-19 19:00:00,211.0,4.45,19,4,8,-0.9659258262890684,0.2588190451025203,-0.433883739117558,-0.9009688679024191
2016-08-19 20:00:00,194.33333333333334,4.433333333333334,20,4,8,-0.8660254037844386,0.5000000000000001,-0.433883739117558,-0.9009688679024191
2016-08-19 21:00:00,178.5,4.133333333333333,21,4,8,-0.7071067811865477,0.7071067811865474,-0.433883739117558,-0.9009688679024191
2016-08-19 22:00:00,29.0,2.65,22,4,8,-0.5000000000000004,0.8660254037844384,-0.433883739117558,-0.9009688679024191
2016-08-19 23:00:00,0.6666666666666666,1.6500000000000001,23,4,8,-0.25881904510252157,0.9659258262890681,-0.433883739117558,-0.9009688679024191
2016-08-20 00:00:00,24.666666666666668,2.6333333333333333,0,5,8,0.0,1.0,-0.9749279121818236,-0.2225209339563146
2016-08-20 01:00:00,272.3333333333333,4.6,1,5,8,0.25881904510252074,0.9659258262890683,-0.9749279121818236,-0.2225209339563146
2016-08-20 03:00:00,379.8333333333333,5.099999999999999,3,5,8,0.7071067811865475,0.7071067811865476,-0.9749279121818236,-0.2225209339563146
2016-08-20 04:00:00,173.33333333333334,3.8000000000000003,4,5,8,0.8660254037844386,0.5000000000000001,-0.9749279121818236,-0.2225209339563146
2016-08-20 05:00:00,137.16666666666666,3.9666666666666663,5,5,8,0.9659258262890683,0.25881904510252074,-0.9749279121818236,-0.2225209339563146
2016-08-20 06:00:00,290.3333333333333,4.816666666666667,6,5,8,1.0,6.123233995736766e-17,-0.9749279121818236,-0.2225209339563146
2016-08-20 07:00:00,327.1666666666667,5.05,7,5,8,0.9659258262890683,-0.25881904510252063,-0.9749279121818236,-0.2225209339563146
2016-08-20 08:00:00,424.8333333333333,5.216666666666667,8,5,8,0.8660254037844387,-0.49999999999999983,-0.9749279121818236,-0.2225209339563146
2016-08-20 09:00:00,174.33333333333334,3.983333333333333,9,5,8,0.7071067811865476,-0.7071067811865475,-0.9749279121818236,-0.2225209339563146
2016-08-20 10:00:00,232.33333333333334,4.383333333333334,10,5,8,0.49999999999999994,-0.8660254037844387,-0.9749279121818236,-0.2225209339563146
2016-08-20 11:00:00,309.0,4.916666666666667,11,5,8,0.258819045102521,-0.9659258262890682,-0.9749279121818236,-0.2225209339563146
2016-08-20 12:00:00,389.5,5.3999999999999995,12,5,8,1.2246467991473532e-16,-1.0,-0.9749279121818236,-0.2225209339563146
2016-08-20 13:00:00,712.8333333333334,6.166666666666668,13,5,8,-0.2588190451025208,-0.9659258262890683,-0.9749279121818236,-0.2225209339563146
2016-08-20 14:00:00,780.6666666666666,6.2,14,5,8,-0.4999999999999998,-0.8660254037844388,-0.9749279121818236,-0.2225209339563146
2016-08-20 15:00:00,1127.8333333333333,7.466666666666668,15,5,8,-0.7071067811865471,-0.7071067811865479,-0.9749279121818236,-0.2225209339563146
2016-08-20 16:00:00,848.0,6.483333333333333,16,5,8,-0.8660254037844384,-0.5000000000000004,-0.9749279121818236,-0.2225209339563146
2016-08-20 17:00:00,306.8333333333333,4.6000000000000005,17,5,8,-0.9659258262890683,-0.25881904510252063,-0.9749279121818236,-0.2225209339563146
2016-08-20 18:00:00,167.0,4.05,18,5,8,-1.0,-1.8369701987210297e-16,-0.9749279121818236,-0.2225209339563146
2016-08-20 19:00:00,224.83333333333334,4.583333333333333,19,5,8,-0.9659258262890684,0.2588190451025203,-0.9749279121818236,-0.2225209339563146
2016-08-20 20:00:00,131.5,3.733333333333333,20,5,8,-0.8660254037844386,0.5000000000000001,-0.9749279121818236,-0.2225209339563146
2016-08-20 21:00:00,213.16666666666666,4.6499999999999995,21,5,8,-0.7071067811865477,0.7071067811865474,-0.9749279121818236,-0.2225209339563146
2016-08-20 22:00:00,360.5,4.900000000000001,22,5,8,-0.5000000000000004,0.8660254037844384,-0.9749279121818236,-0.2225209339563146
2016-08-20 23:00:00,354.1666666666667,4.8999999999999995,23,5,8,-0.25881904510252157,0.9659258262890681,-0.9749279121818236,-0.2225209339563146
2016-08-21 00:00:00,527.6666666666666,5.516666666666667,0,6,8,0.0,1.0,-0.7818314824680299,0.6234898018587334
2016-08-21 01:00:00,342.0,5.000000000000001,1,6,8,0.25881904510252074,0.9659258262890683,-0.7818314824680299,0.6234898018587334
2016-08-21 02:00:00,634.6666666666666,5.783333333333334,2,6,8,0.49999999999999994,0.8660254037844387,-0.7818314824680299,0.6234898018587334
2016-08-21 03:00:00,614.5,5.883333333333333,3,6,8,0.7071067811865475,0.7071067811865476,-0.7818314824680299,0.6234898018587334
2016-08-21 04:00:00,549.1666666666666,5.6499999999999995,4,6,8,0.8660254037844386,0.5000000000000001,-0.7818314824680299,0.6234898018587334
2016-08-21 05:00:00,881.5,6.483333333333333,5,6,8,0.9659258262890683,0.25881904510252074,-0.7818314824680299,0.6234898018587334
2016-08-21 06:00:00,389.8333333333333,5.266666666666667,6,6,8,1.0,6.123233995736766e-17,-0.7818314824680299,0.6234898018587334
2016-08-21 07:00:00,317.0,5.0666666666666655,7,6,8,0.9659258262890683,-0.25881904510252063,-0.7818314824680299,0.6234898018587334
2016-08-21 08:00:00,206.16666666666666,4.6000000000000005,8,6,8,0.8660254037844387,-0.49999999999999983,-0.7818314824680299,0.6234898018587334
2016-08-21 09:00:00,148.0,4.116666666666666,9,6,8,0.7071067811865476,-0.7071067811865475,-0.7818314824680299,0.6234898018587334
2016-08-21 10:00:00,194.83333333333334,4.183333333333334,10,6,8,0.49999999999999994,-0.8660254037844387,-0.7818314824680299,0.6234898018587334
2016-08-21 11:00:00,767.5,6.3999999999999995,11,6,8,0.258819045102521,-0.9659258262890682,-0.7818314824680299,0.6234898018587334
2016-08-21 12:00:00,2107.1666666666665,10.350000000000001,12,6,8,1.2246467991473532e-16,-1.0,-0.7818314824680299,0.6234898018587334
2016-08-21 13:00:00,2259.8333333333335,11.083333333333334,13,6,8,-0.2588190451025208,-0.9659258262890683,-0.7818314824680299,0.6234898018587334
2016-08-21 14:00:00,2202.5,10.883333333333333,14,6,8,-0.4999999999999998,-0.8660254037844388,-0.7818314824680299,0.6234898018587334
2016-08-21 15:00:00,2148.0,10.516666666666667,15,6,8,-0.7071067811865471,-0.7071067811865479,-0.7818314824680299,0.6234898018587334
2016-08-21 16:00:00,2099.6666666666665,10.383333333333333,16,6,8,-0.8660254037844384,-0.5000000000000004,-0.7818314824680299,0.6234898018587334
2016-08-21 17:00:00,1028.0,7.349999999999999,17,6,8,-0.9659258262890683,-0.25881904510252063,-0.7818314824680299,0.6234898018587334
2016-08-21 18:00:00,2009.8333333333333,10.05,18,6,8,-1.0,-1.8369701987210297e-16,-0.7818314824680299,0.6234898018587334
2016-08-21 19:00:00,2156.3333333333335,11.133333333333333,19,6,8,-0.9659258262890684,0.2588190451025203,-0.7818314824680299,0.6234898018587334
2016-08-21 20:00:00,2638.6666666666665,12.633333333333333,20,6,8,-0.8660254037844386,0.5000000000000001,-0.7818314824680299,0.6234898018587334
2016-08-21 21:00:00,1723.0,10.049999999999999,21,6,8,-0.7071067811865477,0.7071067811865474,-0.7818314824680299,0.6234898018587334
2016-08-21 22:00:00,1299.6666666666667,8.033333333333333,22,6,8,-0.5000000000000004,0.8660254037844384,-0.7818314824680299,0.6234898018587334
2016-08-21 23:00:00,1103.5,6.983333333333333,23,6,8,-0.25881904510252157,0.9659258262890681,-0.7818314824680299,0.6234898018587334
2016-08-22 00:00:00,1043.6666666666667,7.016666666666667,0,0,8,0.0,1.0,0.0,1.0
2016-08-22 01:00:00,953.5,6.683333333333334,1,0,8,0.25881904510252074,0.9659258262890683,0.0,1.0
2016-08-22 02:00:00,786.3333333333334,6.216666666666668,2,0,8,0.49999999999999994,0.8660254037844387,0.0,1.0
2016-08-22 03:00:00,528.8333333333334,5.583333333333333,3,0,8,0.7071067811865475,0.7071067811865476,0.0,1.0
2016-08-22 04:00:00,547.5,5.6499999999999995,4,0,8,0.8660254037844386,0.5000000000000001,0.0,1.0
2016-08-22 05:00:00,366.5,5.3,5,0,8,0.9659258262890683,0.25881904510252074,0.0,1.0
2016-08-22 06:00:00,412.5,5.349999999999999,6,0,8,1.0,6.123233995736766e-17,0.0,1.0
2016-08-22 07:00:00,329.3333333333333,5.283333333333332,7,0,8,0.9659258262890683,-0.25881904510252063,0.0,1.0
2016-08-22 08:00:00,187.0,4.416666666666666,8,0,8,0.8660254037844387,-0.49999999999999983,0.0,1.0
2016-08-22 09:00:00,118.16666666666667,3.983333333333333,9,0,8,0.7071067811865476,-0.7071067811865475,0.0,1.0
2016-08-22 10:00:00,273.5,4.816666666666666,10,0,8,0.49999999999999994,-0.8660254037844387,0.0,1.0
2016-08-22 11:00:00,545.3333333333334,5.916666666666667,11,0,8,0.258819045102521,-0.9659258262890682,0.0,1.0
2016-08-22 12:00:00,720.6666666666666,6.166666666666667,12,0,8,1.2246467991473532e-16,-1.0,0.0,1.0
2016-08-22 13:00:00,775.6666666666666,6.466666666666666,13,0,8,-0.2588190451025208,-0.9659258262890683,0.0,1.0
2016-08-22 14:00:00,572.8333333333334,5.883333333333333,14,0,8,-0.4999999999999998,-0.8660254037844388,0.0,1.0
2016-08-22 15:00:00,523.6666666666666,5.849999999999999,15,0,8,-0.7071067811865471,-0.7071067811865479,0.0,1.0
2016-08-22 16:00:00,573.3333333333334,5.949999999999999,16,0,8,-0.8660254037844384,-0.5000000000000004,0.0,1.0
2016-08-22 17:00:00,606.8333333333334,6.1499999999999995,17,0,8,-0.9659258262890683,-0.25881904510252063,0.0,1.0
2016-08-22 18:00:00,403.6666666666667,5.3999999999999995,18,0,8,-1.0,-1.8369701987210297e-16,0.0,1.0
2016-08-22 19:00:00,169.66666666666666,4.25,19,0,8,-0.9659258262890684,0.2588190451025203,0.0,1.0
2016-08-22 20:00:00,129.16666666666666,3.983333333333333,20,0,8,-0.8660254037844386,0.5000000000000001,0.0,1.0
2016-08-22 21:00:00,87.66666666666667,3.65,21,0,8,-0.7071067811865477,0.7071067811865474,0.0,1.0
2016-08-22 22:00:00,78.16666666666667,3.516666666666666,22,0,8,-0.5000000000000004,0.8660254037844384,0.0,1.0
2016-08-22 23:00:00,102.83333333333333,3.783333333333333,23,0,8,-0.25881904510252157,0.9659258262890681,0.0,1.0
2016-08-23 00:00:00,183.16666666666666,4.283333333333333,0,1,8,0.0,1.0,0.7818314824680298,0.6234898018587336
2016-08-23 01:00:00,260.0,4.65,1,1,8,0.25881904510252074,0.9659258262890683,0.7818314824680298,0.6234898018587336
2016-08-23 02:00:00,274.5,5.0,2,1,8,0.49999999999999994,0.8660254037844387,0.7818314824680298,0.6234898018587336
2016-08-23 03:00:00,280.6666666666667,4.716666666666667,3,1,8,0.7071067811865475,0.7071067811865476,0.7818314824680298,0.6234898018587336
2016-08-23 04:00:00,140.33333333333334,4.033333333333332,4,1,8,0.8660254037844386,0.5000000000000001,0.7818314824680298,0.6234898018587336
2016-08-23 05:00:00,146.16666666666666,4.133333333333334,5,1,8,0.9659258262890683,0.25881904510252074,0.7818314824680298,0.6234898018587336
2016-08-23 06:00:00,24.666666666666668,2.466666666666667,6,1,8,1.0,6.123233995736766e-17,0.7818314824680298,0.6234898018587336
2016-08-23 07:00:00,5.0,2.3833333333333333,7,1,8,0.9659258262890683,-0.25881904510252063,0.7818314824680298,0.6234898018587336
2016-08-23 08:00:00,9.333333333333334,2.2333333333333334,8,1,8,0.8660254037844387,-0.49999999999999983,0.7818314824680298,0.6234898018587336
2016-08-23 09:00:00,-2.0,1.0333333333333334,9,1,8,0.7071067811865476,-0.7071067811865475,0.7818314824680298,0.6234898018587336
2016-08-23 10:00:00,-1.0,2.0833333333333335,10,1,8,0.49999999999999994,-0.8660254037844387,0.7818314824680298,0.6234898018587336
2016-08-23 11:00:00,4.166666666666667,2.4000000000000004,11,1,8,0.258819045102521,-0.9659258262890682,0.7818314824680298,0.6234898018587336
2016-08-23 12:00:00,-0.8333333333333334,2.1666666666666665,12,1,8,1.2246467991473532e-16,-1.0,0.7818314824680298,0.6234898018587336
2016-08-23 13:00:00,1.5,2.4,13,1,8,-0.2588190451025208,-0.9659258262890683,0.7818314824680298,0.6234898018587336
2016-08-23 14:00:00,-3.1666666666666665,1.866666666666667,14,1,8,-0.4999999999999998,-0.8660254037844388,0.7818314824680298,0.6234898018587336
2016-08-23 15:00:00,-2.3333333333333335,0.8999999999999999,15,1,8,-0.7071067811865471,-0.7071067811865479,0.7818314824680298,0.6234898018587336
2016-08-23 16:00:00,0.3333333333333333,1.9666666666666668,16,1,8,-0.8660254037844384,-0.5000000000000004,0.7818314824680298,0.6234898018587336
2016-08-23 17:00:00,-1.3333333333333333,1.7166666666666668,17,1,8,-0.9659258262890683,-0.25881904510252063,0.7818314824680298,0.6234898018587336
2016-08-23 18:00:00,-1.1666666666666667,1.6666666666666667,18,1,8,-1.0,-1.8369701987210297e-16,0.7818314824680298,0.6234898018587336
2016-08-23 19:00:00,-0.6666666666666666,1.5999999999999999,19,1,8,-0.9659258262890684,0.2588190451025203,0.7818314824680298,0.6234898018587336
2016-08-23 20:00:00,-1.1666666666666667,1.7666666666666668,20,1,8,-0.8660254037844386,0.5000000000000001,0.7818314824680298,0.6234898018587336
2016-08-23 21:00:00,43.833333333333336,2.75,21,1,8,-0.7071067811865477,0.7071067811865474,0.7818314824680298,0.6234898018587336
2016-08-23 22:00:00,137.66666666666666,3.716666666666667,22,1,8,-0.5000000000000004,0.8660254037844384,0.7818314824680298,0.6234898018587336
2016-08-23 23:00:00,237.66666666666666,4.416666666666667,23,1,8,-0.25881904510252157,0.9659258262890681,0.7818314824680298,0.6234898018587336
2016-08-24 00:00:00,176.0,4.25,0,2,8,0.0,1.0,0.9749279121818236,-0.22252093395631434
2016-08-24 01:00:00,120.16666666666667,3.8499999999999996,1,2,8,0.25881904510252074,0.9659258262890683,0.9749279121818236,-0.22252093395631434
2016-08-24 02:00:00,161.0,4.166666666666667,2,2,8,0.49999999999999994,0.8660254037844387,0.9749279121818236,-0.22252093395631434
2016-08-24 03:00:00,69.33333333333333,3.466666666666667,3,2,8,0.7071067811865475,0.7071067811865476,0.9749279121818236,-0.22252093395631434
2016-08-24 04:00:00,7.833333333333333,2.1333333333333333,4,2,8,0.8660254037844386,0.5000000000000001,0.9749279121818236,-0.22252093395631434
2016-08-24 05:00:00,15.833333333333334,2.1166666666666667,5,2,8,0.9659258262890683,0.25881904510252074,0.9749279121818236,-0.22252093395631434
2016-08-24 06:00:00,162.0,4.3,6,2,8,1.0,6.123233995736766e-17,0.9749279121818236,-0.22252093395631434
2016-08-24 07:00:00,395.1666666666667,5.566666666666666,7,2,8,0.9659258262890683,-0.25881904510252063,0.9749279121818236,-0.22252093395631434
2016-08-24 08:00:00,156.0,4.066666666666667,8,2,8,0.8660254037844387,-0.49999999999999983,0.9749279121818236,-0.22252093395631434
2016-08-24 09:00:00,42.166666666666664,2.983333333333333,9,2,8,0.7071067811865476,-0.7071067811865475,0.9749279121818236,-0.22252093395631434
2016-08-24 10:00:00,36.5,3.0666666666666664,10,2,8,0.49999999999999994,-0.8660254037844387,0.9749279121818236,-0.22252093395631434
2016-08-24 11:00:00,139.5,3.9333333333333336,11,2,8,0.258819045102521,-0.9659258262890682,0.9749279121818236,-0.22252093395631434
2016-08-24 12:00:00,428.3333333333333,5.383333333333334,12,2,8,1.2246467991473532e-16,-1.0,0.9749279121818236,-0.22252093395631434
2016-08-24 13:00:00,379.1666666666667,5.333333333333335,13,2,8,-0.2588190451025208,-0.9659258262890683,0.9749279121818236,-0.22252093395631434
2016-08-24 14:00:00,222.33333333333334,4.783333333333333,14,2,8,-0.4999999999999998,-0.8660254037844388,0.9749279121818236,-0.22252093395631434
2016-08-24 15:00:00,196.0,4.3999999999999995,15,2,8,-0.7071067811865471,-0.7071067811865479,0.9749279121818236,-0.22252093395631434
2016-08-24 16:00:00,208.5,4.583333333333333,16,2,8,-0.8660254037844384,-0.5000000000000004,0.9749279121818236,-0.22252093395631434
2016-08-24 17:00:00,259.6666666666667,4.766666666666667,17,2,8,-0.9659258262890683,-0.25881904510252063,0.9749279121818236,-0.22252093395631434
2016-08-24 18:00:00,273.0,4.933333333333333,18,2,8,-1.0,-1.8369701987210297e-16,0.9749279121818236,-0.22252093395631434
2016-08-24 19:00:00,344.1666666666667,5.1000000000000005,19,2,8,-0.9659258262890684,0.2588190451025203,0.9749279121818236,-0.22252093395631434
2016-08-24 20:00:00,476.5,5.650000000000001,20,2,8,-0.8660254037844386,0.5000000000000001,0.9749279121818236,-0.22252093395631434
2016-08-24 21:00:00,960.0,6.816666666666666,21,2,8,-0.7071067811865477,0.7071067811865474,0.9749279121818236,-0.22252093395631434
2016-08-24 22:00:00,1712.6666666666667,8.883333333333333,22,2,8,-0.5000000000000004,0.8660254037844384,0.9749279121818236,-0.22252093395631434
2016-08-24 23:00:00,1707.6666666666667,9.366666666666667,23,2,8,-0.25881904510252157,0.9659258262890681,0.9749279121818236,-0.22252093395631434
2016-08-25 00:00:00,1558.1666666666667,8.799999999999999,0,3,8,0.0,1.0,0.43388373911755823,-0.900968867902419
2016-08-25 01:00:00,1355.1666666666667,7.800000000000001,1,3,8,0.25881904510252074,0.9659258262890683,0.43388373911755823,-0.900968867902419
2016-08-25 02:00:00,1078.5,7.25,2,3,8,0.49999999999999994,0.8660254037844387,0.43388373911755823,-0.900968867902419
2016-08-25 03:00:00,818.1666666666666,6.583333333333333,3,3,8,0.7071067811865475,0.7071067811865476,0.43388373911755823,-0.900968867902419
2016-08-25 04:00:00,879.8333333333334,6.449999999999999,4,3,8,0.8660254037844386,0.5000000000000001,0.43388373911755823,-0.900968867902419
2016-08-25 05:00:00,1706.1666666666667,9.4,5,3,8,0.9659258262890683,0.25881904510252074,0.43388373911755823,-0.900968867902419
2016-08-25 06:00:00,1366.5,8.15,6,3,8,1.0,6.123233995736766e-17,0.43388373911755823,-0.900968867902419
2016-08-25 07:00:00,955.0,6.6000000000000005,7,3,8,0.9659258262890683,-0.25881904510252063,0.43388373911755823,-0.900968867902419
2016-08-25 08:00:00,893.5,6.783333333333334,8,3,8,0.8660254037844387,-0.49999999999999983,0.43388373911755823,-0.900968867902419
2016-08-25 09:00:00,117.5,4.0,9,3,8,0.7071067811865476,-0.7071067811865475,0.43388373911755823,-0.900968867902419
2016-08-25 10:00:00,504.3333333333333,5.6000000000000005,10,3,8,0.49999999999999994,-0.8660254037844387,0.43388373911755823,-0.900968867902419
2016-08-25 11:00:00,479.8333333333333,5.699999999999999,11,3,8,0.258819045102521,-0.9659258262890682,0.43388373911755823,-0.900968867902419
2016-08-25 12:00:00,565.0,5.8999999999999995,12,3,8,1.2246467991473532e-16,-1.0,0.43388373911755823,-0.900968867902419
2016-08-25 13:00:00,340.8333333333333,5.183333333333334,13,3,8,-0.2588190451025208,-0.9659258262890683,0.43388373911755823,-0.900968867902419
2016-08-25 14:00:00,130.83333333333334,4.1,14,3,8,-0.4999999999999998,-0.8660254037844388,0.43388373911755823,-0.900968867902419
2016-08-25 15:00:00,118.16666666666667,3.983333333333333,15,3,8,-0.7071067811865471,-0.7071067811865479,0.43388373911755823,-0.900968867902419
2016-08-25 16:00:00,150.66666666666666,4.183333333333333,16,3,8,-0.8660254037844384,-0.5000000000000004,0.43388373911755823,-0.900968867902419
2016-08-25 17:00:00,77.5,3.5333333333333337,17,3,8,-0.9659258262890683,-0.25881904510252063,0.43388373911755823,-0.900968867902419
2016-08-25 18:00:00,153.83333333333334,4.15,18,3,8,-1.0,-1.8369701987210297e-16,0.43388373911755823,-0.900968867902419
2016-08-25 19:00:00,223.66666666666666,4.166666666666666,19,3,8,-0.9659258262890684,0.2588190451025203,0.43388373911755823,-0.900968867902419
2016-08-25 20:00:00,865.1666666666666,6.3999999999999995,20,3,8,-0.8660254037844386,0.5000000000000001,0.43388373911755823,-0.900968867902419
2016-08-25 21:00:00,1238.3333333333333,7.216666666666668,21,3,8,-0.7071067811865477,0.7071067811865474,0.43388373911755823,-0.900968867902419
2016-08-25 22:00:00,1138.1666666666667,7.133333333333334,22,3,8,-0.5000000000000004,0.8660254037844384,0.43388373911755823,-0.900968867902419
2016-08-25 23:00:00,280.1666666666667,4.85,23,3,8,-0.25881904510252157,0.9659258262890681,0.43388373911755823,-0.900968867902419
2016-08-26 00:00:00,206.33333333333334,4.433333333333334,0,4,8,0.0,1.0,-0.433883739117558,-0.9009688679024191
2016-08-26 01:00:00,230.0,4.366666666666666,1,4,8,0.25881904510252074,0.9659258262890683,-0.433883739117558,-0.9009688679024191
2016-08-26 02:00:00,232.5,4.383333333333333,2,4,8,0.49999999999999994,0.8660254037844387,-0.433883739117558,-0.9009688679024191
2016-08-26 03:00:00,362.1666666666667,5.1499999999999995,3,4,8,0.7071067811865475,0.7071067811865476,-0.433883739117558,-0.9009688679024191
2016-08-26 04:00:00,372.3333333333333,5.116666666666666,4,4,8,0.8660254037844386,0.5000000000000001,-0.433883739117558,-0.9009688679024191
2016-08-26 05:00:00,672.3333333333334,6.216666666666666,5,4,8,0.9659258262890683,0.25881904510252074,-0.433883739117558,-0.9009688679024191
2016-08-26 06:00:00,590.5,5.7,6,4,8,1.0,6.123233995736766e-17,-0.433883739117558,-0.9009688679024191
2016-08-26 07:00:00,115.33333333333333,3.9,7,4,8,0.9659258262890683,-0.25881904510252063,-0.433883739117558,-0.9009688679024191
2016-08-26 08:00:00,90.83333333333333,3.3833333333333333,8,4,8,0.8660254037844387,-0.49999999999999983,-0.433883739117558,-0.9009688679024191
2016-08-26 09:00:00,50.333333333333336,3.1333333333333333,9,4,8,0.7071067811865476,-0.7071067811865475,-0.433883739117558,-0.9009688679024191
2016-08-26 10:00:00,4.666666666666667,1.8500000000000003,10,4,8,0.49999999999999994,-0.8660254037844387,-0.433883739117558,-0.9009688679024191
2016-08-26 11:00:00,-0.6666666666666666,2.066666666666667,11,4,8,0.258819045102521,-0.9659258262890682,-0.433883739117558,-0.9009688679024191
2016-08-26 12:00:00,-3.6666666666666665,1.7666666666666666,12,4,8,1.2246467991473532e-16,-1.0,-0.433883739117558,-0.9009688679024191
2016-08-26 13:00:00,-1.6666666666666667,1.3499999999999999,13,4,8,-0.2588190451025208,-0.9659258262890683,-0.433883739117558,-0.9009688679024191
2016-08-26 14:00:00,-2.3333333333333335,1.5333333333333334,14,4,8,-0.4999999999999998,-0.8660254037844388,-0.433883739117558,-0.9009688679024191
2016-08-26 15:00:00,-1.6666666666666667,1.1833333333333333,15,4,8,-0.7071067811865471,-0.7071067811865479,-0.433883739117558,-0.9009688679024191
2016-08-26 16:00:00,-1.5,0.9666666666666667,16,4,8,-0.8660254037844384,-0.5000000000000004,-0.433883739117558,-0.9009688679024191
2016-08-26 17:00:00,-1.8333333333333333,1.0833333333333333,17,4,8,-0.9659258262890683,-0.25881904510252063,-0.433883739117558,-0.9009688679024191
2016-08-26 18:00:00,-1.6666666666666667,1.2666666666666666,18,4,8,-1.0,-1.8369701987210297e-16,-0.433883739117558,-0.9009688679024191
2016-08-26 19:00:00,6.333333333333333,2.2333333333333334,19,4,8,-0.9659258262890684,0.2588190451025203,-0.433883739117558,-0.9009688679024191
2016-08-26 20:00:00,-2.1666666666666665,1.7,20,4,8,-0.8660254037844386,0.5000000000000001,-0.433883739117558,-0.9009688679024191
2016-08-26 21:00:00,-1.1666666666666667,0.5166666666666666,21,4,8,-0.7071067811865477,0.7071067811865474,-0.433883739117558,-0.9009688679024191
2016-08-26 22:00:00,-2.3333333333333335,1.3499999999999999,22,4,8,-0.5000000000000004,0.8660254037844384,-0.433883739117558,-0.9009688679024191
2016-08-26 23:00:00,-0.3333333333333333,1.4833333333333334,23,4,8,-0.25881904510252157,0.9659258262890681,-0.433883739117558,-0.9009688679024191
2016-08-27 00:00:00,5.666666666666667,2.0833333333333335,0,5,8,0.0,1.0,-0.9749279121818236,-0.2225209339563146
2016-08-27 01:00:00,0.16666666666666666,1.866666666666667,1,5,8,0.25881904510252074,0.9659258262890683,-0.9749279121818236,-0.2225209339563146
2016-08-27 02:00:00,3.6666666666666665,1.6833333333333333,2,5,8,0.49999999999999994,0.8660254037844387,-0.9749279121818236,-0.2225209339563146
2016-08-27 03:00:00,-2.3333333333333335,1.0,3,5,8,0.7071067811865475,0.7071067811865476,-0.9749279121818236,-0.2225209339563146
2016-08-27 04:00:00,-1.8333333333333333,1.1333333333333335,4,5,8,0.8660254037844386,0.5000000000000001,-0.9749279121818236,-0.2225209339563146
2016-08-27 05:00:00,-1.8333333333333333,1.7166666666666668,5,5,8,0.9659258262890683,0.25881904510252074,-0.9749279121818236,-0.2225209339563146
2016-08-27 06:00:00,18.166666666666668,2.5000000000000004,6,5,8,1.0,6.123233995736766e-17,-0.9749279121818236,-0.2225209339563146
2016-08-27 07:00:00,25.166666666666668,2.6666666666666665,7,5,8,0.9659258262890683,-0.25881904510252063,-0.9749279121818236,-0.2225209339563146
2016-08-27 08:00:00,40.166666666666664,3.0333333333333337,8,5,8,0.8660254037844387,-0.49999999999999983,-0.9749279121818236,-0.2225209339563146
2016-08-27 09:00:00,5.333333333333333,2.266666666666667,9,5,8,0.7071067811865476,-0.7071067811865475,-0.9749279121818236,-0.2225209339563146
2016-08-27 10:00:00,-2.5,1.5499999999999998,10,5,8,0.49999999999999994,-0.8660254037844387,-0.9749279121818236,-0.2225209339563146
2016-08-27 11:00:00,-1.1666666666666667,1.6833333333333333,11,5,8,0.258819045102521,-0.9659258262890682,-0.9749279121818236,-0.2225209339563146
2016-08-27 12:00:00,9.833333333333334,2.5833333333333335,12,5,8,1.2246467991473532e-16,-1.0,-0.9749279121818236,-0.2225209339563146
2016-08-27 13:00:00,34.333333333333336,3.033333333333333,13,5,8,-0.2588190451025208,-0.9659258262890683,-0.9749279121818236,-0.2225209339563146
2016-08-27 14:00:00,10.166666666666666,2.716666666666667,14,5,8,-0.4999999999999998,-0.8660254037844388,-0.9749279121818236,-0.2225209339563146
2016-08-27 15:00:00,-2.1666666666666665,2.1333333333333333,15,5,8,-0.7071067811865471,-0.7071067811865479,-0.9749279121818236,-0.2225209339563146
2016-08-27 16:00:00,-2.5,2.05,16,5,8,-0.8660254037844384,-0.5000000000000004,-0.9749279121818236,-0.2225209339563146
2016-08-27 17:00:00,-3.6666666666666665,2.5666666666666664,17,5,8,-0.9659258262890683,-0.25881904510252063,-0.9749279121818236,-0.2225209339563146
2016-08-27 18:00:00,-9.166666666666666,2.283333333333333,18,5,8,-1.0,-1.8369701987210297e-16,-0.9749279121818236,-0.2225209339563146
2016-08-27 19:00:00,51.166666666666664,3.35,19,5,8,-0.9659258262890684,0.2588190451025203,-0.9749279121818236,-0.2225209339563146
2016-08-27 20:00:00,246.16666666666666,4.566666666666667,20,5,8,-0.8660254037844386,0.5000000000000001,-0.9749279121818236,-0.2225209339563146
2016-08-27 21:00:00,405.0,5.25,21,5,8,-0.7071067811865477,0.7071067811865474,-0.9749279121818236,-0.2225209339563146
2016-08-27 22:00:00,421.8333333333333,5.233333333333333,22,5,8,-0.5000000000000004,0.8660254037844384,-0.9749279121818236,-0.2225209339563146
2016-08-27 23:00:00,540.0,5.716666666666668,23,5,8,-0.25881904510252157,0.9659258262890681,-0.9749279121818236,-0.2225209339563146
2016-08-28 00:00:00,385.1666666666667,5.233333333333333,0,6,8,0.0,1.0,-0.7818314824680299,0.6234898018587334
2016-08-28 01:00:00,217.16666666666666,4.499999999999999,1,6,8,0.25881904510252074,0.9659258262890683,-0.7818314824680299,0.6234898018587334
2016-08-28 02:00:00,230.5,4.583333333333333,2,6,8,0.49999999999999994,0.8660254037844387,-0.7818314824680299,0.6234898018587334
2016-08-28 03:00:00,93.16666666666667,3.6999999999999997,3,6,8,0.7071067811865475,0.7071067811865476,-0.7818314824680299,0.6234898018587334
2016-08-28 04:00:00,66.0,3.4499999999999997,4,6,8,0.8660254037844386,0.5000000000000001,-0.7818314824680299,0.6234898018587334
2016-08-28 05:00:00,29.666666666666668,2.75,5,6,8,0.9659258262890683,0.25881904510252074,-0.7818314824680299,0.6234898018587334
2016-08-28 06:00:00,25.0,2.5333333333333337,6,6,8,1.0,6.123233995736766e-17,-0.7818314824680299,0.6234898018587334
2016-08-28 07:00:00,49.166666666666664,3.0999999999999996,7,6,8,0.9659258262890683,-0.25881904510252063,-0.7818314824680299,0.6234898018587334
2016-08-28 08:00:00,194.33333333333334,4.5166666666666675,8,6,8,0.8660254037844387,-0.49999999999999983,-0.7818314824680299,0.6234898018587334
2016-08-28 09:00:00,522.6666666666666,5.633333333333334,9,6,8,0.7071067811865476,-0.7071067811865475,-0.7818314824680299,0.6234898018587334
2016-08-28 10:00:00,801.6666666666666,6.733333333333332,10,6,8,0.49999999999999994,-0.8660254037844387,-0.7818314824680299,0.6234898018587334
2016-08-28 11:00:00,364.1666666666667,5.25,11,6,8,0.258819045102521,-0.9659258262890682,-0.7818314824680299,0.6234898018587334
2016-08-28 12:00:00,1396.8333333333333,8.549999999999999,12,6,8,1.2246467991473532e-16,-1.0,-0.7818314824680299,0.6234898018587334
2016-08-28 13:00:00,938.5,7.199999999999999,13,6,8,-0.2588190451025208,-0.9659258262890683,-0.7818314824680299,0.6234898018587334
2016-08-28 14:00:00,520.8333333333334,5.916666666666667,14,6,8,-0.4999999999999998,-0.8660254037844388,-0.7818314824680299,0.6234898018587334
2016-08-28 15:00:00,478.0,5.766666666666667,15,6,8,-0.7071067811865471,-0.7071067811865479,-0.7818314824680299,0.6234898018587334
2016-08-28 16:00:00,768.0,6.55,16,6,8,-0.8660254037844384,-0.5000000000000004,-0.7818314824680299,0.6234898018587334
2016-08-28 17:00:00,918.5,7.2,17,6,8,-0.9659258262890683,-0.25881904510252063,-0.7818314824680299,0.6234898018587334
2016-08-28 18:00:00,2110.5,10.600000000000001,18,6,8,-1.0,-1.8369701987210297e-16,-0.7818314824680299,0.6234898018587334
2016-08-28 19:00:00,1316.8333333333333,8.116666666666665,19,6,8,-0.9659258262890684,0.2588190451025203,-0.7818314824680299,0.6234898018587334
2016-08-28 20:00:00,800.1666666666666,6.366666666666666,20,6,8,-0.8660254037844386,0.5000000000000001,-0.7818314824680299,0.6234898018587334
2016-08-28 21:00:00,1232.3333333333333,8.133333333333335,21,6,8,-0.7071067811865477,0.7071067811865474,-0.7818314824680299,0.6234898018587334
2016-08-28 22:00:00,373.3333333333333,5.283333333333334,22,6,8,-0.5000000000000004,0.8660254037844384,-0.7818314824680299,0.6234898018587334
2016-08-28 23:00:00,1235.0,7.75,23,6,8,-0.25881904510252157,0.9659258262890681,-0.7818314824680299,0.6234898018587334
2016-08-29 00:00:00,2457.0,11.925,0,0,8,0.0,1.0,0.0,1.0
2016-08-29 01:00:00,600.0,6.075000000000001,1,0,8,0.25881904510252074,0.9659258262890683,0.0,1.0
2016-08-29 02:00:00,387.0,5.433333333333334,2,0,8,0.49999999999999994,0.8660254037844387,0.0,1.0
2016-08-29 03:00:00,287.1666666666667,4.766666666666667,3,0,8,0.7071067811865475,0.7071067811865476,0.0,1.0
2016-08-29 04:00:00,313.3333333333333,5.1000000000000005,4,0,8,0.8660254037844386,0.5000000000000001,0.0,1.0
2016-08-29 05:00:00,83.5,3.5999999999999996,5,0,8,0.9659258262890683,0.25881904510252074,0.0,1.0
2016-08-29 06:00:00,177.33333333333334,4.566666666666666,6,0,8,1.0,6.123233995736766e-17,0.0,1.0
2016-08-29 07:00:00,109.66666666666667,3.8333333333333335,7,0,8,0.9659258262890683,-0.25881904510252063,0.0,1.0
2016-08-29 08:00:00,50.0,3.1666666666666665,8,0,8,0.8660254037844387,-0.49999999999999983,0.0,1.0
2016-08-29 09:00:00,165.66666666666666,4.3,9,0,8,0.7071067811865476,-0.7071067811865475,0.0,1.0
2016-08-29 10:00:00,175.5,4.333333333333334,10,0,8,0.49999999999999994,-0.8660254037844387,0.0,1.0
2016-08-29 11:00:00,144.5,4.266666666666667,11,0,8,0.258819045102521,-0.9659258262890682,0.0,1.0
2016-08-29 12:00:00,394.5,5.333333333333333,12,0,8,1.2246467991473532e-16,-1.0,0.0,1.0
2016-08-29 13:00:00,751.6666666666666,6.566666666666667,13,0,8,-0.2588190451025208,-0.9659258262890683,0.0,1.0
2016-08-29 14:00:00,626.1666666666666,6.1499999999999995,14,0,8,-0.4999999999999998,-0.8660254037844388,0.0,1.0
2016-08-29 15:00:00,342.5,5.283333333333333,15,0,8,-0.7071067811865471,-0.7071067811865479,0.0,1.0
2016-08-29 16:00:00,505.6666666666667,5.616666666666667,16,0,8,-0.8660254037844384,-0.5000000000000004,0.0,1.0
2016-08-29 17:00:00,861.5,6.766666666666667,17,0,8,-0.9659258262890683,-0.25881904510252063,0.0,1.0
2016-08-29 18:00:00,491.6666666666667,5.666666666666667,18,0,8,-1.0,-1.8369701987210297e-16,0.0,1.0
2016-08-29 19:00:00,402.1666666666667,5.583333333333333,19,0,8,-0.9659258262890684,0.2588190451025203,0.0,1.0
2016-08-29 20:00:00,682.8333333333334,6.033333333333334,20,0,8,-0.8660254037844386,0.5000000000000001,0.0,1.0
2016-08-29 21:00:00,562.8333333333334,5.633333333333334,21,0,8,-0.7071067811865477,0.7071067811865474,0.0,1.0
2016-08-29 22:00:00,229.5,4.816666666666666,22,0,8,-0.5000000000000004,0.8660254037844384,0.0,1.0
2016-08-29 23:00:00,197.83333333333334,4.433333333333333,23,0,8,-0.25881904510252157,0.9659258262890681,0.0,1.0
2016-08-30 00:00:00,375.1666666666667,5.266666666666667,0,1,8,0.0,1.0,0.7818314824680298,0.6234898018587336
2016-08-30 01:00:00,466.5,5.3,1,1,8,0.25881904510252074,0.9659258262890683,0.7818314824680298,0.6234898018587336
2016-08-30 02:00:00,205.66666666666666,4.1499999999999995,2,1,8,0.49999999999999994,0.8660254037844387,0.7818314824680298,0.6234898018587336
2016-08-30 03:00:00,307.0,5.0,3,1,8,0.7071067811865475,0.7071067811865476,0.7818314824680298,0.6234898018587336
2016-08-30 04:00:00,315.6666666666667,4.6000000000000005,4,1,8,0.8660254037844386,0.5000000000000001,0.7818314824680298,0.6234898018587336
2016-08-30 05:00:00,433.5,5.133333333333333,5,1,8,0.9659258262890683,0.25881904510252074,0.7818314824680298,0.6234898018587336
2016-08-30 06:00:00,250.66666666666666,4.516666666666667,6,1,8,1.0,6.123233995736766e-17,0.7818314824680298,0.6234898018587336
2016-08-30 07:00:00,218.83333333333334,4.566666666666666,7,1,8,0.9659258262890683,-0.25881904510252063,0.7818314824680298,0.6234898018587336
2016-08-30 08:00:00,376.6666666666667,5.516666666666666,8,1,8,0.8660254037844387,-0.49999999999999983,0.7818314824680298,0.6234898018587336
2016-08-30 09:00:00,241.0,4.783333333333334,9,1,8,0.7071067811865476,-0.7071067811865475,0.7818314824680298,0.6234898018587336
2016-08-30 10:00:00,170.0,4.416666666666667,10,1,8,0.49999999999999994,-0.8660254037844387,0.7818314824680298,0.6234898018587336
2016-08-30 11:00:00,138.33333333333334,4.1000000000000005,11,1,8,0.258819045102521,-0.9659258262890682,0.7818314824680298,0.6234898018587336
2016-08-30 12:00:00,150.0,4.233333333333333,12,1,8,1.2246467991473532e-16,-1.0,0.7818314824680298,0.6234898018587336
2016-08-30 13:00:00,127.66666666666667,3.9,13,1,8,-0.2588190451025208,-0.9659258262890683,0.7818314824680298,0.6234898018587336
2016-08-30 14:00:00,110.0,3.9166666666666665,14,1,8,-0.4999999999999998,-0.8660254037844388,0.7818314824680298,0.6234898018587336
2016-08-30 15:00:00,74.0,3.516666666666667,15,1,8,-0.7071067811865471,-0.7071067811865479,0.7818314824680298,0.6234898018587336
2016-08-30 16:00:00,91.5,3.7166666666666663,16,1,8,-0.8660254037844384,-0.5000000000000004,0.7818314824680298,0.6234898018587336
2016-08-30 17:00:00,30.5,2.766666666666666,17,1,8,-0.9659258262890683,-0.25881904510252063,0.7818314824680298,0.6234898018587336
2016-08-30 18:00:00,95.16666666666667,3.7500000000000004,18,1,8,-1.0,-1.8369701987210297e-16,0.7818314824680298,0.6234898018587336
2016-08-30 19:00:00,212.0,4.333333333333333,19,1,8,-0.9659258262890684,0.2588190451025203,0.7818314824680298,0.6234898018587336
2016-08-30 20:00:00,480.3333333333333,5.333333333333333,20,1,8,-0.8660254037844386,0.5000000000000001,0.7818314824680298,0.6234898018587336
2016-08-30 21:00:00,543.8333333333334,6.666666666666667,21,1,8,-0.7071067811865477,0.7071067811865474,0.7818314824680298,0.6234898018587336
2016-08-30 22:00:00,1170.0,7.75,22,1,8,-0.5000000000000004,0.8660254037844384,0.7818314824680298,0.6234898018587336
2016-08-30 23:00:00,1339.5,8.066666666666666,23,1,8,-0.25881904510252157,0.9659258262890681,0.7818314824680298,0.6234898018587336
2016-08-31 00:00:00,1810.1666666666667,8.799999999999999,0,2,8,0.0,1.0,0.9749279121818236,-0.22252093395631434
2016-08-31 01:00:00,281.0,6.25,1,2,8,0.25881904510252074,0.9659258262890683,0.9749279121818236,-0.22252093395631434
2016-08-31 02:00:00,530.1666666666666,5.933333333333334,2,2,8,0.49999999999999994,0.8660254037844387,0.9749279121818236,-0.22252093395631434
2016-08-31 03:00:00,482.5,5.566666666666666,3,2,8,0.7071067811865475,0.7071067811865476,0.9749279121818236,-0.22252093395631434
2016-08-31 04:00:00,460.5,5.366666666666666,4,2,8,0.8660254037844386,0.5000000000000001,0.9749279121818236,-0.22252093395631434
2016-08-31 05:00:00,188.83333333333334,4.333333333333333,5,2,8,0.9659258262890683,0.25881904510252074,0.9749279121818236,-0.22252093395631434
2016-08-31 06:00:00,111.33333333333333,3.6833333333333336,6,2,8,1.0,6.123233995736766e-17,0.9749279121818236,-0.22252093395631434
2016-08-31 07:00:00,65.5,3.2166666666666663,7,2,8,0.9659258262890683,-0.25881904510252063,0.9749279121818236,-0.22252093395631434
2016-08-31 08:00:00,40.666666666666664,2.8000000000000003,8,2,8,0.8660254037844387,-0.49999999999999983,0.9749279121818236,-0.22252093395631434
2016-08-31 09:00:00,38.666666666666664,2.8000000000000003,9,2,8,0.7071067811865476,-0.7071067811865475,0.9749279121818236,-0.22252093395631434
2016-08-31 10:00:00,12.666666666666666,2.6666666666666665,10,2,8,0.49999999999999994,-0.8660254037844387,0.9749279121818236,-0.22252093395631434
2016-08-31 11:00:00,19.833333333333332,2.65,11,2,8,0.258819045102521,-0.9659258262890682,0.9749279121818236,-0.22252093395631434
2016-08-31 12:00:00,2.3333333333333335,2.2333333333333334,12,2,8,1.2246467991473532e-16,-1.0,0.9749279121818236,-0.22252093395631434
2016-08-31 13:00:00,17.0,2.6166666666666667,13,2,8,-0.2588190451025208,-0.9659258262890683,0.9749279121818236,-0.22252093395631434
2016-08-31 14:00:00,10.0,2.6833333333333336,14,2,8,-0.4999999999999998,-0.8660254037844388,0.9749279121818236,-0.22252093395631434
2016-08-31 15:00:00,11.166666666666666,2.15,15,2,8,-0.7071067811865471,-0.7071067811865479,0.9749279121818236,-0.22252093395631434
2016-08-31 16:00:00,-3.6666666666666665,1.7166666666666668,16,2,8,-0.8660254037844384,-0.5000000000000004,0.9749279121818236,-0.22252093395631434
2016-08-31 17:00:00,-2.1666666666666665,1.2833333333333332,17,2,8,-0.9659258262890683,-0.25881904510252063,0.9749279121818236,-0.22252093395631434
2016-08-31 18:00:00,-1.1666666666666667,1.4166666666666667,18,2,8,-1.0,-1.8369701987210297e-16,0.9749279121818236,-0.22252093395631434
2016-08-31 19:00:00,-1.1666666666666667,1.6000000000000003,19,2,8,-0.9659258262890684,0.2588190451025203,0.9749279121818236,-0.22252093395631434
2016-08-31 20:00:00,34.5,3.016666666666667,20,2,8,-0.8660254037844386,0.5000000000000001,0.9749279121818236,-0.22252093395631434
2016-08-31 21:00:00,104.33333333333333,3.466666666666667,21,2,8,-0.7071067811865477,0.7071067811865474,0.9749279121818236,-0.22252093395631434
2016-08-31 22:00:00,50.166666666666664,2.8000000000000003,22,2,8,-0.5000000000000004,0.8660254037844384,0.9749279121818236,-0.22252093395631434
2016-08-31 23:00:00,7.833333333333333,2.0833333333333335,23,2,8,-0.25881904510252157,0.9659258262890681,0.9749279121818236,-0.22252093395631434
2016-09-01 00:00:00,-6.166666666666667,1.2000000000000002,0,3,9,0.0,1.0,0.43388373911755823,-0.900968867902419
2016-09-01 01:00:00,-2.1666666666666665,1.25,1,3,9,0.25881904510252074,0.9659258262890683,0.43388373911755823,-0.900968867902419
2016-09-01 02:00:00,-1.8333333333333333,1.55,2,3,9,0.49999999999999994,0.8660254037844387,0.43388373911755823,-0.900968867902419
2016-09-01 03:00:00,-1.3333333333333333,0.9833333333333334,3,3,9,0.7071067811865475,0.7071067811865476,0.43388373911755823,-0.900968867902419
2016-09-01 04:00:00,-1.1666666666666667,0.65,4,3,9,0.8660254037844386,0.5000000000000001,0.43388373911755823,-0.900968867902419
2016-09-01 05:00:00,-1.8333333333333333,0.8500000000000001,5,3,9,0.9659258262890683,0.25881904510252074,0.43388373911755823,-0.900968867902419
2016-09-01 06:00:00,-1.3333333333333333,1.1833333333333333,6,3,9,1.0,6.123233995736766e-17,0.43388373911755823,-0.900968867902419
2016-09-01 07:00:00,-2.1666666666666665,0.5666666666666667,7,3,9,0.9659258262890683,-0.25881904510252063,0.43388373911755823,-0.900968867902419
2016-09-01 08:00:00,-3.5,0.8999999999999999,8,3,9,0.8660254037844387,-0.49999999999999983,0.43388373911755823,-0.900968867902419
2016-09-01 09:00:00,-1.5,0.75,9,3,9,0.7071067811865476,-0.7071067811865475,0.43388373911755823,-0.900968867902419
2016-09-01 10:00:00,-1.8333333333333333,1.3166666666666667,10,3,9,0.49999999999999994,-0.8660254037844387,0.43388373911755823,-0.900968867902419
2016-09-01 11:00:00,2.5,2.1166666666666667,11,3,9,0.258819045102521,-0.9659258262890682,0.43388373911755823,-0.900968867902419
2016-09-01 12:00:00,17.333333333333332,2.5000000000000004,12,3,9,1.2246467991473532e-16,-1.0,0.43388373911755823,-0.900968867902419
2016-09-01 13:00:00,328.0,5.133333333333334,13,3,9,-0.2588190451025208,-0.9659258262890683,0.43388373911755823,-0.900968867902419
2016-09-01 14:00:00,332.1666666666667,5.066666666666666,14,3,9,-0.4999999999999998,-0.8660254037844388,0.43388373911755823,-0.900968867902419
2016-09-01 15:00:00,253.16666666666666,4.866666666666666,15,3,9,-0.7071067811865471,-0.7071067811865479,0.43388373911755823,-0.900968867902419
2016-09-01 16:00:00,416.1666666666667,5.3500000000000005,16,3,9,-0.8660254037844384,-0.5000000000000004,0.43388373911755823,-0.900968867902419
2016-09-01 17:00:00,306.3333333333333,4.933333333333334,17,3,9,-0.9659258262890683,-0.25881904510252063,0.43388373911755823,-0.900968867902419
2016-09-01 18:00:00,-2.1666666666666665,3.0999999999999996,18,3,9,-1.0,-1.8369701987210297e-16,0.43388373911755823,-0.900968867902419
2016-09-01 19:00:00,-2.0,3.3166666666666664,19,3,9,-0.9659258262890684,0.2588190451025203,0.43388373911755823,-0.900968867902419
2016-09-01 20:00:00,-1.8333333333333333,2.25,20,3,9,-0.8660254037844386,0.5000000000000001,0.43388373911755823,-0.900968867902419
2016-09-01 21:00:00,-1.1666666666666667,1.1666666666666667,21,3,9,-0.7071067811865477,0.7071067811865474,0.43388373911755823,-0.900968867902419
2016-09-01 22:00:00,-1.0,0.3,22,3,9,-0.5000000000000004,0.8660254037844384,0.43388373911755823,-0.900968867902419
2016-09-01 23:00:00,-1.5,0.9333333333333335,23,3,9,-0.25881904510252157,0.9659258262890681,0.43388373911755823,-0.900968867902419
2016-09-02 00:00:00,-2.1666666666666665,1.5,0,4,9,0.0,1.0,-0.433883739117558,-0.9009688679024191
2016-09-02 01:00:00,-1.6666666666666667,1.3666666666666665,1,4,9,0.25881904510252074,0.9659258262890683,-0.433883739117558,-0.9009688679024191
2016-09-02 02:00:00,-1.1666666666666667,0.9333333333333335,2,4,9,0.49999999999999994,0.8660254037844387,-0.433883739117558,-0.9009688679024191
2016-09-02 03:00:00,-1.3333333333333333,1.9666666666666668,3,4,9,0.7071067811865475,0.7071067811865476,-0.433883739117558,-0.9009688679024191
2016-09-02 04:00:00,-2.3333333333333335,2.3000000000000003,4,4,9,0.8660254037844386,0.5000000000000001,-0.433883739117558,-0.9009688679024191
2016-09-02 05:00:00,-1.3333333333333333,2.0333333333333337,5,4,9,0.9659258262890683,0.25881904510252074,-0.433883739117558,-0.9009688679024191
2016-09-02 06:00:00,-1.5,1.5333333333333332,6,4,9,1.0,6.123233995736766e-17,-0.433883739117558,-0.9009688679024191
2016-09-02 07:00:00,-2.1666666666666665,1.7,7,4,9,0.9659258262890683,-0.25881904510252063,-0.433883739117558,-0.9009688679024191
2016-09-02 08:00:00,-3.5,1.6500000000000001,8,4,9,0.8660254037844387,-0.49999999999999983,-0.433883739117558,-0.9009688679024191
2016-09-02 09:00:00,-2.1666666666666665,0.3333333333333333,9,4,9,0.7071067811865476,-0.7071067811865475,-0.433883739117558,-0.9009688679024191
2016-09-02 10:00:00,-2.1666666666666665,0.65,10,4,9,0.49999999999999994,-0.8660254037844387,-0.433883739117558,-0.9009688679024191
2016-09-02 11:00:00,-2.0,1.0333333333333332,11,4,9,0.258819045102521,-0.9659258262890682,-0.433883739117558,-0.9009688679024191
2016-09-02 12:00:00,-1.8333333333333333,1.5,12,4,9,1.2246467991473532e-16,-1.0,-0.433883739117558,-0.9009688679024191
2016-09-02 13:00:00,-2.5,2.216666666666667,13,4,9,-0.2588190451025208,-0.9659258262890683,-0.433883739117558,-0.9009688679024191
2016-09-02 14:00:00,-4.166666666666667,1.9833333333333336,14,4,9,-0.4999999999999998,-0.8660254037844388,-0.433883739117558,-0.9009688679024191
2016-09-02 15:00:00,94.66666666666667,3.766666666666666,15,4,9,-0.7071067811865471,-0.7071067811865479,-0.433883739117558,-0.9009688679024191
2016-09-02 16:00:00,45.5,3.0666666666666664,16,4,9,-0.8660254037844384,-0.5000000000000004,-0.433883739117558,-0.9009688679024191
2016-09-02 17:00:00,28.666666666666668,2.8000000000000003,17,4,9,-0.9659258262890683,-0.25881904510252063,-0.433883739117558,-0.9009688679024191
2016-09-02 18:00:00,57.166666666666664,3.033333333333333,18,4,9,-1.0,-1.8369701987210297e-16,-0.433883739117558,-0.9009688679024191
2016-09-02 19:00:00,46.166666666666664,2.6666666666666665,19,4,9,-0.9659258262890684,0.2588190451025203,-0.433883739117558,-0.9009688679024191
2016-09-02 20:00:00,374.5,5.066666666666667,20,4,9,-0.8660254037844386,0.5000000000000001,-0.433883739117558,-0.9009688679024191
2016-09-02 21:00:00,90.33333333333333,3.5,21,4,9,-0.7071067811865477,0.7071067811865474,-0.433883739117558,-0.9009688679024191
2016-09-02 22:00:00,51.0,3.016666666666666,22,4,9,-0.5000000000000004,0.8660254037844384,-0.433883739117558,-0.9009688679024191
2016-09-02 23:00:00,26.5,2.716666666666667,23,4,9,-0.25881904510252157,0.9659258262890681,-0.433883739117558,-0.9009688679024191
2016-09-03 00:00:00,10.666666666666666,2.4166666666666665,0,5,9,0.0,1.0,-0.9749279121818236,-0.2225209339563146
2016-09-03 01:00:00,67.0,3.25,1,5,9,0.25881904510252074,0.9659258262890683,-0.9749279121818236,-0.2225209339563146
2016-09-03 02:00:00,274.1666666666667,4.483333333333333,2,5,9,0.49999999999999994,0.8660254037844387,-0.9749279121818236,-0.2225209339563146
2016-09-03 03:00:00,193.83333333333334,4.066666666666666,3,5,9,0.7071067811865475,0.7071067811865476,-0.9749279121818236,-0.2225209339563146
2016-09-03 04:00:00,29.5,2.683333333333333,4,5,9,0.8660254037844386,0.5000000000000001,-0.9749279121818236,-0.2225209339563146
2016-09-03 05:00:00,32.666666666666664,2.6833333333333336,5,5,9,0.9659258262890683,0.25881904510252074,-0.9749279121818236,-0.2225209339563146
2016-09-03 06:00:00,132.5,3.6833333333333336,6,5,9,1.0,6.123233995736766e-17,-0.9749279121818236,-0.2225209339563146
2016-09-03 07:00:00,88.83333333333333,3.6,7,5,9,0.9659258262890683,-0.25881904510252063,-0.9749279121818236,-0.2225209339563146
2016-09-03 08:00:00,58.833333333333336,3.1666666666666665,8,5,9,0.8660254037844387,-0.49999999999999983,-0.9749279121818236,-0.2225209339563146
2016-09-03 09:00:00,69.83333333333333,3.316666666666667,9,5,9,0.7071067811865476,-0.7071067811865475,-0.9749279121818236,-0.2225209339563146
2016-09-03 10:00:00,1.3333333333333333,1.8166666666666664,10,5,9,0.49999999999999994,-0.8660254037844387,-0.9749279121818236,-0.2225209339563146
2016-09-03 11:00:00,2.6666666666666665,1.6833333333333336,11,5,9,0.258819045102521,-0.9659258262890682,-0.9749279121818236,-0.2225209339563146
2016-09-03 12:00:00,79.66666666666667,3.4333333333333336,12,5,9,1.2246467991473532e-16,-1.0,-0.9749279121818236,-0.2225209339563146
2016-09-03 13:00:00,126.33333333333333,3.783333333333333,13,5,9,-0.2588190451025208,-0.9659258262890683,-0.9749279121818236,-0.2225209339563146
2016-09-03 14:00:00,299.5,5.016666666666667,14,5,9,-0.4999999999999998,-0.8660254037844388,-0.9749279121818236,-0.2225209339563146
2016-09-03 15:00:00,399.1666666666667,5.283333333333334,15,5,9,-0.7071067811865471,-0.7071067811865479,-0.9749279121818236,-0.2225209339563146
2016-09-03 16:00:00,317.0,5.116666666666666,16,5,9,-0.8660254037844384,-0.5000000000000004,-0.9749279121818236,-0.2225209339563146
2016-09-03 17:00:00,188.33333333333334,4.4,17,5,9,-0.9659258262890683,-0.25881904510252063,-0.9749279121818236,-0.2225209339563146
2016-09-03 18:00:00,34.5,2.8666666666666667,18,5,9,-1.0,-1.8369701987210297e-16,-0.9749279121818236,-0.2225209339563146
2016-09-03 19:00:00,49.5,2.9500000000000006,19,5,9,-0.9659258262890684,0.2588190451025203,-0.9749279121818236,-0.2225209339563146
2016-09-03 20:00:00,475.0,5.183333333333334,20,5,9,-0.8660254037844386,0.5000000000000001,-0.9749279121818236,-0.2225209339563146
2016-09-03 21:00:00,1054.6666666666667,6.900000000000001,21,5,9,-0.7071067811865477,0.7071067811865474,-0.9749279121818236,-0.2225209339563146
2016-09-03 22:00:00,1779.1666666666667,9.116666666666665,22,5,9,-0.5000000000000004,0.8660254037844384,-0.9749279121818236,-0.2225209339563146
2016-09-03 23:00:00,2265.5,10.533333333333333,23,5,9,-0.25881904510252157,0.9659258262890681,-0.9749279121818236,-0.2225209339563146
2016-09-04 00:00:00,2772.3333333333335,12.75,0,6,9,0.0,1.0,-0.7818314824680299,0.6234898018587334
2016-09-04 01:00:00,2851.6666666666665,12.800000000000002,1,6,9,0.25881904510252074,0.9659258262890683,-0.7818314824680299,0.6234898018587334
2016-09-04 02:00:00,778.3333333333334,8.25,2,6,9,0.49999999999999994,0.8660254037844387,-0.7818314824680299,0.6234898018587334
2016-09-04 03:00:00,-2.6666666666666665,6.016666666666667,3,6,9,0.7071067811865475,0.7071067811865476,-0.7818314824680299,0.6234898018587334
2016-09-04 04:00:00,-1.25,5.45,4,6,9,0.8660254037844386,0.5000000000000001,-0.7818314824680299,0.6234898018587334
2016-09-04 09:00:00,-2.75,3.3249999999999997,9,6,9,0.7071067811865476,-0.7071067811865475,-0.7818314824680299,0.6234898018587334
2016-09-04 10:00:00,184.66666666666666,4.616666666666666,10,6,9,0.49999999999999994,-0.8660254037844387,-0.7818314824680299,0.6234898018587334
2016-09-04 11:00:00,1423.3333333333333,8.383333333333333,11,6,9,0.258819045102521,-0.9659258262890682,-0.7818314824680299,0.6234898018587334
2016-09-04 12:00:00,559.8333333333334,5.699999999999999,12,6,9,1.2246467991473532e-16,-1.0,-0.7818314824680299,0.6234898018587334
2016-09-04 13:00:00,535.0,5.483333333333333,13,6,9,-0.2588190451025208,-0.9659258262890683,-0.7818314824680299,0.6234898018587334
2016-09-04 14:00:00,841.3333333333334,6.416666666666667,14,6,9,-0.4999999999999998,-0.8660254037844388,-0.7818314824680299,0.6234898018587334
2016-09-04 15:00:00,1303.5,7.900000000000001,15,6,9,-0.7071067811865471,-0.7071067811865479,-0.7818314824680299,0.6234898018587334
2016-09-04 16:00:00,1596.0,8.766666666666667,16,6,9,-0.8660254037844384,-0.5000000000000004,-0.7818314824680299,0.6234898018587334
2016-09-04 17:00:00,1767.3333333333333,8.866666666666667,17,6,9,-0.9659258262890683,-0.25881904510252063,-0.7818314824680299,0.6234898018587334
2016-09-04 18:00:00,2525.3333333333335,11.066666666666665,18,6,9,-1.0,-1.8369701987210297e-16,-0.7818314824680299,0.6234898018587334
2016-09-04 19:00:00,2961.1666666666665,12.733333333333333,19,6,9,-0.9659258262890684,0.2588190451025203,-0.7818314824680299,0.6234898018587334
2016-09-04 20:00:00,2976.3333333333335,13.700000000000001,20,6,9,-0.8660254037844386,0.5000000000000001,-0.7818314824680299,0.6234898018587334
2016-09-04 21:00:00,315.6666666666667,9.15,21,6,9,-0.7071067811865477,0.7071067811865474,-0.7818314824680299,0.6234898018587334
2016-09-04 22:00:00,-1.8333333333333333,6.183333333333334,22,6,9,-0.5000000000000004,0.8660254037844384,-0.7818314824680299,0.6234898018587334
2016-09-04 23:00:00,-2.8333333333333335,6.533333333333332,23,6,9,-0.25881904510252157,0.9659258262890681,-0.7818314824680299,0.6234898018587334
2016-09-05 00:00:00,-1.8333333333333333,4.933333333333334,0,0,9,0.0,1.0,0.0,1.0
2016-09-05 01:00:00,-2.3333333333333335,6.333333333333333,1,0,9,0.25881904510252074,0.9659258262890683,0.0,1.0
2016-09-05 02:00:00,-3.1666666666666665,6.716666666666668,2,0,9,0.49999999999999994,0.8660254037844387,0.0,1.0
2016-09-05 03:00:00,-2.3333333333333335,5.733333333333333,3,0,9,0.7071067811865475,0.7071067811865476,0.0,1.0
2016-09-05 04:00:00,-2.3333333333333335,6.099999999999999,4,0,9,0.8660254037844386,0.5000000000000001,0.0,1.0
2016-09-05 05:00:00,-2.6666666666666665,6.466666666666666,5,0,9,0.9659258262890683,0.25881904510252074,0.0,1.0
2016-09-05 06:00:00,-2.8333333333333335,6.533333333333334,6,0,9,1.0,6.123233995736766e-17,0.0,1.0
2016-09-05 07:00:00,-2.6666666666666665,5.716666666666666,7,0,9,0.9659258262890683,-0.25881904510252063,0.0,1.0
2016-09-05 08:00:00,-3.0,4.766666666666667,8,0,9,0.8660254037844387,-0.49999999999999983,0.0,1.0
2016-09-05 09:00:00,-2.8333333333333335,4.916666666666667,9,0,9,0.7071067811865476,-0.7071067811865475,0.0,1.0
2016-09-05 10:00:00,-2.1666666666666665,5.116666666666666,10,0,9,0.49999999999999994,-0.8660254037844387,0.0,1.0
2016-09-05 11:00:00,571.5,6.083333333333333,11,0,9,0.258819045102521,-0.9659258262890682,0.0,1.0
2016-09-05 12:00:00,690.8333333333334,6.25,12,0,9,1.2246467991473532e-16,-1.0,0.0,1.0
2016-09-05 13:00:00,676.0,6.199999999999999,13,0,9,-0.2588190451025208,-0.9659258262890683,0.0,1.0
2016-09-05 14:00:00,1157.3333333333333,7.349999999999999,14,0,9,-0.4999999999999998,-0.8660254037844388,0.0,1.0
2016-09-05 15:00:00,1120.1666666666667,7.283333333333334,15,0,9,-0.7071067811865471,-0.7071067811865479,0.0,1.0
2016-09-05 16:00:00,969.1666666666666,6.999999999999999,16,0,9,-0.8660254037844384,-0.5000000000000004,0.0,1.0
2016-09-05 17:00:00,593.3333333333334,5.800000000000001,17,0,9,-0.9659258262890683,-0.25881904510252063,0.0,1.0
2016-09-05 18:00:00,621.8333333333334,5.883333333333333,18,0,9,-1.0,-1.8369701987210297e-16,0.0,1.0
2016-09-05 19:00:00,472.0,5.599999999999999,19,0,9,-0.9659258262890684,0.2588190451025203,0.0,1.0
2016-09-05 20:00:00,450.3333333333333,5.466666666666666,20,0,9,-0.8660254037844386,0.5000000000000001,0.0,1.0
2016-09-05 21:00:00,262.1666666666667,4.583333333333333,21,0,9,-0.7071067811865477,0.7071067811865474,0.0,1.0
2016-09-05 22:00:00,391.5,4.983333333333333,22,0,9,-0.5000000000000004,0.8660254037844384,0.0,1.0
2016-09-05 23:00:00,898.6666666666666,6.616666666666667,23,0,9,-0.25881904510252157,0.9659258262890681,0.0,1.0
2016-09-06 00:00:00,644.6666666666666,5.816666666666666,0,1,9,0.0,1.0,0.7818314824680298,0.6234898018587336
2016-09-06 01:00:00,378.3333333333333,5.1000000000000005,1,1,9,0.25881904510252074,0.9659258262890683,0.7818314824680298,0.6234898018587336
2016-09-06 02:00:00,300.1666666666667,4.933333333333334,2,1,9,0.49999999999999994,0.8660254037844387,0.7818314824680298,0.6234898018587336
2016-09-06 03:00:00,339.6666666666667,4.95,3,1,9,0.7071067811865475,0.7071067811865476,0.7818314824680298,0.6234898018587336
2016-09-06 04:00:00,85.16666666666667,3.4,4,1,9,0.8660254037844386,0.5000000000000001,0.7818314824680298,0.6234898018587336
2016-09-06 05:00:00,189.0,4.383333333333333,5,1,9,0.9659258262890683,0.25881904510252074,0.7818314824680298,0.6234898018587336
2016-09-06 06:00:00,243.0,4.7,6,1,9,1.0,6.123233995736766e-17,0.7818314824680298,0.6234898018587336
2016-09-06 07:00:00,164.33333333333334,4.033333333333332,7,1,9,0.9659258262890683,-0.25881904510252063,0.7818314824680298,0.6234898018587336
2016-09-06 08:00:00,85.33333333333333,3.5000000000000004,8,1,9,0.8660254037844387,-0.49999999999999983,0.7818314824680298,0.6234898018587336
2016-09-06 09:00:00,35.666666666666664,2.783333333333333,9,1,9,0.7071067811865476,-0.7071067811865475,0.7818314824680298,0.6234898018587336
2016-09-06 10:00:00,32.833333333333336,2.8666666666666667,10,1,9,0.49999999999999994,-0.8660254037844387,0.7818314824680298,0.6234898018587336
2016-09-06 11:00:00,8.666666666666666,2.3833333333333333,11,1,9,0.258819045102521,-0.9659258262890682,0.7818314824680298,0.6234898018587336
2016-09-06 12:00:00,37.166666666666664,3.016666666666666,12,1,9,1.2246467991473532e-16,-1.0,0.7818314824680298,0.6234898018587336
2016-09-06 13:00:00,44.5,3.1333333333333333,13,1,9,-0.2588190451025208,-0.9659258262890683,0.7818314824680298,0.6234898018587336
2016-09-06 14:00:00,41.666666666666664,3.1,14,1,9,-0.4999999999999998,-0.8660254037844388,0.7818314824680298,0.6234898018587336
2016-09-06 15:00:00,56.5,3.25,15,1,9,-0.7071067811865471,-0.7071067811865479,0.7818314824680298,0.6234898018587336
2016-09-06 16:00:00,112.0,3.8833333333333333,16,1,9,-0.8660254037844384,-0.5000000000000004,0.7818314824680298,0.6234898018587336
2016-09-06 17:00:00,135.0,3.9166666666666674,17,1,9,-0.9659258262890683,-0.25881904510252063,0.7818314824680298,0.6234898018587336
2016-09-06 18:00:00,154.16666666666666,4.05,18,1,9,-1.0,-1.8369701987210297e-16,0.7818314824680298,0.6234898018587336
2016-09-06 19:00:00,245.33333333333334,4.466666666666667,19,1,9,-0.9659258262890684,0.2588190451025203,0.7818314824680298,0.6234898018587336
2016-09-06 20:00:00,440.6666666666667,5.333333333333333,20,1,9,-0.8660254037844386,0.5000000000000001,0.7818314824680298,0.6234898018587336
2016-09-06 21:00:00,234.0,5.216666666666667,21,1,9,-0.7071067811865477,0.7071067811865474,0.7818314824680298,0.6234898018587336
2016-09-06 22:00:00,154.5,4.75,22,1,9,-0.5000000000000004,0.8660254037844384,0.7818314824680298,0.6234898018587336
2016-09-06 23:00:00,240.0,4.116666666666666,23,1,9,-0.25881904510252157,0.9659258262890681,0.7818314824680298,0.6234898018587336
2016-09-07 00:00:00,182.5,5.216666666666668,0,2,9,0.0,1.0,0.9749279121818236,-0.22252093395631434
2016-09-07 01:00:00,281.1666666666667,4.9,1,2,9,0.25881904510252074,0.9659258262890683,0.9749279121818236,-0.22252093395631434
2016-09-07 02:00:00,268.0,4.483333333333333,2,2,9,0.49999999999999994,0.8660254037844387,0.9749279121818236,-0.22252093395631434
2016-09-07 03:00:00,227.83333333333334,4.45,3,2,9,0.7071067811865475,0.7071067811865476,0.9749279121818236,-0.22252093395631434
2016-09-07 04:00:00,151.66666666666666,3.9666666666666663,4,2,9,0.8660254037844386,0.5000000000000001,0.9749279121818236,-0.22252093395631434
2016-09-07 05:00:00,214.83333333333334,4.6,5,2,9,0.9659258262890683,0.25881904510252074,0.9749279121818236,-0.22252093395631434
2016-09-07 06:00:00,159.5,3.966666666666667,6,2,9,1.0,6.123233995736766e-17,0.9749279121818236,-0.22252093395631434
2016-09-07 07:00:00,173.16666666666666,4.283333333333332,7,2,9,0.9659258262890683,-0.25881904510252063,0.9749279121818236,-0.22252093395631434
2016-09-07 08:00:00,311.3333333333333,5.116666666666666,8,2,9,0.8660254037844387,-0.49999999999999983,0.9749279121818236,-0.22252093395631434
2016-09-07 09:00:00,193.83333333333334,4.3999999999999995,9,2,9,0.7071067811865476,-0.7071067811865475,0.9749279121818236,-0.22252093395631434
2016-09-07 10:00:00,160.16666666666666,4.316666666666667,10,2,9,0.49999999999999994,-0.8660254037844387,0.9749279121818236,-0.22252093395631434
2016-09-07 11:00:00,139.33333333333334,4.1499999999999995,11,2,9,0.258819045102521,-0.9659258262890682,0.9749279121818236,-0.22252093395631434
2016-09-07 12:00:00,200.16666666666666,4.45,12,2,9,1.2246467991473532e-16,-1.0,0.9749279121818236,-0.22252093395631434
2016-09-07 13:00:00,208.16666666666666,4.533333333333332,13,2,9,-0.2588190451025208,-0.9659258262890683,0.9749279121818236,-0.22252093395631434
2016-09-07 14:00:00,270.5,4.85,14,2,9,-0.4999999999999998,-0.8660254037844388,0.9749279121818236,-0.22252093395631434
2016-09-07 15:00:00,330.5,5.266666666666667,15,2,9,-0.7071067811865471,-0.7071067811865479,0.9749279121818236,-0.22252093395631434
2016-09-07 16:00:00,251.5,4.833333333333333,16,2,9,-0.8660254037844384,-0.5000000000000004,0.9749279121818236,-0.22252093395631434
2016-09-07 17:00:00,230.83333333333334,5.216666666666666,17,2,9,-0.9659258262890683,-0.25881904510252063,0.9749279121818236,-0.22252093395631434
2016-09-07 18:00:00,271.0,4.783333333333332,18,2,9,-1.0,-1.8369701987210297e-16,0.9749279121818236,-0.22252093395631434
2016-09-07 19:00:00,273.3333333333333,4.3500000000000005,19,2,9,-0.9659258262890684,0.2588190451025203,0.9749279121818236,-0.22252093395631434
2016-09-07 20:00:00,255.0,4.25,20,2,9,-0.8660254037844386,0.5000000000000001,0.9749279121818236,-0.22252093395631434
2016-09-07 21:00:00,444.8333333333333,5.966666666666668,21,2,9,-0.7071067811865477,0.7071067811865474,0.9749279121818236,-0.22252093395631434
2016-09-07 22:00:00,1442.8333333333333,8.416666666666668,22,2,9,-0.5000000000000004,0.8660254037844384,0.9749279121818236,-0.22252093395631434
2016-09-07 23:00:00,692.6666666666666,7.383333333333333,23,2,9,-0.25881904510252157,0.9659258262890681,0.9749279121818236,-0.22252093395631434
2016-09-08 00:00:00,96.0,5.949999999999999,0,3,9,0.0,1.0,0.43388373911755823,-0.900968867902419
2016-09-08 01:00:00,242.5,4.366666666666666,1,3,9,0.25881904510252074,0.9659258262890683,0.43388373911755823,-0.900968867902419
2016-09-08 02:00:00,223.5,4.45,2,3,9,0.49999999999999994,0.8660254037844387,0.43388373911755823,-0.900968867902419
2016-09-08 03:00:00,321.8333333333333,4.833333333333333,3,3,9,0.7071067811865475,0.7071067811865476,0.43388373911755823,-0.900968867902419
2016-09-08 04:00:00,310.8333333333333,4.983333333333333,4,3,9,0.8660254037844386,0.5000000000000001,0.43388373911755823,-0.900968867902419
2016-09-08 05:00:00,350.1666666666667,5.216666666666667,5,3,9,0.9659258262890683,0.25881904510252074,0.43388373911755823,-0.900968867902419
2016-09-08 06:00:00,526.5,5.3,6,3,9,1.0,6.123233995736766e-17,0.43388373911755823,-0.900968867902419
2016-09-08 07:00:00,465.3333333333333,5.433333333333333,7,3,9,0.9659258262890683,-0.25881904510252063,0.43388373911755823,-0.900968867902419
2016-09-08 08:00:00,263.5,4.466666666666666,8,3,9,0.8660254037844387,-0.49999999999999983,0.43388373911755823,-0.900968867902419
2016-09-08 09:00:00,50.5,3.15,9,3,9,0.7071067811865476,-0.7071067811865475,0.43388373911755823,-0.900968867902419
2016-09-08 10:00:00,11.666666666666666,2.5833333333333335,10,3,9,0.49999999999999994,-0.8660254037844387,0.43388373911755823,-0.900968867902419
2016-09-08 11:00:00,5.166666666666667,2.2166666666666663,11,3,9,0.258819045102521,-0.9659258262890682,0.43388373911755823,-0.900968867902419
2016-09-08 12:00:00,65.5,3.433333333333333,12,3,9,1.2246467991473532e-16,-1.0,0.43388373911755823,-0.900968867902419
2016-09-08 13:00:00,95.83333333333333,3.733333333333333,13,3,9,-0.2588190451025208,-0.9659258262890683,0.43388373911755823,-0.900968867902419
2016-09-08 14:00:00,84.5,3.5500000000000003,14,3,9,-0.4999999999999998,-0.8660254037844388,0.43388373911755823,-0.900968867902419
2016-09-08 15:00:00,291.8333333333333,4.533333333333334,15,3,9,-0.7071067811865471,-0.7071067811865479,0.43388373911755823,-0.900968867902419
2016-09-08 16:00:00,494.8333333333333,5.666666666666667,16,3,9,-0.8660254037844384,-0.5000000000000004,0.43388373911755823,-0.900968867902419
2016-09-08 17:00:00,372.5,5.183333333333334,17,3,9,-0.9659258262890683,-0.25881904510252063,0.43388373911755823,-0.900968867902419
2016-09-08 18:00:00,613.0,6.0,18,3,9,-1.0,-1.8369701987210297e-16,0.43388373911755823,-0.900968867902419
2016-09-08 19:00:00,603.3333333333334,5.933333333333334,19,3,9,-0.9659258262890684,0.2588190451025203,0.43388373911755823,-0.900968867902419
2016-09-08 20:00:00,98.83333333333333,3.6833333333333336,20,3,9,-0.8660254037844386,0.5000000000000001,0.43388373911755823,-0.900968867902419
2016-09-08 21:00:00,127.66666666666667,3.733333333333333,21,3,9,-0.7071067811865477,0.7071067811865474,0.43388373911755823,-0.900968867902419
2016-09-08 22:00:00,21.0,2.683333333333333,22,3,9,-0.5000000000000004,0.8660254037844384,0.43388373911755823,-0.900968867902419
2016-09-08 23:00:00,148.33333333333334,4.166666666666666,23,3,9,-0.25881904510252157,0.9659258262890681,0.43388373911755823,-0.900968867902419
2016-09-09 00:00:00,63.333333333333336,3.366666666666667,0,4,9,0.0,1.0,-0.433883739117558,-0.9009688679024191
2016-09-09 01:00:00,99.0,3.5999999999999996,1,4,9,0.25881904510252074,0.9659258262890683,-0.433883739117558,-0.9009688679024191
2016-09-09 02:00:00,244.5,4.300000000000001,2,4,9,0.49999999999999994,0.8660254037844387,-0.433883739117558,-0.9009688679024191
2016-09-09 03:00:00,396.5,5.166666666666667,3,4,9,0.7071067811865475,0.7071067811865476,-0.433883739117558,-0.9009688679024191
2016-09-09 04:00:00,133.5,3.9,4,4,9,0.8660254037844386,0.5000000000000001,-0.433883739117558,-0.9009688679024191
2016-09-09 05:00:00,167.83333333333334,4.283333333333332,5,4,9,0.9659258262890683,0.25881904510252074,-0.433883739117558,-0.9009688679024191
2016-09-09 06:00:00,24.666666666666668,2.2666666666666666,6,4,9,1.0,6.123233995736766e-17,-0.433883739117558,-0.9009688679024191
2016-09-09 07:00:00,-2.0,1.2166666666666668,7,4,9,0.9659258262890683,-0.25881904510252063,-0.433883739117558,-0.9009688679024191
2016-09-09 08:00:00,-1.1666666666666667,1.6500000000000001,8,4,9,0.8660254037844387,-0.49999999999999983,-0.433883739117558,-0.9009688679024191
2016-09-09 09:00:00,-1.1666666666666667,1.5166666666666668,9,4,9,0.7071067811865476,-0.7071067811865475,-0.433883739117558,-0.9009688679024191
2016-09-09 10:00:00,-1.5,1.6500000000000001,10,4,9,0.49999999999999994,-0.8660254037844387,-0.433883739117558,-0.9009688679024191
2016-09-09 11:00:00,-2.8333333333333335,1.7166666666666668,11,4,9,0.258819045102521,-0.9659258262890682,-0.433883739117558,-0.9009688679024191
2016-09-09 12:00:00,-2.0,1.2833333333333332,12,4,9,1.2246467991473532e-16,-1.0,-0.433883739117558,-0.9009688679024191
2016-09-09 13:00:00,-2.8333333333333335,1.5999999999999999,13,4,9,-0.2588190451025208,-0.9659258262890683,-0.433883739117558,-0.9009688679024191
2016-09-09 14:00:00,-1.8333333333333333,1.4666666666666666,14,4,9,-0.4999999999999998,-0.8660254037844388,-0.433883739117558,-0.9009688679024191
2016-09-09 15:00:00,10.833333333333334,2.716666666666667,15,4,9,-0.7071067811865471,-0.7071067811865479,-0.433883739117558,-0.9009688679024191
2016-09-09 16:00:00,11.5,2.4166666666666665,16,4,9,-0.8660254037844384,-0.5000000000000004,-0.433883739117558,-0.9009688679024191
2016-09-09 17:00:00,76.83333333333333,3.2999999999999994,17,4,9,-0.9659258262890683,-0.25881904510252063,-0.433883739117558,-0.9009688679024191
2016-09-09 18:00:00,72.0,3.483333333333334,18,4,9,-1.0,-1.8369701987210297e-16,-0.433883739117558,-0.9009688679024191
2016-09-09 19:00:00,38.5,2.8333333333333335,19,4,9,-0.9659258262890684,0.2588190451025203,-0.433883739117558,-0.9009688679024191
2016-09-09 20:00:00,126.83333333333333,3.6833333333333336,20,4,9,-0.8660254037844386,0.5000000000000001,-0.433883739117558,-0.9009688679024191
2016-09-09 21:00:00,446.3333333333333,5.233333333333333,21,4,9,-0.7071067811865477,0.7071067811865474,-0.433883739117558,-0.9009688679024191
2016-09-09 22:00:00,223.16666666666666,4.5,22,4,9,-0.5000000000000004,0.8660254037844384,-0.433883739117558,-0.9009688679024191
2016-09-09 23:00:00,259.1666666666667,4.55,23,4,9,-0.25881904510252157,0.9659258262890681,-0.433883739117558,-0.9009688679024191
2016-09-10 00:00:00,355.8333333333333,4.933333333333334,0,5,9,0.0,1.0,-0.9749279121818236,-0.2225209339563146
2016-09-10 01:00:00,359.0,5.233333333333333,1,5,9,0.25881904510252074,0.9659258262890683,-0.9749279121818236,-0.2225209339563146
2016-09-10 02:00:00,121.0,3.9,2,5,9,0.49999999999999994,0.8660254037844387,-0.9749279121818236,-0.2225209339563146
2016-09-10 03:00:00,38.5,2.5666666666666664,3,5,9,0.7071067811865475,0.7071067811865476,-0.9749279121818236,-0.2225209339563146
2016-09-10 04:00:00,24.166666666666668,2.4,4,5,9,0.8660254037844386,0.5000000000000001,-0.9749279121818236,-0.2225209339563146
2016-09-10 05:00:00,39.166666666666664,2.5500000000000003,5,5,9,0.9659258262890683,0.25881904510252074,-0.9749279121818236,-0.2225209339563146
2016-09-10 06:00:00,36.333333333333336,2.6166666666666667,6,5,9,1.0,6.123233995736766e-17,-0.9749279121818236,-0.2225209339563146
2016-09-10 07:00:00,85.16666666666667,3.5333333333333337,7,5,9,0.9659258262890683,-0.25881904510252063,-0.9749279121818236,-0.2225209339563146
2016-09-10 08:00:00,97.0,3.4499999999999997,8,5,9,0.8660254037844387,-0.49999999999999983,-0.9749279121818236,-0.2225209339563146
2016-09-10 09:00:00,21.0,2.433333333333333,9,5,9,0.7071067811865476,-0.7071067811865475,-0.9749279121818236,-0.2225209339563146
2016-09-10 10:00:00,-1.3333333333333333,1.9166666666666667,10,5,9,0.49999999999999994,-0.8660254037844387,-0.9749279121818236,-0.2225209339563146
2016-09-10 11:00:00,-2.0,1.1166666666666665,11,5,9,0.258819045102521,-0.9659258262890682,-0.9749279121818236,-0.2225209339563146
2016-09-10 12:00:00,-1.5,2.0000000000000004,12,5,9,1.2246467991473532e-16,-1.0,-0.9749279121818236,-0.2225209339563146
2016-09-10 13:00:00,-3.3333333333333335,1.7166666666666668,13,5,9,-0.2588190451025208,-0.9659258262890683,-0.9749279121818236,-0.2225209339563146
2016-09-10 14:00:00,-3.3333333333333335,1.45,14,5,9,-0.4999999999999998,-0.8660254037844388,-0.9749279121818236,-0.2225209339563146
2016-09-10 15:00:00,-1.5,0.9000000000000002,15,5,9,-0.7071067811865471,-0.7071067811865479,-0.9749279121818236,-0.2225209339563146
2016-09-10 16:00:00,-1.6666666666666667,2.033333333333333,16,5,9,-0.8660254037844384,-0.5000000000000004,-0.9749279121818236,-0.2225209339563146
2016-09-10 17:00:00,1.3333333333333333,1.6666666666666663,17,5,9,-0.9659258262890683,-0.25881904510252063,-0.9749279121818236,-0.2225209339563146
2016-09-10 18:00:00,-1.3333333333333333,0.7000000000000001,18,5,9,-1.0,-1.8369701987210297e-16,-0.9749279121818236,-0.2225209339563146
2016-09-10 19:00:00,-1.0,0.6166666666666666,19,5,9,-0.9659258262890684,0.2588190451025203,-0.9749279121818236,-0.2225209339563146
2016-09-10 20:00:00,2.5,1.7166666666666668,20,5,9,-0.8660254037844386,0.5000000000000001,-0.9749279121818236,-0.2225209339563146
2016-09-10 21:00:00,22.166666666666668,2.3333333333333335,21,5,9,-0.7071067811865477,0.7071067811865474,-0.9749279121818236,-0.2225209339563146
2016-09-10 22:00:00,6.833333333333333,1.95,22,5,9,-0.5000000000000004,0.8660254037844384,-0.9749279121818236,-0.2225209339563146
2016-09-10 23:00:00,-2.0,1.45,23,5,9,-0.25881904510252157,0.9659258262890681,-0.9749279121818236,-0.2225209339563146
2016-09-11 00:00:00,-1.8333333333333333,0.8666666666666666,0,6,9,0.0,1.0,-0.7818314824680299,0.6234898018587334
2016-09-11 01:00:00,-1.0,0.95,1,6,9,0.25881904510252074,0.9659258262890683,-0.7818314824680299,0.6234898018587334
2016-09-11 02:00:00,-2.0,0.6499999999999999,2,6,9,0.49999999999999994,0.8660254037844387,-0.7818314824680299,0.6234898018587334
2016-09-11 03:00:00,-1.0,0.6666666666666666,3,6,9,0.7071067811865475,0.7071067811865476,-0.7818314824680299,0.6234898018587334
2016-09-11 04:00:00,-2.0,1.1333333333333333,4,6,9,0.8660254037844386,0.5000000000000001,-0.7818314824680299,0.6234898018587334
2016-09-11 05:00:00,49.5,2.8666666666666667,5,6,9,0.9659258262890683,0.25881904510252074,-0.7818314824680299,0.6234898018587334
2016-09-11 06:00:00,33.666666666666664,2.766666666666667,6,6,9,1.0,6.123233995736766e-17,-0.7818314824680299,0.6234898018587334
2016-09-11 07:00:00,45.0,2.933333333333333,7,6,9,0.9659258262890683,-0.25881904510252063,-0.7818314824680299,0.6234898018587334
2016-09-11 08:00:00,90.66666666666667,3.633333333333333,8,6,9,0.8660254037844387,-0.49999999999999983,-0.7818314824680299,0.6234898018587334
2016-09-11 09:00:00,38.0,2.783333333333333,9,6,9,0.7071067811865476,-0.7071067811865475,-0.7818314824680299,0.6234898018587334
2016-09-11 10:00:00,-6.0,0.8166666666666665,10,6,9,0.49999999999999994,-0.8660254037844387,-0.7818314824680299,0.6234898018587334
2016-09-11 11:00:00,-1.5,0.4666666666666666,11,6,9,0.258819045102521,-0.9659258262890682,-0.7818314824680299,0.6234898018587334
2016-09-11 12:00:00,-2.3333333333333335,1.2,12,6,9,1.2246467991473532e-16,-1.0,-0.7818314824680299,0.6234898018587334
2016-09-11 13:00:00,-2.1666666666666665,1.2333333333333334,13,6,9,-0.2588190451025208,-0.9659258262890683,-0.7818314824680299,0.6234898018587334
2016-09-11 14:00:00,-6.833333333333333,1.9666666666666668,14,6,9,-0.4999999999999998,-0.8660254037844388,-0.7818314824680299,0.6234898018587334
2016-09-11 15:00:00,-2.8333333333333335,1.8500000000000003,15,6,9,-0.7071067811865471,-0.7071067811865479,-0.7818314824680299,0.6234898018587334
2016-09-11 16:00:00,-2.0,1.75,16,6,9,-0.8660254037844384,-0.5000000000000004,-0.7818314824680299,0.6234898018587334
2016-09-11 17:00:00,-1.6666666666666667,1.5499999999999998,17,6,9,-0.9659258262890683,-0.25881904510252063,-0.7818314824680299,0.6234898018587334
2016-09-11 18:00:00,-2.1666666666666665,1.7833333333333334,18,6,9,-1.0,-1.8369701987210297e-16,-0.7818314824680299,0.6234898018587334
2016-09-11 19:00:00,-1.1666666666666667,2.6833333333333336,19,6,9,-0.9659258262890684,0.2588190451025203,-0.7818314824680299,0.6234898018587334
2016-09-11 20:00:00,134.33333333333334,3.9500000000000006,20,6,9,-0.8660254037844386,0.5000000000000001,-0.7818314824680299,0.6234898018587334
2016-09-11 21:00:00,255.16666666666666,4.416666666666667,21,6,9,-0.7071067811865477,0.7071067811865474,-0.7818314824680299,0.6234898018587334
2016-09-11 22:00:00,303.3333333333333,4.7,22,6,9,-0.5000000000000004,0.8660254037844384,-0.7818314824680299,0.6234898018587334
2016-09-11 23:00:00,547.6666666666666,5.833333333333333,23,6,9,-0.25881904510252157,0.9659258262890681,-0.7818314824680299,0.6234898018587334
2016-09-12 00:00:00,160.16666666666666,3.9,0,0,9,0.0,1.0,0.0,1.0
2016-09-12 01:00:00,253.0,4.75,1,0,9,0.25881904510252074,0.9659258262890683,0.0,1.0
2016-09-12 02:00:00,190.0,4.233333333333333,2,0,9,0.49999999999999994,0.8660254037844387,0.0,1.0
2016-09-12 03:00:00,106.33333333333333,3.633333333333333,3,0,9,0.7071067811865475,0.7071067811865476,0.0,1.0
2016-09-12 04:00:00,73.0,3.0833333333333335,4,0,9,0.8660254037844386,0.5000000000000001,0.0,1.0
2016-09-12 05:00:00,45.0,2.6,5,0,9,0.9659258262890683,0.25881904510252074,0.0,1.0
2016-09-12 06:00:00,26.333333333333332,2.4,6,0,9,1.0,6.123233995736766e-17,0.0,1.0
2016-09-12 07:00:00,88.66666666666667,3.483333333333333,7,0,9,0.9659258262890683,-0.25881904510252063,0.0,1.0
2016-09-12 08:00:00,34.166666666666664,2.8000000000000003,8,0,9,0.8660254037844387,-0.49999999999999983,0.0,1.0
2016-09-12 09:00:00,66.66666666666667,3.1166666666666667,9,0,9,0.7071067811865476,-0.7071067811865475,0.0,1.0
2016-09-12 10:00:00,9.333333333333334,2.3666666666666667,10,0,9,0.49999999999999994,-0.8660254037844387,0.0,1.0
2016-09-12 11:00:00,13.166666666666666,2.533333333333333,11,0,9,0.258819045102521,-0.9659258262890682,0.0,1.0
2016-09-12 12:00:00,70.0,3.4166666666666665,12,0,9,1.2246467991473532e-16,-1.0,0.0,1.0
2016-09-12 13:00:00,172.16666666666666,4.45,13,0,9,-0.2588190451025208,-0.9659258262890683,0.0,1.0
2016-09-12 14:00:00,227.16666666666666,4.65,14,0,9,-0.4999999999999998,-0.8660254037844388,0.0,1.0
2016-09-12 15:00:00,243.16666666666666,4.666666666666667,15,0,9,-0.7071067811865471,-0.7071067811865479,0.0,1.0
2016-09-12 16:00:00,137.83333333333334,4.016666666666667,16,0,9,-0.8660254037844384,-0.5000000000000004,0.0,1.0
2016-09-12 17:00:00,139.0,3.9666666666666663,17,0,9,-0.9659258262890683,-0.25881904510252063,0.0,1.0
2016-09-12 18:00:00,146.0,4.033333333333333,18,0,9,-1.0,-1.8369701987210297e-16,0.0,1.0
2016-09-12 19:00:00,194.0,4.033333333333334,19,0,9,-0.9659258262890684,0.2588190451025203,0.0,1.0
2016-09-12 20:00:00,375.3333333333333,5.116666666666666,20,0,9,-0.8660254037844386,0.5000000000000001,0.0,1.0
2016-09-12 21:00:00,820.6666666666666,6.333333333333333,21,0,9,-0.7071067811865477,0.7071067811865474,0.0,1.0
2016-09-12 22:00:00,376.8333333333333,4.883333333333334,22,0,9,-0.5000000000000004,0.8660254037844384,0.0,1.0
2016-09-12 23:00:00,304.0,4.833333333333333,23,0,9,-0.25881904510252157,0.9659258262890681,0.0,1.0
2016-09-13 00:00:00,187.0,4.166666666666667,0,1,9,0.0,1.0,0.7818314824680298,0.6234898018587336
2016-09-13 01:00:00,170.83333333333334,4.6000000000000005,1,1,9,0.25881904510252074,0.9659258262890683,0.7818314824680298,0.6234898018587336
2016-09-13 02:00:00,82.5,3.733333333333333,2,1,9,0.49999999999999994,0.8660254037844387,0.7818314824680298,0.6234898018587336
2016-09-13 03:00:00,8.0,2.2666666666666666,3,1,9,0.7071067811865475,0.7071067811865476,0.7818314824680298,0.6234898018587336
2016-09-13 04:00:00,18.833333333333332,2.3166666666666664,4,1,9,0.8660254037844386,0.5000000000000001,0.7818314824680298,0.6234898018587336
2016-09-13 05:00:00,92.66666666666667,3.5499999999999994,5,1,9,0.9659258262890683,0.25881904510252074,0.7818314824680298,0.6234898018587336
2016-09-13 06:00:00,109.33333333333333,3.816666666666667,6,1,9,1.0,6.123233995736766e-17,0.7818314824680298,0.6234898018587336
2016-09-13 07:00:00,59.833333333333336,3.15,7,1,9,0.9659258262890683,-0.25881904510252063,0.7818314824680298,0.6234898018587336
2016-09-13 08:00:00,72.33333333333333,3.2166666666666672,8,1,9,0.8660254037844387,-0.49999999999999983,0.7818314824680298,0.6234898018587336
2016-09-13 09:00:00,37.666666666666664,2.8666666666666667,9,1,9,0.7071067811865476,-0.7071067811865475,0.7818314824680298,0.6234898018587336
2016-09-13 10:00:00,-0.6666666666666666,1.7333333333333334,10,1,9,0.49999999999999994,-0.8660254037844387,0.7818314824680298,0.6234898018587336
2016-09-13 11:00:00,-0.5,1.9166666666666667,11,1,9,0.258819045102521,-0.9659258262890682,0.7818314824680298,0.6234898018587336
2016-09-13 12:00:00,13.333333333333334,2.65,12,1,9,1.2246467991473532e-16,-1.0,0.7818314824680298,0.6234898018587336
2016-09-13 13:00:00,31.833333333333332,2.9333333333333336,13,1,9,-0.2588190451025208,-0.9659258262890683,0.7818314824680298,0.6234898018587336
2016-09-13 14:00:00,1.3333333333333333,3.9166666666666665,14,1,9,-0.4999999999999998,-0.8660254037844388,0.7818314824680298,0.6234898018587336
2016-09-13 15:00:00,7.0,3.5000000000000004,15,1,9,-0.7071067811865471,-0.7071067811865479,0.7818314824680298,0.6234898018587336
2016-09-13 16:00:00,-4.833333333333333,3.233333333333333,16,1,9,-0.8660254037844384,-0.5000000000000004,0.7818314824680298,0.6234898018587336
2016-09-13 17:00:00,77.0,3.9166666666666665,17,1,9,-0.9659258262890683,-0.25881904510252063,0.7818314824680298,0.6234898018587336
2016-09-13 18:00:00,224.5,4.466666666666668,18,1,9,-1.0,-1.8369701987210297e-16,0.7818314824680298,0.6234898018587336
2016-09-13 19:00:00,87.0,3.3166666666666664,19,1,9,-0.9659258262890684,0.2588190451025203,0.7818314824680298,0.6234898018587336
2016-09-13 20:00:00,200.16666666666666,4.033333333333332,20,1,9,-0.8660254037844386,0.5000000000000001,0.7818314824680298,0.6234898018587336
2016-09-13 21:00:00,289.8333333333333,4.416666666666667,21,1,9,-0.7071067811865477,0.7071067811865474,0.7818314824680298,0.6234898018587336
2016-09-13 22:00:00,226.16666666666666,7.516666666666667,22,1,9,-0.5000000000000004,0.8660254037844384,0.7818314824680298,0.6234898018587336
2016-09-13 23:00:00,1607.3333333333333,8.25,23,1,9,-0.25881904510252157,0.9659258262890681,0.7818314824680298,0.6234898018587336
2016-09-14 00:00:00,831.5,6.483333333333333,0,2,9,0.0,1.0,0.9749279121818236,-0.22252093395631434
2016-09-14 01:00:00,233.33333333333334,4.199999999999999,1,2,9,0.25881904510252074,0.9659258262890683,0.9749279121818236,-0.22252093395631434
2016-09-14 02:00:00,248.83333333333334,4.25,2,2,9,0.49999999999999994,0.8660254037844387,0.9749279121818236,-0.22252093395631434
2016-09-14 03:00:00,178.66666666666666,4.183333333333334,3,2,9,0.7071067811865475,0.7071067811865476,0.9749279121818236,-0.22252093395631434
2016-09-14 04:00:00,79.33333333333333,3.516666666666667,4,2,9,0.8660254037844386,0.5000000000000001,0.9749279121818236,-0.22252093395631434
2016-09-14 05:00:00,62.0,3.0666666666666664,5,2,9,0.9659258262890683,0.25881904510252074,0.9749279121818236,-0.22252093395631434
2016-09-14 06:00:00,34.666666666666664,2.5833333333333335,6,2,9,1.0,6.123233995736766e-17,0.9749279121818236,-0.22252093395631434
2016-09-14 07:00:00,20.333333333333332,2.2,7,2,9,0.9659258262890683,-0.25881904510252063,0.9749279121818236,-0.22252093395631434
2016-09-14 08:00:00,226.83333333333334,4.283333333333334,8,2,9,0.8660254037844387,-0.49999999999999983,0.9749279121818236,-0.22252093395631434
2016-09-14 09:00:00,170.5,4.316666666666666,9,2,9,0.7071067811865476,-0.7071067811865475,0.9749279121818236,-0.22252093395631434
2016-09-14 10:00:00,23.166666666666668,2.6,10,2,9,0.49999999999999994,-0.8660254037844387,0.9749279121818236,-0.22252093395631434
2016-09-14 11:00:00,11.5,2.4499999999999997,11,2,9,0.258819045102521,-0.9659258262890682,0.9749279121818236,-0.22252093395631434
2016-09-14 12:00:00,224.5,4.55,12,2,9,1.2246467991473532e-16,-1.0,0.9749279121818236,-0.22252093395631434
2016-09-14 13:00:00,214.83333333333334,5.550000000000001,13,2,9,-0.2588190451025208,-0.9659258262890683,0.9749279121818236,-0.22252093395631434
2016-09-14 14:00:00,165.5,5.316666666666666,14,2,9,-0.4999999999999998,-0.8660254037844388,0.9749279121818236,-0.22252093395631434
2016-09-14 15:00:00,229.16666666666666,4.783333333333333,15,2,9,-0.7071067811865471,-0.7071067811865479,0.9749279121818236,-0.22252093395631434
2016-09-14 16:00:00,222.16666666666666,4.8500000000000005,16,2,9,-0.8660254037844384,-0.5000000000000004,0.9749279121818236,-0.22252093395631434
2016-09-14 17:00:00,202.16666666666666,5.316666666666667,17,2,9,-0.9659258262890683,-0.25881904510252063,0.9749279121818236,-0.22252093395631434
2016-09-14 18:00:00,-1.0,5.583333333333333,18,2,9,-1.0,-1.8369701987210297e-16,0.9749279121818236,-0.22252093395631434
2016-09-14 19:00:00,-1.5,5.95,19,2,9,-0.9659258262890684,0.2588190451025203,0.9749279121818236,-0.22252093395631434
2016-09-14 20:00:00,-1.3333333333333333,7.383333333333334,20,2,9,-0.8660254037844386,0.5000000000000001,0.9749279121818236,-0.22252093395631434
2016-09-14 21:00:00,-1.3333333333333333,5.166666666666667,21,2,9,-0.7071067811865477,0.7071067811865474,0.9749279121818236,-0.22252093395631434
2016-09-14 22:00:00,-1.0,3.4166666666666665,22,2,9,-0.5000000000000004,0.8660254037844384,0.9749279121818236,-0.22252093395631434
2016-09-14 23:00:00,207.83333333333334,4.8,23,2,9,-0.25881904510252157,0.9659258262890681,0.9749279121818236,-0.22252093395631434
2016-09-15 00:00:00,480.0,5.05,0,3,9,0.0,1.0,0.43388373911755823,-0.900968867902419
2016-09-15 01:00:00,343.8333333333333,5.566666666666666,1,3,9,0.25881904510252074,0.9659258262890683,0.43388373911755823,-0.900968867902419
2016-09-15 02:00:00,381.1666666666667,4.999999999999999,2,3,9,0.49999999999999994,0.8660254037844387,0.43388373911755823,-0.900968867902419
2016-09-15 03:00:00,289.6666666666667,5.3500000000000005,3,3,9,0.7071067811865475,0.7071067811865476,0.43388373911755823,-0.900968867902419
2016-09-15 04:00:00,445.3333333333333,5.066666666666667,4,3,9,0.8660254037844386,0.5000000000000001,0.43388373911755823,-0.900968867902419
2016-09-15 05:00:00,14.833333333333334,7.216666666666668,5,3,9,0.9659258262890683,0.25881904510252074,0.43388373911755823,-0.900968867902419
2016-09-15 06:00:00,-1.0,8.5,6,3,9,1.0,6.123233995736766e-17,0.43388373911755823,-0.900968867902419
2016-09-15 07:00:00,76.83333333333333,6.283333333333334,7,3,9,0.9659258262890683,-0.25881904510252063,0.43388373911755823,-0.900968867902419
2016-09-15 08:00:00,196.16666666666666,5.433333333333334,8,3,9,0.8660254037844387,-0.49999999999999983,0.43388373911755823,-0.900968867902419
2016-09-15 09:00:00,339.8333333333333,6.083333333333335,9,3,9,0.7071067811865476,-0.7071067811865475,0.43388373911755823,-0.900968867902419
2016-09-15 10:00:00,382.0,5.25,10,3,9,0.49999999999999994,-0.8660254037844387,0.43388373911755823,-0.900968867902419
2016-09-15 11:00:00,199.5,5.783333333333334,11,3,9,0.258819045102521,-0.9659258262890682,0.43388373911755823,-0.900968867902419
2016-09-15 12:00:00,92.83333333333333,5.316666666666667,12,3,9,1.2246467991473532e-16,-1.0,0.43388373911755823,-0.900968867902419
2016-09-15 13:00:00,60.333333333333336,5.2,13,3,9,-0.2588190451025208,-0.9659258262890683,0.43388373911755823,-0.900968867902419
2016-09-15 14:00:00,249.66666666666666,5.016666666666667,14,3,9,-0.4999999999999998,-0.8660254037844388,0.43388373911755823,-0.900968867902419
2016-09-15 15:00:00,102.16666666666667,3.8499999999999996,15,3,9,-0.7071067811865471,-0.7071067811865479,0.43388373911755823,-0.900968867902419
2016-09-15 16:00:00,49.333333333333336,3.15,16,3,9,-0.8660254037844384,-0.5000000000000004,0.43388373911755823,-0.900968867902419
2016-09-15 17:00:00,32.333333333333336,2.783333333333333,17,3,9,-0.9659258262890683,-0.25881904510252063,0.43388373911755823,-0.900968867902419
2016-09-15 18:00:00,223.0,4.433333333333334,18,3,9,-1.0,-1.8369701987210297e-16,0.43388373911755823,-0.900968867902419
2016-09-15 19:00:00,838.1666666666666,6.533333333333332,19,3,9,-0.9659258262890684,0.2588190451025203,0.43388373911755823,-0.900968867902419
2016-09-15 20:00:00,597.5,5.866666666666667,20,3,9,-0.8660254037844386,0.5000000000000001,0.43388373911755823,-0.900968867902419
2016-09-15 21:00:00,939.3333333333334,6.7,21,3,9,-0.7071067811865477,0.7071067811865474,0.43388373911755823,-0.900968867902419
2016-09-15 22:00:00,309.1666666666667,5.1000000000000005,22,3,9,-0.5000000000000004,0.8660254037844384,0.43388373911755823,-0.900968867902419
2016-09-15 23:00:00,331.3333333333333,5.1499999999999995,23,3,9,-0.25881904510252157,0.9659258262890681,0.43388373911755823,-0.900968867902419
2016-09-16 00:00:00,488.8333333333333,5.533333333333334,0,4,9,0.0,1.0,-0.433883739117558,-0.9009688679024191
2016-09-16 01:00:00,1062.8333333333333,7.1000000000000005,1,4,9,0.25881904510252074,0.9659258262890683,-0.433883739117558,-0.9009688679024191
2016-09-16 02:00:00,624.6666666666666,5.883333333333333,2,4,9,0.49999999999999994,0.8660254037844387,-0.433883739117558,-0.9009688679024191
2016-09-16 03:00:00,868.3333333333334,6.733333333333333,3,4,9,0.7071067811865475,0.7071067811865476,-0.433883739117558,-0.9009688679024191
2016-09-16 04:00:00,285.0,4.8,4,4,9,0.8660254037844386,0.5000000000000001,-0.433883739117558,-0.9009688679024191
2016-09-16 05:00:00,234.66666666666666,4.5,5,4,9,0.9659258262890683,0.25881904510252074,-0.433883739117558,-0.9009688679024191
2016-09-16 06:00:00,654.1666666666666,5.95,6,4,9,1.0,6.123233995736766e-17,-0.433883739117558,-0.9009688679024191
2016-09-16 07:00:00,1228.8333333333333,7.716666666666668,7,4,9,0.9659258262890683,-0.25881904510252063,-0.433883739117558,-0.9009688679024191
2016-09-16 08:00:00,231.16666666666666,4.3500000000000005,8,4,9,0.8660254037844387,-0.49999999999999983,-0.433883739117558,-0.9009688679024191
2016-09-16 09:00:00,260.5,4.666666666666667,9,4,9,0.7071067811865476,-0.7071067811865475,-0.433883739117558,-0.9009688679024191
2016-09-16 10:00:00,169.66666666666666,4.2,10,4,9,0.49999999999999994,-0.8660254037844387,-0.433883739117558,-0.9009688679024191
2016-09-16 11:00:00,118.83333333333333,3.8666666666666667,11,4,9,0.258819045102521,-0.9659258262890682,-0.433883739117558,-0.9009688679024191
2016-09-16 12:00:00,165.16666666666666,4.283333333333333,12,4,9,1.2246467991473532e-16,-1.0,-0.433883739117558,-0.9009688679024191
2016-09-16 13:00:00,177.66666666666666,4.383333333333334,13,4,9,-0.2588190451025208,-0.9659258262890683,-0.433883739117558,-0.9009688679024191
2016-09-16 14:00:00,304.1666666666667,5.0,14,4,9,-0.4999999999999998,-0.8660254037844388,-0.433883739117558,-0.9009688679024191
2016-09-16 15:00:00,668.0,6.05,15,4,9,-0.7071067811865471,-0.7071067811865479,-0.433883739117558,-0.9009688679024191
2016-09-16 16:00:00,705.0,6.266666666666667,16,4,9,-0.8660254037844384,-0.5000000000000004,-0.433883739117558,-0.9009688679024191
2016-09-16 17:00:00,332.8333333333333,5.1,17,4,9,-0.9659258262890683,-0.25881904510252063,-0.433883739117558,-0.9009688679024191
2016-09-16 18:00:00,189.83333333333334,4.3999999999999995,18,4,9,-1.0,-1.8369701987210297e-16,-0.433883739117558,-0.9009688679024191
2016-09-16 19:00:00,153.33333333333334,4.266666666666667,19,4,9,-0.9659258262890684,0.2588190451025203,-0.433883739117558,-0.9009688679024191
2016-09-16 20:00:00,611.5,5.833333333333333,20,4,9,-0.8660254037844386,0.5000000000000001,-0.433883739117558,-0.9009688679024191
2016-09-16 21:00:00,896.1666666666666,6.599999999999999,21,4,9,-0.7071067811865477,0.7071067811865474,-0.433883739117558,-0.9009688679024191
2016-09-16 22:00:00,614.3333333333334,5.8,22,4,9,-0.5000000000000004,0.8660254037844384,-0.433883739117558,-0.9009688679024191
2016-09-16 23:00:00,833.8333333333334,6.483333333333333,23,4,9,-0.25881904510252157,0.9659258262890681,-0.433883739117558,-0.9009688679024191
2016-09-17 00:00:00,862.8333333333334,6.883333333333333,0,5,9,0.0,1.0,-0.9749279121818236,-0.2225209339563146
2016-09-17 01:00:00,429.0,5.433333333333333,1,5,9,0.25881904510252074,0.9659258262890683,-0.9749279121818236,-0.2225209339563146
2016-09-17 02:00:00,805.6666666666666,6.3999999999999995,2,5,9,0.49999999999999994,0.8660254037844387,-0.9749279121818236,-0.2225209339563146
2016-09-17 03:00:00,620.0,5.683333333333334,3,5,9,0.7071067811865475,0.7071067811865476,-0.9749279121818236,-0.2225209339563146
2016-09-17 04:00:00,579.5,6.0,4,5,9,0.8660254037844386,0.5000000000000001,-0.9749279121818236,-0.2225209339563146
2016-09-17 05:00:00,419.3333333333333,5.266666666666667,5,5,9,0.9659258262890683,0.25881904510252074,-0.9749279121818236,-0.2225209339563146
2016-09-17 06:00:00,1041.0,7.0,6,5,9,1.0,6.123233995736766e-17,-0.9749279121818236,-0.2225209339563146
2016-09-17 07:00:00,558.8333333333334,5.983333333333333,7,5,9,0.9659258262890683,-0.25881904510252063,-0.9749279121818236,-0.2225209339563146
2016-09-17 08:00:00,671.8333333333334,6.133333333333333,8,5,9,0.8660254037844387,-0.49999999999999983,-0.9749279121818236,-0.2225209339563146
2016-09-17 09:00:00,770.1666666666666,6.433333333333333,9,5,9,0.7071067811865476,-0.7071067811865475,-0.9749279121818236,-0.2225209339563146
2016-09-17 10:00:00,676.5,6.233333333333333,10,5,9,0.49999999999999994,-0.8660254037844387,-0.9749279121818236,-0.2225209339563146
2016-09-17 11:00:00,624.0,6.116666666666666,11,5,9,0.258819045102521,-0.9659258262890682,-0.9749279121818236,-0.2225209339563146
2016-09-17 12:00:00,621.8333333333334,6.05,12,5,9,1.2246467991473532e-16,-1.0,-0.9749279121818236,-0.2225209339563146
2016-09-17 13:00:00,896.8333333333334,6.8999999999999995,13,5,9,-0.2588190451025208,-0.9659258262890683,-0.9749279121818236,-0.2225209339563146
2016-09-17 14:00:00,1277.3333333333333,7.916666666666668,14,5,9,-0.4999999999999998,-0.8660254037844388,-0.9749279121818236,-0.2225209339563146
2016-09-17 15:00:00,1130.8333333333333,7.416666666666665,15,5,9,-0.7071067811865471,-0.7071067811865479,-0.9749279121818236,-0.2225209339563146
2016-09-17 16:00:00,1010.6666666666666,7.366666666666667,16,5,9,-0.8660254037844384,-0.5000000000000004,-0.9749279121818236,-0.2225209339563146
2016-09-17 17:00:00,1789.3333333333333,9.616666666666667,17,5,9,-0.9659258262890683,-0.25881904510252063,-0.9749279121818236,-0.2225209339563146
2016-09-17 18:00:00,2201.0,10.55,18,5,9,-1.0,-1.8369701987210297e-16,-0.9749279121818236,-0.2225209339563146
2016-09-17 19:00:00,1306.1666666666667,7.8166666666666655,19,5,9,-0.9659258262890684,0.2588190451025203,-0.9749279121818236,-0.2225209339563146
2016-09-17 20:00:00,1002.3333333333334,6.916666666666668,20,5,9,-0.8660254037844386,0.5000000000000001,-0.9749279121818236,-0.2225209339563146
2016-09-17 21:00:00,940.1666666666666,6.75,21,5,9,-0.7071067811865477,0.7071067811865474,-0.9749279121818236,-0.2225209339563146
2016-09-17 22:00:00,1011.6666666666666,7.216666666666666,22,5,9,-0.5000000000000004,0.8660254037844384,-0.9749279121818236,-0.2225209339563146
2016-09-17 23:00:00,770.1666666666666,6.499999999999999,23,5,9,-0.25881904510252157,0.9659258262890681,-0.9749279121818236,-0.2225209339563146
2016-09-18 00:00:00,267.0,6.733333333333334,0,6,9,0.0,1.0,-0.7818314824680299,0.6234898018587334
2016-09-18 01:00:00,1.1666666666666667,7.55,1,6,9,0.25881904510252074,0.9659258262890683,-0.7818314824680299,0.6234898018587334
2016-09-18 02:00:00,-2.0,9.0,2,6,9,0.49999999999999994,0.8660254037844387,-0.7818314824680299,0.6234898018587334
2016-09-18 03:00:00,-2.1666666666666665,6.183333333333334,3,6,9,0.7071067811865475,0.7071067811865476,-0.7818314824680299,0.6234898018587334
2016-09-18 04:00:00,-2.0,5.8999999999999995,4,6,9,0.8660254037844386,0.5000000000000001,-0.7818314824680299,0.6234898018587334
2016-09-18 05:00:00,-2.0,6.483333333333333,5,6,9,0.9659258262890683,0.25881904510252074,-0.7818314824680299,0.6234898018587334
2016-09-18 06:00:00,-2.0,5.2,6,6,9,1.0,6.123233995736766e-17,-0.7818314824680299,0.6234898018587334
2016-09-18 07:00:00,-3.3333333333333335,4.883333333333334,7,6,9,0.9659258262890683,-0.25881904510252063,-0.7818314824680299,0.6234898018587334
2016-09-18 08:00:00,-3.1666666666666665,4.583333333333333,8,6,9,0.8660254037844387,-0.49999999999999983,-0.7818314824680299,0.6234898018587334
2016-09-18 09:00:00,-2.0,4.466666666666666,9,6,9,0.7071067811865476,-0.7071067811865475,-0.7818314824680299,0.6234898018587334
2016-09-18 10:00:00,-2.0,4.800000000000001,10,6,9,0.49999999999999994,-0.8660254037844387,-0.7818314824680299,0.6234898018587334
2016-09-18 11:00:00,-2.3333333333333335,4.6000000000000005,11,6,9,0.258819045102521,-0.9659258262890682,-0.7818314824680299,0.6234898018587334
2016-09-18 12:00:00,-2.6666666666666665,4.15,12,6,9,1.2246467991473532e-16,-1.0,-0.7818314824680299,0.6234898018587334
2016-09-18 13:00:00,-2.3333333333333335,4.833333333333333,13,6,9,-0.2588190451025208,-0.9659258262890683,-0.7818314824680299,0.6234898018587334
2016-09-18 14:00:00,-1.6666666666666667,4.616666666666667,14,6,9,-0.4999999999999998,-0.8660254037844388,-0.7818314824680299,0.6234898018587334
2016-09-18 15:00:00,-1.6666666666666667,4.116666666666667,15,6,9,-0.7071067811865471,-0.7071067811865479,-0.7818314824680299,0.6234898018587334
2016-09-18 16:00:00,-1.0,4.683333333333334,16,6,9,-0.8660254037844384,-0.5000000000000004,-0.7818314824680299,0.6234898018587334
2016-09-18 17:00:00,-2.3333333333333335,5.083333333333333,17,6,9,-0.9659258262890683,-0.25881904510252063,-0.7818314824680299,0.6234898018587334
2016-09-18 18:00:00,231.5,4.683333333333334,18,6,9,-1.0,-1.8369701987210297e-16,-0.7818314824680299,0.6234898018587334
2016-09-18 19:00:00,143.66666666666666,4.066666666666666,19,6,9,-0.9659258262890684,0.2588190451025203,-0.7818314824680299,0.6234898018587334
2016-09-18 20:00:00,320.1666666666667,5.183333333333334,20,6,9,-0.8660254037844386,0.5000000000000001,-0.7818314824680299,0.6234898018587334
2016-09-18 21:00:00,630.0,5.916666666666667,21,6,9,-0.7071067811865477,0.7071067811865474,-0.7818314824680299,0.6234898018587334
2016-09-18 22:00:00,659.8333333333334,6.050000000000001,22,6,9,-0.5000000000000004,0.8660254037844384,-0.7818314824680299,0.6234898018587334
2016-09-18 23:00:00,399.5,5.366666666666667,23,6,9,-0.25881904510252157,0.9659258262890681,-0.7818314824680299,0.6234898018587334
2016-09-19 00:00:00,444.6666666666667,5.6000000000000005,0,0,9,0.0,1.0,0.0,1.0
2016-09-19 01:00:00,777.3333333333334,6.416666666666665,1,0,9,0.25881904510252074,0.9659258262890683,0.0,1.0
2016-09-19 02:00:00,1145.5,7.366666666666666,2,0,9,0.49999999999999994,0.8660254037844387,0.0,1.0
2016-09-19 03:00:00,1043.3333333333333,7.2,3,0,9,0.7071067811865475,0.7071067811865476,0.0,1.0
2016-09-19 04:00:00,578.0,5.8500000000000005,4,0,9,0.8660254037844386,0.5000000000000001,0.0,1.0
2016-09-19 05:00:00,545.5,5.75,5,0,9,0.9659258262890683,0.25881904510252074,0.0,1.0
2016-09-19 06:00:00,342.1666666666667,5.3,6,0,9,1.0,6.123233995736766e-17,0.0,1.0
2016-09-19 07:00:00,289.3333333333333,4.866666666666666,7,0,9,0.9659258262890683,-0.25881904510252063,0.0,1.0
2016-09-19 08:00:00,595.1666666666666,5.883333333333333,8,0,9,0.8660254037844387,-0.49999999999999983,0.0,1.0
2016-09-19 09:00:00,575.3333333333334,5.866666666666667,9,0,9,0.7071067811865476,-0.7071067811865475,0.0,1.0
2016-09-19 10:00:00,333.5,5.083333333333333,10,0,9,0.49999999999999994,-0.8660254037844387,0.0,1.0
2016-09-19 11:00:00,322.6666666666667,5.216666666666668,11,0,9,0.258819045102521,-0.9659258262890682,0.0,1.0
2016-09-19 12:00:00,235.83333333333334,4.633333333333334,12,0,9,1.2246467991473532e-16,-1.0,0.0,1.0
2016-09-19 13:00:00,247.33333333333334,4.783333333333334,13,0,9,-0.2588190451025208,-0.9659258262890683,0.0,1.0
2016-09-19 14:00:00,154.16666666666666,4.233333333333333,14,0,9,-0.4999999999999998,-0.8660254037844388,0.0,1.0
2016-09-19 15:00:00,107.33333333333333,3.9,15,0,9,-0.7071067811865471,-0.7071067811865479,0.0,1.0
2016-09-19 16:00:00,192.66666666666666,4.516666666666667,16,0,9,-0.8660254037844384,-0.5000000000000004,0.0,1.0
2016-09-19 17:00:00,159.16666666666666,4.133333333333334,17,0,9,-0.9659258262890683,-0.25881904510252063,0.0,1.0
2016-09-19 18:00:00,230.83333333333334,4.6000000000000005,18,0,9,-1.0,-1.8369701987210297e-16,0.0,1.0
2016-09-19 19:00:00,200.0,4.25,19,0,9,-0.9659258262890684,0.2588190451025203,0.0,1.0
2016-09-19 20:00:00,198.66666666666666,4.6,20,0,9,-0.8660254037844386,0.5000000000000001,0.0,1.0
2016-09-19 21:00:00,229.16666666666666,4.65,21,0,9,-0.7071067811865477,0.7071067811865474,0.0,1.0
2016-09-19 22:00:00,228.66666666666666,4.633333333333333,22,0,9,-0.5000000000000004,0.8660254037844384,0.0,1.0
2016-09-19 23:00:00,155.83333333333334,4.099999999999999,23,0,9,-0.25881904510252157,0.9659258262890681,0.0,1.0
2016-09-20 00:00:00,70.66666666666667,3.1666666666666665,0,1,9,0.0,1.0,0.7818314824680298,0.6234898018587336
2016-09-20 01:00:00,100.66666666666667,3.5833333333333335,1,1,9,0.25881904510252074,0.9659258262890683,0.7818314824680298,0.6234898018587336
2016-09-20 02:00:00,64.16666666666667,3.233333333333333,2,1,9,0.49999999999999994,0.8660254037844387,0.7818314824680298,0.6234898018587336
2016-09-20 03:00:00,0.0,2.8333333333333335,3,1,9,0.7071067811865475,0.7071067811865476,0.7818314824680298,0.6234898018587336
2016-09-20 04:00:00,48.166666666666664,2.916666666666666,4,1,9,0.8660254037844386,0.5000000000000001,0.7818314824680298,0.6234898018587336
2016-09-20 05:00:00,78.83333333333333,3.1999999999999997,5,1,9,0.9659258262890683,0.25881904510252074,0.7818314824680298,0.6234898018587336
2016-09-20 06:00:00,84.83333333333333,3.616666666666667,6,1,9,1.0,6.123233995736766e-17,0.7818314824680298,0.6234898018587336
2016-09-20 07:00:00,39.333333333333336,2.816666666666667,7,1,9,0.9659258262890683,-0.25881904510252063,0.7818314824680298,0.6234898018587336
2016-09-20 08:00:00,27.166666666666668,2.5500000000000003,8,1,9,0.8660254037844387,-0.49999999999999983,0.7818314824680298,0.6234898018587336
2016-09-20 09:00:00,3.0,2.0333333333333337,9,1,9,0.7071067811865476,-0.7071067811865475,0.7818314824680298,0.6234898018587336
2016-09-20 10:00:00,-1.6666666666666667,1.2000000000000002,10,1,9,0.49999999999999994,-0.8660254037844387,0.7818314824680298,0.6234898018587336
2016-09-20 11:00:00,-0.16666666666666666,1.4833333333333334,11,1,9,0.258819045102521,-0.9659258262890682,0.7818314824680298,0.6234898018587336
2016-09-20 12:00:00,18.5,2.6166666666666667,12,1,9,1.2246467991473532e-16,-1.0,0.7818314824680298,0.6234898018587336
2016-09-20 13:00:00,30.333333333333332,2.8666666666666667,13,1,9,-0.2588190451025208,-0.9659258262890683,0.7818314824680298,0.6234898018587336
2016-09-20 14:00:00,22.666666666666668,2.733333333333334,14,1,9,-0.4999999999999998,-0.8660254037844388,0.7818314824680298,0.6234898018587336
2016-09-20 15:00:00,38.333333333333336,2.6999999999999997,15,1,9,-0.7071067811865471,-0.7071067811865479,0.7818314824680298,0.6234898018587336
2016-09-20 16:00:00,13.0,2.2333333333333334,16,1,9,-0.8660254037844384,-0.5000000000000004,0.7818314824680298,0.6234898018587336
2016-09-20 17:00:00,74.83333333333333,3.3000000000000003,17,1,9,-0.9659258262890683,-0.25881904510252063,0.7818314824680298,0.6234898018587336
2016-09-20 18:00:00,147.33333333333334,3.966666666666667,18,1,9,-1.0,-1.8369701987210297e-16,0.7818314824680298,0.6234898018587336
2016-09-20 19:00:00,130.0,3.933333333333333,19,1,9,-0.9659258262890684,0.2588190451025203,0.7818314824680298,0.6234898018587336
2016-09-20 20:00:00,240.16666666666666,4.3999999999999995,20,1,9,-0.8660254037844386,0.5000000000000001,0.7818314824680298,0.6234898018587336
2016-09-20 21:00:00,617.5,5.966666666666666,21,1,9,-0.7071067811865477,0.7071067811865474,0.7818314824680298,0.6234898018587336
2016-09-20 22:00:00,469.5,5.366666666666666,22,1,9,-0.5000000000000004,0.8660254037844384,0.7818314824680298,0.6234898018587336
2016-09-20 23:00:00,222.33333333333334,4.766666666666667,23,1,9,-0.25881904510252157,0.9659258262890681,0.7818314824680298,0.6234898018587336
2016-09-21 00:00:00,148.83333333333334,4.116666666666666,0,2,9,0.0,1.0,0.9749279121818236,-0.22252093395631434
2016-09-21 01:00:00,230.16666666666666,4.566666666666666,1,2,9,0.25881904510252074,0.9659258262890683,0.9749279121818236,-0.22252093395631434
2016-09-21 02:00:00,222.66666666666666,4.25,2,2,9,0.49999999999999994,0.8660254037844387,0.9749279121818236,-0.22252093395631434
2016-09-21 03:00:00,241.33333333333334,4.366666666666666,3,2,9,0.7071067811865475,0.7071067811865476,0.9749279121818236,-0.22252093395631434
2016-09-21 04:00:00,167.33333333333334,4.083333333333333,4,2,9,0.8660254037844386,0.5000000000000001,0.9749279121818236,-0.22252093395631434
2016-09-21 05:00:00,344.8333333333333,5.133333333333333,5,2,9,0.9659258262890683,0.25881904510252074,0.9749279121818236,-0.22252093395631434
2016-09-21 06:00:00,396.3333333333333,5.433333333333334,6,2,9,1.0,6.123233995736766e-17,0.9749279121818236,-0.22252093395631434
2016-09-21 07:00:00,444.6666666666667,5.466666666666666,7,2,9,0.9659258262890683,-0.25881904510252063,0.9749279121818236,-0.22252093395631434
2016-09-21 08:00:00,324.3333333333333,4.883333333333334,8,2,9,0.8660254037844387,-0.49999999999999983,0.9749279121818236,-0.22252093395631434
2016-09-21 09:00:00,168.16666666666666,4.05,9,2,9,0.7071067811865476,-0.7071067811865475,0.9749279121818236,-0.22252093395631434
2016-09-21 10:00:00,48.166666666666664,2.9666666666666663,10,2,9,0.49999999999999994,-0.8660254037844387,0.9749279121818236,-0.22252093395631434
2016-09-21 11:00:00,43.0,3.0499999999999994,11,2,9,0.258819045102521,-0.9659258262890682,0.9749279121818236,-0.22252093395631434
2016-09-21 12:00:00,46.833333333333336,3.0,12,2,9,1.2246467991473532e-16,-1.0,0.9749279121818236,-0.22252093395631434
2016-09-21 13:00:00,87.5,3.616666666666666,13,2,9,-0.2588190451025208,-0.9659258262890683,0.9749279121818236,-0.22252093395631434
2016-09-21 14:00:00,70.83333333333333,3.4333333333333336,14,2,9,-0.4999999999999998,-0.8660254037844388,0.9749279121818236,-0.22252093395631434
2016-09-21 15:00:00,116.33333333333333,3.8000000000000003,15,2,9,-0.7071067811865471,-0.7071067811865479,0.9749279121818236,-0.22252093395631434
2016-09-21 16:00:00,62.333333333333336,2.8499999999999996,16,2,9,-0.8660254037844384,-0.5000000000000004,0.9749279121818236,-0.22252093395631434
2016-09-21 17:00:00,34.0,2.6499999999999995,17,2,9,-0.9659258262890683,-0.25881904510252063,0.9749279121818236,-0.22252093395631434
2016-09-21 18:00:00,34.833333333333336,2.6,18,2,9,-1.0,-1.8369701987210297e-16,0.9749279121818236,-0.22252093395631434
2016-09-21 19:00:00,100.83333333333333,3.2833333333333337,19,2,9,-0.9659258262890684,0.2588190451025203,0.9749279121818236,-0.22252093395631434
2016-09-21 20:00:00,217.33333333333334,4.483333333333333,20,2,9,-0.8660254037844386,0.5000000000000001,0.9749279121818236,-0.22252093395631434
2016-09-21 21:00:00,153.5,4.05,21,2,9,-0.7071067811865477,0.7071067811865474,0.9749279121818236,-0.22252093395631434
2016-09-21 22:00:00,100.66666666666667,3.766666666666666,22,2,9,-0.5000000000000004,0.8660254037844384,0.9749279121818236,-0.22252093395631434
2016-09-21 23:00:00,68.66666666666667,3.3333333333333335,23,2,9,-0.25881904510252157,0.9659258262890681,0.9749279121818236,-0.22252093395631434
2016-09-22 00:00:00,11.833333333333334,2.3166666666666664,0,3,9,0.0,1.0,0.43388373911755823,-0.900968867902419
2016-09-22 01:00:00,1.3333333333333333,1.9166666666666667,1,3,9,0.25881904510252074,0.9659258262890683,0.43388373911755823,-0.900968867902419
2016-09-22 02:00:00,-2.0,1.0166666666666666,2,3,9,0.49999999999999994,0.8660254037844387,0.43388373911755823,-0.900968867902419
2016-09-22 03:00:00,-1.6666666666666667,1.4333333333333333,3,3,9,0.7071067811865475,0.7071067811865476,0.43388373911755823,-0.900968867902419
2016-09-22 04:00:00,-0.3333333333333333,1.8499999999999999,4,3,9,0.8660254037844386,0.5000000000000001,0.43388373911755823,-0.900968867902419
2016-09-22 05:00:00,9.833333333333334,2.1333333333333333,5,3,9,0.9659258262890683,0.25881904510252074,0.43388373911755823,-0.900968867902419
2016-09-22 06:00:00,-1.5,1.1666666666666667,6,3,9,1.0,6.123233995736766e-17,0.43388373911755823,-0.900968867902419
2016-09-22 07:00:00,-1.0,0.55,7,3,9,0.9659258262890683,-0.25881904510252063,0.43388373911755823,-0.900968867902419
2016-09-22 08:00:00,-1.0,0.3833333333333333,8,3,9,0.8660254037844387,-0.49999999999999983,0.43388373911755823,-0.900968867902419
2016-09-22 09:00:00,-1.0,0.65,9,3,9,0.7071067811865476,-0.7071067811865475,0.43388373911755823,-0.900968867902419
2016-09-22 10:00:00,-1.0,0.6166666666666666,10,3,9,0.49999999999999994,-0.8660254037844387,0.43388373911755823,-0.900968867902419
2016-09-22 11:00:00,-1.1666666666666667,0.9499999999999998,11,3,9,0.258819045102521,-0.9659258262890682,0.43388373911755823,-0.900968867902419
2016-09-22 12:00:00,1.5,1.9000000000000001,12,3,9,1.2246467991473532e-16,-1.0,0.43388373911755823,-0.900968867902419
2016-09-22 13:00:00,-0.5,1.9333333333333336,13,3,9,-0.2588190451025208,-0.9659258262890683,0.43388373911755823,-0.900968867902419
2016-09-22 14:00:00,-2.0,1.2166666666666666,14,3,9,-0.4999999999999998,-0.8660254037844388,0.43388373911755823,-0.900968867902419
2016-09-22 15:00:00,1.0,1.8666666666666665,15,3,9,-0.7071067811865471,-0.7071067811865479,0.43388373911755823,-0.900968867902419
2016-09-22 16:00:00,38.0,2.8333333333333335,16,3,9,-0.8660254037844384,-0.5000000000000004,0.43388373911755823,-0.900968867902419
2016-09-22 17:00:00,54.0,2.9499999999999997,17,3,9,-0.9659258262890683,-0.25881904510252063,0.43388373911755823,-0.900968867902419
2016-09-22 18:00:00,-1.5,1.05,18,3,9,-1.0,-1.8369701987210297e-16,0.43388373911755823,-0.900968867902419
2016-09-22 19:00:00,-1.0,0.6166666666666667,19,3,9,-0.9659258262890684,0.2588190451025203,0.43388373911755823,-0.900968867902419
2016-09-22 20:00:00,-1.1666666666666667,0.16666666666666666,20,3,9,-0.8660254037844386,0.5000000000000001,0.43388373911755823,-0.900968867902419
2016-09-22 21:00:00,-2.0,1.1833333333333333,21,3,9,-0.7071067811865477,0.7071067811865474,0.43388373911755823,-0.900968867902419
2016-09-22 22:00:00,-1.3333333333333333,1.4666666666666668,22,3,9,-0.5000000000000004,0.8660254037844384,0.43388373911755823,-0.900968867902419
2016-09-22 23:00:00,-1.3333333333333333,0.8666666666666667,23,3,9,-0.25881904510252157,0.9659258262890681,0.43388373911755823,-0.900968867902419
2016-09-23 00:00:00,0.16666666666666666,1.6500000000000001,0,4,9,0.0,1.0,-0.433883739117558,-0.9009688679024191
2016-09-23 01:00:00,-1.0,1.7999999999999998,1,4,9,0.25881904510252074,0.9659258262890683,-0.433883739117558,-0.9009688679024191
2016-09-23 02:00:00,4.5,2.2,2,4,9,0.49999999999999994,0.8660254037844387,-0.433883739117558,-0.9009688679024191
2016-09-23 03:00:00,3.0,2.1333333333333333,3,4,9,0.7071067811865475,0.7071067811865476,-0.433883739117558,-0.9009688679024191
2016-09-23 04:00:00,42.5,2.8833333333333333,4,4,9,0.8660254037844386,0.5000000000000001,-0.433883739117558,-0.9009688679024191
2016-09-23 05:00:00,17.0,2.716666666666667,5,4,9,0.9659258262890683,0.25881904510252074,-0.433883739117558,-0.9009688679024191
2016-09-23 06:00:00,4.833333333333333,2.3833333333333333,6,4,9,1.0,6.123233995736766e-17,-0.433883739117558,-0.9009688679024191
2016-09-23 07:00:00,-2.1666666666666665,1.7833333333333332,7,4,9,0.9659258262890683,-0.25881904510252063,-0.433883739117558,-0.9009688679024191
2016-09-23 08:00:00,-1.0,1.75,8,4,9,0.8660254037844387,-0.49999999999999983,-0.433883739117558,-0.9009688679024191
2016-09-23 09:00:00,-1.8333333333333333,1.4333333333333333,9,4,9,0.7071067811865476,-0.7071067811865475,-0.433883739117558,-0.9009688679024191
2016-09-23 10:00:00,-2.0,0.7500000000000001,10,4,9,0.49999999999999994,-0.8660254037844387,-0.433883739117558,-0.9009688679024191
2016-09-23 11:00:00,-1.0,0.6666666666666666,11,4,9,0.258819045102521,-0.9659258262890682,-0.433883739117558,-0.9009688679024191
2016-09-23 12:00:00,-1.5,0.65,12,4,9,1.2246467991473532e-16,-1.0,-0.433883739117558,-0.9009688679024191
2016-09-23 13:00:00,-2.5,1.25,13,4,9,-0.2588190451025208,-0.9659258262890683,-0.433883739117558,-0.9009688679024191
2016-09-23 14:00:00,-2.8333333333333335,1.8,14,4,9,-0.4999999999999998,-0.8660254037844388,-0.433883739117558,-0.9009688679024191
2016-09-23 15:00:00,59.833333333333336,3.233333333333334,15,4,9,-0.7071067811865471,-0.7071067811865479,-0.433883739117558,-0.9009688679024191
2016-09-23 16:00:00,39.5,3.0666666666666664,16,4,9,-0.8660254037844384,-0.5000000000000004,-0.433883739117558,-0.9009688679024191
2016-09-23 17:00:00,49.5,3.066666666666667,17,4,9,-0.9659258262890683,-0.25881904510252063,-0.433883739117558,-0.9009688679024191
2016-09-23 18:00:00,73.5,3.3333333333333335,18,4,9,-1.0,-1.8369701987210297e-16,-0.433883739117558,-0.9009688679024191
2016-09-23 19:00:00,102.33333333333333,3.6333333333333333,19,4,9,-0.9659258262890684,0.2588190451025203,-0.433883739117558,-0.9009688679024191
2016-09-23 20:00:00,118.66666666666667,3.6999999999999997,20,4,9,-0.8660254037844386,0.5000000000000001,-0.433883739117558,-0.9009688679024191
2016-09-23 21:00:00,281.8333333333333,4.483333333333333,21,4,9,-0.7071067811865477,0.7071067811865474,-0.433883739117558,-0.9009688679024191
2016-09-23 22:00:00,142.5,3.5999999999999996,22,4,9,-0.5000000000000004,0.8660254037844384,-0.433883739117558,-0.9009688679024191
2016-09-23 23:00:00,6.5,2.15,23,4,9,-0.25881904510252157,0.9659258262890681,-0.433883739117558,-0.9009688679024191
2016-09-24 00:00:00,0.5,1.8166666666666667,0,5,9,0.0,1.0,-0.9749279121818236,-0.2225209339563146
2016-09-24 01:00:00,-1.1666666666666667,0.5,1,5,9,0.25881904510252074,0.9659258262890683,-0.9749279121818236,-0.2225209339563146
2016-09-24 02:00:00,-1.5,0.7166666666666668,2,5,9,0.49999999999999994,0.8660254037844387,-0.9749279121818236,-0.2225209339563146
2016-09-24 03:00:00,-1.5,1.2,3,5,9,0.7071067811865475,0.7071067811865476,-0.9749279121818236,-0.2225209339563146
2016-09-24 04:00:00,-1.0,0.7999999999999999,4,5,9,0.8660254037844386,0.5000000000000001,-0.9749279121818236,-0.2225209339563146
2016-09-24 05:00:00,-1.0,0.3833333333333333,5,5,9,0.9659258262890683,0.25881904510252074,-0.9749279121818236,-0.2225209339563146
2016-09-24 06:00:00,-1.1666666666666667,0.9666666666666667,6,5,9,1.0,6.123233995736766e-17,-0.9749279121818236,-0.2225209339563146
2016-09-24 07:00:00,-1.0,0.35000000000000003,7,5,9,0.9659258262890683,-0.25881904510252063,-0.9749279121818236,-0.2225209339563146
2016-09-24 08:00:00,-1.3333333333333333,1.3333333333333333,8,5,9,0.8660254037844387,-0.49999999999999983,-0.9749279121818236,-0.2225209339563146
2016-09-24 09:00:00,-1.8333333333333333,1.4833333333333332,9,5,9,0.7071067811865476,-0.7071067811865475,-0.9749279121818236,-0.2225209339563146
2016-09-24 10:00:00,-1.1666666666666667,1.0833333333333335,10,5,9,0.49999999999999994,-0.8660254037844387,-0.9749279121818236,-0.2225209339563146
2016-09-24 11:00:00,-1.5,0.5499999999999999,11,5,9,0.258819045102521,-0.9659258262890682,-0.9749279121818236,-0.2225209339563146
2016-09-24 12:00:00,-1.1666666666666667,1.15,12,5,9,1.2246467991473532e-16,-1.0,-0.9749279121818236,-0.2225209339563146
2016-09-24 13:00:00,-0.16666666666666666,2.1666666666666665,13,5,9,-0.2588190451025208,-0.9659258262890683,-0.9749279121818236,-0.2225209339563146
2016-09-24 14:00:00,11.666666666666666,2.6666666666666665,14,5,9,-0.4999999999999998,-0.8660254037844388,-0.9749279121818236,-0.2225209339563146
2016-09-24 15:00:00,8.166666666666666,2.0833333333333335,15,5,9,-0.7071067811865471,-0.7071067811865479,-0.9749279121818236,-0.2225209339563146
2016-09-24 16:00:00,7.166666666666667,1.6500000000000001,16,5,9,-0.8660254037844384,-0.5000000000000004,-0.9749279121818236,-0.2225209339563146
2016-09-24 17:00:00,30.0,2.6999999999999997,17,5,9,-0.9659258262890683,-0.25881904510252063,-0.9749279121818236,-0.2225209339563146
2016-09-24 18:00:00,119.83333333333333,3.766666666666667,18,5,9,-1.0,-1.8369701987210297e-16,-0.9749279121818236,-0.2225209339563146
2016-09-24 19:00:00,334.3333333333333,5.033333333333332,19,5,9,-0.9659258262890684,0.2588190451025203,-0.9749279121818236,-0.2225209339563146
2016-09-24 20:00:00,296.0,4.949999999999999,20,5,9,-0.8660254037844386,0.5000000000000001,-0.9749279121818236,-0.2225209339563146
2016-09-24 21:00:00,271.8333333333333,4.7,21,5,9,-0.7071067811865477,0.7071067811865474,-0.9749279121818236,-0.2225209339563146
2016-09-24 22:00:00,811.6666666666666,6.1000000000000005,22,5,9,-0.5000000000000004,0.8660254037844384,-0.9749279121818236,-0.2225209339563146
2016-09-24 23:00:00,1134.6666666666667,7.083333333333333,23,5,9,-0.25881904510252157,0.9659258262890681,-0.9749279121818236,-0.2225209339563146
2016-09-25 00:00:00,520.1666666666666,5.416666666666667,0,6,9,0.0,1.0,-0.7818314824680299,0.6234898018587334
2016-09-25 01:00:00,418.1666666666667,5.283333333333332,1,6,9,0.25881904510252074,0.9659258262890683,-0.7818314824680299,0.6234898018587334
2016-09-25 02:00:00,171.0,4.166666666666667,2,6,9,0.49999999999999994,0.8660254037844387,-0.7818314824680299,0.6234898018587334
2016-09-25 03:00:00,85.16666666666667,3.6666666666666674,3,6,9,0.7071067811865475,0.7071067811865476,-0.7818314824680299,0.6234898018587334
2016-09-25 04:00:00,33.166666666666664,2.766666666666666,4,6,9,0.8660254037844386,0.5000000000000001,-0.7818314824680299,0.6234898018587334
2016-09-25 05:00:00,52.0,2.9,5,6,9,0.9659258262890683,0.25881904510252074,-0.7818314824680299,0.6234898018587334
2016-09-25 06:00:00,60.666666666666664,3.266666666666667,6,6,9,1.0,6.123233995736766e-17,-0.7818314824680299,0.6234898018587334
2016-09-25 07:00:00,99.16666666666667,3.4500000000000006,7,6,9,0.9659258262890683,-0.25881904510252063,-0.7818314824680299,0.6234898018587334
2016-09-25 08:00:00,81.0,3.1166666666666667,8,6,9,0.8660254037844387,-0.49999999999999983,-0.7818314824680299,0.6234898018587334
2016-09-25 09:00:00,41.666666666666664,2.566666666666667,9,6,9,0.7071067811865476,-0.7071067811865475,-0.7818314824680299,0.6234898018587334
2016-09-25 10:00:00,-1.0,1.95,10,6,9,0.49999999999999994,-0.8660254037844387,-0.7818314824680299,0.6234898018587334
2016-09-25 11:00:00,13.833333333333334,2.433333333333333,11,6,9,0.258819045102521,-0.9659258262890682,-0.7818314824680299,0.6234898018587334
2016-09-25 12:00:00,5.333333333333333,2.4666666666666663,12,6,9,1.2246467991473532e-16,-1.0,-0.7818314824680299,0.6234898018587334
2016-09-25 13:00:00,10.166666666666666,2.5,13,6,9,-0.2588190451025208,-0.9659258262890683,-0.7818314824680299,0.6234898018587334
2016-09-25 14:00:00,8.666666666666666,2.533333333333333,14,6,9,-0.4999999999999998,-0.8660254037844388,-0.7818314824680299,0.6234898018587334
2016-09-25 15:00:00,-2.6666666666666665,1.4666666666666666,15,6,9,-0.7071067811865471,-0.7071067811865479,-0.7818314824680299,0.6234898018587334
2016-09-25 16:00:00,6.0,2.35,16,6,9,-0.8660254037844384,-0.5000000000000004,-0.7818314824680299,0.6234898018587334
2016-09-25 17:00:00,-2.0,1.8,17,6,9,-0.9659258262890683,-0.25881904510252063,-0.7818314824680299,0.6234898018587334
2016-09-25 18:00:00,-2.1666666666666665,1.3499999999999999,18,6,9,-1.0,-1.8369701987210297e-16,-0.7818314824680299,0.6234898018587334
2016-09-25 19:00:00,14.0,2.1166666666666667,19,6,9,-0.9659258262890684,0.2588190451025203,-0.7818314824680299,0.6234898018587334
2016-09-25 20:00:00,55.666666666666664,2.9166666666666665,20,6,9,-0.8660254037844386,0.5000000000000001,-0.7818314824680299,0.6234898018587334
2016-09-25 21:00:00,184.33333333333334,4.133333333333333,21,6,9,-0.7071067811865477,0.7071067811865474,-0.7818314824680299,0.6234898018587334
2016-09-25 22:00:00,391.6666666666667,4.983333333333333,22,6,9,-0.5000000000000004,0.8660254037844384,-0.7818314824680299,0.6234898018587334
2016-09-25 23:00:00,279.5,4.833333333333333,23,6,9,-0.25881904510252157,0.9659258262890681,-0.7818314824680299,0.6234898018587334
2016-09-26 00:00:00,32.666666666666664,2.5833333333333335,0,0,9,0.0,1.0,0.0,1.0
2016-09-26 01:00:00,7.666666666666667,2.1333333333333333,1,0,9,0.25881904510252074,0.9659258262890683,0.0,1.0
2016-09-26 02:00:00,-1.1666666666666667,1.7333333333333332,2,0,9,0.49999999999999994,0.8660254037844387,0.0,1.0
2016-09-26 03:00:00,54.5,2.9499999999999997,3,0,9,0.7071067811865475,0.7071067811865476,0.0,1.0
2016-09-26 04:00:00,99.66666666666667,3.5499999999999994,4,0,9,0.8660254037844386,0.5000000000000001,0.0,1.0
2016-09-26 05:00:00,53.166666666666664,2.9,5,0,9,0.9659258262890683,0.25881904510252074,0.0,1.0
2016-09-26 06:00:00,180.5,4.116666666666666,6,0,9,1.0,6.123233995736766e-17,0.0,1.0
2016-09-26 07:00:00,310.8333333333333,4.6833333333333345,7,0,9,0.9659258262890683,-0.25881904510252063,0.0,1.0
2016-09-26 08:00:00,53.5,3.266666666666667,8,0,9,0.8660254037844387,-0.49999999999999983,0.0,1.0
2016-09-26 09:00:00,64.16666666666667,3.1500000000000004,9,0,9,0.7071067811865476,-0.7071067811865475,0.0,1.0
2016-09-26 10:00:00,33.333333333333336,2.8000000000000003,10,0,9,0.49999999999999994,-0.8660254037844387,0.0,1.0
2016-09-26 11:00:00,16.5,2.5500000000000003,11,0,9,0.258819045102521,-0.9659258262890682,0.0,1.0
2016-09-26 12:00:00,20.333333333333332,2.6666666666666665,12,0,9,1.2246467991473532e-16,-1.0,0.0,1.0
2016-09-26 13:00:00,-2.3333333333333335,1.9500000000000002,13,0,9,-0.2588190451025208,-0.9659258262890683,0.0,1.0
2016-09-26 14:00:00,-1.8333333333333333,1.6500000000000001,14,0,9,-0.4999999999999998,-0.8660254037844388,0.0,1.0
2016-09-26 15:00:00,1.0,1.7333333333333334,15,0,9,-0.7071067811865471,-0.7071067811865479,0.0,1.0
2016-09-26 16:00:00,20.333333333333332,2.466666666666667,16,0,9,-0.8660254037844384,-0.5000000000000004,0.0,1.0
2016-09-26 17:00:00,78.16666666666667,3.4666666666666663,17,0,9,-0.9659258262890683,-0.25881904510252063,0.0,1.0
2016-09-26 18:00:00,115.0,3.766666666666666,18,0,9,-1.0,-1.8369701987210297e-16,0.0,1.0
2016-09-26 19:00:00,135.83333333333334,3.85,19,0,9,-0.9659258262890684,0.2588190451025203,0.0,1.0
2016-09-26 20:00:00,423.8333333333333,5.183333333333334,20,0,9,-0.8660254037844386,0.5000000000000001,0.0,1.0
2016-09-26 21:00:00,173.83333333333334,4.216666666666667,21,0,9,-0.7071067811865477,0.7071067811865474,0.0,1.0
2016-09-26 22:00:00,414.8333333333333,5.066666666666667,22,0,9,-0.5000000000000004,0.8660254037844384,0.0,1.0
2016-09-26 23:00:00,436.5,5.333333333333333,23,0,9,-0.25881904510252157,0.9659258262890681,0.0,1.0
2016-09-27 00:00:00,162.83333333333334,4.2,0,1,9,0.0,1.0,0.7818314824680298,0.6234898018587336
2016-09-27 01:00:00,56.0,3.2833333333333337,1,1,9,0.25881904510252074,0.9659258262890683,0.7818314824680298,0.6234898018587336
2016-09-27 02:00:00,58.5,3.033333333333333,2,1,9,0.49999999999999994,0.8660254037844387,0.7818314824680298,0.6234898018587336
2016-09-27 03:00:00,34.833333333333336,2.75,3,1,9,0.7071067811865475,0.7071067811865476,0.7818314824680298,0.6234898018587336
2016-09-27 04:00:00,72.16666666666667,3.2000000000000006,4,1,9,0.8660254037844386,0.5000000000000001,0.7818314824680298,0.6234898018587336
2016-09-27 05:00:00,54.166666666666664,2.966666666666667,5,1,9,0.9659258262890683,0.25881904510252074,0.7818314824680298,0.6234898018587336
2016-09-27 06:00:00,44.166666666666664,2.883333333333333,6,1,9,1.0,6.123233995736766e-17,0.7818314824680298,0.6234898018587336
2016-09-27 07:00:00,20.5,2.5500000000000003,7,1,9,0.9659258262890683,-0.25881904510252063,0.7818314824680298,0.6234898018587336
2016-09-27 08:00:00,51.0,2.8166666666666664,8,1,9,0.8660254037844387,-0.49999999999999983,0.7818314824680298,0.6234898018587336
2016-09-27 09:00:00,84.33333333333333,3.366666666666667,9,1,9,0.7071067811865476,-0.7071067811865475,0.7818314824680298,0.6234898018587336
2016-09-27 10:00:00,2.0,1.6833333333333333,10,1,9,0.49999999999999994,-0.8660254037844387,0.7818314824680298,0.6234898018587336
2016-09-27 11:00:00,-1.3333333333333333,0.7666666666666667,11,1,9,0.258819045102521,-0.9659258262890682,0.7818314824680298,0.6234898018587336
2016-09-27 12:00:00,-2.5,1.7166666666666666,12,1,9,1.2246467991473532e-16,-1.0,0.7818314824680298,0.6234898018587336
2016-09-27 13:00:00,-2.0,1.1166666666666667,13,1,9,-0.2588190451025208,-0.9659258262890683,0.7818314824680298,0.6234898018587336
2016-09-27 14:00:00,-2.1666666666666665,1.8,14,1,9,-0.4999999999999998,-0.8660254037844388,0.7818314824680298,0.6234898018587336
2016-09-27 15:00:00,-2.1666666666666665,1.2333333333333334,15,1,9,-0.7071067811865471,-0.7071067811865479,0.7818314824680298,0.6234898018587336
2016-09-27 16:00:00,-1.1666666666666667,1.2666666666666666,16,1,9,-0.8660254037844384,-0.5000000000000004,0.7818314824680298,0.6234898018587336
2016-09-27 17:00:00,-1.3333333333333333,1.3499999999999999,17,1,9,-0.9659258262890683,-0.25881904510252063,0.7818314824680298,0.6234898018587336
2016-09-27 18:00:00,-1.1666666666666667,1.6666666666666667,18,1,9,-1.0,-1.8369701987210297e-16,0.7818314824680298,0.6234898018587336
2016-09-27 19:00:00,-1.3333333333333333,1.6000000000000003,19,1,9,-0.9659258262890684,0.2588190451025203,0.7818314824680298,0.6234898018587336
2016-09-27 20:00:00,-1.0,1.9833333333333334,20,1,9,-0.8660254037844386,0.5000000000000001,0.7818314824680298,0.6234898018587336
2016-09-27 21:00:00,-1.0,2.6166666666666667,21,1,9,-0.7071067811865477,0.7071067811865474,0.7818314824680298,0.6234898018587336
2016-09-27 22:00:00,75.5,3.483333333333334,22,1,9,-0.5000000000000004,0.8660254037844384,0.7818314824680298,0.6234898018587336
2016-09-27 23:00:00,55.5,3.066666666666667,23,1,9,-0.25881904510252157,0.9659258262890681,0.7818314824680298,0.6234898018587336
2016-09-28 00:00:00,4.333333333333333,2.05,0,2,9,0.0,1.0,0.9749279121818236,-0.22252093395631434
2016-09-28 01:00:00,-0.3333333333333333,2.1166666666666667,1,2,9,0.25881904510252074,0.9659258262890683,0.9749279121818236,-0.22252093395631434
2016-09-28 02:00:00,1.6666666666666667,2.2333333333333334,2,2,9,0.49999999999999994,0.8660254037844387,0.9749279121818236,-0.22252093395631434
2016-09-28 03:00:00,155.0,3.8000000000000003,3,2,9,0.7071067811865475,0.7071067811865476,0.9749279121818236,-0.22252093395631434
2016-09-28 04:00:00,321.0,5.133333333333334,4,2,9,0.8660254037844386,0.5000000000000001,0.9749279121818236,-0.22252093395631434
2016-09-28 05:00:00,229.66666666666666,4.666666666666667,5,2,9,0.9659258262890683,0.25881904510252074,0.9749279121818236,-0.22252093395631434
2016-09-28 06:00:00,158.5,4.183333333333334,6,2,9,1.0,6.123233995736766e-17,0.9749279121818236,-0.22252093395631434
2016-09-28 07:00:00,203.33333333333334,4.550000000000001,7,2,9,0.9659258262890683,-0.25881904510252063,0.9749279121818236,-0.22252093395631434
2016-09-28 08:00:00,596.5,5.6499999999999995,8,2,9,0.8660254037844387,-0.49999999999999983,0.9749279121818236,-0.22252093395631434
2016-09-28 09:00:00,837.6666666666666,6.583333333333335,9,2,9,0.7071067811865476,-0.7071067811865475,0.9749279121818236,-0.22252093395631434
2016-09-28 10:00:00,779.3333333333334,6.183333333333334,10,2,9,0.49999999999999994,-0.8660254037844387,0.9749279121818236,-0.22252093395631434
2016-09-28 11:00:00,478.6666666666667,5.566666666666666,11,2,9,0.258819045102521,-0.9659258262890682,0.9749279121818236,-0.22252093395631434
2016-09-28 12:00:00,1151.1666666666667,7.316666666666666,12,2,9,1.2246467991473532e-16,-1.0,0.9749279121818236,-0.22252093395631434
2016-09-28 13:00:00,1411.1666666666667,8.200000000000001,13,2,9,-0.2588190451025208,-0.9659258262890683,0.9749279121818236,-0.22252093395631434
2016-09-28 14:00:00,1249.3333333333333,7.5,14,2,9,-0.4999999999999998,-0.8660254037844388,0.9749279121818236,-0.22252093395631434
2016-09-28 15:00:00,1549.8333333333333,8.416666666666666,15,2,9,-0.7071067811865471,-0.7071067811865479,0.9749279121818236,-0.22252093395631434
2016-09-28 16:00:00,2075.1666666666665,9.983333333333334,16,2,9,-0.8660254037844384,-0.5000000000000004,0.9749279121818236,-0.22252093395631434
2016-09-28 17:00:00,1882.8333333333333,9.183333333333334,17,2,9,-0.9659258262890683,-0.25881904510252063,0.9749279121818236,-0.22252093395631434
2016-09-28 18:00:00,1378.3333333333333,8.066666666666665,18,2,9,-1.0,-1.8369701987210297e-16,0.9749279121818236,-0.22252093395631434
2016-09-28 19:00:00,778.5,6.3500000000000005,19,2,9,-0.9659258262890684,0.2588190451025203,0.9749279121818236,-0.22252093395631434
2016-09-28 20:00:00,833.5,6.3999999999999995,20,2,9,-0.8660254037844386,0.5000000000000001,0.9749279121818236,-0.22252093395631434
2016-09-28 21:00:00,1159.3333333333333,7.033333333333334,21,2,9,-0.7071067811865477,0.7071067811865474,0.9749279121818236,-0.22252093395631434
2016-09-28 22:00:00,1452.1666666666667,7.899999999999999,22,2,9,-0.5000000000000004,0.8660254037844384,0.9749279121818236,-0.22252093395631434
2016-09-28 23:00:00,1253.1666666666667,7.683333333333334,23,2,9,-0.25881904510252157,0.9659258262890681,0.9749279121818236,-0.22252093395631434
2016-09-29 00:00:00,1468.1666666666667,8.049999999999999,0,3,9,0.0,1.0,0.43388373911755823,-0.900968867902419
2016-09-29 01:00:00,1623.0,8.700000000000001,1,3,9,0.25881904510252074,0.9659258262890683,0.43388373911755823,-0.900968867902419
2016-09-29 02:00:00,1428.3333333333333,8.65,2,3,9,0.49999999999999994,0.8660254037844387,0.43388373911755823,-0.900968867902419
2016-09-29 03:00:00,1084.1666666666667,7.383333333333334,3,3,9,0.7071067811865475,0.7071067811865476,0.43388373911755823,-0.900968867902419
2016-09-29 04:00:00,752.5,6.416666666666667,4,3,9,0.8660254037844386,0.5000000000000001,0.43388373911755823,-0.900968867902419
2016-09-29 05:00:00,591.1666666666666,5.783333333333334,5,3,9,0.9659258262890683,0.25881904510252074,0.43388373911755823,-0.900968867902419
2016-09-29 06:00:00,440.3333333333333,5.416666666666667,6,3,9,1.0,6.123233995736766e-17,0.43388373911755823,-0.900968867902419
2016-09-29 07:00:00,1279.3333333333333,7.466666666666668,7,3,9,0.9659258262890683,-0.25881904510252063,0.43388373911755823,-0.900968867902419
2016-09-29 08:00:00,1603.5,8.4,8,3,9,0.8660254037844387,-0.49999999999999983,0.43388373911755823,-0.900968867902419
2016-09-29 09:00:00,1547.8333333333333,8.616666666666667,9,3,9,0.7071067811865476,-0.7071067811865475,0.43388373911755823,-0.900968867902419
2016-09-29 10:00:00,871.6666666666666,6.849999999999999,10,3,9,0.49999999999999994,-0.8660254037844387,0.43388373911755823,-0.900968867902419
2016-09-29 11:00:00,798.3333333333334,6.566666666666666,11,3,9,0.258819045102521,-0.9659258262890682,0.43388373911755823,-0.900968867902419
2016-09-29 12:00:00,1233.0,7.8500000000000005,12,3,9,1.2246467991473532e-16,-1.0,0.43388373911755823,-0.900968867902419
2016-09-29 13:00:00,636.6666666666666,7.1000000000000005,13,3,9,-0.2588190451025208,-0.9659258262890683,0.43388373911755823,-0.900968867902419
2016-09-29 14:00:00,-1.1666666666666667,7.616666666666667,14,3,9,-0.4999999999999998,-0.8660254037844388,0.43388373911755823,-0.900968867902419
2016-09-29 15:00:00,-1.0,8.733333333333333,15,3,9,-0.7071067811865471,-0.7071067811865479,0.43388373911755823,-0.900968867902419
2016-09-29 16:00:00,69.5,8.4,16,3,9,-0.8660254037844384,-0.5000000000000004,0.43388373911755823,-0.900968867902419
2016-09-29 17:00:00,1881.3333333333333,9.433333333333334,17,3,9,-0.9659258262890683,-0.25881904510252063,0.43388373911755823,-0.900968867902419
2016-09-29 18:00:00,1934.8333333333333,9.583333333333334,18,3,9,-1.0,-1.8369701987210297e-16,0.43388373911755823,-0.900968867902419
2016-09-29 19:00:00,2072.3333333333335,10.066666666666666,19,3,9,-0.9659258262890684,0.2588190451025203,0.43388373911755823,-0.900968867902419
2016-09-29 20:00:00,1876.6666666666667,9.166666666666666,20,3,9,-0.8660254037844386,0.5000000000000001,0.43388373911755823,-0.900968867902419
2016-09-29 21:00:00,2481.5,10.649999999999999,21,3,9,-0.7071067811865477,0.7071067811865474,0.43388373911755823,-0.900968867902419
2016-09-29 22:00:00,2609.0,12.85,22,3,9,-0.5000000000000004,0.8660254037844384,0.43388373911755823,-0.900968867902419
2016-09-29 23:00:00,2359.8333333333335,11.133333333333335,23,3,9,-0.25881904510252157,0.9659258262890681,0.43388373911755823,-0.900968867902419
2016-09-30 00:00:00,1759.8333333333333,9.333333333333334,0,4,9,0.0,1.0,-0.433883739117558,-0.9009688679024191
2016-09-30 01:00:00,1585.5,8.566666666666668,1,4,9,0.25881904510252074,0.9659258262890683,-0.433883739117558,-0.9009688679024191
2016-09-30 02:00:00,1570.6666666666667,8.85,2,4,9,0.49999999999999994,0.8660254037844387,-0.433883739117558,-0.9009688679024191
2016-09-30 03:00:00,774.0,7.0,3,4,9,0.7071067811865475,0.7071067811865476,-0.433883739117558,-0.9009688679024191
2016-09-30 04:00:00,1095.5,7.300000000000001,4,4,9,0.8660254037844386,0.5000000000000001,-0.433883739117558,-0.9009688679024191
2016-09-30 05:00:00,1070.5,7.483333333333333,5,4,9,0.9659258262890683,0.25881904510252074,-0.433883739117558,-0.9009688679024191
2016-09-30 06:00:00,1716.3333333333333,9.35,6,4,9,1.0,6.123233995736766e-17,-0.433883739117558,-0.9009688679024191
2016-09-30 07:00:00,2205.6666666666665,10.416666666666666,7,4,9,0.9659258262890683,-0.25881904510252063,-0.433883739117558,-0.9009688679024191
2016-09-30 08:00:00,1868.3333333333333,9.466666666666667,8,4,9,0.8660254037844387,-0.49999999999999983,-0.433883739117558,-0.9009688679024191
2016-09-30 09:00:00,1904.5,9.483333333333333,9,4,9,0.7071067811865476,-0.7071067811865475,-0.433883739117558,-0.9009688679024191
2016-09-30 10:00:00,961.5,7.116666666666667,10,4,9,0.49999999999999994,-0.8660254037844387,-0.433883739117558,-0.9009688679024191
2016-09-30 11:00:00,654.1666666666666,6.099999999999999,11,4,9,0.258819045102521,-0.9659258262890682,-0.433883739117558,-0.9009688679024191
2016-09-30 12:00:00,751.1666666666666,6.383333333333333,12,4,9,1.2246467991473532e-16,-1.0,-0.433883739117558,-0.9009688679024191
2016-09-30 13:00:00,725.6666666666666,6.216666666666668,13,4,9,-0.2588190451025208,-0.9659258262890683,-0.433883739117558,-0.9009688679024191
2016-09-30 14:00:00,893.3333333333334,6.816666666666666,14,4,9,-0.4999999999999998,-0.8660254037844388,-0.433883739117558,-0.9009688679024191
2016-09-30 15:00:00,1152.5,7.366666666666666,15,4,9,-0.7071067811865471,-0.7071067811865479,-0.433883739117558,-0.9009688679024191
2016-09-30 16:00:00,981.1666666666666,6.949999999999999,16,4,9,-0.8660254037844384,-0.5000000000000004,-0.433883739117558,-0.9009688679024191
2016-09-30 17:00:00,254.5,4.749999999999999,17,4,9,-0.9659258262890683,-0.25881904510252063,-0.433883739117558,-0.9009688679024191
2016-09-30 18:00:00,119.16666666666667,3.65,18,4,9,-1.0,-1.8369701987210297e-16,-0.433883739117558,-0.9009688679024191
2016-09-30 19:00:00,-2.0,1.7333333333333334,19,4,9,-0.9659258262890684,0.2588190451025203,-0.433883739117558,-0.9009688679024191
2016-09-30 20:00:00,-1.5,1.9833333333333332,20,4,9,-0.8660254037844386,0.5000000000000001,-0.433883739117558,-0.9009688679024191
2016-09-30 21:00:00,-1.3333333333333333,1.6499999999999997,21,4,9,-0.7071067811865477,0.7071067811865474,-0.433883739117558,-0.9009688679024191
2016-09-30 22:00:00,-1.8333333333333333,1.0333333333333332,22,4,9,-0.5000000000000004,0.8660254037844384,-0.433883739117558,-0.9009688679024191
2016-09-30 23:00:00,-1.5,1.0333333333333334,23,4,9,-0.25881904510252157,0.9659258262890681,-0.433883739117558,-0.9009688679024191
2016-10-01 00:00:00,8.166666666666666,1.7833333333333332,0,5,10,0.0,1.0,-0.9749279121818236,-0.2225209339563146
2016-10-01 01:00:00,16.333333333333332,2.3000000000000003,1,5,10,0.25881904510252074,0.9659258262890683,-0.9749279121818236,-0.2225209339563146
2016-10-01 02:00:00,24.666666666666668,2.383333333333333,2,5,10,0.49999999999999994,0.8660254037844387,-0.9749279121818236,-0.2225209339563146
2016-10-01 03:00:00,110.83333333333333,3.5833333333333335,3,5,10,0.7071067811865475,0.7071067811865476,-0.9749279121818236,-0.2225209339563146
2016-10-01 04:00:00,206.66666666666666,4.516666666666667,4,5,10,0.8660254037844386,0.5000000000000001,-0.9749279121818236,-0.2225209339563146
2016-10-01 05:00:00,201.66666666666666,3.9166666666666674,5,5,10,0.9659258262890683,0.25881904510252074,-0.9749279121818236,-0.2225209339563146
2016-10-01 06:00:00,64.16666666666667,3.1166666666666667,6,5,10,1.0,6.123233995736766e-17,-0.9749279121818236,-0.2225209339563146
2016-10-01 07:00:00,68.0,3.3499999999999996,7,5,10,0.9659258262890683,-0.25881904510252063,-0.9749279121818236,-0.2225209339563146
2016-10-01 08:00:00,78.16666666666667,3.3000000000000003,8,5,10,0.8660254037844387,-0.49999999999999983,-0.9749279121818236,-0.2225209339563146
2016-10-01 09:00:00,217.0,4.333333333333333,9,5,10,0.7071067811865476,-0.7071067811865475,-0.9749279121818236,-0.2225209339563146
2016-10-01 10:00:00,153.5,3.8166666666666664,10,5,10,0.49999999999999994,-0.8660254037844387,-0.9749279121818236,-0.2225209339563146
2016-10-01 11:00:00,214.0,4.1499999999999995,11,5,10,0.258819045102521,-0.9659258262890682,-0.9749279121818236,-0.2225209339563146
2016-10-01 12:00:00,343.1666666666667,4.883333333333333,12,5,10,1.2246467991473532e-16,-1.0,-0.9749279121818236,-0.2225209339563146
2016-10-01 13:00:00,536.1666666666666,5.6499999999999995,13,5,10,-0.2588190451025208,-0.9659258262890683,-0.9749279121818236,-0.2225209339563146
2016-10-01 14:00:00,667.1666666666666,6.016666666666667,14,5,10,-0.4999999999999998,-0.8660254037844388,-0.9749279121818236,-0.2225209339563146
2016-10-01 15:00:00,1029.0,6.8500000000000005,15,5,10,-0.7071067811865471,-0.7071067811865479,-0.9749279121818236,-0.2225209339563146
2016-10-01 16:00:00,1957.5,9.033333333333333,16,5,10,-0.8660254037844384,-0.5000000000000004,-0.9749279121818236,-0.2225209339563146
2016-10-01 17:00:00,1776.1666666666667,8.766666666666667,17,5,10,-0.9659258262890683,-0.25881904510252063,-0.9749279121818236,-0.2225209339563146
2016-10-01 18:00:00,1586.3333333333333,8.166666666666666,18,5,10,-1.0,-1.8369701987210297e-16,-0.9749279121818236,-0.2225209339563146
2016-10-01 19:00:00,1630.8333333333333,8.216666666666667,19,5,10,-0.9659258262890684,0.2588190451025203,-0.9749279121818236,-0.2225209339563146
2016-10-01 20:00:00,2228.1666666666665,9.366666666666667,20,5,10,-0.8660254037844386,0.5000000000000001,-0.9749279121818236,-0.2225209339563146
2016-10-01 21:00:00,2132.3333333333335,9.266666666666666,21,5,10,-0.7071067811865477,0.7071067811865474,-0.9749279121818236,-0.2225209339563146
2016-10-01 22:00:00,1713.3333333333333,8.65,22,5,10,-0.5000000000000004,0.8660254037844384,-0.9749279121818236,-0.2225209339563146
2016-10-01 23:00:00,1865.1666666666667,8.483333333333333,23,5,10,-0.25881904510252157,0.9659258262890681,-0.9749279121818236,-0.2225209339563146
2016-10-02 00:00:00,1832.0,8.466666666666667,0,6,10,0.0,1.0,-0.7818314824680299,0.6234898018587334
2016-10-02 01:00:00,2156.6666666666665,9.166666666666666,1,6,10,0.25881904510252074,0.9659258262890683,-0.7818314824680299,0.6234898018587334
2016-10-02 02:00:00,2171.6666666666665,9.15,2,6,10,0.49999999999999994,0.8660254037844387,-0.7818314824680299,0.6234898018587334
2016-10-02 03:00:00,2633.1666666666665,10.6,3,6,10,0.7071067811865475,0.7071067811865476,-0.7818314824680299,0.6234898018587334
2016-10-02 04:00:00,1988.6666666666667,9.133333333333333,4,6,10,0.8660254037844386,0.5000000000000001,-0.7818314824680299,0.6234898018587334
2016-10-02 05:00:00,1587.1666666666667,8.066666666666665,5,6,10,0.9659258262890683,0.25881904510252074,-0.7818314824680299,0.6234898018587334
2016-10-02 06:00:00,1219.6666666666667,7.366666666666666,6,6,10,1.0,6.123233995736766e-17,-0.7818314824680299,0.6234898018587334
2016-10-02 07:00:00,1143.3333333333333,7.016666666666667,7,6,10,0.9659258262890683,-0.25881904510252063,-0.7818314824680299,0.6234898018587334
2016-10-02 08:00:00,1335.5,7.433333333333334,8,6,10,0.8660254037844387,-0.49999999999999983,-0.7818314824680299,0.6234898018587334
2016-10-02 09:00:00,1196.8333333333333,7.083333333333333,9,6,10,0.7071067811865476,-0.7071067811865475,-0.7818314824680299,0.6234898018587334
2016-10-02 10:00:00,573.6666666666666,5.75,10,6,10,0.49999999999999994,-0.8660254037844387,-0.7818314824680299,0.6234898018587334
2016-10-02 11:00:00,1459.8333333333333,7.95,11,6,10,0.258819045102521,-0.9659258262890682,-0.7818314824680299,0.6234898018587334
2016-10-02 12:00:00,1392.1666666666667,7.733333333333333,12,6,10,1.2246467991473532e-16,-1.0,-0.7818314824680299,0.6234898018587334
2016-10-02 13:00:00,2019.8333333333333,9.183333333333334,13,6,10,-0.2588190451025208,-0.9659258262890683,-0.7818314824680299,0.6234898018587334
2016-10-02 14:00:00,1886.0,9.116666666666667,14,6,10,-0.4999999999999998,-0.8660254037844388,-0.7818314824680299,0.6234898018587334
2016-10-02 15:00:00,2216.0,9.566666666666668,15,6,10,-0.7071067811865471,-0.7071067811865479,-0.7818314824680299,0.6234898018587334
2016-10-02 16:00:00,935.8333333333334,6.8,16,6,10,-0.8660254037844384,-0.5000000000000004,-0.7818314824680299,0.6234898018587334
2016-10-02 17:00:00,1401.1666666666667,7.916666666666667,17,6,10,-0.9659258262890683,-0.25881904510252063,-0.7818314824680299,0.6234898018587334
2016-10-02 18:00:00,1602.8333333333333,8.283333333333333,18,6,10,-1.0,-1.8369701987210297e-16,-0.7818314824680299,0.6234898018587334
2016-10-02 19:00:00,2435.1666666666665,10.15,19,6,10,-0.9659258262890684,0.2588190451025203,-0.7818314824680299,0.6234898018587334
2016-10-02 20:00:00,2618.6666666666665,10.766666666666666,20,6,10,-0.8660254037844386,0.5000000000000001,-0.7818314824680299,0.6234898018587334
2016-10-02 21:00:00,1778.6666666666667,8.683333333333332,21,6,10,-0.7071067811865477,0.7071067811865474,-0.7818314824680299,0.6234898018587334
2016-10-02 22:00:00,2138.1666666666665,9.383333333333333,22,6,10,-0.5000000000000004,0.8660254037844384,-0.7818314824680299,0.6234898018587334
2016-10-02 23:00:00,2066.6666666666665,9.083333333333334,23,6,10,-0.25881904510252157,0.9659258262890681,-0.7818314824680299,0.6234898018587334
2016-10-03 00:00:00,2035.0,8.9,0,0,10,0.0,1.0,0.0,1.0
2016-10-03 01:00:00,2679.8333333333335,10.066666666666665,1,0,10,0.25881904510252074,0.9659258262890683,0.0,1.0
2016-10-03 02:00:00,2179.1666666666665,9.25,2,0,10,0.49999999999999994,0.8660254037844387,0.0,1.0
2016-10-03 03:00:00,1396.0,7.983333333333334,3,0,10,0.7071067811865475,0.7071067811865476,0.0,1.0
2016-10-03 04:00:00,1819.5,8.700000000000001,4,0,10,0.8660254037844386,0.5000000000000001,0.0,1.0
2016-10-03 05:00:00,2430.3333333333335,10.0,5,0,10,0.9659258262890683,0.25881904510252074,0.0,1.0
2016-10-03 06:00:00,1967.5,8.633333333333335,6,0,10,1.0,6.123233995736766e-17,0.0,1.0
2016-10-03 07:00:00,2455.0,10.483333333333333,7,0,10,0.9659258262890683,-0.25881904510252063,0.0,1.0
2016-10-03 08:00:00,2211.5,9.816666666666665,8,0,10,0.8660254037844387,-0.49999999999999983,0.0,1.0
2016-10-03 09:00:00,1723.5,8.65,9,0,10,0.7071067811865476,-0.7071067811865475,0.0,1.0
2016-10-03 10:00:00,1103.6666666666667,7.233333333333333,10,0,10,0.49999999999999994,-0.8660254037844387,0.0,1.0
2016-10-03 11:00:00,641.0,6.266666666666666,11,0,10,0.258819045102521,-0.9659258262890682,0.0,1.0
2016-10-03 12:00:00,658.5,6.1499999999999995,12,0,10,1.2246467991473532e-16,-1.0,0.0,1.0
2016-10-03 13:00:00,919.3333333333334,6.716666666666668,13,0,10,-0.2588190451025208,-0.9659258262890683,0.0,1.0
2016-10-03 14:00:00,1389.6666666666667,7.866666666666667,14,0,10,-0.4999999999999998,-0.8660254037844388,0.0,1.0
2016-10-03 15:00:00,689.0,6.099999999999999,15,0,10,-0.7071067811865471,-0.7071067811865479,0.0,1.0
2016-10-03 16:00:00,340.0,4.883333333333334,16,0,10,-0.8660254037844384,-0.5000000000000004,0.0,1.0
2016-10-03 17:00:00,70.0,3.1666666666666665,17,0,10,-0.9659258262890683,-0.25881904510252063,0.0,1.0
2016-10-03 18:00:00,15.666666666666666,2.333333333333333,18,0,10,-1.0,-1.8369701987210297e-16,0.0,1.0
2016-10-03 19:00:00,-2.0,0.7000000000000001,19,0,10,-0.9659258262890684,0.2588190451025203,0.0,1.0
2016-10-03 20:00:00,66.66666666666667,2.8833333333333333,20,0,10,-0.8660254037844386,0.5000000000000001,0.0,1.0
2016-10-03 21:00:00,229.66666666666666,4.466666666666666,21,0,10,-0.7071067811865477,0.7071067811865474,0.0,1.0
2016-10-03 22:00:00,233.66666666666666,4.533333333333334,22,0,10,-0.5000000000000004,0.8660254037844384,0.0,1.0
2016-10-03 23:00:00,310.5,4.666666666666667,23,0,10,-0.25881904510252157,0.9659258262890681,0.0,1.0
2016-10-04 00:00:00,381.6666666666667,5.166666666666667,0,1,10,0.0,1.0,0.7818314824680298,0.6234898018587336
2016-10-04 01:00:00,458.6666666666667,5.483333333333333,1,1,10,0.25881904510252074,0.9659258262890683,0.7818314824680298,0.6234898018587336
2016-10-04 02:00:00,431.6666666666667,5.25,2,1,10,0.49999999999999994,0.8660254037844387,0.7818314824680298,0.6234898018587336
2016-10-04 03:00:00,227.0,4.483333333333333,3,1,10,0.7071067811865475,0.7071067811865476,0.7818314824680298,0.6234898018587336
2016-10-04 04:00:00,334.8333333333333,4.933333333333334,4,1,10,0.8660254037844386,0.5000000000000001,0.7818314824680298,0.6234898018587336
2016-10-04 05:00:00,447.6666666666667,5.333333333333333,5,1,10,0.9659258262890683,0.25881904510252074,0.7818314824680298,0.6234898018587336
2016-10-04 06:00:00,478.6666666666667,5.3999999999999995,6,1,10,1.0,6.123233995736766e-17,0.7818314824680298,0.6234898018587336
2016-10-04 07:00:00,404.0,5.2,7,1,10,0.9659258262890683,-0.25881904510252063,0.7818314824680298,0.6234898018587336
2016-10-04 08:00:00,321.8333333333333,5.016666666666667,8,1,10,0.8660254037844387,-0.49999999999999983,0.7818314824680298,0.6234898018587336
2016-10-04 09:00:00,358.5,4.983333333333333,9,1,10,0.7071067811865476,-0.7071067811865475,0.7818314824680298,0.6234898018587336
2016-10-04 10:00:00,289.3333333333333,4.816666666666666,10,1,10,0.49999999999999994,-0.8660254037844387,0.7818314824680298,0.6234898018587336
2016-10-04 11:00:00,193.66666666666666,4.25,11,1,10,0.258819045102521,-0.9659258262890682,0.7818314824680298,0.6234898018587336
2016-10-04 12:00:00,819.8333333333334,6.233333333333334,12,1,10,1.2246467991473532e-16,-1.0,0.7818314824680298,0.6234898018587336
2016-10-04 13:00:00,1706.1666666666667,8.25,13,1,10,-0.2588190451025208,-0.9659258262890683,0.7818314824680298,0.6234898018587336
2016-10-04 14:00:00,1635.5,8.15,14,1,10,-0.4999999999999998,-0.8660254037844388,0.7818314824680298,0.6234898018587336
2016-10-04 15:00:00,2062.6666666666665,9.2,15,1,10,-0.7071067811865471,-0.7071067811865479,0.7818314824680298,0.6234898018587336
2016-10-04 16:00:00,1806.3333333333333,8.649999999999999,16,1,10,-0.8660254037844384,-0.5000000000000004,0.7818314824680298,0.6234898018587336
2016-10-04 17:00:00,1196.0,7.3500000000000005,17,1,10,-0.9659258262890683,-0.25881904510252063,0.7818314824680298,0.6234898018587336
2016-10-04 18:00:00,1306.8333333333333,7.433333333333333,18,1,10,-1.0,-1.8369701987210297e-16,0.7818314824680298,0.6234898018587336
2016-10-04 19:00:00,1338.6666666666667,7.816666666666666,19,1,10,-0.9659258262890684,0.2588190451025203,0.7818314824680298,0.6234898018587336
2016-10-04 20:00:00,1747.5,8.616666666666667,20,1,10,-0.8660254037844386,0.5000000000000001,0.7818314824680298,0.6234898018587336
2016-10-04 21:00:00,1304.5,7.616666666666667,21,1,10,-0.7071067811865477,0.7071067811865474,0.7818314824680298,0.6234898018587336
2016-10-04 22:00:00,617.0,6.016666666666667,22,1,10,-0.5000000000000004,0.8660254037844384,0.7818314824680298,0.6234898018587336
2016-10-04 23:00:00,314.0,4.95,23,1,10,-0.25881904510252157,0.9659258262890681,0.7818314824680298,0.6234898018587336
2016-10-05 00:00:00,351.5,5.133333333333333,0,2,10,0.0,1.0,0.9749279121818236,-0.22252093395631434
2016-10-05 01:00:00,1314.0,7.516666666666667,1,2,10,0.25881904510252074,0.9659258262890683,0.9749279121818236,-0.22252093395631434
2016-10-05 02:00:00,1636.8333333333333,7.633333333333333,2,2,10,0.49999999999999994,0.8660254037844387,0.9749279121818236,-0.22252093395631434
2016-10-05 03:00:00,1772.3333333333333,8.216666666666667,3,2,10,0.7071067811865475,0.7071067811865476,0.9749279121818236,-0.22252093395631434
2016-10-05 04:00:00,1396.8333333333333,7.466666666666668,4,2,10,0.8660254037844386,0.5000000000000001,0.9749279121818236,-0.22252093395631434
2016-10-05 05:00:00,1688.3333333333333,8.116666666666665,5,2,10,0.9659258262890683,0.25881904510252074,0.9749279121818236,-0.22252093395631434
2016-10-05 06:00:00,944.1666666666666,6.633333333333333,6,2,10,1.0,6.123233995736766e-17,0.9749279121818236,-0.22252093395631434
2016-10-05 07:00:00,932.8333333333334,6.833333333333333,7,2,10,0.9659258262890683,-0.25881904510252063,0.9749279121818236,-0.22252093395631434
2016-10-05 08:00:00,856.0,6.233333333333333,8,2,10,0.8660254037844387,-0.49999999999999983,0.9749279121818236,-0.22252093395631434
2016-10-05 09:00:00,704.5,6.333333333333333,9,2,10,0.7071067811865476,-0.7071067811865475,0.9749279121818236,-0.22252093395631434
2016-10-05 10:00:00,571.1666666666666,5.916666666666667,10,2,10,0.49999999999999994,-0.8660254037844387,0.9749279121818236,-0.22252093395631434
2016-10-05 11:00:00,373.8333333333333,5.3,11,2,10,0.258819045102521,-0.9659258262890682,0.9749279121818236,-0.22252093395631434
2016-10-05 12:00:00,1489.0,7.983333333333334,12,2,10,1.2246467991473532e-16,-1.0,0.9749279121818236,-0.22252093395631434
2016-10-05 13:00:00,1346.6666666666667,7.75,13,2,10,-0.2588190451025208,-0.9659258262890683,0.9749279121818236,-0.22252093395631434
2016-10-05 14:00:00,1054.3333333333333,7.166666666666667,14,2,10,-0.4999999999999998,-0.8660254037844388,0.9749279121818236,-0.22252093395631434
2016-10-05 15:00:00,1113.6666666666667,7.183333333333333,15,2,10,-0.7071067811865471,-0.7071067811865479,0.9749279121818236,-0.22252093395631434
2016-10-05 16:00:00,494.6666666666667,5.783333333333334,16,2,10,-0.8660254037844384,-0.5000000000000004,0.9749279121818236,-0.22252093395631434
2016-10-05 17:00:00,522.3333333333334,5.733333333333333,17,2,10,-0.9659258262890683,-0.25881904510252063,0.9749279121818236,-0.22252093395631434
2016-10-05 18:00:00,675.6666666666666,6.199999999999999,18,2,10,-1.0,-1.8369701987210297e-16,0.9749279121818236,-0.22252093395631434
2016-10-05 19:00:00,443.3333333333333,5.466666666666666,19,2,10,-0.9659258262890684,0.2588190451025203,0.9749279121818236,-0.22252093395631434
2016-10-05 20:00:00,491.5,5.55,20,2,10,-0.8660254037844386,0.5000000000000001,0.9749279121818236,-0.22252093395631434
2016-10-05 21:00:00,313.8333333333333,5.05,21,2,10,-0.7071067811865477,0.7071067811865474,0.9749279121818236,-0.22252093395631434
2016-10-05 22:00:00,485.3333333333333,5.466666666666666,22,2,10,-0.5000000000000004,0.8660254037844384,0.9749279121818236,-0.22252093395631434
2016-10-05 23:00:00,727.3333333333334,6.116666666666667,23,2,10,-0.25881904510252157,0.9659258262890681,0.9749279121818236,-0.22252093395631434
2016-10-06 00:00:00,1045.8333333333333,6.883333333333333,0,3,10,0.0,1.0,0.43388373911755823,-0.900968867902419
2016-10-06 01:00:00,1395.5,7.749999999999999,1,3,10,0.25881904510252074,0.9659258262890683,0.43388373911755823,-0.900968867902419
2016-10-06 02:00:00,2491.6666666666665,10.2,2,3,10,0.49999999999999994,0.8660254037844387,0.43388373911755823,-0.900968867902419
2016-10-06 03:00:00,1809.1666666666667,8.816666666666668,3,3,10,0.7071067811865475,0.7071067811865476,0.43388373911755823,-0.900968867902419
2016-10-06 04:00:00,1924.6666666666667,8.649999999999999,4,3,10,0.8660254037844386,0.5000000000000001,0.43388373911755823,-0.900968867902419
2016-10-06 05:00:00,1973.6666666666667,8.816666666666666,5,3,10,0.9659258262890683,0.25881904510252074,0.43388373911755823,-0.900968867902419
2016-10-06 06:00:00,1789.8333333333333,8.533333333333333,6,3,10,1.0,6.123233995736766e-17,0.43388373911755823,-0.900968867902419
2016-10-06 07:00:00,1285.0,7.683333333333334,7,3,10,0.9659258262890683,-0.25881904510252063,0.43388373911755823,-0.900968867902419
2016-10-06 08:00:00,1062.6666666666667,7.05,8,3,10,0.8660254037844387,-0.49999999999999983,0.43388373911755823,-0.900968867902419
2016-10-06 09:00:00,869.3333333333334,6.616666666666667,9,3,10,0.7071067811865476,-0.7071067811865475,0.43388373911755823,-0.900968867902419
2016-10-06 10:00:00,649.3333333333334,6.05,10,3,10,0.49999999999999994,-0.8660254037844387,0.43388373911755823,-0.900968867902419
2016-10-06 11:00:00,645.8333333333334,6.1000000000000005,11,3,10,0.258819045102521,-0.9659258262890682,0.43388373911755823,-0.900968867902419
2016-10-06 12:00:00,664.3333333333334,6.05,12,3,10,1.2246467991473532e-16,-1.0,0.43388373911755823,-0.900968867902419
2016-10-06 13:00:00,610.6666666666666,5.966666666666668,13,3,10,-0.2588190451025208,-0.9659258262890683,0.43388373911755823,-0.900968867902419
2016-10-06 14:00:00,584.3333333333334,5.8999999999999995,14,3,10,-0.4999999999999998,-0.8660254037844388,0.43388373911755823,-0.900968867902419
2016-10-06 15:00:00,684.6666666666666,6.300000000000001,15,3,10,-0.7071067811865471,-0.7071067811865479,0.43388373911755823,-0.900968867902419
2016-10-06 16:00:00,616.8333333333334,5.933333333333334,16,3,10,-0.8660254037844384,-0.5000000000000004,0.43388373911755823,-0.900968867902419
2016-10-06 17:00:00,481.3333333333333,5.566666666666666,17,3,10,-0.9659258262890683,-0.25881904510252063,0.43388373911755823,-0.900968867902419
2016-10-06 18:00:00,751.5,6.333333333333333,18,3,10,-1.0,-1.8369701987210297e-16,0.43388373911755823,-0.900968867902419
2016-10-06 19:00:00,328.5,5.066666666666666,19,3,10,-0.9659258262890684,0.2588190451025203,0.43388373911755823,-0.900968867902419
2016-10-06 20:00:00,448.8333333333333,5.55,20,3,10,-0.8660254037844386,0.5000000000000001,0.43388373911755823,-0.900968867902419
2016-10-06 21:00:00,371.0,5.1,21,3,10,-0.7071067811865477,0.7071067811865474,0.43388373911755823,-0.900968867902419
2016-10-06 22:00:00,320.3333333333333,4.95,22,3,10,-0.5000000000000004,0.8660254037844384,0.43388373911755823,-0.900968867902419
2016-10-06 23:00:00,625.1666666666666,5.75,23,3,10,-0.25881904510252157,0.9659258262890681,0.43388373911755823,-0.900968867902419
2016-10-07 00:00:00,402.3333333333333,5.183333333333333,0,4,10,0.0,1.0,-0.433883739117558,-0.9009688679024191
2016-10-07 01:00:00,230.0,4.5,1,4,10,0.25881904510252074,0.9659258262890683,-0.433883739117558,-0.9009688679024191
2016-10-07 02:00:00,102.0,3.6666666666666665,2,4,10,0.49999999999999994,0.8660254037844387,-0.433883739117558,-0.9009688679024191
2016-10-07 03:00:00,202.66666666666666,4.433333333333333,3,4,10,0.7071067811865475,0.7071067811865476,-0.433883739117558,-0.9009688679024191
2016-10-07 04:00:00,266.1666666666667,4.416666666666667,4,4,10,0.8660254037844386,0.5000000000000001,-0.433883739117558,-0.9009688679024191
2016-10-07 05:00:00,252.0,4.3999999999999995,5,4,10,0.9659258262890683,0.25881904510252074,-0.433883739117558,-0.9009688679024191
2016-10-07 06:00:00,158.5,3.983333333333333,6,4,10,1.0,6.123233995736766e-17,-0.433883739117558,-0.9009688679024191
2016-10-07 07:00:00,159.0,4.016666666666667,7,4,10,0.9659258262890683,-0.25881904510252063,-0.433883739117558,-0.9009688679024191
2016-10-07 08:00:00,97.33333333333333,3.5,8,4,10,0.8660254037844387,-0.49999999999999983,-0.433883739117558,-0.9009688679024191
2016-10-07 09:00:00,190.83333333333334,4.166666666666667,9,4,10,0.7071067811865476,-0.7071067811865475,-0.433883739117558,-0.9009688679024191
2016-10-07 10:00:00,126.33333333333333,3.816666666666667,10,4,10,0.49999999999999994,-0.8660254037844387,-0.433883739117558,-0.9009688679024191
2016-10-07 11:00:00,170.0,4.1499999999999995,11,4,10,0.258819045102521,-0.9659258262890682,-0.433883739117558,-0.9009688679024191
2016-10-07 12:00:00,191.33333333333334,4.316666666666666,12,4,10,1.2246467991473532e-16,-1.0,-0.433883739117558,-0.9009688679024191
2016-10-07 13:00:00,150.16666666666666,4.3,13,4,10,-0.2588190451025208,-0.9659258262890683,-0.433883739117558,-0.9009688679024191
2016-10-07 14:00:00,83.5,3.1833333333333336,14,4,10,-0.4999999999999998,-0.8660254037844388,-0.433883739117558,-0.9009688679024191
2016-10-07 15:00:00,103.66666666666667,3.566666666666667,15,4,10,-0.7071067811865471,-0.7071067811865479,-0.433883739117558,-0.9009688679024191
2016-10-07 16:00:00,80.5,3.2999999999999994,16,4,10,-0.8660254037844384,-0.5000000000000004,-0.433883739117558,-0.9009688679024191
2016-10-07 17:00:00,50.166666666666664,2.716666666666667,17,4,10,-0.9659258262890683,-0.25881904510252063,-0.433883739117558,-0.9009688679024191
2016-10-07 18:00:00,127.66666666666667,3.633333333333333,18,4,10,-1.0,-1.8369701987210297e-16,-0.433883739117558,-0.9009688679024191
2016-10-07 19:00:00,100.0,3.4166666666666665,19,4,10,-0.9659258262890684,0.2588190451025203,-0.433883739117558,-0.9009688679024191
2016-10-07 20:00:00,92.0,3.5333333333333337,20,4,10,-0.8660254037844386,0.5000000000000001,-0.433883739117558,-0.9009688679024191
2016-10-07 21:00:00,95.66666666666667,3.283333333333333,21,4,10,-0.7071067811865477,0.7071067811865474,-0.433883739117558,-0.9009688679024191
2016-10-07 22:00:00,90.33333333333333,3.0833333333333335,22,4,10,-0.5000000000000004,0.8660254037844384,-0.433883739117558,-0.9009688679024191
2016-10-07 23:00:00,199.66666666666666,4.166666666666667,23,4,10,-0.25881904510252157,0.9659258262890681,-0.433883739117558,-0.9009688679024191
2016-10-08 00:00:00,116.0,3.683333333333333,0,5,10,0.0,1.0,-0.9749279121818236,-0.2225209339563146
2016-10-08 01:00:00,139.0,3.7833333333333337,1,5,10,0.25881904510252074,0.9659258262890683,-0.9749279121818236,-0.2225209339563146
2016-10-08 02:00:00,105.16666666666667,3.483333333333333,2,5,10,0.49999999999999994,0.8660254037844387,-0.9749279121818236,-0.2225209339563146
2016-10-08 03:00:00,146.33333333333334,3.816666666666667,3,5,10,0.7071067811865475,0.7071067811865476,-0.9749279121818236,-0.2225209339563146
2016-10-08 04:00:00,105.0,3.5500000000000003,4,5,10,0.8660254037844386,0.5000000000000001,-0.9749279121818236,-0.2225209339563146
2016-10-08 05:00:00,79.83333333333333,3.4499999999999997,5,5,10,0.9659258262890683,0.25881904510252074,-0.9749279121818236,-0.2225209339563146
2016-10-08 06:00:00,117.16666666666667,3.5666666666666664,6,5,10,1.0,6.123233995736766e-17,-0.9749279121818236,-0.2225209339563146
2016-10-08 07:00:00,185.83333333333334,4.033333333333333,7,5,10,0.9659258262890683,-0.25881904510252063,-0.9749279121818236,-0.2225209339563146
2016-10-08 08:00:00,258.5,4.583333333333333,8,5,10,0.8660254037844387,-0.49999999999999983,-0.9749279121818236,-0.2225209339563146
2016-10-08 09:00:00,83.5,3.4333333333333336,9,5,10,0.7071067811865476,-0.7071067811865475,-0.9749279121818236,-0.2225209339563146
2016-10-08 10:00:00,116.83333333333333,3.6666666666666665,10,5,10,0.49999999999999994,-0.8660254037844387,-0.9749279121818236,-0.2225209339563146
2016-10-08 11:00:00,171.66666666666666,4.066666666666666,11,5,10,0.258819045102521,-0.9659258262890682,-0.9749279121818236,-0.2225209339563146
2016-10-08 12:00:00,120.5,3.4833333333333343,12,5,10,1.2246467991473532e-16,-1.0,-0.9749279121818236,-0.2225209339563146
2016-10-08 13:00:00,-1.8333333333333333,0.7000000000000001,13,5,10,-0.2588190451025208,-0.9659258262890683,-0.9749279121818236,-0.2225209339563146
2016-10-08 14:00:00,2.8333333333333335,1.4166666666666667,14,5,10,-0.4999999999999998,-0.8660254037844388,-0.9749279121818236,-0.2225209339563146
2016-10-08 15:00:00,171.83333333333334,3.716666666666667,15,5,10,-0.7071067811865471,-0.7071067811865479,-0.9749279121818236,-0.2225209339563146
2016-10-08 16:00:00,253.83333333333334,4.766666666666667,16,5,10,-0.8660254037844384,-0.5000000000000004,-0.9749279121818236,-0.2225209339563146
2016-10-08 17:00:00,181.5,4.3,17,5,10,-0.9659258262890683,-0.25881904510252063,-0.9749279121818236,-0.2225209339563146
2016-10-08 18:00:00,145.83333333333334,3.833333333333334,18,5,10,-1.0,-1.8369701987210297e-16,-0.9749279121818236,-0.2225209339563146
2016-10-08 19:00:00,411.5,5.116666666666667,19,5,10,-0.9659258262890684,0.2588190451025203,-0.9749279121818236,-0.2225209339563146
2016-10-08 20:00:00,586.5,5.683333333333334,20,5,10,-0.8660254037844386,0.5000000000000001,-0.9749279121818236,-0.2225209339563146
2016-10-08 21:00:00,232.33333333333334,4.316666666666667,21,5,10,-0.7071067811865477,0.7071067811865474,-0.9749279121818236,-0.2225209339563146
2016-10-08 22:00:00,191.0,4.283333333333334,22,5,10,-0.5000000000000004,0.8660254037844384,-0.9749279121818236,-0.2225209339563146
2016-10-08 23:00:00,78.66666666666667,3.283333333333333,23,5,10,-0.25881904510252157,0.9659258262890681,-0.9749279121818236,-0.2225209339563146
2016-10-09 00:00:00,93.5,3.3000000000000003,0,6,10,0.0,1.0,-0.7818314824680299,0.6234898018587334
2016-10-09 01:00:00,111.33333333333333,3.5833333333333335,1,6,10,0.25881904510252074,0.9659258262890683,-0.7818314824680299,0.6234898018587334
2016-10-09 02:00:00,107.0,3.5500000000000003,2,6,10,0.49999999999999994,0.8660254037844387,-0.7818314824680299,0.6234898018587334
2016-10-09 03:00:00,30.166666666666668,2.516666666666667,3,6,10,0.7071067811865475,0.7071067811865476,-0.7818314824680299,0.6234898018587334
2016-10-09 04:00:00,56.5,2.8833333333333333,4,6,10,0.8660254037844386,0.5000000000000001,-0.7818314824680299,0.6234898018587334
2016-10-09 05:00:00,56.833333333333336,2.8833333333333333,5,6,10,0.9659258262890683,0.25881904510252074,-0.7818314824680299,0.6234898018587334
2016-10-09 06:00:00,39.333333333333336,2.6166666666666667,6,6,10,1.0,6.123233995736766e-17,-0.7818314824680299,0.6234898018587334
2016-10-09 07:00:00,85.83333333333333,3.3666666666666667,7,6,10,0.9659258262890683,-0.25881904510252063,-0.7818314824680299,0.6234898018587334
2016-10-09 08:00:00,135.16666666666666,3.7999999999999994,8,6,10,0.8660254037844387,-0.49999999999999983,-0.7818314824680299,0.6234898018587334
2016-10-09 09:00:00,73.5,3.3833333333333333,9,6,10,0.7071067811865476,-0.7071067811865475,-0.7818314824680299,0.6234898018587334
2016-10-09 10:00:00,118.33333333333333,3.6666666666666665,10,6,10,0.49999999999999994,-0.8660254037844387,-0.7818314824680299,0.6234898018587334
2016-10-09 11:00:00,9.166666666666666,2.2666666666666666,11,6,10,0.258819045102521,-0.9659258262890682,-0.7818314824680299,0.6234898018587334
2016-10-09 12:00:00,58.833333333333336,2.933333333333333,12,6,10,1.2246467991473532e-16,-1.0,-0.7818314824680299,0.6234898018587334
2016-10-09 13:00:00,-0.3333333333333333,1.8,13,6,10,-0.2588190451025208,-0.9659258262890683,-0.7818314824680299,0.6234898018587334
2016-10-09 14:00:00,15.0,2.3333333333333335,14,6,10,-0.4999999999999998,-0.8660254037844388,-0.7818314824680299,0.6234898018587334
2016-10-09 15:00:00,-2.0,1.3500000000000003,15,6,10,-0.7071067811865471,-0.7071067811865479,-0.7818314824680299,0.6234898018587334
2016-10-09 16:00:00,5.5,2.0833333333333335,16,6,10,-0.8660254037844384,-0.5000000000000004,-0.7818314824680299,0.6234898018587334
2016-10-09 17:00:00,128.83333333333334,3.5333333333333328,17,6,10,-0.9659258262890683,-0.25881904510252063,-0.7818314824680299,0.6234898018587334
2016-10-09 18:00:00,62.666666666666664,3.0833333333333335,18,6,10,-1.0,-1.8369701987210297e-16,-0.7818314824680299,0.6234898018587334
2016-10-09 19:00:00,28.0,2.5,19,6,10,-0.9659258262890684,0.2588190451025203,-0.7818314824680299,0.6234898018587334
2016-10-09 20:00:00,40.0,2.6,20,6,10,-0.8660254037844386,0.5000000000000001,-0.7818314824680299,0.6234898018587334
2016-10-09 21:00:00,70.66666666666667,3.066666666666667,21,6,10,-0.7071067811865477,0.7071067811865474,-0.7818314824680299,0.6234898018587334
2016-10-09 22:00:00,30.166666666666668,2.4,22,6,10,-0.5000000000000004,0.8660254037844384,-0.7818314824680299,0.6234898018587334
2016-10-09 23:00:00,27.833333333333332,2.4666666666666663,23,6,10,-0.25881904510252157,0.9659258262890681,-0.7818314824680299,0.6234898018587334
2016-10-10 00:00:00,40.666666666666664,2.5833333333333335,0,0,10,0.0,1.0,0.0,1.0
2016-10-10 01:00:00,50.0,2.7,1,0,10,0.25881904510252074,0.9659258262890683,0.0,1.0
2016-10-10 02:00:00,451.75,5.725,2,0,10,0.49999999999999994,0.8660254037844387,0.0,1.0
2016-10-10 03:00:00,184.33333333333334,4.5,3,0,10,0.7071067811865475,0.7071067811865476,0.0,1.0
2016-10-10 04:00:00,102.16666666666667,3.483333333333334,4,0,10,0.8660254037844386,0.5000000000000001,0.0,1.0
2016-10-10 05:00:00,29.833333333333332,2.4666666666666663,5,0,10,0.9659258262890683,0.25881904510252074,0.0,1.0
2016-10-10 06:00:00,-1.6666666666666667,0.8333333333333334,6,0,10,1.0,6.123233995736766e-17,0.0,1.0
2016-10-10 07:00:00,21.166666666666668,2.0833333333333335,7,0,10,0.9659258262890683,-0.25881904510252063,0.0,1.0
2016-10-10 08:00:00,8.166666666666666,1.9000000000000001,8,0,10,0.8660254037844387,-0.49999999999999983,0.0,1.0
2016-10-10 09:00:00,-1.6666666666666667,1.8999999999999997,9,0,10,0.7071067811865476,-0.7071067811865475,0.0,1.0
2016-10-10 10:00:00,-1.8333333333333333,1.15,10,0,10,0.49999999999999994,-0.8660254037844387,0.0,1.0
2016-10-10 11:00:00,-1.0,0.3666666666666667,11,0,10,0.258819045102521,-0.9659258262890682,0.0,1.0
2016-10-10 12:00:00,-1.6666666666666667,0.9666666666666667,12,0,10,1.2246467991473532e-16,-1.0,0.0,1.0
2016-10-10 13:00:00,-2.0,1.1166666666666665,13,0,10,-0.2588190451025208,-0.9659258262890683,0.0,1.0
2016-10-10 14:00:00,-3.5,1.1333333333333335,14,0,10,-0.4999999999999998,-0.8660254037844388,0.0,1.0
2016-10-10 15:00:00,-1.8333333333333333,1.6500000000000001,15,0,10,-0.7071067811865471,-0.7071067811865479,0.0,1.0
2016-10-10 16:00:00,-0.16666666666666666,1.7833333333333334,16,0,10,-0.8660254037844384,-0.5000000000000004,0.0,1.0
2016-10-10 17:00:00,23.166666666666668,2.433333333333333,17,0,10,-0.9659258262890683,-0.25881904510252063,0.0,1.0
2016-10-10 18:00:00,19.833333333333332,2.316666666666667,18,0,10,-1.0,-1.8369701987210297e-16,0.0,1.0
2016-10-10 19:00:00,265.5,4.566666666666666,19,0,10,-0.9659258262890684,0.2588190451025203,0.0,1.0
2016-10-10 20:00:00,330.1666666666667,4.883333333333334,20,0,10,-0.8660254037844386,0.5000000000000001,0.0,1.0
2016-10-10 21:00:00,359.0,5.083333333333333,21,0,10,-0.7071067811865477,0.7071067811865474,0.0,1.0
2016-10-10 22:00:00,260.6666666666667,4.4,22,0,10,-0.5000000000000004,0.8660254037844384,0.0,1.0
2016-10-10 23:00:00,333.5,4.8,23,0,10,-0.25881904510252157,0.9659258262890681,0.0,1.0
2016-10-11 00:00:00,290.6666666666667,4.966666666666667,0,1,10,0.0,1.0,0.7818314824680298,0.6234898018587336
2016-10-11 01:00:00,243.0,4.6,1,1,10,0.25881904510252074,0.9659258262890683,0.7818314824680298,0.6234898018587336
2016-10-11 02:00:00,196.0,4.175,2,1,10,0.49999999999999994,0.8660254037844387,0.7818314824680298,0.6234898018587336
2016-10-11 03:00:00,274.1666666666667,4.783333333333334,3,1,10,0.7071067811865475,0.7071067811865476,0.7818314824680298,0.6234898018587336
2016-10-11 04:00:00,357.6666666666667,5.1000000000000005,4,1,10,0.8660254037844386,0.5000000000000001,0.7818314824680298,0.6234898018587336
2016-10-11 05:00:00,366.1666666666667,5.166666666666667,5,1,10,0.9659258262890683,0.25881904510252074,0.7818314824680298,0.6234898018587336
2016-10-11 06:00:00,298.0,4.766666666666667,6,1,10,1.0,6.123233995736766e-17,0.7818314824680298,0.6234898018587336
2016-10-11 07:00:00,148.66666666666666,3.9166666666666665,7,1,10,0.9659258262890683,-0.25881904510252063,0.7818314824680298,0.6234898018587336
2016-10-11 08:00:00,334.5,4.833333333333333,8,1,10,0.8660254037844387,-0.49999999999999983,0.7818314824680298,0.6234898018587336
2016-10-11 09:00:00,289.1666666666667,4.750000000000001,9,1,10,0.7071067811865476,-0.7071067811865475,0.7818314824680298,0.6234898018587336
2016-10-11 10:00:00,211.5,4.266666666666667,10,1,10,0.49999999999999994,-0.8660254037844387,0.7818314824680298,0.6234898018587336
2016-10-11 11:00:00,104.83333333333333,3.6666666666666665,11,1,10,0.258819045102521,-0.9659258262890682,0.7818314824680298,0.6234898018587336
2016-10-11 12:00:00,57.333333333333336,3.1166666666666667,12,1,10,1.2246467991473532e-16,-1.0,0.7818314824680298,0.6234898018587336
2016-10-11 13:00:00,181.33333333333334,3.7833333333333328,13,1,10,-0.2588190451025208,-0.9659258262890683,0.7818314824680298,0.6234898018587336
2016-10-11 14:00:00,289.1666666666667,4.683333333333334,14,1,10,-0.4999999999999998,-0.8660254037844388,0.7818314824680298,0.6234898018587336
2016-10-11 15:00:00,370.6666666666667,5.0,15,1,10,-0.7071067811865471,-0.7071067811865479,0.7818314824680298,0.6234898018587336
2016-10-11 16:00:00,213.16666666666666,4.333333333333333,16,1,10,-0.8660254037844384,-0.5000000000000004,0.7818314824680298,0.6234898018587336
2016-10-11 17:00:00,194.16666666666666,4.216666666666667,17,1,10,-0.9659258262890683,-0.25881904510252063,0.7818314824680298,0.6234898018587336
2016-10-11 18:00:00,317.6666666666667,4.733333333333333,18,1,10,-1.0,-1.8369701987210297e-16,0.7818314824680298,0.6234898018587336
2016-10-11 19:00:00,158.0,3.7499999999999996,19,1,10,-0.9659258262890684,0.2588190451025203,0.7818314824680298,0.6234898018587336
2016-10-11 20:00:00,170.16666666666666,4.05,20,1,10,-0.8660254037844386,0.5000000000000001,0.7818314824680298,0.6234898018587336
2016-10-11 21:00:00,334.8333333333333,4.866666666666666,21,1,10,-0.7071067811865477,0.7071067811865474,0.7818314824680298,0.6234898018587336
2016-10-11 22:00:00,94.16666666666667,3.4499999999999997,22,1,10,-0.5000000000000004,0.8660254037844384,0.7818314824680298,0.6234898018587336
2016-10-11 23:00:00,101.83333333333333,3.5,23,1,10,-0.25881904510252157,0.9659258262890681,0.7818314824680298,0.6234898018587336
2016-10-12 00:00:00,115.0,3.566666666666667,0,2,10,0.0,1.0,0.9749279121818236,-0.22252093395631434
2016-10-12 01:00:00,57.333333333333336,3.0500000000000003,1,2,10,0.25881904510252074,0.9659258262890683,0.9749279121818236,-0.22252093395631434
2016-10-12 02:00:00,31.166666666666668,2.5166666666666666,2,2,10,0.49999999999999994,0.8660254037844387,0.9749279121818236,-0.22252093395631434
2016-10-12 03:00:00,38.166666666666664,2.4666666666666672,3,2,10,0.7071067811865475,0.7071067811865476,0.9749279121818236,-0.22252093395631434
2016-10-12 04:00:00,6.5,2.033333333333333,4,2,10,0.8660254037844386,0.5000000000000001,0.9749279121818236,-0.22252093395631434
2016-10-12 05:00:00,24.0,2.2666666666666666,5,2,10,0.9659258262890683,0.25881904510252074,0.9749279121818236,-0.22252093395631434
2016-10-12 06:00:00,-0.5,1.55,6,2,10,1.0,6.123233995736766e-17,0.9749279121818236,-0.22252093395631434
2016-10-12 07:00:00,7.333333333333333,1.7,7,2,10,0.9659258262890683,-0.25881904510252063,0.9749279121818236,-0.22252093395631434
2016-10-12 08:00:00,3.8333333333333335,1.6500000000000001,8,2,10,0.8660254037844387,-0.49999999999999983,0.9749279121818236,-0.22252093395631434
2016-10-12 09:00:00,36.333333333333336,2.5833333333333335,9,2,10,0.7071067811865476,-0.7071067811865475,0.9749279121818236,-0.22252093395631434
2016-10-12 10:00:00,8.666666666666666,2.0833333333333335,10,2,10,0.49999999999999994,-0.8660254037844387,0.9749279121818236,-0.22252093395631434
2016-10-12 11:00:00,22.833333333333332,2.433333333333333,11,2,10,0.258819045102521,-0.9659258262890682,0.9749279121818236,-0.22252093395631434
2016-10-12 12:00:00,7.833333333333333,2.0833333333333335,12,2,10,1.2246467991473532e-16,-1.0,0.9749279121818236,-0.22252093395631434
2016-10-12 13:00:00,82.16666666666667,2.983333333333333,13,2,10,-0.2588190451025208,-0.9659258262890683,0.9749279121818236,-0.22252093395631434
2016-10-12 14:00:00,156.0,3.883333333333333,14,2,10,-0.4999999999999998,-0.8660254037844388,0.9749279121818236,-0.22252093395631434
2016-10-12 15:00:00,162.66666666666666,4.1,15,2,10,-0.7071067811865471,-0.7071067811865479,0.9749279121818236,-0.22252093395631434
2016-10-12 16:00:00,172.33333333333334,4.033333333333333,16,2,10,-0.8660254037844384,-0.5000000000000004,0.9749279121818236,-0.22252093395631434
2016-10-12 17:00:00,183.66666666666666,3.983333333333333,17,2,10,-0.9659258262890683,-0.25881904510252063,0.9749279121818236,-0.22252093395631434
2016-10-12 18:00:00,339.8333333333333,4.85,18,2,10,-1.0,-1.8369701987210297e-16,0.9749279121818236,-0.22252093395631434
2016-10-12 19:00:00,556.1666666666666,5.55,19,2,10,-0.9659258262890684,0.2588190451025203,0.9749279121818236,-0.22252093395631434
2016-10-12 20:00:00,677.3333333333334,5.616666666666666,20,2,10,-0.8660254037844386,0.5000000000000001,0.9749279121818236,-0.22252093395631434
2016-10-12 21:00:00,744.5,6.983333333333334,21,2,10,-0.7071067811865477,0.7071067811865474,0.9749279121818236,-0.22252093395631434
2016-10-12 22:00:00,783.8333333333334,6.0,22,2,10,-0.5000000000000004,0.8660254037844384,0.9749279121818236,-0.22252093395631434
2016-10-12 23:00:00,936.0,6.633333333333334,23,2,10,-0.25881904510252157,0.9659258262890681,0.9749279121818236,-0.22252093395631434
2016-10-13 00:00:00,861.6666666666666,6.25,0,3,10,0.0,1.0,0.43388373911755823,-0.900968867902419
2016-10-13 01:00:00,1271.0,7.5,1,3,10,0.25881904510252074,0.9659258262890683,0.43388373911755823,-0.900968867902419
2016-10-13 02:00:00,1063.75,6.825,2,3,10,0.49999999999999994,0.8660254037844387,0.43388373911755823,-0.900968867902419
2016-10-13 03:00:00,1328.8333333333333,7.5,3,3,10,0.7071067811865475,0.7071067811865476,0.43388373911755823,-0.900968867902419
2016-10-13 04:00:00,1399.0,7.900000000000001,4,3,10,0.8660254037844386,0.5000000000000001,0.43388373911755823,-0.900968867902419
2016-10-13 05:00:00,-1.0,9.233333333333333,5,3,10,0.9659258262890683,0.25881904510252074,0.43388373911755823,-0.900968867902419
2016-10-13 06:00:00,-1.3333333333333333,7.800000000000001,6,3,10,1.0,6.123233995736766e-17,0.43388373911755823,-0.900968867902419
2016-10-13 07:00:00,139.66666666666666,6.766666666666667,7,3,10,0.9659258262890683,-0.25881904510252063,0.43388373911755823,-0.900968867902419
2016-10-13 08:00:00,376.3333333333333,7.3999999999999995,8,3,10,0.8660254037844387,-0.49999999999999983,0.43388373911755823,-0.900968867902419
2016-10-13 09:00:00,-1.1666666666666667,7.25,9,3,10,0.7071067811865476,-0.7071067811865475,0.43388373911755823,-0.900968867902419
2016-10-13 10:00:00,103.0,6.150000000000001,10,3,10,0.49999999999999994,-0.8660254037844387,0.43388373911755823,-0.900968867902419
2016-10-13 11:00:00,324.6666666666667,5.8,11,3,10,0.258819045102521,-0.9659258262890682,0.43388373911755823,-0.900968867902419
2016-10-13 12:00:00,156.16666666666666,5.533333333333334,12,3,10,1.2246467991473532e-16,-1.0,0.43388373911755823,-0.900968867902419
2016-10-13 13:00:00,149.5,5.75,13,3,10,-0.2588190451025208,-0.9659258262890683,0.43388373911755823,-0.900968867902419
2016-10-13 14:00:00,253.66666666666666,5.5,14,3,10,-0.4999999999999998,-0.8660254037844388,0.43388373911755823,-0.900968867902419
2016-10-13 15:00:00,75.16666666666667,6.333333333333333,15,3,10,-0.7071067811865471,-0.7071067811865479,0.43388373911755823,-0.900968867902419
2016-10-13 16:00:00,47.833333333333336,7.133333333333334,16,3,10,-0.8660254037844384,-0.5000000000000004,0.43388373911755823,-0.900968867902419
2016-10-13 17:00:00,-1.5,7.449999999999999,17,3,10,-0.9659258262890683,-0.25881904510252063,0.43388373911755823,-0.900968867902419
2016-10-13 18:00:00,-2.1666666666666665,7.916666666666667,18,3,10,-1.0,-1.8369701987210297e-16,0.43388373911755823,-0.900968867902419
2016-10-13 19:00:00,-1.8333333333333333,8.833333333333334,19,3,10,-0.9659258262890684,0.2588190451025203,0.43388373911755823,-0.900968867902419
2016-10-13 20:00:00,-2.6666666666666665,8.783333333333333,20,3,10,-0.8660254037844386,0.5000000000000001,0.43388373911755823,-0.900968867902419
2016-10-13 21:00:00,-2.1666666666666665,8.516666666666666,21,3,10,-0.7071067811865477,0.7071067811865474,0.43388373911755823,-0.900968867902419
2016-10-13 22:00:00,-2.6666666666666665,8.783333333333333,22,3,10,-0.5000000000000004,0.8660254037844384,0.43388373911755823,-0.900968867902419
2016-10-13 23:00:00,-2.0,8.283333333333333,23,3,10,-0.25881904510252157,0.9659258262890681,0.43388373911755823,-0.900968867902419
2016-10-14 00:00:00,-2.0,7.966666666666666,0,4,10,0.0,1.0,-0.433883739117558,-0.9009688679024191
2016-10-14 01:00:00,-2.1666666666666665,8.2,1,4,10,0.25881904510252074,0.9659258262890683,-0.433883739117558,-0.9009688679024191
2016-10-14 02:00:00,-2.1666666666666665,7.316666666666667,2,4,10,0.49999999999999994,0.8660254037844387,-0.433883739117558,-0.9009688679024191
2016-10-14 03:00:00,-2.3333333333333335,7.233333333333334,3,4,10,0.7071067811865475,0.7071067811865476,-0.433883739117558,-0.9009688679024191
2016-10-14 04:00:00,133.83333333333334,6.3,4,4,10,0.8660254037844386,0.5000000000000001,-0.433883739117558,-0.9009688679024191
2016-10-14 05:00:00,9.0,6.283333333333334,5,4,10,0.9659258262890683,0.25881904510252074,-0.433883739117558,-0.9009688679024191
2016-10-14 06:00:00,46.0,6.083333333333333,6,4,10,1.0,6.123233995736766e-17,-0.433883739117558,-0.9009688679024191
2016-10-14 07:00:00,412.5,5.966666666666666,7,4,10,0.9659258262890683,-0.25881904510252063,-0.433883739117558,-0.9009688679024191
2016-10-14 08:00:00,275.3333333333333,5.816666666666667,8,4,10,0.8660254037844387,-0.49999999999999983,-0.433883739117558,-0.9009688679024191
2016-10-14 09:00:00,90.33333333333333,6.2,9,4,10,0.7071067811865476,-0.7071067811865475,-0.433883739117558,-0.9009688679024191
2016-10-14 10:00:00,327.6666666666667,5.1000000000000005,10,4,10,0.49999999999999994,-0.8660254037844387,-0.433883739117558,-0.9009688679024191
2016-10-14 11:00:00,303.3333333333333,5.033333333333334,11,4,10,0.258819045102521,-0.9659258262890682,-0.433883739117558,-0.9009688679024191
2016-10-14 12:00:00,335.1666666666667,5.199999999999999,12,4,10,1.2246467991473532e-16,-1.0,-0.433883739117558,-0.9009688679024191
2016-10-14 13:00:00,304.1666666666667,5.300000000000001,13,4,10,-0.2588190451025208,-0.9659258262890683,-0.433883739117558,-0.9009688679024191
2016-10-14 14:00:00,394.3333333333333,5.45,14,4,10,-0.4999999999999998,-0.8660254037844388,-0.433883739117558,-0.9009688679024191
2016-10-14 15:00:00,778.3333333333334,6.983333333333333,15,4,10,-0.7071067811865471,-0.7071067811865479,-0.433883739117558,-0.9009688679024191
2016-10-14 16:00:00,820.0,7.75,16,4,10,-0.8660254037844384,-0.5000000000000004,-0.433883739117558,-0.9009688679024191
2016-10-14 17:00:00,95.83333333333333,6.25,17,4,10,-0.9659258262890683,-0.25881904510252063,-0.433883739117558,-0.9009688679024191
2016-10-14 18:00:00,351.6666666666667,8.6,18,4,10,-1.0,-1.8369701987210297e-16,-0.433883739117558,-0.9009688679024191
2016-10-14 19:00:00,2.3333333333333335,8.1,19,4,10,-0.9659258262890684,0.2588190451025203,-0.433883739117558,-0.9009688679024191
2016-10-14 20:00:00,141.0,6.349999999999999,20,4,10,-0.8660254037844386,0.5000000000000001,-0.433883739117558,-0.9009688679024191
2016-10-14 21:00:00,610.3333333333334,5.916666666666665,21,4,10,-0.7071067811865477,0.7071067811865474,-0.433883739117558,-0.9009688679024191
2016-10-14 22:00:00,276.8333333333333,4.683333333333333,22,4,10,-0.5000000000000004,0.8660254037844384,-0.433883739117558,-0.9009688679024191
2016-10-14 23:00:00,350.8333333333333,5.033333333333333,23,4,10,-0.25881904510252157,0.9659258262890681,-0.433883739117558,-0.9009688679024191
2016-10-15 00:00:00,369.0,4.833333333333333,0,5,10,0.0,1.0,-0.9749279121818236,-0.2225209339563146
2016-10-15 01:00:00,160.83333333333334,4.083333333333333,1,5,10,0.25881904510252074,0.9659258262890683,-0.9749279121818236,-0.2225209339563146
2016-10-15 02:00:00,44.0,2.9333333333333336,2,5,10,0.49999999999999994,0.8660254037844387,-0.9749279121818236,-0.2225209339563146
2016-10-15 03:00:00,24.5,2.3833333333333333,3,5,10,0.7071067811865475,0.7071067811865476,-0.9749279121818236,-0.2225209339563146
2016-10-15 04:00:00,98.33333333333333,3.5500000000000003,4,5,10,0.8660254037844386,0.5000000000000001,-0.9749279121818236,-0.2225209339563146
2016-10-15 05:00:00,335.3333333333333,5.05,5,5,10,0.9659258262890683,0.25881904510252074,-0.9749279121818236,-0.2225209339563146
2016-10-15 06:00:00,396.3333333333333,5.2,6,5,10,1.0,6.123233995736766e-17,-0.9749279121818236,-0.2225209339563146
2016-10-15 07:00:00,335.1666666666667,5.183333333333333,7,5,10,0.9659258262890683,-0.25881904510252063,-0.9749279121818236,-0.2225209339563146
2016-10-15 08:00:00,584.0,5.666666666666667,8,5,10,0.8660254037844387,-0.49999999999999983,-0.9749279121818236,-0.2225209339563146
2016-10-15 09:00:00,1835.6666666666667,8.416666666666666,9,5,10,0.7071067811865476,-0.7071067811865475,-0.9749279121818236,-0.2225209339563146
2016-10-15 10:00:00,2968.1666666666665,12.483333333333333,10,5,10,0.49999999999999994,-0.8660254037844387,-0.9749279121818236,-0.2225209339563146
2016-10-15 11:00:00,729.5,6.183333333333334,11,5,10,0.258819045102521,-0.9659258262890682,-0.9749279121818236,-0.2225209339563146
2016-10-15 12:00:00,484.0,5.366666666666667,12,5,10,1.2246467991473532e-16,-1.0,-0.9749279121818236,-0.2225209339563146
2016-10-15 13:00:00,585.1666666666666,5.75,13,5,10,-0.2588190451025208,-0.9659258262890683,-0.9749279121818236,-0.2225209339563146
2016-10-15 14:00:00,457.1666666666667,5.333333333333333,14,5,10,-0.4999999999999998,-0.8660254037844388,-0.9749279121818236,-0.2225209339563146
2016-10-15 15:00:00,125.16666666666667,3.816666666666667,15,5,10,-0.7071067811865471,-0.7071067811865479,-0.9749279121818236,-0.2225209339563146
2016-10-15 16:00:00,32.333333333333336,2.716666666666667,16,5,10,-0.8660254037844384,-0.5000000000000004,-0.9749279121818236,-0.2225209339563146
2016-10-15 17:00:00,39.0,2.6166666666666667,17,5,10,-0.9659258262890683,-0.25881904510252063,-0.9749279121818236,-0.2225209339563146
2016-10-15 18:00:00,5.166666666666667,2.15,18,5,10,-1.0,-1.8369701987210297e-16,-0.9749279121818236,-0.2225209339563146
2016-10-15 19:00:00,6.5,1.9166666666666663,19,5,10,-0.9659258262890684,0.2588190451025203,-0.9749279121818236,-0.2225209339563146
2016-10-15 20:00:00,46.5,2.8000000000000003,20,5,10,-0.8660254037844386,0.5000000000000001,-0.9749279121818236,-0.2225209339563146
2016-10-15 21:00:00,110.5,3.25,21,5,10,-0.7071067811865477,0.7071067811865474,-0.9749279121818236,-0.2225209339563146
2016-10-15 22:00:00,152.5,3.816666666666667,22,5,10,-0.5000000000000004,0.8660254037844384,-0.9749279121818236,-0.2225209339563146
2016-10-15 23:00:00,30.0,2.5333333333333337,23,5,10,-0.25881904510252157,0.9659258262890681,-0.9749279121818236,-0.2225209339563146
2016-10-16 00:00:00,-2.0,1.8666666666666665,0,6,10,0.0,1.0,-0.7818314824680299,0.6234898018587334
2016-10-16 01:00:00,-1.5,0.75,1,6,10,0.25881904510252074,0.9659258262890683,-0.7818314824680299,0.6234898018587334
2016-10-16 02:00:00,-5.833333333333333,1.3999999999999997,2,6,10,0.49999999999999994,0.8660254037844387,-0.7818314824680299,0.6234898018587334
2016-10-16 03:00:00,-2.8333333333333335,1.5666666666666667,3,6,10,0.7071067811865475,0.7071067811865476,-0.7818314824680299,0.6234898018587334
2016-10-16 04:00:00,-1.3333333333333333,1.5333333333333332,4,6,10,0.8660254037844386,0.5000000000000001,-0.7818314824680299,0.6234898018587334
2016-10-16 05:00:00,2.1666666666666665,2.1333333333333333,5,6,10,0.9659258262890683,0.25881904510252074,-0.7818314824680299,0.6234898018587334
2016-10-16 06:00:00,-1.1666666666666667,1.8500000000000003,6,6,10,1.0,6.123233995736766e-17,-0.7818314824680299,0.6234898018587334
2016-10-16 07:00:00,39.5,2.6166666666666667,7,6,10,0.9659258262890683,-0.25881904510252063,-0.7818314824680299,0.6234898018587334
2016-10-16 08:00:00,39.833333333333336,2.733333333333334,8,6,10,0.8660254037844387,-0.49999999999999983,-0.7818314824680299,0.6234898018587334
2016-10-16 09:00:00,58.166666666666664,2.8666666666666667,9,6,10,0.7071067811865476,-0.7071067811865475,-0.7818314824680299,0.6234898018587334
2016-10-16 10:00:00,24.5,2.316666666666667,10,6,10,0.49999999999999994,-0.8660254037844387,-0.7818314824680299,0.6234898018587334
2016-10-16 11:00:00,1.1666666666666667,1.8499999999999999,11,6,10,0.258819045102521,-0.9659258262890682,-0.7818314824680299,0.6234898018587334
2016-10-16 12:00:00,-2.6666666666666665,1.683333333333333,12,6,10,1.2246467991473532e-16,-1.0,-0.7818314824680299,0.6234898018587334
2016-10-16 13:00:00,-1.1666666666666667,0.7333333333333334,13,6,10,-0.2588190451025208,-0.9659258262890683,-0.7818314824680299,0.6234898018587334
2016-10-16 14:00:00,-1.0,0.5666666666666667,14,6,10,-0.4999999999999998,-0.8660254037844388,-0.7818314824680299,0.6234898018587334
2016-10-16 15:00:00,-1.6666666666666667,1.5166666666666666,15,6,10,-0.7071067811865471,-0.7071067811865479,-0.7818314824680299,0.6234898018587334
2016-10-16 16:00:00,-1.5,1.5166666666666666,16,6,10,-0.8660254037844384,-0.5000000000000004,-0.7818314824680299,0.6234898018587334
2016-10-16 17:00:00,18.5,2.2333333333333334,17,6,10,-0.9659258262890683,-0.25881904510252063,-0.7818314824680299,0.6234898018587334
2016-10-16 18:00:00,137.16666666666666,3.7833333333333337,18,6,10,-1.0,-1.8369701987210297e-16,-0.7818314824680299,0.6234898018587334
2016-10-16 19:00:00,359.5,4.833333333333333,19,6,10,-0.9659258262890684,0.2588190451025203,-0.7818314824680299,0.6234898018587334
2016-10-16 20:00:00,600.6666666666666,5.716666666666668,20,6,10,-0.8660254037844386,0.5000000000000001,-0.7818314824680299,0.6234898018587334
2016-10-16 21:00:00,1040.3333333333333,6.800000000000001,21,6,10,-0.7071067811865477,0.7071067811865474,-0.7818314824680299,0.6234898018587334
2016-10-16 22:00:00,1077.5,7.383333333333333,22,6,10,-0.5000000000000004,0.8660254037844384,-0.7818314824680299,0.6234898018587334
2016-10-16 23:00:00,392.1666666666667,5.133333333333334,23,6,10,-0.25881904510252157,0.9659258262890681,-0.7818314824680299,0.6234898018587334
2016-10-17 00:00:00,251.83333333333334,4.716666666666666,0,0,10,0.0,1.0,0.0,1.0
2016-10-17 01:00:00,158.16666666666666,4.25,1,0,10,0.25881904510252074,0.9659258262890683,0.0,1.0
2016-10-17 02:00:00,174.16666666666666,4.25,2,0,10,0.49999999999999994,0.8660254037844387,0.0,1.0
2016-10-17 03:00:00,250.5,4.633333333333333,3,0,10,0.7071067811865475,0.7071067811865476,0.0,1.0
2016-10-17 04:00:00,127.33333333333333,3.75,4,0,10,0.8660254037844386,0.5000000000000001,0.0,1.0
2016-10-17 05:00:00,47.833333333333336,2.783333333333333,5,0,10,0.9659258262890683,0.25881904510252074,0.0,1.0
2016-10-17 06:00:00,205.83333333333334,4.3999999999999995,6,0,10,1.0,6.123233995736766e-17,0.0,1.0
2016-10-17 07:00:00,136.66666666666666,3.9499999999999997,7,0,10,0.9659258262890683,-0.25881904510252063,0.0,1.0
2016-10-17 08:00:00,138.33333333333334,3.6333333333333333,8,0,10,0.8660254037844387,-0.49999999999999983,0.0,1.0
2016-10-17 09:00:00,1.8333333333333333,1.5499999999999998,9,0,10,0.7071067811865476,-0.7071067811865475,0.0,1.0
2016-10-17 10:00:00,-3.3333333333333335,2.3666666666666667,10,0,10,0.49999999999999994,-0.8660254037844387,0.0,1.0
2016-10-17 11:00:00,-2.0,2.8333333333333335,11,0,10,0.258819045102521,-0.9659258262890682,0.0,1.0
2016-10-17 12:00:00,-2.5,1.2166666666666668,12,0,10,1.2246467991473532e-16,-1.0,0.0,1.0
2016-10-17 13:00:00,-2.8333333333333335,1.3333333333333333,13,0,10,-0.2588190451025208,-0.9659258262890683,0.0,1.0
2016-10-17 14:00:00,-2.1666666666666665,1.6833333333333333,14,0,10,-0.4999999999999998,-0.8660254037844388,0.0,1.0
2016-10-17 15:00:00,-2.8333333333333335,1.4166666666666667,15,0,10,-0.7071067811865471,-0.7071067811865479,0.0,1.0
2016-10-17 16:00:00,-1.5,1.0666666666666667,16,0,10,-0.8660254037844384,-0.5000000000000004,0.0,1.0
2016-10-17 17:00:00,-1.8333333333333333,2.0166666666666666,17,0,10,-0.9659258262890683,-0.25881904510252063,0.0,1.0
2016-10-17 18:00:00,-1.1666666666666667,1.8,18,0,10,-1.0,-1.8369701987210297e-16,0.0,1.0
2016-10-17 19:00:00,-1.0,2.0,19,0,10,-0.9659258262890684,0.2588190451025203,0.0,1.0
2016-10-17 20:00:00,29.833333333333332,2.766666666666666,20,0,10,-0.8660254037844386,0.5000000000000001,0.0,1.0
2016-10-17 21:00:00,66.0,3.433333333333333,21,0,10,-0.7071067811865477,0.7071067811865474,0.0,1.0
2016-10-17 22:00:00,19.166666666666668,2.316666666666667,22,0,10,-0.5000000000000004,0.8660254037844384,0.0,1.0
2016-10-17 23:00:00,38.666666666666664,1.7833333333333332,23,0,10,-0.25881904510252157,0.9659258262890681,0.0,1.0
2016-10-18 00:00:00,57.166666666666664,3.033333333333333,0,1,10,0.0,1.0,0.7818314824680298,0.6234898018587336
2016-10-18 01:00:00,1.0,1.9500000000000002,1,1,10,0.25881904510252074,0.9659258262890683,0.7818314824680298,0.6234898018587336
2016-10-18 02:00:00,23.5,2.5,2,1,10,0.49999999999999994,0.8660254037844387,0.7818314824680298,0.6234898018587336
2016-10-18 03:00:00,180.83333333333334,4.25,3,1,10,0.7071067811865475,0.7071067811865476,0.7818314824680298,0.6234898018587336
2016-10-18 04:00:00,187.66666666666666,4.3,4,1,10,0.8660254037844386,0.5000000000000001,0.7818314824680298,0.6234898018587336
2016-10-18 05:00:00,48.5,2.766666666666667,5,1,10,0.9659258262890683,0.25881904510252074,0.7818314824680298,0.6234898018587336
2016-10-18 06:00:00,2.0,2.033333333333333,6,1,10,1.0,6.123233995736766e-17,0.7818314824680298,0.6234898018587336
2016-10-18 07:00:00,11.166666666666666,2.1833333333333336,7,1,10,0.9659258262890683,-0.25881904510252063,0.7818314824680298,0.6234898018587336
2016-10-18 08:00:00,44.333333333333336,3.0,8,1,10,0.8660254037844387,-0.49999999999999983,0.7818314824680298,0.6234898018587336
2016-10-18 09:00:00,90.5,3.433333333333333,9,1,10,0.7071067811865476,-0.7071067811865475,0.7818314824680298,0.6234898018587336
2016-10-18 10:00:00,77.16666666666667,3.4666666666666663,10,1,10,0.49999999999999994,-0.8660254037844387,0.7818314824680298,0.6234898018587336
2016-10-18 11:00:00,65.0,3.0500000000000003,11,1,10,0.258819045102521,-0.9659258262890682,0.7818314824680298,0.6234898018587336
2016-10-18 12:00:00,35.666666666666664,2.75,12,1,10,1.2246467991473532e-16,-1.0,0.7818314824680298,0.6234898018587336
2016-10-18 13:00:00,165.5,4.083333333333333,13,1,10,-0.2588190451025208,-0.9659258262890683,0.7818314824680298,0.6234898018587336
2016-10-18 14:00:00,181.33333333333334,4.25,14,1,10,-0.4999999999999998,-0.8660254037844388,0.7818314824680298,0.6234898018587336
2016-10-18 15:00:00,275.1666666666667,4.566666666666666,15,1,10,-0.7071067811865471,-0.7071067811865479,0.7818314824680298,0.6234898018587336
2016-10-18 16:00:00,383.8333333333333,5.116666666666666,16,1,10,-0.8660254037844384,-0.5000000000000004,0.7818314824680298,0.6234898018587336
2016-10-18 17:00:00,235.33333333333334,4.6000000000000005,17,1,10,-0.9659258262890683,-0.25881904510252063,0.7818314824680298,0.6234898018587336
2016-10-18 18:00:00,64.83333333333333,3.1666666666666665,18,1,10,-1.0,-1.8369701987210297e-16,0.7818314824680298,0.6234898018587336
2016-10-18 19:00:00,459.1666666666667,4.983333333333333,19,1,10,-0.9659258262890684,0.2588190451025203,0.7818314824680298,0.6234898018587336
2016-10-18 20:00:00,1385.3333333333333,7.583333333333333,20,1,10,-0.8660254037844386,0.5000000000000001,0.7818314824680298,0.6234898018587336
2016-10-18 21:00:00,1648.5,8.2,21,1,10,-0.7071067811865477,0.7071067811865474,0.7818314824680298,0.6234898018587336
2016-10-18 22:00:00,1266.8333333333333,7.483333333333334,22,1,10,-0.5000000000000004,0.8660254037844384,0.7818314824680298,0.6234898018587336
2016-10-18 23:00:00,1318.1666666666667,7.566666666666666,23,1,10,-0.25881904510252157,0.9659258262890681,0.7818314824680298,0.6234898018587336
2016-10-19 00:00:00,1825.6666666666667,8.216666666666667,0,2,10,0.0,1.0,0.9749279121818236,-0.22252093395631434
2016-10-19 01:00:00,1786.5,8.65,1,2,10,0.25881904510252074,0.9659258262890683,0.9749279121818236,-0.22252093395631434
2016-10-19 02:00:00,2605.0,10.65,2,2,10,0.49999999999999994,0.8660254037844387,0.9749279121818236,-0.22252093395631434
2016-10-19 03:00:00,1761.6666666666667,8.133333333333333,3,2,10,0.7071067811865475,0.7071067811865476,0.9749279121818236,-0.22252093395631434
2016-10-19 04:00:00,818.8333333333334,6.6000000000000005,4,2,10,0.8660254037844386,0.5000000000000001,0.9749279121818236,-0.22252093395631434
2016-10-19 05:00:00,891.0,6.383333333333333,5,2,10,0.9659258262890683,0.25881904510252074,0.9749279121818236,-0.22252093395631434
2016-10-19 06:00:00,1218.0,7.25,6,2,10,1.0,6.123233995736766e-17,0.9749279121818236,-0.22252093395631434
2016-10-19 07:00:00,1896.3333333333333,8.549999999999999,7,2,10,0.9659258262890683,-0.25881904510252063,0.9749279121818236,-0.22252093395631434
2016-10-19 08:00:00,1262.3333333333333,7.416666666666667,8,2,10,0.8660254037844387,-0.49999999999999983,0.9749279121818236,-0.22252093395631434
2016-10-19 09:00:00,1902.0,8.549999999999999,9,2,10,0.7071067811865476,-0.7071067811865475,0.9749279121818236,-0.22252093395631434
2016-10-19 10:00:00,1400.3333333333333,7.733333333333333,10,2,10,0.49999999999999994,-0.8660254037844387,0.9749279121818236,-0.22252093395631434
2016-10-19 11:00:00,1474.5,7.866666666666667,11,2,10,0.258819045102521,-0.9659258262890682,0.9749279121818236,-0.22252093395631434
2016-10-19 12:00:00,2199.0,9.416666666666666,12,2,10,1.2246467991473532e-16,-1.0,0.9749279121818236,-0.22252093395631434
2016-10-19 13:00:00,2057.1666666666665,9.216666666666667,13,2,10,-0.2588190451025208,-0.9659258262890683,0.9749279121818236,-0.22252093395631434
2016-10-19 14:00:00,2677.5,10.883333333333333,14,2,10,-0.4999999999999998,-0.8660254037844388,0.9749279121818236,-0.22252093395631434
2016-10-19 15:00:00,2510.8333333333335,9.950000000000001,15,2,10,-0.7071067811865471,-0.7071067811865479,0.9749279121818236,-0.22252093395631434
2016-10-19 16:00:00,2694.0,10.466666666666667,16,2,10,-0.8660254037844384,-0.5000000000000004,0.9749279121818236,-0.22252093395631434
2016-10-19 17:00:00,2244.6666666666665,9.450000000000001,17,2,10,-0.9659258262890683,-0.25881904510252063,0.9749279121818236,-0.22252093395631434
2016-10-19 18:00:00,1792.0,8.466666666666667,18,2,10,-1.0,-1.8369701987210297e-16,0.9749279121818236,-0.22252093395631434
2016-10-19 19:00:00,2925.1666666666665,10.850000000000001,19,2,10,-0.9659258262890684,0.2588190451025203,0.9749279121818236,-0.22252093395631434
2016-10-19 20:00:00,2964.6666666666665,11.616666666666667,20,2,10,-0.8660254037844386,0.5000000000000001,0.9749279121818236,-0.22252093395631434
2016-10-19 21:00:00,2597.1666666666665,10.299999999999999,21,2,10,-0.7071067811865477,0.7071067811865474,0.9749279121818236,-0.22252093395631434
2016-10-19 22:00:00,638.8333333333334,6.133333333333334,22,2,10,-0.5000000000000004,0.8660254037844384,0.9749279121818236,-0.22252093395631434
2016-10-19 23:00:00,641.8333333333334,6.066666666666666,23,2,10,-0.25881904510252157,0.9659258262890681,0.9749279121818236,-0.22252093395631434
2016-10-20 00:00:00,382.8333333333333,5.433333333333334,0,3,10,0.0,1.0,0.43388373911755823,-0.900968867902419
2016-10-20 01:00:00,536.6666666666666,5.516666666666667,1,3,10,0.25881904510252074,0.9659258262890683,0.43388373911755823,-0.900968867902419
2016-10-20 02:00:00,505.1666666666667,5.433333333333334,2,3,10,0.49999999999999994,0.8660254037844387,0.43388373911755823,-0.900968867902419
2016-10-20 03:00:00,768.0,6.2,3,3,10,0.7071067811865475,0.7071067811865476,0.43388373911755823,-0.900968867902419
2016-10-20 04:00:00,804.6666666666666,6.466666666666668,4,3,10,0.8660254037844386,0.5000000000000001,0.43388373911755823,-0.900968867902419
2016-10-20 05:00:00,569.8333333333334,5.733333333333333,5,3,10,0.9659258262890683,0.25881904510252074,0.43388373911755823,-0.900968867902419
2016-10-20 06:00:00,522.1666666666666,5.783333333333334,6,3,10,1.0,6.123233995736766e-17,0.43388373911755823,-0.900968867902419
2016-10-20 07:00:00,420.5,5.283333333333333,7,3,10,0.9659258262890683,-0.25881904510252063,0.43388373911755823,-0.900968867902419
2016-10-20 08:00:00,465.8333333333333,5.449999999999999,8,3,10,0.8660254037844387,-0.49999999999999983,0.43388373911755823,-0.900968867902419
2016-10-20 09:00:00,32.833333333333336,3.9,9,3,10,0.7071067811865476,-0.7071067811865475,0.43388373911755823,-0.900968867902419
2016-10-20 10:00:00,-5.5,3.4,10,3,10,0.49999999999999994,-0.8660254037844387,0.43388373911755823,-0.900968867902419
2016-10-20 11:00:00,-11.333333333333334,1.5666666666666667,11,3,10,0.258819045102521,-0.9659258262890682,0.43388373911755823,-0.900968867902419
2016-10-20 12:00:00,-11.333333333333334,3.683333333333333,12,3,10,1.2246467991473532e-16,-1.0,0.43388373911755823,-0.900968867902419
2016-10-20 13:00:00,-11.0,1.5499999999999998,13,3,10,-0.2588190451025208,-0.9659258262890683,0.43388373911755823,-0.900968867902419
2016-10-20 14:00:00,-11.0,1.2,14,3,10,-0.4999999999999998,-0.8660254037844388,0.43388373911755823,-0.900968867902419
2016-10-20 15:00:00,-7.166666666666667,2.266666666666667,15,3,10,-0.7071067811865471,-0.7071067811865479,0.43388373911755823,-0.900968867902419
2016-10-20 16:00:00,-1.0,1.8666666666666665,16,3,10,-0.8660254037844384,-0.5000000000000004,0.43388373911755823,-0.900968867902419
2016-10-20 17:00:00,2.1666666666666665,1.9833333333333334,17,3,10,-0.9659258262890683,-0.25881904510252063,0.43388373911755823,-0.900968867902419
2016-10-20 18:00:00,-1.0,1.3166666666666667,18,3,10,-1.0,-1.8369701987210297e-16,0.43388373911755823,-0.900968867902419
2016-10-20 19:00:00,-1.3333333333333333,0.7000000000000001,19,3,10,-0.9659258262890684,0.2588190451025203,0.43388373911755823,-0.900968867902419
2016-10-20 20:00:00,-1.8333333333333333,1.3,20,3,10,-0.8660254037844386,0.5000000000000001,0.43388373911755823,-0.900968867902419
2016-10-20 21:00:00,-1.8333333333333333,1.616666666666667,21,3,10,-0.7071067811865477,0.7071067811865474,0.43388373911755823,-0.900968867902419
2016-10-20 22:00:00,-1.0,1.8166666666666667,22,3,10,-0.5000000000000004,0.8660254037844384,0.43388373911755823,-0.900968867902419
2016-10-20 23:00:00,2.1666666666666665,1.883333333333333,23,3,10,-0.25881904510252157,0.9659258262890681,0.43388373911755823,-0.900968867902419
2016-10-21 00:00:00,44.166666666666664,3.3333333333333335,0,4,10,0.0,1.0,-0.433883739117558,-0.9009688679024191
2016-10-21 01:00:00,108.83333333333333,4.083333333333333,1,4,10,0.25881904510252074,0.9659258262890683,-0.433883739117558,-0.9009688679024191
2016-10-21 02:00:00,146.5,4.133333333333334,2,4,10,0.49999999999999994,0.8660254037844387,-0.433883739117558,-0.9009688679024191
2016-10-21 03:00:00,64.5,3.383333333333333,3,4,10,0.7071067811865475,0.7071067811865476,-0.433883739117558,-0.9009688679024191
2016-10-21 04:00:00,79.66666666666667,3.4,4,4,10,0.8660254037844386,0.5000000000000001,-0.433883739117558,-0.9009688679024191
2016-10-21 05:00:00,378.6666666666667,5.183333333333334,5,4,10,0.9659258262890683,0.25881904510252074,-0.433883739117558,-0.9009688679024191
2016-10-21 06:00:00,199.66666666666666,4.3999999999999995,6,4,10,1.0,6.123233995736766e-17,-0.433883739117558,-0.9009688679024191
2016-10-21 07:00:00,125.83333333333333,3.85,7,4,10,0.9659258262890683,-0.25881904510252063,-0.433883739117558,-0.9009688679024191
2016-10-21 08:00:00,117.5,3.6666666666666665,8,4,10,0.8660254037844387,-0.49999999999999983,-0.433883739117558,-0.9009688679024191
2016-10-21 09:00:00,116.83333333333333,3.5666666666666664,9,4,10,0.7071067811865476,-0.7071067811865475,-0.433883739117558,-0.9009688679024191
2016-10-21 10:00:00,-4.166666666666667,1.6666666666666667,10,4,10,0.49999999999999994,-0.8660254037844387,-0.433883739117558,-0.9009688679024191
2016-10-21 11:00:00,-2.0,1.6166666666666665,11,4,10,0.258819045102521,-0.9659258262890682,-0.433883739117558,-0.9009688679024191
2016-10-21 12:00:00,-9.333333333333334,1.616666666666667,12,4,10,1.2246467991473532e-16,-1.0,-0.433883739117558,-0.9009688679024191
2016-10-21 13:00:00,-11.0,1.8666666666666665,13,4,10,-0.2588190451025208,-0.9659258262890683,-0.433883739117558,-0.9009688679024191
2016-10-21 14:00:00,-4.5,2.5999999999999996,14,4,10,-0.4999999999999998,-0.8660254037844388,-0.433883739117558,-0.9009688679024191
2016-10-21 15:00:00,-2.0,1.816666666666667,15,4,10,-0.7071067811865471,-0.7071067811865479,-0.433883739117558,-0.9009688679024191
2016-10-21 16:00:00,-2.5,2.683333333333333,16,4,10,-0.8660254037844384,-0.5000000000000004,-0.433883739117558,-0.9009688679024191
2016-10-21 17:00:00,108.0,3.9666666666666663,17,4,10,-0.9659258262890683,-0.25881904510252063,-0.433883739117558,-0.9009688679024191
2016-10-21 18:00:00,351.0,4.95,18,4,10,-1.0,-1.8369701987210297e-16,-0.433883739117558,-0.9009688679024191
2016-10-21 19:00:00,407.3333333333333,5.133333333333334,19,4,10,-0.9659258262890684,0.2588190451025203,-0.433883739117558,-0.9009688679024191
2016-10-21 20:00:00,301.0,4.8999999999999995,20,4,10,-0.8660254037844386,0.5000000000000001,-0.433883739117558,-0.9009688679024191
2016-10-21 21:00:00,462.0,5.516666666666666,21,4,10,-0.7071067811865477,0.7071067811865474,-0.433883739117558,-0.9009688679024191
2016-10-21 22:00:00,659.1666666666666,5.733333333333333,22,4,10,-0.5000000000000004,0.8660254037844384,-0.433883739117558,-0.9009688679024191
2016-10-21 23:00:00,593.5,5.733333333333333,23,4,10,-0.25881904510252157,0.9659258262890681,-0.433883739117558,-0.9009688679024191
2016-10-22 00:00:00,481.8333333333333,5.366666666666666,0,5,10,0.0,1.0,-0.9749279121818236,-0.2225209339563146
2016-10-22 01:00:00,858.3333333333334,6.3999999999999995,1,5,10,0.25881904510252074,0.9659258262890683,-0.9749279121818236,-0.2225209339563146
2016-10-22 02:00:00,899.5,6.8500000000000005,2,5,10,0.49999999999999994,0.8660254037844387,-0.9749279121818236,-0.2225209339563146
2016-10-22 03:00:00,857.5,6.533333333333332,3,5,10,0.7071067811865475,0.7071067811865476,-0.9749279121818236,-0.2225209339563146
2016-10-22 04:00:00,738.8333333333334,6.2,4,5,10,0.8660254037844386,0.5000000000000001,-0.9749279121818236,-0.2225209339563146
2016-10-22 05:00:00,800.8333333333334,6.433333333333334,5,5,10,0.9659258262890683,0.25881904510252074,-0.9749279121818236,-0.2225209339563146
2016-10-22 06:00:00,876.5,6.616666666666667,6,5,10,1.0,6.123233995736766e-17,-0.9749279121818236,-0.2225209339563146
2016-10-22 07:00:00,757.6666666666666,6.199999999999999,7,5,10,0.9659258262890683,-0.25881904510252063,-0.9749279121818236,-0.2225209339563146
2016-10-22 08:00:00,989.0,6.766666666666667,8,5,10,0.8660254037844387,-0.49999999999999983,-0.9749279121818236,-0.2225209339563146
2016-10-22 09:00:00,661.3333333333334,6.05,9,5,10,0.7071067811865476,-0.7071067811865475,-0.9749279121818236,-0.2225209339563146
2016-10-22 10:00:00,530.5,5.466666666666666,10,5,10,0.49999999999999994,-0.8660254037844387,-0.9749279121818236,-0.2225209339563146
2016-10-22 11:00:00,527.1666666666666,5.633333333333334,11,5,10,0.258819045102521,-0.9659258262890682,-0.9749279121818236,-0.2225209339563146
2016-10-22 12:00:00,411.6666666666667,5.1000000000000005,12,5,10,1.2246467991473532e-16,-1.0,-0.9749279121818236,-0.2225209339563146
2016-10-22 13:00:00,294.6666666666667,5.066666666666666,13,5,10,-0.2588190451025208,-0.9659258262890683,-0.9749279121818236,-0.2225209339563146
2016-10-22 14:00:00,205.16666666666666,4.3,14,5,10,-0.4999999999999998,-0.8660254037844388,-0.9749279121818236,-0.2225209339563146
2016-10-22 15:00:00,143.5,4.066666666666667,15,5,10,-0.7071067811865471,-0.7071067811865479,-0.9749279121818236,-0.2225209339563146
2016-10-22 16:00:00,110.16666666666667,3.5500000000000003,16,5,10,-0.8660254037844384,-0.5000000000000004,-0.9749279121818236,-0.2225209339563146
2016-10-22 17:00:00,92.5,3.4,17,5,10,-0.9659258262890683,-0.25881904510252063,-0.9749279121818236,-0.2225209339563146
2016-10-22 18:00:00,87.66666666666667,3.4999999999999996,18,5,10,-1.0,-1.8369701987210297e-16,-0.9749279121818236,-0.2225209339563146
2016-10-22 19:00:00,71.16666666666667,3.0,19,5,10,-0.9659258262890684,0.2588190451025203,-0.9749279121818236,-0.2225209339563146
2016-10-22 20:00:00,136.0,3.766666666666666,20,5,10,-0.8660254037844386,0.5000000000000001,-0.9749279121818236,-0.2225209339563146
2016-10-22 21:00:00,78.5,3.3666666666666667,21,5,10,-0.7071067811865477,0.7071067811865474,-0.9749279121818236,-0.2225209339563146
2016-10-22 22:00:00,70.66666666666667,3.3000000000000003,22,5,10,-0.5000000000000004,0.8660254037844384,-0.9749279121818236,-0.2225209339563146
2016-10-22 23:00:00,16.833333333333332,2.2833333333333337,23,5,10,-0.25881904510252157,0.9659258262890681,-0.9749279121818236,-0.2225209339563146
2016-10-23 00:00:00,33.5,2.5500000000000003,0,6,10,0.0,1.0,-0.7818314824680299,0.6234898018587334
2016-10-23 01:00:00,-1.3333333333333333,1.2166666666666666,1,6,10,0.25881904510252074,0.9659258262890683,-0.7818314824680299,0.6234898018587334
2016-10-23 02:00:00,-1.0,0.2833333333333334,2,6,10,0.49999999999999994,0.8660254037844387,-0.7818314824680299,0.6234898018587334
2016-10-23 03:00:00,-1.8333333333333333,1.5166666666666666,3,6,10,0.7071067811865475,0.7071067811865476,-0.7818314824680299,0.6234898018587334
2016-10-23 04:00:00,20.166666666666668,2.266666666666666,4,6,10,0.8660254037844386,0.5000000000000001,-0.7818314824680299,0.6234898018587334
2016-10-23 05:00:00,-1.1666666666666667,1.6833333333333333,5,6,10,0.9659258262890683,0.25881904510252074,-0.7818314824680299,0.6234898018587334
2016-10-23 06:00:00,-1.6666666666666667,1.15,6,6,10,1.0,6.123233995736766e-17,-0.7818314824680299,0.6234898018587334
2016-10-23 07:00:00,37.5,2.716666666666667,7,6,10,0.9659258262890683,-0.25881904510252063,-0.7818314824680299,0.6234898018587334
2016-10-23 08:00:00,19.833333333333332,2.3833333333333333,8,6,10,0.8660254037844387,-0.49999999999999983,-0.7818314824680299,0.6234898018587334
2016-10-23 09:00:00,50.833333333333336,2.8333333333333335,9,6,10,0.7071067811865476,-0.7071067811865475,-0.7818314824680299,0.6234898018587334
2016-10-23 10:00:00,38.833333333333336,2.816666666666667,10,6,10,0.49999999999999994,-0.8660254037844387,-0.7818314824680299,0.6234898018587334
2016-10-23 11:00:00,45.666666666666664,2.9166666666666665,11,6,10,0.258819045102521,-0.9659258262890682,-0.7818314824680299,0.6234898018587334
2016-10-23 12:00:00,82.5,3.566666666666667,12,6,10,1.2246467991473532e-16,-1.0,-0.7818314824680299,0.6234898018587334
2016-10-23 13:00:00,224.33333333333334,4.3500000000000005,13,6,10,-0.2588190451025208,-0.9659258262890683,-0.7818314824680299,0.6234898018587334
2016-10-23 14:00:00,290.1666666666667,4.783333333333333,14,6,10,-0.4999999999999998,-0.8660254037844388,-0.7818314824680299,0.6234898018587334
2016-10-23 15:00:00,330.1666666666667,4.833333333333333,15,6,10,-0.7071067811865471,-0.7071067811865479,-0.7818314824680299,0.6234898018587334
2016-10-23 16:00:00,171.16666666666666,4.066666666666666,16,6,10,-0.8660254037844384,-0.5000000000000004,-0.7818314824680299,0.6234898018587334
2016-10-23 17:00:00,242.83333333333334,4.333333333333333,17,6,10,-0.9659258262890683,-0.25881904510252063,-0.7818314824680299,0.6234898018587334
2016-10-23 18:00:00,382.1666666666667,4.766666666666667,18,6,10,-1.0,-1.8369701987210297e-16,-0.7818314824680299,0.6234898018587334
2016-10-23 19:00:00,114.5,3.466666666666667,19,6,10,-0.9659258262890684,0.2588190451025203,-0.7818314824680299,0.6234898018587334
2016-10-23 20:00:00,201.33333333333334,4.083333333333333,20,6,10,-0.8660254037844386,0.5000000000000001,-0.7818314824680299,0.6234898018587334
2016-10-23 21:00:00,421.6666666666667,5.1499999999999995,21,6,10,-0.7071067811865477,0.7071067811865474,-0.7818314824680299,0.6234898018587334
2016-10-23 22:00:00,198.83333333333334,4.35,22,6,10,-0.5000000000000004,0.8660254037844384,-0.7818314824680299,0.6234898018587334
2016-10-23 23:00:00,138.16666666666666,3.8166666666666664,23,6,10,-0.25881904510252157,0.9659258262890681,-0.7818314824680299,0.6234898018587334
2016-10-24 00:00:00,47.833333333333336,2.8666666666666667,0,0,10,0.0,1.0,0.0,1.0
2016-10-24 01:00:00,31.0,2.5833333333333335,1,0,10,0.25881904510252074,0.9659258262890683,0.0,1.0
2016-10-24 02:00:00,8.833333333333334,2.1166666666666667,2,0,10,0.49999999999999994,0.8660254037844387,0.0,1.0
2016-10-24 03:00:00,48.166666666666664,2.75,3,0,10,0.7071067811865475,0.7071067811865476,0.0,1.0
2016-10-24 04:00:00,40.833333333333336,2.5666666666666664,4,0,10,0.8660254037844386,0.5000000000000001,0.0,1.0
2016-10-24 05:00:00,97.83333333333333,3.5666666666666664,5,0,10,0.9659258262890683,0.25881904510252074,0.0,1.0
2016-10-24 06:00:00,136.33333333333334,3.8499999999999996,6,0,10,1.0,6.123233995736766e-17,0.0,1.0
2016-10-24 07:00:00,318.0,4.7,7,0,10,0.9659258262890683,-0.25881904510252063,0.0,1.0
2016-10-24 08:00:00,79.16666666666667,3.1333333333333333,8,0,10,0.8660254037844387,-0.49999999999999983,0.0,1.0
2016-10-24 09:00:00,16.333333333333332,2.266666666666666,9,0,10,0.7071067811865476,-0.7071067811865475,0.0,1.0
2016-10-24 10:00:00,-6.5,2.6999999999999997,10,0,10,0.49999999999999994,-0.8660254037844387,0.0,1.0
2016-10-24 11:00:00,-6.5,2.15,11,0,10,0.258819045102521,-0.9659258262890682,0.0,1.0
2016-10-24 12:00:00,-3.8333333333333335,2.2500000000000004,12,0,10,1.2246467991473532e-16,-1.0,0.0,1.0
2016-10-24 13:00:00,-8.166666666666666,2.25,13,0,10,-0.2588190451025208,-0.9659258262890683,0.0,1.0
2016-10-24 14:00:00,-2.5,4.3500000000000005,14,0,10,-0.4999999999999998,-0.8660254037844388,0.0,1.0
2016-10-24 15:00:00,127.33333333333333,3.8833333333333333,15,0,10,-0.7071067811865471,-0.7071067811865479,0.0,1.0
2016-10-24 16:00:00,38.833333333333336,2.816666666666667,16,0,10,-0.8660254037844384,-0.5000000000000004,0.0,1.0
2016-10-24 17:00:00,134.0,3.8499999999999996,17,0,10,-0.9659258262890683,-0.25881904510252063,0.0,1.0
2016-10-24 18:00:00,48.166666666666664,2.8499999999999996,18,0,10,-1.0,-1.8369701987210297e-16,0.0,1.0
2016-10-24 19:00:00,26.5,2.5833333333333335,19,0,10,-0.9659258262890684,0.2588190451025203,0.0,1.0
2016-10-24 20:00:00,68.16666666666667,3.0500000000000003,20,0,10,-0.8660254037844386,0.5000000000000001,0.0,1.0
2016-10-24 21:00:00,416.5,5.3,21,0,10,-0.7071067811865477,0.7071067811865474,0.0,1.0
2016-10-24 22:00:00,58.0,2.9166666666666674,22,0,10,-0.5000000000000004,0.8660254037844384,0.0,1.0
2016-10-24 23:00:00,39.0,2.6666666666666665,23,0,10,-0.25881904510252157,0.9659258262890681,0.0,1.0
2016-10-25 00:00:00,89.0,3.3666666666666667,0,1,10,0.0,1.0,0.7818314824680298,0.6234898018587336
2016-10-25 01:00:00,16.0,1.7166666666666668,1,1,10,0.25881904510252074,0.9659258262890683,0.7818314824680298,0.6234898018587336
2016-10-25 02:00:00,20.5,2.516666666666667,2,1,10,0.49999999999999994,0.8660254037844387,0.7818314824680298,0.6234898018587336
2016-10-25 03:00:00,104.66666666666667,3.616666666666667,3,1,10,0.7071067811865475,0.7071067811865476,0.7818314824680298,0.6234898018587336
2016-10-25 04:00:00,536.5,5.5,4,1,10,0.8660254037844386,0.5000000000000001,0.7818314824680298,0.6234898018587336
2016-10-25 05:00:00,661.3333333333334,5.8999999999999995,5,1,10,0.9659258262890683,0.25881904510252074,0.7818314824680298,0.6234898018587336
2016-10-25 06:00:00,239.66666666666666,4.25,6,1,10,1.0,6.123233995736766e-17,0.7818314824680298,0.6234898018587336
2016-10-25 07:00:00,574.0,5.516666666666667,7,1,10,0.9659258262890683,-0.25881904510252063,0.7818314824680298,0.6234898018587336
2016-10-25 08:00:00,250.16666666666666,4.683333333333333,8,1,10,0.8660254037844387,-0.49999999999999983,0.7818314824680298,0.6234898018587336
2016-10-25 09:00:00,14.5,3.633333333333333,9,1,10,0.7071067811865476,-0.7071067811865475,0.7818314824680298,0.6234898018587336
2016-10-25 10:00:00,-6.333333333333333,3.35,10,1,10,0.49999999999999994,-0.8660254037844387,0.7818314824680298,0.6234898018587336
2016-10-25 11:00:00,-2.0,2.9666666666666663,11,1,10,0.258819045102521,-0.9659258262890682,0.7818314824680298,0.6234898018587336
2016-10-25 12:00:00,-2.1666666666666665,1.9333333333333336,12,1,10,1.2246467991473532e-16,-1.0,0.7818314824680298,0.6234898018587336
2016-10-25 13:00:00,-2.0,1.9166666666666667,13,1,10,-0.2588190451025208,-0.9659258262890683,0.7818314824680298,0.6234898018587336
2016-10-25 14:00:00,-2.1666666666666665,1.9166666666666667,14,1,10,-0.4999999999999998,-0.8660254037844388,0.7818314824680298,0.6234898018587336
2016-10-25 15:00:00,37.0,2.8166666666666664,15,1,10,-0.7071067811865471,-0.7071067811865479,0.7818314824680298,0.6234898018587336
2016-10-25 16:00:00,122.16666666666667,3.5999999999999996,16,1,10,-0.8660254037844384,-0.5000000000000004,0.7818314824680298,0.6234898018587336
2016-10-25 17:00:00,199.16666666666666,4.333333333333333,17,1,10,-0.9659258262890683,-0.25881904510252063,0.7818314824680298,0.6234898018587336
2016-10-25 18:00:00,212.33333333333334,4.283333333333333,18,1,10,-1.0,-1.8369701987210297e-16,0.7818314824680298,0.6234898018587336
2016-10-25 19:00:00,292.6666666666667,4.733333333333333,19,1,10,-0.9659258262890684,0.2588190451025203,0.7818314824680298,0.6234898018587336
2016-10-25 20:00:00,321.5,4.666666666666667,20,1,10,-0.8660254037844386,0.5000000000000001,0.7818314824680298,0.6234898018587336
2016-10-25 21:00:00,215.66666666666666,4.266666666666666,21,1,10,-0.7071067811865477,0.7071067811865474,0.7818314824680298,0.6234898018587336
2016-10-25 22:00:00,274.8333333333333,4.633333333333334,22,1,10,-0.5000000000000004,0.8660254037844384,0.7818314824680298,0.6234898018587336
2016-10-25 23:00:00,124.33333333333333,3.649999999999999,23,1,10,-0.25881904510252157,0.9659258262890681,0.7818314824680298,0.6234898018587336
2016-10-26 00:00:00,247.66666666666666,4.3999999999999995,0,2,10,0.0,1.0,0.9749279121818236,-0.22252093395631434
2016-10-26 01:00:00,203.16666666666666,4.366666666666667,1,2,10,0.25881904510252074,0.9659258262890683,0.9749279121818236,-0.22252093395631434
2016-10-26 02:00:00,242.16666666666666,4.616666666666666,2,2,10,0.49999999999999994,0.8660254037844387,0.9749279121818236,-0.22252093395631434
2016-10-26 03:00:00,231.16666666666666,4.550000000000001,3,2,10,0.7071067811865475,0.7071067811865476,0.9749279121818236,-0.22252093395631434
2016-10-26 04:00:00,154.0,4.133333333333334,4,2,10,0.8660254037844386,0.5000000000000001,0.9749279121818236,-0.22252093395631434
2016-10-26 05:00:00,122.33333333333333,3.733333333333333,5,2,10,0.9659258262890683,0.25881904510252074,0.9749279121818236,-0.22252093395631434
2016-10-26 06:00:00,33.666666666666664,2.683333333333333,6,2,10,1.0,6.123233995736766e-17,0.9749279121818236,-0.22252093395631434
2016-10-26 07:00:00,-1.3333333333333333,1.1833333333333333,7,2,10,0.9659258262890683,-0.25881904510252063,0.9749279121818236,-0.22252093395631434
2016-10-26 08:00:00,-1.0,0.9166666666666666,8,2,10,0.8660254037844387,-0.49999999999999983,0.9749279121818236,-0.22252093395631434
2016-10-26 09:00:00,-1.1666666666666667,1.0666666666666667,9,2,10,0.7071067811865476,-0.7071067811865475,0.9749279121818236,-0.22252093395631434
2016-10-26 10:00:00,-2.6666666666666665,0.6333333333333333,10,2,10,0.49999999999999994,-0.8660254037844387,0.9749279121818236,-0.22252093395631434
2016-10-26 11:00:00,-11.0,0.7999999999999999,11,2,10,0.258819045102521,-0.9659258262890682,0.9749279121818236,-0.22252093395631434
2016-10-26 12:00:00,-3.1666666666666665,0.9166666666666666,12,2,10,1.2246467991473532e-16,-1.0,0.9749279121818236,-0.22252093395631434
2016-10-26 13:00:00,-2.5,1.3499999999999999,13,2,10,-0.2588190451025208,-0.9659258262890683,0.9749279121818236,-0.22252093395631434
2016-10-26 14:00:00,-2.5,0.9,14,2,10,-0.4999999999999998,-0.8660254037844388,0.9749279121818236,-0.22252093395631434
2016-10-26 15:00:00,-2.8333333333333335,2.4166666666666665,15,2,10,-0.7071067811865471,-0.7071067811865479,0.9749279121818236,-0.22252093395631434
2016-10-26 16:00:00,-1.8333333333333333,1.9833333333333332,16,2,10,-0.8660254037844384,-0.5000000000000004,0.9749279121818236,-0.22252093395631434
2016-10-26 17:00:00,113.16666666666667,3.6166666666666667,17,2,10,-0.9659258262890683,-0.25881904510252063,0.9749279121818236,-0.22252093395631434
2016-10-26 18:00:00,187.83333333333334,4.316666666666666,18,2,10,-1.0,-1.8369701987210297e-16,0.9749279121818236,-0.22252093395631434
2016-10-26 19:00:00,367.8333333333333,5.133333333333334,19,2,10,-0.9659258262890684,0.2588190451025203,0.9749279121818236,-0.22252093395631434
2016-10-26 20:00:00,406.0,5.066666666666666,20,2,10,-0.8660254037844386,0.5000000000000001,0.9749279121818236,-0.22252093395631434
2016-10-26 21:00:00,623.3333333333334,5.916666666666667,21,2,10,-0.7071067811865477,0.7071067811865474,0.9749279121818236,-0.22252093395631434
2016-10-26 22:00:00,371.0,5.033333333333333,22,2,10,-0.5000000000000004,0.8660254037844384,0.9749279121818236,-0.22252093395631434
2016-10-26 23:00:00,329.6666666666667,4.8,23,2,10,-0.25881904510252157,0.9659258262890681,0.9749279121818236,-0.22252093395631434
2016-10-27 00:00:00,245.5,4.466666666666666,0,3,10,0.0,1.0,0.43388373911755823,-0.900968867902419
2016-10-27 01:00:00,210.16666666666666,4.4,1,3,10,0.25881904510252074,0.9659258262890683,0.43388373911755823,-0.900968867902419
2016-10-27 02:00:00,274.5,4.833333333333333,2,3,10,0.49999999999999994,0.8660254037844387,0.43388373911755823,-0.900968867902419
2016-10-27 03:00:00,246.66666666666666,4.316666666666666,3,3,10,0.7071067811865475,0.7071067811865476,0.43388373911755823,-0.900968867902419
2016-10-27 04:00:00,27.5,2.4833333333333334,4,3,10,0.8660254037844386,0.5000000000000001,0.43388373911755823,-0.900968867902419
2016-10-27 05:00:00,116.0,3.566666666666667,5,3,10,0.9659258262890683,0.25881904510252074,0.43388373911755823,-0.900968867902419
2016-10-27 06:00:00,15.833333333333334,2.4666666666666672,6,3,10,1.0,6.123233995736766e-17,0.43388373911755823,-0.900968867902419
2016-10-27 07:00:00,78.66666666666667,3.233333333333333,7,3,10,0.9659258262890683,-0.25881904510252063,0.43388373911755823,-0.900968867902419
2016-10-27 08:00:00,202.33333333333334,4.166666666666666,8,3,10,0.8660254037844387,-0.49999999999999983,0.43388373911755823,-0.900968867902419
2016-10-27 09:00:00,45.833333333333336,2.7833333333333337,9,3,10,0.7071067811865476,-0.7071067811865475,0.43388373911755823,-0.900968867902419
2016-10-27 10:00:00,3.8333333333333335,2.25,10,3,10,0.49999999999999994,-0.8660254037844387,0.43388373911755823,-0.900968867902419
2016-10-27 11:00:00,20.333333333333332,2.6333333333333333,11,3,10,0.258819045102521,-0.9659258262890682,0.43388373911755823,-0.900968867902419
2016-10-27 12:00:00,15.333333333333334,1.9833333333333334,12,3,10,1.2246467991473532e-16,-1.0,0.43388373911755823,-0.900968867902419
2016-10-27 13:00:00,11.333333333333334,2.1333333333333333,13,3,10,-0.2588190451025208,-0.9659258262890683,0.43388373911755823,-0.900968867902419
2016-10-27 14:00:00,41.166666666666664,2.85,14,3,10,-0.4999999999999998,-0.8660254037844388,0.43388373911755823,-0.900968867902419
2016-10-27 15:00:00,88.33333333333333,3.35,15,3,10,-0.7071067811865471,-0.7071067811865479,0.43388373911755823,-0.900968867902419
2016-10-27 16:00:00,75.33333333333333,3.3000000000000003,16,3,10,-0.8660254037844384,-0.5000000000000004,0.43388373911755823,-0.900968867902419
2016-10-27 17:00:00,89.83333333333333,3.3333333333333335,17,3,10,-0.9659258262890683,-0.25881904510252063,0.43388373911755823,-0.900968867902419
2016-10-27 18:00:00,363.8333333333333,4.8999999999999995,18,3,10,-1.0,-1.8369701987210297e-16,0.43388373911755823,-0.900968867902419
2016-10-27 19:00:00,412.8333333333333,5.1499999999999995,19,3,10,-0.9659258262890684,0.2588190451025203,0.43388373911755823,-0.900968867902419
2016-10-27 20:00:00,275.0,4.566666666666666,20,3,10,-0.8660254037844386,0.5000000000000001,0.43388373911755823,-0.900968867902419
2016-10-27 21:00:00,52.833333333333336,2.983333333333334,21,3,10,-0.7071067811865477,0.7071067811865474,0.43388373911755823,-0.900968867902419
2016-10-27 22:00:00,41.333333333333336,2.8000000000000003,22,3,10,-0.5000000000000004,0.8660254037844384,0.43388373911755823,-0.900968867902419
2016-10-27 23:00:00,61.166666666666664,2.883333333333333,23,3,10,-0.25881904510252157,0.9659258262890681,0.43388373911755823,-0.900968867902419
2016-10-28 00:00:00,146.66666666666666,3.716666666666667,0,4,10,0.0,1.0,-0.433883739117558,-0.9009688679024191
2016-10-28 01:00:00,162.66666666666666,3.816666666666667,1,4,10,0.25881904510252074,0.9659258262890683,-0.433883739117558,-0.9009688679024191
2016-10-28 02:00:00,246.16666666666666,4.516666666666667,2,4,10,0.49999999999999994,0.8660254037844387,-0.433883739117558,-0.9009688679024191
2016-10-28 03:00:00,244.5,4.35,3,4,10,0.7071067811865475,0.7071067811865476,-0.433883739117558,-0.9009688679024191
2016-10-28 04:00:00,222.83333333333334,4.2,4,4,10,0.8660254037844386,0.5000000000000001,-0.433883739117558,-0.9009688679024191
2016-10-28 05:00:00,179.16666666666666,4.133333333333333,5,4,10,0.9659258262890683,0.25881904510252074,-0.433883739117558,-0.9009688679024191
2016-10-28 06:00:00,330.8333333333333,4.933333333333333,6,4,10,1.0,6.123233995736766e-17,-0.433883739117558,-0.9009688679024191
2016-10-28 07:00:00,209.5,4.183333333333334,7,4,10,0.9659258262890683,-0.25881904510252063,-0.433883739117558,-0.9009688679024191
2016-10-28 08:00:00,481.6666666666667,5.133333333333333,8,4,10,0.8660254037844387,-0.49999999999999983,-0.433883739117558,-0.9009688679024191
2016-10-28 09:00:00,339.5,5.016666666666667,9,4,10,0.7071067811865476,-0.7071067811865475,-0.433883739117558,-0.9009688679024191
2016-10-28 10:00:00,442.5,5.333333333333333,10,4,10,0.49999999999999994,-0.8660254037844387,-0.433883739117558,-0.9009688679024191
2016-10-28 11:00:00,163.5,3.8833333333333333,11,4,10,0.258819045102521,-0.9659258262890682,-0.433883739117558,-0.9009688679024191
2016-10-28 12:00:00,156.83333333333334,4.216666666666666,12,4,10,1.2246467991473532e-16,-1.0,-0.433883739117558,-0.9009688679024191
2016-10-28 13:00:00,458.0,5.433333333333334,13,4,10,-0.2588190451025208,-0.9659258262890683,-0.433883739117558,-0.9009688679024191
2016-10-28 14:00:00,455.5,5.500000000000001,14,4,10,-0.4999999999999998,-0.8660254037844388,-0.433883739117558,-0.9009688679024191
2016-10-28 15:00:00,595.1666666666666,5.866666666666667,15,4,10,-0.7071067811865471,-0.7071067811865479,-0.433883739117558,-0.9009688679024191
2016-10-28 16:00:00,725.8333333333334,6.116666666666666,16,4,10,-0.8660254037844384,-0.5000000000000004,-0.433883739117558,-0.9009688679024191
2016-10-28 17:00:00,545.1666666666666,5.433333333333334,17,4,10,-0.9659258262890683,-0.25881904510252063,-0.433883739117558,-0.9009688679024191
2016-10-28 18:00:00,316.3333333333333,5.0,18,4,10,-1.0,-1.8369701987210297e-16,-0.433883739117558,-0.9009688679024191
2016-10-28 19:00:00,502.3333333333333,5.383333333333333,19,4,10,-0.9659258262890684,0.2588190451025203,-0.433883739117558,-0.9009688679024191
2016-10-28 20:00:00,482.8333333333333,5.366666666666666,20,4,10,-0.8660254037844386,0.5000000000000001,-0.433883739117558,-0.9009688679024191
2016-10-28 21:00:00,397.5,5.133333333333334,21,4,10,-0.7071067811865477,0.7071067811865474,-0.433883739117558,-0.9009688679024191
2016-10-28 22:00:00,356.6666666666667,5.083333333333333,22,4,10,-0.5000000000000004,0.8660254037844384,-0.433883739117558,-0.9009688679024191
2016-10-28 23:00:00,396.8333333333333,5.216666666666667,23,4,10,-0.25881904510252157,0.9659258262890681,-0.433883739117558,-0.9009688679024191
2016-10-29 00:00:00,255.33333333333334,4.783333333333333,0,5,10,0.0,1.0,-0.9749279121818236,-0.2225209339563146
2016-10-29 01:00:00,168.66666666666666,4.2,1,5,10,0.25881904510252074,0.9659258262890683,-0.9749279121818236,-0.2225209339563146
2016-10-29 02:00:00,97.0,3.5500000000000003,2,5,10,0.49999999999999994,0.8660254037844387,-0.9749279121818236,-0.2225209339563146
2016-10-29 03:00:00,168.5,3.85,3,5,10,0.7071067811865475,0.7071067811865476,-0.9749279121818236,-0.2225209339563146
2016-10-29 04:00:00,94.66666666666667,3.533333333333333,4,5,10,0.8660254037844386,0.5000000000000001,-0.9749279121818236,-0.2225209339563146
2016-10-29 05:00:00,139.33333333333334,3.8166666666666664,5,5,10,0.9659258262890683,0.25881904510252074,-0.9749279121818236,-0.2225209339563146
2016-10-29 06:00:00,85.16666666666667,3.533333333333333,6,5,10,1.0,6.123233995736766e-17,-0.9749279121818236,-0.2225209339563146
2016-10-29 07:00:00,119.66666666666667,3.9166666666666665,7,5,10,0.9659258262890683,-0.25881904510252063,-0.9749279121818236,-0.2225209339563146
2016-10-29 08:00:00,149.83333333333334,3.9666666666666672,8,5,10,0.8660254037844387,-0.49999999999999983,-0.9749279121818236,-0.2225209339563146
2016-10-29 09:00:00,137.33333333333334,3.9333333333333336,9,5,10,0.7071067811865476,-0.7071067811865475,-0.9749279121818236,-0.2225209339563146
2016-10-29 10:00:00,321.0,4.45,10,5,10,0.49999999999999994,-0.8660254037844387,-0.9749279121818236,-0.2225209339563146
2016-10-29 11:00:00,220.5,4.366666666666666,11,5,10,0.258819045102521,-0.9659258262890682,-0.9749279121818236,-0.2225209339563146
2016-10-29 12:00:00,284.3333333333333,4.716666666666666,12,5,10,1.2246467991473532e-16,-1.0,-0.9749279121818236,-0.2225209339563146
2016-10-29 13:00:00,234.5,4.533333333333333,13,5,10,-0.2588190451025208,-0.9659258262890683,-0.9749279121818236,-0.2225209339563146
2016-10-29 14:00:00,375.1666666666667,4.983333333333333,14,5,10,-0.4999999999999998,-0.8660254037844388,-0.9749279121818236,-0.2225209339563146
2016-10-29 15:00:00,236.5,4.483333333333333,15,5,10,-0.7071067811865471,-0.7071067811865479,-0.9749279121818236,-0.2225209339563146
2016-10-29 16:00:00,194.5,4.116666666666666,16,5,10,-0.8660254037844384,-0.5000000000000004,-0.9749279121818236,-0.2225209339563146
2016-10-29 17:00:00,60.333333333333336,2.966666666666667,17,5,10,-0.9659258262890683,-0.25881904510252063,-0.9749279121818236,-0.2225209339563146
2016-10-29 18:00:00,144.83333333333334,3.7000000000000006,18,5,10,-1.0,-1.8369701987210297e-16,-0.9749279121818236,-0.2225209339563146
2016-10-29 19:00:00,232.5,4.3999999999999995,19,5,10,-0.9659258262890684,0.2588190451025203,-0.9749279121818236,-0.2225209339563146
2016-10-29 20:00:00,224.33333333333334,4.3999999999999995,20,5,10,-0.8660254037844386,0.5000000000000001,-0.9749279121818236,-0.2225209339563146
2016-10-29 21:00:00,160.0,4.05,21,5,10,-0.7071067811865477,0.7071067811865474,-0.9749279121818236,-0.2225209339563146
2016-10-29 22:00:00,17.166666666666668,2.0500000000000003,22,5,10,-0.5000000000000004,0.8660254037844384,-0.9749279121818236,-0.2225209339563146
2016-10-29 23:00:00,-1.6666666666666667,1.5499999999999998,23,5,10,-0.25881904510252157,0.9659258262890681,-0.9749279121818236,-0.2225209339563146
2016-10-30 00:00:00,-2.1666666666666665,1.3166666666666667,0,6,10,0.0,1.0,-0.7818314824680299,0.6234898018587334
2016-10-30 01:00:00,-2.0,1.15,1,6,10,0.25881904510252074,0.9659258262890683,-0.7818314824680299,0.6234898018587334
2016-10-30 02:00:00,-1.0,0.72,2,6,10,0.49999999999999994,0.8660254037844387,-0.7818314824680299,0.6234898018587334
2016-10-30 03:00:00,-0.8571428571428571,0.7714285714285714,3,6,10,0.7071067811865475,0.7071067811865476,-0.7818314824680299,0.6234898018587334
2016-10-30 04:00:00,-1.6666666666666667,1.0333333333333332,4,6,10,0.8660254037844386,0.5000000000000001,-0.7818314824680299,0.6234898018587334
2016-10-30 05:00:00,4.333333333333333,1.7833333333333332,5,6,10,0.9659258262890683,0.25881904510252074,-0.7818314824680299,0.6234898018587334
2016-10-30 06:00:00,-1.6666666666666667,1.7666666666666666,6,6,10,1.0,6.123233995736766e-17,-0.7818314824680299,0.6234898018587334
2016-10-30 07:00:00,-1.6666666666666667,1.4666666666666666,7,6,10,0.9659258262890683,-0.25881904510252063,-0.7818314824680299,0.6234898018587334
2016-10-30 08:00:00,7.333333333333333,1.7833333333333334,8,6,10,0.8660254037844387,-0.49999999999999983,-0.7818314824680299,0.6234898018587334
2016-10-30 09:00:00,22.0,2.2333333333333334,9,6,10,0.7071067811865476,-0.7071067811865475,-0.7818314824680299,0.6234898018587334
2016-10-30 10:00:00,-2.8333333333333335,1.3333333333333333,10,6,10,0.49999999999999994,-0.8660254037844387,-0.7818314824680299,0.6234898018587334
2016-10-30 11:00:00,-0.3333333333333333,0.8833333333333334,11,6,10,0.258819045102521,-0.9659258262890682,-0.7818314824680299,0.6234898018587334
2016-10-30 12:00:00,-2.6666666666666665,1.5666666666666667,12,6,10,1.2246467991473532e-16,-1.0,-0.7818314824680299,0.6234898018587334
2016-10-30 13:00:00,-1.1666666666666667,1.4166666666666667,13,6,10,-0.2588190451025208,-0.9659258262890683,-0.7818314824680299,0.6234898018587334
2016-10-30 14:00:00,18.0,2.3666666666666667,14,6,10,-0.4999999999999998,-0.8660254037844388,-0.7818314824680299,0.6234898018587334
2016-10-30 15:00:00,30.0,2.55,15,6,10,-0.7071067811865471,-0.7071067811865479,-0.7818314824680299,0.6234898018587334
2016-10-30 16:00:00,9.333333333333334,1.9000000000000001,16,6,10,-0.8660254037844384,-0.5000000000000004,-0.7818314824680299,0.6234898018587334
2016-10-30 17:00:00,1.3333333333333333,1.75,17,6,10,-0.9659258262890683,-0.25881904510252063,-0.7818314824680299,0.6234898018587334
2016-10-30 18:00:00,54.666666666666664,2.6999999999999997,18,6,10,-1.0,-1.8369701987210297e-16,-0.7818314824680299,0.6234898018587334
2016-10-30 19:00:00,8.0,2.033333333333333,19,6,10,-0.9659258262890684,0.2588190451025203,-0.7818314824680299,0.6234898018587334
2016-10-30 20:00:00,9.666666666666666,2.0333333333333337,20,6,10,-0.8660254037844386,0.5000000000000001,-0.7818314824680299,0.6234898018587334
2016-10-30 21:00:00,32.833333333333336,2.516666666666666,21,6,10,-0.7071067811865477,0.7071067811865474,-0.7818314824680299,0.6234898018587334
2016-10-30 22:00:00,3.8333333333333335,2.0333333333333337,22,6,10,-0.5000000000000004,0.8660254037844384,-0.7818314824680299,0.6234898018587334
2016-10-30 23:00:00,-1.5,1.383333333333333,23,6,10,-0.25881904510252157,0.9659258262890681,-0.7818314824680299,0.6234898018587334
2016-10-31 00:00:00,-2.0,1.5666666666666667,0,0,10,0.0,1.0,0.0,1.0
2016-10-31 01:00:00,-1.8333333333333333,1.5166666666666666,1,0,10,0.25881904510252074,0.9659258262890683,0.0,1.0
2016-10-31 02:00:00,-1.8333333333333333,1.5666666666666667,2,0,10,0.49999999999999994,0.8660254037844387,0.0,1.0
2016-10-31 03:00:00,-0.5,1.7666666666666666,3,0,10,0.7071067811865475,0.7071067811865476,0.0,1.0
2016-10-31 04:00:00,-0.6666666666666666,1.7166666666666666,4,0,10,0.8660254037844386,0.5000000000000001,0.0,1.0
2016-10-31 05:00:00,7.666666666666667,2.0166666666666666,5,0,10,0.9659258262890683,0.25881904510252074,0.0,1.0
2016-10-31 06:00:00,28.333333333333332,2.5,6,0,10,1.0,6.123233995736766e-17,0.0,1.0
2016-10-31 07:00:00,61.166666666666664,3.0,7,0,10,0.9659258262890683,-0.25881904510252063,0.0,1.0
2016-10-31 08:00:00,19.833333333333332,2.0666666666666664,8,0,10,0.8660254037844387,-0.49999999999999983,0.0,1.0
2016-10-31 09:00:00,16.166666666666668,2.183333333333333,9,0,10,0.7071067811865476,-0.7071067811865475,0.0,1.0
2016-10-31 10:00:00,14.833333333333334,2.1333333333333333,10,0,10,0.49999999999999994,-0.8660254037844387,0.0,1.0
2016-10-31 11:00:00,-2.3333333333333335,1.8166666666666667,11,0,10,0.258819045102521,-0.9659258262890682,0.0,1.0
2016-10-31 12:00:00,1.3333333333333333,1.9833333333333332,12,0,10,1.2246467991473532e-16,-1.0,0.0,1.0
2016-10-31 13:00:00,0.0,1.916666666666667,13,0,10,-0.2588190451025208,-0.9659258262890683,0.0,1.0
2016-10-31 14:00:00,6.833333333333333,2.2333333333333334,14,0,10,-0.4999999999999998,-0.8660254037844388,0.0,1.0
2016-10-31 15:00:00,6.666666666666667,2.1,15,0,10,-0.7071067811865471,-0.7071067811865479,0.0,1.0
2016-10-31 16:00:00,0.6666666666666666,1.866666666666667,16,0,10,-0.8660254037844384,-0.5000000000000004,0.0,1.0
2016-10-31 17:00:00,59.333333333333336,2.7833333333333337,17,0,10,-0.9659258262890683,-0.25881904510252063,0.0,1.0
2016-10-31 18:00:00,42.833333333333336,2.5,18,0,10,-1.0,-1.8369701987210297e-16,0.0,1.0
2016-10-31 19:00:00,4.166666666666667,1.616666666666667,19,0,10,-0.9659258262890684,0.2588190451025203,0.0,1.0
2016-10-31 20:00:00,-2.0,1.2833333333333334,20,0,10,-0.8660254037844386,0.5000000000000001,0.0,1.0
2016-10-31 21:00:00,-1.5,1.2,21,0,10,-0.7071067811865477,0.7071067811865474,0.0,1.0
2016-10-31 22:00:00,-1.5,1.45,22,0,10,-0.5000000000000004,0.8660254037844384,0.0,1.0
2016-10-31 23:00:00,-1.3333333333333333,0.7666666666666666,23,0,10,-0.25881904510252157,0.9659258262890681,0.0,1.0
2016-11-01 00:00:00,-1.1666666666666667,1.3666666666666665,0,1,11,0.0,1.0,0.7818314824680298,0.6234898018587336
2016-11-01 01:00:00,1.3333333333333333,1.5166666666666668,1,1,11,0.25881904510252074,0.9659258262890683,0.7818314824680298,0.6234898018587336
2016-11-01 02:00:00,60.666666666666664,3.0666666666666664,2,1,11,0.49999999999999994,0.8660254037844387,0.7818314824680298,0.6234898018587336
2016-11-01 03:00:00,15.666666666666666,2.3833333333333333,3,1,11,0.7071067811865475,0.7071067811865476,0.7818314824680298,0.6234898018587336
2016-11-01 04:00:00,36.5,2.716666666666667,4,1,11,0.8660254037844386,0.5000000000000001,0.7818314824680298,0.6234898018587336
2016-11-01 05:00:00,1.6666666666666667,2.1,5,1,11,0.9659258262890683,0.25881904510252074,0.7818314824680298,0.6234898018587336
2016-11-01 06:00:00,0.8333333333333334,1.9833333333333334,6,1,11,1.0,6.123233995736766e-17,0.7818314824680298,0.6234898018587336
2016-11-01 07:00:00,-1.5,1.3833333333333335,7,1,11,0.9659258262890683,-0.25881904510252063,0.7818314824680298,0.6234898018587336
2016-11-01 08:00:00,30.333333333333332,2.166666666666667,8,1,11,0.8660254037844387,-0.49999999999999983,0.7818314824680298,0.6234898018587336
2016-11-01 09:00:00,-2.5,1.0333333333333334,9,1,11,0.7071067811865476,-0.7071067811865475,0.7818314824680298,0.6234898018587336
2016-11-01 10:00:00,-2.3333333333333335,0.9,10,1,11,0.49999999999999994,-0.8660254037844387,0.7818314824680298,0.6234898018587336
2016-11-01 11:00:00,-1.1666666666666667,0.45,11,1,11,0.258819045102521,-0.9659258262890682,0.7818314824680298,0.6234898018587336
2016-11-01 12:00:00,-1.5,0.43333333333333335,12,1,11,1.2246467991473532e-16,-1.0,0.7818314824680298,0.6234898018587336
2016-11-01 13:00:00,-1.0,0.5,13,1,11,-0.2588190451025208,-0.9659258262890683,0.7818314824680298,0.6234898018587336
2016-11-01 14:00:00,-1.3333333333333333,0.8666666666666667,14,1,11,-0.4999999999999998,-0.8660254037844388,0.7818314824680298,0.6234898018587336
2016-11-01 15:00:00,15.166666666666666,2.166666666666667,15,1,11,-0.7071067811865471,-0.7071067811865479,0.7818314824680298,0.6234898018587336
2016-11-01 16:00:00,61.166666666666664,2.9166666666666665,16,1,11,-0.8660254037844384,-0.5000000000000004,0.7818314824680298,0.6234898018587336
2016-11-01 17:00:00,59.833333333333336,2.983333333333333,17,1,11,-0.9659258262890683,-0.25881904510252063,0.7818314824680298,0.6234898018587336
2016-11-01 18:00:00,113.83333333333333,3.766666666666666,18,1,11,-1.0,-1.8369701987210297e-16,0.7818314824680298,0.6234898018587336
2016-11-01 19:00:00,190.33333333333334,4.15,19,1,11,-0.9659258262890684,0.2588190451025203,0.7818314824680298,0.6234898018587336
2016-11-01 20:00:00,288.0,4.466666666666666,20,1,11,-0.8660254037844386,0.5000000000000001,0.7818314824680298,0.6234898018587336
2016-11-01 21:00:00,207.66666666666666,4.366666666666667,21,1,11,-0.7071067811865477,0.7071067811865474,0.7818314824680298,0.6234898018587336
2016-11-01 22:00:00,180.16666666666666,3.983333333333333,22,1,11,-0.5000000000000004,0.8660254037844384,0.7818314824680298,0.6234898018587336
2016-11-01 23:00:00,169.33333333333334,3.8166666666666664,23,1,11,-0.25881904510252157,0.9659258262890681,0.7818314824680298,0.6234898018587336
2016-11-02 00:00:00,97.16666666666667,3.4166666666666665,0,2,11,0.0,1.0,0.9749279121818236,-0.22252093395631434
2016-11-02 01:00:00,430.1666666666667,5.066666666666666,1,2,11,0.25881904510252074,0.9659258262890683,0.9749279121818236,-0.22252093395631434
2016-11-02 02:00:00,709.3333333333334,6.183333333333334,2,2,11,0.49999999999999994,0.8660254037844387,0.9749279121818236,-0.22252093395631434
2016-11-02 03:00:00,1042.0,6.599999999999999,3,2,11,0.7071067811865475,0.7071067811865476,0.9749279121818236,-0.22252093395631434
2016-11-02 04:00:00,563.0,5.716666666666666,4,2,11,0.8660254037844386,0.5000000000000001,0.9749279121818236,-0.22252093395631434
2016-11-02 05:00:00,454.1666666666667,5.233333333333333,5,2,11,0.9659258262890683,0.25881904510252074,0.9749279121818236,-0.22252093395631434
2016-11-02 06:00:00,453.3333333333333,5.45,6,2,11,1.0,6.123233995736766e-17,0.9749279121818236,-0.22252093395631434
2016-11-02 07:00:00,540.3333333333334,5.483333333333334,7,2,11,0.9659258262890683,-0.25881904510252063,0.9749279121818236,-0.22252093395631434
2016-11-02 08:00:00,1140.6666666666667,6.816666666666666,8,2,11,0.8660254037844387,-0.49999999999999983,0.9749279121818236,-0.22252093395631434
2016-11-02 09:00:00,869.1666666666666,6.566666666666666,9,2,11,0.7071067811865476,-0.7071067811865475,0.9749279121818236,-0.22252093395631434
2016-11-02 10:00:00,634.1666666666666,5.916666666666667,10,2,11,0.49999999999999994,-0.8660254037844387,0.9749279121818236,-0.22252093395631434
2016-11-02 11:00:00,874.5,6.5,11,2,11,0.258819045102521,-0.9659258262890682,0.9749279121818236,-0.22252093395631434
2016-11-02 12:00:00,716.0,6.2,12,2,11,1.2246467991473532e-16,-1.0,0.9749279121818236,-0.22252093395631434
2016-11-02 13:00:00,1314.5,7.5,13,2,11,-0.2588190451025208,-0.9659258262890683,0.9749279121818236,-0.22252093395631434
2016-11-02 14:00:00,1093.6666666666667,7.016666666666666,14,2,11,-0.4999999999999998,-0.8660254037844388,0.9749279121818236,-0.22252093395631434
2016-11-02 15:00:00,1076.0,6.816666666666666,15,2,11,-0.7071067811865471,-0.7071067811865479,0.9749279121818236,-0.22252093395631434
2016-11-02 16:00:00,968.0,6.716666666666666,16,2,11,-0.8660254037844384,-0.5000000000000004,0.9749279121818236,-0.22252093395631434
2016-11-02 17:00:00,903.6666666666666,6.766666666666667,17,2,11,-0.9659258262890683,-0.25881904510252063,0.9749279121818236,-0.22252093395631434
2016-11-02 18:00:00,847.5,6.616666666666666,18,2,11,-1.0,-1.8369701987210297e-16,0.9749279121818236,-0.22252093395631434
2016-11-02 19:00:00,2193.0,9.666666666666666,19,2,11,-0.9659258262890684,0.2588190451025203,0.9749279121818236,-0.22252093395631434
2016-11-02 20:00:00,1436.3333333333333,8.116666666666667,20,2,11,-0.8660254037844386,0.5000000000000001,0.9749279121818236,-0.22252093395631434
2016-11-02 21:00:00,1300.3333333333333,7.699999999999999,21,2,11,-0.7071067811865477,0.7071067811865474,0.9749279121818236,-0.22252093395631434
2016-11-02 22:00:00,722.8333333333334,6.266666666666667,22,2,11,-0.5000000000000004,0.8660254037844384,0.9749279121818236,-0.22252093395631434
2016-11-02 23:00:00,1137.1666666666667,7.333333333333333,23,2,11,-0.25881904510252157,0.9659258262890681,0.9749279121818236,-0.22252093395631434
2016-11-03 00:00:00,961.2,7.040000000000001,0,3,11,0.0,1.0,0.43388373911755823,-0.900968867902419
2016-11-03 01:00:00,279.5,4.55,1,3,11,0.25881904510252074,0.9659258262890683,0.43388373911755823,-0.900968867902419
2016-11-03 02:00:00,292.0,4.883333333333333,2,3,11,0.49999999999999994,0.8660254037844387,0.43388373911755823,-0.900968867902419
2016-11-03 03:00:00,452.8333333333333,5.3166666666666655,3,3,11,0.7071067811865475,0.7071067811865476,0.43388373911755823,-0.900968867902419
2016-11-03 04:00:00,329.6666666666667,5.1499999999999995,4,3,11,0.8660254037844386,0.5000000000000001,0.43388373911755823,-0.900968867902419
2016-11-03 05:00:00,285.6666666666667,4.683333333333334,5,3,11,0.9659258262890683,0.25881904510252074,0.43388373911755823,-0.900968867902419
2016-11-03 06:00:00,109.16666666666667,3.733333333333334,6,3,11,1.0,6.123233995736766e-17,0.43388373911755823,-0.900968867902419
2016-11-03 07:00:00,97.5,3.6,7,3,11,0.9659258262890683,-0.25881904510252063,0.43388373911755823,-0.900968867902419
2016-11-03 08:00:00,155.0,4.166666666666667,8,3,11,0.8660254037844387,-0.49999999999999983,0.43388373911755823,-0.900968867902419
2016-11-03 09:00:00,195.0,4.25,9,3,11,0.7071067811865476,-0.7071067811865475,0.43388373911755823,-0.900968867902419
2016-11-03 10:00:00,102.83333333333333,3.6500000000000004,10,3,11,0.49999999999999994,-0.8660254037844387,0.43388373911755823,-0.900968867902419
2016-11-03 11:00:00,52.666666666666664,3.266666666666666,11,3,11,0.258819045102521,-0.9659258262890682,0.43388373911755823,-0.900968867902419
2016-11-03 12:00:00,11.333333333333334,2.3166666666666664,12,3,11,1.2246467991473532e-16,-1.0,0.43388373911755823,-0.900968867902419
2016-11-03 13:00:00,1.0,2.2666666666666666,13,3,11,-0.2588190451025208,-0.9659258262890683,0.43388373911755823,-0.900968867902419
2016-11-03 14:00:00,34.833333333333336,2.6999999999999997,14,3,11,-0.4999999999999998,-0.8660254037844388,0.43388373911755823,-0.900968867902419
2016-11-03 15:00:00,-1.5,2.033333333333333,15,3,11,-0.7071067811865471,-0.7071067811865479,0.43388373911755823,-0.900968867902419
2016-11-03 16:00:00,25.0,2.5666666666666664,16,3,11,-0.8660254037844384,-0.5000000000000004,0.43388373911755823,-0.900968867902419
2016-11-03 17:00:00,13.833333333333334,2.3000000000000003,17,3,11,-0.9659258262890683,-0.25881904510252063,0.43388373911755823,-0.900968867902419
2016-11-03 18:00:00,-2.0,1.95,18,3,11,-1.0,-1.8369701987210297e-16,0.43388373911755823,-0.900968867902419
2016-11-03 19:00:00,-1.5,1.9000000000000001,19,3,11,-0.9659258262890684,0.2588190451025203,0.43388373911755823,-0.900968867902419
2016-11-03 20:00:00,-1.1666666666666667,1.7166666666666666,20,3,11,-0.8660254037844386,0.5000000000000001,0.43388373911755823,-0.900968867902419
2016-11-03 21:00:00,64.0,2.783333333333333,21,3,11,-0.7071067811865477,0.7071067811865474,0.43388373911755823,-0.900968867902419
2016-11-03 22:00:00,120.83333333333333,3.533333333333333,22,3,11,-0.5000000000000004,0.8660254037844384,0.43388373911755823,-0.900968867902419
2016-11-03 23:00:00,104.16666666666667,3.5,23,3,11,-0.25881904510252157,0.9659258262890681,0.43388373911755823,-0.900968867902419
2016-11-04 00:00:00,153.0,4.166666666666667,0,4,11,0.0,1.0,-0.433883739117558,-0.9009688679024191
2016-11-04 01:00:00,153.5,3.8833333333333333,1,4,11,0.25881904510252074,0.9659258262890683,-0.433883739117558,-0.9009688679024191
2016-11-04 02:00:00,238.66666666666666,4.449999999999999,2,4,11,0.49999999999999994,0.8660254037844387,-0.433883739117558,-0.9009688679024191
2016-11-04 03:00:00,319.6666666666667,4.816666666666667,3,4,11,0.7071067811865475,0.7071067811865476,-0.433883739117558,-0.9009688679024191
2016-11-04 04:00:00,211.33333333333334,4.333333333333333,4,4,11,0.8660254037844386,0.5000000000000001,-0.433883739117558,-0.9009688679024191
2016-11-04 05:00:00,239.0,4.5,5,4,11,0.9659258262890683,0.25881904510252074,-0.433883739117558,-0.9009688679024191
2016-11-04 06:00:00,147.83333333333334,3.9999999999999996,6,4,11,1.0,6.123233995736766e-17,-0.433883739117558,-0.9009688679024191
2016-11-04 07:00:00,172.33333333333334,4.083333333333333,7,4,11,0.9659258262890683,-0.25881904510252063,-0.433883739117558,-0.9009688679024191
2016-11-04 08:00:00,110.16666666666667,3.533333333333333,8,4,11,0.8660254037844387,-0.49999999999999983,-0.433883739117558,-0.9009688679024191
2016-11-04 09:00:00,-2.1666666666666665,2.5500000000000003,9,4,11,0.7071067811865476,-0.7071067811865475,-0.433883739117558,-0.9009688679024191
2016-11-04 10:00:00,-3.3333333333333335,2.9333333333333336,10,4,11,0.49999999999999994,-0.8660254037844387,-0.433883739117558,-0.9009688679024191
2016-11-04 11:00:00,-3.0,3.516666666666667,11,4,11,0.258819045102521,-0.9659258262890682,-0.433883739117558,-0.9009688679024191
2016-11-04 12:00:00,-3.0,2.9333333333333336,12,4,11,1.2246467991473532e-16,-1.0,-0.433883739117558,-0.9009688679024191
2016-11-04 13:00:00,-4.0,3.483333333333333,13,4,11,-0.2588190451025208,-0.9659258262890683,-0.433883739117558,-0.9009688679024191
2016-11-04 14:00:00,-4.833333333333333,1.75,14,4,11,-0.4999999999999998,-0.8660254037844388,-0.433883739117558,-0.9009688679024191
2016-11-04 15:00:00,-1.3333333333333333,1.7666666666666668,15,4,11,-0.7071067811865471,-0.7071067811865479,-0.433883739117558,-0.9009688679024191
2016-11-04 16:00:00,54.0,2.85,16,4,11,-0.8660254037844384,-0.5000000000000004,-0.433883739117558,-0.9009688679024191
2016-11-04 17:00:00,75.66666666666667,3.1333333333333333,17,4,11,-0.9659258262890683,-0.25881904510252063,-0.433883739117558,-0.9009688679024191
2016-11-04 18:00:00,48.166666666666664,2.6166666666666667,18,4,11,-1.0,-1.8369701987210297e-16,-0.433883739117558,-0.9009688679024191
2016-11-04 19:00:00,258.6666666666667,4.366666666666666,19,4,11,-0.9659258262890684,0.2588190451025203,-0.433883739117558,-0.9009688679024191
2016-11-04 20:00:00,292.0,4.800000000000001,20,4,11,-0.8660254037844386,0.5000000000000001,-0.433883739117558,-0.9009688679024191
2016-11-04 21:00:00,401.1666666666667,5.216666666666667,21,4,11,-0.7071067811865477,0.7071067811865474,-0.433883739117558,-0.9009688679024191
2016-11-04 22:00:00,385.3333333333333,4.8500000000000005,22,4,11,-0.5000000000000004,0.8660254037844384,-0.433883739117558,-0.9009688679024191
2016-11-04 23:00:00,247.66666666666666,4.45,23,4,11,-0.25881904510252157,0.9659258262890681,-0.433883739117558,-0.9009688679024191
2016-11-05 00:00:00,330.8333333333333,4.766666666666667,0,5,11,0.0,1.0,-0.9749279121818236,-0.2225209339563146
2016-11-05 01:00:00,512.6666666666666,5.7,1,5,11,0.25881904510252074,0.9659258262890683,-0.9749279121818236,-0.2225209339563146
2016-11-05 02:00:00,672.1666666666666,6.116666666666667,2,5,11,0.49999999999999994,0.8660254037844387,-0.9749279121818236,-0.2225209339563146
2016-11-05 03:00:00,1005.6666666666666,6.416666666666667,3,5,11,0.7071067811865475,0.7071067811865476,-0.9749279121818236,-0.2225209339563146
2016-11-05 04:00:00,1209.3333333333333,7.283333333333332,4,5,11,0.8660254037844386,0.5000000000000001,-0.9749279121818236,-0.2225209339563146
2016-11-05 05:00:00,964.1666666666666,6.466666666666668,5,5,11,0.9659258262890683,0.25881904510252074,-0.9749279121818236,-0.2225209339563146
2016-11-05 06:00:00,1484.0,7.8500000000000005,6,5,11,1.0,6.123233995736766e-17,-0.9749279121818236,-0.2225209339563146
2016-11-05 07:00:00,1236.5,7.683333333333333,7,5,11,0.9659258262890683,-0.25881904510252063,-0.9749279121818236,-0.2225209339563146
2016-11-05 08:00:00,584.1666666666666,5.6000000000000005,8,5,11,0.8660254037844387,-0.49999999999999983,-0.9749279121818236,-0.2225209339563146
2016-11-05 09:00:00,411.8333333333333,5.366666666666667,9,5,11,0.7071067811865476,-0.7071067811865475,-0.9749279121818236,-0.2225209339563146
2016-11-05 10:00:00,40.833333333333336,2.6833333333333336,10,5,11,0.49999999999999994,-0.8660254037844387,-0.9749279121818236,-0.2225209339563146
2016-11-05 11:00:00,19.833333333333332,2.3000000000000003,11,5,11,0.258819045102521,-0.9659258262890682,-0.9749279121818236,-0.2225209339563146
2016-11-05 12:00:00,1.0,1.5999999999999999,12,5,11,1.2246467991473532e-16,-1.0,-0.9749279121818236,-0.2225209339563146
2016-11-05 13:00:00,5.0,2.0333333333333337,13,5,11,-0.2588190451025208,-0.9659258262890683,-0.9749279121818236,-0.2225209339563146
2016-11-05 14:00:00,62.0,3.016666666666666,14,5,11,-0.4999999999999998,-0.8660254037844388,-0.9749279121818236,-0.2225209339563146
2016-11-05 15:00:00,56.0,2.9333333333333336,15,5,11,-0.7071067811865471,-0.7071067811865479,-0.9749279121818236,-0.2225209339563146
2016-11-05 16:00:00,103.0,3.483333333333333,16,5,11,-0.8660254037844384,-0.5000000000000004,-0.9749279121818236,-0.2225209339563146
2016-11-05 17:00:00,88.5,3.4166666666666665,17,5,11,-0.9659258262890683,-0.25881904510252063,-0.9749279121818236,-0.2225209339563146
2016-11-05 18:00:00,247.0,4.45,18,5,11,-1.0,-1.8369701987210297e-16,-0.9749279121818236,-0.2225209339563146
2016-11-05 19:00:00,220.0,4.183333333333333,19,5,11,-0.9659258262890684,0.2588190451025203,-0.9749279121818236,-0.2225209339563146
2016-11-05 20:00:00,273.1666666666667,4.733333333333333,20,5,11,-0.8660254037844386,0.5000000000000001,-0.9749279121818236,-0.2225209339563146
2016-11-05 21:00:00,245.16666666666666,4.533333333333333,21,5,11,-0.7071067811865477,0.7071067811865474,-0.9749279121818236,-0.2225209339563146
2016-11-05 22:00:00,494.1666666666667,5.5,22,5,11,-0.5000000000000004,0.8660254037844384,-0.9749279121818236,-0.2225209339563146
2016-11-05 23:00:00,230.66666666666666,4.466666666666666,23,5,11,-0.25881904510252157,0.9659258262890681,-0.9749279121818236,-0.2225209339563146
2016-11-06 00:00:00,618.5,5.833333333333333,0,6,11,0.0,1.0,-0.7818314824680299,0.6234898018587334
2016-11-06 01:00:00,808.0,6.216666666666666,1,6,11,0.25881904510252074,0.9659258262890683,-0.7818314824680299,0.6234898018587334
2016-11-06 02:00:00,689.8333333333334,5.966666666666666,2,6,11,0.49999999999999994,0.8660254037844387,-0.7818314824680299,0.6234898018587334
2016-11-06 03:00:00,981.1666666666666,6.550000000000001,3,6,11,0.7071067811865475,0.7071067811865476,-0.7818314824680299,0.6234898018587334
2016-11-06 04:00:00,699.5,5.966666666666666,4,6,11,0.8660254037844386,0.5000000000000001,-0.7818314824680299,0.6234898018587334
2016-11-06 05:00:00,904.1666666666666,6.633333333333333,5,6,11,0.9659258262890683,0.25881904510252074,-0.7818314824680299,0.6234898018587334
2016-11-06 06:00:00,892.5,6.500000000000001,6,6,11,1.0,6.123233995736766e-17,-0.7818314824680299,0.6234898018587334
2016-11-06 07:00:00,681.3333333333334,5.800000000000001,7,6,11,0.9659258262890683,-0.25881904510252063,-0.7818314824680299,0.6234898018587334
2016-11-06 08:00:00,382.0,5.066666666666666,8,6,11,0.8660254037844387,-0.49999999999999983,-0.7818314824680299,0.6234898018587334
2016-11-06 09:00:00,200.16666666666666,4.366666666666666,9,6,11,0.7071067811865476,-0.7071067811865475,-0.7818314824680299,0.6234898018587334
2016-11-06 10:00:00,105.16666666666667,3.6333333333333333,10,6,11,0.49999999999999994,-0.8660254037844387,-0.7818314824680299,0.6234898018587334
2016-11-06 11:00:00,100.5,3.35,11,6,11,0.258819045102521,-0.9659258262890682,-0.7818314824680299,0.6234898018587334
2016-11-06 12:00:00,378.8333333333333,5.249999999999999,12,6,11,1.2246467991473532e-16,-1.0,-0.7818314824680299,0.6234898018587334
2016-11-06 13:00:00,265.8333333333333,4.916666666666667,13,6,11,-0.2588190451025208,-0.9659258262890683,-0.7818314824680299,0.6234898018587334
2016-11-06 14:00:00,340.6666666666667,5.133333333333334,14,6,11,-0.4999999999999998,-0.8660254037844388,-0.7818314824680299,0.6234898018587334
2016-11-06 15:00:00,298.8333333333333,4.6000000000000005,15,6,11,-0.7071067811865471,-0.7071067811865479,-0.7818314824680299,0.6234898018587334
2016-11-06 16:00:00,563.8333333333334,5.783333333333332,16,6,11,-0.8660254037844384,-0.5000000000000004,-0.7818314824680299,0.6234898018587334
2016-11-06 17:00:00,919.6666666666666,6.3999999999999995,17,6,11,-0.9659258262890683,-0.25881904510252063,-0.7818314824680299,0.6234898018587334
2016-11-06 18:00:00,606.8333333333334,5.883333333333334,18,6,11,-1.0,-1.8369701987210297e-16,-0.7818314824680299,0.6234898018587334
2016-11-06 19:00:00,958.8333333333334,6.533333333333332,19,6,11,-0.9659258262890684,0.2588190451025203,-0.7818314824680299,0.6234898018587334
2016-11-06 20:00:00,1406.6666666666667,7.716666666666666,20,6,11,-0.8660254037844386,0.5000000000000001,-0.7818314824680299,0.6234898018587334
2016-11-06 21:00:00,1106.6666666666667,6.983333333333334,21,6,11,-0.7071067811865477,0.7071067811865474,-0.7818314824680299,0.6234898018587334
2016-11-06 22:00:00,1287.6666666666667,7.383333333333334,22,6,11,-0.5000000000000004,0.8660254037844384,-0.7818314824680299,0.6234898018587334
2016-11-06 23:00:00,1470.3333333333333,7.766666666666666,23,6,11,-0.25881904510252157,0.9659258262890681,-0.7818314824680299,0.6234898018587334
2016-11-07 00:00:00,2227.6666666666665,9.049999999999999,0,0,11,0.0,1.0,0.0,1.0
2016-11-07 01:00:00,1937.8333333333333,8.45,1,0,11,0.25881904510252074,0.9659258262890683,0.0,1.0
2016-11-07 02:00:00,1584.8333333333333,7.966666666666666,2,0,11,0.49999999999999994,0.8660254037844387,0.0,1.0
2016-11-07 03:00:00,1251.3333333333333,7.550000000000001,3,0,11,0.7071067811865475,0.7071067811865476,0.0,1.0
2016-11-07 04:00:00,359.3333333333333,4.733333333333333,4,0,11,0.8660254037844386,0.5000000000000001,0.0,1.0
2016-11-07 05:00:00,183.16666666666666,4.283333333333333,5,0,11,0.9659258262890683,0.25881904510252074,0.0,1.0
2016-11-07 06:00:00,305.5,5.016666666666666,6,0,11,1.0,6.123233995736766e-17,0.0,1.0
2016-11-07 07:00:00,382.3333333333333,5.083333333333333,7,0,11,0.9659258262890683,-0.25881904510252063,0.0,1.0
2016-11-07 08:00:00,764.8333333333334,6.1499999999999995,8,0,11,0.8660254037844387,-0.49999999999999983,0.0,1.0
2016-11-07 09:00:00,484.3333333333333,5.433333333333334,9,0,11,0.7071067811865476,-0.7071067811865475,0.0,1.0
2016-11-07 10:00:00,288.6666666666667,4.866666666666666,10,0,11,0.49999999999999994,-0.8660254037844387,0.0,1.0
2016-11-07 11:00:00,204.0,4.533333333333334,11,0,11,0.258819045102521,-0.9659258262890682,0.0,1.0
2016-11-07 12:00:00,163.16666666666666,3.983333333333333,12,0,11,1.2246467991473532e-16,-1.0,0.0,1.0
2016-11-07 13:00:00,328.8333333333333,4.95,13,0,11,-0.2588190451025208,-0.9659258262890683,0.0,1.0
2016-11-07 14:00:00,30.5,2.75,14,0,11,-0.4999999999999998,-0.8660254037844388,0.0,1.0
2016-11-07 15:00:00,37.0,2.8666666666666667,15,0,11,-0.7071067811865471,-0.7071067811865479,0.0,1.0
2016-11-07 16:00:00,164.33333333333334,4.1,16,0,11,-0.8660254037844384,-0.5000000000000004,0.0,1.0
2016-11-07 17:00:00,1029.1666666666667,6.883333333333333,17,0,11,-0.9659258262890683,-0.25881904510252063,0.0,1.0
2016-11-07 18:00:00,723.0,6.266666666666667,18,0,11,-1.0,-1.8369701987210297e-16,0.0,1.0
2016-11-07 19:00:00,1193.1666666666667,7.233333333333334,19,0,11,-0.9659258262890684,0.2588190451025203,0.0,1.0
2016-11-07 20:00:00,1390.6666666666667,7.55,20,0,11,-0.8660254037844386,0.5000000000000001,0.0,1.0
2016-11-07 21:00:00,1049.0,7.050000000000001,21,0,11,-0.7071067811865477,0.7071067811865474,0.0,1.0
2016-11-07 22:00:00,696.6666666666666,5.916666666666667,22,0,11,-0.5000000000000004,0.8660254037844384,0.0,1.0
2016-11-07 23:00:00,727.3333333333334,6.233333333333333,23,0,11,-0.25881904510252157,0.9659258262890681,0.0,1.0
2016-11-08 00:00:00,777.8333333333334,6.25,0,1,11,0.0,1.0,0.7818314824680298,0.6234898018587336
2016-11-08 01:00:00,1029.3333333333333,6.883333333333334,1,1,11,0.25881904510252074,0.9659258262890683,0.7818314824680298,0.6234898018587336
2016-11-08 02:00:00,978.1666666666666,6.7,2,1,11,0.49999999999999994,0.8660254037844387,0.7818314824680298,0.6234898018587336
2016-11-08 03:00:00,584.5,5.75,3,1,11,0.7071067811865475,0.7071067811865476,0.7818314824680298,0.6234898018587336
2016-11-08 04:00:00,265.0,4.866666666666667,4,1,11,0.8660254037844386,0.5000000000000001,0.7818314824680298,0.6234898018587336
2016-11-08 05:00:00,441.3333333333333,5.266666666666667,5,1,11,0.9659258262890683,0.25881904510252074,0.7818314824680298,0.6234898018587336
2016-11-08 06:00:00,543.8333333333334,5.633333333333334,6,1,11,1.0,6.123233995736766e-17,0.7818314824680298,0.6234898018587336
2016-11-08 07:00:00,801.3333333333334,6.166666666666667,7,1,11,0.9659258262890683,-0.25881904510252063,0.7818314824680298,0.6234898018587336
2016-11-08 08:00:00,604.8333333333334,5.733333333333333,8,1,11,0.8660254037844387,-0.49999999999999983,0.7818314824680298,0.6234898018587336
2016-11-08 09:00:00,709.8333333333334,5.933333333333333,9,1,11,0.7071067811865476,-0.7071067811865475,0.7818314824680298,0.6234898018587336
2016-11-08 10:00:00,410.0,5.1499999999999995,10,1,11,0.49999999999999994,-0.8660254037844387,0.7818314824680298,0.6234898018587336
2016-11-08 11:00:00,691.0,5.983333333333333,11,1,11,0.258819045102521,-0.9659258262890682,0.7818314824680298,0.6234898018587336
2016-11-08 12:00:00,891.5,6.383333333333333,12,1,11,1.2246467991473532e-16,-1.0,0.7818314824680298,0.6234898018587336
2016-11-08 13:00:00,553.6666666666666,5.75,13,1,11,-0.2588190451025208,-0.9659258262890683,0.7818314824680298,0.6234898018587336
2016-11-08 14:00:00,387.8333333333333,5.116666666666666,14,1,11,-0.4999999999999998,-0.8660254037844388,0.7818314824680298,0.6234898018587336
2016-11-08 15:00:00,306.6666666666667,4.800000000000001,15,1,11,-0.7071067811865471,-0.7071067811865479,0.7818314824680298,0.6234898018587336
2016-11-08 16:00:00,453.6666666666667,5.266666666666667,16,1,11,-0.8660254037844384,-0.5000000000000004,0.7818314824680298,0.6234898018587336
2016-11-08 17:00:00,324.6666666666667,4.966666666666668,17,1,11,-0.9659258262890683,-0.25881904510252063,0.7818314824680298,0.6234898018587336
2016-11-08 18:00:00,270.0,4.750000000000001,18,1,11,-1.0,-1.8369701987210297e-16,0.7818314824680298,0.6234898018587336
2016-11-08 19:00:00,352.3333333333333,5.05,19,1,11,-0.9659258262890684,0.2588190451025203,0.7818314824680298,0.6234898018587336
2016-11-08 20:00:00,131.5,3.983333333333333,20,1,11,-0.8660254037844386,0.5000000000000001,0.7818314824680298,0.6234898018587336
2016-11-08 21:00:00,273.0,4.866666666666666,21,1,11,-0.7071067811865477,0.7071067811865474,0.7818314824680298,0.6234898018587336
2016-11-08 22:00:00,95.33333333333333,3.483333333333333,22,1,11,-0.5000000000000004,0.8660254037844384,0.7818314824680298,0.6234898018587336
2016-11-08 23:00:00,246.83333333333334,4.633333333333334,23,1,11,-0.25881904510252157,0.9659258262890681,0.7818314824680298,0.6234898018587336
2016-11-09 00:00:00,360.6666666666667,5.066666666666666,0,2,11,0.0,1.0,0.9749279121818236,-0.22252093395631434
2016-11-09 02:00:00,420.3333333333333,5.316666666666666,2,2,11,0.49999999999999994,0.8660254037844387,0.9749279121818236,-0.22252093395631434
2016-11-09 03:00:00,601.8333333333334,5.816666666666666,3,2,11,0.7071067811865475,0.7071067811865476,0.9749279121818236,-0.22252093395631434
2016-11-09 04:00:00,483.0,5.533333333333334,4,2,11,0.8660254037844386,0.5000000000000001,0.9749279121818236,-0.22252093395631434
2016-11-09 05:00:00,809.1666666666666,6.366666666666667,5,2,11,0.9659258262890683,0.25881904510252074,0.9749279121818236,-0.22252093395631434
2016-11-09 06:00:00,610.3333333333334,6.0,6,2,11,1.0,6.123233995736766e-17,0.9749279121818236,-0.22252093395631434
2016-11-09 07:00:00,483.6666666666667,5.633333333333333,7,2,11,0.9659258262890683,-0.25881904510252063,0.9749279121818236,-0.22252093395631434
2016-11-09 08:00:00,671.5,6.033333333333332,8,2,11,0.8660254037844387,-0.49999999999999983,0.9749279121818236,-0.22252093395631434
2016-11-09 09:00:00,535.5,5.533333333333334,9,2,11,0.7071067811865476,-0.7071067811865475,0.9749279121818236,-0.22252093395631434
2016-11-09 10:00:00,513.0,5.466666666666666,10,2,11,0.49999999999999994,-0.8660254037844387,0.9749279121818236,-0.22252093395631434
2016-11-09 11:00:00,231.0,4.533333333333334,11,2,11,0.258819045102521,-0.9659258262890682,0.9749279121818236,-0.22252093395631434
2016-11-09 12:00:00,96.5,3.716666666666667,12,2,11,1.2246467991473532e-16,-1.0,0.9749279121818236,-0.22252093395631434
2016-11-09 13:00:00,43.833333333333336,2.9,13,2,11,-0.2588190451025208,-0.9659258262890683,0.9749279121818236,-0.22252093395631434
2016-11-09 14:00:00,57.5,3.0500000000000003,14,2,11,-0.4999999999999998,-0.8660254037844388,0.9749279121818236,-0.22252093395631434
2016-11-09 15:00:00,131.16666666666666,3.766666666666666,15,2,11,-0.7071067811865471,-0.7071067811865479,0.9749279121818236,-0.22252093395631434
2016-11-09 16:00:00,340.3333333333333,4.7,16,2,11,-0.8660254037844384,-0.5000000000000004,0.9749279121818236,-0.22252093395631434
2016-11-09 17:00:00,723.8333333333334,6.183333333333333,17,2,11,-0.9659258262890683,-0.25881904510252063,0.9749279121818236,-0.22252093395631434
2016-11-09 18:00:00,943.1666666666666,6.466666666666666,18,2,11,-1.0,-1.8369701987210297e-16,0.9749279121818236,-0.22252093395631434
2016-11-09 19:00:00,1485.6666666666667,7.666666666666665,19,2,11,-0.9659258262890684,0.2588190451025203,0.9749279121818236,-0.22252093395631434
2016-11-09 20:00:00,1531.1666666666667,8.066666666666668,20,2,11,-0.8660254037844386,0.5000000000000001,0.9749279121818236,-0.22252093395631434
2016-11-09 21:00:00,1492.5,7.966666666666668,21,2,11,-0.7071067811865477,0.7071067811865474,0.9749279121818236,-0.22252093395631434
2016-11-09 22:00:00,1679.0,8.116666666666667,22,2,11,-0.5000000000000004,0.8660254037844384,0.9749279121818236,-0.22252093395631434
2016-11-09 23:00:00,1910.0,8.433333333333332,23,2,11,-0.25881904510252157,0.9659258262890681,0.9749279121818236,-0.22252093395631434
2016-11-10 00:00:00,1429.6666666666667,7.650000000000001,0,3,11,0.0,1.0,0.43388373911755823,-0.900968867902419
2016-11-10 01:00:00,2497.6666666666665,10.450000000000001,1,3,11,0.25881904510252074,0.9659258262890683,0.43388373911755823,-0.900968867902419
2016-11-10 02:00:00,2926.8333333333335,11.366666666666667,2,3,11,0.49999999999999994,0.8660254037844387,0.43388373911755823,-0.900968867902419
2016-11-10 03:00:00,2480.6666666666665,10.066666666666666,3,3,11,0.7071067811865475,0.7071067811865476,0.43388373911755823,-0.900968867902419
2016-11-10 04:00:00,2196.8333333333335,9.35,4,3,11,0.8660254037844386,0.5000000000000001,0.43388373911755823,-0.900968867902419
2016-11-10 05:00:00,1281.1666666666667,7.466666666666666,5,3,11,0.9659258262890683,0.25881904510252074,0.43388373911755823,-0.900968867902419
2016-11-10 06:00:00,1228.6666666666667,7.583333333333333,6,3,11,1.0,6.123233995736766e-17,0.43388373911755823,-0.900968867902419
2016-11-10 07:00:00,1102.5,7.166666666666668,7,3,11,0.9659258262890683,-0.25881904510252063,0.43388373911755823,-0.900968867902419
2016-11-10 08:00:00,1336.1666666666667,7.833333333333333,8,3,11,0.8660254037844387,-0.49999999999999983,0.43388373911755823,-0.900968867902419
2016-11-10 09:00:00,960.6666666666666,6.800000000000001,9,3,11,0.7071067811865476,-0.7071067811865475,0.43388373911755823,-0.900968867902419
2016-11-10 10:00:00,739.5,6.233333333333333,10,3,11,0.49999999999999994,-0.8660254037844387,0.43388373911755823,-0.900968867902419
2016-11-10 11:00:00,593.6666666666666,5.716666666666666,11,3,11,0.258819045102521,-0.9659258262890682,0.43388373911755823,-0.900968867902419
2016-11-10 12:00:00,133.83333333333334,3.9333333333333336,12,3,11,1.2246467991473532e-16,-1.0,0.43388373911755823,-0.900968867902419
2016-11-10 13:00:00,222.66666666666666,4.5,13,3,11,-0.2588190451025208,-0.9659258262890683,0.43388373911755823,-0.900968867902419
2016-11-10 14:00:00,195.66666666666666,4.3999999999999995,14,3,11,-0.4999999999999998,-0.8660254037844388,0.43388373911755823,-0.900968867902419
2016-11-10 15:00:00,415.1666666666667,5.199999999999999,15,3,11,-0.7071067811865471,-0.7071067811865479,0.43388373911755823,-0.900968867902419
2016-11-10 16:00:00,112.16666666666667,3.7999999999999994,16,3,11,-0.8660254037844384,-0.5000000000000004,0.43388373911755823,-0.900968867902419
2016-11-10 17:00:00,242.83333333333334,4.6499999999999995,17,3,11,-0.9659258262890683,-0.25881904510252063,0.43388373911755823,-0.900968867902419
2016-11-10 18:00:00,721.3333333333334,5.95,18,3,11,-1.0,-1.8369701987210297e-16,0.43388373911755823,-0.900968867902419
2016-11-10 19:00:00,498.0,5.433333333333334,19,3,11,-0.9659258262890684,0.2588190451025203,0.43388373911755823,-0.900968867902419
2016-11-10 20:00:00,792.3333333333334,6.033333333333334,20,3,11,-0.8660254037844386,0.5000000000000001,0.43388373911755823,-0.900968867902419
2016-11-10 21:00:00,550.3333333333334,5.516666666666666,21,3,11,-0.7071067811865477,0.7071067811865474,0.43388373911755823,-0.900968867902419
2016-11-10 22:00:00,730.1666666666666,6.050000000000001,22,3,11,-0.5000000000000004,0.8660254037844384,0.43388373911755823,-0.900968867902419
2016-11-10 23:00:00,708.8333333333334,6.016666666666667,23,3,11,-0.25881904510252157,0.9659258262890681,0.43388373911755823,-0.900968867902419
2016-11-11 00:00:00,435.8333333333333,5.5,0,4,11,0.0,1.0,-0.433883739117558,-0.9009688679024191
2016-11-11 02:00:00,420.1666666666667,5.6000000000000005,2,4,11,0.49999999999999994,0.8660254037844387,-0.433883739117558,-0.9009688679024191
2016-11-11 03:00:00,258.6666666666667,4.833333333333333,3,4,11,0.7071067811865475,0.7071067811865476,-0.433883739117558,-0.9009688679024191
2016-11-11 04:00:00,81.0,3.3499999999999996,4,4,11,0.8660254037844386,0.5000000000000001,-0.433883739117558,-0.9009688679024191
2016-11-11 05:00:00,103.33333333333333,3.5833333333333335,5,4,11,0.9659258262890683,0.25881904510252074,-0.433883739117558,-0.9009688679024191
2016-11-11 06:00:00,385.6666666666667,5.366666666666667,6,4,11,1.0,6.123233995736766e-17,-0.433883739117558,-0.9009688679024191
2016-11-11 07:00:00,345.1666666666667,5.050000000000001,7,4,11,0.9659258262890683,-0.25881904510252063,-0.433883739117558,-0.9009688679024191
2016-11-11 08:00:00,555.6666666666666,5.633333333333334,8,4,11,0.8660254037844387,-0.49999999999999983,-0.433883739117558,-0.9009688679024191
2016-11-11 09:00:00,748.3333333333334,6.116666666666667,9,4,11,0.7071067811865476,-0.7071067811865475,-0.433883739117558,-0.9009688679024191
2016-11-11 10:00:00,729.3333333333334,6.133333333333334,10,4,11,0.49999999999999994,-0.8660254037844387,-0.433883739117558,-0.9009688679024191
2016-11-11 11:00:00,775.5,6.383333333333333,11,4,11,0.258819045102521,-0.9659258262890682,-0.433883739117558,-0.9009688679024191
2016-11-11 12:00:00,867.0,6.716666666666666,12,4,11,1.2246467991473532e-16,-1.0,-0.433883739117558,-0.9009688679024191
2016-11-11 13:00:00,1647.6666666666667,8.233333333333333,13,4,11,-0.2588190451025208,-0.9659258262890683,-0.433883739117558,-0.9009688679024191
2016-11-11 14:00:00,2426.1666666666665,9.833333333333334,14,4,11,-0.4999999999999998,-0.8660254037844388,-0.433883739117558,-0.9009688679024191
2016-11-11 15:00:00,2485.0,9.716666666666667,15,4,11,-0.7071067811865471,-0.7071067811865479,-0.433883739117558,-0.9009688679024191
2016-11-11 16:00:00,2145.3333333333335,9.116666666666667,16,4,11,-0.8660254037844384,-0.5000000000000004,-0.433883739117558,-0.9009688679024191
2016-11-11 17:00:00,1415.0,7.599999999999999,17,4,11,-0.9659258262890683,-0.25881904510252063,-0.433883739117558,-0.9009688679024191
2016-11-11 18:00:00,1396.1666666666667,7.483333333333334,18,4,11,-1.0,-1.8369701987210297e-16,-0.433883739117558,-0.9009688679024191
2016-11-11 19:00:00,1335.8333333333333,7.516666666666667,19,4,11,-0.9659258262890684,0.2588190451025203,-0.433883739117558,-0.9009688679024191
2016-11-11 20:00:00,770.6666666666666,6.333333333333333,20,4,11,-0.8660254037844386,0.5000000000000001,-0.433883739117558,-0.9009688679024191
2016-11-11 21:00:00,583.5,5.816666666666666,21,4,11,-0.7071067811865477,0.7071067811865474,-0.433883739117558,-0.9009688679024191
2016-11-11 22:00:00,666.6666666666666,6.016666666666666,22,4,11,-0.5000000000000004,0.8660254037844384,-0.433883739117558,-0.9009688679024191
2016-11-11 23:00:00,207.33333333333334,4.366666666666666,23,4,11,-0.25881904510252157,0.9659258262890681,-0.433883739117558,-0.9009688679024191
2016-11-12 00:00:00,135.16666666666666,3.8000000000000003,0,5,11,0.0,1.0,-0.9749279121818236,-0.2225209339563146
2016-11-12 01:00:00,53.833333333333336,3.033333333333333,1,5,11,0.25881904510252074,0.9659258262890683,-0.9749279121818236,-0.2225209339563146
2016-11-12 02:00:00,74.33333333333333,3.1333333333333333,2,5,11,0.49999999999999994,0.8660254037844387,-0.9749279121818236,-0.2225209339563146
2016-11-12 03:00:00,76.83333333333333,3.2999999999999994,3,5,11,0.7071067811865475,0.7071067811865476,-0.9749279121818236,-0.2225209339563146
2016-11-12 04:00:00,92.16666666666667,3.4166666666666674,4,5,11,0.8660254037844386,0.5000000000000001,-0.9749279121818236,-0.2225209339563146
2016-11-12 05:00:00,460.8333333333333,5.3500000000000005,5,5,11,0.9659258262890683,0.25881904510252074,-0.9749279121818236,-0.2225209339563146
2016-11-12 06:00:00,383.6666666666667,4.95,6,5,11,1.0,6.123233995736766e-17,-0.9749279121818236,-0.2225209339563146
2016-11-12 07:00:00,221.5,4.366666666666667,7,5,11,0.9659258262890683,-0.25881904510252063,-0.9749279121818236,-0.2225209339563146
2016-11-12 08:00:00,121.83333333333333,3.75,8,5,11,0.8660254037844387,-0.49999999999999983,-0.9749279121818236,-0.2225209339563146
2016-11-12 09:00:00,130.83333333333334,3.766666666666667,9,5,11,0.7071067811865476,-0.7071067811865475,-0.9749279121818236,-0.2225209339563146
2016-11-12 10:00:00,73.0,3.183333333333333,10,5,11,0.49999999999999994,-0.8660254037844387,-0.9749279121818236,-0.2225209339563146
2016-11-12 11:00:00,36.166666666666664,2.7999999999999994,11,5,11,0.258819045102521,-0.9659258262890682,-0.9749279121818236,-0.2225209339563146
2016-11-12 12:00:00,7.333333333333333,2.266666666666667,12,5,11,1.2246467991473532e-16,-1.0,-0.9749279121818236,-0.2225209339563146
2016-11-12 13:00:00,-1.5,1.866666666666667,13,5,11,-0.2588190451025208,-0.9659258262890683,-0.9749279121818236,-0.2225209339563146
2016-11-12 14:00:00,12.0,2.2499999999999996,14,5,11,-0.4999999999999998,-0.8660254037844388,-0.9749279121818236,-0.2225209339563146
2016-11-12 15:00:00,41.5,2.7000000000000006,15,5,11,-0.7071067811865471,-0.7071067811865479,-0.9749279121818236,-0.2225209339563146
2016-11-12 16:00:00,36.166666666666664,2.783333333333333,16,5,11,-0.8660254037844384,-0.5000000000000004,-0.9749279121818236,-0.2225209339563146
2016-11-12 17:00:00,13.333333333333334,2.2333333333333334,17,5,11,-0.9659258262890683,-0.25881904510252063,-0.9749279121818236,-0.2225209339563146
2016-11-12 18:00:00,4.166666666666667,1.8499999999999999,18,5,11,-1.0,-1.8369701987210297e-16,-0.9749279121818236,-0.2225209339563146
2016-11-12 19:00:00,43.666666666666664,2.516666666666667,19,5,11,-0.9659258262890684,0.2588190451025203,-0.9749279121818236,-0.2225209339563146
2016-11-12 20:00:00,135.5,3.8666666666666667,20,5,11,-0.8660254037844386,0.5000000000000001,-0.9749279121818236,-0.2225209339563146
2016-11-12 21:00:00,78.0,3.233333333333334,21,5,11,-0.7071067811865477,0.7071067811865474,-0.9749279121818236,-0.2225209339563146
2016-11-12 22:00:00,63.0,3.183333333333333,22,5,11,-0.5000000000000004,0.8660254037844384,-0.9749279121818236,-0.2225209339563146
2016-11-12 23:00:00,118.33333333333333,3.6833333333333336,23,5,11,-0.25881904510252157,0.9659258262890681,-0.9749279121818236,-0.2225209339563146
2016-11-13 00:00:00,194.0,4.216666666666666,0,6,11,0.0,1.0,-0.7818314824680299,0.6234898018587334
2016-11-13 01:00:00,206.0,4.3,1,6,11,0.25881904510252074,0.9659258262890683,-0.7818314824680299,0.6234898018587334
2016-11-13 02:00:00,188.83333333333334,3.983333333333334,2,6,11,0.49999999999999994,0.8660254037844387,-0.7818314824680299,0.6234898018587334
2016-11-13 03:00:00,73.0,3.116666666666667,3,6,11,0.7071067811865475,0.7071067811865476,-0.7818314824680299,0.6234898018587334
2016-11-13 04:00:00,195.66666666666666,4.033333333333334,4,6,11,0.8660254037844386,0.5000000000000001,-0.7818314824680299,0.6234898018587334
2016-11-13 05:00:00,531.6666666666666,5.633333333333334,5,6,11,0.9659258262890683,0.25881904510252074,-0.7818314824680299,0.6234898018587334
2016-11-13 06:00:00,598.6666666666666,5.933333333333334,6,6,11,1.0,6.123233995736766e-17,-0.7818314824680299,0.6234898018587334
2016-11-13 07:00:00,361.5,6.099999999999999,7,6,11,0.9659258262890683,-0.25881904510252063,-0.7818314824680299,0.6234898018587334
2016-11-13 08:00:00,582.8333333333334,5.849999999999999,8,6,11,0.8660254037844387,-0.49999999999999983,-0.7818314824680299,0.6234898018587334
2016-11-13 09:00:00,660.0,5.833333333333333,9,6,11,0.7071067811865476,-0.7071067811865475,-0.7818314824680299,0.6234898018587334
2016-11-13 10:00:00,242.5,4.383333333333334,10,6,11,0.49999999999999994,-0.8660254037844387,-0.7818314824680299,0.6234898018587334
2016-11-13 11:00:00,221.33333333333334,4.3,11,6,11,0.258819045102521,-0.9659258262890682,-0.7818314824680299,0.6234898018587334
2016-11-13 12:00:00,152.83333333333334,4.083333333333333,12,6,11,1.2246467991473532e-16,-1.0,-0.7818314824680299,0.6234898018587334
2016-11-13 13:00:00,136.83333333333334,3.9166666666666665,13,6,11,-0.2588190451025208,-0.9659258262890683,-0.7818314824680299,0.6234898018587334
2016-11-13 14:00:00,139.66666666666666,3.983333333333334,14,6,11,-0.4999999999999998,-0.8660254037844388,-0.7818314824680299,0.6234898018587334
2016-11-13 15:00:00,162.83333333333334,4.25,15,6,11,-0.7071067811865471,-0.7071067811865479,-0.7818314824680299,0.6234898018587334
2016-11-13 16:00:00,181.66666666666666,4.183333333333334,16,6,11,-0.8660254037844384,-0.5000000000000004,-0.7818314824680299,0.6234898018587334
2016-11-13 17:00:00,396.3333333333333,4.933333333333333,17,6,11,-0.9659258262890683,-0.25881904510252063,-0.7818314824680299,0.6234898018587334
2016-11-13 18:00:00,458.6666666666667,5.083333333333333,18,6,11,-1.0,-1.8369701987210297e-16,-0.7818314824680299,0.6234898018587334
2016-11-13 19:00:00,257.3333333333333,4.416666666666667,19,6,11,-0.9659258262890684,0.2588190451025203,-0.7818314824680299,0.6234898018587334
2016-11-13 20:00:00,243.16666666666666,4.416666666666667,20,6,11,-0.8660254037844386,0.5000000000000001,-0.7818314824680299,0.6234898018587334
2016-11-13 21:00:00,246.0,4.550000000000001,21,6,11,-0.7071067811865477,0.7071067811865474,-0.7818314824680299,0.6234898018587334
2016-11-13 22:00:00,179.83333333333334,4.016666666666667,22,6,11,-0.5000000000000004,0.8660254037844384,-0.7818314824680299,0.6234898018587334
2016-11-13 23:00:00,212.33333333333334,4.05,23,6,11,-0.25881904510252157,0.9659258262890681,-0.7818314824680299,0.6234898018587334
2016-11-14 00:00:00,187.33333333333334,3.983333333333333,0,0,11,0.0,1.0,0.0,1.0
2016-11-14 01:00:00,161.66666666666666,3.783333333333333,1,0,11,0.25881904510252074,0.9659258262890683,0.0,1.0
2016-11-14 02:00:00,189.33333333333334,4.1499999999999995,2,0,11,0.49999999999999994,0.8660254037844387,0.0,1.0
2016-11-14 03:00:00,349.0,5.25,3,0,11,0.7071067811865475,0.7071067811865476,0.0,1.0
2016-11-14 04:00:00,358.1666666666667,5.266666666666667,4,0,11,0.8660254037844386,0.5000000000000001,0.0,1.0
2016-11-14 05:00:00,307.0,5.05,5,0,11,0.9659258262890683,0.25881904510252074,0.0,1.0
2016-11-14 06:00:00,182.0,4.0,6,0,11,1.0,6.123233995736766e-17,0.0,1.0
2016-11-14 07:00:00,180.83333333333334,4.016666666666667,7,0,11,0.9659258262890683,-0.25881904510252063,0.0,1.0
2016-11-14 08:00:00,260.1666666666667,4.8,8,0,11,0.8660254037844387,-0.49999999999999983,0.0,1.0
2016-11-14 09:00:00,178.33333333333334,4.166666666666667,9,0,11,0.7071067811865476,-0.7071067811865475,0.0,1.0
2016-11-14 10:00:00,76.16666666666667,3.3666666666666667,10,0,11,0.49999999999999994,-0.8660254037844387,0.0,1.0
2016-11-14 11:00:00,24.333333333333332,2.733333333333333,11,0,11,0.258819045102521,-0.9659258262890682,0.0,1.0
2016-11-14 12:00:00,18.5,2.533333333333333,12,0,11,1.2246467991473532e-16,-1.0,0.0,1.0
2016-11-14 13:00:00,36.833333333333336,2.8000000000000003,13,0,11,-0.2588190451025208,-0.9659258262890683,0.0,1.0
2016-11-14 14:00:00,35.0,2.8000000000000003,14,0,11,-0.4999999999999998,-0.8660254037844388,0.0,1.0
2016-11-14 15:00:00,23.666666666666668,2.5,15,0,11,-0.7071067811865471,-0.7071067811865479,0.0,1.0
2016-11-14 16:00:00,25.833333333333332,2.35,16,0,11,-0.8660254037844384,-0.5000000000000004,0.0,1.0
2016-11-14 17:00:00,-1.6666666666666667,1.75,17,0,11,-0.9659258262890683,-0.25881904510252063,0.0,1.0
2016-11-14 18:00:00,4.333333333333333,1.7833333333333332,18,0,11,-1.0,-1.8369701987210297e-16,0.0,1.0
2016-11-14 19:00:00,21.666666666666668,2.35,19,0,11,-0.9659258262890684,0.2588190451025203,0.0,1.0
2016-11-14 20:00:00,337.6666666666667,4.433333333333333,20,0,11,-0.8660254037844386,0.5000000000000001,0.0,1.0
2016-11-14 21:00:00,457.1666666666667,4.8999999999999995,21,0,11,-0.7071067811865477,0.7071067811865474,0.0,1.0
2016-11-14 22:00:00,300.1666666666667,4.616666666666667,22,0,11,-0.5000000000000004,0.8660254037844384,0.0,1.0
2016-11-14 23:00:00,290.0,4.783333333333332,23,0,11,-0.25881904510252157,0.9659258262890681,0.0,1.0
2016-11-15 00:00:00,411.8333333333333,5.2,0,1,11,0.0,1.0,0.7818314824680298,0.6234898018587336
2016-11-15 01:00:00,317.0,4.999999999999999,1,1,11,0.25881904510252074,0.9659258262890683,0.7818314824680298,0.6234898018587336
2016-11-15 02:00:00,275.5,4.8999999999999995,2,1,11,0.49999999999999994,0.8660254037844387,0.7818314824680298,0.6234898018587336
2016-11-15 03:00:00,490.3333333333333,5.566666666666666,3,1,11,0.7071067811865475,0.7071067811865476,0.7818314824680298,0.6234898018587336
2016-11-15 04:00:00,712.1666666666666,5.933333333333334,4,1,11,0.8660254037844386,0.5000000000000001,0.7818314824680298,0.6234898018587336
2016-11-15 05:00:00,828.1666666666666,6.1499999999999995,5,1,11,0.9659258262890683,0.25881904510252074,0.7818314824680298,0.6234898018587336
2016-11-15 06:00:00,566.8333333333334,5.75,6,1,11,1.0,6.123233995736766e-17,0.7818314824680298,0.6234898018587336
2016-11-15 07:00:00,594.3333333333334,5.783333333333334,7,1,11,0.9659258262890683,-0.25881904510252063,0.7818314824680298,0.6234898018587336
2016-11-15 08:00:00,537.5,5.75,8,1,11,0.8660254037844387,-0.49999999999999983,0.7818314824680298,0.6234898018587336
2016-11-15 09:00:00,369.6666666666667,5.0,9,1,11,0.7071067811865476,-0.7071067811865475,0.7818314824680298,0.6234898018587336
2016-11-15 10:00:00,319.5,4.983333333333333,10,1,11,0.49999999999999994,-0.8660254037844387,0.7818314824680298,0.6234898018587336
2016-11-15 11:00:00,272.3333333333333,4.966666666666666,11,1,11,0.258819045102521,-0.9659258262890682,0.7818314824680298,0.6234898018587336
2016-11-15 12:00:00,107.16666666666667,5.566666666666666,12,1,11,1.2246467991473532e-16,-1.0,0.7818314824680298,0.6234898018587336
2016-11-15 13:00:00,-2.8333333333333335,6.266666666666667,13,1,11,-0.2588190451025208,-0.9659258262890683,0.7818314824680298,0.6234898018587336
2016-11-15 14:00:00,-3.0,6.566666666666666,14,1,11,-0.4999999999999998,-0.8660254037844388,0.7818314824680298,0.6234898018587336
2016-11-15 15:00:00,-3.6666666666666665,6.300000000000001,15,1,11,-0.7071067811865471,-0.7071067811865479,0.7818314824680298,0.6234898018587336
2016-11-15 16:00:00,156.66666666666666,6.0,16,1,11,-0.8660254037844384,-0.5000000000000004,0.7818314824680298,0.6234898018587336
2016-11-15 17:00:00,643.6666666666666,5.833333333333333,17,1,11,-0.9659258262890683,-0.25881904510252063,0.7818314824680298,0.6234898018587336
2016-11-15 18:00:00,702.3333333333334,6.133333333333333,18,1,11,-1.0,-1.8369701987210297e-16,0.7818314824680298,0.6234898018587336
2016-11-15 19:00:00,800.6666666666666,6.083333333333333,19,1,11,-0.9659258262890684,0.2588190451025203,0.7818314824680298,0.6234898018587336
2016-11-15 20:00:00,689.1666666666666,5.933333333333333,20,1,11,-0.8660254037844386,0.5000000000000001,0.7818314824680298,0.6234898018587336
2016-11-15 21:00:00,968.5,6.3999999999999995,21,1,11,-0.7071067811865477,0.7071067811865474,0.7818314824680298,0.6234898018587336
2016-11-15 22:00:00,1133.8333333333333,7.133333333333333,22,1,11,-0.5000000000000004,0.8660254037844384,0.7818314824680298,0.6234898018587336
2016-11-15 23:00:00,798.6666666666666,6.133333333333333,23,1,11,-0.25881904510252157,0.9659258262890681,0.7818314824680298,0.6234898018587336
2016-11-16 00:00:00,609.1666666666666,5.883333333333333,0,2,11,0.0,1.0,0.9749279121818236,-0.22252093395631434
2016-11-16 01:00:00,694.0,6.0,1,2,11,0.25881904510252074,0.9659258262890683,0.9749279121818236,-0.22252093395631434
2016-11-16 02:00:00,561.3333333333334,5.7,2,2,11,0.49999999999999994,0.8660254037844387,0.9749279121818236,-0.22252093395631434
2016-11-16 03:00:00,531.6666666666666,5.566666666666666,3,2,11,0.7071067811865475,0.7071067811865476,0.9749279121818236,-0.22252093395631434
2016-11-16 04:00:00,628.5,6.0,4,2,11,0.8660254037844386,0.5000000000000001,0.9749279121818236,-0.22252093395631434
2016-11-16 05:00:00,769.8333333333334,6.083333333333333,5,2,11,0.9659258262890683,0.25881904510252074,0.9749279121818236,-0.22252093395631434
2016-11-16 06:00:00,438.0,5.199999999999999,6,2,11,1.0,6.123233995736766e-17,0.9749279121818236,-0.22252093395631434
2016-11-16 07:00:00,733.1666666666666,6.333333333333333,7,2,11,0.9659258262890683,-0.25881904510252063,0.9749279121818236,-0.22252093395631434
2016-11-16 08:00:00,651.6666666666666,5.966666666666666,8,2,11,0.8660254037844387,-0.49999999999999983,0.9749279121818236,-0.22252093395631434
2016-11-16 09:00:00,1160.0,6.983333333333333,9,2,11,0.7071067811865476,-0.7071067811865475,0.9749279121818236,-0.22252093395631434
2016-11-16 10:00:00,1552.8333333333333,8.0,10,2,11,0.49999999999999994,-0.8660254037844387,0.9749279121818236,-0.22252093395631434
2016-11-16 11:00:00,1494.8333333333333,7.95,11,2,11,0.258819045102521,-0.9659258262890682,0.9749279121818236,-0.22252093395631434
2016-11-16 12:00:00,956.5,6.6499999999999995,12,2,11,1.2246467991473532e-16,-1.0,0.9749279121818236,-0.22252093395631434
2016-11-16 13:00:00,962.3333333333334,6.733333333333333,13,2,11,-0.2588190451025208,-0.9659258262890683,0.9749279121818236,-0.22252093395631434
2016-11-16 14:00:00,754.1666666666666,6.166666666666667,14,2,11,-0.4999999999999998,-0.8660254037844388,0.9749279121818236,-0.22252093395631434
2016-11-16 15:00:00,782.8333333333334,6.1499999999999995,15,2,11,-0.7071067811865471,-0.7071067811865479,0.9749279121818236,-0.22252093395631434
2016-11-16 16:00:00,1539.8333333333333,7.816666666666666,16,2,11,-0.8660254037844384,-0.5000000000000004,0.9749279121818236,-0.22252093395631434
2016-11-16 17:00:00,1857.8333333333333,8.450000000000001,17,2,11,-0.9659258262890683,-0.25881904510252063,0.9749279121818236,-0.22252093395631434
2016-11-16 18:00:00,2137.8333333333335,9.416666666666666,18,2,11,-1.0,-1.8369701987210297e-16,0.9749279121818236,-0.22252093395631434
2016-11-16 19:00:00,2442.0,9.966666666666667,19,2,11,-0.9659258262890684,0.2588190451025203,0.9749279121818236,-0.22252093395631434
2016-11-16 20:00:00,2972.6666666666665,10.783333333333331,20,2,11,-0.8660254037844386,0.5000000000000001,0.9749279121818236,-0.22252093395631434
2016-11-16 21:00:00,2992.5,11.25,21,2,11,-0.7071067811865477,0.7071067811865474,0.9749279121818236,-0.22252093395631434
2016-11-16 22:00:00,2629.6666666666665,10.35,22,2,11,-0.5000000000000004,0.8660254037844384,0.9749279121818236,-0.22252093395631434
2016-11-16 23:00:00,2788.3333333333335,10.416666666666668,23,2,11,-0.25881904510252157,0.9659258262890681,0.9749279121818236,-0.22252093395631434
2016-11-17 00:00:00,2645.1666666666665,10.583333333333332,0,3,11,0.0,1.0,0.43388373911755823,-0.900968867902419
2016-11-17 01:00:00,1676.8333333333333,8.299999999999999,1,3,11,0.25881904510252074,0.9659258262890683,0.43388373911755823,-0.900968867902419
2016-11-17 02:00:00,1472.8333333333333,8.033333333333333,2,3,11,0.49999999999999994,0.8660254037844387,0.43388373911755823,-0.900968867902419
2016-11-17 03:00:00,1850.6666666666667,8.983333333333334,3,3,11,0.7071067811865475,0.7071067811865476,0.43388373911755823,-0.900968867902419
2016-11-17 04:00:00,1927.5,8.733333333333334,4,3,11,0.8660254037844386,0.5000000000000001,0.43388373911755823,-0.900968867902419
2016-11-17 05:00:00,1877.3333333333333,8.833333333333334,5,3,11,0.9659258262890683,0.25881904510252074,0.43388373911755823,-0.900968867902419
2016-11-17 06:00:00,2398.8333333333335,9.933333333333334,6,3,11,1.0,6.123233995736766e-17,0.43388373911755823,-0.900968867902419
2016-11-17 07:00:00,2733.8333333333335,10.716666666666667,7,3,11,0.9659258262890683,-0.25881904510252063,0.43388373911755823,-0.900968867902419
2016-11-17 08:00:00,2996.5,11.333333333333334,8,3,11,0.8660254037844387,-0.49999999999999983,0.43388373911755823,-0.900968867902419
2016-11-17 09:00:00,2996.3333333333335,11.533333333333333,9,3,11,0.7071067811865476,-0.7071067811865475,0.43388373911755823,-0.900968867902419
2016-11-17 10:00:00,3026.8333333333335,12.0,10,3,11,0.49999999999999994,-0.8660254037844387,0.43388373911755823,-0.900968867902419
2016-11-17 11:00:00,2906.1666666666665,11.483333333333334,11,3,11,0.258819045102521,-0.9659258262890682,0.43388373911755823,-0.900968867902419
2016-11-17 12:00:00,3008.6666666666665,12.450000000000001,12,3,11,1.2246467991473532e-16,-1.0,0.43388373911755823,-0.900968867902419
2016-11-17 13:00:00,3039.5,13.966666666666669,13,3,11,-0.2588190451025208,-0.9659258262890683,0.43388373911755823,-0.900968867902419
2016-11-17 14:00:00,2574.0,10.916666666666666,14,3,11,-0.4999999999999998,-0.8660254037844388,0.43388373911755823,-0.900968867902419
2016-11-17 15:00:00,1879.3333333333333,10.583333333333332,15,3,11,-0.7071067811865471,-0.7071067811865479,0.43388373911755823,-0.900968867902419
2016-11-17 16:00:00,2663.0,11.016666666666666,16,3,11,-0.8660254037844384,-0.5000000000000004,0.43388373911755823,-0.900968867902419
2016-11-17 17:00:00,2157.3333333333335,9.233333333333334,17,3,11,-0.9659258262890683,-0.25881904510252063,0.43388373911755823,-0.900968867902419
2016-11-17 18:00:00,2562.1666666666665,10.133333333333333,18,3,11,-1.0,-1.8369701987210297e-16,0.43388373911755823,-0.900968867902419
2016-11-17 19:00:00,3000.5,13.25,19,3,11,-0.9659258262890684,0.2588190451025203,0.43388373911755823,-0.900968867902419
2016-11-17 20:00:00,2710.8333333333335,11.766666666666667,20,3,11,-0.8660254037844386,0.5000000000000001,0.43388373911755823,-0.900968867902419
2016-11-17 21:00:00,2877.5,11.133333333333335,21,3,11,-0.7071067811865477,0.7071067811865474,0.43388373911755823,-0.900968867902419
2016-11-17 22:00:00,2514.6666666666665,10.4,22,3,11,-0.5000000000000004,0.8660254037844384,0.43388373911755823,-0.900968867902419
2016-11-17 23:00:00,2722.5,10.516666666666667,23,3,11,-0.25881904510252157,0.9659258262890681,0.43388373911755823,-0.900968867902419
2016-11-18 00:00:00,2948.8333333333335,11.6,0,4,11,0.0,1.0,-0.433883739117558,-0.9009688679024191
2016-11-18 01:00:00,3033.8333333333335,11.799999999999999,1,4,11,0.25881904510252074,0.9659258262890683,-0.433883739117558,-0.9009688679024191
2016-11-18 02:00:00,2921.3333333333335,11.0,2,4,11,0.49999999999999994,0.8660254037844387,-0.433883739117558,-0.9009688679024191
2016-11-18 03:00:00,2952.0,10.85,3,4,11,0.7071067811865475,0.7071067811865476,-0.433883739117558,-0.9009688679024191
2016-11-18 04:00:00,2265.5,9.933333333333334,4,4,11,0.8660254037844386,0.5000000000000001,-0.433883739117558,-0.9009688679024191
2016-11-18 05:00:00,3026.8333333333335,12.466666666666667,5,4,11,0.9659258262890683,0.25881904510252074,-0.433883739117558,-0.9009688679024191
2016-11-18 06:00:00,3031.8333333333335,11.466666666666667,6,4,11,1.0,6.123233995736766e-17,-0.433883739117558,-0.9009688679024191
2016-11-18 07:00:00,2791.0,11.166666666666666,7,4,11,0.9659258262890683,-0.25881904510252063,-0.433883739117558,-0.9009688679024191
2016-11-18 08:00:00,2869.8333333333335,11.116666666666667,8,4,11,0.8660254037844387,-0.49999999999999983,-0.433883739117558,-0.9009688679024191
2016-11-18 09:00:00,3003.6666666666665,11.566666666666665,9,4,11,0.7071067811865476,-0.7071067811865475,-0.433883739117558,-0.9009688679024191
2016-11-18 10:00:00,3030.8333333333335,13.083333333333334,10,4,11,0.49999999999999994,-0.8660254037844387,-0.433883739117558,-0.9009688679024191
2016-11-18 11:00:00,1846.0,13.866666666666665,11,4,11,0.258819045102521,-0.9659258262890682,-0.433883739117558,-0.9009688679024191
2016-11-18 12:00:00,-1.6666666666666667,8.1,12,4,11,1.2246467991473532e-16,-1.0,-0.433883739117558,-0.9009688679024191
2016-11-18 13:00:00,-2.3333333333333335,6.433333333333334,13,4,11,-0.2588190451025208,-0.9659258262890683,-0.433883739117558,-0.9009688679024191
2016-11-18 14:00:00,-2.6666666666666665,6.716666666666668,14,4,11,-0.4999999999999998,-0.8660254037844388,-0.433883739117558,-0.9009688679024191
2016-11-18 15:00:00,-3.1666666666666665,6.783333333333334,15,4,11,-0.7071067811865471,-0.7071067811865479,-0.433883739117558,-0.9009688679024191
2016-11-18 16:00:00,-2.6666666666666665,7.916666666666667,16,4,11,-0.8660254037844384,-0.5000000000000004,-0.433883739117558,-0.9009688679024191
2016-11-18 17:00:00,1452.8333333333333,9.299999999999999,17,4,11,-0.9659258262890683,-0.25881904510252063,-0.433883739117558,-0.9009688679024191
2016-11-18 18:00:00,2813.8333333333335,11.133333333333333,18,4,11,-1.0,-1.8369701987210297e-16,-0.433883739117558,-0.9009688679024191
2016-11-18 19:00:00,2665.8333333333335,10.15,19,4,11,-0.9659258262890684,0.2588190451025203,-0.433883739117558,-0.9009688679024191
2016-11-18 20:00:00,2458.8333333333335,10.016666666666667,20,4,11,-0.8660254037844386,0.5000000000000001,-0.433883739117558,-0.9009688679024191
2016-11-18 21:00:00,1748.8333333333333,8.516666666666667,21,4,11,-0.7071067811865477,0.7071067811865474,-0.433883739117558,-0.9009688679024191
2016-11-18 22:00:00,2206.3333333333335,9.299999999999999,22,4,11,-0.5000000000000004,0.8660254037844384,-0.433883739117558,-0.9009688679024191
2016-11-18 23:00:00,1785.0,8.433333333333332,23,4,11,-0.25881904510252157,0.9659258262890681,-0.433883739117558,-0.9009688679024191
2016-11-19 00:00:00,2172.5,9.033333333333333,0,5,11,0.0,1.0,-0.9749279121818236,-0.2225209339563146
2016-11-19 01:00:00,1413.0,8.2,1,5,11,0.25881904510252074,0.9659258262890683,-0.9749279121818236,-0.2225209339563146
2016-11-19 02:00:00,1201.5,7.3,2,5,11,0.49999999999999994,0.8660254037844387,-0.9749279121818236,-0.2225209339563146
2016-11-19 03:00:00,1308.5,7.800000000000001,3,5,11,0.7071067811865475,0.7071067811865476,-0.9749279121818236,-0.2225209339563146
2016-11-19 04:00:00,1686.3333333333333,8.366666666666667,4,5,11,0.8660254037844386,0.5000000000000001,-0.9749279121818236,-0.2225209339563146
2016-11-19 05:00:00,1989.5,8.666666666666666,5,5,11,0.9659258262890683,0.25881904510252074,-0.9749279121818236,-0.2225209339563146
2016-11-19 06:00:00,1031.8333333333333,6.983333333333334,6,5,11,1.0,6.123233995736766e-17,-0.9749279121818236,-0.2225209339563146
2016-11-19 07:00:00,1261.3333333333333,7.400000000000001,7,5,11,0.9659258262890683,-0.25881904510252063,-0.9749279121818236,-0.2225209339563146
2016-11-19 08:00:00,1591.6666666666667,7.966666666666666,8,5,11,0.8660254037844387,-0.49999999999999983,-0.9749279121818236,-0.2225209339563146
2016-11-19 09:00:00,2376.0,9.1,9,5,11,0.7071067811865476,-0.7071067811865475,-0.9749279121818236,-0.2225209339563146
2016-11-19 10:00:00,1505.8333333333333,8.15,10,5,11,0.49999999999999994,-0.8660254037844387,-0.9749279121818236,-0.2225209339563146
2016-11-19 11:00:00,1678.8333333333333,8.033333333333333,11,5,11,0.258819045102521,-0.9659258262890682,-0.9749279121818236,-0.2225209339563146
2016-11-19 12:00:00,1092.5,7.183333333333334,12,5,11,1.2246467991473532e-16,-1.0,-0.9749279121818236,-0.2225209339563146
2016-11-19 13:00:00,1146.3333333333333,7.316666666666667,13,5,11,-0.2588190451025208,-0.9659258262890683,-0.9749279121818236,-0.2225209339563146
2016-11-19 14:00:00,943.5,6.683333333333333,14,5,11,-0.4999999999999998,-0.8660254037844388,-0.9749279121818236,-0.2225209339563146
2016-11-19 15:00:00,803.5,6.366666666666666,15,5,11,-0.7071067811865471,-0.7071067811865479,-0.9749279121818236,-0.2225209339563146
2016-11-19 16:00:00,1234.6666666666667,7.3500000000000005,16,5,11,-0.8660254037844384,-0.5000000000000004,-0.9749279121818236,-0.2225209339563146
2016-11-19 17:00:00,1507.1666666666667,7.8,17,5,11,-0.9659258262890683,-0.25881904510252063,-0.9749279121818236,-0.2225209339563146
2016-11-19 18:00:00,2493.8333333333335,10.450000000000001,18,5,11,-1.0,-1.8369701987210297e-16,-0.9749279121818236,-0.2225209339563146
2016-11-19 19:00:00,1371.1666666666667,7.833333333333333,19,5,11,-0.9659258262890684,0.2588190451025203,-0.9749279121818236,-0.2225209339563146
2016-11-19 20:00:00,1084.3333333333333,6.933333333333334,20,5,11,-0.8660254037844386,0.5000000000000001,-0.9749279121818236,-0.2225209339563146
2016-11-19 21:00:00,1388.3333333333333,7.683333333333334,21,5,11,-0.7071067811865477,0.7071067811865474,-0.9749279121818236,-0.2225209339563146
2016-11-19 22:00:00,637.0,6.033333333333334,22,5,11,-0.5000000000000004,0.8660254037844384,-0.9749279121818236,-0.2225209339563146
2016-11-19 23:00:00,1212.3333333333333,7.1000000000000005,23,5,11,-0.25881904510252157,0.9659258262890681,-0.9749279121818236,-0.2225209339563146
2016-11-20 00:00:00,1150.6666666666667,7.166666666666667,0,6,11,0.0,1.0,-0.7818314824680299,0.6234898018587334
2016-11-20 01:00:00,1360.0,8.05,1,6,11,0.25881904510252074,0.9659258262890683,-0.7818314824680299,0.6234898018587334
2016-11-20 02:00:00,1325.0,7.8500000000000005,2,6,11,0.49999999999999994,0.8660254037844387,-0.7818314824680299,0.6234898018587334
2016-11-20 03:00:00,963.8333333333334,6.616666666666667,3,6,11,0.7071067811865475,0.7071067811865476,-0.7818314824680299,0.6234898018587334
2016-11-20 04:00:00,946.1666666666666,6.783333333333334,4,6,11,0.8660254037844386,0.5000000000000001,-0.7818314824680299,0.6234898018587334
2016-11-20 05:00:00,1460.0,7.650000000000001,5,6,11,0.9659258262890683,0.25881904510252074,-0.7818314824680299,0.6234898018587334
2016-11-20 06:00:00,1527.6666666666667,7.833333333333332,6,6,11,1.0,6.123233995736766e-17,-0.7818314824680299,0.6234898018587334
2016-11-20 07:00:00,1321.6666666666667,7.5,7,6,11,0.9659258262890683,-0.25881904510252063,-0.7818314824680299,0.6234898018587334
2016-11-20 08:00:00,1504.8333333333333,7.816666666666666,8,6,11,0.8660254037844387,-0.49999999999999983,-0.7818314824680299,0.6234898018587334
2016-11-20 09:00:00,2276.3333333333335,9.466666666666667,9,6,11,0.7071067811865476,-0.7071067811865475,-0.7818314824680299,0.6234898018587334
2016-11-20 10:00:00,475.5,9.283333333333333,10,6,11,0.49999999999999994,-0.8660254037844387,-0.7818314824680299,0.6234898018587334
2016-11-20 11:00:00,19.666666666666668,9.25,11,6,11,0.258819045102521,-0.9659258262890682,-0.7818314824680299,0.6234898018587334
2016-11-20 12:00:00,-15.166666666666666,13.366666666666667,12,6,11,1.2246467991473532e-16,-1.0,-0.7818314824680299,0.6234898018587334
2016-11-20 13:00:00,-25.666666666666668,15.066666666666668,13,6,11,-0.2588190451025208,-0.9659258262890683,-0.7818314824680299,0.6234898018587334
2016-11-20 14:00:00,23.666666666666668,13.366666666666665,14,6,11,-0.4999999999999998,-0.8660254037844388,-0.7818314824680299,0.6234898018587334
2016-11-20 15:00:00,1544.6666666666667,11.533333333333333,15,6,11,-0.7071067811865471,-0.7071067811865479,-0.7818314824680299,0.6234898018587334
2016-11-20 16:00:00,3019.3333333333335,12.65,16,6,11,-0.8660254037844384,-0.5000000000000004,-0.7818314824680299,0.6234898018587334
2016-11-20 17:00:00,3039.6666666666665,13.933333333333332,17,6,11,-0.9659258262890683,-0.25881904510252063,-0.7818314824680299,0.6234898018587334
2016-11-20 18:00:00,3039.1666666666665,14.58333333333333,18,6,11,-1.0,-1.8369701987210297e-16,-0.7818314824680299,0.6234898018587334
2016-11-20 19:00:00,3040.6666666666665,16.133333333333336,19,6,11,-0.9659258262890684,0.2588190451025203,-0.7818314824680299,0.6234898018587334
2016-11-20 20:00:00,3040.8333333333335,14.616666666666667,20,6,11,-0.8660254037844386,0.5000000000000001,-0.7818314824680299,0.6234898018587334
2016-11-20 21:00:00,3035.0,13.649999999999999,21,6,11,-0.7071067811865477,0.7071067811865474,-0.7818314824680299,0.6234898018587334
2016-11-20 22:00:00,2998.5,11.600000000000001,22,6,11,-0.5000000000000004,0.8660254037844384,-0.7818314824680299,0.6234898018587334
2016-11-20 23:00:00,2896.1666666666665,11.416666666666666,23,6,11,-0.25881904510252157,0.9659258262890681,-0.7818314824680299,0.6234898018587334
2016-11-21 00:00:00,1201.6,7.82,0,0,11,0.0,1.0,0.0,1.0
2016-11-21 01:00:00,125.0,3.75,1,0,11,0.25881904510252074,0.9659258262890683,0.0,1.0
2016-11-21 02:00:00,323.5,5.05,2,0,11,0.49999999999999994,0.8660254037844387,0.0,1.0
2016-11-21 03:00:00,105.83333333333333,3.6,3,0,11,0.7071067811865475,0.7071067811865476,0.0,1.0
2016-11-21 04:00:00,35.333333333333336,2.9166666666666665,4,0,11,0.8660254037844386,0.5000000000000001,0.0,1.0
2016-11-21 05:00:00,162.5,3.8833333333333333,5,0,11,0.9659258262890683,0.25881904510252074,0.0,1.0
2016-11-21 06:00:00,256.5,4.566666666666667,6,0,11,1.0,6.123233995736766e-17,0.0,1.0
2016-11-21 07:00:00,446.0,5.483333333333334,7,0,11,0.9659258262890683,-0.25881904510252063,0.0,1.0
2016-11-21 08:00:00,225.16666666666666,4.249999999999999,8,0,11,0.8660254037844387,-0.49999999999999983,0.0,1.0
2016-11-21 09:00:00,328.3333333333333,5.15,9,0,11,0.7071067811865476,-0.7071067811865475,0.0,1.0
2016-11-21 10:00:00,266.8333333333333,4.75,10,0,11,0.49999999999999994,-0.8660254037844387,0.0,1.0
2016-11-21 11:00:00,142.83333333333334,3.8666666666666667,11,0,11,0.258819045102521,-0.9659258262890682,0.0,1.0
2016-11-21 12:00:00,125.33333333333333,3.7833333333333337,12,0,11,1.2246467991473532e-16,-1.0,0.0,1.0
2016-11-21 13:00:00,51.166666666666664,2.983333333333333,13,0,11,-0.2588190451025208,-0.9659258262890683,0.0,1.0
2016-11-21 14:00:00,112.16666666666667,3.6166666666666667,14,0,11,-0.4999999999999998,-0.8660254037844388,0.0,1.0
2016-11-21 15:00:00,213.16666666666666,4.466666666666666,15,0,11,-0.7071067811865471,-0.7071067811865479,0.0,1.0
2016-11-21 16:00:00,215.0,4.266666666666667,16,0,11,-0.8660254037844384,-0.5000000000000004,0.0,1.0
2016-11-21 17:00:00,135.0,3.8166666666666664,17,0,11,-0.9659258262890683,-0.25881904510252063,0.0,1.0
2016-11-21 18:00:00,3.8333333333333335,1.866666666666667,18,0,11,-1.0,-1.8369701987210297e-16,0.0,1.0
2016-11-21 19:00:00,64.5,3.016666666666666,19,0,11,-0.9659258262890684,0.2588190451025203,0.0,1.0
2016-11-21 20:00:00,121.5,3.6833333333333336,20,0,11,-0.8660254037844386,0.5000000000000001,0.0,1.0
2016-11-21 21:00:00,499.8333333333333,5.583333333333333,21,0,11,-0.7071067811865477,0.7071067811865474,0.0,1.0
2016-11-21 22:00:00,612.5,5.966666666666666,22,0,11,-0.5000000000000004,0.8660254037844384,0.0,1.0
2016-11-21 23:00:00,684.0,5.9333333333333345,23,0,11,-0.25881904510252157,0.9659258262890681,0.0,1.0
2016-11-22 00:00:00,409.0,5.15,0,1,11,0.0,1.0,0.7818314824680298,0.6234898018587336
2016-11-22 01:00:00,206.5,4.616666666666667,1,1,11,0.25881904510252074,0.9659258262890683,0.7818314824680298,0.6234898018587336
2016-11-22 02:00:00,28.666666666666668,2.4,2,1,11,0.49999999999999994,0.8660254037844387,0.7818314824680298,0.6234898018587336
2016-11-22 03:00:00,-1.8333333333333333,0.9666666666666667,3,1,11,0.7071067811865475,0.7071067811865476,0.7818314824680298,0.6234898018587336
2016-11-22 04:00:00,-1.3333333333333333,1.2833333333333334,4,1,11,0.8660254037844386,0.5000000000000001,0.7818314824680298,0.6234898018587336
2016-11-22 05:00:00,67.83333333333333,3.483333333333334,5,1,11,0.9659258262890683,0.25881904510252074,0.7818314824680298,0.6234898018587336
2016-11-22 06:00:00,64.5,3.2166666666666663,6,1,11,1.0,6.123233995736766e-17,0.7818314824680298,0.6234898018587336
2016-11-22 07:00:00,7.5,2.2499999999999996,7,1,11,0.9659258262890683,-0.25881904510252063,0.7818314824680298,0.6234898018587336
2016-11-22 08:00:00,-0.16666666666666666,1.9166666666666667,8,1,11,0.8660254037844387,-0.49999999999999983,0.7818314824680298,0.6234898018587336
2016-11-22 09:00:00,-1.1666666666666667,0.5333333333333333,9,1,11,0.7071067811865476,-0.7071067811865475,0.7818314824680298,0.6234898018587336
2016-11-22 10:00:00,-1.0,0.45,10,1,11,0.49999999999999994,-0.8660254037844387,0.7818314824680298,0.6234898018587336
2016-11-22 11:00:00,-1.0,0.2333333333333333,11,1,11,0.258819045102521,-0.9659258262890682,0.7818314824680298,0.6234898018587336
2016-11-22 12:00:00,-1.1666666666666667,0.6,12,1,11,1.2246467991473532e-16,-1.0,0.7818314824680298,0.6234898018587336
2016-11-22 13:00:00,-4.833333333333333,1.1833333333333333,13,1,11,-0.2588190451025208,-0.9659258262890683,0.7818314824680298,0.6234898018587336
2016-11-22 14:00:00,0.6666666666666666,2.0,14,1,11,-0.4999999999999998,-0.8660254037844388,0.7818314824680298,0.6234898018587336
2016-11-22 15:00:00,45.0,2.6166666666666667,15,1,11,-0.7071067811865471,-0.7071067811865479,0.7818314824680298,0.6234898018587336
2016-11-22 16:00:00,9.333333333333334,2.1166666666666667,16,1,11,-0.8660254037844384,-0.5000000000000004,0.7818314824680298,0.6234898018587336
2016-11-22 17:00:00,83.5,3.25,17,1,11,-0.9659258262890683,-0.25881904510252063,0.7818314824680298,0.6234898018587336
2016-11-22 18:00:00,270.8333333333333,4.583333333333333,18,1,11,-1.0,-1.8369701987210297e-16,0.7818314824680298,0.6234898018587336
2016-11-22 19:00:00,142.16666666666666,3.7166666666666672,19,1,11,-0.9659258262890684,0.2588190451025203,0.7818314824680298,0.6234898018587336
2016-11-22 20:00:00,93.0,3.3666666666666667,20,1,11,-0.8660254037844386,0.5000000000000001,0.7818314824680298,0.6234898018587336
2016-11-22 21:00:00,43.833333333333336,2.8166666666666664,21,1,11,-0.7071067811865477,0.7071067811865474,0.7818314824680298,0.6234898018587336
2016-11-22 22:00:00,37.5,2.5,22,1,11,-0.5000000000000004,0.8660254037844384,0.7818314824680298,0.6234898018587336
2016-11-22 23:00:00,57.5,2.8666666666666667,23,1,11,-0.25881904510252157,0.9659258262890681,0.7818314824680298,0.6234898018587336
2016-11-23 00:00:00,49.666666666666664,2.733333333333333,0,2,11,0.0,1.0,0.9749279121818236,-0.22252093395631434
2016-11-23 01:00:00,116.83333333333333,3.4500000000000006,1,2,11,0.25881904510252074,0.9659258262890683,0.9749279121818236,-0.22252093395631434
2016-11-23 02:00:00,95.0,3.3333333333333335,2,2,11,0.49999999999999994,0.8660254037844387,0.9749279121818236,-0.22252093395631434
2016-11-23 03:00:00,16.166666666666668,2.3333333333333335,3,2,11,0.7071067811865475,0.7071067811865476,0.9749279121818236,-0.22252093395631434
2016-11-23 04:00:00,62.5,3.1,4,2,11,0.8660254037844386,0.5000000000000001,0.9749279121818236,-0.22252093395631434
2016-11-23 05:00:00,14.0,2.3166666666666664,5,2,11,0.9659258262890683,0.25881904510252074,0.9749279121818236,-0.22252093395631434
2016-11-23 06:00:00,77.0,3.316666666666667,6,2,11,1.0,6.123233995736766e-17,0.9749279121818236,-0.22252093395631434
2016-11-23 07:00:00,137.16666666666666,3.816666666666667,7,2,11,0.9659258262890683,-0.25881904510252063,0.9749279121818236,-0.22252093395631434
2016-11-23 08:00:00,63.0,3.2000000000000006,8,2,11,0.8660254037844387,-0.49999999999999983,0.9749279121818236,-0.22252093395631434
2016-11-23 09:00:00,175.66666666666666,4.066666666666666,9,2,11,0.7071067811865476,-0.7071067811865475,0.9749279121818236,-0.22252093395631434
2016-11-23 10:00:00,195.83333333333334,4.283333333333334,10,2,11,0.49999999999999994,-0.8660254037844387,0.9749279121818236,-0.22252093395631434
2016-11-23 11:00:00,126.33333333333333,3.8333333333333326,11,2,11,0.258819045102521,-0.9659258262890682,0.9749279121818236,-0.22252093395631434
2016-11-23 12:00:00,70.33333333333333,3.0666666666666664,12,2,11,1.2246467991473532e-16,-1.0,0.9749279121818236,-0.22252093395631434
2016-11-23 13:00:00,134.5,3.783333333333333,13,2,11,-0.2588190451025208,-0.9659258262890683,0.9749279121818236,-0.22252093395631434
2016-11-23 14:00:00,223.0,4.166666666666667,14,2,11,-0.4999999999999998,-0.8660254037844388,0.9749279121818236,-0.22252093395631434
2016-11-23 15:00:00,274.8333333333333,5.05,15,2,11,-0.7071067811865471,-0.7071067811865479,0.9749279121818236,-0.22252093395631434
2016-11-23 16:00:00,160.16666666666666,3.8333333333333335,16,2,11,-0.8660254037844384,-0.5000000000000004,0.9749279121818236,-0.22252093395631434
2016-11-23 17:00:00,347.6666666666667,4.916666666666667,17,2,11,-0.9659258262890683,-0.25881904510252063,0.9749279121818236,-0.22252093395631434
2016-11-23 18:00:00,511.3333333333333,5.483333333333333,18,2,11,-1.0,-1.8369701987210297e-16,0.9749279121818236,-0.22252093395631434
2016-11-23 19:00:00,294.8333333333333,4.816666666666666,19,2,11,-0.9659258262890684,0.2588190451025203,0.9749279121818236,-0.22252093395631434
2016-11-23 20:00:00,424.0,5.3999999999999995,20,2,11,-0.8660254037844386,0.5000000000000001,0.9749279121818236,-0.22252093395631434
2016-11-23 21:00:00,268.0,4.666666666666667,21,2,11,-0.7071067811865477,0.7071067811865474,0.9749279121818236,-0.22252093395631434
2016-11-23 22:00:00,51.333333333333336,2.9333333333333336,22,2,11,-0.5000000000000004,0.8660254037844384,0.9749279121818236,-0.22252093395631434
2016-11-23 23:00:00,92.16666666666667,3.533333333333333,23,2,11,-0.25881904510252157,0.9659258262890681,0.9749279121818236,-0.22252093395631434
2016-11-24 00:00:00,263.8333333333333,4.55,0,3,11,0.0,1.0,0.43388373911755823,-0.900968867902419
2016-11-24 01:00:00,579.3333333333334,5.6000000000000005,1,3,11,0.25881904510252074,0.9659258262890683,0.43388373911755823,-0.900968867902419
2016-11-24 02:00:00,101.5,3.483333333333334,2,3,11,0.49999999999999994,0.8660254037844387,0.43388373911755823,-0.900968867902419
2016-11-24 03:00:00,92.66666666666667,3.533333333333333,3,3,11,0.7071067811865475,0.7071067811865476,0.43388373911755823,-0.900968867902419
2016-11-24 04:00:00,168.83333333333334,4.05,4,3,11,0.8660254037844386,0.5000000000000001,0.43388373911755823,-0.900968867902419
2016-11-24 05:00:00,259.0,4.666666666666667,5,3,11,0.9659258262890683,0.25881904510252074,0.43388373911755823,-0.900968867902419
2016-11-24 06:00:00,117.0,3.7166666666666663,6,3,11,1.0,6.123233995736766e-17,0.43388373911755823,-0.900968867902419
2016-11-24 07:00:00,1846.3333333333333,8.533333333333333,7,3,11,0.9659258262890683,-0.25881904510252063,0.43388373911755823,-0.900968867902419
2016-11-24 08:00:00,978.8333333333334,6.25,8,3,11,0.8660254037844387,-0.49999999999999983,0.43388373911755823,-0.900968867902419
2016-11-24 09:00:00,2184.0,9.133333333333335,9,3,11,0.7071067811865476,-0.7071067811865475,0.43388373911755823,-0.900968867902419
2016-11-24 10:00:00,832.6666666666666,6.083333333333332,10,3,11,0.49999999999999994,-0.8660254037844387,0.43388373911755823,-0.900968867902419
2016-11-24 11:00:00,451.8333333333333,5.533333333333332,11,3,11,0.258819045102521,-0.9659258262890682,0.43388373911755823,-0.900968867902419
2016-11-24 12:00:00,443.1666666666667,5.383333333333333,12,3,11,1.2246467991473532e-16,-1.0,0.43388373911755823,-0.900968867902419
2016-11-24 13:00:00,724.5,6.833333333333333,13,3,11,-0.2588190451025208,-0.9659258262890683,0.43388373911755823,-0.900968867902419
2016-11-24 14:00:00,698.0,6.149999999999999,14,3,11,-0.4999999999999998,-0.8660254037844388,0.43388373911755823,-0.900968867902419
2016-11-24 15:00:00,755.1666666666666,6.316666666666666,15,3,11,-0.7071067811865471,-0.7071067811865479,0.43388373911755823,-0.900968867902419
2016-11-24 16:00:00,1406.1666666666667,7.466666666666666,16,3,11,-0.8660254037844384,-0.5000000000000004,0.43388373911755823,-0.900968867902419
2016-11-24 17:00:00,727.8333333333334,6.166666666666667,17,3,11,-0.9659258262890683,-0.25881904510252063,0.43388373911755823,-0.900968867902419
2016-11-24 18:00:00,1468.0,8.55,18,3,11,-1.0,-1.8369701987210297e-16,0.43388373911755823,-0.900968867902419
2016-11-24 19:00:00,270.3333333333333,8.433333333333332,19,3,11,-0.9659258262890684,0.2588190451025203,0.43388373911755823,-0.900968867902419
2016-11-24 20:00:00,1551.3333333333333,8.049999999999999,20,3,11,-0.8660254037844386,0.5000000000000001,0.43388373911755823,-0.900968867902419
2016-11-24 21:00:00,1790.0,8.683333333333334,21,3,11,-0.7071067811865477,0.7071067811865474,0.43388373911755823,-0.900968867902419
2016-11-24 22:00:00,1553.8333333333333,8.0,22,3,11,-0.5000000000000004,0.8660254037844384,0.43388373911755823,-0.900968867902419
2016-11-24 23:00:00,1097.0,7.166666666666667,23,3,11,-0.25881904510252157,0.9659258262890681,0.43388373911755823,-0.900968867902419
2016-11-25 00:00:00,1157.3333333333333,7.033333333333334,0,4,11,0.0,1.0,-0.433883739117558,-0.9009688679024191
2016-11-25 01:00:00,1253.5,7.533333333333334,1,4,11,0.25881904510252074,0.9659258262890683,-0.433883739117558,-0.9009688679024191
2016-11-25 02:00:00,1482.6666666666667,8.183333333333332,2,4,11,0.49999999999999994,0.8660254037844387,-0.433883739117558,-0.9009688679024191
2016-11-25 03:00:00,1366.6666666666667,7.916666666666667,3,4,11,0.7071067811865475,0.7071067811865476,-0.433883739117558,-0.9009688679024191
2016-11-25 04:00:00,1362.1666666666667,7.849999999999999,4,4,11,0.8660254037844386,0.5000000000000001,-0.433883739117558,-0.9009688679024191
2016-11-25 05:00:00,1735.0,8.516666666666666,5,4,11,0.9659258262890683,0.25881904510252074,-0.433883739117558,-0.9009688679024191
2016-11-25 06:00:00,1945.3333333333333,8.9,6,4,11,1.0,6.123233995736766e-17,-0.433883739117558,-0.9009688679024191
2016-11-25 07:00:00,2191.1666666666665,9.500000000000002,7,4,11,0.9659258262890683,-0.25881904510252063,-0.433883739117558,-0.9009688679024191
2016-11-25 08:00:00,1523.3333333333333,8.066666666666666,8,4,11,0.8660254037844387,-0.49999999999999983,-0.433883739117558,-0.9009688679024191
2016-11-25 09:00:00,1543.0,8.116666666666667,9,4,11,0.7071067811865476,-0.7071067811865475,-0.433883739117558,-0.9009688679024191
2016-11-25 10:00:00,1416.5,7.849999999999999,10,4,11,0.49999999999999994,-0.8660254037844387,-0.433883739117558,-0.9009688679024191
2016-11-25 11:00:00,2388.8333333333335,10.283333333333333,11,4,11,0.258819045102521,-0.9659258262890682,-0.433883739117558,-0.9009688679024191
2016-11-25 12:00:00,1878.8333333333333,8.950000000000001,12,4,11,1.2246467991473532e-16,-1.0,-0.433883739117558,-0.9009688679024191
2016-11-25 13:00:00,1596.8333333333333,8.4,13,4,11,-0.2588190451025208,-0.9659258262890683,-0.433883739117558,-0.9009688679024191
2016-11-25 14:00:00,1722.8333333333333,8.233333333333333,14,4,11,-0.4999999999999998,-0.8660254037844388,-0.433883739117558,-0.9009688679024191
2016-11-25 15:00:00,2099.3333333333335,9.083333333333334,15,4,11,-0.7071067811865471,-0.7071067811865479,-0.433883739117558,-0.9009688679024191
2016-11-25 16:00:00,833.5,6.449999999999999,16,4,11,-0.8660254037844384,-0.5000000000000004,-0.433883739117558,-0.9009688679024191
2016-11-25 17:00:00,685.8333333333334,6.183333333333334,17,4,11,-0.9659258262890683,-0.25881904510252063,-0.433883739117558,-0.9009688679024191
2016-11-25 18:00:00,974.8333333333334,6.383333333333333,18,4,11,-1.0,-1.8369701987210297e-16,-0.433883739117558,-0.9009688679024191
2016-11-25 19:00:00,863.6666666666666,6.5,19,4,11,-0.9659258262890684,0.2588190451025203,-0.433883739117558,-0.9009688679024191
2016-11-25 20:00:00,493.6666666666667,5.483333333333334,20,4,11,-0.8660254037844386,0.5000000000000001,-0.433883739117558,-0.9009688679024191
2016-11-25 21:00:00,693.3333333333334,6.266666666666666,21,4,11,-0.7071067811865477,0.7071067811865474,-0.433883739117558,-0.9009688679024191
2016-11-25 22:00:00,234.66666666666666,4.633333333333334,22,4,11,-0.5000000000000004,0.8660254037844384,-0.433883739117558,-0.9009688679024191
2016-11-25 23:00:00,338.3333333333333,5.033333333333334,23,4,11,-0.25881904510252157,0.9659258262890681,-0.433883739117558,-0.9009688679024191
2016-11-26 00:00:00,189.0,4.283333333333333,0,5,11,0.0,1.0,-0.9749279121818236,-0.2225209339563146
2016-11-26 01:00:00,377.1666666666667,5.266666666666667,1,5,11,0.25881904510252074,0.9659258262890683,-0.9749279121818236,-0.2225209339563146
2016-11-26 02:00:00,235.0,4.683333333333334,2,5,11,0.49999999999999994,0.8660254037844387,-0.9749279121818236,-0.2225209339563146
2016-11-26 03:00:00,216.33333333333334,4.483333333333333,3,5,11,0.7071067811865475,0.7071067811865476,-0.9749279121818236,-0.2225209339563146
2016-11-26 04:00:00,184.0,4.133333333333334,4,5,11,0.8660254037844386,0.5000000000000001,-0.9749279121818236,-0.2225209339563146
2016-11-26 05:00:00,144.83333333333334,3.766666666666666,5,5,11,0.9659258262890683,0.25881904510252074,-0.9749279121818236,-0.2225209339563146
2016-11-26 06:00:00,92.5,3.4333333333333336,6,5,11,1.0,6.123233995736766e-17,-0.9749279121818236,-0.2225209339563146
2016-11-26 07:00:00,51.833333333333336,2.9500000000000006,7,5,11,0.9659258262890683,-0.25881904510252063,-0.9749279121818236,-0.2225209339563146
2016-11-26 08:00:00,52.666666666666664,3.033333333333333,8,5,11,0.8660254037844387,-0.49999999999999983,-0.9749279121818236,-0.2225209339563146
2016-11-26 09:00:00,45.0,2.966666666666667,9,5,11,0.7071067811865476,-0.7071067811865475,-0.9749279121818236,-0.2225209339563146
2016-11-26 10:00:00,35.833333333333336,2.6333333333333333,10,5,11,0.49999999999999994,-0.8660254037844387,-0.9749279121818236,-0.2225209339563146
2016-11-26 11:00:00,14.0,2.3666666666666667,11,5,11,0.258819045102521,-0.9659258262890682,-0.9749279121818236,-0.2225209339563146
2016-11-26 12:00:00,9.333333333333334,2.183333333333333,12,5,11,1.2246467991473532e-16,-1.0,-0.9749279121818236,-0.2225209339563146
2016-11-26 13:00:00,-1.5,1.1500000000000001,13,5,11,-0.2588190451025208,-0.9659258262890683,-0.9749279121818236,-0.2225209339563146
2016-11-26 14:00:00,-1.5,0.4166666666666667,14,5,11,-0.4999999999999998,-0.8660254037844388,-0.9749279121818236,-0.2225209339563146
2016-11-26 15:00:00,-1.5,0.6,15,5,11,-0.7071067811865471,-0.7071067811865479,-0.9749279121818236,-0.2225209339563146
2016-11-26 16:00:00,-1.3333333333333333,0.6166666666666667,16,5,11,-0.8660254037844384,-0.5000000000000004,-0.9749279121818236,-0.2225209339563146
2016-11-26 17:00:00,-1.1666666666666667,0.9500000000000001,17,5,11,-0.9659258262890683,-0.25881904510252063,-0.9749279121818236,-0.2225209339563146
2016-11-26 18:00:00,14.666666666666666,2.566666666666667,18,5,11,-1.0,-1.8369701987210297e-16,-0.9749279121818236,-0.2225209339563146
2016-11-26 19:00:00,28.833333333333332,2.6,19,5,11,-0.9659258262890684,0.2588190451025203,-0.9749279121818236,-0.2225209339563146
2016-11-26 20:00:00,52.0,3.0,20,5,11,-0.8660254037844386,0.5000000000000001,-0.9749279121818236,-0.2225209339563146
2016-11-26 21:00:00,64.16666666666667,3.216666666666667,21,5,11,-0.7071067811865477,0.7071067811865474,-0.9749279121818236,-0.2225209339563146
2016-11-26 22:00:00,64.66666666666667,3.233333333333333,22,5,11,-0.5000000000000004,0.8660254037844384,-0.9749279121818236,-0.2225209339563146
2016-11-26 23:00:00,120.33333333333333,3.6999999999999997,23,5,11,-0.25881904510252157,0.9659258262890681,-0.9749279121818236,-0.2225209339563146
2016-11-27 00:00:00,130.66666666666666,4.083333333333333,0,6,11,0.0,1.0,-0.7818314824680299,0.6234898018587334
2016-11-27 01:00:00,211.0,4.533333333333332,1,6,11,0.25881904510252074,0.9659258262890683,-0.7818314824680299,0.6234898018587334
2016-11-27 02:00:00,381.1666666666667,5.3,2,6,11,0.49999999999999994,0.8660254037844387,-0.7818314824680299,0.6234898018587334
2016-11-27 03:00:00,411.0,5.166666666666666,3,6,11,0.7071067811865475,0.7071067811865476,-0.7818314824680299,0.6234898018587334
2016-11-27 04:00:00,563.0,5.866666666666666,4,6,11,0.8660254037844386,0.5000000000000001,-0.7818314824680299,0.6234898018587334
2016-11-27 05:00:00,610.1666666666666,6.0,5,6,11,0.9659258262890683,0.25881904510252074,-0.7818314824680299,0.6234898018587334
2016-11-27 06:00:00,470.6666666666667,5.333333333333333,6,6,11,1.0,6.123233995736766e-17,-0.7818314824680299,0.6234898018587334
2016-11-27 07:00:00,300.6666666666667,4.8500000000000005,7,6,11,0.9659258262890683,-0.25881904510252063,-0.7818314824680299,0.6234898018587334
2016-11-27 08:00:00,240.0,4.716666666666667,8,6,11,0.8660254037844387,-0.49999999999999983,-0.7818314824680299,0.6234898018587334
2016-11-27 09:00:00,402.3333333333333,5.2,9,6,11,0.7071067811865476,-0.7071067811865475,-0.7818314824680299,0.6234898018587334
2016-11-27 10:00:00,292.1666666666667,4.833333333333333,10,6,11,0.49999999999999994,-0.8660254037844387,-0.7818314824680299,0.6234898018587334
2016-11-27 11:00:00,290.6666666666667,4.7,11,6,11,0.258819045102521,-0.9659258262890682,-0.7818314824680299,0.6234898018587334
2016-11-27 12:00:00,320.1666666666667,4.966666666666666,12,6,11,1.2246467991473532e-16,-1.0,-0.7818314824680299,0.6234898018587334
2016-11-27 13:00:00,386.8333333333333,5.050000000000001,13,6,11,-0.2588190451025208,-0.9659258262890683,-0.7818314824680299,0.6234898018587334
2016-11-27 14:00:00,360.5,5.283333333333333,14,6,11,-0.4999999999999998,-0.8660254037844388,-0.7818314824680299,0.6234898018587334
2016-11-27 15:00:00,432.1666666666667,5.316666666666666,15,6,11,-0.7071067811865471,-0.7071067811865479,-0.7818314824680299,0.6234898018587334
2016-11-27 16:00:00,260.3333333333333,4.6499999999999995,16,6,11,-0.8660254037844384,-0.5000000000000004,-0.7818314824680299,0.6234898018587334
2016-11-27 17:00:00,236.83333333333334,4.266666666666667,17,6,11,-0.9659258262890683,-0.25881904510252063,-0.7818314824680299,0.6234898018587334
2016-11-27 18:00:00,825.3333333333334,6.516666666666666,18,6,11,-1.0,-1.8369701987210297e-16,-0.7818314824680299,0.6234898018587334
2016-11-27 19:00:00,771.8333333333334,6.333333333333333,19,6,11,-0.9659258262890684,0.2588190451025203,-0.7818314824680299,0.6234898018587334
2016-11-27 20:00:00,484.3333333333333,5.416666666666667,20,6,11,-0.8660254037844386,0.5000000000000001,-0.7818314824680299,0.6234898018587334
2016-11-27 21:00:00,451.5,5.433333333333334,21,6,11,-0.7071067811865477,0.7071067811865474,-0.7818314824680299,0.6234898018587334
2016-11-27 22:00:00,342.6666666666667,4.983333333333333,22,6,11,-0.5000000000000004,0.8660254037844384,-0.7818314824680299,0.6234898018587334
2016-11-27 23:00:00,311.5,4.733333333333333,23,6,11,-0.25881904510252157,0.9659258262890681,-0.7818314824680299,0.6234898018587334
2016-11-28 00:00:00,145.0,3.766666666666666,0,0,11,0.0,1.0,0.0,1.0
2016-11-28 01:00:00,307.0,4.716666666666666,1,0,11,0.25881904510252074,0.9659258262890683,0.0,1.0
2016-11-28 02:00:00,297.1666666666667,4.816666666666667,2,0,11,0.49999999999999994,0.8660254037844387,0.0,1.0
2016-11-28 03:00:00,283.3333333333333,4.583333333333333,3,0,11,0.7071067811865475,0.7071067811865476,0.0,1.0
2016-11-28 04:00:00,110.5,3.633333333333333,4,0,11,0.8660254037844386,0.5000000000000001,0.0,1.0
2016-11-28 05:00:00,75.33333333333333,3.483333333333334,5,0,11,0.9659258262890683,0.25881904510252074,0.0,1.0
2016-11-28 06:00:00,168.83333333333334,3.983333333333333,6,0,11,1.0,6.123233995736766e-17,0.0,1.0
2016-11-28 07:00:00,295.0,4.616666666666666,7,0,11,0.9659258262890683,-0.25881904510252063,0.0,1.0
2016-11-28 08:00:00,1118.6666666666667,6.966666666666668,8,0,11,0.8660254037844387,-0.49999999999999983,0.0,1.0
2016-11-28 09:00:00,1249.5,7.266666666666667,9,0,11,0.7071067811865476,-0.7071067811865475,0.0,1.0
2016-11-28 10:00:00,549.3333333333334,5.666666666666667,10,0,11,0.49999999999999994,-0.8660254037844387,0.0,1.0
2016-11-28 11:00:00,1131.8333333333333,7.0,11,0,11,0.258819045102521,-0.9659258262890682,0.0,1.0
2016-11-28 12:00:00,1682.0,8.283333333333333,12,0,11,1.2246467991473532e-16,-1.0,0.0,1.0
2016-11-28 13:00:00,2091.6666666666665,9.049999999999999,13,0,11,-0.2588190451025208,-0.9659258262890683,0.0,1.0
2016-11-28 14:00:00,1081.3333333333333,7.05,14,0,11,-0.4999999999999998,-0.8660254037844388,0.0,1.0
2016-11-28 15:00:00,1173.6666666666667,7.25,15,0,11,-0.7071067811865471,-0.7071067811865479,0.0,1.0
2016-11-28 16:00:00,897.8333333333334,6.5,16,0,11,-0.8660254037844384,-0.5000000000000004,0.0,1.0
2016-11-28 17:00:00,464.1666666666667,5.416666666666667,17,0,11,-0.9659258262890683,-0.25881904510252063,0.0,1.0
2016-11-28 18:00:00,424.3333333333333,5.316666666666666,18,0,11,-1.0,-1.8369701987210297e-16,0.0,1.0
2016-11-28 19:00:00,751.3333333333334,6.033333333333334,19,0,11,-0.9659258262890684,0.2588190451025203,0.0,1.0
2016-11-28 20:00:00,986.3333333333334,6.6000000000000005,20,0,11,-0.8660254037844386,0.5000000000000001,0.0,1.0
2016-11-28 21:00:00,1075.1666666666667,6.916666666666667,21,0,11,-0.7071067811865477,0.7071067811865474,0.0,1.0
2016-11-28 22:00:00,538.0,5.633333333333333,22,0,11,-0.5000000000000004,0.8660254037844384,0.0,1.0
2016-11-28 23:00:00,336.1666666666667,5.066666666666667,23,0,11,-0.25881904510252157,0.9659258262890681,0.0,1.0
2016-11-29 00:00:00,663.5,5.800000000000001,0,1,11,0.0,1.0,0.7818314824680298,0.6234898018587336
2016-11-29 01:00:00,1058.5,6.8,1,1,11,0.25881904510252074,0.9659258262890683,0.7818314824680298,0.6234898018587336
2016-11-29 02:00:00,1741.1666666666667,8.25,2,1,11,0.49999999999999994,0.8660254037844387,0.7818314824680298,0.6234898018587336
2016-11-29 03:00:00,140.5,6.666666666666665,3,1,11,0.7071067811865475,0.7071067811865476,0.7818314824680298,0.6234898018587336
2016-11-29 04:00:00,561.5,5.833333333333333,4,1,11,0.8660254037844386,0.5000000000000001,0.7818314824680298,0.6234898018587336
2016-11-29 05:00:00,613.6666666666666,5.916666666666667,5,1,11,0.9659258262890683,0.25881904510252074,0.7818314824680298,0.6234898018587336
2016-11-29 06:00:00,35.666666666666664,6.816666666666667,6,1,11,1.0,6.123233995736766e-17,0.7818314824680298,0.6234898018587336
2016-11-29 07:00:00,53.666666666666664,5.866666666666666,7,1,11,0.9659258262890683,-0.25881904510252063,0.7818314824680298,0.6234898018587336
2016-11-29 08:00:00,167.83333333333334,3.85,8,1,11,0.8660254037844387,-0.49999999999999983,0.7818314824680298,0.6234898018587336
2016-11-29 09:00:00,89.5,3.4166666666666665,9,1,11,0.7071067811865476,-0.7071067811865475,0.7818314824680298,0.6234898018587336
2016-11-29 10:00:00,47.833333333333336,2.933333333333333,10,1,11,0.49999999999999994,-0.8660254037844387,0.7818314824680298,0.6234898018587336
2016-11-29 11:00:00,26.0,2.6833333333333336,11,1,11,0.258819045102521,-0.9659258262890682,0.7818314824680298,0.6234898018587336
2016-11-29 12:00:00,7.666666666666667,2.3333333333333335,12,1,11,1.2246467991473532e-16,-1.0,0.7818314824680298,0.6234898018587336
2016-11-29 13:00:00,-2.1666666666666665,1.9000000000000001,13,1,11,-0.2588190451025208,-0.9659258262890683,0.7818314824680298,0.6234898018587336
2016-11-29 14:00:00,-1.8333333333333333,2.0166666666666666,14,1,11,-0.4999999999999998,-0.8660254037844388,0.7818314824680298,0.6234898018587336
2016-11-29 15:00:00,3.1666666666666665,2.0500000000000003,15,1,11,-0.7071067811865471,-0.7071067811865479,0.7818314824680298,0.6234898018587336
2016-11-29 16:00:00,75.83333333333333,3.133333333333333,16,1,11,-0.8660254037844384,-0.5000000000000004,0.7818314824680298,0.6234898018587336
2016-11-29 17:00:00,103.16666666666667,3.6333333333333333,17,1,11,-0.9659258262890683,-0.25881904510252063,0.7818314824680298,0.6234898018587336
2016-11-29 18:00:00,81.33333333333333,3.25,18,1,11,-1.0,-1.8369701987210297e-16,0.7818314824680298,0.6234898018587336
2016-11-29 19:00:00,34.166666666666664,2.5833333333333335,19,1,11,-0.9659258262890684,0.2588190451025203,0.7818314824680298,0.6234898018587336
2016-11-29 20:00:00,16.166666666666668,2.1500000000000004,20,1,11,-0.8660254037844386,0.5000000000000001,0.7818314824680298,0.6234898018587336
2016-11-29 21:00:00,2.0,1.8666666666666665,21,1,11,-0.7071067811865477,0.7071067811865474,0.7818314824680298,0.6234898018587336
2016-11-29 22:00:00,-0.16666666666666666,2.1,22,1,11,-0.5000000000000004,0.8660254037844384,0.7818314824680298,0.6234898018587336
2016-11-29 23:00:00,-0.5,1.5333333333333332,23,1,11,-0.25881904510252157,0.9659258262890681,0.7818314824680298,0.6234898018587336
2016-11-30 00:00:00,-3.8333333333333335,1.5666666666666667,0,2,11,0.0,1.0,0.9749279121818236,-0.22252093395631434
2016-11-30 01:00:00,8.166666666666666,2.3333333333333335,1,2,11,0.25881904510252074,0.9659258262890683,0.9749279121818236,-0.22252093395631434
2016-11-30 02:00:00,29.0,2.5166666666666666,2,2,11,0.49999999999999994,0.8660254037844387,0.9749279121818236,-0.22252093395631434
2016-11-30 03:00:00,34.5,2.8000000000000003,3,2,11,0.7071067811865475,0.7071067811865476,0.9749279121818236,-0.22252093395631434
2016-11-30 04:00:00,85.16666666666667,3.1999999999999997,4,2,11,0.8660254037844386,0.5000000000000001,0.9749279121818236,-0.22252093395631434
2016-11-30 05:00:00,138.33333333333334,3.9000000000000004,5,2,11,0.9659258262890683,0.25881904510252074,0.9749279121818236,-0.22252093395631434
2016-11-30 06:00:00,100.5,3.4,6,2,11,1.0,6.123233995736766e-17,0.9749279121818236,-0.22252093395631434
2016-11-30 07:00:00,114.16666666666667,3.5999999999999996,7,2,11,0.9659258262890683,-0.25881904510252063,0.9749279121818236,-0.22252093395631434
2016-11-30 08:00:00,210.5,4.533333333333334,8,2,11,0.8660254037844387,-0.49999999999999983,0.9749279121818236,-0.22252093395631434
2016-11-30 09:00:00,186.16666666666666,4.216666666666667,9,2,11,0.7071067811865476,-0.7071067811865475,0.9749279121818236,-0.22252093395631434
2016-11-30 10:00:00,244.33333333333334,4.433333333333334,10,2,11,0.49999999999999994,-0.8660254037844387,0.9749279121818236,-0.22252093395631434
2016-11-30 11:00:00,173.0,4.1499999999999995,11,2,11,0.258819045102521,-0.9659258262890682,0.9749279121818236,-0.22252093395631434
2016-11-30 12:00:00,122.66666666666667,3.9000000000000004,12,2,11,1.2246467991473532e-16,-1.0,0.9749279121818236,-0.22252093395631434
2016-11-30 13:00:00,185.16666666666666,4.266666666666667,13,2,11,-0.2588190451025208,-0.9659258262890683,0.9749279121818236,-0.22252093395631434
2016-11-30 14:00:00,289.0,4.800000000000001,14,2,11,-0.4999999999999998,-0.8660254037844388,0.9749279121818236,-0.22252093395631434
2016-11-30 15:00:00,628.8333333333334,5.716666666666668,15,2,11,-0.7071067811865471,-0.7071067811865479,0.9749279121818236,-0.22252093395631434
2016-11-30 16:00:00,921.6666666666666,6.383333333333333,16,2,11,-0.8660254037844384,-0.5000000000000004,0.9749279121818236,-0.22252093395631434
2016-11-30 17:00:00,261.5,4.416666666666667,17,2,11,-0.9659258262890683,-0.25881904510252063,0.9749279121818236,-0.22252093395631434
2016-11-30 18:00:00,1378.0,7.533333333333332,18,2,11,-1.0,-1.8369701987210297e-16,0.9749279121818236,-0.22252093395631434
2016-11-30 19:00:00,1181.1666666666667,7.2,19,2,11,-0.9659258262890684,0.2588190451025203,0.9749279121818236,-0.22252093395631434
2016-11-30 20:00:00,1215.6666666666667,7.45,20,2,11,-0.8660254037844386,0.5000000000000001,0.9749279121818236,-0.22252093395631434
2016-11-30 21:00:00,1320.5,7.366666666666667,21,2,11,-0.7071067811865477,0.7071067811865474,0.9749279121818236,-0.22252093395631434
2016-11-30 22:00:00,1270.5,7.283333333333334,22,2,11,-0.5000000000000004,0.8660254037844384,0.9749279121818236,-0.22252093395631434
2016-11-30 23:00:00,1281.6666666666667,7.583333333333333,23,2,11,-0.25881904510252157,0.9659258262890681,0.9749279121818236,-0.22252093395631434
2016-12-01 00:00:00,1174.8333333333333,7.3,0,3,12,0.0,1.0,0.43388373911755823,-0.900968867902419
2016-12-01 01:00:00,1206.5,7.45,1,3,12,0.25881904510252074,0.9659258262890683,0.43388373911755823,-0.900968867902419
2016-12-01 02:00:00,1295.6666666666667,7.466666666666666,2,3,12,0.49999999999999994,0.8660254037844387,0.43388373911755823,-0.900968867902419
2016-12-01 03:00:00,1253.1666666666667,7.2,3,3,12,0.7071067811865475,0.7071067811865476,0.43388373911755823,-0.900968867902419
2016-12-01 04:00:00,1790.8333333333333,8.483333333333333,4,3,12,0.8660254037844386,0.5000000000000001,0.43388373911755823,-0.900968867902419
2016-12-01 05:00:00,1770.5,8.450000000000001,5,3,12,0.9659258262890683,0.25881904510252074,0.43388373911755823,-0.900968867902419
2016-12-01 06:00:00,1827.6666666666667,8.283333333333333,6,3,12,1.0,6.123233995736766e-17,0.43388373911755823,-0.900968867902419
2016-12-01 07:00:00,1118.0,7.016666666666667,7,3,12,0.9659258262890683,-0.25881904510252063,0.43388373911755823,-0.900968867902419
2016-12-01 08:00:00,903.3333333333334,6.366666666666667,8,3,12,0.8660254037844387,-0.49999999999999983,0.43388373911755823,-0.900968867902419
2016-12-01 09:00:00,1261.0,7.116666666666667,9,3,12,0.7071067811865476,-0.7071067811865475,0.43388373911755823,-0.900968867902419
2016-12-01 10:00:00,2260.5,9.5,10,3,12,0.49999999999999994,-0.8660254037844387,0.43388373911755823,-0.900968867902419
2016-12-01 11:00:00,2710.3333333333335,10.283333333333333,11,3,12,0.258819045102521,-0.9659258262890682,0.43388373911755823,-0.900968867902419
2016-12-01 12:00:00,1338.3333333333333,7.5,12,3,12,1.2246467991473532e-16,-1.0,0.43388373911755823,-0.900968867902419
2016-12-01 13:00:00,1135.1666666666667,7.116666666666667,13,3,12,-0.2588190451025208,-0.9659258262890683,0.43388373911755823,-0.900968867902419
2016-12-01 14:00:00,1744.1666666666667,8.366666666666667,14,3,12,-0.4999999999999998,-0.8660254037844388,0.43388373911755823,-0.900968867902419
2016-12-01 15:00:00,2440.8333333333335,10.033333333333333,15,3,12,-0.7071067811865471,-0.7071067811865479,0.43388373911755823,-0.900968867902419
2016-12-01 16:00:00,1967.0,8.883333333333335,16,3,12,-0.8660254037844384,-0.5000000000000004,0.43388373911755823,-0.900968867902419
2016-12-01 17:00:00,2139.5,9.3,17,3,12,-0.9659258262890683,-0.25881904510252063,0.43388373911755823,-0.900968867902419
2016-12-01 18:00:00,1842.0,8.65,18,3,12,-1.0,-1.8369701987210297e-16,0.43388373911755823,-0.900968867902419
2016-12-01 19:00:00,2084.5,8.716666666666667,19,3,12,-0.9659258262890684,0.2588190451025203,0.43388373911755823,-0.900968867902419
2016-12-01 20:00:00,1816.0,8.700000000000001,20,3,12,-0.8660254037844386,0.5000000000000001,0.43388373911755823,-0.900968867902419
2016-12-01 21:00:00,1780.0,8.5,21,3,12,-0.7071067811865477,0.7071067811865474,0.43388373911755823,-0.900968867902419
2016-12-01 22:00:00,2607.1666666666665,10.216666666666667,22,3,12,-0.5000000000000004,0.8660254037844384,0.43388373911755823,-0.900968867902419
2016-12-01 23:00:00,2767.6666666666665,10.583333333333334,23,3,12,-0.25881904510252157,0.9659258262890681,0.43388373911755823,-0.900968867902419
2016-12-02 00:00:00,2002.8333333333333,8.533333333333333,0,4,12,0.0,1.0,-0.433883739117558,-0.9009688679024191
2016-12-02 01:00:00,1874.8333333333333,8.766666666666666,1,4,12,0.25881904510252074,0.9659258262890683,-0.433883739117558,-0.9009688679024191
2016-12-02 02:00:00,2398.3333333333335,9.766666666666666,2,4,12,0.49999999999999994,0.8660254037844387,-0.433883739117558,-0.9009688679024191
2016-12-02 03:00:00,2919.1666666666665,11.216666666666667,3,4,12,0.7071067811865475,0.7071067811865476,-0.433883739117558,-0.9009688679024191
2016-12-02 04:00:00,2460.6666666666665,9.933333333333334,4,4,12,0.8660254037844386,0.5000000000000001,-0.433883739117558,-0.9009688679024191
2016-12-02 05:00:00,2075.5,9.049999999999999,5,4,12,0.9659258262890683,0.25881904510252074,-0.433883739117558,-0.9009688679024191
2016-12-02 06:00:00,2593.0,10.483333333333333,6,4,12,1.0,6.123233995736766e-17,-0.433883739117558,-0.9009688679024191
2016-12-02 07:00:00,3017.3333333333335,11.466666666666669,7,4,12,0.9659258262890683,-0.25881904510252063,-0.433883739117558,-0.9009688679024191
2016-12-02 08:00:00,2598.3333333333335,10.316666666666668,8,4,12,0.8660254037844387,-0.49999999999999983,-0.433883739117558,-0.9009688679024191
2016-12-02 09:00:00,2360.1666666666665,10.116666666666665,9,4,12,0.7071067811865476,-0.7071067811865475,-0.433883739117558,-0.9009688679024191
2016-12-02 10:00:00,1099.5,7.166666666666667,10,4,12,0.49999999999999994,-0.8660254037844387,-0.433883739117558,-0.9009688679024191
2016-12-02 11:00:00,852.3333333333334,6.383333333333333,11,4,12,0.258819045102521,-0.9659258262890682,-0.433883739117558,-0.9009688679024191
2016-12-02 12:00:00,1066.8333333333333,6.8,12,4,12,1.2246467991473532e-16,-1.0,-0.433883739117558,-0.9009688679024191
2016-12-02 13:00:00,176.16666666666666,4.183333333333333,13,4,12,-0.2588190451025208,-0.9659258262890683,-0.433883739117558,-0.9009688679024191
2016-12-02 14:00:00,113.5,3.633333333333334,14,4,12,-0.4999999999999998,-0.8660254037844388,-0.433883739117558,-0.9009688679024191
2016-12-02 15:00:00,42.166666666666664,3.016666666666666,15,4,12,-0.7071067811865471,-0.7071067811865479,-0.433883739117558,-0.9009688679024191
2016-12-02 16:00:00,34.333333333333336,2.6500000000000004,16,4,12,-0.8660254037844384,-0.5000000000000004,-0.433883739117558,-0.9009688679024191
2016-12-02 17:00:00,272.8333333333333,4.616666666666666,17,4,12,-0.9659258262890683,-0.25881904510252063,-0.433883739117558,-0.9009688679024191
2016-12-02 18:00:00,167.66666666666666,3.966666666666667,18,4,12,-1.0,-1.8369701987210297e-16,-0.433883739117558,-0.9009688679024191
2016-12-02 19:00:00,305.8333333333333,4.633333333333334,19,4,12,-0.9659258262890684,0.2588190451025203,-0.433883739117558,-0.9009688679024191
2016-12-02 20:00:00,396.8333333333333,5.083333333333333,20,4,12,-0.8660254037844386,0.5000000000000001,-0.433883739117558,-0.9009688679024191
2016-12-02 21:00:00,207.66666666666666,4.5,21,4,12,-0.7071067811865477,0.7071067811865474,-0.433883739117558,-0.9009688679024191
2016-12-02 22:00:00,71.33333333333333,3.216666666666667,22,4,12,-0.5000000000000004,0.8660254037844384,-0.433883739117558,-0.9009688679024191
2016-12-02 23:00:00,78.83333333333333,3.233333333333333,23,4,12,-0.25881904510252157,0.9659258262890681,-0.433883739117558,-0.9009688679024191
2016-12-03 00:00:00,90.66666666666667,3.3166666666666664,0,5,12,0.0,1.0,-0.9749279121818236,-0.2225209339563146
2016-12-03 01:00:00,147.66666666666666,3.8000000000000003,1,5,12,0.25881904510252074,0.9659258262890683,-0.9749279121818236,-0.2225209339563146
2016-12-03 02:00:00,118.16666666666667,3.5999999999999996,2,5,12,0.49999999999999994,0.8660254037844387,-0.9749279121818236,-0.2225209339563146
2016-12-03 03:00:00,202.33333333333334,4.333333333333334,3,5,12,0.7071067811865475,0.7071067811865476,-0.9749279121818236,-0.2225209339563146
2016-12-03 04:00:00,171.5,4.1499999999999995,4,5,12,0.8660254037844386,0.5000000000000001,-0.9749279121818236,-0.2225209339563146
2016-12-03 05:00:00,164.0,4.266666666666667,5,5,12,0.9659258262890683,0.25881904510252074,-0.9749279121818236,-0.2225209339563146
2016-12-03 06:00:00,190.5,4.3999999999999995,6,5,12,1.0,6.123233995736766e-17,-0.9749279121818236,-0.2225209339563146
2016-12-03 07:00:00,178.83333333333334,4.133333333333333,7,5,12,0.9659258262890683,-0.25881904510252063,-0.9749279121818236,-0.2225209339563146
2016-12-03 08:00:00,396.1666666666667,5.316666666666667,8,5,12,0.8660254037844387,-0.49999999999999983,-0.9749279121818236,-0.2225209339563146
2016-12-03 09:00:00,522.6666666666666,5.683333333333334,9,5,12,0.7071067811865476,-0.7071067811865475,-0.9749279121818236,-0.2225209339563146
2016-12-03 10:00:00,480.6666666666667,5.6000000000000005,10,5,12,0.49999999999999994,-0.8660254037844387,-0.9749279121818236,-0.2225209339563146
2016-12-03 11:00:00,344.6666666666667,5.066666666666667,11,5,12,0.258819045102521,-0.9659258262890682,-0.9749279121818236,-0.2225209339563146
2016-12-03 12:00:00,242.5,4.4833333333333325,12,5,12,1.2246467991473532e-16,-1.0,-0.9749279121818236,-0.2225209339563146
2016-12-03 13:00:00,82.33333333333333,3.383333333333333,13,5,12,-0.2588190451025208,-0.9659258262890683,-0.9749279121818236,-0.2225209339563146
2016-12-03 14:00:00,197.0,4.116666666666666,14,5,12,-0.4999999999999998,-0.8660254037844388,-0.9749279121818236,-0.2225209339563146
2016-12-03 15:00:00,157.0,3.8166666666666664,15,5,12,-0.7071067811865471,-0.7071067811865479,-0.9749279121818236,-0.2225209339563146
2016-12-03 16:00:00,353.3333333333333,4.933333333333333,16,5,12,-0.8660254037844384,-0.5000000000000004,-0.9749279121818236,-0.2225209339563146
2016-12-03 17:00:00,382.0,5.166666666666666,17,5,12,-0.9659258262890683,-0.25881904510252063,-0.9749279121818236,-0.2225209339563146
2016-12-03 18:00:00,438.5,4.916666666666667,18,5,12,-1.0,-1.8369701987210297e-16,-0.9749279121818236,-0.2225209339563146
2016-12-03 19:00:00,918.5,6.816666666666666,19,5,12,-0.9659258262890684,0.2588190451025203,-0.9749279121818236,-0.2225209339563146
2016-12-03 20:00:00,632.8333333333334,5.833333333333333,20,5,12,-0.8660254037844386,0.5000000000000001,-0.9749279121818236,-0.2225209339563146
2016-12-03 21:00:00,320.6666666666667,4.7,21,5,12,-0.7071067811865477,0.7071067811865474,-0.9749279121818236,-0.2225209339563146
2016-12-03 22:00:00,500.1666666666667,5.533333333333334,22,5,12,-0.5000000000000004,0.8660254037844384,-0.9749279121818236,-0.2225209339563146
2016-12-03 23:00:00,315.1666666666667,5.216666666666667,23,5,12,-0.25881904510252157,0.9659258262890681,-0.9749279121818236,-0.2225209339563146
2016-12-04 00:00:00,107.0,3.65,0,6,12,0.0,1.0,-0.7818314824680299,0.6234898018587334
2016-12-04 01:00:00,224.16666666666666,4.433333333333334,1,6,12,0.25881904510252074,0.9659258262890683,-0.7818314824680299,0.6234898018587334
2016-12-04 02:00:00,238.0,4.533333333333334,2,6,12,0.49999999999999994,0.8660254037844387,-0.7818314824680299,0.6234898018587334
2016-12-04 03:00:00,303.6666666666667,4.633333333333334,3,6,12,0.7071067811865475,0.7071067811865476,-0.7818314824680299,0.6234898018587334
2016-12-04 04:00:00,223.66666666666666,4.749999999999999,4,6,12,0.8660254037844386,0.5000000000000001,-0.7818314824680299,0.6234898018587334
2016-12-04 05:00:00,138.16666666666666,3.5833333333333335,5,6,12,0.9659258262890683,0.25881904510252074,-0.7818314824680299,0.6234898018587334
2016-12-04 06:00:00,174.5,3.9333333333333336,6,6,12,1.0,6.123233995736766e-17,-0.7818314824680299,0.6234898018587334
2016-12-04 07:00:00,151.83333333333334,3.766666666666667,7,6,12,0.9659258262890683,-0.25881904510252063,-0.7818314824680299,0.6234898018587334
2016-12-04 08:00:00,70.66666666666667,3.216666666666667,8,6,12,0.8660254037844387,-0.49999999999999983,-0.7818314824680299,0.6234898018587334
2016-12-04 09:00:00,67.33333333333333,3.1333333333333333,9,6,12,0.7071067811865476,-0.7071067811865475,-0.7818314824680299,0.6234898018587334
2016-12-04 10:00:00,78.83333333333333,3.4499999999999997,10,6,12,0.49999999999999994,-0.8660254037844387,-0.7818314824680299,0.6234898018587334
2016-12-04 11:00:00,38.0,2.6833333333333336,11,6,12,0.258819045102521,-0.9659258262890682,-0.7818314824680299,0.6234898018587334
2016-12-04 12:00:00,47.833333333333336,2.9000000000000004,12,6,12,1.2246467991473532e-16,-1.0,-0.7818314824680299,0.6234898018587334
2016-12-04 13:00:00,24.666666666666668,2.5499999999999994,13,6,12,-0.2588190451025208,-0.9659258262890683,-0.7818314824680299,0.6234898018587334
2016-12-04 14:00:00,40.833333333333336,2.816666666666667,14,6,12,-0.4999999999999998,-0.8660254037844388,-0.7818314824680299,0.6234898018587334
2016-12-04 15:00:00,67.66666666666667,3.0666666666666664,15,6,12,-0.7071067811865471,-0.7071067811865479,-0.7818314824680299,0.6234898018587334
2016-12-04 16:00:00,125.33333333333333,3.7000000000000006,16,6,12,-0.8660254037844384,-0.5000000000000004,-0.7818314824680299,0.6234898018587334
2016-12-04 17:00:00,274.3333333333333,4.516666666666667,17,6,12,-0.9659258262890683,-0.25881904510252063,-0.7818314824680299,0.6234898018587334
2016-12-04 18:00:00,352.8333333333333,4.916666666666667,18,6,12,-1.0,-1.8369701987210297e-16,-0.7818314824680299,0.6234898018587334
2016-12-04 19:00:00,171.0,3.983333333333333,19,6,12,-0.9659258262890684,0.2588190451025203,-0.7818314824680299,0.6234898018587334
2016-12-04 20:00:00,283.1666666666667,5.083333333333333,20,6,12,-0.8660254037844386,0.5000000000000001,-0.7818314824680299,0.6234898018587334
2016-12-04 21:00:00,213.83333333333334,4.266666666666667,21,6,12,-0.7071067811865477,0.7071067811865474,-0.7818314824680299,0.6234898018587334
2016-12-04 22:00:00,119.16666666666667,3.6666666666666665,22,6,12,-0.5000000000000004,0.8660254037844384,-0.7818314824680299,0.6234898018587334
2016-12-04 23:00:00,198.66666666666666,4.216666666666668,23,6,12,-0.25881904510252157,0.9659258262890681,-0.7818314824680299,0.6234898018587334
2016-12-05 00:00:00,257.0,4.633333333333334,0,0,12,0.0,1.0,0.0,1.0
2016-12-05 01:00:00,325.6666666666667,4.95,1,0,12,0.25881904510252074,0.9659258262890683,0.0,1.0
2016-12-05 02:00:00,127.5,3.5833333333333326,2,0,12,0.49999999999999994,0.8660254037844387,0.0,1.0
2016-12-05 03:00:00,160.0,3.8333333333333326,3,0,12,0.7071067811865475,0.7071067811865476,0.0,1.0
2016-12-05 04:00:00,425.0,5.333333333333333,4,0,12,0.8660254037844386,0.5000000000000001,0.0,1.0
2016-12-05 05:00:00,255.0,4.499999999999999,5,0,12,0.9659258262890683,0.25881904510252074,0.0,1.0
2016-12-05 06:00:00,114.0,3.5833333333333335,6,0,12,1.0,6.123233995736766e-17,0.0,1.0
2016-12-05 07:00:00,131.83333333333334,3.6999999999999997,7,0,12,0.9659258262890683,-0.25881904510252063,0.0,1.0
2016-12-05 08:00:00,281.0,4.6,8,0,12,0.8660254037844387,-0.49999999999999983,0.0,1.0
2016-12-05 09:00:00,216.33333333333334,4.25,9,0,12,0.7071067811865476,-0.7071067811865475,0.0,1.0
2016-12-05 10:00:00,77.66666666666667,3.3499999999999996,10,0,12,0.49999999999999994,-0.8660254037844387,0.0,1.0
2016-12-05 11:00:00,25.833333333333332,2.6166666666666663,11,0,12,0.258819045102521,-0.9659258262890682,0.0,1.0
2016-12-05 12:00:00,4.833333333333333,2.2166666666666663,12,0,12,1.2246467991473532e-16,-1.0,0.0,1.0
2016-12-05 13:00:00,-0.5,2.05,13,0,12,-0.2588190451025208,-0.9659258262890683,0.0,1.0
2016-12-05 14:00:00,8.0,2.2833333333333337,14,0,12,-0.4999999999999998,-0.8660254037844388,0.0,1.0
2016-12-05 15:00:00,4.0,2.2666666666666666,15,0,12,-0.7071067811865471,-0.7071067811865479,0.0,1.0
2016-12-05 16:00:00,-4.5,1.8666666666666665,16,0,12,-0.8660254037844384,-0.5000000000000004,0.0,1.0
2016-12-05 17:00:00,-5.333333333333333,2.0666666666666664,17,0,12,-0.9659258262890683,-0.25881904510252063,0.0,1.0
2016-12-05 18:00:00,-5.166666666666667,1.75,18,0,12,-1.0,-1.8369701987210297e-16,0.0,1.0
2016-12-05 19:00:00,-5.5,1.7333333333333334,19,0,12,-0.9659258262890684,0.2588190451025203,0.0,1.0
2016-12-05 20:00:00,-5.166666666666667,1.6833333333333333,20,0,12,-0.8660254037844386,0.5000000000000001,0.0,1.0
2016-12-05 21:00:00,-5.0,0.9333333333333335,21,0,12,-0.7071067811865477,0.7071067811865474,0.0,1.0
2016-12-05 22:00:00,-5.0,1.2833333333333334,22,0,12,-0.5000000000000004,0.8660254037844384,0.0,1.0
2016-12-05 23:00:00,-5.666666666666667,1.1666666666666667,23,0,12,-0.25881904510252157,0.9659258262890681,0.0,1.0
2016-12-06 00:00:00,-4.666666666666667,0.7666666666666667,0,1,12,0.0,1.0,0.7818314824680298,0.6234898018587336
2016-12-06 01:00:00,-5.166666666666667,0.45,1,1,12,0.25881904510252074,0.9659258262890683,0.7818314824680298,0.6234898018587336
2016-12-06 02:00:00,-4.166666666666667,0.6333333333333333,2,1,12,0.49999999999999994,0.8660254037844387,0.7818314824680298,0.6234898018587336
2016-12-06 03:00:00,-5.0,0.6666666666666666,3,1,12,0.7071067811865475,0.7071067811865476,0.7818314824680298,0.6234898018587336
2016-12-06 04:00:00,-5.166666666666667,0.8999999999999999,4,1,12,0.8660254037844386,0.5000000000000001,0.7818314824680298,0.6234898018587336
2016-12-06 05:00:00,-4.833333333333333,0.8166666666666665,5,1,12,0.9659258262890683,0.25881904510252074,0.7818314824680298,0.6234898018587336
2016-12-06 06:00:00,-5.666666666666667,0.7166666666666668,6,1,12,1.0,6.123233995736766e-17,0.7818314824680298,0.6234898018587336
2016-12-06 07:00:00,-4.666666666666667,0.6166666666666666,7,1,12,0.9659258262890683,-0.25881904510252063,0.7818314824680298,0.6234898018587336
2016-12-06 08:00:00,-5.0,0.9,8,1,12,0.8660254037844387,-0.49999999999999983,0.7818314824680298,0.6234898018587336
2016-12-06 09:00:00,-4.5,0.9666666666666667,9,1,12,0.7071067811865476,-0.7071067811865475,0.7818314824680298,0.6234898018587336
2016-12-06 10:00:00,-5.666666666666667,0.8833333333333334,10,1,12,0.49999999999999994,-0.8660254037844387,0.7818314824680298,0.6234898018587336
2016-12-06 11:00:00,-5.5,0.75,11,1,12,0.258819045102521,-0.9659258262890682,0.7818314824680298,0.6234898018587336
2016-12-06 12:00:00,-4.833333333333333,1.0666666666666667,12,1,12,1.2246467991473532e-16,-1.0,0.7818314824680298,0.6234898018587336
2016-12-06 13:00:00,-4.833333333333333,1.1666666666666667,13,1,12,-0.2588190451025208,-0.9659258262890683,0.7818314824680298,0.6234898018587336
2016-12-06 14:00:00,-6.0,1.2333333333333334,14,1,12,-0.4999999999999998,-0.8660254037844388,0.7818314824680298,0.6234898018587336
2016-12-06 15:00:00,-4.833333333333333,1.5999999999999999,15,1,12,-0.7071067811865471,-0.7071067811865479,0.7818314824680298,0.6234898018587336
2016-12-06 16:00:00,-5.333333333333333,1.9166666666666663,16,1,12,-0.8660254037844384,-0.5000000000000004,0.7818314824680298,0.6234898018587336
2016-12-06 17:00:00,-6.5,2.1166666666666667,17,1,12,-0.9659258262890683,-0.25881904510252063,0.7818314824680298,0.6234898018587336
2016-12-06 18:00:00,-5.5,1.633333333333333,18,1,12,-1.0,-1.8369701987210297e-16,0.7818314824680298,0.6234898018587336
2016-12-06 19:00:00,-5.666666666666667,1.5333333333333332,19,1,12,-0.9659258262890684,0.2588190451025203,0.7818314824680298,0.6234898018587336
2016-12-06 20:00:00,-5.666666666666667,1.9833333333333334,20,1,12,-0.8660254037844386,0.5000000000000001,0.7818314824680298,0.6234898018587336
2016-12-06 21:00:00,-5.666666666666667,2.1333333333333333,21,1,12,-0.7071067811865477,0.7071067811865474,0.7818314824680298,0.6234898018587336
2016-12-06 22:00:00,-5.833333333333333,2.35,22,1,12,-0.5000000000000004,0.8660254037844384,0.7818314824680298,0.6234898018587336
2016-12-06 23:00:00,-5.666666666666667,2.2166666666666663,23,1,12,-0.25881904510252157,0.9659258262890681,0.7818314824680298,0.6234898018587336
2016-12-07 00:00:00,-5.666666666666667,2.3000000000000003,0,2,12,0.0,1.0,0.9749279121818236,-0.22252093395631434
2016-12-07 01:00:00,-5.166666666666667,2.033333333333333,1,2,12,0.25881904510252074,0.9659258262890683,0.9749279121818236,-0.22252093395631434
2016-12-07 02:00:00,-6.0,2.0,2,2,12,0.49999999999999994,0.8660254037844387,0.9749279121818236,-0.22252093395631434
2016-12-07 03:00:00,-5.833333333333333,2.0500000000000003,3,2,12,0.7071067811865475,0.7071067811865476,0.9749279121818236,-0.22252093395631434
2016-12-07 04:00:00,-5.0,2.066666666666667,4,2,12,0.8660254037844386,0.5000000000000001,0.9749279121818236,-0.22252093395631434
2016-12-07 05:00:00,-6.833333333333333,2.2,5,2,12,0.9659258262890683,0.25881904510252074,0.9749279121818236,-0.22252093395631434
2016-12-07 06:00:00,-5.666666666666667,2.0833333333333335,6,2,12,1.0,6.123233995736766e-17,0.9749279121818236,-0.22252093395631434
2016-12-07 07:00:00,-5.5,1.9666666666666668,7,2,12,0.9659258262890683,-0.25881904510252063,0.9749279121818236,-0.22252093395631434
2016-12-07 08:00:00,-6.0,2.65,8,2,12,0.8660254037844387,-0.49999999999999983,0.9749279121818236,-0.22252093395631434
2016-12-07 09:00:00,-5.166666666666667,2.733333333333333,9,2,12,0.7071067811865476,-0.7071067811865475,0.9749279121818236,-0.22252093395631434
2016-12-07 10:00:00,-6.5,1.9166666666666667,10,2,12,0.49999999999999994,-0.8660254037844387,0.9749279121818236,-0.22252093395631434
2016-12-07 11:00:00,-7.166666666666667,1.5833333333333333,11,2,12,0.258819045102521,-0.9659258262890682,0.9749279121818236,-0.22252093395631434
2016-12-07 12:00:00,-8.0,1.6833333333333333,12,2,12,1.2246467991473532e-16,-1.0,0.9749279121818236,-0.22252093395631434
2016-12-07 13:00:00,-6.833333333333333,1.6666666666666667,13,2,12,-0.2588190451025208,-0.9659258262890683,0.9749279121818236,-0.22252093395631434
2016-12-07 14:00:00,-6.666666666666667,1.8333333333333333,14,2,12,-0.4999999999999998,-0.8660254037844388,0.9749279121818236,-0.22252093395631434
2016-12-07 15:00:00,-6.5,1.4833333333333334,15,2,12,-0.7071067811865471,-0.7071067811865479,0.9749279121818236,-0.22252093395631434
2016-12-07 16:00:00,-8.0,1.4000000000000001,16,2,12,-0.8660254037844384,-0.5000000000000004,0.9749279121818236,-0.22252093395631434
2016-12-07 17:00:00,-5.666666666666667,1.4000000000000001,17,2,12,-0.9659258262890683,-0.25881904510252063,0.9749279121818236,-0.22252093395631434
2016-12-07 18:00:00,-5.833333333333333,2.1666666666666665,18,2,12,-1.0,-1.8369701987210297e-16,0.9749279121818236,-0.22252093395631434
2016-12-07 19:00:00,-5.666666666666667,1.6166666666666665,19,2,12,-0.9659258262890684,0.2588190451025203,0.9749279121818236,-0.22252093395631434
2016-12-07 20:00:00,-5.666666666666667,1.1333333333333333,20,2,12,-0.8660254037844386,0.5000000000000001,0.9749279121818236,-0.22252093395631434
2016-12-07 21:00:00,-5.833333333333333,1.4500000000000002,21,2,12,-0.7071067811865477,0.7071067811865474,0.9749279121818236,-0.22252093395631434
2016-12-07 22:00:00,-5.5,1.2000000000000002,22,2,12,-0.5000000000000004,0.8660254037844384,0.9749279121818236,-0.22252093395631434
2016-12-07 23:00:00,-5.833333333333333,2.0833333333333335,23,2,12,-0.25881904510252157,0.9659258262890681,0.9749279121818236,-0.22252093395631434
2016-12-08 00:00:00,-6.666666666666667,1.4500000000000002,0,3,12,0.0,1.0,0.43388373911755823,-0.900968867902419
2016-12-08 01:00:00,-5.833333333333333,1.4833333333333334,1,3,12,0.25881904510252074,0.9659258262890683,0.43388373911755823,-0.900968867902419
2016-12-08 02:00:00,-6.166666666666667,1.7166666666666666,2,3,12,0.49999999999999994,0.8660254037844387,0.43388373911755823,-0.900968867902419
2016-12-08 03:00:00,-5.833333333333333,2.466666666666667,3,3,12,0.7071067811865475,0.7071067811865476,0.43388373911755823,-0.900968867902419
2016-12-08 04:00:00,-5.833333333333333,1.3333333333333333,4,3,12,0.8660254037844386,0.5000000000000001,0.43388373911755823,-0.900968867902419
2016-12-08 05:00:00,-7.333333333333333,2.1333333333333333,5,3,12,0.9659258262890683,0.25881904510252074,0.43388373911755823,-0.900968867902419
2016-12-08 06:00:00,-5.666666666666667,1.933333333333333,6,3,12,1.0,6.123233995736766e-17,0.43388373911755823,-0.900968867902419
2016-12-08 07:00:00,-6.0,2.216666666666667,7,3,12,0.9659258262890683,-0.25881904510252063,0.43388373911755823,-0.900968867902419
2016-12-08 08:00:00,-6.166666666666667,1.5666666666666667,8,3,12,0.8660254037844387,-0.49999999999999983,0.43388373911755823,-0.900968867902419
2016-12-08 09:00:00,-7.0,1.4333333333333333,9,3,12,0.7071067811865476,-0.7071067811865475,0.43388373911755823,-0.900968867902419
2016-12-08 10:00:00,-8.5,1.7166666666666668,10,3,12,0.49999999999999994,-0.8660254037844387,0.43388373911755823,-0.900968867902419
2016-12-08 11:00:00,-6.0,2.6166666666666667,11,3,12,0.258819045102521,-0.9659258262890682,0.43388373911755823,-0.900968867902419
2016-12-08 12:00:00,-6.833333333333333,2.1666666666666665,12,3,12,1.2246467991473532e-16,-1.0,0.43388373911755823,-0.900968867902419
2016-12-08 13:00:00,-6.333333333333333,3.5833333333333326,13,3,12,-0.2588190451025208,-0.9659258262890683,0.43388373911755823,-0.900968867902419
2016-12-08 14:00:00,-5.5,3.1166666666666667,14,3,12,-0.4999999999999998,-0.8660254037844388,0.43388373911755823,-0.900968867902419
2016-12-08 15:00:00,-5.666666666666667,1.1333333333333333,15,3,12,-0.7071067811865471,-0.7071067811865479,0.43388373911755823,-0.900968867902419
2016-12-08 16:00:00,-8.833333333333334,1.6166666666666665,16,3,12,-0.8660254037844384,-0.5000000000000004,0.43388373911755823,-0.900968867902419
2016-12-08 17:00:00,-4.666666666666667,2.8166666666666664,17,3,12,-0.9659258262890683,-0.25881904510252063,0.43388373911755823,-0.900968867902419
2016-12-08 18:00:00,237.66666666666666,4.6000000000000005,18,3,12,-1.0,-1.8369701987210297e-16,0.43388373911755823,-0.900968867902419
2016-12-08 19:00:00,403.3333333333333,5.1000000000000005,19,3,12,-0.9659258262890684,0.2588190451025203,0.43388373911755823,-0.900968867902419
2016-12-08 20:00:00,432.3333333333333,5.516666666666666,20,3,12,-0.8660254037844386,0.5000000000000001,0.43388373911755823,-0.900968867902419
2016-12-08 21:00:00,299.6666666666667,4.633333333333334,21,3,12,-0.7071067811865477,0.7071067811865474,0.43388373911755823,-0.900968867902419
2016-12-08 22:00:00,587.0,5.783333333333332,22,3,12,-0.5000000000000004,0.8660254037844384,0.43388373911755823,-0.900968867902419
2016-12-08 23:00:00,1017.0,6.766666666666667,23,3,12,-0.25881904510252157,0.9659258262890681,0.43388373911755823,-0.900968867902419
2016-12-09 00:00:00,575.6666666666666,5.3999999999999995,0,4,12,0.0,1.0,-0.433883739117558,-0.9009688679024191
2016-12-09 01:00:00,674.1666666666666,6.2,1,4,12,0.25881904510252074,0.9659258262890683,-0.433883739117558,-0.9009688679024191
2016-12-09 02:00:00,706.6666666666666,6.116666666666666,2,4,12,0.49999999999999994,0.8660254037844387,-0.433883739117558,-0.9009688679024191
2016-12-09 03:00:00,386.8333333333333,4.833333333333333,3,4,12,0.7071067811865475,0.7071067811865476,-0.433883739117558,-0.9009688679024191
2016-12-09 04:00:00,297.8333333333333,4.633333333333333,4,4,12,0.8660254037844386,0.5000000000000001,-0.433883739117558,-0.9009688679024191
2016-12-09 05:00:00,234.16666666666666,4.566666666666666,5,4,12,0.9659258262890683,0.25881904510252074,-0.433883739117558,-0.9009688679024191
2016-12-09 06:00:00,172.33333333333334,4.016666666666667,6,4,12,1.0,6.123233995736766e-17,-0.433883739117558,-0.9009688679024191
2016-12-09 07:00:00,227.5,4.6000000000000005,7,4,12,0.9659258262890683,-0.25881904510252063,-0.433883739117558,-0.9009688679024191
2016-12-09 08:00:00,229.66666666666666,4.616666666666666,8,4,12,0.8660254037844387,-0.49999999999999983,-0.433883739117558,-0.9009688679024191
2016-12-09 09:00:00,318.5,4.966666666666668,9,4,12,0.7071067811865476,-0.7071067811865475,-0.433883739117558,-0.9009688679024191
2016-12-09 10:00:00,483.0,5.383333333333333,10,4,12,0.49999999999999994,-0.8660254037844387,-0.433883739117558,-0.9009688679024191
2016-12-09 11:00:00,451.8333333333333,5.083333333333333,11,4,12,0.258819045102521,-0.9659258262890682,-0.433883739117558,-0.9009688679024191
2016-12-09 12:00:00,393.0,5.183333333333334,12,4,12,1.2246467991473532e-16,-1.0,-0.433883739117558,-0.9009688679024191
2016-12-09 13:00:00,697.8333333333334,6.083333333333333,13,4,12,-0.2588190451025208,-0.9659258262890683,-0.433883739117558,-0.9009688679024191
2016-12-09 14:00:00,646.1666666666666,5.933333333333333,14,4,12,-0.4999999999999998,-0.8660254037844388,-0.433883739117558,-0.9009688679024191
2016-12-09 15:00:00,608.1666666666666,5.6000000000000005,15,4,12,-0.7071067811865471,-0.7071067811865479,-0.433883739117558,-0.9009688679024191
2016-12-09 16:00:00,510.0,5.7,16,4,12,-0.8660254037844384,-0.5000000000000004,-0.433883739117558,-0.9009688679024191
2016-12-09 17:00:00,529.3333333333334,5.533333333333334,17,4,12,-0.9659258262890683,-0.25881904510252063,-0.433883739117558,-0.9009688679024191
2016-12-09 18:00:00,172.33333333333334,4.066666666666666,18,4,12,-1.0,-1.8369701987210297e-16,-0.433883739117558,-0.9009688679024191
2016-12-09 19:00:00,70.66666666666667,3.2000000000000006,19,4,12,-0.9659258262890684,0.2588190451025203,-0.433883739117558,-0.9009688679024191
2016-12-09 20:00:00,156.33333333333334,3.9499999999999997,20,4,12,-0.8660254037844386,0.5000000000000001,-0.433883739117558,-0.9009688679024191
2016-12-09 21:00:00,99.66666666666667,3.6,21,4,12,-0.7071067811865477,0.7071067811865474,-0.433883739117558,-0.9009688679024191
2016-12-09 22:00:00,83.0,3.4333333333333336,22,4,12,-0.5000000000000004,0.8660254037844384,-0.433883739117558,-0.9009688679024191
2016-12-09 23:00:00,196.0,4.533333333333333,23,4,12,-0.25881904510252157,0.9659258262890681,-0.433883739117558,-0.9009688679024191
2016-12-10 00:00:00,164.0,3.9499999999999993,0,5,12,0.0,1.0,-0.9749279121818236,-0.2225209339563146
2016-12-10 01:00:00,245.66666666666666,4.6499999999999995,1,5,12,0.25881904510252074,0.9659258262890683,-0.9749279121818236,-0.2225209339563146
2016-12-10 02:00:00,249.66666666666666,4.75,2,5,12,0.49999999999999994,0.8660254037844387,-0.9749279121818236,-0.2225209339563146
2016-12-10 03:00:00,286.5,4.916666666666667,3,5,12,0.7071067811865475,0.7071067811865476,-0.9749279121818236,-0.2225209339563146
2016-12-10 04:00:00,454.5,5.516666666666667,4,5,12,0.8660254037844386,0.5000000000000001,-0.9749279121818236,-0.2225209339563146
2016-12-10 05:00:00,310.0,4.983333333333333,5,5,12,0.9659258262890683,0.25881904510252074,-0.9749279121818236,-0.2225209339563146
2016-12-10 06:00:00,293.5,4.683333333333333,6,5,12,1.0,6.123233995736766e-17,-0.9749279121818236,-0.2225209339563146
2016-12-10 07:00:00,240.16666666666666,4.616666666666667,7,5,12,0.9659258262890683,-0.25881904510252063,-0.9749279121818236,-0.2225209339563146
2016-12-10 08:00:00,338.8333333333333,4.933333333333334,8,5,12,0.8660254037844387,-0.49999999999999983,-0.9749279121818236,-0.2225209339563146
2016-12-10 09:00:00,498.1666666666667,5.283333333333332,9,5,12,0.7071067811865476,-0.7071067811865475,-0.9749279121818236,-0.2225209339563146
2016-12-10 10:00:00,538.8333333333334,5.566666666666666,10,5,12,0.49999999999999994,-0.8660254037844387,-0.9749279121818236,-0.2225209339563146
2016-12-10 11:00:00,382.3333333333333,5.2,11,5,12,0.258819045102521,-0.9659258262890682,-0.9749279121818236,-0.2225209339563146
2016-12-10 12:00:00,151.0,4.083333333333334,12,5,12,1.2246467991473532e-16,-1.0,-0.9749279121818236,-0.2225209339563146
2016-12-10 13:00:00,197.83333333333334,4.5,13,5,12,-0.2588190451025208,-0.9659258262890683,-0.9749279121818236,-0.2225209339563146
2016-12-10 14:00:00,299.0,4.783333333333334,14,5,12,-0.4999999999999998,-0.8660254037844388,-0.9749279121818236,-0.2225209339563146
2016-12-10 15:00:00,324.3333333333333,5.066666666666667,15,5,12,-0.7071067811865471,-0.7071067811865479,-0.9749279121818236,-0.2225209339563146
2016-12-10 16:00:00,334.3333333333333,5.0,16,5,12,-0.8660254037844384,-0.5000000000000004,-0.9749279121818236,-0.2225209339563146
2016-12-10 17:00:00,524.0,5.416666666666667,17,5,12,-0.9659258262890683,-0.25881904510252063,-0.9749279121818236,-0.2225209339563146
2016-12-10 18:00:00,792.1666666666666,6.066666666666666,18,5,12,-1.0,-1.8369701987210297e-16,-0.9749279121818236,-0.2225209339563146
2016-12-10 19:00:00,1024.0,6.849999999999999,19,5,12,-0.9659258262890684,0.2588190451025203,-0.9749279121818236,-0.2225209339563146
2016-12-10 20:00:00,834.6666666666666,6.416666666666665,20,5,12,-0.8660254037844386,0.5000000000000001,-0.9749279121818236,-0.2225209339563146
2016-12-10 21:00:00,719.0,5.966666666666666,21,5,12,-0.7071067811865477,0.7071067811865474,-0.9749279121818236,-0.2225209339563146
2016-12-10 22:00:00,809.0,6.25,22,5,12,-0.5000000000000004,0.8660254037844384,-0.9749279121818236,-0.2225209339563146
2016-12-10 23:00:00,670.0,5.833333333333333,23,5,12,-0.25881904510252157,0.9659258262890681,-0.9749279121818236,-0.2225209339563146
2016-12-11 00:00:00,579.8333333333334,5.633333333333334,0,6,12,0.0,1.0,-0.7818314824680299,0.6234898018587334
2016-12-11 01:00:00,1348.1666666666667,7.516666666666666,1,6,12,0.25881904510252074,0.9659258262890683,-0.7818314824680299,0.6234898018587334
2016-12-11 02:00:00,2345.5,10.016666666666667,2,6,12,0.49999999999999994,0.8660254037844387,-0.7818314824680299,0.6234898018587334
2016-12-11 03:00:00,2802.0,10.266666666666667,3,6,12,0.7071067811865475,0.7071067811865476,-0.7818314824680299,0.6234898018587334
2016-12-11 04:00:00,3011.1666666666665,12.483333333333334,4,6,12,0.8660254037844386,0.5000000000000001,-0.7818314824680299,0.6234898018587334
2016-12-11 05:00:00,2899.8333333333335,11.549999999999999,5,6,12,0.9659258262890683,0.25881904510252074,-0.7818314824680299,0.6234898018587334
2016-12-11 06:00:00,2971.6666666666665,12.066666666666668,6,6,12,1.0,6.123233995736766e-17,-0.7818314824680299,0.6234898018587334
2016-12-11 07:00:00,3039.0,13.883333333333333,7,6,12,0.9659258262890683,-0.25881904510252063,-0.7818314824680299,0.6234898018587334
2016-12-11 08:00:00,3038.6666666666665,13.016666666666666,8,6,12,0.8660254037844387,-0.49999999999999983,-0.7818314824680299,0.6234898018587334
2016-12-11 09:00:00,2812.5,14.0,9,6,12,0.7071067811865476,-0.7071067811865475,-0.7818314824680299,0.6234898018587334
2016-12-11 10:00:00,246.5,7.366666666666666,10,6,12,0.49999999999999994,-0.8660254037844387,-0.7818314824680299,0.6234898018587334
2016-12-11 11:00:00,-2.3333333333333335,5.483333333333333,11,6,12,0.258819045102521,-0.9659258262890682,-0.7818314824680299,0.6234898018587334
2016-12-11 12:00:00,-1.6666666666666667,5.366666666666666,12,6,12,1.2246467991473532e-16,-1.0,-0.7818314824680299,0.6234898018587334
2016-12-11 13:00:00,-2.0,4.5,13,6,12,-0.2588190451025208,-0.9659258262890683,-0.7818314824680299,0.6234898018587334
2016-12-11 14:00:00,-1.6666666666666667,5.583333333333333,14,6,12,-0.4999999999999998,-0.8660254037844388,-0.7818314824680299,0.6234898018587334
2016-12-11 15:00:00,-2.3333333333333335,5.216666666666666,15,6,12,-0.7071067811865471,-0.7071067811865479,-0.7818314824680299,0.6234898018587334
2016-12-11 16:00:00,-2.3333333333333335,4.616666666666667,16,6,12,-0.8660254037844384,-0.5000000000000004,-0.7818314824680299,0.6234898018587334
2016-12-11 17:00:00,-3.5,5.916666666666667,17,6,12,-0.9659258262890683,-0.25881904510252063,-0.7818314824680299,0.6234898018587334
2016-12-11 18:00:00,-3.0,6.216666666666666,18,6,12,-1.0,-1.8369701987210297e-16,-0.7818314824680299,0.6234898018587334
2016-12-11 19:00:00,-2.8333333333333335,6.783333333333334,19,6,12,-0.9659258262890684,0.2588190451025203,-0.7818314824680299,0.6234898018587334
2016-12-11 20:00:00,-3.8333333333333335,6.666666666666667,20,6,12,-0.8660254037844386,0.5000000000000001,-0.7818314824680299,0.6234898018587334
2016-12-11 21:00:00,-3.0,6.983333333333332,21,6,12,-0.7071067811865477,0.7071067811865474,-0.7818314824680299,0.6234898018587334
2016-12-11 22:00:00,-3.3333333333333335,6.916666666666667,22,6,12,-0.5000000000000004,0.8660254037844384,-0.7818314824680299,0.6234898018587334
2016-12-11 23:00:00,-2.8333333333333335,5.5,23,6,12,-0.25881904510252157,0.9659258262890681,-0.7818314824680299,0.6234898018587334
2016-12-12 00:00:00,-2.8333333333333335,5.949999999999999,0,0,12,0.0,1.0,0.0,1.0
2016-12-12 01:00:00,-2.8333333333333335,6.3999999999999995,1,0,12,0.25881904510252074,0.9659258262890683,0.0,1.0
2016-12-12 02:00:00,-3.6666666666666665,5.7,2,0,12,0.49999999999999994,0.8660254037844387,0.0,1.0
2016-12-12 03:00:00,-3.5,4.366666666666666,3,0,12,0.7071067811865475,0.7071067811865476,0.0,1.0
2016-12-12 04:00:00,-3.1666666666666665,4.333333333333333,4,0,12,0.8660254037844386,0.5000000000000001,0.0,1.0
2016-12-12 05:00:00,-3.1666666666666665,3.766666666666666,5,0,12,0.9659258262890683,0.25881904510252074,0.0,1.0
2016-12-12 06:00:00,-2.6666666666666665,4.116666666666666,6,0,12,1.0,6.123233995736766e-17,0.0,1.0
2016-12-12 07:00:00,-3.1666666666666665,3.4666666666666663,7,0,12,0.9659258262890683,-0.25881904510252063,0.0,1.0
2016-12-12 08:00:00,127.16666666666667,4.116666666666666,8,0,12,0.8660254037844387,-0.49999999999999983,0.0,1.0
2016-12-12 09:00:00,205.83333333333334,4.233333333333333,9,0,12,0.7071067811865476,-0.7071067811865475,0.0,1.0
2016-12-12 10:00:00,370.6666666666667,5.199999999999999,10,0,12,0.49999999999999994,-0.8660254037844387,0.0,1.0
2016-12-12 11:00:00,517.8333333333334,5.7,11,0,12,0.258819045102521,-0.9659258262890682,0.0,1.0
2016-12-12 12:00:00,688.0,5.833333333333333,12,0,12,1.2246467991473532e-16,-1.0,0.0,1.0
2016-12-12 13:00:00,445.1666666666667,5.266666666666667,13,0,12,-0.2588190451025208,-0.9659258262890683,0.0,1.0
2016-12-12 14:00:00,390.0,5.066666666666667,14,0,12,-0.4999999999999998,-0.8660254037844388,0.0,1.0
2016-12-12 15:00:00,207.0,4.283333333333334,15,0,12,-0.7071067811865471,-0.7071067811865479,0.0,1.0
2016-12-12 16:00:00,88.83333333333333,3.483333333333334,16,0,12,-0.8660254037844384,-0.5000000000000004,0.0,1.0
2016-12-12 17:00:00,151.66666666666666,4.033333333333334,17,0,12,-0.9659258262890683,-0.25881904510252063,0.0,1.0
2016-12-12 18:00:00,269.5,4.533333333333333,18,0,12,-1.0,-1.8369701987210297e-16,0.0,1.0
2016-12-12 19:00:00,82.16666666666667,3.5999999999999996,19,0,12,-0.9659258262890684,0.2588190451025203,0.0,1.0
2016-12-12 20:00:00,74.5,3.4499999999999997,20,0,12,-0.8660254037844386,0.5000000000000001,0.0,1.0
2016-12-12 21:00:00,30.0,2.733333333333333,21,0,12,-0.7071067811865477,0.7071067811865474,0.0,1.0
2016-12-12 22:00:00,-1.1666666666666667,0.44999999999999996,22,0,12,-0.5000000000000004,0.8660254037844384,0.0,1.0
2016-12-12 23:00:00,-1.6666666666666667,0.39999999999999997,23,0,12,-0.25881904510252157,0.9659258262890681,0.0,1.0
2016-12-13 00:00:00,-2.5,1.15,0,1,12,0.0,1.0,0.7818314824680298,0.6234898018587336
2016-12-13 01:00:00,2.3333333333333335,2.1,1,1,12,0.25881904510252074,0.9659258262890683,0.7818314824680298,0.6234898018587336
2016-12-13 02:00:00,22.666666666666668,2.5833333333333335,2,1,12,0.49999999999999994,0.8660254037844387,0.7818314824680298,0.6234898018587336
2016-12-13 03:00:00,78.83333333333333,3.1500000000000004,3,1,12,0.7071067811865475,0.7071067811865476,0.7818314824680298,0.6234898018587336
2016-12-13 04:00:00,117.0,3.9000000000000004,4,1,12,0.8660254037844386,0.5000000000000001,0.7818314824680298,0.6234898018587336
2016-12-13 05:00:00,155.33333333333334,4.283333333333333,5,1,12,0.9659258262890683,0.25881904510252074,0.7818314824680298,0.6234898018587336
2016-12-13 06:00:00,557.8333333333334,5.75,6,1,12,1.0,6.123233995736766e-17,0.7818314824680298,0.6234898018587336
2016-12-13 07:00:00,799.6666666666666,6.233333333333333,7,1,12,0.9659258262890683,-0.25881904510252063,0.7818314824680298,0.6234898018587336
2016-12-13 08:00:00,655.6666666666666,5.75,8,1,12,0.8660254037844387,-0.49999999999999983,0.7818314824680298,0.6234898018587336
2016-12-13 09:00:00,897.1666666666666,6.800000000000001,9,1,12,0.7071067811865476,-0.7071067811865475,0.7818314824680298,0.6234898018587336
2016-12-13 10:00:00,645.3333333333334,5.783333333333334,10,1,12,0.49999999999999994,-0.8660254037844387,0.7818314824680298,0.6234898018587336
2016-12-13 11:00:00,250.5,4.383333333333334,11,1,12,0.258819045102521,-0.9659258262890682,0.7818314824680298,0.6234898018587336
2016-12-13 12:00:00,90.0,3.4,12,1,12,1.2246467991473532e-16,-1.0,0.7818314824680298,0.6234898018587336
2016-12-13 13:00:00,61.833333333333336,3.1999999999999997,13,1,12,-0.2588190451025208,-0.9659258262890683,0.7818314824680298,0.6234898018587336
2016-12-13 14:00:00,40.0,2.8000000000000003,14,1,12,-0.4999999999999998,-0.8660254037844388,0.7818314824680298,0.6234898018587336
2016-12-13 15:00:00,33.5,2.733333333333333,15,1,12,-0.7071067811865471,-0.7071067811865479,0.7818314824680298,0.6234898018587336
2016-12-13 16:00:00,94.83333333333333,3.433333333333333,16,1,12,-0.8660254037844384,-0.5000000000000004,0.7818314824680298,0.6234898018587336
2016-12-13 17:00:00,157.66666666666666,3.9666666666666663,17,1,12,-0.9659258262890683,-0.25881904510252063,0.7818314824680298,0.6234898018587336
2016-12-13 18:00:00,182.0,4.1499999999999995,18,1,12,-1.0,-1.8369701987210297e-16,0.7818314824680298,0.6234898018587336
2016-12-13 19:00:00,191.83333333333334,4.283333333333334,19,1,12,-0.9659258262890684,0.2588190451025203,0.7818314824680298,0.6234898018587336
2016-12-13 20:00:00,245.83333333333334,4.633333333333334,20,1,12,-0.8660254037844386,0.5000000000000001,0.7818314824680298,0.6234898018587336
2016-12-13 21:00:00,199.66666666666666,4.466666666666666,21,1,12,-0.7071067811865477,0.7071067811865474,0.7818314824680298,0.6234898018587336
2016-12-13 22:00:00,141.83333333333334,3.8499999999999996,22,1,12,-0.5000000000000004,0.8660254037844384,0.7818314824680298,0.6234898018587336
2016-12-13 23:00:00,163.5,4.166666666666667,23,1,12,-0.25881904510252157,0.9659258262890681,0.7818314824680298,0.6234898018587336
2016-12-14 00:00:00,144.0,3.9,0,2,12,0.0,1.0,0.9749279121818236,-0.22252093395631434
2016-12-14 01:00:00,66.16666666666667,3.1666666666666665,1,2,12,0.25881904510252074,0.9659258262890683,0.9749279121818236,-0.22252093395631434
2016-12-14 02:00:00,64.66666666666667,3.15,2,2,12,0.49999999999999994,0.8660254037844387,0.9749279121818236,-0.22252093395631434
2016-12-14 03:00:00,41.666666666666664,2.9166666666666665,3,2,12,0.7071067811865475,0.7071067811865476,0.9749279121818236,-0.22252093395631434
2016-12-14 04:00:00,34.5,2.8666666666666667,4,2,12,0.8660254037844386,0.5000000000000001,0.9749279121818236,-0.22252093395631434
2016-12-14 05:00:00,12.333333333333334,2.5500000000000003,5,2,12,0.9659258262890683,0.25881904510252074,0.9749279121818236,-0.22252093395631434
2016-12-14 06:00:00,3.1666666666666665,2.0833333333333335,6,2,12,1.0,6.123233995736766e-17,0.9749279121818236,-0.22252093395631434
2016-12-14 07:00:00,-0.5,1.4166666666666667,7,2,12,0.9659258262890683,-0.25881904510252063,0.9749279121818236,-0.22252093395631434
2016-12-14 08:00:00,23.166666666666668,2.2500000000000004,8,2,12,0.8660254037844387,-0.49999999999999983,0.9749279121818236,-0.22252093395631434
2016-12-14 09:00:00,-1.0,1.2333333333333336,9,2,12,0.7071067811865476,-0.7071067811865475,0.9749279121818236,-0.22252093395631434
2016-12-14 10:00:00,-1.0,0.4333333333333333,10,2,12,0.49999999999999994,-0.8660254037844387,0.9749279121818236,-0.22252093395631434
2016-12-14 11:00:00,-1.0,0.31666666666666665,11,2,12,0.258819045102521,-0.9659258262890682,0.9749279121818236,-0.22252093395631434
2016-12-14 12:00:00,-1.8333333333333333,1.1166666666666667,12,2,12,1.2246467991473532e-16,-1.0,0.9749279121818236,-0.22252093395631434
2016-12-14 13:00:00,-2.1666666666666665,1.2333333333333334,13,2,12,-0.2588190451025208,-0.9659258262890683,0.9749279121818236,-0.22252093395631434
2016-12-14 14:00:00,-1.5,0.8166666666666668,14,2,12,-0.4999999999999998,-0.8660254037844388,0.9749279121818236,-0.22252093395631434
2016-12-14 15:00:00,-1.0,0.31666666666666665,15,2,12,-0.7071067811865471,-0.7071067811865479,0.9749279121818236,-0.22252093395631434
2016-12-14 16:00:00,-1.3333333333333333,1.5999999999999999,16,2,12,-0.8660254037844384,-0.5000000000000004,0.9749279121818236,-0.22252093395631434
2016-12-14 17:00:00,-2.3333333333333335,1.4333333333333333,17,2,12,-0.9659258262890683,-0.25881904510252063,0.9749279121818236,-0.22252093395631434
2016-12-14 18:00:00,17.166666666666668,2.533333333333333,18,2,12,-1.0,-1.8369701987210297e-16,0.9749279121818236,-0.22252093395631434
2016-12-14 19:00:00,95.33333333333333,3.483333333333333,19,2,12,-0.9659258262890684,0.2588190451025203,0.9749279121818236,-0.22252093395631434
2016-12-14 20:00:00,29.5,2.5666666666666664,20,2,12,-0.8660254037844386,0.5000000000000001,0.9749279121818236,-0.22252093395631434
2016-12-14 21:00:00,-2.0,1.5999999999999999,21,2,12,-0.7071067811865477,0.7071067811865474,0.9749279121818236,-0.22252093395631434
2016-12-14 22:00:00,113.16666666666667,3.6666666666666665,22,2,12,-0.5000000000000004,0.8660254037844384,0.9749279121818236,-0.22252093395631434
2016-12-14 23:00:00,225.33333333333334,4.433333333333334,23,2,12,-0.25881904510252157,0.9659258262890681,0.9749279121818236,-0.22252093395631434
2016-12-15 00:00:00,66.66666666666667,3.033333333333333,0,3,12,0.0,1.0,0.43388373911755823,-0.900968867902419
2016-12-15 01:00:00,30.0,2.8,1,3,12,0.25881904510252074,0.9659258262890683,0.43388373911755823,-0.900968867902419
2016-12-15 02:00:00,145.0,3.9250000000000003,2,3,12,0.49999999999999994,0.8660254037844387,0.43388373911755823,-0.900968867902419
2016-12-15 03:00:00,50.5,3.0833333333333335,3,3,12,0.7071067811865475,0.7071067811865476,0.43388373911755823,-0.900968867902419
2016-12-15 04:00:00,172.0,4.25,4,3,12,0.8660254037844386,0.5000000000000001,0.43388373911755823,-0.900968867902419
2016-12-15 05:00:00,202.66666666666666,4.3,5,3,12,0.9659258262890683,0.25881904510252074,0.43388373911755823,-0.900968867902419
2016-12-15 06:00:00,223.16666666666666,4.683333333333333,6,3,12,1.0,6.123233995736766e-17,0.43388373911755823,-0.900968867902419
2016-12-15 07:00:00,92.83333333333333,3.483333333333334,7,3,12,0.9659258262890683,-0.25881904510252063,0.43388373911755823,-0.900968867902419
2016-12-15 08:00:00,64.16666666666667,3.1999999999999997,8,3,12,0.8660254037844387,-0.49999999999999983,0.43388373911755823,-0.900968867902419
2016-12-15 09:00:00,135.0,3.5833333333333335,9,3,12,0.7071067811865476,-0.7071067811865475,0.43388373911755823,-0.900968867902419
2016-12-15 10:00:00,346.5,4.933333333333334,10,3,12,0.49999999999999994,-0.8660254037844387,0.43388373911755823,-0.900968867902419
2016-12-15 11:00:00,216.33333333333334,4.1,11,3,12,0.258819045102521,-0.9659258262890682,0.43388373911755823,-0.900968867902419
2016-12-15 12:00:00,121.66666666666667,3.6666666666666665,12,3,12,1.2246467991473532e-16,-1.0,0.43388373911755823,-0.900968867902419
2016-12-15 13:00:00,213.16666666666666,4.266666666666667,13,3,12,-0.2588190451025208,-0.9659258262890683,0.43388373911755823,-0.900968867902419
2016-12-15 14:00:00,227.16666666666666,4.433333333333334,14,3,12,-0.4999999999999998,-0.8660254037844388,0.43388373911755823,-0.900968867902419
2016-12-15 15:00:00,240.0,4.733333333333333,15,3,12,-0.7071067811865471,-0.7071067811865479,0.43388373911755823,-0.900968867902419
2016-12-15 16:00:00,221.33333333333334,4.083333333333333,16,3,12,-0.8660254037844384,-0.5000000000000004,0.43388373911755823,-0.900968867902419
2016-12-15 17:00:00,417.1666666666667,5.1499999999999995,17,3,12,-0.9659258262890683,-0.25881904510252063,0.43388373911755823,-0.900968867902419
2016-12-15 18:00:00,196.66666666666666,4.3500000000000005,18,3,12,-1.0,-1.8369701987210297e-16,0.43388373911755823,-0.900968867902419
2016-12-15 19:00:00,130.0,3.6666666666666665,19,3,12,-0.9659258262890684,0.2588190451025203,0.43388373911755823,-0.900968867902419
2016-12-15 20:00:00,258.8333333333333,4.683333333333334,20,3,12,-0.8660254037844386,0.5000000000000001,0.43388373911755823,-0.900968867902419
2016-12-15 21:00:00,155.0,3.8499999999999996,21,3,12,-0.7071067811865477,0.7071067811865474,0.43388373911755823,-0.900968867902419
2016-12-15 22:00:00,153.66666666666666,3.8666666666666667,22,3,12,-0.5000000000000004,0.8660254037844384,0.43388373911755823,-0.900968867902419
2016-12-15 23:00:00,320.1666666666667,4.866666666666667,23,3,12,-0.25881904510252157,0.9659258262890681,0.43388373911755823,-0.900968867902419
2016-12-16 00:00:00,273.5,4.766666666666667,0,4,12,0.0,1.0,-0.433883739117558,-0.9009688679024191
2016-12-16 01:00:00,345.1666666666667,4.733333333333333,1,4,12,0.25881904510252074,0.9659258262890683,-0.433883739117558,-0.9009688679024191
2016-12-16 02:00:00,437.0,5.249999999999999,2,4,12,0.49999999999999994,0.8660254037844387,-0.433883739117558,-0.9009688679024191
2016-12-16 03:00:00,405.6666666666667,5.216666666666668,3,4,12,0.7071067811865475,0.7071067811865476,-0.433883739117558,-0.9009688679024191
2016-12-16 04:00:00,465.0,5.599999999999999,4,4,12,0.8660254037844386,0.5000000000000001,-0.433883739117558,-0.9009688679024191
2016-12-16 05:00:00,552.3333333333334,5.716666666666666,5,4,12,0.9659258262890683,0.25881904510252074,-0.433883739117558,-0.9009688679024191
2016-12-16 06:00:00,698.0,6.066666666666666,6,4,12,1.0,6.123233995736766e-17,-0.433883739117558,-0.9009688679024191
2016-12-16 07:00:00,549.8333333333334,5.566666666666666,7,4,12,0.9659258262890683,-0.25881904510252063,-0.433883739117558,-0.9009688679024191
2016-12-16 08:00:00,575.3333333333334,5.6000000000000005,8,4,12,0.8660254037844387,-0.49999999999999983,-0.433883739117558,-0.9009688679024191
2016-12-16 09:00:00,374.5,5.15,9,4,12,0.7071067811865476,-0.7071067811865475,-0.433883739117558,-0.9009688679024191
2016-12-16 10:00:00,272.0,4.733333333333333,10,4,12,0.49999999999999994,-0.8660254037844387,-0.433883739117558,-0.9009688679024191
2016-12-16 11:00:00,327.5,5.1,11,4,12,0.258819045102521,-0.9659258262890682,-0.433883739117558,-0.9009688679024191
2016-12-16 12:00:00,208.83333333333334,4.433333333333334,12,4,12,1.2246467991473532e-16,-1.0,-0.433883739117558,-0.9009688679024191
2016-12-16 13:00:00,193.66666666666666,4.45,13,4,12,-0.2588190451025208,-0.9659258262890683,-0.433883739117558,-0.9009688679024191
2016-12-16 14:00:00,150.83333333333334,3.983333333333333,14,4,12,-0.4999999999999998,-0.8660254037844388,-0.433883739117558,-0.9009688679024191
2016-12-16 15:00:00,73.83333333333333,3.316666666666667,15,4,12,-0.7071067811865471,-0.7071067811865479,-0.433883739117558,-0.9009688679024191
2016-12-16 16:00:00,158.0,4.033333333333334,16,4,12,-0.8660254037844384,-0.5000000000000004,-0.433883739117558,-0.9009688679024191
2016-12-16 17:00:00,196.33333333333334,4.5,17,4,12,-0.9659258262890683,-0.25881904510252063,-0.433883739117558,-0.9009688679024191
2016-12-16 18:00:00,159.16666666666666,4.116666666666666,18,4,12,-1.0,-1.8369701987210297e-16,-0.433883739117558,-0.9009688679024191
2016-12-16 19:00:00,98.16666666666667,3.533333333333333,19,4,12,-0.9659258262890684,0.2588190451025203,-0.433883739117558,-0.9009688679024191
2016-12-16 20:00:00,65.33333333333333,3.233333333333334,20,4,12,-0.8660254037844386,0.5000000000000001,-0.433883739117558,-0.9009688679024191
2016-12-16 21:00:00,32.5,2.45,21,4,12,-0.7071067811865477,0.7071067811865474,-0.433883739117558,-0.9009688679024191
2016-12-16 22:00:00,23.166666666666668,2.4499999999999997,22,4,12,-0.5000000000000004,0.8660254037844384,-0.433883739117558,-0.9009688679024191
2016-12-16 23:00:00,-1.0,1.9333333333333336,23,4,12,-0.25881904510252157,0.9659258262890681,-0.433883739117558,-0.9009688679024191
2016-12-17 00:00:00,-3.5,1.0833333333333333,0,5,12,0.0,1.0,-0.9749279121818236,-0.2225209339563146
2016-12-17 01:00:00,-3.0,2.1,1,5,12,0.25881904510252074,0.9659258262890683,-0.9749279121818236,-0.2225209339563146
2016-12-17 02:00:00,-4.0,1.4000000000000001,2,5,12,0.49999999999999994,0.8660254037844387,-0.9749279121818236,-0.2225209339563146
2016-12-17 03:00:00,-3.5,1.1500000000000001,3,5,12,0.7071067811865475,0.7071067811865476,-0.9749279121818236,-0.2225209339563146
2016-12-17 04:00:00,-4.666666666666667,1.2833333333333334,4,5,12,0.8660254037844386,0.5000000000000001,-0.9749279121818236,-0.2225209339563146
2016-12-17 05:00:00,-4.333333333333333,0.7999999999999999,5,5,12,0.9659258262890683,0.25881904510252074,-0.9749279121818236,-0.2225209339563146
2016-12-17 06:00:00,-4.333333333333333,0.9166666666666666,6,5,12,1.0,6.123233995736766e-17,-0.9749279121818236,-0.2225209339563146
2016-12-17 07:00:00,-4.333333333333333,0.7833333333333333,7,5,12,0.9659258262890683,-0.25881904510252063,-0.9749279121818236,-0.2225209339563146
2016-12-17 08:00:00,-4.333333333333333,1.3999999999999997,8,5,12,0.8660254037844387,-0.49999999999999983,-0.9749279121818236,-0.2225209339563146
2016-12-17 09:00:00,-4.833333333333333,1.5833333333333333,9,5,12,0.7071067811865476,-0.7071067811865475,-0.9749279121818236,-0.2225209339563146
2016-12-17 10:00:00,-4.5,1.2166666666666666,10,5,12,0.49999999999999994,-0.8660254037844387,-0.9749279121818236,-0.2225209339563146
2016-12-17 11:00:00,-4.5,1.1333333333333335,11,5,12,0.258819045102521,-0.9659258262890682,-0.9749279121818236,-0.2225209339563146
2016-12-17 12:00:00,-4.333333333333333,1.0,12,5,12,1.2246467991473532e-16,-1.0,-0.9749279121818236,-0.2225209339563146
2016-12-17 13:00:00,-3.8333333333333335,0.8833333333333333,13,5,12,-0.2588190451025208,-0.9659258262890683,-0.9749279121818236,-0.2225209339563146
2016-12-17 14:00:00,-4.333333333333333,0.9666666666666667,14,5,12,-0.4999999999999998,-0.8660254037844388,-0.9749279121818236,-0.2225209339563146
2016-12-17 15:00:00,-4.166666666666667,1.4666666666666668,15,5,12,-0.7071067811865471,-0.7071067811865479,-0.9749279121818236,-0.2225209339563146
2016-12-17 16:00:00,-4.166666666666667,1.5,16,5,12,-0.8660254037844384,-0.5000000000000004,-0.9749279121818236,-0.2225209339563146
2016-12-17 17:00:00,-4.333333333333333,1.6833333333333336,17,5,12,-0.9659258262890683,-0.25881904510252063,-0.9749279121818236,-0.2225209339563146
2016-12-17 18:00:00,-4.5,2.05,18,5,12,-1.0,-1.8369701987210297e-16,-0.9749279121818236,-0.2225209339563146
2016-12-17 19:00:00,-4.166666666666667,0.9333333333333335,19,5,12,-0.9659258262890684,0.2588190451025203,-0.9749279121818236,-0.2225209339563146
2016-12-17 20:00:00,-4.5,1.5333333333333334,20,5,12,-0.8660254037844386,0.5000000000000001,-0.9749279121818236,-0.2225209339563146
2016-12-17 21:00:00,-4.5,1.3333333333333333,21,5,12,-0.7071067811865477,0.7071067811865474,-0.9749279121818236,-0.2225209339563146
2016-12-17 22:00:00,-4.666666666666667,1.5999999999999999,22,5,12,-0.5000000000000004,0.8660254037844384,-0.9749279121818236,-0.2225209339563146
2016-12-17 23:00:00,-4.833333333333333,0.9,23,5,12,-0.25881904510252157,0.9659258262890681,-0.9749279121818236,-0.2225209339563146
2016-12-18 00:00:00,-4.333333333333333,1.2499999999999998,0,6,12,0.0,1.0,-0.7818314824680299,0.6234898018587334
2016-12-18 01:00:00,-5.0,1.2666666666666666,1,6,12,0.25881904510252074,0.9659258262890683,-0.7818314824680299,0.6234898018587334
2016-12-18 02:00:00,-4.333333333333333,0.6333333333333334,2,6,12,0.49999999999999994,0.8660254037844387,-0.7818314824680299,0.6234898018587334
2016-12-18 03:00:00,-4.833333333333333,0.8333333333333334,3,6,12,0.7071067811865475,0.7071067811865476,-0.7818314824680299,0.6234898018587334
2016-12-18 04:00:00,-4.5,0.3833333333333333,4,6,12,0.8660254037844386,0.5000000000000001,-0.7818314824680299,0.6234898018587334
2016-12-18 05:00:00,-5.166666666666667,0.9833333333333334,5,6,12,0.9659258262890683,0.25881904510252074,-0.7818314824680299,0.6234898018587334
2016-12-18 06:00:00,1.0,1.9833333333333334,6,6,12,1.0,6.123233995736766e-17,-0.7818314824680299,0.6234898018587334
2016-12-18 07:00:00,38.833333333333336,2.716666666666667,7,6,12,0.9659258262890683,-0.25881904510252063,-0.7818314824680299,0.6234898018587334
2016-12-18 08:00:00,30.0,2.733333333333333,8,6,12,0.8660254037844387,-0.49999999999999983,-0.7818314824680299,0.6234898018587334
2016-12-18 09:00:00,79.66666666666667,3.35,9,6,12,0.7071067811865476,-0.7071067811865475,-0.7818314824680299,0.6234898018587334
2016-12-18 10:00:00,-2.0,1.6666666666666667,10,6,12,0.49999999999999994,-0.8660254037844387,-0.7818314824680299,0.6234898018587334
2016-12-18 11:00:00,-3.6666666666666665,1.4666666666666668,11,6,12,0.258819045102521,-0.9659258262890682,-0.7818314824680299,0.6234898018587334
2016-12-18 12:00:00,135.33333333333334,3.6999999999999993,12,6,12,1.2246467991473532e-16,-1.0,-0.7818314824680299,0.6234898018587334
2016-12-18 13:00:00,182.33333333333334,4.116666666666667,13,6,12,-0.2588190451025208,-0.9659258262890683,-0.7818314824680299,0.6234898018587334
2016-12-18 14:00:00,112.0,3.5833333333333335,14,6,12,-0.4999999999999998,-0.8660254037844388,-0.7818314824680299,0.6234898018587334
2016-12-18 15:00:00,4.166666666666667,2.1666666666666665,15,6,12,-0.7071067811865471,-0.7071067811865479,-0.7818314824680299,0.6234898018587334
2016-12-18 16:00:00,34.0,2.566666666666667,16,6,12,-0.8660254037844384,-0.5000000000000004,-0.7818314824680299,0.6234898018587334
2016-12-18 17:00:00,94.0,3.5833333333333335,17,6,12,-0.9659258262890683,-0.25881904510252063,-0.7818314824680299,0.6234898018587334
2016-12-18 18:00:00,77.5,3.466666666666667,18,6,12,-1.0,-1.8369701987210297e-16,-0.7818314824680299,0.6234898018587334
2016-12-18 19:00:00,101.5,3.483333333333333,19,6,12,-0.9659258262890684,0.2588190451025203,-0.7818314824680299,0.6234898018587334
2016-12-18 20:00:00,9.833333333333334,2.2,20,6,12,-0.8660254037844386,0.5000000000000001,-0.7818314824680299,0.6234898018587334
2016-12-18 21:00:00,-3.1666666666666665,1.5333333333333334,21,6,12,-0.7071067811865477,0.7071067811865474,-0.7818314824680299,0.6234898018587334
2016-12-18 22:00:00,-3.8333333333333335,0.9833333333333334,22,6,12,-0.5000000000000004,0.8660254037844384,-0.7818314824680299,0.6234898018587334
2016-12-18 23:00:00,-3.1666666666666665,0.8166666666666668,23,6,12,-0.25881904510252157,0.9659258262890681,-0.7818314824680299,0.6234898018587334
2016-12-19 00:00:00,1.0,2.0333333333333337,0,0,12,0.0,1.0,0.0,1.0
2016-12-19 01:00:00,49.833333333333336,2.8000000000000003,1,0,12,0.25881904510252074,0.9659258262890683,0.0,1.0
2016-12-19 02:00:00,76.5,3.3000000000000003,2,0,12,0.49999999999999994,0.8660254037844387,0.0,1.0
2016-12-19 03:00:00,151.0,3.9333333333333336,3,0,12,0.7071067811865475,0.7071067811865476,0.0,1.0
2016-12-19 04:00:00,159.5,4.083333333333333,4,0,12,0.8660254037844386,0.5000000000000001,0.0,1.0
2016-12-19 05:00:00,363.5,5.083333333333333,5,0,12,0.9659258262890683,0.25881904510252074,0.0,1.0
2016-12-19 06:00:00,607.5,5.949999999999999,6,0,12,1.0,6.123233995736766e-17,0.0,1.0
2016-12-19 07:00:00,563.0,5.783333333333334,7,0,12,0.9659258262890683,-0.25881904510252063,0.0,1.0
2016-12-19 08:00:00,436.8333333333333,5.266666666666667,8,0,12,0.8660254037844387,-0.49999999999999983,0.0,1.0
2016-12-19 09:00:00,303.6666666666667,4.6000000000000005,9,0,12,0.7071067811865476,-0.7071067811865475,0.0,1.0
2016-12-19 10:00:00,161.33333333333334,4.25,10,0,12,0.49999999999999994,-0.8660254037844387,0.0,1.0
2016-12-19 11:00:00,313.1666666666667,5.066666666666667,11,0,12,0.258819045102521,-0.9659258262890682,0.0,1.0
2016-12-19 12:00:00,206.83333333333334,5.95,12,0,12,1.2246467991473532e-16,-1.0,0.0,1.0
2016-12-19 13:00:00,261.6666666666667,5.6000000000000005,13,0,12,-0.2588190451025208,-0.9659258262890683,0.0,1.0
2016-12-19 14:00:00,500.1666666666667,5.6499999999999995,14,0,12,-0.4999999999999998,-0.8660254037844388,0.0,1.0
2016-12-19 15:00:00,652.1666666666666,6.0,15,0,12,-0.7071067811865471,-0.7071067811865479,0.0,1.0
2016-12-19 16:00:00,637.0,5.95,16,0,12,-0.8660254037844384,-0.5000000000000004,0.0,1.0
2016-12-19 17:00:00,772.0,6.366666666666666,17,0,12,-0.9659258262890683,-0.25881904510252063,0.0,1.0
2016-12-19 18:00:00,621.5,5.75,18,0,12,-1.0,-1.8369701987210297e-16,0.0,1.0
2016-12-19 19:00:00,164.0,4.0,19,0,12,-0.9659258262890684,0.2588190451025203,0.0,1.0
2016-12-19 20:00:00,372.6666666666667,5.033333333333334,20,0,12,-0.8660254037844386,0.5000000000000001,0.0,1.0
2016-12-19 21:00:00,485.5,6.083333333333333,21,0,12,-0.7071067811865477,0.7071067811865474,0.0,1.0
2016-12-19 22:00:00,758.8333333333334,6.216666666666668,22,0,12,-0.5000000000000004,0.8660254037844384,0.0,1.0
2016-12-19 23:00:00,509.6666666666667,5.616666666666667,23,0,12,-0.25881904510252157,0.9659258262890681,0.0,1.0
2016-12-20 00:00:00,361.5,4.916666666666667,0,1,12,0.0,1.0,0.7818314824680298,0.6234898018587336
2016-12-20 01:00:00,334.3333333333333,4.866666666666667,1,1,12,0.25881904510252074,0.9659258262890683,0.7818314824680298,0.6234898018587336
2016-12-20 02:00:00,219.33333333333334,4.533333333333334,2,1,12,0.49999999999999994,0.8660254037844387,0.7818314824680298,0.6234898018587336
2016-12-20 03:00:00,582.6666666666666,5.766666666666667,3,1,12,0.7071067811865475,0.7071067811865476,0.7818314824680298,0.6234898018587336
2016-12-20 04:00:00,691.5,6.116666666666666,4,1,12,0.8660254037844386,0.5000000000000001,0.7818314824680298,0.6234898018587336
2016-12-20 05:00:00,740.0,8.166666666666668,5,1,12,0.9659258262890683,0.25881904510252074,0.7818314824680298,0.6234898018587336
2016-12-20 06:00:00,59.5,3.5833333333333335,6,1,12,1.0,6.123233995736766e-17,0.7818314824680298,0.6234898018587336
2016-12-20 07:00:00,377.0,5.266666666666667,7,1,12,0.9659258262890683,-0.25881904510252063,0.7818314824680298,0.6234898018587336
2016-12-20 08:00:00,442.3333333333333,5.133333333333334,8,1,12,0.8660254037844387,-0.49999999999999983,0.7818314824680298,0.6234898018587336
2016-12-20 09:00:00,414.6666666666667,5.1,9,1,12,0.7071067811865476,-0.7071067811865475,0.7818314824680298,0.6234898018587336
2016-12-20 10:00:00,153.0,4.0,10,1,12,0.49999999999999994,-0.8660254037844387,0.7818314824680298,0.6234898018587336
2016-12-20 11:00:00,159.0,3.9333333333333336,11,1,12,0.258819045102521,-0.9659258262890682,0.7818314824680298,0.6234898018587336
2016-12-20 12:00:00,404.5,5.833333333333333,12,1,12,1.2246467991473532e-16,-1.0,0.7818314824680298,0.6234898018587336
2016-12-20 13:00:00,371.5,5.166666666666667,13,1,12,-0.2588190451025208,-0.9659258262890683,0.7818314824680298,0.6234898018587336
2016-12-20 14:00:00,192.5,4.483333333333333,14,1,12,-0.4999999999999998,-0.8660254037844388,0.7818314824680298,0.6234898018587336
2016-12-20 15:00:00,43.666666666666664,2.9333333333333336,15,1,12,-0.7071067811865471,-0.7071067811865479,0.7818314824680298,0.6234898018587336
2016-12-20 16:00:00,112.5,3.6666666666666665,16,1,12,-0.8660254037844384,-0.5000000000000004,0.7818314824680298,0.6234898018587336
2016-12-20 17:00:00,151.16666666666666,3.8166666666666664,17,1,12,-0.9659258262890683,-0.25881904510252063,0.7818314824680298,0.6234898018587336
2016-12-20 18:00:00,205.0,4.1000000000000005,18,1,12,-1.0,-1.8369701987210297e-16,0.7818314824680298,0.6234898018587336
2016-12-20 19:00:00,286.8333333333333,4.499999999999999,19,1,12,-0.9659258262890684,0.2588190451025203,0.7818314824680298,0.6234898018587336
2016-12-20 20:00:00,388.1666666666667,5.05,20,1,12,-0.8660254037844386,0.5000000000000001,0.7818314824680298,0.6234898018587336
2016-12-20 21:00:00,333.5,4.9,21,1,12,-0.7071067811865477,0.7071067811865474,0.7818314824680298,0.6234898018587336
2016-12-20 22:00:00,280.6666666666667,4.95,22,1,12,-0.5000000000000004,0.8660254037844384,0.7818314824680298,0.6234898018587336
2016-12-20 23:00:00,206.5,4.083333333333333,23,1,12,-0.25881904510252157,0.9659258262890681,0.7818314824680298,0.6234898018587336
2016-12-21 00:00:00,147.5,3.8000000000000007,0,2,12,0.0,1.0,0.9749279121818236,-0.22252093395631434
2016-12-21 01:00:00,116.0,3.5500000000000003,1,2,12,0.25881904510252074,0.9659258262890683,0.9749279121818236,-0.22252093395631434
2016-12-21 02:00:00,50.5,2.9166666666666665,2,2,12,0.49999999999999994,0.8660254037844387,0.9749279121818236,-0.22252093395631434
2016-12-21 03:00:00,1.6666666666666667,2.0500000000000003,3,2,12,0.7071067811865475,0.7071067811865476,0.9749279121818236,-0.22252093395631434
2016-12-21 04:00:00,-3.1666666666666665,1.9166666666666667,4,2,12,0.8660254037844386,0.5000000000000001,0.9749279121818236,-0.22252093395631434
2016-12-21 05:00:00,-4.166666666666667,1.4166666666666667,5,2,12,0.9659258262890683,0.25881904510252074,0.9749279121818236,-0.22252093395631434
2016-12-21 06:00:00,0.0,2.033333333333333,6,2,12,1.0,6.123233995736766e-17,0.9749279121818236,-0.22252093395631434
2016-12-21 07:00:00,-5.0,1.6333333333333335,7,2,12,0.9659258262890683,-0.25881904510252063,0.9749279121818236,-0.22252093395631434
2016-12-21 08:00:00,-3.3333333333333335,1.5666666666666664,8,2,12,0.8660254037844387,-0.49999999999999983,0.9749279121818236,-0.22252093395631434
2016-12-21 09:00:00,-4.166666666666667,1.6333333333333335,9,2,12,0.7071067811865476,-0.7071067811865475,0.9749279121818236,-0.22252093395631434
2016-12-21 10:00:00,-2.6666666666666665,1.9333333333333333,10,2,12,0.49999999999999994,-0.8660254037844387,0.9749279121818236,-0.22252093395631434
2016-12-21 11:00:00,33.833333333333336,2.6166666666666667,11,2,12,0.258819045102521,-0.9659258262890682,0.9749279121818236,-0.22252093395631434
2016-12-21 12:00:00,16.0,2.4499999999999997,12,2,12,1.2246467991473532e-16,-1.0,0.9749279121818236,-0.22252093395631434
2016-12-21 13:00:00,4.333333333333333,2.1333333333333333,13,2,12,-0.2588190451025208,-0.9659258262890683,0.9749279121818236,-0.22252093395631434
2016-12-21 14:00:00,19.0,2.4499999999999997,14,2,12,-0.4999999999999998,-0.8660254037844388,0.9749279121818236,-0.22252093395631434
2016-12-21 15:00:00,54.333333333333336,3.0666666666666664,15,2,12,-0.7071067811865471,-0.7071067811865479,0.9749279121818236,-0.22252093395631434
2016-12-21 16:00:00,44.833333333333336,2.9166666666666665,16,2,12,-0.8660254037844384,-0.5000000000000004,0.9749279121818236,-0.22252093395631434
2016-12-21 17:00:00,3.8333333333333335,2.2333333333333334,17,2,12,-0.9659258262890683,-0.25881904510252063,0.9749279121818236,-0.22252093395631434
2016-12-21 18:00:00,1.1666666666666667,2.05,18,2,12,-1.0,-1.8369701987210297e-16,0.9749279121818236,-0.22252093395631434
2016-12-21 19:00:00,-4.5,1.7999999999999998,19,2,12,-0.9659258262890684,0.2588190451025203,0.9749279121818236,-0.22252093395631434
2016-12-21 20:00:00,8.166666666666666,2.766666666666667,20,2,12,-0.8660254037844386,0.5000000000000001,0.9749279121818236,-0.22252093395631434
2016-12-21 21:00:00,7.666666666666667,2.6999999999999997,21,2,12,-0.7071067811865477,0.7071067811865474,0.9749279121818236,-0.22252093395631434
2016-12-21 22:00:00,3.3333333333333335,2.5166666666666666,22,2,12,-0.5000000000000004,0.8660254037844384,0.9749279121818236,-0.22252093395631434
2016-12-21 23:00:00,-1.3333333333333333,2.5333333333333337,23,2,12,-0.25881904510252157,0.9659258262890681,0.9749279121818236,-0.22252093395631434
2016-12-22 00:00:00,0.6666666666666666,2.65,0,3,12,0.0,1.0,0.43388373911755823,-0.900968867902419
2016-12-22 01:00:00,-5.0,2.2499999999999996,1,3,12,0.25881904510252074,0.9659258262890683,0.43388373911755823,-0.900968867902419
2016-12-22 02:00:00,-5.166666666666667,2.783333333333333,2,3,12,0.49999999999999994,0.8660254037844387,0.43388373911755823,-0.900968867902419
2016-12-22 03:00:00,-4.166666666666667,3.8333333333333335,3,3,12,0.7071067811865475,0.7071067811865476,0.43388373911755823,-0.900968867902419
2016-12-22 04:00:00,-5.166666666666667,3.1500000000000004,4,3,12,0.8660254037844386,0.5000000000000001,0.43388373911755823,-0.900968867902419
2016-12-22 05:00:00,-5.166666666666667,3.216666666666667,5,3,12,0.9659258262890683,0.25881904510252074,0.43388373911755823,-0.900968867902419
2016-12-22 06:00:00,-4.333333333333333,2.8166666666666664,6,3,12,1.0,6.123233995736766e-17,0.43388373911755823,-0.900968867902419
2016-12-22 07:00:00,-5.5,2.9500000000000006,7,3,12,0.9659258262890683,-0.25881904510252063,0.43388373911755823,-0.900968867902419
2016-12-22 08:00:00,-5.0,3.25,8,3,12,0.8660254037844387,-0.49999999999999983,0.43388373911755823,-0.900968867902419
2016-12-22 09:00:00,-6.0,2.516666666666667,9,3,12,0.7071067811865476,-0.7071067811865475,0.43388373911755823,-0.900968867902419
2016-12-22 10:00:00,-4.833333333333333,3.15,10,3,12,0.49999999999999994,-0.8660254037844387,0.43388373911755823,-0.900968867902419
2016-12-22 11:00:00,-5.333333333333333,2.85,11,3,12,0.258819045102521,-0.9659258262890682,0.43388373911755823,-0.900968867902419
2016-12-22 12:00:00,-4.833333333333333,2.3833333333333333,12,3,12,1.2246467991473532e-16,-1.0,0.43388373911755823,-0.900968867902419
2016-12-22 13:00:00,-5.166666666666667,2.716666666666667,13,3,12,-0.2588190451025208,-0.9659258262890683,0.43388373911755823,-0.900968867902419
2016-12-22 14:00:00,-5.0,2.1833333333333336,14,3,12,-0.4999999999999998,-0.8660254037844388,0.43388373911755823,-0.900968867902419
2016-12-22 15:00:00,-5.166666666666667,2.3833333333333333,15,3,12,-0.7071067811865471,-0.7071067811865479,0.43388373911755823,-0.900968867902419
2016-12-22 16:00:00,-4.5,2.8000000000000003,16,3,12,-0.8660254037844384,-0.5000000000000004,0.43388373911755823,-0.900968867902419
2016-12-22 17:00:00,-4.833333333333333,2.533333333333333,17,3,12,-0.9659258262890683,-0.25881904510252063,0.43388373911755823,-0.900968867902419
2016-12-22 18:00:00,-4.666666666666667,2.4833333333333334,18,3,12,-1.0,-1.8369701987210297e-16,0.43388373911755823,-0.900968867902419
2016-12-22 19:00:00,-4.5,2.35,19,3,12,-0.9659258262890684,0.2588190451025203,0.43388373911755823,-0.900968867902419
2016-12-22 20:00:00,-4.833333333333333,2.6999999999999997,20,3,12,-0.8660254037844386,0.5000000000000001,0.43388373911755823,-0.900968867902419
2016-12-22 21:00:00,-1.5,3.6166666666666667,21,3,12,-0.7071067811865477,0.7071067811865474,0.43388373911755823,-0.900968867902419
2016-12-22 22:00:00,-4.333333333333333,3.3499999999999996,22,3,12,-0.5000000000000004,0.8660254037844384,0.43388373911755823,-0.900968867902419
2016-12-22 23:00:00,-5.0,3.25,23,3,12,-0.25881904510252157,0.9659258262890681,0.43388373911755823,-0.900968867902419
2016-12-23 00:00:00,-4.5,2.8833333333333333,0,4,12,0.0,1.0,-0.433883739117558,-0.9009688679024191
2016-12-23 01:00:00,-4.833333333333333,2.6333333333333333,1,4,12,0.25881904510252074,0.9659258262890683,-0.433883739117558,-0.9009688679024191
2016-12-23 02:00:00,-4.666666666666667,2.3000000000000003,2,4,12,0.49999999999999994,0.8660254037844387,-0.433883739117558,-0.9009688679024191
2016-12-23 03:00:00,-5.0,3.5833333333333335,3,4,12,0.7071067811865475,0.7071067811865476,-0.433883739117558,-0.9009688679024191
2016-12-23 04:00:00,-4.666666666666667,2.75,4,4,12,0.8660254037844386,0.5000000000000001,-0.433883739117558,-0.9009688679024191
2016-12-23 05:00:00,-5.0,3.766666666666667,5,4,12,0.9659258262890683,0.25881904510252074,-0.433883739117558,-0.9009688679024191
2016-12-23 06:00:00,-4.166666666666667,4.6499999999999995,6,4,12,1.0,6.123233995736766e-17,-0.433883739117558,-0.9009688679024191
2016-12-23 07:00:00,-4.833333333333333,3.85,7,4,12,0.9659258262890683,-0.25881904510252063,-0.433883739117558,-0.9009688679024191
2016-12-23 08:00:00,-4.333333333333333,3.5833333333333335,8,4,12,0.8660254037844387,-0.49999999999999983,-0.433883739117558,-0.9009688679024191
2016-12-23 09:00:00,-4.833333333333333,1.633333333333333,9,4,12,0.7071067811865476,-0.7071067811865475,-0.433883739117558,-0.9009688679024191
2016-12-23 10:00:00,-5.666666666666667,1.9333333333333333,10,4,12,0.49999999999999994,-0.8660254037844387,-0.433883739117558,-0.9009688679024191
2016-12-23 11:00:00,-5.833333333333333,1.8166666666666667,11,4,12,0.258819045102521,-0.9659258262890682,-0.433883739117558,-0.9009688679024191
2016-12-23 12:00:00,-5.333333333333333,1.4333333333333333,12,4,12,1.2246467991473532e-16,-1.0,-0.433883739117558,-0.9009688679024191
2016-12-23 13:00:00,-5.833333333333333,1.9166666666666667,13,4,12,-0.2588190451025208,-0.9659258262890683,-0.433883739117558,-0.9009688679024191
2016-12-23 14:00:00,-5.5,2.1,14,4,12,-0.4999999999999998,-0.8660254037844388,-0.433883739117558,-0.9009688679024191
2016-12-23 15:00:00,-5.0,2.45,15,4,12,-0.7071067811865471,-0.7071067811865479,-0.433883739117558,-0.9009688679024191
2016-12-23 16:00:00,-5.166666666666667,2.433333333333333,16,4,12,-0.8660254037844384,-0.5000000000000004,-0.433883739117558,-0.9009688679024191
2016-12-23 17:00:00,15.166666666666666,2.783333333333333,17,4,12,-0.9659258262890683,-0.25881904510252063,-0.433883739117558,-0.9009688679024191
2016-12-23 18:00:00,141.16666666666666,3.9500000000000006,18,4,12,-1.0,-1.8369701987210297e-16,-0.433883739117558,-0.9009688679024191
2016-12-23 19:00:00,111.83333333333333,3.6666666666666665,19,4,12,-0.9659258262890684,0.2588190451025203,-0.433883739117558,-0.9009688679024191
2016-12-23 20:00:00,213.66666666666666,4.483333333333333,20,4,12,-0.8660254037844386,0.5000000000000001,-0.433883739117558,-0.9009688679024191
2016-12-23 21:00:00,289.0,4.766666666666667,21,4,12,-0.7071067811865477,0.7071067811865474,-0.433883739117558,-0.9009688679024191
2016-12-23 22:00:00,434.1666666666667,5.366666666666667,22,4,12,-0.5000000000000004,0.8660254037844384,-0.433883739117558,-0.9009688679024191
2016-12-23 23:00:00,1094.8333333333333,6.666666666666667,23,4,12,-0.25881904510252157,0.9659258262890681,-0.433883739117558,-0.9009688679024191
2016-12-24 00:00:00,2413.5,8.966666666666667,0,5,12,0.0,1.0,-0.9749279121818236,-0.2225209339563146
2016-12-24 01:00:00,2912.6666666666665,11.4,1,5,12,0.25881904510252074,0.9659258262890683,-0.9749279121818236,-0.2225209339563146
2016-12-24 02:00:00,2454.3333333333335,9.433333333333332,2,5,12,0.49999999999999994,0.8660254037844387,-0.9749279121818236,-0.2225209339563146
2016-12-24 03:00:00,1670.3333333333333,8.266666666666667,3,5,12,0.7071067811865475,0.7071067811865476,-0.9749279121818236,-0.2225209339563146
2016-12-24 04:00:00,1771.8333333333333,7.983333333333334,4,5,12,0.8660254037844386,0.5000000000000001,-0.9749279121818236,-0.2225209339563146
2016-12-24 05:00:00,2670.5,9.866666666666667,5,5,12,0.9659258262890683,0.25881904510252074,-0.9749279121818236,-0.2225209339563146
2016-12-24 06:00:00,2367.3333333333335,9.266666666666666,6,5,12,1.0,6.123233995736766e-17,-0.9749279121818236,-0.2225209339563146
2016-12-24 07:00:00,2541.6666666666665,9.766666666666667,7,5,12,0.9659258262890683,-0.25881904510252063,-0.9749279121818236,-0.2225209339563146
2016-12-24 08:00:00,2992.6666666666665,11.116666666666667,8,5,12,0.8660254037844387,-0.49999999999999983,-0.9749279121818236,-0.2225209339563146
2016-12-24 09:00:00,2517.6666666666665,10.066666666666666,9,5,12,0.7071067811865476,-0.7071067811865475,-0.9749279121818236,-0.2225209339563146
2016-12-24 10:00:00,1846.8333333333333,8.333333333333334,10,5,12,0.49999999999999994,-0.8660254037844387,-0.9749279121818236,-0.2225209339563146
2016-12-24 11:00:00,2232.3333333333335,9.049999999999999,11,5,12,0.258819045102521,-0.9659258262890682,-0.9749279121818236,-0.2225209339563146
2016-12-24 12:00:00,2812.3333333333335,10.549999999999999,12,5,12,1.2246467991473532e-16,-1.0,-0.9749279121818236,-0.2225209339563146
2016-12-24 13:00:00,2985.5,11.683333333333335,13,5,12,-0.2588190451025208,-0.9659258262890683,-0.9749279121818236,-0.2225209339563146
2016-12-24 14:00:00,2560.3333333333335,10.133333333333333,14,5,12,-0.4999999999999998,-0.8660254037844388,-0.9749279121818236,-0.2225209339563146
2016-12-24 15:00:00,2226.3333333333335,9.049999999999999,15,5,12,-0.7071067811865471,-0.7071067811865479,-0.9749279121818236,-0.2225209339563146
2016-12-24 16:00:00,2835.8333333333335,11.1,16,5,12,-0.8660254037844384,-0.5000000000000004,-0.9749279121818236,-0.2225209339563146
2016-12-24 17:00:00,2687.1666666666665,10.6,17,5,12,-0.9659258262890683,-0.25881904510252063,-0.9749279121818236,-0.2225209339563146
2016-12-24 18:00:00,2295.5,9.450000000000001,18,5,12,-1.0,-1.8369701987210297e-16,-0.9749279121818236,-0.2225209339563146
2016-12-24 19:00:00,1686.6666666666667,8.283333333333333,19,5,12,-0.9659258262890684,0.2588190451025203,-0.9749279121818236,-0.2225209339563146
2016-12-24 20:00:00,2287.8333333333335,9.366666666666665,20,5,12,-0.8660254037844386,0.5000000000000001,-0.9749279121818236,-0.2225209339563146
2016-12-24 21:00:00,2906.1666666666665,10.883333333333333,21,5,12,-0.7071067811865477,0.7071067811865474,-0.9749279121818236,-0.2225209339563146
2016-12-24 22:00:00,3038.5,13.1,22,5,12,-0.5000000000000004,0.8660254037844384,-0.9749279121818236,-0.2225209339563146
2016-12-24 23:00:00,3039.1666666666665,14.15,23,5,12,-0.25881904510252157,0.9659258262890681,-0.9749279121818236,-0.2225209339563146
2016-12-25 00:00:00,2031.5,14.950000000000001,0,6,12,0.0,1.0,-0.7818314824680299,0.6234898018587334
2016-12-25 01:00:00,2270.6666666666665,14.4,1,6,12,0.25881904510252074,0.9659258262890683,-0.7818314824680299,0.6234898018587334
2016-12-25 02:00:00,16.833333333333332,12.550000000000002,2,6,12,0.49999999999999994,0.8660254037844387,-0.7818314824680299,0.6234898018587334
2016-12-25 03:00:00,1014.1666666666666,12.033333333333333,3,6,12,0.7071067811865475,0.7071067811865476,-0.7818314824680299,0.6234898018587334
2016-12-25 04:00:00,3001.0,11.716666666666669,4,6,12,0.8660254037844386,0.5000000000000001,-0.7818314824680299,0.6234898018587334
2016-12-25 05:00:00,2984.5,13.149999999999999,5,6,12,0.9659258262890683,0.25881904510252074,-0.7818314824680299,0.6234898018587334
2016-12-25 06:00:00,712.6666666666666,10.883333333333333,6,6,12,1.0,6.123233995736766e-17,-0.7818314824680299,0.6234898018587334
2016-12-25 07:00:00,1513.1666666666667,9.983333333333333,7,6,12,0.9659258262890683,-0.25881904510252063,-0.7818314824680299,0.6234898018587334
2016-12-25 08:00:00,2991.3333333333335,11.4,8,6,12,0.8660254037844387,-0.49999999999999983,-0.7818314824680299,0.6234898018587334
2016-12-25 09:00:00,2705.0,10.416666666666666,9,6,12,0.7071067811865476,-0.7071067811865475,-0.7818314824680299,0.6234898018587334
2016-12-25 10:00:00,3020.0,11.916666666666666,10,6,12,0.49999999999999994,-0.8660254037844387,-0.7818314824680299,0.6234898018587334
2016-12-25 11:00:00,2859.6666666666665,10.549999999999999,11,6,12,0.258819045102521,-0.9659258262890682,-0.7818314824680299,0.6234898018587334
2016-12-25 12:00:00,2791.1666666666665,10.65,12,6,12,1.2246467991473532e-16,-1.0,-0.7818314824680299,0.6234898018587334
2016-12-25 13:00:00,2735.5,10.633333333333333,13,6,12,-0.2588190451025208,-0.9659258262890683,-0.7818314824680299,0.6234898018587334
2016-12-25 14:00:00,2829.5,11.366666666666667,14,6,12,-0.4999999999999998,-0.8660254037844388,-0.7818314824680299,0.6234898018587334
2016-12-25 15:00:00,2789.8333333333335,10.833333333333334,15,6,12,-0.7071067811865471,-0.7071067811865479,-0.7818314824680299,0.6234898018587334
2016-12-25 16:00:00,3013.5,12.25,16,6,12,-0.8660254037844384,-0.5000000000000004,-0.7818314824680299,0.6234898018587334
2016-12-25 17:00:00,2720.1666666666665,10.633333333333335,17,6,12,-0.9659258262890683,-0.25881904510252063,-0.7818314824680299,0.6234898018587334
2016-12-25 18:00:00,2509.5,9.983333333333333,18,6,12,-1.0,-1.8369701987210297e-16,-0.7818314824680299,0.6234898018587334
2016-12-25 19:00:00,2631.0,10.216666666666667,19,6,12,-0.9659258262890684,0.2588190451025203,-0.7818314824680299,0.6234898018587334
2016-12-25 20:00:00,2458.0,9.916666666666666,20,6,12,-0.8660254037844386,0.5000000000000001,-0.7818314824680299,0.6234898018587334
2016-12-25 21:00:00,2173.5,9.216666666666667,21,6,12,-0.7071067811865477,0.7071067811865474,-0.7818314824680299,0.6234898018587334
2016-12-25 22:00:00,2709.0,10.566666666666668,22,6,12,-0.5000000000000004,0.8660254037844384,-0.7818314824680299,0.6234898018587334
2016-12-25 23:00:00,2770.1666666666665,11.0,23,6,12,-0.25881904510252157,0.9659258262890681,-0.7818314824680299,0.6234898018587334
2016-12-26 00:00:00,2536.5,10.183333333333335,0,0,12,0.0,1.0,0.0,1.0
2016-12-26 01:00:00,522.3333333333334,9.816666666666666,1,0,12,0.25881904510252074,0.9659258262890683,0.0,1.0
2016-12-26 02:00:00,22.0,9.4,2,0,12,0.49999999999999994,0.8660254037844387,0.0,1.0
2016-12-26 03:00:00,34.5,8.916666666666666,3,0,12,0.7071067811865475,0.7071067811865476,0.0,1.0
2016-12-26 04:00:00,322.5,8.866666666666667,4,0,12,0.8660254037844386,0.5000000000000001,0.0,1.0
2016-12-26 05:00:00,247.66666666666666,7.8999999999999995,5,0,12,0.9659258262890683,0.25881904510252074,0.0,1.0
2016-12-26 06:00:00,25.0,7.983333333333334,6,0,12,1.0,6.123233995736766e-17,0.0,1.0
2016-12-26 07:00:00,217.0,8.216666666666665,7,0,12,0.9659258262890683,-0.25881904510252063,0.0,1.0
2016-12-26 08:00:00,2733.1666666666665,10.983333333333334,8,0,12,0.8660254037844387,-0.49999999999999983,0.0,1.0
2016-12-26 09:00:00,1670.1666666666667,9.15,9,0,12,0.7071067811865476,-0.7071067811865475,0.0,1.0
2016-12-26 10:00:00,2139.0,9.016666666666666,10,0,12,0.49999999999999994,-0.8660254037844387,0.0,1.0
2016-12-26 11:00:00,2571.0,10.149999999999999,11,0,12,0.258819045102521,-0.9659258262890682,0.0,1.0
2016-12-26 12:00:00,1805.8333333333333,8.333333333333334,12,0,12,1.2246467991473532e-16,-1.0,0.0,1.0
2016-12-26 13:00:00,1399.5,7.383333333333334,13,0,12,-0.2588190451025208,-0.9659258262890683,0.0,1.0
2016-12-26 14:00:00,2655.3333333333335,10.533333333333333,14,0,12,-0.4999999999999998,-0.8660254037844388,0.0,1.0
2016-12-26 15:00:00,2526.8333333333335,10.35,15,0,12,-0.7071067811865471,-0.7071067811865479,0.0,1.0
2016-12-26 16:00:00,1368.1666666666667,7.6499999999999995,16,0,12,-0.8660254037844384,-0.5000000000000004,0.0,1.0
2016-12-26 17:00:00,2617.0,12.050000000000002,17,0,12,-0.9659258262890683,-0.25881904510252063,0.0,1.0
2016-12-26 18:00:00,1777.1666666666667,8.766666666666667,18,0,12,-1.0,-1.8369701987210297e-16,0.0,1.0
2016-12-26 19:00:00,1285.0,7.616666666666667,19,0,12,-0.9659258262890684,0.2588190451025203,0.0,1.0
2016-12-26 20:00:00,1537.0,8.1,20,0,12,-0.8660254037844386,0.5000000000000001,0.0,1.0
2016-12-26 21:00:00,1316.8333333333333,7.3999999999999995,21,0,12,-0.7071067811865477,0.7071067811865474,0.0,1.0
2016-12-26 22:00:00,1851.1666666666667,8.566666666666668,22,0,12,-0.5000000000000004,0.8660254037844384,0.0,1.0
2016-12-26 23:00:00,2628.3333333333335,10.616666666666667,23,0,12,-0.25881904510252157,0.9659258262890681,0.0,1.0
2016-12-27 00:00:00,2017.5,10.950000000000001,0,1,12,0.0,1.0,0.7818314824680298,0.6234898018587336
2016-12-27 01:00:00,489.5,8.200000000000001,1,1,12,0.25881904510252074,0.9659258262890683,0.7818314824680298,0.6234898018587336
2016-12-27 02:00:00,320.1666666666667,7.033333333333334,2,1,12,0.49999999999999994,0.8660254037844387,0.7818314824680298,0.6234898018587336
2016-12-27 03:00:00,25.166666666666668,10.433333333333334,3,1,12,0.7071067811865475,0.7071067811865476,0.7818314824680298,0.6234898018587336
2016-12-27 04:00:00,-13.666666666666666,10.1,4,1,12,0.8660254037844386,0.5000000000000001,0.7818314824680298,0.6234898018587336
2016-12-27 05:00:00,330.1666666666667,7.416666666666667,5,1,12,0.9659258262890683,0.25881904510252074,0.7818314824680298,0.6234898018587336
2016-12-27 06:00:00,885.5,8.566666666666666,6,1,12,1.0,6.123233995736766e-17,0.7818314824680298,0.6234898018587336
2016-12-27 07:00:00,2311.0,9.416666666666666,7,1,12,0.9659258262890683,-0.25881904510252063,0.7818314824680298,0.6234898018587336
2016-12-27 08:00:00,2655.6666666666665,10.133333333333335,8,1,12,0.8660254037844387,-0.49999999999999983,0.7818314824680298,0.6234898018587336
2016-12-27 09:00:00,3023.3333333333335,13.1,9,1,12,0.7071067811865476,-0.7071067811865475,0.7818314824680298,0.6234898018587336
2016-12-27 10:00:00,2443.5,10.433333333333332,10,1,12,0.49999999999999994,-0.8660254037844387,0.7818314824680298,0.6234898018587336
2016-12-27 11:00:00,1660.8333333333333,8.233333333333333,11,1,12,0.258819045102521,-0.9659258262890682,0.7818314824680298,0.6234898018587336
2016-12-27 12:00:00,2487.3333333333335,9.933333333333332,12,1,12,1.2246467991473532e-16,-1.0,0.7818314824680298,0.6234898018587336
2016-12-27 13:00:00,2551.5,10.450000000000001,13,1,12,-0.2588190451025208,-0.9659258262890683,0.7818314824680298,0.6234898018587336
2016-12-27 14:00:00,1508.6666666666667,8.1,14,1,12,-0.4999999999999998,-0.8660254037844388,0.7818314824680298,0.6234898018587336
2016-12-27 15:00:00,1445.5,7.783333333333332,15,1,12,-0.7071067811865471,-0.7071067811865479,0.7818314824680298,0.6234898018587336
2016-12-27 16:00:00,1362.0,7.583333333333333,16,1,12,-0.8660254037844384,-0.5000000000000004,0.7818314824680298,0.6234898018587336
2016-12-27 17:00:00,1602.3333333333333,8.1,17,1,12,-0.9659258262890683,-0.25881904510252063,0.7818314824680298,0.6234898018587336
2016-12-27 18:00:00,1690.3333333333333,8.333333333333334,18,1,12,-1.0,-1.8369701987210297e-16,0.7818314824680298,0.6234898018587336
2016-12-27 19:00:00,756.8333333333334,6.433333333333333,19,1,12,-0.9659258262890684,0.2588190451025203,0.7818314824680298,0.6234898018587336
2016-12-27 20:00:00,1259.0,7.316666666666666,20,1,12,-0.8660254037844386,0.5000000000000001,0.7818314824680298,0.6234898018587336
2016-12-27 21:00:00,1345.3333333333333,7.633333333333334,21,1,12,-0.7071067811865477,0.7071067811865474,0.7818314824680298,0.6234898018587336
2016-12-27 22:00:00,1655.8333333333333,8.383333333333335,22,1,12,-0.5000000000000004,0.8660254037844384,0.7818314824680298,0.6234898018587336
2016-12-27 23:00:00,1168.6666666666667,7.2,23,1,12,-0.25881904510252157,0.9659258262890681,0.7818314824680298,0.6234898018587336
2016-12-28 00:00:00,1071.0,6.95,0,2,12,0.0,1.0,0.9749279121818236,-0.22252093395631434
2016-12-28 01:00:00,813.3333333333334,6.2,1,2,12,0.25881904510252074,0.9659258262890683,0.9749279121818236,-0.22252093395631434
2016-12-28 02:00:00,772.3333333333334,6.0,2,2,12,0.49999999999999994,0.8660254037844387,0.9749279121818236,-0.22252093395631434
2016-12-28 03:00:00,404.8333333333333,4.983333333333334,3,2,12,0.7071067811865475,0.7071067811865476,0.9749279121818236,-0.22252093395631434
2016-12-28 04:00:00,451.0,5.266666666666667,4,2,12,0.8660254037844386,0.5000000000000001,0.9749279121818236,-0.22252093395631434
2016-12-28 05:00:00,732.3333333333334,6.083333333333333,5,2,12,0.9659258262890683,0.25881904510252074,0.9749279121818236,-0.22252093395631434
2016-12-28 06:00:00,902.6666666666666,6.466666666666666,6,2,12,1.0,6.123233995736766e-17,0.9749279121818236,-0.22252093395631434
2016-12-28 07:00:00,639.0,5.666666666666667,7,2,12,0.9659258262890683,-0.25881904510252063,0.9749279121818236,-0.22252093395631434
2016-12-28 08:00:00,649.8333333333334,5.766666666666667,8,2,12,0.8660254037844387,-0.49999999999999983,0.9749279121818236,-0.22252093395631434
2016-12-28 09:00:00,452.0,5.3,9,2,12,0.7071067811865476,-0.7071067811865475,0.9749279121818236,-0.22252093395631434
2016-12-28 10:00:00,358.8333333333333,4.983333333333333,10,2,12,0.49999999999999994,-0.8660254037844387,0.9749279121818236,-0.22252093395631434
2016-12-28 11:00:00,294.1666666666667,4.933333333333334,11,2,12,0.258819045102521,-0.9659258262890682,0.9749279121818236,-0.22252093395631434
2016-12-28 12:00:00,125.0,3.9333333333333336,12,2,12,1.2246467991473532e-16,-1.0,0.9749279121818236,-0.22252093395631434
2016-12-28 13:00:00,184.5,4.316666666666666,13,2,12,-0.2588190451025208,-0.9659258262890683,0.9749279121818236,-0.22252093395631434
2016-12-28 14:00:00,210.5,4.366666666666666,14,2,12,-0.4999999999999998,-0.8660254037844388,0.9749279121818236,-0.22252093395631434
2016-12-28 15:00:00,226.5,4.55,15,2,12,-0.7071067811865471,-0.7071067811865479,0.9749279121818236,-0.22252093395631434
2016-12-28 16:00:00,270.0,4.766666666666667,16,2,12,-0.8660254037844384,-0.5000000000000004,0.9749279121818236,-0.22252093395631434
2016-12-28 17:00:00,570.0,5.6000000000000005,17,2,12,-0.9659258262890683,-0.25881904510252063,0.9749279121818236,-0.22252093395631434
2016-12-28 18:00:00,548.8333333333334,5.6499999999999995,18,2,12,-1.0,-1.8369701987210297e-16,0.9749279121818236,-0.22252093395631434
2016-12-28 19:00:00,254.0,4.666666666666667,19,2,12,-0.9659258262890684,0.2588190451025203,0.9749279121818236,-0.22252093395631434
2016-12-28 20:00:00,91.16666666666667,3.4666666666666672,20,2,12,-0.8660254037844386,0.5000000000000001,0.9749279121818236,-0.22252093395631434
2016-12-28 21:00:00,7.666666666666667,2.733333333333334,21,2,12,-0.7071067811865477,0.7071067811865474,0.9749279121818236,-0.22252093395631434
2016-12-28 22:00:00,7.666666666666667,2.3,22,2,12,-0.5000000000000004,0.8660254037844384,0.9749279121818236,-0.22252093395631434
2016-12-28 23:00:00,32.666666666666664,2.5833333333333335,23,2,12,-0.25881904510252157,0.9659258262890681,0.9749279121818236,-0.22252093395631434
2016-12-29 00:00:00,45.333333333333336,2.733333333333333,0,3,12,0.0,1.0,0.43388373911755823,-0.900968867902419
2016-12-29 01:00:00,46.333333333333336,2.766666666666667,1,3,12,0.25881904510252074,0.9659258262890683,0.43388373911755823,-0.900968867902419
2016-12-29 03:00:00,19.333333333333332,2.3833333333333333,3,3,12,0.7071067811865475,0.7071067811865476,0.43388373911755823,-0.900968867902419
2016-12-29 04:00:00,121.16666666666667,3.5833333333333335,4,3,12,0.8660254037844386,0.5000000000000001,0.43388373911755823,-0.900968867902419
2016-12-29 05:00:00,215.5,4.1,5,3,12,0.9659258262890683,0.25881904510252074,0.43388373911755823,-0.900968867902419
2016-12-29 06:00:00,87.5,3.216666666666667,6,3,12,1.0,6.123233995736766e-17,0.43388373911755823,-0.900968867902419
2016-12-29 07:00:00,30.333333333333332,2.566666666666667,7,3,12,0.9659258262890683,-0.25881904510252063,0.43388373911755823,-0.900968867902419
2016-12-29 08:00:00,99.83333333333333,3.4333333333333336,8,3,12,0.8660254037844387,-0.49999999999999983,0.43388373911755823,-0.900968867902419
2016-12-29 09:00:00,76.33333333333333,3.4,9,3,12,0.7071067811865476,-0.7071067811865475,0.43388373911755823,-0.900968867902419
2016-12-29 10:00:00,67.0,3.0833333333333335,10,3,12,0.49999999999999994,-0.8660254037844387,0.43388373911755823,-0.900968867902419
2016-12-29 11:00:00,99.5,3.4333333333333336,11,3,12,0.258819045102521,-0.9659258262890682,0.43388373911755823,-0.900968867902419
2016-12-29 12:00:00,38.5,2.7999999999999994,12,3,12,1.2246467991473532e-16,-1.0,0.43388373911755823,-0.900968867902419
2016-12-29 13:00:00,19.833333333333332,2.4166666666666665,13,3,12,-0.2588190451025208,-0.9659258262890683,0.43388373911755823,-0.900968867902419
2016-12-29 14:00:00,25.833333333333332,2.6999999999999997,14,3,12,-0.4999999999999998,-0.8660254037844388,0.43388373911755823,-0.900968867902419
2016-12-29 15:00:00,34.5,2.6833333333333336,15,3,12,-0.7071067811865471,-0.7071067811865479,0.43388373911755823,-0.900968867902419
2016-12-29 16:00:00,44.666666666666664,2.6666666666666665,16,3,12,-0.8660254037844384,-0.5000000000000004,0.43388373911755823,-0.900968867902419
2016-12-29 17:00:00,254.33333333333334,4.583333333333333,17,3,12,-0.9659258262890683,-0.25881904510252063,0.43388373911755823,-0.900968867902419
2016-12-29 18:00:00,82.66666666666667,3.3333333333333335,18,3,12,-1.0,-1.8369701987210297e-16,0.43388373911755823,-0.900968867902419
2016-12-29 19:00:00,25.833333333333332,2.3833333333333333,19,3,12,-0.9659258262890684,0.2588190451025203,0.43388373911755823,-0.900968867902419
2016-12-29 20:00:00,187.0,3.9666666666666663,20,3,12,-0.8660254037844386,0.5000000000000001,0.43388373911755823,-0.900968867902419
2016-12-29 21:00:00,257.8333333333333,4.55,21,3,12,-0.7071067811865477,0.7071067811865474,0.43388373911755823,-0.900968867902419
2016-12-29 22:00:00,212.33333333333334,4.416666666666667,22,3,12,-0.5000000000000004,0.8660254037844384,0.43388373911755823,-0.900968867902419
2016-12-29 23:00:00,109.0,3.6166666666666667,23,3,12,-0.25881904510252157,0.9659258262890681,0.43388373911755823,-0.900968867902419
2016-12-30 00:00:00,78.0,3.1833333333333336,0,4,12,0.0,1.0,-0.433883739117558,-0.9009688679024191
2016-12-30 01:00:00,88.66666666666667,3.4,1,4,12,0.25881904510252074,0.9659258262890683,-0.433883739117558,-0.9009688679024191
2016-12-30 02:00:00,56.166666666666664,2.85,2,4,12,0.49999999999999994,0.8660254037844387,-0.433883739117558,-0.9009688679024191
2016-12-30 03:00:00,65.83333333333333,2.9,3,4,12,0.7071067811865475,0.7071067811865476,-0.433883739117558,-0.9009688679024191
2016-12-30 04:00:00,61.5,2.983333333333333,4,4,12,0.8660254037844386,0.5000000000000001,-0.433883739117558,-0.9009688679024191
2016-12-30 05:00:00,28.333333333333332,2.533333333333333,5,4,12,0.9659258262890683,0.25881904510252074,-0.433883739117558,-0.9009688679024191
2016-12-30 06:00:00,66.0,2.9166666666666665,6,4,12,1.0,6.123233995736766e-17,-0.433883739117558,-0.9009688679024191
2016-12-30 07:00:00,67.16666666666667,3.0499999999999994,7,4,12,0.9659258262890683,-0.25881904510252063,-0.433883739117558,-0.9009688679024191
2016-12-30 08:00:00,10.0,2.0666666666666664,8,4,12,0.8660254037844387,-0.49999999999999983,-0.433883739117558,-0.9009688679024191
2016-12-30 09:00:00,27.0,2.4333333333333336,9,4,12,0.7071067811865476,-0.7071067811865475,-0.433883739117558,-0.9009688679024191
2016-12-30 10:00:00,5.0,1.9333333333333333,10,4,12,0.49999999999999994,-0.8660254037844387,-0.433883739117558,-0.9009688679024191
2016-12-30 11:00:00,-1.3333333333333333,1.633333333333333,11,4,12,0.258819045102521,-0.9659258262890682,-0.433883739117558,-0.9009688679024191
2016-12-30 12:00:00,-2.1666666666666665,1.45,12,4,12,1.2246467991473532e-16,-1.0,-0.433883739117558,-0.9009688679024191
2016-12-30 13:00:00,5.0,2.15,13,4,12,-0.2588190451025208,-0.9659258262890683,-0.433883739117558,-0.9009688679024191
2016-12-30 14:00:00,4.833333333333333,1.9833333333333334,14,4,12,-0.4999999999999998,-0.8660254037844388,-0.433883739117558,-0.9009688679024191
2016-12-30 15:00:00,-2.3333333333333335,1.5833333333333333,15,4,12,-0.7071067811865471,-0.7071067811865479,-0.433883739117558,-0.9009688679024191
2016-12-30 16:00:00,-2.6666666666666665,1.4333333333333336,16,4,12,-0.8660254037844384,-0.5000000000000004,-0.433883739117558,-0.9009688679024191
2016-12-30 17:00:00,-2.3333333333333335,0.9,17,4,12,-0.9659258262890683,-0.25881904510252063,-0.433883739117558,-0.9009688679024191
2016-12-30 18:00:00,-2.8333333333333335,1.3166666666666667,18,4,12,-1.0,-1.8369701987210297e-16,-0.433883739117558,-0.9009688679024191
2016-12-30 19:00:00,-3.1666666666666665,1.0833333333333335,19,4,12,-0.9659258262890684,0.2588190451025203,-0.433883739117558,-0.9009688679024191
2016-12-30 20:00:00,-3.3333333333333335,0.2833333333333333,20,4,12,-0.8660254037844386,0.5000000000000001,-0.433883739117558,-0.9009688679024191
2016-12-30 21:00:00,-3.3333333333333335,0.6666666666666666,21,4,12,-0.7071067811865477,0.7071067811865474,-0.433883739117558,-0.9009688679024191
2016-12-30 22:00:00,-4.0,1.0333333333333334,22,4,12,-0.5000000000000004,0.8660254037844384,-0.433883739117558,-0.9009688679024191
2016-12-30 23:00:00,-4.833333333333333,1.5166666666666666,23,4,12,-0.25881904510252157,0.9659258262890681,-0.433883739117558,-0.9009688679024191
2016-12-31 00:00:00,-4.666666666666667,0.9166666666666666,0,5,12,0.0,1.0,-0.9749279121818236,-0.2225209339563146
2016-12-31 01:00:00,-4.333333333333333,0.5666666666666668,1,5,12,0.25881904510252074,0.9659258262890683,-0.9749279121818236,-0.2225209339563146
2016-12-31 02:00:00,-5.0,0.4833333333333334,2,5,12,0.49999999999999994,0.8660254037844387,-0.9749279121818236,-0.2225209339563146
2016-12-31 03:00:00,-4.833333333333333,1.8333333333333333,3,5,12,0.7071067811865475,0.7071067811865476,-0.9749279121818236,-0.2225209339563146
2016-12-31 04:00:00,-3.6666666666666665,1.8833333333333335,4,5,12,0.8660254037844386,0.5000000000000001,-0.9749279121818236,-0.2225209339563146
2016-12-31 05:00:00,-5.666666666666667,1.7666666666666666,5,5,12,0.9659258262890683,0.25881904510252074,-0.9749279121818236,-0.2225209339563146
2016-12-31 06:00:00,-3.6666666666666665,2.0833333333333335,6,5,12,1.0,6.123233995736766e-17,-0.9749279121818236,-0.2225209339563146
2016-12-31 07:00:00,-5.833333333333333,1.4666666666666666,7,5,12,0.9659258262890683,-0.25881904510252063,-0.9749279121818236,-0.2225209339563146
2016-12-31 08:00:00,-5.833333333333333,1.7999999999999998,8,5,12,0.8660254037844387,-0.49999999999999983,-0.9749279121818236,-0.2225209339563146
2016-12-31 09:00:00,-5.833333333333333,1.916666666666667,9,5,12,0.7071067811865476,-0.7071067811865475,-0.9749279121818236,-0.2225209339563146
2016-12-31 10:00:00,-5.5,0.8833333333333333,10,5,12,0.49999999999999994,-0.8660254037844387,-0.9749279121818236,-0.2225209339563146
2016-12-31 11:00:00,-5.5,0.9833333333333333,11,5,12,0.258819045102521,-0.9659258262890682,-0.9749279121818236,-0.2225209339563146
2016-12-31 12:00:00,-5.666666666666667,0.9499999999999997,12,5,12,1.2246467991473532e-16,-1.0,-0.9749279121818236,-0.2225209339563146
2016-12-31 13:00:00,-5.0,1.0833333333333333,13,5,12,-0.2588190451025208,-0.9659258262890683,-0.9749279121818236,-0.2225209339563146
2016-12-31 14:00:00,-6.0,1.2499999999999998,14,5,12,-0.4999999999999998,-0.8660254037844388,-0.9749279121818236,-0.2225209339563146
2016-12-31 15:00:00,-5.5,1.0999999999999999,15,5,12,-0.7071067811865471,-0.7071067811865479,-0.9749279121818236,-0.2225209339563146
2016-12-31 16:00:00,-4.666666666666667,0.6833333333333332,16,5,12,-0.8660254037844384,-0.5000000000000004,-0.9749279121818236,-0.2225209339563146
2016-12-31 17:00:00,-5.0,0.45,17,5,12,-0.9659258262890683,-0.25881904510252063,-0.9749279121818236,-0.2225209339563146
2016-12-31 18:00:00,-5.166666666666667,0.7000000000000001,18,5,12,-1.0,-1.8369701987210297e-16,-0.9749279121818236,-0.2225209339563146
2016-12-31 19:00:00,-4.666666666666667,0.8166666666666668,19,5,12,-0.9659258262890684,0.2588190451025203,-0.9749279121818236,-0.2225209339563146
2016-12-31 20:00:00,-5.333333333333333,0.6833333333333332,20,5,12,-0.8660254037844386,0.5000000000000001,-0.9749279121818236,-0.2225209339563146
2016-12-31 21:00:00,-4.833333333333333,0.3333333333333333,21,5,12,-0.7071067811865477,0.7071067811865474,-0.9749279121818236,-0.2225209339563146
2016-12-31 22:00:00,-5.333333333333333,0.6833333333333332,22,5,12,-0.5000000000000004,0.8660254037844384,-0.9749279121818236,-0.2225209339563146
2016-12-31 23:00:00,-6.0,1.4166666666666663,23,5,12,-0.25881904510252157,0.9659258262890681,-0.9749279121818236,-0.2225209339563146
