timestamp,y_true,bid,nv_loss,q_spread
2023-01-31 00:00:00,2.360947,1.451311629565003,9.818367207546348,1.9126538736076768
2023-01-31 01:00:00,1.654766666666667,1.36368866315855,3.141820137354019,1.878453583981206
2023-01-31 02:00:00,2.313248333333333,1.36368866315855,10.24929969773955,1.878453583981206
2023-01-31 03:00:00,1.964548,1.3097048361845296,7.068206508523375,1.774735751125396
2023-01-31 04:00:00,1.7305733333333335,1.1413097378757853,6.360357732653375,1.5572076585100534
2023-01-31 05:00:00,1.743567,1.3596505783480204,4.143893836256338,1.8279066565506692
2023-01-31 06:00:00,0.753583,1.1204266980620754,4.702186926173655,1.5572076585100534
2023-01-31 07:00:00,0.973021,1.0703735684145312,1.247861083198364,1.478018957953486
2023-01-31 08:00:00,0.5282593333333334,1.1006929091942086,7.3374292395786735,1.5510900415844808
2023-01-31 09:00:00,0.7976076666666667,1.0920400871804488,3.7740222489723565,1.5510900415844808
2023-01-31 10:00:00,2.0374766666666666,1.3375516092829876,7.554808722828789,1.835823814957953
2023-01-31 11:00:00,2.450504,1.444100603869293,10.862856066610188,1.870024104584424
2023-01-31 12:00:00,2.479346,1.339328402809257,12.305052943280685,1.835823814957953
2023-01-31 13:00:00,2.387451666666668,1.4963896088578408,9.617891709834465,1.870024104584424
2023-01-31 14:00:00,2.490781333333334,1.436541682138405,11.37918814132907,1.870024104584424
2023-01-31 15:00:00,2.3992253333333333,1.2101101905591518,12.834999059268808,1.728179821129039
2023-01-31 16:00:00,1.8294123333333328,1.3451105310138756,5.227427482481292,1.835823814957953
2023-01-31 17:00:00,1.9451246666666668,1.50596567918592,4.740167699853475,1.8812313047524112
2023-01-31 18:00:00,2.297293666666667,1.5245438113305947,8.340860619392613,1.886514760994215
2023-01-31 19:00:00,2.4370496666666663,1.4502627095844978,10.651121334053672,1.8816875164088869
2023-01-31 20:00:00,2.5203950000000006,1.508621341417199,10.920821280441253,1.90733632883728
2023-01-31 21:00:00,2.524042,1.5196958090332442,10.840651130019747,1.90733632883728
2023-01-31 22:00:00,2.188482,1.5081480243380958,7.343347690651193,1.90733632883728
2023-01-31 23:00:00,2.240707,1.36368866315855,9.466307444424809,1.847487226782416
2023-02-01 00:00:00,2.2607320000000004,1.4706457826169266,8.527984794807024,1.8940057814034992
2023-02-01 01:00:00,2.189067,1.4082432937572085,8.42800766265594,1.8525868097784408
2023-02-01 02:00:00,2.2289803333333333,1.4082432937572085,8.85882178431489,1.8525868097784408
2023-02-01 03:00:00,2.225355333333333,1.2153053627861872,10.902216240844748,1.6468668398214903
2023-02-01 04:00:00,2.266916333333333,1.2548892069738176,10.923557145588918,1.6468668398214903
2023-02-01 05:00:00,2.479325,1.3195461943054416,12.518350279621686,1.6468668398214903
2023-02-01 06:00:00,2.398073333333333,1.4435683089056839,10.302678563166497,1.8711172738313695
2023-02-01 07:00:00,2.3865496666666663,1.4435683089056839,10.178295107346624,1.8711172738313695
2023-02-01 08:00:00,2.5157233333333333,1.5546864882430331,10.373181333709685,1.903399441452906
2023-02-01 09:00:00,2.5276980000000004,1.5947579701977896,10.069911629356453,1.9121784117992715
2023-02-01 10:00:00,2.524124666666667,1.5948498940429003,10.030349798256093,1.924663389190576
2023-02-01 11:00:00,2.5210736666666667,1.5947579701977896,9.998410301147594,1.93183827196291
2023-02-01 12:00:00,2.529194,1.409979507292599,12.080509653174529,1.8863416741572776
2023-02-01 13:00:00,2.4790210000000004,1.5940560079964943,9.55208156995766,1.9355424180052785
2023-02-01 14:00:00,2.530177333333333,1.5948498940429003,10.095680705397255,1.904824031304274
2023-02-01 15:00:00,2.5300990000000003,1.5943603556567434,10.100119145609069,1.9355424180052785
2023-02-01 16:00:00,2.530067,1.5943603556567434,10.0997737459458,1.9355424180052785
2023-02-01 17:00:00,2.528904333333333,1.5943603556567434,10.0872242248472,1.948810825442361
2023-02-01 18:00:00,2.5134666666666665,1.5943603556567434,9.920594072714321,1.9355424180052785
2023-02-01 19:00:00,2.401707666666667,1.5961511659690744,8.69496700253943,1.9355424180052785
2023-02-01 20:00:00,2.524958666666667,1.5961511659690744,10.025306186820055,1.9355424180052785
2023-02-01 21:00:00,2.529626666666667,1.5943603556567434,10.095020902662764,1.9355424180052785
2023-02-01 22:00:00,2.521657333333333,1.5947579701977896,10.004710247089005,1.9366912287174471
2023-02-01 23:00:00,2.4301546666666662,1.5453186035079678,9.550689945595733,1.915174498163247
2023-02-02 00:00:00,1.9320006666666667,1.261890892249264,7.23299032605755,1.0459543094145294
2023-02-02 01:00:00,2.3320666666666665,1.157141680474958,12.681834205979657,1.1157554953571136
2023-02-02 02:00:00,2.0229596666666665,1.247047095894288,8.374998145852011,1.1077169180804316
2023-02-02 03:00:00,2.175341,1.3991888125358238,8.377584505997618,0.9161609101522685
2023-02-02 04:00:00,1.0275186666666667,1.8498541937625894,10.540661826455183,1.2451901801389846
2023-02-02 05:00:00,0.7543926666666666,1.680642074341957,11.872625530042075,1.178456845155762
2023-02-02 06:00:00,1.639362666666667,1.5315812282210437,1.163364767039152,1.0748892514215225
2023-02-02 07:00:00,1.186421,1.246032116444136,0.764092756340059,1.1098891596879528
2023-02-02 08:00:00,0.3155496666666667,1.1596578811206641,10.81974320739111,1.0949661841877991
2023-02-02 09:00:00,0.096755,1.1596578811206641,13.6242439431307,1.1048277341877992
2023-02-02 10:00:00,1.5511636666666666,1.1596578811206641,4.225811452924625,1.1188861297204302
2023-02-02 11:00:00,2.4215356666666668,1.4023484029091304,11.00084180328273,0.9361774140195762
2023-02-02 12:00:00,2.5116023333333337,1.5120431936577432,10.788980945519835,1.0377938526192758
2023-02-02 13:00:00,2.516736666666666,1.4207641593902776,11.829641717503783,1.0786100694852312
2023-02-02 14:00:00,2.5051000000000005,1.2485659814565506,13.562700840155008,1.0380433642324163
2023-02-02 15:00:00,2.333430666666666,1.233140464715522,11.876245788964358,1.0014597232890239
2023-02-02 16:00:00,2.153987,1.233140464715522,9.939377600165429,1.0154871234015173
2023-02-02 17:00:00,2.125371,1.2495632965399943,9.45324018310333,1.0370545755040765
2023-02-02 18:00:00,1.7346076666666668,1.2495632965399943,5.235442565936386,1.0838211252388654
2023-02-02 19:00:00,1.5445556666666669,1.2495632965399943,3.184070790852203,1.0838211252388654
2023-02-02 20:00:00,1.368787,1.4023484029091304,0.4301886356969817,0.8900928757031812
2023-02-02 21:00:00,1.6809960000000002,1.4207641593902776,2.808874691163424,1.0941887092785783
2023-02-02 22:00:00,1.742117,1.6125516086519445,1.3984950794474011,1.12335175953804
2023-02-02 23:00:00,2.359574333333333,1.6125516086519445,8.063168673615031,1.12335175953804
2023-02-03 00:00:00,2.3814083333333333,1.7707458914829308,6.5913313057263405,1.9230903850827497
2023-02-03 01:00:00,2.442747666666666,1.6988786737402601,8.029128114671384,1.967484956864138
2023-02-03 02:00:00,2.500849333333333,1.6023480091411533,9.69818921307643,1.8877475717564376
2023-02-03 03:00:00,2.4142710000000003,1.7675208576661579,6.98085254306886,1.961805941193533
2023-02-03 04:00:00,2.391402,1.5910544414823031,8.638743037698841,1.8801562177868056
2023-02-03 05:00:00,2.518072666666667,1.850413679678404,7.206537165033889,1.96838430218306
2023-02-03 06:00:00,2.514178,1.5941958060824717,9.930048124631373,1.8801562177868056
2023-02-03 07:00:00,2.524911,1.7731351249239637,8.11447294066989,1.988536433253535
2023-02-03 08:00:00,2.5299503333333337,1.7732729878042646,8.167378135794177,2.0011830412618936
2023-02-03 09:00:00,2.530044666666667,1.7731351249239637,8.169884401231691,2.0011830412618936
2023-02-03 10:00:00,2.528707333333333,1.9215898538870797,6.55306790508017,2.043518528091776
2023-02-03 11:00:00,2.518902333333333,1.7748712962075017,8.030877177543742,2.013512740407104
2023-02-03 12:00:00,2.5297466666666666,1.9322438973610478,6.4492892286752195,2.059883272445613
2023-02-03 13:00:00,2.515101333333333,1.9097140661717322,6.534392444439711,2.075867323573034
2023-02-03 14:00:00,2.480064666666667,1.9120453786120946,6.131052213176195,2.101230784056802
2023-02-03 15:00:00,2.357197333333333,1.9091114368623963,4.83652242982854,2.113879622006548
2023-02-03 16:00:00,2.283241333333333,1.919530555400835,3.925799381983022,2.163522674491437
2023-02-03 17:00:00,2.328717,1.926755546660735,4.3386672071432395,2.157455285196678
2023-02-03 18:00:00,2.466313,1.927421741578561,5.816651849837607,2.144643948186077
2023-02-03 19:00:00,2.5075526666666663,1.9334749147715744,6.196445693501634,2.112079175512226
2023-02-03 20:00:00,2.529944,1.7776924981023647,8.119606732670508,2.0296050560666
2023-02-03 21:00:00,2.529277333333333,1.760547994960123,8.297464206732588,2.0296050560666
2023-02-03 22:00:00,2.442511,1.5917973587988183,9.182381412661787,1.8271803465674703
2023-02-03 23:00:00,1.8108986666666669,1.744575172730173,0.7158785147553852,1.9850301811217927
2023-02-04 00:00:00,1.40084,1.820883011386628,5.384093462711177,2.3458644135455136
2023-02-04 01:00:00,1.645122,1.903454271945727,3.311292079348697,2.357145228543613
2023-02-04 02:00:00,2.326026666666666,1.5996929541072715,7.839856866733581,2.2935068343436034
2023-02-04 03:00:00,1.9128493333333336,1.492570419094024,4.536381107978584,2.0620177349941566
2023-02-04 04:00:00,2.071768333333333,1.453141170555406,6.677300428425107,2.0620177349941566
2023-02-04 05:00:00,1.500338,1.2928073510324571,2.240031758449903,1.7894180626246963
2023-02-04 06:00:00,0.7870176666666666,1.2321291848806064,5.705420517488973,1.7683725599716276
2023-02-04 07:00:00,0.1444463333333333,0.9995625649281098,10.960843503118983,1.3445048392095547
2023-02-04 08:00:00,0.3342563333333333,0.5827213719024356,3.1848143014117336,1.4762903077759781
2023-02-04 09:00:00,0.222873,0.5530093136656168,4.231673233516869,1.4916201077759783
2023-02-04 10:00:00,0.036328,0.48446523033517935,5.744203966827253,1.5478806522951947
2023-02-04 11:00:00,0.0061383333333333,0.4274738557557461,5.4006608142194885,1.5697175229704337
2023-02-04 12:00:00,0.0,0.40366191413599045,5.174121254560304,1.5755731222837512
2023-02-04 13:00:00,0.0,0.3983113603619347,5.105538083751965,1.5697175229704337
2023-02-04 14:00:00,0.0,0.3983113603619347,5.105538083751965,1.559553454773491
2023-02-04 15:00:00,0.0,0.3983113603619347,5.105538083751965,1.559553454773491
2023-02-04 16:00:00,0.0,0.40366191413599045,5.174121254560304,1.559553454773491
2023-02-04 17:00:00,0.0,0.48446523033517935,6.2098547264189605,1.4864839589582488
2023-02-04 18:00:00,0.0021606666666666,0.48446523033517935,6.182159392941814,1.4669464104101222
2023-02-04 19:00:00,0.0096843333333333,0.690724933055409,8.729549454233013,1.3514595215706604
2023-02-04 20:00:00,0.0,0.9358123000371338,11.995202277789986,1.3766446335935336
2023-02-04 21:00:00,0.0,0.6024017099390316,7.7215595081604755,1.4212139275575724
2023-02-04 22:00:00,0.0,0.5493120371832955,7.041058339772903,1.4846837960485098
2023-02-04 23:00:00,0.0,0.48446523033517935,6.2098547264189605,1.4758693595767889
2023-02-05 00:00:00,0.0054379999999999,0.3034996882022612,3.8205420479126233,1.0923639439637949
2023-02-05 01:00:00,0.0,0.3034996882022612,3.890246100727522,1.0923639439637949
2023-02-05 02:00:00,0.0,0.29864261341402604,3.8279883225802136,1.0923639439637949
2023-02-05 03:00:00,0.0,0.3034996882022612,3.890246100727522,1.0923639439637949
2023-02-05 04:00:00,0.001251,0.3034996882022612,3.8742108359111485,1.0923639439637949
2023-02-05 05:00:00,0.0552416666666666,0.3034996882022612,3.182160765877125,1.0923639439637949
2023-02-05 06:00:00,0.0114476666666666,0.3034996882022612,3.7435103960675917,1.0923639439637949
2023-02-05 07:00:00,0.0053136666666666,0.3034996882022612,3.82213574729352,1.0923639439637949
2023-02-05 08:00:00,0.0,0.321980539040682,4.1271328611000095,1.0923639439637949
2023-02-05 09:00:00,0.0335726666666666,0.3034996882022612,3.4599130866652974,1.0923639439637949
2023-02-05 10:00:00,0.0083646666666666,0.3034996882022612,3.7830281590003496,1.0923639439637949
2023-02-05 11:00:00,0.0,0.3034996882022612,3.890246100727522,1.0923639439637949
2023-02-05 12:00:00,0.0,0.3034996882022612,3.890246100727522,1.10074942713122
2023-02-05 13:00:00,0.0,0.3034996882022612,3.890246100727522,1.0923639439637949
2023-02-05 14:00:00,0.0,0.30051967737914637,3.8520484486857107,1.0923639439637949
2023-02-05 15:00:00,0.0090436666666666,0.2967553647459237,3.6878763145239533,1.0923639439637949
2023-02-05 16:00:00,0.149592,0.3034996882022612,1.9727822043158627,1.0923639439637949
2023-02-05 17:00:00,0.0738776666666666,0.32769365834469466,3.2534025908774598,1.0923639439637949
2023-02-05 18:00:00,0.1502653333333333,0.32131710341128505,2.192534316953986,1.0923639439637949
2023-02-05 19:00:00,0.1299636666666666,0.31305596477904163,2.346869293421572,1.0923639439637949
2023-02-05 20:00:00,0.0398516666666666,0.4160973382215524,4.822701022699428,1.0923639439637949
2023-02-05 21:00:00,0.057881,0.4497510013987106,5.022973018402148,1.1491981282860193
2023-02-05 22:00:00,0.1415816666666667,0.41958892782147206,3.563485254589997,1.0923639439637949
2023-02-05 23:00:00,0.2649253333333333,0.4097363659713159,1.8561816600180634,1.0923639439637949
2023-02-06 00:00:00,0.4019593333333334,0.32323599715652096,0.8497191814533742,0.7369145634801377
2023-02-06 01:00:00,0.227756,0.3759743792166859,1.8998568836077299,0.734279200175392
2023-02-06 02:00:00,0.1622123333333333,0.3286882027298377,2.133880616553959,0.734279200175392
2023-02-06 03:00:00,0.175444,0.32827879128737975,1.9590298572728617,0.7369145634801377
2023-02-06 04:00:00,0.2555693333333333,0.24888283548016432,0.07217231584067446,0.7220641764279707
2023-02-06 05:00:00,0.1367966666666666,0.18518518337475076,0.6202419500285026,0.7220641764279707
2023-02-06 06:00:00,0.0,0.07494546434340893,0.9606477758054841,0.7220641764279707
2023-02-06 07:00:00,0.0,0.07494546434340893,0.9606477758054841,0.7220641764279707
2023-02-06 08:00:00,0.0,0.07502118253430465,0.9616183283573863,0.7220641764279707
2023-02-06 09:00:00,0.0,0.0750215667044028,0.9616232526333721,0.6654160825509634
2023-02-06 10:00:00,0.0,0.14059360590671183,1.802122863471636,0.6743694229653368
2023-02-06 11:00:00,0.0,0.2622150736285214,3.3610616662496313,0.7310175168423441
2023-02-06 12:00:00,0.0,0.5063176404544998,6.489957990319287,0.896649005155579
2023-02-06 13:00:00,0.3588816666666666,0.759806907455088,5.139042691935059,1.462791501556208
2023-02-06 14:00:00,0.6906966666666667,0.7643403114297102,0.9439611077684724,1.462791501556208
2023-02-06 15:00:00,0.7120416666666667,0.8217659967501585,1.4064417983117496,1.536609612952674
2023-02-06 16:00:00,0.7749703333333333,0.8023776914589669,0.3513063512883514,1.4830216418032702
2023-02-06 17:00:00,0.84346,0.8600415317051776,0.2125413684681223,1.6198760991824928
2023-02-06 18:00:00,1.4856686666666667,0.9000288005976006,6.321244141698925,1.6484369458541237
2023-02-06 19:00:00,1.5945673333333334,0.8853185885532528,7.655446175550603,1.6199798650828223
2023-02-06 20:00:00,1.0330986666666668,0.8392169424010701,2.0927088210758074,1.5901945937790052
2023-02-06 21:00:00,1.289473,0.7234717377806871,6.109270168052537,1.4740683013888969
2023-02-06 22:00:00,1.0073043333333334,0.8234704562597606,1.9842549761803228,1.5345908032359252
2023-02-06 23:00:00,0.8908389999999999,0.8436370398220081,0.5094856609653151,1.5345908032359252
2023-02-07 00:00:00,1.028644,0.9701423237418149,0.6314518524990702,1.436061996876821
2023-02-07 01:00:00,1.1345653333333332,0.9187873156960419,2.3290517072420003,1.3997303034091757
2023-02-07 02:00:00,0.9731383333333332,0.8731043530913918,1.0797407215796075,1.3405950148680597
2023-02-07 03:00:00,0.477445,0.9071084074418687,5.50740729035641,1.3405950148680597
2023-02-07 04:00:00,0.5807923333333334,0.9071084074418687,4.182705565283625,1.3405950148680597
2023-02-07 05:00:00,0.5349803333333333,0.7050583898548343,2.180053297982778,1.0377958021495577
2023-02-07 06:00:00,0.4929316666666666,0.684223055104601,2.4519648846475612,1.0377958021495577
2023-02-07 07:00:00,0.5336050000000001,0.7580621980694682,2.877082822530121,1.20612758484252
2023-02-07 08:00:00,1.071556333333333,0.8425000910446969,2.4723734048457926,1.3405950148680597
2023-02-07 09:00:00,0.5809460000000001,0.3099002137115614,2.925597603537994,0.5575602325863045
2023-02-07 10:00:00,0.18553,0.07660709360603038,1.1756854746949565,0.5575602325863045
2023-02-07 11:00:00,0.0132706666666666,0.04946587800659108,0.4639486801920897,0.5575602325863045
2023-02-07 12:00:00,0.0,0.04919787683701765,0.6306162937529333,0.5575602325863045
2023-02-07 13:00:00,0.0,0.04884546668561125,0.6260991154141803,0.5575602325863045
2023-02-07 14:00:00,0.0040493333333333,0.07749089390090969,0.9413708011421594,0.5575602325863045
2023-02-07 15:00:00,0.039944,0.07749089390090969,0.4812744897948651,0.5575602325863045
2023-02-07 16:00:00,0.0,0.09838954665841744,1.261153026243555,0.5575602325863045
2023-02-07 17:00:00,0.0705959999999999,0.07632453250578544,0.07342808612268305,0.5575602325863045
2023-02-07 18:00:00,0.0920533333333333,0.09466201187081447,0.033437930590968064,0.5575602325863045
2023-02-07 19:00:00,0.030915,0.3203639228529256,3.7101439878183893,0.5575602325863045
2023-02-07 20:00:00,0.1133076666666666,0.8314790110338297,9.205489760558454,1.20612758484252
2023-02-07 21:00:00,0.33236,0.8102673269174494,6.125795799205929,1.20612758484252
2023-02-07 22:00:00,0.3691706666666666,0.684223055104601,4.0383281212097,1.0377958021495577
2023-02-07 23:00:00,0.3619573333333333,0.3851956965468212,0.2978683517404931,0.5953368305007686
2023-02-08 00:00:00,0.0409453333333333,0.3234660483214515,3.621338513945432,0.5055665518481796
2023-02-08 01:00:00,0.0131743333333333,0.24793876478942514,3.0092005018895787,0.4982094514161738
2023-02-08 02:00:00,0.0847333333333333,0.24793876478942514,2.091960282069522,0.4982094514161738
2023-02-08 03:00:00,0.2029526666666666,0.245797218378369,0.5491796423948588,0.4982094514161738
2023-02-08 04:00:00,0.1947166666666667,0.24793876478942514,0.6821985911122791,0.4982094514161738
2023-02-08 05:00:00,0.4446953333333333,0.3234660483214515,1.3085173194021131,0.5055665518481796
2023-02-08 06:00:00,0.4669996666666668,0.4177434244421998,0.5316590461872615,0.5743895687828033
2023-02-08 07:00:00,0.4991206666666667,0.3234660483214515,1.8959701883513935,0.5055665518481796
2023-02-08 08:00:00,0.381457,0.4356666028617259,0.6948563848746836,0.5743895687828033
2023-02-08 09:00:00,0.8494673333333331,0.05581534025369583,8.566472848709175,0.4982094514161738
2023-02-08 10:00:00,0.3379246666666666,0.05682354267035097,3.034132299110145,0.500800733382513
2023-02-08 11:00:00,0.1915013333333333,0.05581534025369583,1.464559259980617,0.500800733382513
2023-02-08 12:00:00,0.1899046666666666,0.17216490808333243,0.19147833253351254,0.5071419272819224
2023-02-08 13:00:00,0.5687373333333333,0.17216490808333243,4.280499441913446,0.5071419272819224
2023-02-08 14:00:00,0.2522926666666666,0.24793876478942514,0.046994882571397244,0.5071419272819224
2023-02-08 15:00:00,0.2390159999999999,0.310658866730235,0.9183152200027935,0.5119077457475891
2023-02-08 16:00:00,0.3513086666666667,0.6103062538195307,3.3198200613893056,1.0696025679115686
2023-02-08 17:00:00,0.5594793333333333,1.124315502228034,7.240046000073981,1.5879073656106275
2023-02-08 18:00:00,0.9421506666666666,1.1633724931913525,2.8356119676141,1.646831611309635
2023-02-08 19:00:00,1.677277,1.1572409678637312,5.61313344953546,1.5879073656106275
2023-02-08 20:00:00,1.976138333333333,1.0907374151423237,9.556786843656774,1.477953809536915
2023-02-08 21:00:00,1.4958286666666665,0.9792259311567322,5.576075340203518,1.324518547756886
2023-02-08 22:00:00,0.9803896666666668,0.83985410272108,1.5169042644829591,1.2448689433024902
2023-02-08 23:00:00,0.927019,0.822002702993675,1.1335185507262906,1.1703027456031565
2023-02-09 00:00:00,0.6077973333333333,0.5106839317642194,1.0482167562630031,0.9357851374654184
2023-02-09 01:00:00,0.4296373333333333,0.24550888623220993,1.9874344883154387,0.4980329460958747
2023-02-09 02:00:00,0.3758406666666666,0.2540395000374922,1.3146900605908591,0.4980329460958747
2023-02-09 03:00:00,0.3166743333333334,0.25376453442642427,0.6790319799520932,0.4980329460958747
2023-02-09 04:00:00,0.4559209999999999,0.245233920621142,2.274101445986941,0.4980329460958747
2023-02-09 05:00:00,0.494222,0.26395011618966224,2.485494722728472,0.4980329460958747
2023-02-09 06:00:00,0.318918,0.26397440745257233,0.5930468238877717,0.4980329460958747
2023-02-09 07:00:00,0.1765143333333333,0.41830674720563243,3.0992848817206755,0.5431529043169213
2023-02-09 08:00:00,0.1752033333333333,0.21663855505433247,0.5311149104887166,0.4980329460958747
2023-02-09 09:00:00,0.2418363333333333,0.02787917822935004,2.3093977914340296,0.4980329460958747
2023-02-09 10:00:00,0.0482826666666666,0.02787917822935004,0.22022993861452492,0.4980329460958747
2023-02-09 11:00:00,0.0,0.02787917822935004,0.3573541213193529,0.4980329460958747
2023-02-09 12:00:00,0.0,0.02700409834719761,0.3461373845920984,0.4699764745590973
2023-02-09 13:00:00,0.0,0.02700409834719761,0.3461373845920984,0.4618205059734493
2023-02-09 14:00:00,0.0,0.02700409834719761,0.3461373845920984,0.4618205059734493
2023-02-09 15:00:00,0.0,0.02700409834719761,0.3461373845920984,0.4618205059734493
2023-02-09 16:00:00,0.0,0.02700409834719761,0.3461373845920984,0.4618205059734493
2023-02-09 17:00:00,0.0360186666666666,0.02700409834719761,0.09730090193803144,0.4618205059734493
2023-02-09 18:00:00,0.0174473333333333,0.052620532622399074,0.45084857317286936,0.4618205059734493
2023-02-09 19:00:00,0.0584286666666666,0.21703090335654224,2.0329567272512783,0.4618205059734493
2023-02-09 20:00:00,0.039144,0.13931561641406254,1.2839955206104772,0.4618205059734493
2023-02-09 21:00:00,0.2115703333333333,0.2789259767507546,0.8633617738414017,0.4618205059734493
2023-02-09 22:00:00,0.2762166666666667,0.3338171427448256,0.7383204536070987,0.4618205059734493
2023-02-09 23:00:00,0.2104183333333333,0.3338171427448256,1.5817206929964156,0.4980329460958747
2023-02-10 00:00:00,0.1545633333333333,0.1211428884858488,0.3607315748894374,0.3844349648393602
2023-02-10 01:00:00,0.0876746666666666,0.10789965024457661,0.259242979679135,0.3844349648393602
2023-02-10 02:00:00,0.0273233333333333,0.10322398033740705,0.9728912665423098,0.3501575552234598
2023-02-10 03:00:00,0.0,0.09573208146396806,1.2270897503576301,0.3501575552234598
2023-02-10 04:00:00,0.0229726666666666,0.09573208146396806,0.9326270856587638,0.3501575552234598
2023-02-10 05:00:00,0.0065136666666666,0.10789965024457661,1.2995612272904156,0.3844349648393602
2023-02-10 06:00:00,0.03405,0.0821484219165337,0.6165235273231768,0.3501575552234598
2023-02-10 07:00:00,0.1472376666666666,0.0821484219165337,0.7025563505880972,0.3501575552234598
2023-02-10 08:00:00,0.1550853333333333,0.05211358606925784,1.1114502134606656,0.3501575552234598
2023-02-10 09:00:00,0.0839906666666666,0.015050197634545787,0.744125462155399,0.3347216896409639
2023-02-10 10:00:00,0.0278276666666666,0.015050197634545787,0.1379166719082402,0.3347216896409639
2023-02-10 11:00:00,0.0077313333333333,0.015050197634545787,0.09381289146686382,0.3412301048820031
2023-02-10 12:00:00,0.0,0.015050197634545787,0.19291279345220136,0.3415103168512449
2023-02-10 13:00:00,0.0,0.0512812286236264,0.6573206083843774,0.3412301048820031
2023-02-10 14:00:00,0.0,0.2808087908767916,3.59939514346529,0.4061092367459677
2023-02-10 15:00:00,7.19999999999997e-05,0.35448272668586356,4.5428216276349245,0.4462886341456046
2023-02-10 16:00:00,0.008769,0.2804562826589021,3.4824760389100637,0.3996008215049285
2023-02-10 17:00:00,0.0,0.04548436111913699,0.5830166071534267,0.3347216896409639
2023-02-10 18:00:00,0.0449853333333333,0.04837480849399524,0.0434461485129778,0.3347216896409639
2023-02-10 19:00:00,0.366484,0.4395058949657809,0.9359915452995431,0.4544627833280343
2023-02-10 20:00:00,0.2094043333333333,0.6709989045558294,5.916699590210417,1.0516026736836726
2023-02-10 21:00:00,0.688868,0.919423811090881,2.955254584968923,1.2601262376161266
2023-02-10 22:00:00,1.0449343333333334,0.9014778155507731,1.5484322792236151,1.22413312094946
2023-02-10 23:00:00,1.2302313333333337,1.0341367644375645,2.1165936895169835,1.239568986531956
2023-02-11 00:00:00,1.2941496666666663,1.0124633155157303,3.0404490885519873,1.5390679134927174
2023-02-11 01:00:00,0.983848,1.0128972597274017,0.37235217621783356,1.3129650944671585
2023-02-11 02:00:00,0.985521,0.8031923691461952,1.9680077406353969,1.2128842410343623
2023-02-11 03:00:00,0.5068106666666667,0.5696912982738105,0.806001262702952,1.0219332349381387
2023-02-11 04:00:00,0.2593266666666666,0.9244333999735714,8.525309831918072,1.4618806078126052
2023-02-11 05:00:00,0.567438,0.8036516956400541,3.0277771085871974,1.2128842410343623
2023-02-11 06:00:00,0.8779443333333332,0.9141830995531112,0.4645069647904076,1.2253830647570705
2023-02-11 07:00:00,1.8436496666666664,0.8929656064211235,10.261436071233865,1.2128842410343623
2023-02-11 08:00:00,1.7754783333333335,0.6944978173815263,11.6678220689047,1.0219332349381387
2023-02-11 09:00:00,1.1934416666666663,0.36081743148146156,8.987129076831522,0.421106348311283
2023-02-11 10:00:00,1.0194316666666667,1.0275798345624354,0.10444286968579188,1.1625655788670342
2023-02-11 11:00:00,0.350126,0.7605064064045253,5.260238602835856,1.042288107188477
2023-02-11 12:00:00,0.4013506666666666,0.6043971129208809,2.60264071599515,0.699922999743354
2023-02-11 13:00:00,0.1974926666666666,0.4879661109175093,3.723276259541525,0.5222707573940005
2023-02-11 14:00:00,0.207315,0.5093188359275618,3.871072329863429,0.5453616907273339
2023-02-11 15:00:00,0.3459936666666667,0.3955829477486936,0.6356332967257363,0.4736150771617363
2023-02-11 16:00:00,0.3666386666666666,0.4891467306412689,1.5703031558545226,0.5222707573940005
2023-02-11 17:00:00,0.6078100000000001,0.7548572266583014,1.884845099903436,1.0000903457611128
2023-02-11 18:00:00,0.5105213333333333,0.7548572266583014,3.1318870932143223,1.0000903457611128
2023-02-11 19:00:00,0.5526296666666666,0.7548572266583014,2.592144266694627,1.0000903457611128
2023-02-11 20:00:00,0.694956,0.7518663841900268,0.7294748851228228,0.9885115716495356
2023-02-11 21:00:00,0.555166,0.5626459259687129,0.09587737307368617,0.6569398329920964
2023-02-11 22:00:00,0.6733429999999999,0.503897744327614,1.82894794534262,0.603668508810472
2023-02-11 23:00:00,0.7532869999999999,0.5083456875781452,2.643832713437742,0.5222707573940005
2023-02-12 00:00:00,0.5864213333333333,0.2593064809919825,3.5307924952322396,0.8030731280048096
2023-02-12 01:00:00,0.5895166666666668,0.22521471391197034,3.932180368999201,0.7878832085277555
2023-02-12 02:00:00,0.6388933333333334,0.04231940632779875,6.439263546872888,0.6760513974837297
2023-02-12 03:00:00,0.3246943333333333,0.014625406493827812,3.3468032162208465,0.6760513974837297
2023-02-12 04:00:00,0.0229246666666666,0.014625406493827812,0.08958005215752413,0.6760513974837297
2023-02-12 05:00:00,0.0,0.014625406493827812,0.1874678386695777,0.6666367503790832
2023-02-12 06:00:00,0.0093689999999999,0.014625406493827812,0.06737639497285161,0.6760513974837297
2023-02-12 07:00:00,0.0,0.014625406493827812,0.1874678386695777,0.6760513974837297
2023-02-12 08:00:00,0.0,0.014625406493827812,0.1874678386695777,0.6760513974837297
2023-02-12 09:00:00,0.0,0.014625406493827812,0.1874678386695777,0.6760513974837297
2023-02-12 10:00:00,0.0,0.017965734320262806,0.23028401874182977,0.6760513974837297
2023-02-12 11:00:00,0.0,0.01790007727181289,0.22944242948606963,0.6881783329827881
2023-02-12 12:00:00,0.0,0.018425406398134177,0.2361760758939962,0.7494404590893247
2023-02-12 13:00:00,0.0,0.0178775800636087,0.2291540612277297,0.7494404590893247
2023-02-12 14:00:00,0.0,0.0178775800636087,0.2291540612277297,0.7494404590893247
2023-02-12 15:00:00,0.0,0.01806818564335032,0.23159723544566363,0.7494404590893247
2023-02-12 16:00:00,0.0141413333333333,0.021320302083143873,0.09201971623635838,0.7494404590893247
2023-02-12 17:00:00,0.0,0.02870258791356011,0.3679085516460317,0.7574407034864987
2023-02-12 18:00:00,0.049906,0.03326167096475381,0.17965455137603495,0.6988894809864992
2023-02-12 19:00:00,0.1124286666666666,0.021953977954597647,0.9765602192214018,0.6773478983827943
2023-02-12 20:00:00,0.0969003333333333,0.018613650128162653,0.8450060630356117,0.6693476539856202
2023-02-12 21:00:00,0.0786816666666666,0.04489180659324046,0.3647189465970911,0.7253661353881211
2023-02-12 22:00:00,0.08207,0.04527323922771703,0.3971746493737829,0.7253661353881211
2023-02-12 23:00:00,0.208406,0.1488528916200814,0.6428007368988194,0.7305091948489568
2023-02-13 00:00:00,0.1581133333333333,0.09901803819908932,0.6378592199958844,0.2197259183659051
2023-02-13 01:00:00,0.0624173333333333,0.033844732780819245,0.3084052065444304,0.2016757455322051
2023-02-13 02:00:00,0.1185533333333333,0.06646804241619331,0.5621950607437417,0.2243621989684785
2023-02-13 03:00:00,0.0159416666666666,0.033844732780819245,0.2294807403401163,0.2016757455322051
2023-02-13 04:00:00,0.0,0.033844732780819245,0.43382034594711677,0.2016757455322051
2023-02-13 05:00:00,0.0,0.03020706427612753,0.38719286570178174,0.2016757455322051
2023-02-13 06:00:00,0.0188013333333333,0.01306845947011908,0.06187914693407843,0.2016757455322051
2023-02-13 07:00:00,0.0841353333333333,0.012367757493567966,0.7746405165107875,0.2016757455322051
2023-02-13 08:00:00,0.1374303333333333,0.012367757493567966,1.3498928619378894,0.2016757455322051
2023-02-13 09:00:00,0.0906486666666666,0.012367757493567966,0.8449437396376944,0.2074383257123836
2023-02-13 10:00:00,0.015847,0.012849063597532788,0.03235894449686747,0.2074383257123836
2023-02-13 11:00:00,0.0,0.012849063597532788,0.1646987509423394,0.2492801399041554
2023-02-13 12:00:00,0.0,0.012148361620981691,0.15571718279577396,0.3303601916498836
2023-02-13 13:00:00,0.0,0.012849063597532788,0.1646987509423394,0.3303601916498836
2023-02-13 14:00:00,0.0,0.012148361620981691,0.15571718279577396,0.3303601916498836
2023-02-13 15:00:00,0.0,0.012849063597532788,0.1646987509423394,0.3303601916498836
2023-02-13 16:00:00,0.0,0.033817882624134675,0.4334761817802117,0.3377183754240005
2023-02-13 17:00:00,0.0,0.21526724851578147,2.759286439842287,0.4844962794385983
2023-02-13 18:00:00,0.0432713333333333,0.22136803302757116,2.2828359252752186,0.4679254446819448
2023-02-13 19:00:00,0.0,0.0755117692496707,0.9679066480186889,0.250076794353504
2023-02-13 20:00:00,0.0240863333333333,0.07119265190234567,0.6038067887918295,0.250076794353504
2023-02-13 21:00:00,0.113165,0.07119265190234567,0.4530385906043422,0.2443142141733255
2023-02-13 22:00:00,0.11493,0.034146305461926575,0.871958152834099,0.2273903409172306
2023-02-13 23:00:00,0.0265353333333333,0.016788304783331837,0.10520688684366762,0.2273903409172306
2023-02-14 00:00:00,0.0221243333333333,0.054596927037933035,0.41623232560173357,0.1714046094278294
2023-02-14 01:00:00,0.0049886666666666,0.05480572156890136,0.6385528918698368,0.1714046094278294
2023-02-14 02:00:00,0.0,0.06600177349252205,0.8460079267009674,0.1714046094278294
2023-02-14 03:00:00,0.0,0.05480572156890136,0.7024974091205287,0.1714046094278294
2023-02-14 04:00:00,0.0,0.20530062401506816,2.631534670702161,0.3853534570352707
2023-02-14 05:00:00,0.0,0.26225639542666157,3.3615913273014826,0.4221684395391575
2023-02-14 06:00:00,0.0,0.2622071993662562,3.3609607342906735,0.4221684395391575
2023-02-14 07:00:00,0.0,0.2659180950917534,3.4085268379391924,0.4221684395391575
2023-02-14 08:00:00,0.0,0.21157724931289146,2.7119881869321754,0.3867026017584739
2023-02-14 09:00:00,0.0,0.05475652550849594,0.7018668161097188,0.1714046094278294
2023-02-14 10:00:00,0.0,0.029807846869947793,0.38207571396125584,0.1714046094278294
2023-02-14 11:00:00,0.0,0.029168988373060097,0.37388685290787077,0.1928754089128419
2023-02-14 12:00:00,0.0,0.02831680937581838,0.362963658749819,0.1714046094278294
2023-02-14 13:00:00,0.0,0.027320968246271504,0.3501990094873722,0.1928754089128419
2023-02-14 14:00:00,0.0,0.02667328408221735,0.3418970214074521,0.1928754089128419
2023-02-14 15:00:00,0.0,0.026681536229855956,0.3420027970850611,0.1928754089128419
2023-02-14 16:00:00,0.0,0.027214637147520728,0.3488360619840271,0.1714046094278294
2023-02-14 17:00:00,0.0,0.12565768452343618,1.6106748581500014,0.1714046094278294
2023-02-14 18:00:00,0.0,0.21276205522606823,2.7271749787577506,0.3867026017584739
2023-02-14 19:00:00,0.0,0.20488574936735363,2.626216825105277,0.3861735455199771
2023-02-14 20:00:00,0.0,0.056448615265452314,0.7235559506787588,0.1868017399035507
2023-02-14 21:00:00,0.0,0.05489448973689977,0.7036352357241409,0.1868017399035507
2023-02-14 22:00:00,0.0,0.08498892191993872,1.0893843880450291,0.1868017399035507
2023-02-14 23:00:00,0.0,0.2623246113777181,3.362465716462068,0.4221684395391575
2023-02-15 00:00:00,0.0,0.20708935698671083,2.6544625738884675,0.5241574227903598
2023-02-15 01:00:00,0.0,0.15669187211956778,2.0084697554041924,0.5115787707064045
2023-02-15 02:00:00,0.0,0.0919933560708857,1.1791669272131242,0.4074697477091481
2023-02-15 03:00:00,0.0,0.15799618398238724,2.0251883694117443,0.49748472483517
2023-02-15 04:00:00,0.0,0.15643400382052394,2.0051644105097752,0.5019037726119533
2023-02-15 05:00:00,0.0,0.17762411168473524,2.2767783122604968,0.49748472483517
2023-02-15 06:00:00,0.0,0.15799618398238724,2.0251883694117443,0.49748472483517
2023-02-15 07:00:00,0.0,0.020760775865652323,0.26611074244533695,0.3894056706117678
2023-02-15 08:00:00,0.0,0.02191610463725166,0.2809196975233315,0.3894056706117678
2023-02-15 09:00:00,0.0,0.012984430098178791,0.16643387299279863,0.3983766206117679
2023-02-15 10:00:00,0.0,0.012635691037277508,0.16196375053607154,0.3960045695668308
2023-02-15 11:00:00,0.0,0.012527318754265736,0.16057463921964565,0.3960045695668308
2023-02-15 12:00:00,0.0,0.012499570185583547,0.16021895924594923,0.3983766206117679
2023-02-15 13:00:00,0.0,0.010478785975388195,0.1343166331490434,0.3870336195668308
2023-02-15 14:00:00,0.0,0.010478785975388195,0.1343166331490434,0.3870336195668308
2023-02-15 15:00:00,0.0,0.010478785975388195,0.1343166331490434,0.3870336195668308
2023-02-15 16:00:00,0.0,0.009524463043901744,0.12208416238427651,0.3894056706117678
2023-02-15 17:00:00,0.0,0.011553727950155707,0.14809519368272273,0.3983766206117679
2023-02-15 18:00:00,0.0,0.020705916695079506,0.2654075599291565,0.3894056706117678
2023-02-15 19:00:00,0.0,0.021861245466678843,0.28021651500715106,0.3894056706117678
2023-02-15 20:00:00,0.0,0.009524463043901744,0.12208416238427651,0.3894056706117678
2023-02-15 21:00:00,0.0,0.009524463043901744,0.12208416238427651,0.3894056706117678
2023-02-15 22:00:00,0.0,0.01072817357837342,0.1375132728419201,0.3894056706117678
2023-02-15 23:00:00,0.0,0.01072817357837342,0.1375132728419201,0.399080668706219
2023-02-16 00:00:00,0.0,0.0028952270935974685,0.037110897801259465,0.1567557258706746
2023-02-16 01:00:00,0.0,0.0028952270935974685,0.037110897801259465,0.1567557258706746
2023-02-16 02:00:00,0.0,0.0028952270935974685,0.037110897801259465,0.1604135563351036
2023-02-16 03:00:00,0.0,0.0030759148078468375,0.03942694524095084,0.1604135563351036
2023-02-16 04:00:00,0.0,0.0030759148078468375,0.03942694524095084,0.1604135563351036
2023-02-16 05:00:00,0.0,0.0030759148078468375,0.03942694524095084,0.1604135563351036
2023-02-16 06:00:00,0.0,0.0030759148078468375,0.03942694524095084,0.1604135563351036
2023-02-16 07:00:00,0.0,0.0030759148078468375,0.03942694524095084,0.1604135563351036
2023-02-16 08:00:00,0.0,0.0030759148078468375,0.03942694524095084,0.1604135563351036
2023-02-16 09:00:00,0.0,0.0030759148078468375,0.03942694524095084,0.1604135563351036
2023-02-16 10:00:00,0.0,0.0028952270935974685,0.037110897801259465,0.1767034730271967
2023-02-16 11:00:00,0.0,0.0028952270935974685,0.037110897801259465,0.1730456425627677
2023-02-16 12:00:00,0.0,0.0028952270935974685,0.037110897801259465,0.1730456425627677
2023-02-16 13:00:00,0.0,0.0028952270935974685,0.037110897801259465,0.1730456425627677
2023-02-16 14:00:00,0.0,0.0028952270935974685,0.037110897801259465,0.1730456425627677
2023-02-16 15:00:00,0.0,0.048750024189775754,0.6248757375600973,0.1865070515551913
2023-02-16 16:00:00,0.0,0.22382713944673335,2.8690067578895206,0.382388759236916
2023-02-16 17:00:00,0.0,0.8408857073380551,10.778437248177053,1.1002102681160788
2023-02-16 18:00:00,0.046325,0.8454231569309811,10.24280620356874,1.1002102681160788
2023-02-16 19:00:00,0.1509026666666667,0.8421650921534134,8.860572382325202,1.1002102681160788
2023-02-16 20:00:00,0.6492573333333334,0.85641702675929,2.655364143376515,1.2689533343615595
2023-02-16 21:00:00,0.8636806666666667,0.9599487314571431,1.233959961850614,1.671870243833458
2023-02-16 22:00:00,1.3373776666666664,0.8584297705788109,5.169638813433057,1.3240629902220933
2023-02-16 23:00:00,1.6189423333333333,1.0160136295188644,6.507855352183051,1.7152896862702771
2023-02-17 00:00:00,1.980295666666667,1.5377320838175672,4.776916015284101,1.9904411830371505
2023-02-17 01:00:00,2.073148333333333,1.1728650855538083,9.717422832046166,1.9688630940427485
2023-02-17 02:00:00,2.4702616666666666,1.672696071731595,8.608715247553464,2.254263974057344
2023-02-17 03:00:00,1.9686336666666668,1.672696071731595,3.1942733011812683,2.2430616456336043
2023-02-17 04:00:00,1.8211516666666665,1.6842659824734831,1.477508413313112,2.2396938441474723
2023-02-17 05:00:00,2.5073986666666666,1.922285502494897,6.315559058637459,2.315183127664884
2023-02-17 06:00:00,2.2288463333333333,2.0333299133216536,2.110353301083199,2.4548661653213237
2023-02-17 07:00:00,1.9890333333333328,2.0333299133216536,0.5677916791146344,2.465809458901617
2023-02-17 08:00:00,2.026932,2.1158976466316655,1.14035787633788,2.4674022078470546
2023-02-17 09:00:00,1.7847046666666668,2.1867576426917292,5.153497954255038,2.46772973557589
2023-02-17 10:00:00,2.353857333333333,2.116974769308999,2.556848682724153,2.467448436845128
2023-02-17 11:00:00,2.5083290000000003,2.1566142126292207,3.796317785091198,2.4661573203628357
2023-02-17 12:00:00,2.467062666666666,2.157418467511026,3.34221881625253,2.46603959562971
2023-02-17 13:00:00,2.5279126666666665,2.1569259595606565,4.00433386593507,2.5109247050449035
2023-02-17 14:00:00,2.528591666666667,2.1569259595606565,4.011662815039962,2.5109247050449035
2023-02-17 15:00:00,2.513000666666666,2.156977177197195,3.8428247930285098,2.5108784760468303
2023-02-17 16:00:00,2.515867333333333,2.157269524217347,3.8706113286235304,2.510761200076968
2023-02-17 17:00:00,2.463168,2.257281366341877,2.222286685503813,2.5108784760468303
2023-02-17 18:00:00,2.522292333333333,2.257281366341877,2.8604593362555466,2.5108784760468303
2023-02-17 19:00:00,2.522795333333333,2.2573646353907977,2.8649898027919316,2.4731726658928337
2023-02-17 20:00:00,2.525446,2.2574815272720947,2.8923387077186273,2.4659933666316376
2023-02-17 21:00:00,2.526433333333333,2.248471163515426,3.000251245478138,2.466388344042388
2023-02-17 22:00:00,2.209493333333333,1.7884842107091048,4.544262787049323,2.2609075675460626
2023-02-17 23:00:00,1.451679333333333,1.3029415735503802,1.6054366294908815,1.9688828283229207
2023-02-18 00:00:00,1.405023666666667,2.0494555636983876,8.260300659489815,2.316230447047583
2023-02-18 01:00:00,1.1508536666666669,1.8833876514556407,9.389589474887861,2.192644495675608
2023-02-18 02:00:00,1.773852,1.4895653100100734,3.0685164685319952,2.1278551333640143
2023-02-18 03:00:00,1.227301,2.017371505074813,10.127090145867951,2.313967505717616
2023-02-18 04:00:00,1.672644,2.0494555636983876,4.829954604137122,2.312817406790156
2023-02-18 05:00:00,1.915597,2.159238255096997,3.122983249939269,2.312817406790156
2023-02-18 06:00:00,2.0082580000000005,1.8603369478504193,1.5966213000673852,2.189231455418181
2023-02-18 07:00:00,1.721898666666667,2.1655080249136565,5.686165894893766,2.397362563933981
2023-02-18 08:00:00,2.406715,2.38556843627052,0.22825049972994157,2.5154816357871423
2023-02-18 09:00:00,2.505162666666666,2.4341432057039625,0.7665655594289114,2.537269551613075
2023-02-18 10:00:00,2.455406333333334,2.434634310945477,0.2242077980650898,2.5372535349464083
2023-02-18 11:00:00,2.523400666666667,2.435104621077887,0.9530445129352476,2.536870514262729
2023-02-18 12:00:00,2.5269193333333333,2.4336236189524123,1.0070096353489408,2.535621160866204
2023-02-18 13:00:00,2.5296863333333337,2.4336236189524123,1.0368759124818243,2.535867929213988
2023-02-18 14:00:00,2.529956666666667,2.4355261433903515,1.019258466922021,2.536623745914945
2023-02-18 15:00:00,2.528626,2.4293750001183243,1.0712894355552864,2.518138996249489
2023-02-18 16:00:00,2.515052333333333,2.4297954082445425,0.9202410380191259,2.515505179899735
2023-02-18 17:00:00,2.399258,2.4293750001183243,0.3860384271559462,2.5154816357871423
2023-02-18 18:00:00,2.4668146666666666,2.42939267226065,0.4039232583285683,2.514507795648366
2023-02-18 19:00:00,2.247024666666667,2.23517187150953,0.12793598300046768,2.40962870851069
2023-02-18 20:00:00,2.168826333333333,2.0499076590092287,1.2835771896054555,2.312817406790156
2023-02-18 21:00:00,2.392704333333333,1.508897219405619,9.539583735661422,2.1278551333640143
2023-02-18 22:00:00,2.117028,1.465653094465894,7.030771032195354,2.032068203892617
2023-02-18 23:00:00,2.2536340000000004,1.4786608863757946,8.364857890144823,2.1315736293470104
2023-02-19 00:00:00,2.227626666666666,2.188635054958042,0.42086529857151794,2.527026772310548
2023-02-19 01:00:00,2.4147966666666667,2.11141240401048,3.274650692534824,2.529284940810575
2023-02-19 02:00:00,2.313048333333333,2.1945643875307708,1.2788848432007063,2.522088084110222
2023-02-19 03:00:00,2.5000693333333333,2.1854491851243143,3.395927913985563,2.522088084110222
2023-02-19 04:00:00,2.5166716666666664,2.4731354091553,0.4699190213815902,2.54955278649435
2023-02-19 05:00:00,2.5204510000000004,2.4759356056197,0.4804875696571967,2.544935592348737
2023-02-19 06:00:00,2.528159666666667,2.481495731880968,0.5036783550488889,2.531439748191461
2023-02-19 07:00:00,2.5233986666666666,2.4828181431585263,0.4380155985874344,2.530342962460902
2023-02-19 08:00:00,2.400647,2.4768025669274327,0.9761588192825398,2.546777521715483
2023-02-19 09:00:00,1.5340843333333332,2.4768025669274327,12.083722240531975,2.546777521715483
2023-02-19 10:00:00,1.7481103333333332,2.485917769333889,9.457184348328267,2.546777521715483
2023-02-19 11:00:00,2.034484333333333,1.9853434890145174,0.5304134712574667,2.4865967873133927
2023-02-19 12:00:00,1.915897,2.2010936331608555,3.6556383193225623,2.522088084110222
2023-02-19 13:00:00,2.322533,2.2802883326604455,0.4559779335559882,2.516368324781575
2023-02-19 14:00:00,2.4506536666666667,1.9853426240601966,5.022446169668864,2.4865967873133927
2023-02-19 15:00:00,2.0814656666666664,1.5442950103631534,5.798080118833128,2.3091476679305023
2023-02-19 16:00:00,1.8323446666666665,1.793673062019399,0.41741122572042855,2.36635988754626
2023-02-19 17:00:00,1.982060333333333,1.347890705652044,6.8450617454225275,2.0535903171185685
2023-02-19 18:00:00,0.9000856666666668,1.3208525245347813,5.393371696138067,1.935188907715608
2023-02-19 19:00:00,0.6051570000000001,1.4130511118887041,10.35555238027536,2.0535903171185685
2023-02-19 20:00:00,0.693003,1.4130511118887041,9.229546086862754,2.0535903171185685
2023-02-19 21:00:00,1.1502560000000002,1.4643132150381957,4.025572030879544,2.054964768959993
2023-02-19 22:00:00,1.1086976666666666,1.347890705652044,3.0659662049270526,2.054964768959993
2023-02-19 23:00:00,1.3681386666666666,1.347890705652044,0.21855121613243675,2.05990345716032
2023-02-20 00:00:00,1.6733246666666663,1.8117732568697629,1.7746281433735132,2.434525348748636
2023-02-20 01:00:00,1.2418803333333333,1.8117732568697629,7.304863266094405,2.434525348748636
2023-02-20 02:00:00,1.6057303333333333,1.5713232885208426,0.37138067787973855,2.3659710138416825
2023-02-20 03:00:00,2.3264560000000003,1.3689084029009413,10.335519299921556,1.896438692733183
2023-02-20 04:00:00,2.363306666666667,1.188893202304445,12.676312972615374,1.896438692733183
2023-02-20 05:00:00,2.0756086666666667,1.1523871576533897,9.965012447858822,1.6118123099469752
2023-02-20 06:00:00,2.025773,1.485239923707157,5.834373204210238,2.302261991585337
2023-02-20 07:00:00,2.175123,1.4884647387910857,7.411610381223824,2.302261991585337
2023-02-20 08:00:00,2.401024666666667,1.8180377744004046,6.292608633632133,2.427565480241648
2023-02-20 09:00:00,1.587087666666667,2.078349050957337,6.296967538896288,2.540764300724428
2023-02-20 10:00:00,1.473774,2.23212573033593,9.720520239721752,2.547618210554167
2023-02-20 11:00:00,2.170988,1.9028272162822044,2.894457637399975,2.5462069798833493
2023-02-20 12:00:00,1.7128979999999998,1.95526398035542,3.106636832517351,2.5571268456457314
2023-02-20 13:00:00,2.1260443333333336,1.8773460561186552,2.6843844126357697,2.5571268456457314
2023-02-20 14:00:00,2.256504,2.084098047381004,1.860904936854701,2.553188183420178
2023-02-20 15:00:00,2.357697,1.925804209717873,4.661738260303013,2.5571268456457314
2023-02-20 16:00:00,1.928915333333333,1.9471285530974811,0.2334562766402289,2.5580066712539757
2023-02-20 17:00:00,2.008903,1.9561776661362167,0.5691035175639069,2.545582788558225
2023-02-20 18:00:00,2.2059810000000004,2.105727859517979,1.08210628011475,2.541644126332672
2023-02-20 19:00:00,2.075389333333333,1.9449481890611522,1.4079477283566362,2.545582788558225
2023-02-20 20:00:00,1.4216110000000002,1.5724446590570693,1.933379429418656,2.365346822516558
2023-02-20 21:00:00,1.3460479999999997,1.1936802169134615,1.6446181553252466,1.70726905988179
2023-02-20 22:00:00,1.101249666666667,1.1602682220795326,0.7564973342327191,1.6755213322033211
2023-02-20 23:00:00,0.931067,1.1893340312933067,3.310455827439542,1.7127249114554095
2023-02-21 00:00:00,0.5634286666666667,1.218760964550782,8.40002153420826,1.9853312552165712
2023-02-21 01:00:00,0.2091966666666667,0.8644703031300988,8.399269614611809,1.116120320873718
2023-02-21 02:00:00,0.3122933333333333,0.7879027516685178,6.096341304689193,1.1121389798317012
2023-02-21 03:00:00,0.4657406666666668,0.8644703031300988,5.11089952903883,1.1121389798317012
2023-02-21 04:00:00,0.4722536666666667,0.9367156676032842,5.9534541823832985,1.1914749165692482
2023-02-21 05:00:00,0.6266223333333334,0.6030414006121904,0.2545264444168538,0.7496541654729902
2023-02-21 06:00:00,0.2096243333333333,0.6831186519079364,6.069230045877066,1.1121389798317012
2023-02-21 07:00:00,0.5932393333333333,0.6831186519079364,1.1520692844596185,1.1121389798317012
2023-02-21 08:00:00,0.4742903333333333,0.2887196951950843,2.0030011226462476,0.5009120631268557
2023-02-21 09:00:00,0.4524643333333333,0.066414394437382,4.16692246555747,0.3943706443791285
2023-02-21 10:00:00,0.1414653333333333,0.019848781929399373,1.3126973719461246,0.4042003639635103
2023-02-21 11:00:00,0.1107696666666666,0.06858667027907892,0.45531227336715985,0.4042003639635103
2023-02-21 12:00:00,0.1797706666666666,0.2202216081021492,0.5184984476335652,0.498491101878272
2023-02-21 13:00:00,0.137939,0.20940794813675376,0.9160859388653314,0.5012308011187223
2023-02-21 14:00:00,0.0925593333333333,0.1113174721847313,0.2404410263345135,0.4042003639635103
2023-02-21 15:00:00,0.0624783333333333,0.10496257702569627,0.5445612295207013,0.3943706443791285
2023-02-21 16:00:00,0.0253266666666666,0.10464869188865006,1.0167463470867981,0.3835730313669043
2023-02-21 17:00:00,0.0,0.058141741932719315,0.7452583763200783,0.4042003639635103
2023-02-21 18:00:00,0.0,0.06840360964086903,0.8767945603414814,0.4576606902483915
2023-02-21 19:00:00,0.0001896666666666,0.06789336366290567,0.8678231098179243,0.4576606902483915
2023-02-21 20:00:00,0.0,0.019848781929399373,0.25442084294194517,0.3835730313669043
2023-02-21 21:00:00,0.0,0.019848781929399373,0.25442084294194517,0.3835730313669043
2023-02-21 22:00:00,0.0075853333333333,0.05211190414246945,0.5707396916782707,0.3835730313669043
2023-02-21 23:00:00,0.036231,0.038300221013878706,0.026523186987330537,0.3835730313669043
2023-02-22 00:00:00,0.1165786666666666,0.04587188105024121,0.7631906232002997,0.1332057310977006
2023-02-22 01:00:00,0.1262136666666666,0.029524652406202844,1.0436360302160856,0.1332057310977006
2023-02-22 02:00:00,0.173696,0.029524652406202844,1.556147965976504,0.1349350279934615
2023-02-22 03:00:00,0.028755,0.04205288246080685,0.1704516920511991,0.1455758469081342
2023-02-22 04:00:00,0.044734,0.04398503036226341,0.008084183145917311,0.1455758469081342
2023-02-22 05:00:00,0.077521,0.06498011266047111,0.13536307075337356,0.1455758469081342
2023-02-22 06:00:00,0.0864089999999999,0.12839845341686168,0.5382190288042921,0.1663619281268635
2023-02-22 07:00:00,0.231515,0.14771645561797084,0.9044996566120531,0.2100410067774721
2023-02-22 08:00:00,0.2689013333333333,0.02170505302898601,2.668172249290386,0.1455758469081342
2023-02-22 09:00:00,0.1034663333333333,0.013694129999694968,0.9689777750602149,0.1455758469081342
2023-02-22 10:00:00,0.1587516666666666,0.013485092726278068,1.5679695538299658,0.1349350279934615
2023-02-22 11:00:00,0.1364236666666666,0.023633749322004967,1.2174249834514603,0.1349350279934615
2023-02-22 12:00:00,0.0015063333333333,0.023633749322004967,0.2836282774423768,0.1349350279934615
2023-02-22 13:00:00,0.0,0.023633749322004967,0.3029363940704587,0.1349350279934615
2023-02-22 14:00:00,0.0,0.02335256191457303,0.29933214583608564,0.1349350279934615
2023-02-22 15:00:00,0.0,0.023633749322004967,0.3029363940704587,0.1349350279934615
2023-02-22 16:00:00,0.0,0.023633749322004967,0.3029363940704587,0.1349350279934615
2023-02-22 17:00:00,0.0,0.023224641351816646,0.29769246550094725,0.1349350279934615
2023-02-22 18:00:00,0.0,0.013476058397579548,0.1727355436339774,0.1349350279934615
2023-02-22 19:00:00,0.0,0.022943453944384705,0.29408821726657414,0.1349350279934615
2023-02-22 20:00:00,0.0,0.023224641351816646,0.29769246550094725,0.1349350279934615
2023-02-22 21:00:00,0.0,0.04541189350287802,0.582087720329027,0.1858363242662856
2023-02-22 22:00:00,0.0,0.1957240932453927,2.5087831064224666,0.4150506682927112
2023-02-22 23:00:00,0.083079,0.05159902537455282,0.3397866448498761,0.1999606317936323
2023-02-23 00:00:00,0.2025703333333333,0.06510852816420865,1.4837269130346615,0.1987057204072924
2023-02-23 01:00:00,0.3762653333333333,0.06510852816420865,3.3585454914934374,0.2057804665883571
2023-02-23 02:00:00,0.4670233333333332,0.04581379391754334,4.546426033684257,0.1987057204072924
2023-02-23 03:00:00,0.2972313333333333,0.05200275865638649,2.646933347380784,0.1987057204072924
2023-02-23 04:00:00,0.1400903333333333,0.05200275865638649,0.9507943322243858,0.1987057204072924
2023-02-23 05:00:00,0.0040053333333333,0.05251765355258545,0.6218288581714086,0.1987057204072924
2023-02-23 06:00:00,0.0249563333333333,0.05251765355258545,0.35327983085898096,0.1987057204072924
2023-02-23 07:00:00,0.0029953333333333,0.02162019292992319,0.2387326585124695,0.1987057204072924
2023-02-23 08:00:00,0.0377093333333333,0.020951406813656048,0.1808806930282273,0.1453125978864747
2023-02-23 09:00:00,0.0060213333333333,0.016527934965387545,0.13467317305366489,0.1453125978864747
2023-02-23 10:00:00,0.0,0.02145214170267304,0.27497264035230823,0.1453125978864747
2023-02-23 11:00:00,0.0,0.044657790175050095,0.572421655932041,0.1867503417235646
2023-02-23 12:00:00,0.0,0.017084493941531824,0.2189883170313319,0.1987057204072924
2023-02-23 13:00:00,0.0,0.028325820868059168,0.3630791676742568,0.1987057204072924
2023-02-23 14:00:00,0.014069,0.052073172789146374,0.4871358711440356,0.2057804665883571
2023-02-23 15:00:00,0.0,0.1054174003121105,1.3512357556022185,0.2114781101526839
2023-02-23 16:00:00,0.0,0.18530333707702817,2.375210296872838,0.4641779215594516
2023-02-23 17:00:00,0.0477316666666666,0.21898920954116,2.1951719039120605,0.4719685976694402
2023-02-23 18:00:00,0.1437033333333333,0.21898920954116,0.9650111606116988,0.4719685976694402
2023-02-23 19:00:00,0.3146,0.25041531348476365,0.6927927846588421,0.4719685976694402
2023-02-23 20:00:00,0.5449676666666666,0.22122636498358283,3.4943792683144186,0.4905701832788459
2023-02-23 21:00:00,0.262007,0.1054174003121105,1.6901873438399366,0.2154634498499095
2023-02-23 22:00:00,0.2944126666666666,0.05692897492356275,2.5633370987129633,0.2154634498499095
2023-02-23 23:00:00,0.2003713333333333,0.20312606962892377,0.03531009272507578,0.4827795071688572
2023-02-24 00:00:00,0.3543159999999999,0.10064785532102857,2.7380278672806027,0.3383691619339941
2023-02-24 01:00:00,0.4073486666666666,0.2063053718726745,2.1700089476055204,0.5487871794469917
2023-02-24 02:00:00,0.089166,0.06726362618633829,0.23640851687269046,0.3403139592179767
2023-02-24 03:00:00,0.0696583333333333,0.20142396012819314,1.688966202518828,0.5452679691664838
2023-02-24 04:00:00,0.1868586666666666,0.19486118179627437,0.10257589872126183,0.4706918902103471
2023-02-24 05:00:00,0.2160396666666666,0.18002224550392992,0.38876266066422765,0.4641685184648575
2023-02-24 06:00:00,0.123468,0.19486118179627437,0.915114769134113,0.4706918902103471
2023-02-24 07:00:00,0.1847466666666666,0.20142396012819314,0.21376883858989376,0.4811326145552679
2023-02-24 08:00:00,0.2668896666666666,0.20206799692554828,0.6996682156502356,0.4547537504672229
2023-02-24 09:00:00,0.3192666666666666,0.5806080905944044,3.349863261526362,0.6942681302738426
2023-02-24 10:00:00,0.2831386666666666,0.606902006106742,4.149984720827436,0.9395673271657008
2023-02-24 11:00:00,0.4524503333333334,1.1279464334154783,8.658480293561086,1.684958755970677
2023-02-24 12:00:00,0.436705,1.2034175963362501,9.827689464669273,1.9588781073450008
2023-02-24 13:00:00,0.9202423333333332,1.9955079241240066,13.782708630106354,2.1575596650401034
2023-02-24 14:00:00,1.4948853333333336,1.57354882027282,1.0083052313781176,2.0851406759891336
2023-02-24 15:00:00,1.561119,1.5764157986883904,0.1960737152766594,2.0942158496238616
2023-02-24 16:00:00,1.0651666666666664,1.3145678098911837,3.1968132510883294,1.9684678474273845
2023-02-24 17:00:00,1.0412446666666668,1.5847814424034812,6.967031284074967,2.1161525505388847
2023-02-24 18:00:00,1.710805,1.2014318653007976,5.498040912529717,1.9684678474273845
2023-02-24 19:00:00,1.4818006666666668,1.4672015533898621,0.15757902530514697,1.959392673792656
2023-02-24 20:00:00,1.4653763333333334,1.1376071404199115,3.53785527689641,1.8967987810230265
2023-02-24 21:00:00,1.437606,1.9912254840306578,7.096271010340377,2.1581840057686565
2023-02-24 22:00:00,1.615174,2.023990195171376,5.240188609748487,2.229031732736718
2023-02-24 23:00:00,1.4908050000000002,2.012728707361584,6.689995892475276,2.231830938211417
2023-02-25 00:00:00,2.0947266666666664,1.7916078982126198,3.271785017284266,2.1187056601655936
2023-02-25 01:00:00,2.3017989999999995,1.8583911710772159,4.786028587457931,2.230237135280925
2023-02-25 02:00:00,1.4215146666666667,1.9428729713736934,6.682748585286062,2.230237135280925
2023-02-25 03:00:00,2.097677,1.931774799389241,1.7907051320547287,2.230237135280925
2023-02-25 04:00:00,1.9765086666666665,1.8715212945033335,1.1332063435066204,2.230237135280925
2023-02-25 05:00:00,2.0490843333333326,1.9356824895530247,1.22402995797692,2.229140065138254
2023-02-25 06:00:00,1.842667,1.9003369849528928,0.7392114154084145,2.229140065138254
2023-02-25 07:00:00,1.1598176666666669,1.7944504677000208,8.134696263570648,2.127209799210884
2023-02-25 08:00:00,0.977249,1.568046412326816,7.572816114699332,2.0592877135576337
2023-02-25 09:00:00,0.9374586666666668,1.6991380008053862,9.763173323799851,2.122628347814614
2023-02-25 10:00:00,1.5110503333333334,1.5007719584681412,0.11094210054190455,1.897279947600496
2023-02-25 11:00:00,1.467265,1.7112556323192718,3.1274615523213503,2.1448635056317324
2023-02-25 12:00:00,1.6079973333333335,1.8598226439974583,3.227886126270853,2.1965599545691017
2023-02-25 13:00:00,1.923447,2.058695499157789,1.7336095123998838,2.3166400693591345
2023-02-25 14:00:00,0.4175483333333333,1.8598226439974583,18.487010798842675,2.1896884207803904
2023-02-25 15:00:00,1.6779163333333336,1.5867654721884799,0.9838586483024148,2.12288946578039
2023-02-25 16:00:00,2.0781466666666666,1.1225798751523506,10.31413900048524,1.6295772136755842
2023-02-25 17:00:00,2.1767776666666667,1.1031726349455813,11.588213013601512,1.9480315047675785
2023-02-25 18:00:00,1.8096686666666664,0.5452019388044615,13.648324437888476,0.8838421243620116
2023-02-25 19:00:00,1.1387576666666666,0.6904117858706545,4.839328632901506,1.0867716542205967
2023-02-25 20:00:00,0.8321046666666667,0.6834990963095321,1.6040098112669838,0.9869422784413984
2023-02-25 21:00:00,0.2195,0.5069871202160305,3.6849976850205697,0.5906270358604357
2023-02-25 22:00:00,0.8382473333333333,0.30553448812615464,5.749963667221584,0.7041769292260652
2023-02-25 23:00:00,0.4617516666666666,0.26896562094975174,2.0808823522707907,0.5349028308793874
2023-02-26 00:00:00,0.4956313333333333,0.6898814410118566,2.4898896220897213,1.214747521452032
2023-02-26 01:00:00,0.4989393333333334,1.1810154554357974,8.742822736081779,1.9663333263954612
2023-02-26 02:00:00,0.4025866666666666,1.1944665566273611,10.150282764413,1.9663333263954612
2023-02-26 03:00:00,0.6569343333333333,1.1647623584377713,6.509318036551378,1.9663333263954612
2023-02-26 04:00:00,0.6872056666666666,1.3845363931814274,8.93835560692127,2.035914176970445
2023-02-26 05:00:00,0.7888046666666666,1.3845363931814274,7.636063944188448,2.035914176970445
2023-02-26 06:00:00,0.891346,1.3845363931814274,6.321693492850274,2.035914176970445
2023-02-26 07:00:00,1.4871303333333334,1.3845363931814274,1.1073722619193485,2.035914176970445
2023-02-26 08:00:00,1.2370870000000005,1.9356900915355202,8.954664727665442,2.342060957654309
2023-02-26 09:00:00,1.3774016666666666,2.006811730565569,8.067751441014897,2.3760363916239284
2023-02-26 10:00:00,1.523015,2.031187009210237,6.513727210195752,2.3760363916239284
2023-02-26 11:00:00,1.2620273333333332,2.1009121751683084,10.75279023922115,2.3760363916239284
2023-02-26 12:00:00,1.2270736666666664,1.8340928309579203,7.7807458417459285,2.246452367657891
2023-02-26 13:00:00,1.3383189999999996,2.0536408015737693,9.168964442175039,2.3760363916239284
2023-02-26 14:00:00,1.7576676666666669,2.063442172947898,3.919404622154667,2.342060957654309
2023-02-26 15:00:00,2.08842,2.100781285158454,0.1584464276470993,2.3760363916239284
2023-02-26 16:00:00,2.386649333333333,2.007205853764874,4.095614064711078,2.290508717657891
2023-02-26 17:00:00,2.1122846666666666,1.7544877499827487,3.861966704362682,2.246452367657891
2023-02-26 18:00:00,1.2550366666666666,1.6707248534156098,5.32827350564152,2.222031240193419
2023-02-26 19:00:00,1.313216333333333,1.3898107044050056,0.9817833921485758,2.035914176970445
2023-02-26 20:00:00,1.4667036666666664,1.3898107044050056,0.8299626022677172,2.035914176970445
2023-02-26 21:00:00,1.5249203333333332,1.3898107044050056,1.4583381354874914,2.035914176970445
2023-02-26 22:00:00,2.156116,1.3898107044050056,8.271299720503407,2.035914176970445
2023-02-26 23:00:00,2.419532333333333,1.3898107044050056,11.11454699649191,2.035914176970445
2023-02-27 00:00:00,2.121371333333333,1.2118361063255305,9.817286285482876,2.0006044542372003
2023-02-27 01:00:00,2.2236316666666665,1.3031671425738502,9.93525427088533,2.096128489614172
2023-02-27 02:00:00,2.3551276666666667,1.3271317833956155,11.095919747463693,2.096128489614172
2023-02-27 03:00:00,2.416802333333333,1.340807413889476,11.614008839060405,2.096128489614172
2023-02-27 04:00:00,2.3114565,1.1053364611997667,13.018545476807605,2.0006044542372003
2023-02-27 05:00:00,2.383789333333333,1.3404182540326672,11.26187560781527,2.096128489614172
2023-02-27 06:00:00,2.4826186666666668,1.243832657601313,13.371133449612984,2.0303714354475058
2023-02-27 07:00:00,2.480874666666667,1.1549838758853797,14.311319770656354,2.0006044542372003
2023-02-27 08:00:00,2.168249,0.6172076800514241,16.74153592559839,1.11582918554631
2023-02-27 09:00:00,1.4871869999999998,1.1549838758853797,3.5857139751411182,2.0006044542372003
2023-02-27 10:00:00,1.487704666666667,1.28242587743304,2.2157257711432523,2.0303714354475058
2023-02-27 11:00:00,1.3935803333333332,1.4068660268512363,0.17029545469924595,2.096128489614172
2023-02-27 12:00:00,1.247469333333333,1.8791969029557163,8.09745713085461,2.229188956796305
2023-02-27 13:00:00,1.5966266666666664,2.0284864748256117,5.535560661372553,2.2756747999839164
2023-02-27 14:00:00,1.547534666666667,1.5048017459968184,0.4612480128019641,2.146783937947505
2023-02-27 15:00:00,1.3108006666666665,1.4452318806553994,1.7231335858480763,2.146783937947505
2023-02-27 16:00:00,1.3771036666666667,1.2843487716096065,1.001172172463057,2.096128489614172
2023-02-27 17:00:00,1.3461139999999998,1.0978598334447704,2.679590797878715,1.8540202252183104
2023-02-27 18:00:00,1.126832,0.8557672342575368,2.9258024628201516,1.152703669897189
2023-02-27 19:00:00,1.1856076666666664,0.5301288213499791,7.0750678890378635,0.6805215621985871
2023-02-27 20:00:00,1.2499613333333337,0.6884976696971238,6.060292511095285,1.11582918554631
2023-02-27 21:00:00,1.5214013333333332,1.059655773469852,4.983961277831276,1.8540202252183104
2023-02-27 22:00:00,1.7990540000000002,1.0791528491329865,7.770425471656245,2.0006044542372003
2023-02-27 23:00:00,1.5867873333333329,1.1060707690657023,5.188729356986822,2.0006044542372003
2023-02-28 00:00:00,1.1290006666666663,1.4945242004826433,4.6852651169911645,2.30064252896069
2023-02-28 01:00:00,1.442997,1.4931574662399059,0.6429547237966953,2.2979057794859488
2023-02-28 02:00:00,1.7827183333333336,1.6315016032844705,1.6321939887123644,2.2979057794859488
2023-02-28 03:00:00,1.90011,1.6680481335619624,2.504815328880233,2.3017959427363524
2023-02-28 04:00:00,1.9454623333333327,1.6302178034373422,3.4026673272489485,2.299059193261611
2023-02-28 05:00:00,2.0025736666666663,1.6302178034373422,4.019112180433471,2.3022599597285742
2023-02-28 06:00:00,1.981072333333333,1.6302178034373422,3.7870323900251806,2.3022599597285742
2023-02-28 07:00:00,1.939339,1.6302178034373422,3.3365736625180795,2.3022599597285742
2023-02-28 08:00:00,2.008832333333333,1.246371098416252,8.229807931012203,1.8829784592683445
2023-02-28 09:00:00,1.633631,1.4353934802762,2.1397241424667857,2.167712872469944
2023-02-28 10:00:00,1.584868333333333,1.4918736663927776,1.0037602077074157,2.2979057794859488
2023-02-28 11:00:00,1.720627333333333,1.3200532766233566,4.323692009375418,2.1442120986997386
2023-02-28 12:00:00,1.865821,1.5068758950162426,3.874359949741697,2.2979057794859488
2023-02-28 13:00:00,1.7394443333333336,1.2969485683971675,4.776184006400021,1.9994117512527207
2023-02-28 14:00:00,1.120416,1.223116331046667,1.3164084772682323,1.7421019851402642
2023-02-28 15:00:00,1.0652706666666667,1.1051815640756604,0.511576186260863,1.430789682295244
2023-02-28 16:00:00,0.7503976666666666,1.103814829832923,4.530086172679856,1.4280529328205025
2023-02-28 17:00:00,0.8032096666666666,1.0965948633717548,3.7605989787130305,1.4280529328205025
2023-02-28 18:00:00,1.088997,1.4843774000056786,5.067969158509072,2.30064252896069
2023-02-28 19:00:00,1.615918,1.6312648347131333,0.1967150749146372,2.30064252896069
2023-02-28 20:00:00,2.095776333333333,1.6315845376800797,5.0103653096454055,2.30064252896069
2023-02-28 21:00:00,2.2970083333333338,1.4918736663927776,8.690413838863373,2.2979057794859488
2023-02-28 22:00:00,2.483344333333333,1.6315016032844705,9.194568503530048,2.2979057794859488
2023-02-28 23:00:00,2.4269103333333333,1.4931574662399059,10.078685183315041,2.2979057794859488
2023-03-01 00:00:00,2.403516,1.4487080284929301,10.305948495017086,2.18499153837077
2023-03-01 01:00:00,2.4416643333333337,1.5672539434157753,9.438157944758462,2.221679615184652
2023-03-01 02:00:00,2.149192333333333,1.5672539434157753,6.281291372439188,2.221679615184652
2023-03-01 03:00:00,2.3943350000000003,1.5025171756258273,9.626049257246239,2.2257254837737186
2023-03-01 04:00:00,1.9408786666666664,1.5732794147963842,3.9677705566306,2.336087422894382
2023-03-01 05:00:00,2.238143333333333,1.5726030206654267,7.1836687463833355,2.333480505112969
2023-03-01 06:00:00,2.3300136666666664,1.370989894918844,10.351452744502872,2.1818486964455808
2023-03-01 07:00:00,2.198318,1.300797412648926,9.687603395118032,2.179241778664168
2023-03-01 08:00:00,1.927147,0.5821224759872957,14.517844302378828,1.3993819186791674
2023-03-01 09:00:00,1.0940469999999998,0.5392252121237134,5.988601834504021,0.6969664244738015
2023-03-01 10:00:00,0.8967873333333333,0.46855867514028127,4.622188573124194,0.6929205558847347
2023-03-01 11:00:00,0.5634943333333334,0.46855867514028127,1.024710761614015,0.6929205558847347
2023-03-01 12:00:00,0.5567040000000001,0.7862687871825166,2.942551682642798,1.3953360500901006
2023-03-01 13:00:00,0.6281749999999998,1.2369502755699777,7.803255601459246,1.9100949276355923
2023-03-01 14:00:00,0.9572090000000002,1.4579565644512638,6.418560992909837,2.219072697403239
2023-03-01 15:00:00,1.5295816666666666,1.7110710098479684,2.326322685261323,2.329434636523903
2023-03-01 16:00:00,1.8564803333333335,1.7110710098479684,1.5695103552289038,2.3288601917079585
2023-03-01 17:00:00,1.850805,1.8754256999744285,0.31558708557509846,2.360168402505413
2023-03-01 18:00:00,1.941661,1.8754256999744285,0.7149265726574315,2.360168402505413
2023-03-01 19:00:00,2.492267,1.8610579456275345,6.813106088424504,2.360168402505413
2023-03-01 20:00:00,2.119061333333333,1.859745330284737,2.7989893791253624,2.353138010041292
2023-03-01 21:00:00,1.8961423333333327,1.711747403978926,1.9903108283326247,2.329434636523903
2023-03-01 22:00:00,2.496309,1.7176827370016512,8.404289032759916,2.329434636523903
2023-03-01 23:00:00,2.5229990000000004,1.711747403978926,8.756438377757817,2.3222459260096477
2023-03-02 00:00:00,2.449499,1.9977705581580152,4.875839115596809,2.441200897266268
2023-03-02 01:00:00,2.2359706666666668,1.9632011913501934,2.944202653845976,2.4437080338279937
2023-03-02 02:00:00,2.161580333333333,1.8293790582207008,3.58569401749537,2.445497903400065
2023-03-02 03:00:00,2.055838,1.8293790582207008,2.4443388198045115,2.4462999651492194
2023-03-02 04:00:00,2.4821623333333336,1.75657906447405,7.8317567729424225,2.4178575318158857
2023-03-02 05:00:00,2.5039716666666667,1.75657906447405,8.067161035109631,2.4178575318158857
2023-03-02 06:00:00,2.5161256666666665,1.827522200567565,7.432606416037902,2.4462999651492194
2023-03-02 07:00:00,2.5158366666666665,1.827522200567565,7.429487025329046,2.4462999651492194
2023-03-02 08:00:00,2.222959,1.9994355740898517,2.412653626282274,2.484326569815886
2023-03-02 09:00:00,1.7883893333333334,1.0865002475687802,7.576007933497393,1.6740495742735992
2023-03-02 10:00:00,2.101153,0.7885078023953535,14.168350288689272,1.6732475125244453
2023-03-02 11:00:00,1.2052026666666666,1.0957829046453977,1.18104840489371,1.6714576429523735
2023-03-02 12:00:00,0.8772513333333333,0.7885078023953535,0.9578745532142879,1.6623806959389704
2023-03-02 13:00:00,0.6834933333333333,0.7244246659160489,0.5246560809359821,1.6623806959389704
2023-03-02 14:00:00,0.7151053333333334,0.7244246659160489,0.11945480885348082,1.658709284095402
2023-03-02 15:00:00,0.6409573333333333,0.9853436747261193,4.414329483113852,1.6518765742928438
2023-03-02 16:00:00,0.6324516666666666,1.3270908489345583,8.903855507190228,2.153109054818444
2023-03-02 17:00:00,1.0671913333333334,1.7546281813714764,8.811536293225357,2.402254342286807
2023-03-02 18:00:00,1.6829563333333333,1.9982499700522658,4.041420431419372,2.4306967756201407
2023-03-02 19:00:00,2.283328666666667,1.994695618321006,3.1154299282975035,2.4306967756201407
2023-03-02 20:00:00,2.292034333333333,1.827888601026915,5.009868113880228,2.4306967756201407
2023-03-02 21:00:00,2.176621333333333,1.8293790582207008,3.7480426529690325,2.4306967756201407
2023-03-02 22:00:00,2.019605333333333,1.7580695216678355,2.8229494150250147,2.409087052089365
2023-03-02 23:00:00,1.8862840000000003,1.7580695216678355,1.3839136762977795,2.412758463932934
2023-03-03 00:00:00,2.008970666666667,1.8877675404922227,1.30823496772579,2.4299259617787303
2023-03-03 01:00:00,1.7719153333333333,1.8572911169032733,1.0943431642281387,2.436522182455504
2023-03-03 02:00:00,1.4824476666666666,1.2489912019765756,2.5198682590879864,2.001820656998241
2023-03-03 03:00:00,0.8790783333333334,1.2493946552373045,4.746698870947797,2.006133815616717
2023-03-03 04:00:00,1.1170626666666668,1.3496319946800552,2.9810637592811995,2.006133815616717
2023-03-03 05:00:00,1.302490666666667,0.8792137983808386,4.5687402429207475,1.7650399598275597
2023-03-03 06:00:00,1.264708666666667,1.1742553963739717,0.9763290343826726,1.8206727668037328
2023-03-03 07:00:00,0.8405993333333333,1.856613719431953,13.023229207303597,2.439970960613593
2023-03-03 08:00:00,0.7976923333333333,0.2845098552248803,5.539157972867624,0.5126554487120407
2023-03-03 09:00:00,0.4626910000000001,0.06986953864256006,4.240012514869482,0.370680445314052
2023-03-03 10:00:00,0.083301,0.06986953864256006,0.14497569468769705,0.3663672866955762
2023-03-03 11:00:00,0.0555326666666666,0.052053735097374085,0.03755068101727942,0.3263977339442284
2023-03-03 12:00:00,0.0277333333333333,0.04436951068856605,0.2132418140873844,0.319801513267455
2023-03-03 13:00:00,0.0,0.04436951068856605,0.5687265017298828,0.3244895111637929
2023-03-03 14:00:00,0.0065696666666666,0.04436951068856605,0.4845167936920711,0.3244895111637929
2023-03-03 15:00:00,0.0,0.06967318193318106,0.893067884011149,0.3417012347448751
2023-03-03 16:00:00,0.0056123333333333,0.30956589379341043,3.8960638160327856,0.5050540510821411
2023-03-03 17:00:00,0.0,1.1056438340131636,14.172095660265299,1.736060749258383
2023-03-03 18:00:00,0.154984,1.3726640720449577,15.608171396372498,2.170393404946811
2023-03-03 19:00:00,0.2405686666666666,1.1749327938452923,11.976639659655643,1.7939124542447544
2023-03-03 20:00:00,0.447681,0.80570930884142,4.589191641910973,1.7420967370638385
2023-03-03 21:00:00,0.5221093333333333,0.40364455025479573,1.2786780057499127,0.7633588638317839
2023-03-03 22:00:00,0.2519473333333333,0.182300001221501,0.7517551580837197,0.4837324244493283
2023-03-03 23:00:00,0.1503609999999999,0.0703505794045017,0.8636116353535838,0.3574739098593975
2023-03-04 00:00:00,0.0865386666666666,0.15634973397773858,0.8948352929230488,0.4000451175095303
2023-03-04 01:00:00,0.070967,0.0894818525025774,0.2373225922581369,0.2870884687575058
2023-03-04 02:00:00,0.0068563333333333,0.18267537615643442,2.2536410163307656,0.3943873673139588
2023-03-04 03:00:00,0.0,0.20303675913303285,2.602516546887673,0.3841940527473211
2023-03-04 04:00:00,0.0,0.1723715882844183,2.209451690615187,0.3730747830673742
2023-03-04 05:00:00,0.007218,0.12571859863410004,1.5189356354889008,0.3278489531464108
2023-03-04 06:00:00,0.0692113333333333,0.16722067713896566,1.256279602240078,0.4097033863766179
2023-03-04 07:00:00,0.0026559999999999,0.13191000287080837,1.6567723138367307,0.3278489531464108
2023-03-04 08:00:00,0.0,0.4288842294851598,5.497419820432422,0.6868037901791076
2023-03-04 09:00:00,0.0,0.37246499233652125,4.774240437206033,0.4699093911440028
2023-03-04 10:00:00,0.0244759999999999,0.35985509610021343,4.298874995877693,0.4594426749835876
2023-03-04 11:00:00,0.0920106666666666,0.4128162369435244,4.112072161436628,0.6656142488158333
2023-03-04 12:00:00,0.2538376666666667,0.8737921041638206,7.9465496237833,1.5917235244846673
2023-03-04 13:00:00,0.2439576666666666,0.9409597775709115,8.934143425996076,1.6323648745042347
2023-03-04 14:00:00,0.3181873333333334,0.7935910751781128,6.093704952179083,1.581408777899972
2023-03-04 15:00:00,0.3008226666666667,0.7868799770370658,6.230261940626483,1.5564101908242254
2023-03-04 16:00:00,0.2828763333333333,0.7813764169556278,6.389752879191018,1.5564101908242254
2023-03-04 17:00:00,0.398452,0.7011724259706921,3.88025755057196,1.4880516801752246
2023-03-04 18:00:00,0.495641,0.8541822754982339,4.595766826710317,1.5564101908242254
2023-03-04 19:00:00,0.8691626666666666,1.072246400898335,2.6031186717049355,1.5970515408437929
2023-03-04 20:00:00,1.0422062142857145,0.6210773651429531,4.545555083898859,1.0451861497025567
2023-03-04 21:00:00,1.099524333333333,0.5556212491148738,5.87074819179479,0.6955397713954296
2023-03-04 22:00:00,0.4193903333333332,0.5634264030727756,1.8462482185304876,0.705907695601974
2023-03-04 23:00:00,0.3150963333333333,0.39503379511976044,1.02463498680585,0.6498873490231164
2023-03-05 00:00:00,0.5745609999999999,0.6039817965702082,0.37711451967382276,0.7839793548753764
2023-03-05 01:00:00,0.7207363333333334,0.7851056656255239,0.8250833647949111,1.5894686383426546
2023-03-05 02:00:00,0.3086063333333333,0.7076752345468431,5.115248210182203,1.6118312515058324
2023-03-05 03:00:00,0.18683,0.7080573161309224,6.681069579286261,1.6139061948598086
2023-03-05 04:00:00,0.3434666666666667,0.605196616851582,3.354843374573488,0.8084169113925307
2023-03-05 05:00:00,0.2539206666666667,0.4487520020768104,2.497339774443961,0.7178496991087996
2023-03-05 06:00:00,0.2469516666666666,0.4173115398421878,2.183665611873168,0.688309056983785
2023-03-05 07:00:00,0.490617,0.39445676314152767,1.0379285446976618,0.6037356411419802
2023-03-05 08:00:00,0.348707,0.305907421831187,0.46196749647997465,0.458385196209131
2023-03-05 09:00:00,0.243924,0.594856607240323,4.498239240446897,0.7624878304598871
2023-03-05 10:00:00,0.4228326666666666,0.4165447810348696,0.06786979937083398,0.7140409159373154
2023-03-05 11:00:00,0.3568726666666666,0.6471471864755057,3.720726454500776,1.064748033766436
2023-03-05 12:00:00,0.395412,0.6310743981771859,3.0207106011454012,0.8990134118514497
2023-03-05 13:00:00,0.298793,0.7731908414971703,6.080811364287162,1.541495973940959
2023-03-05 14:00:00,0.4199946666666667,0.6937375344273394,3.5088244413556957,1.541495973940959
2023-03-05 15:00:00,0.4264213333333332,0.5920669724418546,2.123238760018082,0.7299841689450497
2023-03-05 16:00:00,0.4458223333333333,0.36935149391396255,0.8254063182807453,0.5666012850830755
2023-03-05 17:00:00,0.3837746666666666,0.2947457595024353,0.9609548298533778,0.4212508401502262
2023-03-05 18:00:00,0.283555,0.2947457595024353,0.1434426795506806,0.4212508401502262
2023-03-05 19:00:00,0.3259496666666667,0.5990257822007196,3.5002780396604463,0.7270873142184904
2023-03-05 20:00:00,0.410445,0.393635110424035,0.1814415687202265,0.5683351249005835
2023-03-05 21:00:00,0.4146593333333332,0.6002159194945753,2.3784564328679414,0.7317180087625577
2023-03-05 22:00:00,0.4237993333333333,0.41806470164178966,0.061898120475111576,0.6558053954689478
2023-03-05 23:00:00,0.5000573333333334,0.29735272184496875,2.1879407671933806,0.4258815346942936
2023-03-06 00:00:00,0.5845656666666667,0.11366317183247138,5.082798848313061,0.3566267003052497
2023-03-06 01:00:00,0.5277196666666666,0.11333465868019416,4.472763819383556,0.36054521380031
2023-03-06 02:00:00,0.1607699999999999,0.18345525940077212,0.2907786905831455,0.4878996971395942
2023-03-06 03:00:00,0.2540373333333333,0.20437764585955132,0.5360137291016034,0.4878996971395942
2023-03-06 04:00:00,0.2683136666666667,0.2239772452400839,0.47855578222133716,0.4878996971395942
2023-03-06 05:00:00,0.4091526666666666,0.20437764585955132,2.2102882259907437,0.4878996971395942
2023-03-06 06:00:00,0.0948296666666666,0.20339535389207947,1.3915903634141509,0.4878996971395942
2023-03-06 07:00:00,0.170525,0.22299495327261207,0.6725576303989547,0.4878996971395942
2023-03-06 08:00:00,0.4191216666666667,0.5058982080501278,1.1122980183315871,0.6956520893274203
2023-03-06 09:00:00,0.40268,0.44198057940827323,0.503753156074011,0.6591899620182927
2023-03-06 10:00:00,0.265252,0.5848533060429982,4.096635953683771,1.4776804809600383
2023-03-06 11:00:00,0.221082,0.7070860097317244,6.229578735305915,1.471831157245231
2023-03-06 12:00:00,0.4031196666666666,0.33813708579108553,0.7014050485145764,0.5018487018136641
2023-03-06 13:00:00,0.7145696666666668,0.5414757161995397,1.8683310063881686,0.9807230024593075
2023-03-06 14:00:00,0.3823753333333333,0.6488886125608258,3.4161558828880976,1.4679126437501706
2023-03-06 15:00:00,0.3726626666666666,0.7299419050771306,4.579590088972129,1.4679126437501706
2023-03-06 16:00:00,0.629418,0.6496057689864358,0.2587659646277186,1.4679126437501706
2023-03-06 17:00:00,0.3023596666666667,0.33826806609900334,0.46027233735383205,0.5018487018136641
2023-03-06 18:00:00,0.2549543333333333,0.8700743706719828,7.884582488075916,1.50719484427992
2023-03-06 19:00:00,0.185231,0.8710566626394547,8.790884187281119,1.50719484427992
2023-03-06 20:00:00,0.3563646666666666,1.3322692390672182,12.509103320505883,2.0371906445325942
2023-03-06 21:00:00,0.4851053333333334,1.6362475379239998,14.755291840060476,2.3048038882965862
2023-03-06 22:00:00,0.523004,1.5991844449903754,13.794435192345036,2.3048038882965862
2023-03-06 23:00:00,0.9063316666666666,1.5991581572595746,8.88062050236305,2.275181455397383
2023-03-07 00:00:00,0.8021619999999999,1.4082878960291565,7.769295967137781,2.3389644468814232
2023-03-07 01:00:00,0.7540653333333334,1.6987727169903186,12.109219081473524,2.3588993789677293
2023-03-07 02:00:00,0.8132916666666666,1.7969998635768385,12.609129847715561,2.3774828274420763
2023-03-07 03:00:00,0.88464,1.9790126627218743,14.027622265823625,2.383059725823349
2023-03-07 04:00:00,1.1047006666666668,2.0240710248042975,11.784450165516633,2.383059725823349
2023-03-07 05:00:00,1.18982,2.0244399737440735,10.698123341343841,2.383059725823349
2023-03-07 06:00:00,1.4273776666666662,2.0144720770515194,7.525351193232569,2.375770603472529
2023-03-07 07:00:00,1.039037,2.0141031281117434,12.49835617725663,2.37193441604778
2023-03-07 08:00:00,1.2713566666666665,2.0141031281117434,9.520492566503888,2.37193441604778
2023-03-07 09:00:00,1.2377539999999998,2.013506886317993,9.943567517326395,2.37193441604778
2023-03-07 10:00:00,1.115698333333333,2.353220787363061,15.862510205096266,2.527184987764584
2023-03-07 11:00:00,1.3730863333333334,2.354123786942122,12.574896373619449,2.531614406403901
2023-03-07 12:00:00,1.5045916666666663,2.3501157412536036,10.837891642382823,2.520589504448552
2023-03-07 13:00:00,1.508612,2.354299534021808,10.83998685846986,2.529242171800159
2023-03-07 14:00:00,1.4863416666666665,2.1137402140616506,8.041967907983057,2.458902142984231
2023-03-07 15:00:00,1.6891546666666666,2.353533146859826,8.515975114466231,2.524426703468809
2023-03-07 16:00:00,1.8282483333333328,2.012910684948081,2.3669941724674795,2.368650393197414
2023-03-07 17:00:00,1.9273156666666664,2.012910684948081,1.0971533054395197,2.368650393197414
2023-03-07 18:00:00,1.811561,2.012910684948081,2.5808917017073623,2.368650393197414
2023-03-07 19:00:00,1.7125623333333333,2.022509632700859,3.972891306537296,2.375939515548234
2023-03-07 20:00:00,1.844897,2.1234637405731007,3.5706566379886198,2.4086685654939304
2023-03-07 21:00:00,1.938167,2.2247658534914847,3.6736119199081276,2.5061189067772744
2023-03-07 22:00:00,1.9372333333333327,2.225790378644538,3.6987119394049097,2.508254593179192
2023-03-07 23:00:00,1.9511233333333329,1.272220938896595,7.327895575866572,2.218060685473082
2023-03-08 00:00:00,0.8260756666666667,0.2859395272684254,5.830088770781093,0.6890405871680618
2023-03-08 01:00:00,0.47852775,0.2591188820765935,2.3682421593103444,0.6602948316843564
2023-03-08 02:00:00,0.4127796666666666,0.18545138472991005,2.4537222509810057,0.6275832119950869
2023-03-08 03:00:00,0.470079,0.1425112644101999,3.535680799029502,0.6167099211685906
2023-03-08 04:00:00,0.2375448333333333,0.563832257722428,4.182338334397817,0.8283098384566279
2023-03-08 05:00:00,0.0272948333333333,0.7606539373430535,9.400165817981186,1.3641738397223002
2023-03-08 06:00:00,0.4510680833333332,1.2447986207447694,10.174004284760235,1.999272353713156
2023-03-08 07:00:00,0.2854911666666666,0.6210194519276766,4.30078729619832,1.3574470014225664
2023-03-08 08:00:00,0.8230709166666667,0.9879084174453328,2.112880077262294,1.478826585624679
2023-03-08 09:00:00,0.32540925,0.5900183839642339,3.391748629854369,1.090032438592666
2023-03-08 10:00:00,0.3184594166666666,1.1059885884305265,10.094515443527582,1.646522936404241
2023-03-08 11:00:00,0.3187588333333333,1.1034590691051327,10.058254262247596,1.646522936404241
2023-03-08 12:00:00,0.4565463333333334,0.41019279661614005,0.5003279991632752,0.6804988904123218
2023-03-08 13:00:00,0.3411253333333333,0.6111303359425471,3.460912644751747,1.354108080496829
2023-03-08 14:00:00,0.3018506666666666,0.12297417977004751,1.9307461981244094,0.6066441619431195
2023-03-08 15:00:00,0.106554,0.06302961415397243,0.4697908817187638,0.4366237661304318
2023-03-08 16:00:00,0.0055026666666666,0.0656913688680078,0.7714962260210756,0.4366237661304318
2023-03-08 17:00:00,0.0216246666666666,0.10382595419013511,1.0536526088614704,0.458049898542763
2023-03-08 18:00:00,0.5057116666666668,1.727717839898746,15.663623177473957,2.3116586039411637
2023-03-08 19:00:00,1.3915559999999998,1.8936659205266269,6.436023615166152,2.337323254487829
2023-03-08 20:00:00,0.7743040000000001,1.7852230502831057,12.95791740943779,2.3316729631189883
2023-03-08 21:00:00,0.623164,1.072867771403596,5.764283823644026,1.5847465284469002
2023-03-08 22:00:00,0.9024893333333333,1.127865587477277,2.888863244221019,1.6504395486012788
2023-03-08 23:00:00,0.6997573333333333,1.7466071899721896,13.41847695778336,2.317390074594208
2023-03-09 00:00:00,1.3055396666666663,1.660160732390775,4.54551774448503,2.3771433910384885
2023-03-09 01:00:00,0.968319,1.5910682242522953,7.982373081596238,2.3498457050394577
2023-03-09 02:00:00,1.2431936666666663,1.8136248614940076,7.3117628046178424,2.4047040989827644
2023-03-09 03:00:00,2.168667,2.027276502548716,1.5261321940136194,2.1956890296793814
2023-03-09 04:00:00,2.441680666666666,2.024444964966853,4.503533464654099,2.1788426532024547
2023-03-09 05:00:00,2.4077206666666666,2.0229970879778136,4.152606079029382,2.1788731356024558
2023-03-09 06:00:00,2.5247180000000005,1.8101619252617591,7.712732112437506,2.4125979710975005
2023-03-09 07:00:00,2.451032333333333,2.026304975444098,4.584396449814027,2.2476460200669512
2023-03-09 08:00:00,2.272857333333333,1.8984651571080993,4.041091612404966,2.3953742097719872
2023-03-09 09:00:00,2.1231486666666664,2.0296535343090487,1.0091621010364364,2.261446753284715
2023-03-09 10:00:00,2.3645313333333333,2.0249549078641698,3.6652994690475245,2.263138167533913
2023-03-09 11:00:00,2.500989,2.0249549078641698,5.138187972687824,2.259056728778672
2023-03-09 12:00:00,2.507248,2.025434737202728,5.200566835200591,2.2678723338487647
2023-03-09 13:00:00,2.484935,2.024522533674461,4.96957221348425,2.2678723338487647
2023-03-09 14:00:00,2.4285520000000003,2.024522533674461,4.3609888005521515,2.2652035514181907
2023-03-09 15:00:00,2.39539,1.7011793684810592,7.4931286987841315,2.404694573700907
2023-03-09 16:00:00,1.9850823333333327,1.8258892047264113,1.7182891567128222,2.419953277097932
2023-03-09 17:00:00,2.308336,1.8256701849048822,5.209769062594062,2.404694573700907
2023-03-09 18:00:00,2.230151,1.824286887030176,4.3807914984629255,2.404694573700907
2023-03-09 19:00:00,1.837733,1.7093817632203376,1.3853898113513485,2.404694573700907
2023-03-09 20:00:00,1.6570043333333333,1.7111950755227927,0.6946146295793929,2.404694573700907
2023-03-09 21:00:00,1.2269146666666666,1.6752045130547177,5.746160192904814,2.377133865756631
2023-03-09 22:00:00,1.1597620000000002,1.3294097603623263,2.174537780107608,2.3498457050394577
2023-03-09 23:00:00,1.370223,1.660160732390775,3.716409527693837,2.3771433910384885
2023-03-10 00:00:00,1.642904333333333,2.0488015238654373,5.20277293237763,2.328894359447298
2023-03-10 01:00:00,1.860069333333333,1.9027398550680084,0.5469489335478447,2.289376384249348
2023-03-10 02:00:00,1.876115,2.0488015238654373,2.2134885215038675,2.328805824065088
2023-03-10 03:00:00,1.9745126666666664,2.1344647164282606,2.0502585738201122,2.444847738677238
2023-03-10 04:00:00,1.986033,2.184761059842306,2.547287822554401,2.444847738677238
2023-03-10 05:00:00,1.8990763333333327,2.13360628949743,3.006195007565014,2.444847738677238
2023-03-10 06:00:00,1.7749483333333336,2.0595321803399647,3.647783652449024,2.353312747525166
2023-03-10 07:00:00,1.9056773333333328,1.8975549674201653,0.08767070160365424,2.289287848867138
2023-03-10 08:00:00,1.5195856666666665,1.8975549674201653,4.844794428490789,2.289287848867138
2023-03-10 09:00:00,1.1726336666666666,1.897268228181487,9.28833500318708,2.283363613828734
2023-03-10 10:00:00,1.5275606666666663,1.5947137527077424,0.8607654020027082,2.2263505005073165
2023-03-10 11:00:00,1.740963,1.8949908751607292,1.9743227556400098,2.2801839400903043
2023-03-10 12:00:00,1.772659666666667,1.8949908751607292,1.5680362298235977,2.2904698831524724
2023-03-10 13:00:00,2.340552,1.89569252039816,4.801697326699288,2.2861081751287085
2023-03-10 14:00:00,1.9059636666666664,2.0724932202328565,2.134568737958722,2.359924852388202
2023-03-10 15:00:00,1.4476436666666666,1.8961254037334374,5.748619839466815,2.2861081751287085
2023-03-10 16:00:00,2.217026666666666,2.1981991992494474,0.2032187783133007,2.4737560858733048
2023-03-10 17:00:00,2.396739666666667,2.1333809922421625,2.8426249207480763,2.3374487353504088
2023-03-10 18:00:00,2.528210333333333,2.119201092641954,4.4147391877113025,2.228863125883835
2023-03-10 19:00:00,2.529609333333333,2.1222146142753995,4.397312461819901,2.2489981962518417
2023-03-10 20:00:00,2.529532666666667,2.122827389143975,4.389870809503875,2.256688104096188
2023-03-10 21:00:00,2.288514666666667,2.1227773954203486,1.7889249274628465,2.256688104096188
2023-03-10 22:00:00,2.211157333333333,2.1227773954203486,0.9539500248268301,2.259673591742268
2023-03-10 23:00:00,2.5205970000000004,2.1233377590208837,4.287912751962232,2.260106628523845
2023-03-11 00:00:00,2.5222490000000004,2.244627928312947,2.996569521117612,2.5144625995430387
2023-03-11 01:00:00,2.513174,2.3149293752112667,2.1398008326866402,2.511937907450948
2023-03-11 02:00:00,2.353684666666666,2.1946613810813766,1.7164559153853396,2.504213359057446
2023-03-11 03:00:00,2.321395,1.9666214537388877,3.8293332316764275,2.3873907962872467
2023-03-11 04:00:00,2.0527236666666666,1.8485599520710216,2.2036899460034567,2.366484814338433
2023-03-11 05:00:00,1.837323,1.7523998343511686,0.9166385255762184,2.351885582193713
2023-03-11 06:00:00,1.457801,1.4145750837475004,0.46656927868441356,2.351885582193713
2023-03-11 07:00:00,0.7694529999999999,1.1777629214433953,5.233699214626394,1.9525797421382964
2023-03-11 08:00:00,0.464649,1.833428004801584,17.544951092794527,2.3873907962872467
2023-03-11 09:00:00,0.635795,1.6717816756806518,13.27923316608632,2.351885582193713
2023-03-11 10:00:00,0.7627313571428571,0.9752586357146671,2.7241656215845027,1.621292909947893
2023-03-11 11:00:00,0.6411306666666667,0.6153789624849451,0.27795718602646224,0.8403592455706264
2023-03-11 12:00:00,0.5180940000000002,0.41458073417338315,1.1172952237467026,0.7031184317291777
2023-03-11 13:00:00,0.1498526666666666,0.25752387320922404,1.3801249480482696,0.5633899219205357
2023-03-11 14:00:00,0.1911633333333333,0.25636588517938314,0.835763537613709,0.5382708462086063
2023-03-11 15:00:00,0.1431323333333333,0.2685297454845442,1.607338697947749,0.5633899219205357
2023-03-11 16:00:00,0.100269,0.18866987135779467,1.1331186108876334,0.5352865642770711
2023-03-11 17:00:00,0.0332343333333333,0.21358434998742648,2.3117188462716265,0.5348842471874582
2023-03-11 18:00:00,0.0187583333333333,0.1689868647438154,1.925622928970429,0.5297575551675643
2023-03-11 19:00:00,0.0,0.17861586006553548,2.289490500843504,0.5297575551675643
2023-03-11 20:00:00,0.0,0.17861586006553548,2.289490500843504,0.5297575551675643
2023-03-11 21:00:00,0.0,0.1401039851392776,1.7958469252898581,0.4571748846832122
2023-03-11 22:00:00,0.0009873333333333,0.15251929320528224,1.942330219576999,0.515282626862889
2023-03-11 23:00:00,0.0881116666666666,0.18995490850231378,1.3054223441987203,0.5541932547468841
2023-03-12 00:00:00,0.1554156666666666,0.22196279281960427,0.8529982339176568,0.4844017931508533
2023-03-12 01:00:00,0.1502656666666667,0.19836185678714002,0.6164949202561552,0.4868620442176024
2023-03-12 02:00:00,0.0973966666666666,0.11641907942120064,0.24382847798986362,0.3824449703138454
2023-03-12 03:00:00,0.0157743333333333,0.093209966428211,0.9925666529975389,0.3153434238159898
2023-03-12 04:00:00,0.059918,0.09066085637141699,0.39406062600113134,0.3153434238159898
2023-03-12 05:00:00,0.012936,0.14659711383420504,1.7132624748065215,0.3973663203886908
2023-03-12 06:00:00,0.0289953333333333,0.18771649392257347,2.034481088737534,0.4501285145365274
2023-03-12 07:00:00,0.0983883333333333,0.46690933544551955,4.7236865381809325,0.7046137891461257
2023-03-12 08:00:00,0.1202143333333333,0.5813709629405021,5.911086073203315,1.4095415005642573
2023-03-12 09:00:00,0.2473443333333333,0.16868791232174118,0.8489969165929252,0.4501285145365274
2023-03-12 10:00:00,0.2848163333333333,0.07081748827293696,2.30984778196236,0.3153434238159898
2023-03-12 11:00:00,0.0406293333333333,0.16868791232174118,1.641449421333045,0.4475704479873235
2023-03-12 12:00:00,0.0962513333333333,0.3573280281451233,3.3464699749725426,0.6237980282621158
2023-03-12 13:00:00,0.21147,0.3573280281451233,1.8696020039177876,0.6237980282621158
2023-03-12 14:00:00,0.4097603333333334,0.5891291541397592,2.2991419196096983,1.4045231829483042
2023-03-12 15:00:00,0.600724,0.5623423813396699,0.4142811925254445,1.4045231829483042
2023-03-12 16:00:00,0.8455553333333333,1.1391123131785006,3.7628008876995658,1.8553768479981556
2023-03-12 17:00:00,1.1937093333333333,1.2879345774506172,1.2077751733078446,2.041891484080031
2023-03-12 18:00:00,1.4341716666666668,1.2879345774506172,1.5784450428739074,2.041891484080031
2023-03-12 19:00:00,1.604707333333333,1.751134474088798,1.876896865162524,2.236179195746698
2023-03-12 20:00:00,2.173813,1.7007625261880794,5.105983573800716,2.270788699450709
2023-03-12 21:00:00,2.2154736666666666,1.767381708769328,4.836587855285979,2.236179195746698
2023-03-12 22:00:00,1.6067413333333334,1.7728243286556373,2.128844773373071,2.263844801159233
2023-03-12 23:00:00,1.975792,1.7051335874988705,2.9214163917975573,2.2408612882729653
2023-03-13 00:00:00,1.8649983333333329,1.7303414024192876,1.45345183105957,2.155822191097104
2023-03-13 01:00:00,1.207696333333333,1.7430086335218795,6.861610306143499,2.164811203237495
2023-03-13 02:00:00,1.5950173333333333,1.3445822788207444,2.7031307343189956,2.162220632464356
2023-03-13 03:00:00,1.0564883333333337,1.3241796254245357,3.4312556016943945,2.100442468239251
2023-03-13 04:00:00,0.846235,1.8694281621589974,13.115246453654995,2.24137032950382
2023-03-13 05:00:00,1.6378203333333332,1.977857669091221,4.358584113774529,2.24137032950382
2023-03-13 06:00:00,1.626591333333333,2.162198426918411,6.8653889553677185,2.375403164604285
2023-03-13 07:00:00,1.5832096666666666,1.9724061127452184,4.988703499968917,2.262783959991953
2023-03-13 08:00:00,1.9971306666666668,2.0372005620053217,0.513614214963799,2.328628621860154
2023-03-13 09:00:00,2.390861,2.1517962259485515,2.5804028892409425,2.370890184991828
2023-03-13 10:00:00,2.178538,1.951143519016834,2.454436786241576,2.243729181532363
2023-03-13 11:00:00,1.670678,1.8806621786526625,2.6915682749353977,2.2398430893506123
2023-03-13 12:00:00,1.8031023333333331,1.8835480345336788,1.031149578006731,2.2373307401651106
2023-03-13 13:00:00,2.0200616666666664,2.2872350553431087,3.424617137741575,2.4765601789779788
2023-03-13 14:00:00,2.086001333333333,1.8806621786526625,2.216377340052053,2.228804699380537
2023-03-13 15:00:00,2.360665,0.5125548455727464,19.948019531699433,1.412879689798949
2023-03-13 16:00:00,1.7912926666666664,1.7507663533236024,0.437430468188596,2.1971929342303733
2023-03-13 17:00:00,1.5520043333333335,1.8806621786526625,4.212722289108114,2.228804699380537
2023-03-13 18:00:00,1.7325039999999998,1.2426789936925438,5.2870435074061195,1.887436979510356
2023-03-13 19:00:00,1.303309,0.4295529661069394,9.431094996304823,0.948646479380868
2023-03-13 20:00:00,0.873847,0.8288147823807698,0.48606602505386765,1.5626648860594443
2023-03-13 21:00:00,0.6607963333333333,0.5205240462716351,1.5140625223879474,1.4214057305835228
2023-03-13 22:00:00,0.931457,0.8386209426830061,1.0020482167521452,1.5541388452748708
2023-03-13 23:00:00,0.9714943333333336,1.0469254425349876,0.9668727509523036,1.8122214586770216
2023-03-14 00:00:00,1.0550343333333332,1.874658667629474,10.505909872408223,2.2758950928698964
2023-03-14 01:00:00,1.845715,1.937919648990137,1.1818752708694136,2.2758950928698964
2023-03-14 02:00:00,1.458929666666667,1.937919648990137,6.13967323017349,2.2758950928698964
2023-03-14 03:00:00,1.6265843333333332,1.9367667423965929,3.9759049326220195,2.279398716417894
2023-03-14 04:00:00,1.053076,1.9659801688317218,11.701566825889893,2.279398716417894
2023-03-14 05:00:00,1.4826146666666666,1.936067001711467,5.812332753034709,2.279398716417894
2023-03-14 06:00:00,1.8458556666666663,2.0307393256807007,2.369830881303111,2.277932627180997
2023-03-14 07:00:00,0.966187,1.9301306987937044,12.355789351104628,2.277932627180997
2023-03-14 08:00:00,1.6334973333333338,1.9301306987937044,3.8022338677291962,2.277932627180997
2023-03-14 09:00:00,1.780272,1.9301306987937044,1.9208824302112244,2.277932627180997
2023-03-14 10:00:00,1.604828333333333,2.082569886644182,6.123670920164039,2.397935294092308
2023-03-14 11:00:00,2.003296666666667,1.9508241441579062,0.5663747376609632,2.276221422310934
2023-03-14 12:00:00,1.882574333333333,2.1969644326727686,4.029838927700967,2.3990234019873826
2023-03-14 13:00:00,1.877126,2.0294507417368877,1.952492063818334,2.274429003633
2023-03-14 14:00:00,2.502383666666667,2.2518625861094663,2.704059277032771,2.5076506948626176
2023-03-14 15:00:00,2.52715,2.221006620467828,3.3044318812808213,2.507249871910152
2023-03-14 16:00:00,2.480246,2.2198493519323295,2.810653579928384,2.507249871910152
2023-03-14 17:00:00,2.266949333333333,1.7845488996697911,5.206904604559592,2.292239841089515
2023-03-14 18:00:00,1.829127,1.6994268396003023,1.3999497414803905,2.292239841089515
2023-03-14 19:00:00,1.2608233333333334,0.5522836834393727,7.647792390085347,1.6499544616425423
2023-03-14 20:00:00,1.5697096666666666,0.44366585973485995,12.154223491719383,0.7492047466764743
2023-03-14 21:00:00,0.4557186666666667,0.5443406584620635,1.135952923256348,1.5303997296588754
2023-03-14 22:00:00,0.5127613333333334,0.3569718598766201,1.681550989751901,0.5813613380971936
2023-03-14 23:00:00,0.3407166666666666,0.5005630601112754,2.0489042756407474,0.8969055606749705
2023-03-15 00:00:00,0.6459026666666667,0.5999515450499513,0.49598443540710313,1.0176649591705669
2023-03-15 01:00:00,0.8135713333333333,0.6855324236669609,1.3820186338588907,1.6736000261103352
2023-03-15 02:00:00,0.6024523333333334,0.9216573569938291,4.091556422951964,1.707723394189896
2023-03-15 03:00:00,0.6958073333333333,1.1117760905136789,5.331869845503375,1.963936804950107
2023-03-15 04:00:00,1.066023,0.9216573569938291,1.5582451400392432,1.7099691395325023
2023-03-15 05:00:00,1.1097263333333334,0.6855324236669609,4.578638548671977,1.6736000261103352
2023-03-15 06:00:00,1.439220666666667,0.9173994587713995,5.632402171598761,1.707723394189896
2023-03-15 07:00:00,1.2578806666666669,0.5891708882999219,7.21787913341791,1.0034195277881175
2023-03-15 08:00:00,0.8596846666666667,0.6752267842599737,1.9909903271782845,1.654876366509226
2023-03-15 09:00:00,1.044086,1.6939060354353668,8.329365588482412,2.3259647804838632
2023-03-15 10:00:00,1.4632826666666667,1.6761677835364361,2.7287523776750064,2.3218889755661203
2023-03-15 11:00:00,0.851669,0.6450417421661918,2.230280789906533,1.4781122736213907
2023-03-15 12:00:00,0.684013,0.5911649464385822,1.0021777010891597,0.9993437228703748
2023-03-15 13:00:00,0.5768673333333334,0.9128707583824599,4.306877617802831,1.703647589272153
2023-03-15 14:00:00,0.6175326666666667,0.8843422103124847,3.4199533876071375,1.703647589272153
2023-03-15 15:00:00,0.572812,0.637144270928106,0.8246083138056626,1.0675646482650176
2023-03-15 16:00:00,0.7318896666666665,0.5911649464385822,1.5189459681166764,1.0034195277881175
2023-03-15 17:00:00,0.751123,0.33386166859571026,4.503810105007092,0.5628351667864185
2023-03-15 18:00:00,0.4825263333333333,0.3207075651895626,1.7466296258341023,0.5628351667864185
2023-03-15 19:00:00,0.2690416666666667,0.2846025519173734,0.19945876560534517,0.5628351667864185
2023-03-15 20:00:00,0.2283756666666667,0.2823363240369906,0.6916654121492848,0.5518183661890149
2023-03-15 21:00:00,0.1076286666666666,0.27418340459650825,2.134891550061347,0.5518183661890149
2023-03-15 22:00:00,0.00181,0.2729972151457165,3.476066194785367,0.5710821018483613
2023-03-15 23:00:00,0.0,0.2694841162114382,3.454235945049446,0.5553175845355133
2023-03-16 00:00:00,0.0,0.1104599905721495,1.4158714631803102,0.4753762388765968
2023-03-16 01:00:00,0.0,0.1104599905721495,1.4158714631803102,0.3956323944857945
2023-03-16 02:00:00,0.0,0.1104599905721495,1.4158714631803102,0.3956323944857945
2023-03-16 03:00:00,0.0032993333333333,0.16668326137890005,2.094248243765005,0.4074064650086988
2023-03-16 04:00:00,0.0523083333333333,0.18574917327036924,1.7104390133570881,0.4465068566477836
2023-03-16 05:00:00,0.0698436666666666,0.2880301325768473,2.796704844299326,0.5449271829660778
2023-03-16 06:00:00,0.1686296666666666,0.4114509629963534,3.1124730533187033,0.5854375737037366
2023-03-16 07:00:00,0.316374,0.6125530092876263,3.796409949622955,1.0942154638069388
2023-03-16 08:00:00,0.2193003333333333,0.18574917327036924,0.3621424808710044,0.4438294641866901
2023-03-16 09:00:00,0.1775433333333333,0.2831013647984935,1.353038359743373,0.5422497905049843
2023-03-16 10:00:00,0.1618546666666666,0.37328677802238946,2.7101278147674224,0.5622864758547635
2023-03-16 11:00:00,0.2878183333333333,0.5308144375265973,3.114713733082448,1.032033032240507
2023-03-16 12:00:00,0.368098,0.5308144375265973,2.085692378669806,1.0358964960857762
2023-03-16 13:00:00,0.4341873333333333,0.5308144375265973,1.2385621136517417,1.0358964960857762
2023-03-16 14:00:00,0.387323,0.5308144375265973,1.8392671459801293,1.0358964960857762
2023-03-16 15:00:00,0.394271,0.6128276539000213,2.801449898215341,1.17083251141623
2023-03-16 16:00:00,0.3709286666666666,0.7124188624055248,4.37720681124533,1.4021538717387556
2023-03-16 17:00:00,0.5200803333333334,1.3496568113420153,10.633476027421176,1.9096870579171528
2023-03-16 18:00:00,0.8583826666666667,1.6235904990225365,9.808401463940625,2.230824419329497
2023-03-16 19:00:00,1.2745393333333337,1.6631406130156043,4.981074682403629,2.230824419329497
2023-03-16 20:00:00,1.1713003333333334,1.6631406130156043,6.304387795415314,2.230824419329497
2023-03-16 21:00:00,0.9490696666666668,1.5976407520376557,8.313356599653693,2.230824419329497
2023-03-16 22:00:00,1.0321403333333334,1.6631406130156043,8.088134759321449,2.230824419329497
2023-03-16 23:00:00,0.8957510000000002,1.3862207994099038,6.286821037547187,2.002967428396164
2023-03-17 00:00:00,0.762192,1.220272169105243,5.871652133278859,1.4510934470942822
2023-03-17 01:00:00,0.901077,1.220272169105243,4.091430107681679,1.4510934470942822
2023-03-17 02:00:00,0.6389546666666667,0.7211154038785867,1.0531328366919535,1.1716901815010552
2023-03-17 03:00:00,0.5329133333333333,0.9081691433074148,4.810013019038555,1.0249317895557422
2023-03-17 04:00:00,0.692479,0.8728989580163071,2.312615351679076,1.0249317895557422
2023-03-17 05:00:00,0.520535,0.7280357643861055,2.6597359764437916,1.1765022734537374
2023-03-17 06:00:00,0.5371823333333333,0.7211154038785867,2.3576462787225405,1.1716901815010552
2023-03-17 07:00:00,0.5953913333333334,0.5717668117320138,0.2549969314335737,0.6406413839680366
2023-03-17 08:00:00,0.340061,0.43229207169882466,1.1822139560260674,0.46801755887040614
2023-03-17 09:00:00,0.1499146666666666,0.323595769497067,2.2262369923943366,0.39769707949519495
2023-03-17 10:00:00,0.0525973333333333,0.25593952191870956,2.606431528623122,0.3852022002539258
2023-03-17 11:00:00,0.0560283333333333,0.2202099930144871,2.104473533956082,0.4005940430451868
2023-03-17 12:00:00,0.052419,0.32297015108788424,3.4679131527329945,0.39829918815342497
2023-03-17 13:00:00,0.0291209999999999,0.33009916279531587,3.8579252952586325,0.3805978382576114
2023-03-17 14:00:00,0.015939,0.3507585445003685,4.291702687259035,0.9846400638563012
2023-03-17 15:00:00,0.0041886666666666,0.2882831271369072,3.641510716630807,0.9146640050088533
2023-03-17 16:00:00,0.0290603333333333,0.297497635183524,3.4408179230700804,0.4003403481639232
2023-03-17 17:00:00,0.0805059999999999,0.5937643419359185,6.578923606838831,0.6417928443773754
2023-03-17 18:00:00,0.3232753333333333,0.9987905202401205,8.658724947667915,1.3420177161922826
2023-03-17 19:00:00,0.4383653333333333,1.2506324200256036,10.411604985399673,1.4963815425155402
2023-03-17 20:00:00,0.3434953333333333,1.280875397738009,12.015297814802942,1.5011936344682224
2023-03-17 21:00:00,0.6439373333333333,0.7211154038785867,0.9892652271861844,1.1763865869263852
2023-03-17 22:00:00,0.5740903333333335,0.3616794045117449,2.29270822776936,0.4887864472654335
2023-03-17 23:00:00,0.4041499999999999,0.3027733286814486,1.0942333792586372,0.39876624719658743
2023-03-18 00:00:00,0.1405096666666666,0.1912690806786111,0.6506320108756865,0.44050393145304856
2023-03-18 01:00:00,0.310143,0.257991733724913,0.5629071815693237,0.42574502196742725
2023-03-18 02:00:00,0.3984673333333333,0.3193310637739941,0.8541762768057272,0.41633546623732565
2023-03-18 03:00:00,0.4184,0.19125327144067394,2.45176261112385,0.4042744411067385
2023-03-18 04:00:00,0.2952986666666666,0.08291622671481398,2.2924007263314357,0.3887999797032342
2023-03-18 05:00:00,0.0252369999999999,0.07278687169755961,0.6094922339368237,0.37636898482941
2023-03-18 06:00:00,0.0331306666666666,0.14952828737362553,1.4919797538224766,0.363200064662445
2023-03-18 07:00:00,0.127522,0.11371374040745255,0.14904275667284356,0.37331534134577826
2023-03-18 08:00:00,0.0322876666666666,0.07067612316475586,0.4920616033882541,0.3790804480445685
2023-03-18 09:00:00,0.0,0.06935189457805102,0.8889496363519463,0.3719088861596081
2023-03-18 10:00:00,0.0,0.07290459014898587,0.9344879371448308,0.3719088861596081
2023-03-18 11:00:00,0.0,0.11403034637484538,1.4616361320731202,0.3706120332494953
2023-03-18 12:00:00,0.0,0.09921467873852022,1.2717295341675625,0.5393546331998182
2023-03-18 13:00:00,0.0,0.10055007808231894,1.2888466261846883,0.5393546331998182
2023-03-18 14:00:00,0.0,0.1017667552894175,1.3044419429008125,0.5393546331998182
2023-03-18 15:00:00,0.0,0.09921467873852022,1.2717295341675625,0.5598591543903358
2023-03-18 16:00:00,0.0,0.09669684061903577,1.2394559921925876,0.5139499709166194
2023-03-18 17:00:00,0.0014083333333333,0.2316761811470574,2.9515634839244775,0.43646243663668627
2023-03-18 18:00:00,0.0,0.07997470203446333,1.0251123307219874,0.3968735060199275
2023-03-18 19:00:00,0.0,0.06911237582084434,0.8858794951047059,0.3968735060199275
2023-03-18 20:00:00,0.0,0.2001845568024061,2.565957138669065,0.42993459954365876
2023-03-18 21:00:00,0.0323986666666666,0.10746706497135466,0.9622235380948819,0.3911083993211373
2023-03-18 22:00:00,0.0752653333333333,0.10467644377679583,0.37699036331298014,0.3706462838381198
2023-03-18 23:00:00,0.0616413333333333,0.11949379869555252,0.7415504415373912,0.3733577470532783
2023-03-19 00:00:00,0.050179,0.20564321881196884,1.9927337474984799,0.6959511977429095
2023-03-19 01:00:00,0.0,0.2321577027214647,2.9757875637887015,0.6657679508096078
2023-03-19 02:00:00,0.0,0.24243580722227864,3.1075318703282018,0.6657679508096078
2023-03-19 03:00:00,0.0,0.2616763628790378,3.354156494764901,0.7327434193285003
2023-03-19 04:00:00,0.006781,0.21618701192118234,2.6841573583508254,0.6646809277823402
2023-03-19 05:00:00,0.0,0.21232507637473552,2.7215738024186025,0.6646809277823402
2023-03-19 06:00:00,0.056974,0.21232507637473552,1.9912834925480352,0.6657679508096078
2023-03-19 07:00:00,0.6754840000000001,0.40449749025805387,2.9249577879380575,0.6839770606202387
2023-03-19 08:00:00,0.5505726666666667,0.3061836230825733,2.637871667481677,0.6878097170347707
2023-03-19 09:00:00,0.487932,0.20416091480812398,3.0629511646687426,0.6657679508096078
2023-03-19 10:00:00,0.4767333333333333,0.22251272546055637,2.743991011065175,0.6300224183599006
2023-03-19 11:00:00,0.2688893333333333,0.2122011884241996,0.6118770675840247,0.6334734947508363
2023-03-19 12:00:00,0.1960996666666667,0.3734761333607266,2.2736040092981247,0.6861721704757889
2023-03-19 13:00:00,0.0794953333333333,0.25729398245302404,2.279015525681665,0.6392532934515642
2023-03-19 14:00:00,0.0419873333333333,0.2439218006931087,2.5883874177996686,0.6224503955642181
2023-03-19 15:00:00,0.0332829999999999,0.2457154595815836,2.722950235798812,0.6319261570335042
2023-03-19 16:00:00,0.0106676666666666,0.23037300181052833,2.816173645565128,0.6395001084774421
2023-03-19 17:00:00,0.0,0.2033776706990485,2.606886336847725,0.6657679508096078
2023-03-19 18:00:00,0.0,0.1854953822285527,2.3776719234606847,0.6657679508096078
2023-03-19 19:00:00,0.040616,0.19533410063421874,1.9831700364157197,0.639341601057746
2023-03-19 20:00:00,0.001036,0.28001279696652337,3.575912723406829,0.6388111418905895
2023-03-19 21:00:00,0.0534993333333333,0.30144459991815375,3.178151886214219,0.6449260401303898
2023-03-19 22:00:00,0.0640906666666666,0.4393676806331052,4.8102848109111465,0.6770433533005447
2023-03-19 23:00:00,0.0281333333333333,0.550884707970475,6.700604896426846,0.799211430277105
2023-03-20 00:00:00,0.047643,0.15693719566220662,1.400928353585974,0.5756358503497495
2023-03-20 01:00:00,0.1461849999999999,0.3352040621243839,2.4228383025636324,0.5683957299974651
2023-03-20 02:00:00,0.215504,0.3352040621243839,1.5343103075146993,0.5711170873724992
2023-03-20 03:00:00,0.240976,0.23989501458306275,0.011667874968864653,0.5748287744109941
2023-03-20 04:00:00,0.107307,0.3421426557327246,3.0101134516395076,0.5775501317860282
2023-03-20 05:00:00,0.2243966666666666,0.3311206421445728,1.3679833805311008,0.5775501317860282
2023-03-20 06:00:00,0.2435169999999999,0.2129580824299162,0.32984499495082314,0.5956047334492436
2023-03-20 07:00:00,0.2168103333333333,0.13729047718423934,0.858316610522414,0.5867362123405323
2023-03-20 08:00:00,0.2453433333333333,0.10667676289375008,1.4967308354949376,0.5314129138236094
2023-03-20 09:00:00,0.315556,0.1040134539389111,2.2833351304862024,0.5400948426200015
2023-03-20 10:00:00,0.2055256666666666,0.10566892546393593,1.0778276495652117,0.5313711487291901
2023-03-20 11:00:00,0.1872529999999999,0.12906003511833974,0.6281197023272723,0.5745143213342377
2023-03-20 12:00:00,0.2417543333333333,0.4929035694541693,3.21922023151686,1.080558005556225
2023-03-20 13:00:00,0.2021703333333333,0.4709058372877769,3.44464026496496,0.8732864395125455
2023-03-20 14:00:00,0.3303826666666667,0.604257705590425,3.510518605705148,1.1610649055268887
2023-03-20 15:00:00,0.3023526666666666,1.2234488313645187,11.806571480636524,1.4783734725495166
2023-03-20 16:00:00,0.5125043333333333,0.6013653357721813,1.1390165515230724,1.1667601329923463
2023-03-20 17:00:00,0.70552,1.2350652573606178,6.78768859634877,1.5211025786020587
2023-03-20 18:00:00,0.5808860000000001,1.4743381746046618,11.452231990847938,1.3326857204782458
2023-03-20 19:00:00,0.6252383333333333,1.1946698587857185,7.2989490850684895,1.501204291651465
2023-03-20 20:00:00,0.2764993333333334,0.5104840582137551,2.9992062561502193,1.1281094167098948
2023-03-20 21:00:00,0.3917443333333333,0.42820872848970437,0.4673990669075198,0.6660567198335406
2023-03-20 22:00:00,0.3647066666666666,0.3352040621243839,0.3184434273225706,0.5683957299974651
2023-03-20 23:00:00,0.3251603333333333,0.2792815557563171,0.4952035726898752,0.5683957299974651
2023-03-21 00:00:00,0.1921023333333333,0.5567082602727681,4.6735032710577675,0.5946509502961084
2023-03-21 01:00:00,0.2584543333333333,0.4049811735675739,1.8781748088429577,0.5250427490685573
2023-03-21 02:00:00,0.0281736666666666,0.38189651148738313,4.534004387131317,0.5375485830713792
2023-03-21 03:00:00,0.0145566666666666,0.384129925789805,4.737174323812829,0.5373545699044056
2023-03-21 04:00:00,0.0,0.42541359964543324,5.452933434693314,0.5290508806434284
2023-03-21 05:00:00,0.054879,0.42541359964543324,4.749496745758241,0.5232508085986423
2023-03-21 06:00:00,0.077443,0.4188782625439377,4.376502679888207,0.5553313026176017
2023-03-21 07:00:00,0.085564,0.415458328196639,4.2285714740630125,0.5165188560698952
2023-03-21 08:00:00,0.0767996666666666,0.3866712782092791,3.971921143215265,0.5958747045596442
2023-03-21 09:00:00,0.0219246666666666,0.3526202776737926,4.238842283062987,0.5935810982975612
2023-03-21 10:00:00,0.021417,0.3842882582935856,4.65126836210105,0.5730862481933073
2023-03-21 11:00:00,0.0507746666666666,0.3820785474166768,4.246639058767971,0.46092688791739833
2023-03-21 12:00:00,0.1162069999999999,0.4641958466104759,4.460506241841292,0.5181550093342356
2023-03-21 13:00:00,0.141684,0.5418678185011968,5.129539172577418,0.5445846268452197
2023-03-21 14:00:00,0.2465156666666667,0.6722869306757722,5.457517961301519,0.6230617656712316
2023-03-21 15:00:00,0.269074,0.6713410335021055,5.156241733895575,0.6396234873547859
2023-03-21 16:00:00,0.242202,0.5719725617464192,4.226985040965764,0.591641075146474
2023-03-21 17:00:00,0.1192,0.3678692672786281,3.1874320963280836,0.4745832773129757
2023-03-21 18:00:00,0.0055453333333333,0.37469212560704945,4.731707889867274,0.45584336224224414
2023-03-21 19:00:00,0.024274,0.44124314409270865,5.344692762416705,0.4778771327734247
2023-03-21 20:00:00,0.0511169999999999,0.5787954200748406,6.76375955538433,0.5891099691021502
2023-03-21 21:00:00,0.193693,0.6904269899423204,6.367115165482859,0.6398422664014183
2023-03-21 22:00:00,0.2999046666666667,0.6365826383849682,4.3155239283313875,0.5797847826445259
2023-03-21 23:00:00,0.2971966666666666,0.5844129438579047,3.6815260306430995,0.5826110739216963
2023-03-22 00:00:00,0.5708913333333334,0.35130222984410875,2.370187575052277,0.6368062649970032
2023-03-22 01:00:00,0.526427,0.3342140417856327,2.074696595070763,0.5764269347089759
2023-03-22 02:00:00,0.6334456666666666,0.28191239929296213,3.794358505532902,0.5653217015336516
2023-03-22 03:00:00,0.6813036666666666,0.20473436598038658,5.143964874347245,0.6017973377158692
2023-03-22 04:00:00,0.976255,0.17124252216751704,8.689094961463903,0.5722196829660817
2023-03-22 05:00:00,1.266783,0.3443933917591731,9.956033127650276,0.7080775473596761
2023-03-22 06:00:00,0.7318863333333334,0.6857078654583761,0.4984383516896379,0.9598358712021597
2023-03-22 07:00:00,0.913596,0.7697124078271628,1.5530420089295658,0.9089124130101285
2023-03-22 08:00:00,1.0470686666666669,0.3235631414043477,7.809330149856768,0.714603324593363
2023-03-22 09:00:00,0.9078933333333334,0.9556725152802243,0.6124315229641094,1.5060800837703785
2023-03-22 10:00:00,1.2160623333333334,1.3640614805149687,1.8970467767026387,0.967085612555107
2023-03-22 11:00:00,1.457971,0.6768287461988651,8.431445982011734,0.9506423575962888
2023-03-22 12:00:00,0.9586106666666666,1.4694533788624295,6.547960167524918,0.9927788478327195
2023-03-22 13:00:00,1.300384,1.5095963841295506,2.6816754455493665,1.005169452965755
2023-03-22 14:00:00,1.1973433333333332,1.486101913751921,3.701295207843499,1.0194305034775957
2023-03-22 15:00:00,1.3814073333333332,1.471795204726451,1.158587892867291,1.053430523052521
2023-03-22 16:00:00,0.8659376666666667,0.515105336093986,3.786792776312805,1.0126690315133693
2023-03-22 17:00:00,0.9836853333333332,0.6934074252524398,3.133184115755824,0.9213302984260383
2023-03-22 18:00:00,0.9267656666666668,1.1305890312394609,2.6125992219736607,1.3791688811227982
2023-03-22 19:00:00,0.8724083333333335,0.9308218172867102,0.7487415539883265,1.314646722378101
2023-03-22 20:00:00,0.588186,0.3940690704477947,2.0952475656630756,0.968889351702642
2023-03-22 21:00:00,0.8636699999999999,0.6944330127642602,1.8266999500961782,0.9590695090377768
2023-03-22 22:00:00,0.8563416666666667,0.5203166055156158,3.626966967809877,0.9867026917686322
2023-03-22 23:00:00,1.103184333333333,0.6907588742119177,4.451612959441666,0.9142310635798847
2023-03-23 00:00:00,1.2167560000000002,1.4772489888959122,3.338988057357844,1.0639565707517893
2023-03-23 01:00:00,2.026596333333333,1.4733765151490772,5.971310590998181,1.154637344279157
2023-03-23 02:00:00,2.080033,1.4541880881056832,6.755206931997816,1.0591066849977242
2023-03-23 03:00:00,1.4507283333333332,0.9949847424125512,4.9191775887146925,1.3313259522760288
2023-03-23 04:00:00,2.2006946666666667,1.216925003449468,10.618553450149614,1.131274668304117
2023-03-23 05:00:00,1.7992586666666666,1.3979661569292328,4.33144680418026,1.0591066849977242
2023-03-23 06:00:00,1.0997706666666665,1.3979661569292328,3.8222571170333004,1.0591066849977242
2023-03-23 07:00:00,2.18199,1.4708607196735561,7.675744186315298,1.0665394134350303
2023-03-23 08:00:00,1.662267666666667,1.4708607196735561,2.065996719932976,1.1628595894531766
2023-03-23 09:00:00,1.039257,1.4581454399157685,5.369294214681872,1.1846825440691027
2023-03-23 10:00:00,0.3085473333333334,1.4905432143491602,15.150772952799208,1.1045776662591047
2023-03-23 11:00:00,0.7056066666666667,1.4905432143491602,10.061283298272569,1.1045776662591047
2023-03-23 12:00:00,1.906136,1.4845712566669476,4.550260012228402,1.100052854047218
2023-03-23 13:00:00,1.6194563333333334,1.4845712566669476,1.4559143768731195,1.092620125609912
2023-03-23 14:00:00,1.22007,1.5001623832202093,3.5902122605797793,0.9951994693286483
2023-03-23 15:00:00,1.3991179999999996,1.4860734338145678,1.1145910539082842,1.010083826733935
2023-03-23 16:00:00,2.0620096666666665,1.1654081404542869,9.677683288623523,1.262054549618481
2023-03-23 17:00:00,2.274334,1.16743517069661,11.947577590905123,1.282727721828369
2023-03-23 18:00:00,2.276305,0.9538904370978079,14.27379827256669,1.1758778261750598
2023-03-23 19:00:00,2.227293333333333,0.9538904370978079,13.744779111232768,1.1570764946001533
2023-03-23 20:00:00,1.4475556666666665,0.970514137195685,5.149061988822855,1.332867536810848
2023-03-23 21:00:00,0.8049766666666668,0.8020239558917469,0.03187079085543736,0.9481699003045858
2023-03-23 22:00:00,0.491114,0.8853703735419154,5.053561435082169,0.9015654418531347
2023-03-23 23:00:00,0.6648046666666666,0.9666843786759871,3.869481314756279,1.1508911537686923
2023-03-24 00:00:00,1.2926333333333335,1.1613524358417249,1.4170118058321197,1.598927065104618
2023-03-24 01:00:00,0.9469469999999998,1.1613524358417249,2.7482397616243803,1.7457837614113276
2023-03-24 02:00:00,0.313177,1.0092395424161729,8.92210007705974,1.0772123704422656
2023-03-24 03:00:00,0.3422073333333333,1.1609570401138458,10.494698934095842,1.7631465018225752
2023-03-24 04:00:00,1.0451303333333333,0.8123619861073512,2.512440898450816,1.1857671382121044
2023-03-24 05:00:00,1.4836206666666667,1.6722698549092645,2.4180972748713048,1.4226048107227518
2023-03-24 06:00:00,2.059854666666667,1.6866421743498272,4.02835841163254,1.238440409422137
2023-03-24 07:00:00,2.161016,1.6866421743498272,5.12026748877923,1.238440409422137
2023-03-24 08:00:00,2.155704,1.6866421743498272,5.062931144677368,1.2331320369564553
2023-03-24 09:00:00,2.169190333333333,1.6639772694693709,5.453138191728238,1.1924600353412853
2023-03-24 10:00:00,1.886218333333333,1.5618971452946595,3.5006384105629262,1.3437418494492537
2023-03-24 11:00:00,2.073123333333333,1.6639772694693709,4.416216021390584,1.1510894841744574
2023-03-24 12:00:00,2.3914966666666664,1.6703141465225722,7.784256237806894,1.1573075033870788
2023-03-24 13:00:00,1.8040683333333327,0.3703878171987819,15.474773984417647,0.701243954408513
2023-03-24 14:00:00,1.0719786666666666,0.6216081659681874,4.861181852668702,1.0471328057573783
2023-03-24 15:00:00,1.7166989999999998,1.3139794392647393,4.346850020871204,1.6789958440478427
2023-03-24 16:00:00,0.8972669999999999,1.6802978736087915,10.036856449011571,1.413179792542137
2023-03-24 17:00:00,0.915622,1.4339486569239863,6.643889052887161,1.6156238644551733
2023-03-24 18:00:00,0.7471779999999999,1.6855289346542042,12.0277423883869,1.4219023413897418
2023-03-24 19:00:00,0.7916673333333333,1.6946435669079216,11.574310973829181,1.2782312877660638
2023-03-24 20:00:00,1.3580306666666668,1.711510826960901,4.530893667188086,1.23435436546307
2023-03-24 21:00:00,1.7575663333333331,1.6998907222520623,0.6225355201884305,1.4077977569271871
2023-03-24 22:00:00,2.198800666666666,1.6919830377420173,5.470457448967199,1.3681105201861408
2023-03-24 23:00:00,1.860018333333333,1.6980975645691894,1.7477305939569026,1.2409979021155715
2023-03-25 00:00:00,2.223537,1.921714814016751,3.2577900438840204,1.2120323627511371
2023-03-25 01:00:00,2.020965,1.9391225943438548,0.8833856048239755,1.1904548302312443
2023-03-25 02:00:00,1.5043966666666664,1.9391225943438548,5.572298459510368,1.1904548302312443
2023-03-25 03:00:00,2.383093333333333,2.1570991062562093,2.439322810378094,1.2837726114491834
2023-03-25 04:00:00,2.023527,2.1570991062562093,1.71212157945574,1.2837726114491834
2023-03-25 05:00:00,2.093826,2.157496637685804,0.816127527033775,1.2837726114491834
2023-03-25 06:00:00,2.085779,2.1745233562622657,1.1375213857906057,1.2970504614491831
2023-03-25 07:00:00,2.321816666666667,2.177594138302749,1.5567003978754212,1.3129584310224793
2023-03-25 08:00:00,2.331615,1.9598178001597417,4.013082113356556,1.2101990563793252
2023-03-25 09:00:00,2.219847,2.150775303356986,0.7455418987995706,1.2943283731395583
2023-03-25 10:00:00,1.7332636666666663,2.1308756113494676,5.096573003311015,1.2425063685310327
2023-03-25 11:00:00,1.0314813333333337,2.1308756113494676,14.091989117182063,1.274953791295305
2023-03-25 12:00:00,0.0,1.8482955957808573,23.691374370330447,1.3698352677498968
2023-03-25 13:00:00,0.0,1.9493430974068273,24.98659695035074,1.1819160900300651
2023-03-25 14:00:00,0.0,1.9621420931644626,25.150653933849803,1.2143635127943375
2023-03-25 15:00:00,1.107166,2.0146870780824537,11.63256659751652,1.2339370389418212
2023-03-25 16:00:00,2.519775333333333,2.1831252080069277,3.6337137476750634,1.4070533865128116
2023-03-25 17:00:00,2.4977546666666663,2.1831252080069277,3.396028408565045,1.4200373878350934
2023-03-25 18:00:00,2.528754,1.9770701874960814,5.954731345849419,1.2274997051537
2023-03-25 19:00:00,2.5290436666666665,2.1831252080069277,3.733753723061127,1.3992146298359096
2023-03-25 20:00:00,2.376379333333333,1.9770701874960814,4.310038890953591,1.2145157038314183
2023-03-25 21:00:00,2.530134,1.9642711917384466,6.107775732102919,1.2115158080739452
2023-03-25 22:00:00,2.521720333333333,1.9762746736877135,5.887398349079191,1.2101990563793252
2023-03-25 23:00:00,2.515346333333333,1.9460678976029744,6.144643125151712,1.2208451263840023
2023-03-26 00:00:00,2.4394059999999995,1.987296237608613,4.879954990264282,1.3703567622453416
2023-03-26 01:00:00,2.3422503333333333,1.987296237608613,3.8312820355493282,1.3703567622453416
2023-03-26 03:00:00,2.355147,1.5815697495023529,8.34979130721119,1.6465293162677472
2023-03-26 04:00:00,1.5063656666666665,1.2511717762769217,2.7544963689908526,1.670391167856553
2023-03-26 05:00:00,0.6015786666666667,0.6768662203663784,0.9650326626313661,1.0540913796397882
2023-03-26 06:00:00,0.3683233333333333,0.42417177359658603,0.715862933015739,0.7367990832214607
2023-03-26 07:00:00,0.6673863333333334,0.41961888464865504,2.6743372919851836,0.717261045452269
2023-03-26 08:00:00,0.265785,0.11941181560681796,1.579914018759952,0.6476967938944808
2023-03-26 09:00:00,0.0457503333333333,0.10995601041097225,0.8229856392122462,0.6480358438944808
2023-03-26 10:00:00,0.0961043333333333,0.11454692119439186,0.23639630715532722,0.6498429022355834
2023-03-26 11:00:00,0.230488,1.5556498628031796,16.985868420949767,1.5549550552286768
2023-03-26 12:00:00,0.4165713333333333,0.5324641559584145,1.485509273469393,0.8829285959217662
2023-03-26 13:00:00,0.5821453333333333,1.4879088991822034,11.610038880423373,1.6440273359200643
2023-03-26 14:00:00,0.2571266666666667,1.2365560528388282,12.554284233580356,1.677240443329051
2023-03-26 15:00:00,0.0824646666666666,0.6087756467851372,6.7462317681574016,0.9710779796459307
2023-03-26 16:00:00,0.036611,0.23109329153525404,2.4928657448944898,0.7159792236987416
2023-03-26 17:00:00,0.0,0.7688094000634883,9.854566205703826,1.0687931305202465
2023-03-26 18:00:00,0.034926,0.574235028520036,6.912840199984057,0.9473089937371818
2023-03-26 19:00:00,0.4671206666666666,0.6206008273330018,1.9673021745357953,0.9851273514391664
2023-03-26 20:00:00,1.314409333333333,0.7748638013581485,5.823713908123434,1.0660691302686116
2023-03-26 21:00:00,0.925404,0.9989093344336929,0.9421882518468293,1.0361472249681025
2023-03-26 22:00:00,0.8179663333333335,0.9080223893312788,1.1543346972384005,1.052188555918729
2023-03-26 23:00:00,0.9159416666666668,1.2451511952972831,4.219793742338544,1.9016123904266538
2023-03-27 00:00:00,0.8768766666666666,1.8509976328479578,12.48624113181366,1.524943927769732
2023-03-27 01:00:00,0.6145483333333333,1.8926276677283262,16.382366573428015,1.5107171632656964
2023-03-27 02:00:00,1.7823136666666668,0.913535913091825,9.377360735506455,0.9139283045210951
2023-03-27 03:00:00,1.134081,1.2499497267263224,1.4852004132634913,1.7416893949705805
2023-03-27 04:00:00,1.312832,1.3891357495412775,0.9780582177271333,1.683327899154005
2023-03-27 05:00:00,1.281869,1.4953142666392822,2.735932353607037,1.7250226299481448
2023-03-27 06:00:00,0.8063976666666668,1.4953142666392822,8.830503690612892,1.7462882870956205
2023-03-27 07:00:00,1.0882726666666669,0.8163239392956664,2.9353437143462533,0.9603993593252886
2023-03-27 08:00:00,0.766427,0.91392148950314,1.890578096034143,0.9363226207659991
2023-03-27 09:00:00,1.301321333333333,1.6554193564411825,4.538813406465873,1.5662165327402668
2023-03-27 10:00:00,1.958053,1.8681851314804496,0.9700103601539695,1.3466107620982697
2023-03-27 11:00:00,1.9509433333333333,1.8681851314804496,0.8932704703856055,1.3466107620982697
2023-03-27 12:00:00,1.074231333333333,1.833066292448723,9.726714245673419,1.4904497897062803
2023-03-27 13:00:00,1.37693,1.833066292448723,5.846735604935403,1.4742967169785826
2023-03-27 14:00:00,1.5549353333333336,1.8742780223404534,4.093321011512439,1.3417102670751209
2023-03-27 15:00:00,1.2132276666666668,1.8765816991878603,8.5028437877592,1.3555238962936
2023-03-27 16:00:00,1.828925,1.9240017883386131,1.2186902309352368,1.372569563409971
2023-03-27 17:00:00,1.3723196666666664,1.3974059382866775,0.32155476313537956,1.697559935849807
2023-03-27 18:00:00,1.8027323333333327,1.772522064341818,0.3260817730247204,1.5831689732784364
2023-03-27 19:00:00,2.311871333333333,1.772522064341818,5.821595496608722,1.575099920307536
2023-03-27 20:00:00,2.4676020000000003,1.3974059382866775,11.551417479452791,1.6939198219294398
2023-03-27 21:00:00,2.390063,1.3974059382866775,10.714481714145123,1.6939198219294398
2023-03-27 22:00:00,1.956773,1.5014071574992862,4.915100270680626,1.7206722644076717
2023-03-27 23:00:00,1.830488333333333,1.427711708710055,4.34746595361201,1.6859707990726482
2023-03-28 00:00:00,1.0726823333333335,1.1349954201440964,0.7987264976309117,1.4968602018098816
2023-03-28 01:00:00,1.3327829999999998,1.1349954201440964,2.134867608752391,1.5197642740484933
2023-03-28 02:00:00,1.4761509999999998,1.1217534761419885,3.825274543819839,1.4439600592683066
2023-03-28 03:00:00,1.8280573333333328,0.7757328759990321,11.358516037749483,0.9427634615467756
2023-03-28 04:00:00,0.8804716666666667,0.7475625969096702,1.4345858730884045,0.9782234003476659
2023-03-28 05:00:00,1.065923,0.6345855293409288,4.6557442849652775,0.945016654096416
2023-03-28 06:00:00,1.209445333333333,0.7751632936608766,4.687527195767827,1.0354454068802412
2023-03-28 07:00:00,0.548738,0.5073029560555997,0.4472390695542034,0.881586252026818
2023-03-28 08:00:00,0.7204713333333332,0.7716351091461557,0.6558151032487516,0.9255933192710496
2023-03-28 09:00:00,0.5441266666666666,0.4914882660517944,0.5681651827232698,0.8124565594172424
2023-03-28 10:00:00,0.6944543333333333,0.4039114319012236,3.1360443849519917,0.6019236293139015
2023-03-28 11:00:00,0.303513,0.4039114319012236,1.2869028318823257,0.599551733797126
2023-03-28 12:00:00,0.1710723333333333,0.3756449594162902,2.622203224157656,0.603313769269484
2023-03-28 13:00:00,0.0746143333333333,0.19897309081334036,1.5940252665284704,0.5418129079579979
2023-03-28 14:00:00,0.0996926666666666,0.13425042012272445,0.44295981464975526,0.48470456788406663
2023-03-28 15:00:00,0.0991246666666666,0.12322942536131316,0.30897377218500877,0.4603804292293378
2023-03-28 16:00:00,0.0906806666666666,0.13332645390431014,0.5466318878164246,0.46631500213839766
2023-03-28 17:00:00,0.095839,0.13182412786101644,0.46125583909070245,0.4709048894036281
2023-03-28 18:00:00,0.077676,0.1370457665062172,0.7609991430962997,0.4782158922463293
2023-03-28 19:00:00,0.2494113333333333,0.5259121999851922,3.5441763538924147,0.7739769582531404
2023-03-28 20:00:00,0.7987566666666667,0.5229290334949526,2.977211613015008,0.7739769582531404
2023-03-28 21:00:00,0.655601,0.4153203247378062,2.593527010139503,0.5732304655322895
2023-03-28 22:00:00,0.391308,0.5046597844658572,1.4529383543713386,0.8089351763635114
2023-03-28 23:00:00,0.8935010000000001,0.4170949609290012,5.142202671005304,0.5732304655322895
2023-03-29 00:00:00,0.2534943333333332,0.14931201158090235,1.1245168391054852,0.5314158443264922
2023-03-29 01:00:00,0.16045,0.13355029913275485,0.2903483631704706,0.4848887326091414
2023-03-29 02:00:00,0.0827676666666666,0.13548131780174213,0.6756813392397109,0.44728145020223775
2023-03-29 03:00:00,0.0,0.3896911100343116,4.995044081524252,0.5473220621400873
2023-03-29 04:00:00,0.068158,0.29877836292055493,2.956082007577399,0.4408036624247152
2023-03-29 05:00:00,0.2063393333333333,0.2241751481386203,0.22861871592212413,0.4652862603254344
2023-03-29 06:00:00,0.387593,0.22303501633870573,1.776196004501628,0.4652862603254344
2023-03-29 07:00:00,0.2128596666666666,0.357130183907809,1.8492533566402372,0.4990641152043687
2023-03-29 08:00:00,0.231942,0.1370271362505477,1.024486311807229,0.48203981909527777
2023-03-29 09:00:00,0.113686,0.12207474202339334,0.10752653862618346,0.4723625367105021
2023-03-29 10:00:00,0.0863976666666666,0.1756118241430946,1.1435432777811314,0.4539051583276169
2023-03-29 11:00:00,0.198784,0.1334813215119637,0.70486009875063,0.4545468650563976
2023-03-29 12:00:00,0.2606553333333333,0.3627387381146936,1.30850074262685,0.5682679615899975
2023-03-29 13:00:00,0.367168,0.36568640570075905,0.015991942876625847,0.5491446864628238
2023-03-29 14:00:00,0.330709,0.34649683888550264,0.20236784764770482,0.6060456346183176
2023-03-29 15:00:00,0.4039466666666667,0.4487925429246184,0.574832535346591,0.7478634727680973
2023-03-29 16:00:00,0.502458,0.5340732142227453,0.40524247185300466,0.7796618596624887
2023-03-29 17:00:00,0.7607033333333334,0.4171173392080809,3.7085777085365224,0.5625249353990143
2023-03-29 18:00:00,0.362488,0.4784634139649841,1.4865679257530726,0.8150673050973279
2023-03-29 19:00:00,0.1987893333333333,0.4053641612149827,2.64786736169391,0.547622360580521
2023-03-29 20:00:00,0.3454483333333334,0.7191698705110913,4.790346775561651,0.9354330505122536
2023-03-29 21:00:00,0.8528096666666669,0.5317702269771125,3.4652160738534348,0.7726465532222431
2023-03-29 22:00:00,0.6370953333333333,0.5193283612332911,1.271146015843839,0.761616950777412
2023-03-29 23:00:00,0.3206056666666668,0.4907270932629749,2.1806092137578688,0.7998756020064623
2023-03-30 00:00:00,0.188538,0.3795973949505774,2.448991201989333,0.5370747872740681
2023-03-30 01:00:00,0.2416183333333333,0.7505196898543292,6.523075953018395,0.7918483042921207
2023-03-30 02:00:00,0.2984446666666667,0.9380049516329878,8.197856543141835,1.1942420825363402
2023-03-30 03:00:00,0.2360683333333333,0.9387433878943143,9.006858976614886,1.5570362900495822
2023-03-30 04:00:00,0.922742,0.9318791198290006,0.11711921352275433,1.3744162873186545
2023-03-30 05:00:00,0.7753886666666667,0.7918427375262562,0.21090758076810273,0.8373588217418193
2023-03-30 06:00:00,0.7121463333333332,1.3870257626046467,8.650575833324307,1.1951156658871722
2023-03-30 07:00:00,0.2534473333333333,1.4844311518860718,15.77869825352851,1.1637447393562148
2023-03-30 08:00:00,0.8709863333333333,1.4006782107084992,6.789567965462006,1.2716422132299727
2023-03-30 09:00:00,2.0714743333333336,1.419615337280542,7.035996179137337,1.1487264132359454
2023-03-30 10:00:00,2.471232,1.4862081685781259,10.63209061501123,1.140436831005811
2023-03-30 11:00:00,1.4355196666666667,1.7527384061668254,4.066096317027444,1.2810680698229402
2023-03-30 12:00:00,1.403212333333333,1.707552739009381,3.9010223815651903,1.2646040475939926
2023-03-30 13:00:00,2.114680333333333,1.887617033777497,2.4508621001953514,1.4509220958164355
2023-03-30 14:00:00,2.4989146666666664,1.7383032809449281,8.209841140725922,1.2995526819818126
2023-03-30 15:00:00,2.5143653333333336,1.7330957517218928,8.432820325224354,1.4072393660132194
2023-03-30 16:00:00,2.408022,1.5385403169715544,9.384958766638846,1.2495780490346995
2023-03-30 17:00:00,2.0525113333333334,1.424774893030277,6.775623596855111,1.2843224778618512
2023-03-30 18:00:00,1.7809826666666668,0.948478423797817,8.985833911029545,1.4379090595503403
2023-03-30 19:00:00,1.531991,1.4297521129665027,1.1035399110587463,1.2843224778618512
2023-03-30 20:00:00,1.9118213333333327,1.4378557095491802,5.115861464183379,1.3497779728662307
2023-03-30 21:00:00,2.009494,0.8848310564916508,12.139318811673256,0.8384941745856909
2023-03-30 22:00:00,2.206680333333333,1.400043504470598,8.70662778330365,1.2279561521360312
2023-03-30 23:00:00,1.6631886666666669,1.398814941666192,2.853581112221088,1.2019341714839966
2023-03-31 00:00:00,1.9397286666666664,0.9827389365524448,10.329497829024398,1.4757632057079526
2023-03-31 01:00:00,1.9237693333333328,0.8741199413813324,11.329642078928972,1.1256001915174418
2023-03-31 02:00:00,1.4119963333333332,0.9781644056415832,4.682668804312601,1.4436644933870597
2023-03-31 03:00:00,0.920947,1.1261733482152403,2.630582606657647,1.5048930695744245
2023-03-31 04:00:00,1.3369076666666668,0.9731201518709682,3.926627659692695,1.4436644933870597
2023-03-31 05:00:00,0.7474616666666667,1.3592576709843986,7.841975174128047,1.4586599974545242
2023-03-31 06:00:00,0.567357,1.2002748457412458,8.112714039544112,1.354763325839254
2023-03-31 07:00:00,1.0234253333333332,0.9752718553179125,0.5197560966102476,1.4453443814769553
2023-03-31 08:00:00,0.620886,0.8274515915859462,2.6477489712482467,0.9833352763178126
2023-03-31 09:00:00,1.241241,0.9557258114565198,3.081776561866934,1.4408159368646936
2023-03-31 10:00:00,1.5477033333333332,1.375924863101341,1.854132055442971,1.4741630143860713
2023-03-31 11:00:00,2.073557,1.503632873961545,6.151612538120134,1.3006623625042897
2023-03-31 12:00:00,2.139843,1.5952941943873404,5.877717940298516,1.3983087374677492
2023-03-31 13:00:00,2.3847696666666667,1.5353842073747308,9.168045363155311,1.2963393736388684
2023-03-31 14:00:00,2.2492466666666666,1.5353842073747308,7.705245408012856,1.288975965783201
2023-03-31 15:00:00,1.7566456666666663,1.4344541379852056,3.4776514222864,1.4631896146674683
2023-03-31 16:00:00,2.2268370000000006,1.449018893020615,8.395566007234452,1.46827803991164
2023-03-31 17:00:00,2.181987,1.6082890775746819,6.192345913159205,1.318516616696956
2023-03-31 18:00:00,1.912842666666667,1.389119339729022,5.652933148996438,1.4904533146807952
2023-03-31 19:00:00,2.295736333333333,1.5533761331926548,8.012842598417452,1.2966329726856696
2023-03-31 20:00:00,1.9786076666666668,1.5533761331926548,4.589838389726777,1.2966329726856696
2023-03-31 21:00:00,2.269299,1.5533761331926548,7.727484909950655,1.2935044103954627
2023-03-31 22:00:00,2.359174666666666,1.5956399030375912,8.241395320250554,1.4052589066175145
2023-03-31 23:00:00,2.1663536666666663,1.597837375669945,6.136416733453057,1.4052589066175145
2023-04-01 00:00:00,2.3181103333333333,2.0073255756924206,3.3545297074008524,1.2690753923705984
2023-04-01 01:00:00,1.9484573333333333,2.0073255756924206,0.754570627899631,1.2690753923705984
2023-04-01 02:00:00,1.9219996666666663,2.0073255756924206,1.0937038744410774,1.2690753923705984
2023-04-01 03:00:00,2.179067666666666,2.0052795384214543,1.8758237804755435,1.2690753923705984
2023-04-01 04:00:00,2.1299006666666664,2.0052795384214543,1.3451279916095304,1.2690753923705984
2023-04-01 05:00:00,2.012090666666667,2.0052795384214543,0.07351754382331013,1.2690753923705984
2023-04-01 06:00:00,2.207929666666667,1.9631341637946007,2.642258883144064,1.2690753923705984
2023-04-01 07:00:00,2.1919453333333334,1.9096100345326912,3.047453660417133,1.4879878080991513
2023-04-01 08:00:00,1.4574513333333334,1.9958755943379145,6.90149928758498,1.2511011382235842
2023-04-01 09:00:00,1.792637,2.0753618167606334,3.6239546817885744,1.2796811502940348
2023-04-01 10:00:00,1.8957506666666664,1.9908702749990577,1.2192390957950825,1.2511011382235842
2023-04-01 11:00:00,2.2005456666666667,2.063628519713885,1.4778480141434465,1.2730247070160117
2023-04-01 12:00:00,1.9608096666666668,1.6923931699496106,2.897217736894879,1.4591268179748114
2023-04-01 13:00:00,2.028145666666666,1.515272538495351,5.53581893023893,1.3099356606912715
2023-04-01 14:00:00,1.9694203333333329,1.9548722629748514,0.15702808134262083,1.49409823237466
2023-04-01 15:00:00,1.8791736666666663,1.9429815127514873,0.8178862584592519,1.5074511733246014
2023-04-01 16:00:00,1.7200693333333337,1.8746009375517727,1.980779533286757,1.4627279333893428
2023-04-01 17:00:00,1.1680746666666666,1.7520902765460493,7.4858872592421575,1.4976386352858662
2023-04-01 18:00:00,1.5130016666666668,1.3158354315339738,2.128160975684645,1.475617771400647
2023-04-01 19:00:00,1.363263,1.153505946185134,2.264062992342254,1.4433960863513948
2023-04-01 20:00:00,1.2990683333333335,1.0004035263578455,3.2237101174440785,1.2059780703141507
2023-04-01 21:00:00,1.318582,0.8798069305064992,4.736023789118604,1.2222443480340253
2023-04-01 22:00:00,0.716,0.6103803738539272,1.140030728279614,0.7938087986513288
2023-04-01 23:00:00,0.6012976666666667,0.5355297679967861,0.709881564192904,0.7735802421628752
2023-04-02 00:00:00,0.8430726666666666,0.6327443141375046,2.270229441827915,0.7524915517676508
2023-04-02 01:00:00,0.6376696666666667,0.5853877656686134,0.5643172187356732,0.7407362210688541
2023-04-02 02:00:00,0.3776723333333334,0.5445128106784549,2.1385541457387958,0.6433125657369926
2023-04-02 03:00:00,0.3261396666666667,0.4192449666299462,1.1934197767538788,0.6509549308413354
2023-04-02 04:00:00,0.470222,0.5164992368406287,0.593179654444069,0.6380307878881951
2023-04-02 05:00:00,0.4356110000000001,0.4731960730980423,0.48176386912060176,0.6537112545334198
2023-04-02 06:00:00,0.3711523333333332,1.4667820069993394,14.043734578666342,1.2933789712472552
2023-04-02 07:00:00,0.704749,1.4596433905210318,9.676204204955898,1.382314802503486
2023-04-02 08:00:00,1.122300785714286,1.0735414434537793,0.5262956374301385,1.2580877166009259
2023-04-02 09:00:00,1.754681333333333,1.0685562822081454,7.405855050493564,1.3633625935986893
2023-04-02 10:00:00,1.262105,1.1305888228104324,1.4195513535961182,1.380151123407669
2023-04-02 11:00:00,1.77479,1.460903609754821,3.388007921684697,1.2734127105823667
2023-04-02 12:00:00,1.910688,1.4537649932765127,4.931907895624159,1.2463274388748338
2023-04-02 13:00:00,1.5139706666666668,1.4550360549980756,0.6361248445293651,1.2463274388748338
2023-04-02 14:00:00,1.5937253333333334,1.4706518827089274,1.3284227625761549,1.3514109242995467
2023-04-02 15:00:00,1.4901486666666668,1.4706518827089274,0.21044320667933308,1.3461913756993917
2023-04-02 16:00:00,1.4428273333333337,1.5387471683829768,1.229496367836865,1.4007103997505457
2023-04-02 17:00:00,1.8079593333333333,1.4755804311391718,3.5876112779374556,1.3608224241367903
2023-04-02 18:00:00,1.8212063333333333,1.402313899012698,4.5214158049463125,1.4515813426740931
2023-04-02 19:00:00,1.711735,1.11621593788746,6.427877610034461,1.5033566133222025
2023-04-02 20:00:00,1.3096556666666668,0.9663045173598013,3.7060428547493283,1.0091335793986511
2023-04-02 21:00:00,1.054896,0.5370591271352613,5.589396297290121,0.648661203462354
2023-04-02 22:00:00,0.5817666666666667,0.5370591271352613,0.482561534359993,0.6538807520625093
2023-04-02 23:00:00,0.3612276666666666,0.6915487989442547,4.234042230627943,0.6865217253498416
2023-04-03 00:00:00,0.302191,0.19053417981595525,1.2051946278976249,0.43261129582405017
2023-04-03 01:00:00,0.2950576666666666,0.8848176239097769,7.559518059541606,1.0973475722662214
2023-04-03 02:00:00,0.3183853333333333,1.145643325562387,10.603757775263434,1.5000016579774704
2023-04-03 03:00:00,0.5577403333333333,1.145643325562387,7.53571556093638,1.5000016579774704
2023-04-03 04:00:00,0.7660246666666666,1.1469511002948063,4.882698831961671,1.5567617765866117
2023-04-03 05:00:00,1.3269003333333331,1.4770981755604313,1.9252295563225,1.4206593828695278
2023-04-03 06:00:00,1.830671333333333,1.4770981755604313,3.8163765510634864,1.370102789512374
2023-04-03 07:00:00,2.4487776666666665,1.1469511002948063,14.05157680166476,1.5515854912842117
2023-04-03 08:00:00,2.1972826666666667,1.4770981755604313,7.773483772381757,1.3779287175234405
2023-04-03 09:00:00,1.862653,1.660106969605648,2.1862290841786276,1.325146002675944
2023-04-03 10:00:00,1.9266763333333337,1.1882093235920301,7.970820515512213,1.4006388179442109
2023-04-03 11:00:00,1.7347653333333335,1.0829142380808008,7.035910899957683,1.2906623638396721
2023-04-03 12:00:00,1.3426123333333333,1.1513538288224408,2.064394470452592,1.535132175801576
2023-04-03 13:00:00,1.557349,1.097633474166543,4.962049619381737,1.315991032077052
2023-04-03 14:00:00,1.311503,1.1476809093681435,1.768252966858932,1.473498882864869
2023-04-03 15:00:00,1.1824886666666663,1.4791357593661876,3.8024098228970455,1.3545953831876147
2023-04-03 16:00:00,1.1600686666666669,1.4795152217313696,4.094652362222891,1.3357640859596693
2023-04-03 17:00:00,1.4461073333333334,1.3836866027914665,0.6737531034333818,1.4020836347956962
2023-04-03 18:00:00,1.589935,1.1471527747299766,4.779275984614175,1.5094208597204402
2023-04-03 19:00:00,1.7391353333333337,1.0832017644909362,7.079976056308446,1.3265843406952447
2023-04-03 20:00:00,1.8886216666666669,1.033187248314486,9.23333625135868,1.2922845250037414
2023-04-03 21:00:00,1.6593733333333331,0.8897285295430496,8.307345501944692,1.0540544652242398
2023-04-03 22:00:00,1.2089006666666668,0.6818918195538899,5.688396197813264,0.9280272943428549
2023-04-03 23:00:00,1.0098256666666665,0.496489828422281,5.540813302221038,0.6450351221668915
2023-04-04 00:00:00,1.1079820000000002,0.4503986947404617,7.097782881400797,0.5682473865510955
2023-04-04 01:00:00,1.1237383333333335,0.26696103897190315,9.24783090515244,0.48398833093158483
2023-04-04 02:00:00,0.714113,0.45995797512210185,2.7432831253043317,0.5531670359395112
2023-04-04 03:00:00,0.7003063333333335,0.592965494165217,1.1586090532239854,0.7570472197941769
2023-04-04 04:00:00,0.8565623333333332,0.6509971109737807,2.218817455682078,0.7694824405335814
2023-04-04 05:00:00,0.603956,0.6488534508485025,0.5754936162556858,0.7692045842825208
2023-04-04 06:00:00,1.178245,0.7546172723185246,4.572527327830422,0.779389917325259
2023-04-04 07:00:00,1.273977,0.45995797512210185,8.786309283859524,0.536989348168069
2023-04-04 08:00:00,0.9435663333333332,0.4932589417344636,4.860500669488887,0.6808766673519802
2023-04-04 09:00:00,0.5964186666666667,0.42936264310416067,1.8031591963984759,0.4939880464658226
2023-04-04 10:00:00,0.4996606666666666,0.27048166111068384,2.4736984795708774,0.4238513426966714
2023-04-04 11:00:00,0.291687,0.2553447253108085,0.39226904499696796,0.3994384197512298
2023-04-04 12:00:00,0.2858956666666666,0.2684368125805342,0.18844632257279684,0.4282582682650664
2023-04-04 13:00:00,0.4390079999999999,0.2661013753053006,1.8663090608032544,0.4504773160224805
2023-04-04 14:00:00,0.3910436666666665,0.40966775124574356,0.23872272437093817,0.4993640003199168
2023-04-04 15:00:00,0.277971,0.42536147980683325,1.8892449041686352,0.5486318926534295
2023-04-04 16:00:00,0.1837763333333333,0.41595981414030614,2.976117986192844,0.5081760453119033
2023-04-04 17:00:00,0.2320056666666667,0.4121212487612715,2.3087138740545954,0.5458680737729127
2023-04-04 18:00:00,0.1558673333333333,0.4425241642144748,3.674355071623962,0.5497876382243104
2023-04-04 19:00:00,0.1291156666666666,0.6267501456401497,6.3786575956019105,0.7571057310991631
2023-04-04 20:00:00,0.079901,0.7551916439250976,8.655846765274589,0.8223072084589109
2023-04-04 21:00:00,0.2359726666666667,0.6515714825803537,5.3271279540746175,0.8314735915845659
2023-04-04 22:00:00,0.7916766666666667,0.49211180214719463,3.233425104088157,0.6414147660676227
2023-04-04 23:00:00,0.9082406666666668,0.44867718354661973,4.960408509943812,0.540243506487589
2023-04-05 00:00:00,0.6629803333333334,0.4130637213877842,2.697534800316579,0.8146517082056598
2023-04-05 01:00:00,0.4667473333333333,0.38403238569695686,0.8928035956413447,0.7246132851514586
2023-04-05 02:00:00,0.4335216666666667,0.3092660912556606,1.341182309552029,0.6474954159126021
2023-04-05 03:00:00,0.4268053333333334,0.3791067413739599,0.5148461750295512,0.7218666101521707
2023-04-05 04:00:00,0.240865,0.379386775200079,1.775566225553529,0.7234290035103113
2023-04-05 05:00:00,0.1815193333333332,0.4230091797375354,3.0954065847776264,0.8810135334364648
2023-04-05 06:00:00,0.201661,0.379386775200079,2.278081430878163,0.6913514766791298
2023-04-05 07:00:00,0.2944053333333333,0.14488676315945948,1.6138644934314221,0.7150580493868098
2023-04-05 08:00:00,0.2567036666666666,0.13405668342356686,1.3238195847668939,0.5210424037014187
2023-04-05 09:00:00,0.047254,0.11419500344897712,0.8580469363534282,0.4729944387509954
2023-04-05 10:00:00,0.0140196666666666,0.08854843209914867,0.9553065468802989,0.4308701527809881
2023-04-05 11:00:00,0.0417569999999999,0.08854843209914867,0.599770587407852,0.4308701527809881
2023-04-05 12:00:00,0.037519,0.08944902196457714,0.6656368138466038,0.47714162523700737
2023-04-05 13:00:00,0.033651,0.08944902196457714,0.7152166734067427,0.47714162523700737
2023-04-05 14:00:00,0.0046796666666666,0.07737789094662784,0.9318427482088828,0.43512328899961916
2023-04-05 15:00:00,0.0,0.08909689655535805,1.1420402322799574,0.47714162523700737
2023-04-05 16:00:00,0.0,0.09140696380366153,1.1716505760610751,0.4750331216512591
2023-04-05 17:00:00,0.0,0.08890323802179292,1.139557925429704,0.4747624326299783
2023-04-05 18:00:00,0.0,0.11190980789003914,1.4344551599250943,0.49403585350095897
2023-04-05 19:00:00,0.0,0.17043066960630357,2.184573077513176,0.49159186278899264
2023-04-05 20:00:00,0.0,0.16109888442199,2.064958651741808,0.4887336076372208
2023-04-05 21:00:00,0.0,0.30251852910980787,3.877669645192365,0.6323868708327184
2023-04-05 22:00:00,0.0,0.11371301240279777,1.4575685587101983,0.5084904973940767
2023-04-05 23:00:00,0.0,0.14275086073509619,1.829774464150728,0.5075138004155064
2023-04-06 00:00:00,0.00492,0.13085385746436606,1.6142148311659306,0.7927890072503198
2023-04-06 01:00:00,0.0015986666666666,0.1431783351492694,1.8147621716490356,0.7927890072503198
2023-04-06 02:00:00,0.0,0.09848132764457149,1.2623294710222026,0.5613960704655833
2023-04-06 03:00:00,0.0,0.12214169426373987,1.5656070444761236,0.5613960704655833
2023-04-06 04:00:00,0.0,0.12963110226399857,1.6616059578270563,0.55637923522892
2023-04-06 05:00:00,0.0122693333333333,0.12963110226399857,1.5043381647652165,0.55637923522892
2023-04-06 06:00:00,0.0,0.13075098082138356,1.6759605135663425,0.55637923522892
2023-04-06 07:00:00,0.0041793333333333,0.12991206415414958,1.6116367983993842,0.5389787288380906
2023-04-06 08:00:00,0.0,0.10777787135604278,1.381492173092895,0.50528361083221
2023-04-06 09:00:00,0.0,0.09540500682314734,1.2228973215164787,0.50528361083221
2023-04-06 10:00:00,0.0,0.09816404552650593,1.258262562321418,0.50528361083221
2023-04-06 11:00:00,0.0,0.09816404552650593,1.258262562321418,0.50528361083221
2023-04-06 12:00:00,0.011836,0.1616024113655498,1.9196994938805456,0.553623129964923
2023-04-06 13:00:00,0.0324426666666666,0.16194247986517885,1.6599231001671302,0.5284273406473765
2023-04-06 14:00:00,0.0332133333333333,0.17163738156621705,1.7743135654426756,0.5284273406473765
2023-04-06 15:00:00,0.088235,0.19742468110983685,1.399588690496914,0.5528757798493359
2023-04-06 16:00:00,0.058015,0.13115590128369944,0.93751696322332,0.5276799905317894
2023-04-06 17:00:00,0.0355323333333333,0.05937784232307963,0.30565072048905195,0.5209793113717296
2023-04-06 18:00:00,0.0647426666666666,0.14715755346103093,1.0563905152350905,0.5338677269164632
2023-04-06 19:00:00,0.1614833333333333,0.7501246968149063,7.545179972260876,1.1785957052556237
2023-04-06 20:00:00,0.3632556666666667,0.4856102698560235,1.5683361020333078,0.8209010444226948
2023-04-06 21:00:00,0.210594,0.1583949497072446,0.5634229498072014,0.5369503025436818
2023-04-06 22:00:00,0.148784,0.1774717046768877,0.3677177789510941,0.5446230038975975
2023-04-06 23:00:00,0.1790663333333333,0.12991114597682463,0.5305682862696358,0.5378340299625484
2023-04-07 00:00:00,0.6891553333333335,0.11654361523826473,6.1806217065996965,0.2642447454995112
2023-04-07 01:00:00,0.9216446666666666,0.3325573928227921,6.358454563091214,0.5794455475120358
2023-04-07 02:00:00,0.196893,0.12710489152483936,0.7532746614740065,0.3225861551279037
2023-04-07 03:00:00,0.4418046666666667,0.06022946454098688,4.118623322630975,0.2744567935890626
2023-04-07 04:00:00,0.589936,0.06211457762964473,5.697166923449027,0.2744567935890626
2023-04-07 05:00:00,0.8363233333333333,0.08696516159069867,8.088376880756462,0.3255820084323322
2023-04-07 06:00:00,0.3788156666666665,0.28941916704055304,0.9649225271206456,0.6035436485994001
2023-04-07 07:00:00,0.0626433333333333,0.29450811856959663,2.9720329599161595,0.594328128106901
2023-04-07 08:00:00,0.0033516666666666,0.05873503950397187,0.7099017185213048,0.2606968838445249
2023-04-07 09:00:00,0.007044,0.060555674329628814,0.685910366621222,0.2606968838445249
2023-04-07 10:00:00,0.0071286666666666,0.07758937041814057,0.9031623051981985,0.2840768023137469
2023-04-07 11:00:00,0.037209,0.05838472048892477,0.27142948498594777,0.2595436344421881
2023-04-07 12:00:00,0.0873439999999999,0.047810991274007335,0.4267089969306184,0.2606968838445249
2023-04-07 13:00:00,0.01521,0.04814817254605033,0.42220009539834497,0.2606968838445249
2023-04-07 14:00:00,0.0,0.0997346533421597,1.2783945465313897,0.4119477691226863
2023-04-07 15:00:00,0.0,0.09835775686453618,1.2607455460170611,0.4119477691226863
2023-04-07 16:00:00,0.0,0.13980104347015634,1.7919638318539879,0.3423384026125305
2023-04-07 17:00:00,0.0,0.16441856247309847,2.1075101438718065,0.3216716554358952
2023-04-07 18:00:00,0.0383486666666666,0.3145813619490029,3.5407389446786137,0.6365530224979633
2023-04-07 19:00:00,0.0515673333333333,0.3784592671048395,4.190086909962127,0.6550243254662634
2023-04-07 20:00:00,0.172115,0.9177640448982182,9.55769775780904,1.3373597806529018
2023-04-07 21:00:00,0.142433,0.7319392281762188,7.556265771148947,0.8892578939335567
2023-04-07 22:00:00,0.5434613333333334,0.47742816763364265,0.7127447874045133,0.7196394563174537
2023-04-07 23:00:00,1.1423493333333332,0.43808751792186246,7.601618559155593,0.6479493905699691
2023-04-08 00:00:00,0.7663743333333332,0.6854467176138206,0.8735116005717761,1.1252446768079845
2023-04-08 01:00:00,0.4609946666666666,0.8267147098727947,4.687783965999939,1.2908471540852458
2023-04-08 02:00:00,0.5982419999999999,0.5042936944282213,1.0140535346480488,0.8708338438844269
2023-04-08 03:00:00,0.119957,0.3191148285287865,2.552796579306996,0.7993863078258645
2023-04-08 04:00:00,0.1701806666666666,0.14669285182687866,0.25352135426485595,0.7167734602402244
2023-04-08 05:00:00,0.3260073333333333,0.053552769168896036,2.9408035849124943,0.4531626560527749
2023-04-08 06:00:00,0.5159763333333334,0.04414404509007127,5.092834796137967,0.4242053012108393
2023-04-08 07:00:00,0.7059526666666667,0.04013262010059744,7.186688121202994,0.4353060256073583
2023-04-08 08:00:00,0.6284426666666667,0.050361102454691636,6.239661800564903,0.3742975445956876
2023-04-08 09:00:00,0.3407526666666667,0.027073883421238034,3.3857670658157875,0.4182978197301096
2023-04-08 10:00:00,0.164874,0.13440907168108626,0.3288304994600556,0.6826112974363193
2023-04-08 11:00:00,0.1325663333333333,0.22011104622215197,1.12214440803007,0.7499297519926461
2023-04-08 12:00:00,0.0617196666666666,0.03221672118348966,0.31844710734976006,0.4337023873452005
2023-04-08 13:00:00,0.104976,0.07790303123394603,0.2922185717299413,0.4314403163265865
2023-04-08 14:00:00,0.04186,0.3127054675579763,3.4716856887343903,0.6578755473034253
2023-04-08 15:00:00,0.1863463333333332,0.3821059293276365,2.5092381791486784,0.7615533120359369
2023-04-08 16:00:00,0.6378113333333333,0.38319142799040873,2.748300923931777,0.7550137686655874
2023-04-08 17:00:00,0.6344529999999999,0.38847097687562593,2.655065873631669,0.7398394209610577
2023-04-08 18:00:00,0.6792683333333334,0.2773621797203561,4.338070316304537,0.7626934880965403
2023-04-08 19:00:00,0.396578,0.2785757834635537,1.2736851830037992,0.8040358986245062
2023-04-08 20:00:00,0.4876326666666667,0.48944439808007145,0.023222696235082437,0.9005883479935054
2023-04-08 21:00:00,1.2531253333333334,0.7197828733000203,5.756759565625739,1.142945427515109
2023-04-08 22:00:00,0.7234816666666667,0.8164127187174878,1.1911862744197694,1.1420617620982365
2023-04-08 23:00:00,0.412937,0.7404339801557875,4.197842368793574,1.0759984487768246
2023-04-09 00:00:00,0.1493643333333333,0.5960473583238566,5.7255640245419235,0.9058353000441991
2023-04-09 01:00:00,0.2677516666666666,0.5914553979138886,4.149220665545556,0.7594186355914292
2023-04-09 02:00:00,0.0260113333333333,0.6085460557347093,7.4669053065058755,0.7896202387931918
2023-04-09 03:00:00,0.02436,0.5999202277688417,7.377506530811977,0.8570957938317444
2023-04-09 04:00:00,0.2126396666666666,0.5991916438659282,4.954806810298192,0.8304219131727563
2023-04-09 05:00:00,0.2343463333333333,0.6107832359402694,4.825152214194824,0.8668787708020262
2023-04-09 06:00:00,0.3009263333333333,0.590476443362246,3.7114410007384335,0.8940645715899145
2023-04-09 07:00:00,0.461459,0.4032839308580064,0.6279265403755633,0.5143386393350421
2023-04-09 08:00:00,0.6255526666666666,0.3836363962198387,2.6111811984522917,0.4841887889234791
2023-04-09 09:00:00,0.109915,0.38053494632512697,3.4687949671592877,0.4396373534457554
2023-04-09 10:00:00,0.0437863333333333,0.38030020520039165,4.313420503414512,0.4587404311729349
2023-04-09 11:00:00,0.0295999999999999,0.38427352541314663,4.546190170548907,0.4620141182007323
2023-04-09 12:00:00,0.063937,0.3897005433313633,4.1756232492715135,0.4936111496457327
2023-04-09 13:00:00,0.057127,0.37705095887538514,4.100771703972402,0.4549913035979852
2023-04-09 14:00:00,0.0444449999999999,0.37732723481238123,4.266870334039051,0.4549913035979852
2023-04-09 15:00:00,0.002546,0.37660649907252464,4.794691574718521,0.4549913035979852
2023-04-09 16:00:00,0.0777396666666666,0.3740014487874548,3.797470928279511,0.4807502890497985
2023-04-09 17:00:00,0.036773,0.36959238398847694,4.266064714850215,0.4390857056323629
2023-04-09 18:00:00,0.00528,0.38173797043042074,4.825422260660596,0.4465574767268643
2023-04-09 19:00:00,0.0,0.394086335416885,5.051381893624341,0.4808133464758322
2023-04-09 20:00:00,0.0,0.3992127358032563,5.117091875838749,0.5021660784267593
2023-04-09 21:00:00,0.0,0.5735305819059724,7.3514906164278315,0.7695871061924613
2023-04-09 22:00:00,0.0,0.6333409707035367,8.11813763732249,0.8881329035246904
2023-04-09 23:00:00,0.214655,0.7879535637684834,7.3485166178052586,1.3122707898099577
2023-04-10 00:00:00,0.824861,0.6889706179514875,1.4667653812626276,1.2506462823070654
2023-04-10 01:00:00,0.4493493333333334,0.45384359985177053,0.05760731716906628,1.287424008562846
2023-04-10 02:00:00,0.3595959999999999,0.4383548650576317,1.0095277840417052,1.241520801222473
2023-04-10 03:00:00,0.232432,0.4236486129202854,2.4510064152412596,1.2869262363415936
2023-04-10 04:00:00,0.1238783333333333,0.46685029343284706,4.396200003826126,1.2522417494924238
2023-04-10 05:00:00,0.144246,0.47113970100970065,4.190109562346172,1.2528669328257573
2023-04-10 06:00:00,0.181247,0.488804560205725,3.9422597315560526,1.2998637336162342
2023-04-10 07:00:00,0.433391,0.41846592564034546,0.16109736431307237,1.255655363476187
2023-04-10 08:00:00,0.8274726666666666,0.3019494975012835,5.672360177102361,0.9655283403117928
2023-04-10 09:00:00,0.457596,0.40826399502204713,0.5324768096104486,1.2642358092274946
2023-04-10 10:00:00,0.1943766666666667,0.46472509255000094,3.465314629679507,1.2925416016373432
2023-04-10 11:00:00,0.4906010000000001,0.528664000818196,0.4878899263194423,1.2353070989176758
2023-04-10 12:00:00,0.2208583333333333,0.5264315099197597,3.9168239866857677,1.296078546704955
2023-04-10 13:00:00,0.0,0.678029618385269,8.690954823463343,1.2479518097884355
2023-04-10 14:00:00,0.0,0.7145735372597678,9.159373222009041,1.3324676716636095
2023-04-10 15:00:00,0.0,0.8431804290957425,10.807850894111834,1.4782615152508325
2023-04-10 16:00:00,0.503689,0.8511383901034176,4.453591511267673,1.4807412031857472
2023-04-10 17:00:00,0.9785756666666666,0.9275698812617976,0.5505431594802953,1.4461305697914013
2023-04-10 18:00:00,1.3402203333333331,1.1399283076531888,2.1618999445135265,1.388214478774016
2023-04-10 19:00:00,1.9213456666666668,1.3519872231814096,6.145506708014228,1.5272829712536566
2023-04-10 20:00:00,1.9750496666666668,1.381019813505035,6.411803476591531,1.525509518208107
2023-04-10 21:00:00,1.944157,1.1648049548984736,8.412122935698688,1.376172074865333
2023-04-10 22:00:00,2.2172820000000004,1.1552882268162872,11.46288411394894,1.376172074865333
2023-04-10 23:00:00,2.078832,1.1518329263720284,10.005786496167396,1.3723829608551155
2023-04-11 00:00:00,1.6931436666666666,1.0974607455922405,6.429646260980033,1.7143590042366337
2023-04-11 01:00:00,1.9475216666666664,1.1038569223526031,9.106297456061942,1.640076878466248
2023-04-11 02:00:00,1.849456,1.0983141254013284,8.107629704688918,1.6292141710977996
2023-04-11 03:00:00,1.33657,0.5590198867129941,8.392673353137424,0.988578308817289
2023-04-11 04:00:00,1.143359,1.2273151041248276,1.0761457734553643,1.6680206063070044
2023-04-11 05:00:00,1.7253026666666664,1.21848082964147,5.470502870108203,1.6279798823631277
2023-04-11 06:00:00,1.4113126666666669,1.535316161907477,1.58947153024967,1.5504871692050417
2023-04-11 07:00:00,1.5455106666666667,1.5366763241835644,0.09535559121326398,1.5290619571027668
2023-04-11 08:00:00,1.6732406666666666,1.7625960613422453,1.145353650195444,1.5498012646140542
2023-04-11 09:00:00,1.891472,1.7046538347093376,2.0164666057198906,1.526439999840801
2023-04-11 10:00:00,1.8249576666666665,1.553187302458777,2.9334185088313376,1.5439031123433962
2023-04-11 11:00:00,2.1108316666666664,1.7562600689619994,3.827153451570402,1.5023797226076359
2023-04-11 12:00:00,2.332332666666667,0.8616752403439809,15.873893119653072,1.5296975986149615
2023-04-11 13:00:00,1.5387376666666668,1.0955074043718414,4.78411197953594,1.6609292941342957
2023-04-11 14:00:00,1.846286,1.38402040064372,4.989574448634302,1.6942341913418075
2023-04-11 15:00:00,0.2989793333333333,1.7670127576756849,18.8171900228758,1.5675402995006689
2023-04-11 16:00:00,0.0481676666666666,0.37998295403137655,4.253194247013819,0.9677031481810355
2023-04-11 17:00:00,0.2825106666666666,0.38066346133260215,1.258118349268934,0.971217506037607
2023-04-11 18:00:00,1.9505470000000005,1.064659591944873,9.56203788850827,1.6977421376553201
2023-04-11 19:00:00,0.9020576666666666,0.38128280470370934,5.621108186202579,0.9704856277230025
2023-04-11 20:00:00,0.8410226666666666,0.20104392345283573,6.907763825072618,0.9094429084248058
2023-04-11 21:00:00,1.1953106666666662,0.18848052425607026,10.867462254778092,0.9095087375591906
2023-04-11 22:00:00,0.786067,0.31614726451599295,5.072191199918536,0.937791781892695
2023-04-11 23:00:00,0.7278136666666666,0.33174157550973504,4.275098966061391,0.9252210916696187
2023-04-12 00:00:00,0.5454703333333333,0.3778651668095767,1.809086502457847,0.8381736634092041
2023-04-12 01:00:00,0.3129026666666666,0.38085124262882436,0.8709619579925573,0.8195264263694599
2023-04-12 02:00:00,0.0379006666666666,0.6813100513589052,8.24719413979229,0.8941282722451686
2023-04-12 03:00:00,0.1444976666666666,1.0129994929945472,11.132419487347587,1.0663724883144852
2023-04-12 04:00:00,0.5185566666666668,1.095882989298703,7.400144259686607,1.398661061271138
2023-04-12 05:00:00,0.5902286666666667,1.2977171547980462,9.068557363487278,1.4804957800767857
2023-04-12 06:00:00,0.461922,1.294689067557637,10.674372868618498,1.5195969837804866
2023-04-12 07:00:00,0.760705,1.5999306345934885,10.757158506311688,1.4321325606998567
2023-04-12 08:00:00,1.117634,1.5978658061704287,6.155590875450285,1.39635521947616
2023-04-12 09:00:00,0.8862436666666668,1.5990963435131698,9.137315306390564,1.42028114111879
2023-04-12 10:00:00,1.2243063333333333,1.5754552445800976,4.501011816005753,1.42028114111879
2023-04-12 11:00:00,1.524208666666667,1.5965871429510239,0.9277442319946378,1.42028114111879
2023-04-12 12:00:00,1.5341503333333333,1.5758666507704866,0.534717983428189,1.437459611301523
2023-04-12 13:00:00,1.3502783333333337,1.3087305331261045,0.4484561312795797,1.4121158630956372
2023-04-12 14:00:00,1.2945273333333331,1.2897657150369524,0.05139566738008525,1.4471206337215992
2023-04-12 15:00:00,1.063864666666667,0.764418641649477,3.232142381460946,0.8992775183904509
2023-04-12 16:00:00,0.821308,1.0477829573346196,2.9029463750100533,1.1380733840776938
2023-04-12 17:00:00,0.7480773333333333,1.4370674660788738,8.831446230570155,1.5298357192095584
2023-04-12 18:00:00,1.339086,1.4370674660788738,1.2559222667236498,1.567177087989437
2023-04-12 19:00:00,1.0565493333333331,1.7177440394796428,8.475165634085146,1.4336313535642604
2023-04-12 20:00:00,0.7026243333333333,1.7422015526268515,13.325256601471654,1.6079406693610019
2023-04-12 21:00:00,1.608872,0.8477420210761717,8.215438700643832,0.9852222721472104
2023-04-12 22:00:00,1.3391083333333331,1.1118083445492954,2.4534168620615753,1.1176170990761258
2023-04-12 23:00:00,0.8488076666666667,1.231364248613868,4.903594003813085,1.554510746636466
2023-04-13 00:00:00,0.2469946666666666,1.3378616941740147,13.982687182678514,1.5322599229469704
2023-04-13 01:00:00,1.219933333333333,1.4181184620130065,2.540328553993347,1.388386440875007
2023-04-13 02:00:00,1.037653666666667,1.3540773775050476,4.055905673439741,1.4249935738247612
2023-04-13 03:00:00,0.8789393333333333,1.6418408245937834,9.778838881828763,1.4764601671751745
2023-04-13 04:00:00,1.442867,1.6208341926824292,2.2811759099035744,1.4575977632782608
2023-04-13 05:00:00,1.755357,1.8697361730498205,1.4661073775633207,1.6729295075276083
2023-04-13 06:00:00,1.877617,1.9467047624949398,0.8855640025396444,1.6405389068366398
2023-04-13 07:00:00,1.976312,1.730823480375053,2.649739125427862,1.6121731245368887
2023-04-13 08:00:00,1.8556156666666663,1.990050006675606,1.7231736550421894,1.740271817795306
2023-04-13 09:00:00,1.5261993333333332,1.9893762919036813,5.936982563963322,1.7368388828073744
2023-04-13 10:00:00,1.5445510000000002,1.6325669413811938,1.128184594812047,1.4254009982067881
2023-04-13 11:00:00,0.943427,1.37581909722878,5.5423835200405485,1.4543150209484348
2023-04-13 12:00:00,0.9794496666666668,0.6541857578144744,3.5108138934236,0.9601446814686282
2023-04-13 13:00:00,0.8243253333333334,0.4253534887918382,4.30639814864194,0.900139667844792
2023-04-13 14:00:00,0.3729119999999999,0.3366611235085025,0.3912825166623898,0.7576615299567595
2023-04-13 15:00:00,0.37157,0.32846187367993646,0.46529788484068574,0.7576615299567595
2023-04-13 16:00:00,0.1561463333333333,1.437045558843797,16.418511817864395,1.4790054265621577
2023-04-13 17:00:00,0.2812693333333333,0.332608309491926,0.6580608138325605,0.9541975807738896
2023-04-13 18:00:00,0.146393,0.3081180151344646,2.0729843685956806,0.9079267790525346
2023-04-13 19:00:00,0.3509289999999999,0.3381261054272919,0.13819110856940037,0.9447358815364972
2023-04-13 20:00:00,0.0,0.41098294175819694,5.267961875383699,0.9840758631150274
2023-04-13 21:00:00,0.0,0.5591742629295338,7.16747193011646,1.0575995941341818
2023-04-13 22:00:00,0.0,0.495619306590484,6.352827201667431,1.0575995941341818
2023-04-13 23:00:00,0.0,0.5638263360668305,7.227102005817254,1.0470177446287414
2023-04-14 00:00:00,0.0450759999999999,0.40441073094924795,4.605937304949332,0.9665304514788526
2023-04-14 01:00:00,0.113118,0.3177766356343121,2.6233056909304118,0.7934576944071254
2023-04-14 02:00:00,0.3178916666666666,0.8832894443188714,7.2472446772520565,1.0508242501331588
2023-04-14 03:00:00,0.2136533333333333,0.5958176567643227,4.898566050828324,0.9033378438766845
2023-04-14 04:00:00,0.090888,0.46688023991925626,4.81945254676804,0.7439163810001038
2023-04-14 05:00:00,0.0362743333333333,0.7081925248886712,8.612618814171707,0.8267314765513694
2023-04-14 06:00:00,0.1964606666666666,0.46688023991925626,3.466226593633943,0.7529644908306057
2023-04-14 07:00:00,0.5387226666666667,0.24764051345427332,3.1418649281808864,0.6865798812149786
2023-04-14 08:00:00,0.554284,0.24847655323123777,3.300805910550786,0.7652326595628759
2023-04-14 09:00:00,0.2932863333333334,0.2567369042376261,0.39450501569241425,0.7414832337013546
2023-04-14 10:00:00,0.0388093333333333,0.27313688720548435,3.0036006235915544,0.7597034507013308
2023-04-14 11:00:00,0.0494403333333333,0.23479533621271073,2.375872546930888,0.755125395111136
2023-04-14 12:00:00,0.1875126666666666,0.2582481987890518,0.9066850435727902,0.7437795629837366
2023-04-14 13:00:00,0.0178583333333333,0.2657567714359961,3.177551640720736,0.755125395111136
2023-04-14 14:00:00,0.0806746666666666,0.2782108319994436,2.5320101694021355,0.7713726935292937
2023-04-14 15:00:00,0.2849656666666666,0.4241173373509383,1.783640199091233,0.7815207626642687
2023-04-14 16:00:00,0.111027,0.23551829205173264,1.595724089034421,0.6378457206000818
2023-04-14 17:00:00,0.0,0.2382669540212521,3.0540956872274436,0.4672961540769245
2023-04-14 18:00:00,0.0496866666666666,0.23449621765937328,2.368880967836279,0.6486301152287849
2023-04-14 19:00:00,0.127057,0.24711292489932268,1.538871741435109,0.6891303435889825
2023-04-14 20:00:00,0.208012,0.43280592603459656,2.881398987271859,0.8151535781832653
2023-04-14 21:00:00,0.000499,0.4789375081658484,6.132604457865856,0.7852911625516737
2023-04-14 22:00:00,0.0116156666666666,0.4689043155481988,5.861506460701147,0.7682696023213035
2023-04-14 23:00:00,0.0910623333333333,0.2455273002508822,1.9799253791968916,0.6746798854639511
2023-04-15 00:00:00,0.0794683333333333,0.0941949783288622,0.18876550948044096,0.5957239868332649
2023-04-15 01:00:00,0.0491896666666666,0.08774727201058738,0.49422974610311626,0.5325893254193476
2023-04-15 02:00:00,0.0343606666666666,0.1056567428124244,0.9138700730340334,0.6093924323363581
2023-04-15 03:00:00,0.0809436666666666,0.30157800442160276,2.828081561539294,0.721043989663435
2023-04-15 04:00:00,0.167154,0.6172112745444068,5.7688150118745005,1.0058815249167212
2023-04-15 05:00:00,0.5484899999999999,0.5049680388244787,0.4697647104570006,0.9711169427646478
2023-04-15 06:00:00,0.7500783333333334,0.32664918877268506,4.570383873359685,0.7735634986141343
2023-04-15 07:00:00,0.8879816666666666,0.10616538666844488,8.438721245183768,0.565871464714893
2023-04-15 08:00:00,0.6253029999999999,0.19362553899515164,4.659414052182293,0.7111289399147469
2023-04-15 09:00:00,0.2610706666666667,0.40954064158886483,1.903081826664925,0.7580416424251396
2023-04-15 10:00:00,0.291929,0.6896716240474123,5.098248045851042,1.0953690553557052
2023-04-15 11:00:00,0.990195,0.7325437977563847,2.781019952955293,1.5482167199434873
2023-04-15 12:00:00,0.8616053333333334,0.48635982247398846,4.050302284132269,0.7607449732629843
2023-04-15 13:00:00,0.443771,0.675930509833897,2.975810727279033,1.102784932086781
2023-04-15 14:00:00,0.271101,0.675930509833897,5.189087446578203,1.1120842433085838
2023-04-15 15:00:00,0.2982903333333334,0.18948170128481256,1.1744520271812766,0.7092100925880512
2023-04-15 16:00:00,0.2189993333333333,0.10178023315506504,1.265232429053443,0.5821027704875014
2023-04-15 17:00:00,0.0875743333333333,0.09713140703470897,0.1225021644054041,0.5639526173881974
2023-04-15 18:00:00,0.1561756666666666,0.10194700825195341,0.5853300111160318,0.5639526173881974
2023-04-15 19:00:00,0.3368409999999999,0.18810689312338547,1.6053972009715303,0.7092100925880512
2023-04-15 20:00:00,0.275688,0.23728485012898204,0.4145135948042327,0.7210241961665226
2023-04-15 21:00:00,0.3835843333333333,0.25096867590914873,1.431418856808692,0.7381274109240944
2023-04-15 22:00:00,0.4658793333333333,0.3142071428203591,1.6371101103040557,0.8149090175999323
2023-04-15 23:00:00,0.4504313333333334,0.36139542945042813,0.9610303506119388,0.7950864976357959
2023-04-16 00:00:00,0.5218203333333332,0.3400032677203996,1.9624860386999408,0.6790416125037181
2023-04-16 01:00:00,0.4508273333333333,0.4403097241097707,0.11352433388010327,0.7053410636742931
2023-04-16 02:00:00,0.509946,0.3594832330319002,1.6240559076433227,0.7152723820122119
2023-04-16 03:00:00,0.5990383333333333,0.528658143322013,0.7596654353244605,0.7053410636742931
2023-04-16 04:00:00,0.792992,0.6035297165154825,2.0450065286507777,0.907467863859335
2023-04-16 05:00:00,1.211598333333333,0.5849914507976348,6.763431444590018,0.7391957342708374
2023-04-16 06:00:00,1.0071656666666668,0.39040333952623146,6.657171878386585,0.694507512730005
2023-04-16 07:00:00,1.029005666666667,0.34219156802286543,7.413292449896759,0.66820806155943
2023-04-16 08:00:00,0.7256146666666667,0.3341677272102011,4.225176283564925,0.66820806155943
2023-04-16 09:00:00,0.4606483333333333,0.3994991999457355,0.6600278150304972,0.6437480008964034
2023-04-16 10:00:00,0.4228666666666667,0.35699260865516447,0.7110274204694184,0.6347425294877307
2023-04-16 11:00:00,0.322803,0.3994991999457355,0.983088630327275,0.6347425294877307
2023-04-16 12:00:00,0.7956346666666667,0.3261995391376402,5.066960467903991,0.6446738478256494
2023-04-16 13:00:00,0.7333209999999999,0.29919274355636444,4.68586729966,0.6408829255560194
2023-04-16 14:00:00,0.6741943333333332,0.3072165843690288,3.961062216179273,0.6469073592467672
2023-04-16 15:00:00,0.795895,0.29919274355636444,5.3612747536942535,0.6692033246727908
2023-04-16 16:00:00,0.408576,0.32234457750409823,0.9307595091525068,0.6881408534848321
2023-04-16 17:00:00,0.4060336666666666,0.3418845253849499,0.692409118668582,0.6881408534848321
2023-04-16 18:00:00,0.4958903333333332,0.32234457750409823,1.8732076757610765,0.6881408534848321
2023-04-16 19:00:00,0.512227,0.36066447729139767,1.6359263845946503,0.652493966501168
2023-04-16 20:00:00,0.7171190000000001,0.5615827034346499,1.678818264344929,0.6912745628599823
2023-04-16 21:00:00,0.5073793333333333,0.5646259203060391,0.7337843180982498,0.7119343697812921
2023-04-16 22:00:00,0.6153233333333333,0.5680748868514697,0.5099874220185566,0.7039220355617365
2023-04-16 23:00:00,0.1989533333333333,0.339156429528333,1.7971173265886071,0.6731125387068929
2023-04-17 00:00:00,0.2475716666666667,0.3941601806191538,1.8789653399415134,0.6486004157437242
2023-04-17 01:00:00,0.6588426666666667,0.39485335802034005,2.84943182224371,0.6486004157437242
2023-04-17 02:00:00,0.7887163333333332,0.5483221529223948,2.5947521551443513,0.7411249782190994
2023-04-17 03:00:00,0.6669436666666667,0.8122300315298242,1.8622744482726081,0.9088460691524078
2023-04-17 04:00:00,0.6911689999999999,0.8468458240457138,1.9954589123461612,0.9826576086337053
2023-04-17 05:00:00,0.869964,0.6067374521915255,2.8411987804766694,0.7486269415842988
2023-04-17 06:00:00,0.585099,0.5951011471388392,0.12820709680545286,0.7473005646894707
2023-04-17 07:00:00,0.6361013333333334,0.3974717304072111,2.5757057654862536,0.6530352952649455
2023-04-17 08:00:00,1.2044046666666666,0.5957943245400255,6.569181475927222,0.7473005646894707
2023-04-17 09:00:00,0.8436033333333334,0.846966760164652,0.04311226213484503,0.9619736681237019
2023-04-17 10:00:00,0.5044616666666666,1.147223754931397,8.238897121702932,1.4476747356850774
2023-04-17 11:00:00,0.494497,0.853943126353975,4.60736516651138,1.2284161614377305
2023-04-17 12:00:00,0.6272043333333335,1.2372686984629717,7.819779096632049,1.448672272141101
2023-04-17 13:00:00,0.984552,1.2499107728845738,3.401357469665968,1.6286450642249053
2023-04-17 14:00:00,0.8967073333333333,1.2499107728845738,4.527346672468592,1.6163318455351108
2023-04-17 15:00:00,1.169487666666667,1.4701869685736415,3.854350868247055,1.5780981674186791
2023-04-17 16:00:00,1.1486936666666665,1.2378762442093074,1.1431384875324029,1.468531019608491
2023-04-17 17:00:00,0.4776116666666666,1.2988401364910251,10.526471613412479,1.5780981674186791
2023-04-17 18:00:00,0.4898129999999999,1.2378762442093074,9.588642861943992,1.468531019608491
2023-04-17 19:00:00,0.8356086666666667,1.0048654687136607,2.1695264930424494,1.499099894711852
2023-04-17 20:00:00,0.7560233333333334,0.7758218431673345,0.2537764573603423,0.9322865322388221
2023-04-17 21:00:00,0.5023203333333333,0.7768022710267175,3.5182978083331924,0.9401066866788048
2023-04-17 22:00:00,0.7764563333333334,0.8566022185326337,1.0273065492513769,1.2802797701094835
2023-04-17 23:00:00,0.717879,0.849590547879223,1.6882730212772448,0.9940363447615702
2023-04-18 00:00:00,0.7902310000000001,1.0567168138983163,3.415803833466346,1.3644631550122739
2023-04-18 01:00:00,1.034628333333333,1.0607110003263953,0.33432651666750207,1.3547531189115936
2023-04-18 02:00:00,0.9093403333333332,1.3462621859647514,5.600445732218569,1.4703405777956635
2023-04-18 03:00:00,0.8603209999999999,1.389390364949135,6.781588627649947,1.4703405777956635
2023-04-18 04:00:00,1.7608019999999998,1.0659020879619279,7.5005686131342095,1.4144406287469518
2023-04-18 05:00:00,2.341232,1.055388946361222,13.879054929296444,1.3537426051212609
2023-04-18 06:00:00,2.096755333333333,1.0545726605604657,11.249048257361435,1.3475910217978397
2023-04-18 07:00:00,1.4105796666666663,1.3773942143324582,0.3581951269220848,1.4323013754454157
2023-04-18 08:00:00,0.7370153333333334,1.374468178688626,8.170843471801021,1.4323013754454157
2023-04-18 09:00:00,0.7908276666666667,1.6357544811784357,10.83023598813057,1.5895061587984112
2023-04-18 10:00:00,1.040436666666667,1.5886142399999805,7.026516830373174,1.548520667046151
2023-04-18 11:00:00,1.7408596666666665,1.4259729127555152,3.3988055864774642,1.4994459199234478
2023-04-18 12:00:00,1.04669,1.3188082812077808,3.488000559986599,1.4249603669284878
2023-04-18 13:00:00,1.044509,1.7132749085598216,8.572212984747843,1.781684977805122
2023-04-18 14:00:00,1.697724,1.7132749085598216,0.1993308848057173,1.7857414530809679
2023-04-18 15:00:00,1.8279773333333331,1.7132749085598216,1.2380680903863073,1.7929715852663903
2023-04-18 16:00:00,1.7824826666666662,1.698596709093555,0.9054431718234469,1.7930824615978957
2023-04-18 17:00:00,2.158409,1.3773942143324582,8.430070124186107,1.45925058504262
2023-04-18 18:00:00,1.9988963333333327,1.3787093995628434,6.6941361901626175,1.4483121307590272
2023-04-18 19:00:00,2.063760333333333,1.3787093995628434,7.394261307599222,1.4728023291843928
2023-04-18 20:00:00,1.8695923333333333,1.413215076316875,4.926017215466835,1.4630922930837125
2023-04-18 21:00:00,1.32955,1.3878569088344281,0.7473754786444594,1.4712174390459052
2023-04-18 22:00:00,1.1830376666666669,1.3447287298500443,2.0725491739300415,1.4639873068604827
2023-04-18 23:00:00,1.220034,1.0571122235171753,1.7585352104868193,1.358803637071412
2023-04-19 00:00:00,0.9263146666666664,0.8064739853069661,1.293529093343645,0.7643353952995349
2023-04-19 01:00:00,0.9370403333333334,0.7233657532599559,2.3063477501709633,0.8007476139756733
2023-04-19 02:00:00,0.7664936666666667,0.7233657532599559,0.4655114614989656,0.7992972618708665
2023-04-19 03:00:00,0.459494,0.7276575635750174,3.437309157496314,0.811369081487348
2023-04-19 04:00:00,0.547629,1.0695895115191185,6.690467646601903,1.328650283837818
2023-04-19 05:00:00,0.9403173333333332,1.194513734855499,3.258278668087296,1.4804852735842724
2023-04-19 06:00:00,0.8755680000000001,1.1534917948262187,3.562415386738566,1.2890174523924909
2023-04-19 07:00:00,1.4820966666666664,1.1851235133906277,3.205450848126907,1.4819356256890792
2023-04-19 08:00:00,0.8728243333333333,1.3862574313539389,6.581163622902961,1.3632406562401416
2023-04-19 09:00:00,0.7542719999999999,1.4452532712902204,8.856968559786807,1.4007939286927371
2023-04-19 10:00:00,1.4017686666666669,1.2769472794570678,1.3472895346990592,1.3177597097481173
2023-04-19 11:00:00,1.5315763333333334,1.199539247540465,3.5839218007529317,1.375726152014606
2023-04-19 12:00:00,1.4071486666666666,1.1766683138267193,2.4877448831231015,1.4678297917179983
2023-04-19 13:00:00,1.2738923333333332,1.4522696784338889,2.2864332261623534,1.3894145340581743
2023-04-19 14:00:00,1.5705176666666667,1.4522696784338889,1.2763379786648241,1.3704220103963016
2023-04-19 15:00:00,1.6080110000000003,1.4489329764358783,1.7170467428683553,1.3758690963249687
2023-04-19 16:00:00,1.150589,1.7220400300631282,7.324835009314015,1.5560581645409448
2023-04-19 17:00:00,1.4660566666666666,1.4206169017868564,0.490464984009135,1.3658961026395173
2023-04-19 18:00:00,0.6992970000000001,1.3940841889487354,8.90575265053309,1.3346563417468216
2023-04-19 19:00:00,1.071978,1.2875158091824985,2.7627544749659485,1.337559398413188
2023-04-19 20:00:00,0.9037386666666668,0.7173210116353194,2.012143602322976,0.8279100678058947
2023-04-19 21:00:00,0.7768273333333333,0.4976344591383438,3.01353514789758,0.7583911430510183
2023-04-19 22:00:00,0.4050326666666666,0.7329102659321901,4.202721128360951,0.8377837203427634
2023-04-19 23:00:00,0.5386903333333334,1.2164896732936687,8.688003124402346,1.4109675871329421
2023-04-20 00:00:00,0.8912669999999999,0.9878564303983093,1.2380792125496354,0.9214860779975358
2023-04-20 01:00:00,0.9945023333333336,0.9947520675428617,0.0032010824808082782,0.8977009839350809
2023-04-20 02:00:00,0.385473,0.785971570370765,5.133573648660532,0.885708033641613
2023-04-20 03:00:00,0.4574813333333333,0.762228168590495,3.906231978657411,0.8393746376489362
2023-04-20 04:00:00,0.3708313333333333,0.6132185398248182,3.1069089082270454,0.7476715307642279
2023-04-20 05:00:00,0.4517743333333333,0.6124286758546486,2.0592605325577207,0.8048783018320886
2023-04-20 06:00:00,0.4136576666666667,0.6211296245421382,2.659366735815132,0.8385865077077956
2023-04-20 07:00:00,0.5618006666666666,0.9312450529278531,4.735522436947088,0.9050026643990218
2023-04-20 08:00:00,0.4449366666666666,0.7926193344300941,4.456581654396373,0.9126316420663889
2023-04-20 09:00:00,0.25086,1.0224262838285623,9.889903824601443,1.258150045429446
2023-04-20 10:00:00,0.1577873333333333,1.1121258863493297,12.23267100086848,1.4219775610831011
2023-04-20 11:00:00,0.4171336666666666,1.2953637085817593,11.257115341169907,1.27389582428841
2023-04-20 12:00:00,0.495462,1.510112838985282,13.005751318373163,1.2141347450294373
2023-04-20 13:00:00,0.7883683333333333,1.9352833432712904,14.701107838712312,1.4188468895286417
2023-04-20 14:00:00,1.7902323333333334,1.921927249286737,1.6880598339591635,1.4040438749781399
2023-04-20 15:00:00,1.890573,1.659188775121749,2.497501042425105,1.2459918589193932
2023-04-20 16:00:00,1.3414226666666669,1.5670805994647183,2.8924737892343986,1.2837130747914534
2023-04-20 17:00:00,1.430235666666667,1.439833372452868,0.12302298474130917,1.3356480224505893
2023-04-20 18:00:00,1.2383173333333335,1.3464779605575607,1.3863983215392255,1.2611828895625936
2023-04-20 19:00:00,0.7975813333333334,1.114292468872012,4.059589871028904,1.4043929672881137
2023-04-20 20:00:00,0.9828656666666666,1.114292468872012,1.6846231633348434,1.4304548745270738
2023-04-20 21:00:00,1.3067563333333334,1.7001322351091306,5.0422755854154655,1.296992896306589
2023-04-20 22:00:00,1.2184343333333334,2.0267238317713776,10.360620428255777,1.4746362134713848
2023-04-20 23:00:00,1.1590093333333331,2.0163919271883914,10.989893638221666,1.4654291948668035
2023-04-21 00:00:00,0.239151,0.3599806017763407,1.5487886987534858,0.7382235919338198
2023-04-21 01:00:00,0.0410756666666666,0.40024171285089416,4.603775110802577,0.8455286844363566
2023-04-21 02:00:00,0.0,0.34661727073004994,4.442925440515647,0.5898321685109901
2023-04-21 03:00:00,0.0,0.5761058719160876,7.384500574294466,0.6750549433963122
2023-04-21 04:00:00,0.0,0.5994296359842328,7.683463590559319,0.6516763775400685
2023-04-21 05:00:00,0.0320016666666666,0.7038640494736402,8.611903460007765,0.7315971756233337
2023-04-21 06:00:00,0.0390056666666666,0.6698223176837794,8.085781014898037,0.6484680618969998
2023-04-21 07:00:00,0.2824286666666666,0.4981318027649253,2.7648736283436386,0.6398498384486918
2023-04-21 08:00:00,0.611413,0.5767705010302585,0.3739221087118819,0.6676388815624318
2023-04-21 09:00:00,0.3613503333333333,0.6910727425160008,4.226367823450701,0.7282408914161631
2023-04-21 10:00:00,0.6928623333333334,0.5804383421374079,1.2134752719341777,0.6383994203024982
2023-04-21 11:00:00,0.4627176666666667,0.5582706058813365,1.2247935126219796,0.7960742920470766
2023-04-21 12:00:00,0.4012866666666665,0.5668257513823955,2.1218729503412055,0.7693545448839872
2023-04-21 13:00:00,0.388869,0.5582706058813365,2.1713825824350215,0.7960742920470766
2023-04-21 14:00:00,0.6107286666666665,0.5677672739693665,0.46371408034405764,0.7867168830998582
2023-04-21 15:00:00,0.8427089999999999,0.547571979420501,3.1856321101552423,0.8086356681443175
2023-04-21 16:00:00,0.8208600000000001,0.5689962724661035,2.718551458708821,0.7988471651163703
2023-04-21 17:00:00,0.6400256666666666,0.5586744185442849,0.8780841783623642,0.8175972234192305
2023-04-21 18:00:00,0.5320636666666666,0.9532277373501321,5.398463153118572,1.2174675847385064
2023-04-21 19:00:00,1.013284,0.5817618178318786,4.657738012872371,0.6763354110819291
2023-04-21 20:00:00,0.980258,0.3611710510647969,6.68226324042188,0.7407377162749771
2023-04-21 21:00:00,0.4445516666666667,0.3320550369861046,1.2142593128133494,0.5993140395375274
2023-04-21 22:00:00,0.9460886666666668,0.4746978404289714,5.088069770260883,0.7051045429127569
2023-04-21 23:00:00,0.3152053333333333,0.5768825193106557,3.3541670452037216,0.6880367562742369
2023-04-22 00:00:00,0.0123039999999999,0.5373733805027731,6.730316997067382,0.8449739162079223
2023-04-22 01:00:00,0.0005116666666666,0.42008758437611726,5.378106275814623,0.9116121188477707
2023-04-22 02:00:00,0.1549366666666666,0.5288601634797592,4.792935485581483,0.8530471272216396
2023-04-22 03:00:00,0.6247136666666666,0.5199970144579867,1.1302842628448675,0.8530471272216396
2023-04-22 04:00:00,0.5327120000000001,0.53538110943665,0.03421253128742058,0.8439120254590277
2023-04-22 05:00:00,0.378064,0.6418540850086554,3.3812500951619016,0.9868014651186441
2023-04-22 06:00:00,0.5628193333333333,0.7824791293140888,2.815589926508433,0.9511056777624664
2023-04-22 07:00:00,0.6223093333333334,0.5475045921150548,0.8074228883550462,0.8415164390551659
2023-04-22 08:00:00,0.407917,0.3643921323452741,0.46979608223633085,0.873181121996227
2023-04-22 09:00:00,0.3303626666666666,0.29254180684145353,0.40822850774976,0.8893737334203735
2023-04-22 10:00:00,0.032465,0.28824558954138235,3.278584722769201,0.9044437774863654
2023-04-22 11:00:00,0.0605163333333333,0.40741752093602507,4.446564674919043,0.9396044171739877
2023-04-22 12:00:00,0.150104,0.5396363863970914,4.993009568690164,0.8931528527600532
2023-04-22 13:00:00,0.1719326666666666,0.5454981538432254,4.788346533280418,0.8931528527600532
2023-04-22 14:00:00,0.2597143333333333,0.43244045097316086,2.213996032820755,0.9517178443861842
2023-04-22 15:00:00,0.4624576666666666,0.5630423779666159,1.2892905532959165,0.8929187264580309
2023-04-22 16:00:00,0.4901673333333333,0.6148707161740441,1.5984426597509507,0.9554481430157987
2023-04-22 17:00:00,0.4462026666666667,0.6226324434717254,2.261469378547431,0.9625438259984478
2023-04-22 18:00:00,0.4175566666666667,0.6226324434717254,2.628652588723165,0.9664038016482787
2023-04-22 19:00:00,0.6457586666666667,0.6226324434717254,0.24961842825331876,0.9483531728598064
2023-04-22 20:00:00,0.2574893333333334,1.0392809247833985,10.020971382986483,1.7592316071870788
2023-04-22 21:00:00,0.391879,0.9887609001993458,7.650806821580251,1.21439456650398
2023-04-22 22:00:00,0.2909063333333332,0.7628509975054383,6.0493666416261345,1.1588778419596215
2023-04-22 23:00:00,0.7608006666666667,0.6186263856229544,1.5345921499166428,0.931916397252117
2023-04-23 00:00:00,0.2944003333333332,0.5383613553076791,3.1270820081789124,0.7971397325239374
2023-04-23 01:00:00,0.28156,0.5323078246279435,3.2140749560661264,0.7888418928399221
2023-04-23 02:00:00,0.0729536666666666,0.8431359197399162,9.872163377218996,1.023845179335113
2023-04-23 03:00:00,0.661734,0.822416750871619,2.0596246695841924,1.0252479442034117
2023-04-23 04:00:00,0.6805586666666666,0.8585933446444601,2.282040933550557,1.5504426749934948
2023-04-23 05:00:00,0.9118106666666668,0.6445743317946132,2.8844793773992166,0.930719438702208
2023-04-23 06:00:00,0.971106,0.5554186403735445,4.486821063692987,0.7777540106518427
2023-04-23 07:00:00,0.837457,0.5495295526791679,3.107813854660794,0.7818588427519905
2023-04-23 08:00:00,0.3400323333333334,0.33565745327864194,0.047221315553494715,0.812359528952934
2023-04-23 09:00:00,0.1513923333333333,0.2563935874001525,1.3459016107216546,0.7934137754516487
2023-04-23 10:00:00,0.1255113333333333,0.3649964487323236,3.0697100279797307,0.7772564845469356
2023-04-23 11:00:00,0.037377,0.3388727995302794,3.8645603409211593,0.7345467157027209
2023-04-23 12:00:00,0.0111606666666666,0.34121770926505196,4.230657140347138,0.7414519089628708
2023-04-23 13:00:00,0.1097279999999999,0.3405155298826538,2.958224746590833,0.7392783977914557
2023-04-23 14:00:00,0.170397,0.3286196014283915,2.0280905786089667,0.7402555243695903
2023-04-23 15:00:00,0.3075263333333333,0.3129062850033325,0.06895999178875283,0.7424290355410055
2023-04-23 16:00:00,0.3638783333333332,0.5698968968894268,2.64073718921734,0.7900577500094059
2023-04-23 17:00:00,0.433962,0.4572308313878851,0.29825889150462653,0.6818722773275521
2023-04-23 18:00:00,0.285561,0.47412637370535105,2.417022943696074,0.6901882323028597
2023-04-23 19:00:00,0.173758,0.9561944106400638,10.02923664795076,1.3066422087933087
2023-04-23 20:00:00,0.0998449999999999,0.8315116023703607,9.378471403921015,1.53146328956647
2023-04-23 21:00:00,1.3684713333333336,1.3936736290377636,0.32304195491694193,1.5163675202352582
2023-04-23 22:00:00,0.1225516666666666,1.292957389722973,15.002210800805194,1.641827001581989
2023-04-23 23:00:00,0.3984356666666666,1.1493413565835184,9.625077210182711,1.4939918847476208
2023-04-24 00:00:00,1.4739586666666669,0.820946381340857,7.048444483091924,1.3729740452767742
2023-04-24 01:00:00,1.5404886666666668,0.8333487437824089,7.632684101403686,1.3919147012068138
2023-04-24 02:00:00,1.55021,1.122469041440647,4.616924470335015,1.516798133753948
2023-04-24 03:00:00,1.4248516666666666,1.3764868170966225,0.5220375861037033,1.5990486484151683
2023-04-24 04:00:00,1.599495,1.5880889399040339,0.12311404113494553,1.6356964122619952
2023-04-24 05:00:00,1.6911396666666667,1.4695104289461114,2.3922082524433845,1.6239710222224761
2023-04-24 06:00:00,1.0394613333333331,1.7585065845970242,9.216691462005842,1.7015190588725309
2023-04-24 07:00:00,1.729727,1.8462527259637016,1.4936218015572793,1.773341262656783
2023-04-24 08:00:00,2.015514,1.844599471748144,1.8448068907861315,1.7418021338284486
2023-04-24 09:00:00,1.8829826666666667,1.8013197971562043,0.8814477384407708,1.709001209687917
2023-04-24 10:00:00,2.4242540000000004,1.7893511279227592,6.852976194405409,1.7344409002354428
2023-04-24 11:00:00,2.3980680000000003,1.7893511279227592,6.570331332460496,1.725968357146539
2023-04-24 12:00:00,2.376829666666667,1.7803283448630027,6.438479865239223,1.745012377837693
2023-04-24 13:00:00,2.404399333333333,1.7882709841208864,6.650328885797702,1.751395604115892
2023-04-24 14:00:00,2.3385196666666666,1.7804182936172117,6.024000822455857,1.782724248298626
2023-04-24 15:00:00,2.395712666666667,1.3515561759704269,11.27035313380137,1.6285478160874276
2023-04-24 16:00:00,2.417454,1.3400898244956267,11.628788232254935,1.5246693268680924
2023-04-24 17:00:00,1.6900106666666668,0.894331863175647,8.588349712258923,1.4989925670813806
2023-04-24 18:00:00,1.8293,0.987159777210286,9.089842167901024,1.5748972057323471
2023-04-24 19:00:00,0.7578149999999999,0.6119836313393536,1.5740658008984172,0.7672611195986058
2023-04-24 20:00:00,0.51739,0.7950074548099276,3.558488733433149,1.0938698790300236
2023-04-24 21:00:00,0.4470236666666666,0.823519289110045,4.825904882561991,1.1140866144826431
2023-04-24 22:00:00,0.208343,0.7950074548099276,7.519840040951826,1.1009613293878608
2023-04-24 23:00:00,0.5954656666666666,0.6350212589790842,0.5070219006379986,0.9469428568216844
2023-04-25 00:00:00,0.4949646666666666,0.8183110347564184,4.144639999785645,1.0647362138423173
2023-04-25 01:00:00,0.8595713333333334,0.6049090582972894,2.748758251361029,0.8782872281000004
2023-04-25 02:00:00,0.7215353333333333,0.6017832395085247,1.2925729025711135,0.8447606079331357
2023-04-25 03:00:00,0.7182336666666667,0.4360128691562204,3.046217763320976,0.82887064776473
2023-04-25 04:00:00,0.6851946666666666,0.42910891836054654,2.7641228509907134,0.9015992138507092
2023-04-25 05:00:00,0.450194,0.6169258434993194,2.137161681721644,0.8548333849837907
2023-04-25 06:00:00,0.4106646666666666,0.46927182055671535,0.751224007003119,0.838943424815385
2023-04-25 07:00:00,0.9113313333333332,0.6169258434993194,3.1777361578690537,0.852291287134035
2023-04-25 08:00:00,0.8380660000000002,0.6070798680772782,2.4932041307754913,0.8453962643094914
2023-04-25 09:00:00,0.5317029999999999,0.6323706494189776,1.2903536505796822,0.8708793146789271
2023-04-25 10:00:00,0.7304216666666667,0.7422403720300979,0.15149166290113095,1.01889658607747
2023-04-25 11:00:00,0.6106713333333333,0.9077311900875996,3.8077006150029735,1.1510326521101788
2023-04-25 12:00:00,0.3589386666666667,0.951635633971772,7.59716452965547,1.5585708063919745
2023-04-25 13:00:00,0.6105283333333333,1.399462630068308,10.112526275671405,1.600348014129332
2023-04-25 14:00:00,1.1185203333333331,1.3196386252420842,2.5779257155664164,1.5729383969787443
2023-04-25 15:00:00,0.9602626666666664,1.0373499013258818,0.9881008966606443,1.5695676959159068
2023-04-25 16:00:00,1.1347303333333332,0.7707697470198608,3.9284957485664354,1.0469613013765389
2023-04-25 17:00:00,0.8994076666666666,0.6111778616709094,3.1110774246328092,0.8563931538334234
2023-04-25 18:00:00,0.5499813333333333,0.6185925571857046,0.879455750478237,0.8574316676611655
2023-04-25 19:00:00,0.495625,1.0373499013258818,6.943806754903652,1.5769756093369793
2023-04-25 20:00:00,0.1624476666666666,0.5964919004048553,5.5635605355810505,0.8617319682854296
2023-04-25 21:00:00,0.1864136666666666,0.6120636664370585,5.455963601444981,0.8702753556750757
2023-04-25 22:00:00,0.5005116666666667,0.594508068866132,1.204841887333976,0.858732956354981
2023-04-25 23:00:00,0.7034743333333332,0.42710960053303965,2.983008926479092,0.8348451185930919
2023-04-26 00:00:00,0.3718506666666667,0.3275692083365401,0.47796252487734,0.8029521112487725
2023-04-26 01:00:00,0.2965446666666667,0.49730966346539374,2.573397193865725,0.7237722747082251
2023-04-26 02:00:00,0.1208276666666666,0.604264533589973,6.196673207924274,0.8089486367288153
2023-04-26 03:00:00,0.1335873333333333,0.616121679634827,6.185104736962639,0.8308249046843993
2023-04-26 04:00:00,0.1110656666666666,0.47451528499995504,4.6586817565022045,0.9054438115513357
2023-04-26 05:00:00,0.0723463333333333,0.4215520628379399,4.476104195045049,0.8982115555533688
2023-04-26 06:00:00,0.037923,0.3955140316246472,4.583586641136297,0.8017323523306125
2023-04-26 07:00:00,0.0,0.3559638717881183,4.562729775526938,0.8106363542262389
2023-04-26 08:00:00,0.0028193333333333,0.3912755472380767,4.979215235434451,0.7513434259759327
2023-04-26 09:00:00,0.0,0.43231246233537735,5.541362763362422,0.7845669766600744
2023-04-26 10:00:00,0.185337,0.4352375276225704,3.203214339072299,0.7778085909558577
2023-04-26 11:00:00,0.1438293333333333,0.427362676478086,3.634318338607423,0.7845669766600744
2023-04-26 12:00:00,0.1573273333333333,0.32946934854933285,2.2065090327840107,0.7514047022002116
2023-04-26 13:00:00,0.122347,0.4297983720226005,3.9408986159391297,0.7659469455256097
2023-04-26 14:00:00,0.0677946666666666,0.4445723004679637,4.829519692158675,0.7824910888243184
2023-04-26 15:00:00,0.0883333333333333,0.44456103889951615,4.566111585677833,0.7824910888243184
2023-04-26 16:00:00,0.0101796666666666,0.4372513424241373,5.474186583807802,0.7935669898092811
2023-04-26 17:00:00,0.171986,0.34137140266191063,2.1711748902572667,0.7840660093104035
2023-04-26 18:00:00,0.083409,0.43678186912125455,4.529518413494092,0.7908869020268914
2023-04-26 19:00:00,0.4407406666666665,0.6042995983325006,2.0964914327296817,0.724821174588192
2023-04-26 20:00:00,0.339427,0.3794952046667928,0.5135925440037464,0.7763566905974464
2023-04-26 21:00:00,0.0895276666666666,0.3715876807524128,3.615433269364554,0.7671112468921159
2023-04-26 22:00:00,0.2348823333333333,0.5406796472408683,3.919696969339011,0.6875816812436318
2023-04-26 23:00:00,0.4722266666666667,0.3769699428303864,1.0281762605220373,0.8319928322411199
2023-04-27 00:00:00,0.413006,0.34730898226360174,0.7091164938630079,0.6938696828005966
2023-04-27 01:00:00,0.2181133333333333,0.23310675328822167,0.19218501956813588,0.7771811110166069
2023-04-27 02:00:00,0.0645293333333333,0.2313239376153201,2.1379661467657316,0.8087348264508845
2023-04-27 03:00:00,0.0061266666666666,0.24545433766951186,3.0676919124033595,0.8232938592816286
2023-04-27 04:00:00,0.0016166666666666,0.4125397015467304,5.267193991566604,0.848573639027866
2023-04-27 05:00:00,0.0,0.40446174352869413,5.18437343371292,0.7952266599954788
2023-04-27 06:00:00,0.0349666666666666,0.3460459329773432,3.987400810691416,0.6909251738037138
2023-04-27 07:00:00,0.1010673333333333,0.20092397414740829,1.27995817676036,0.6986948558071419
2023-04-27 08:00:00,0.049998,0.1851559164784915,1.7324484274675784,0.6952798379671185
2023-04-27 09:00:00,0.0,0.145608943919517,1.866409252903256,0.6917586352322466
2023-04-27 10:00:00,0.0,0.09835380608420978,1.2606949050827962,0.6917586352322466
2023-04-27 11:00:00,0.0,0.10650012782599977,1.3651141108453748,0.679204510174884
2023-04-27 12:00:00,0.0,0.14561605148804965,1.8665003574145442,0.7206058707772017
2023-04-27 13:00:00,0.0027713333333333,0.1408316263079351,1.7696509660063056,0.7206058707772017
2023-04-27 14:00:00,0.0103953333333333,0.14964704747354649,1.784922551856354,0.7096679515758492
2023-04-27 15:00:00,0.0,0.12194543975354663,1.5630914625078132,0.7096679515758492
2023-04-27 16:00:00,0.0085856666666666,0.13557869902162023,1.6277912898848959,0.7241270735120736
2023-04-27 17:00:00,0.0,0.12291451391445812,1.5755130139042328,0.6947072505019883
2023-04-27 18:00:00,0.0,0.12465537264968352,1.5978272671634148,0.6952798379671185
2023-04-27 19:00:00,0.0072506666666666,0.230948978166454,2.867355446742416,0.7559406148761084
2023-04-27 20:00:00,0.0478143333333333,0.230948978166454,2.3474120918878083,0.7592068695015132
2023-04-27 21:00:00,0.0615639999999999,0.3965361130698545,4.293658304696577,0.7461532143680696
2023-04-27 22:00:00,0.2611396666666667,0.2257018611211352,0.3825064406953105,0.7623001417130146
2023-04-27 23:00:00,0.4582536666666667,0.21934377609991504,2.578731117257832,0.7655663963384194
2023-04-28 00:00:00,0.1768066666666666,0.42878386143791336,3.2298329702989093,0.7671794026730137
2023-04-28 01:00:00,0.052343,0.509219241781955,5.856220244031384,0.8249753217339664
2023-04-28 02:00:00,0.0898233333333333,0.3101106114058872,2.823632965285028,0.6569081807029356
2023-04-28 03:00:00,0.1021629999999999,0.3101106114058872,2.6654636425465954,0.6226062924824461
2023-04-28 04:00:00,0.1058139999999999,0.17483055951574109,0.8846513257793217,0.6552091242813484
2023-04-28 05:00:00,0.1368786666666666,0.15386075045949665,0.21767562809902416,0.6678277128330941
2023-04-28 06:00:00,0.0458923333333333,0.3101106114058872,3.386738655651228,0.6565384831170379
2023-04-28 07:00:00,0.149095,0.17122722367050147,0.2836899021036827,0.680507485236054
2023-04-28 08:00:00,0.0649863333333333,0.30316897006931887,3.053014911849469,0.6845584671164713
2023-04-28 09:00:00,0.0,0.11600696681330698,1.4869723688214722,0.6429159068893403
2023-04-28 10:00:00,0.050941,0.054312617433982906,0.04321724893158954,0.6195292305801257
2023-04-28 11:00:00,0.2233609999999999,0.15783864356311872,0.7072312452993051,0.7188377071514649
2023-04-28 12:00:00,0.0,0.12125950149234216,1.5542991350369126,0.6942469948004648
2023-04-28 13:00:00,0.0,0.11965387355051743,1.5337182643384883,0.6870681653215638
2023-04-28 14:00:00,0.0,0.12357925305619495,1.5840336119630332,0.6870681653215638
2023-04-28 15:00:00,0.048494,0.13644951140575148,1.1274100059558825,0.6870681653215638
2023-04-28 16:00:00,0.0304586666666666,0.1444264937006608,1.4608347618199673,0.6870681653215638
2023-04-28 17:00:00,0.0893423333333333,0.1722158401393591,1.0622690870473046,0.7216002464305624
2023-04-28 18:00:00,0.0,0.37622738086692215,4.8224665734386996,0.759962161551753
2023-04-28 19:00:00,0.0,0.3831690222034904,4.911444236981593,0.7087549793863437
2023-04-28 20:00:00,0.0036793333333333,0.6209657709339729,7.912351314534167,0.9140113782615832
2023-04-28 21:00:00,0.00278,0.6606591235573664,8.432666637415071,1.06229771198663
2023-04-28 22:00:00,0.074064,0.6682716725612525,7.616528685404318,1.5556875026487085
2023-04-28 23:00:00,0.052434,0.6185660956328337,7.256657133909779,0.9131099882286129
2023-04-29 00:00:00,0.2687966666666667,0.33385597991954596,0.8339275114159355,0.6732474327325031
2023-04-29 01:00:00,0.6826723333333334,0.4463686346506271,2.550600561034356,0.7847565271286073
2023-04-29 02:00:00,0.6723663333333333,0.5096562349043798,1.756250412720332,0.9115017843648052
2023-04-29 03:00:00,0.7476576666666667,0.5262065648493717,2.3902854999120913,1.4090243817519523
2023-04-29 04:00:00,1.0996276666666662,0.5312761473866714,6.134638230469534,1.4090243817519523
2023-04-29 05:00:00,0.6171173333333333,0.5317612817175905,0.9213109839263122,1.0601769814500952
2023-04-29 06:00:00,1.170767,0.5375033986196006,6.8352823335714055,1.1273619525538408
2023-04-29 07:00:00,1.2318806666666668,0.5933820981876206,6.891787204604906,1.4356956808230898
2023-04-29 08:00:00,1.4633010000000002,0.5155932427748487,10.229310631827131,0.8585741642606408
2023-04-29 09:00:00,0.9625313333333334,0.4146166286169257,5.914048578330266,0.7738752131371449
2023-04-29 10:00:00,0.5263176666666667,0.3388606457733145,2.0233622466587504,0.6212776212218976
2023-04-29 11:00:00,0.6886696666666666,0.2440630367554653,4.798968133011691,0.6573240074469998
2023-04-29 12:00:00,0.626362,0.33590623428018623,3.135103864774326,0.6657069699959756
2023-04-29 13:00:00,0.2578666666666667,0.16609233990755135,0.9905881737156271,0.6602733353061156
2023-04-29 14:00:00,0.227355,0.3493757078694488,1.5640562460175824,0.6633627482406845
2023-04-29 15:00:00,0.0450559999999999,0.3450768705839756,3.8456547643909325,0.7102131626348314
2023-04-29 16:00:00,0.302733,0.17753831428102446,1.3513188215564231,0.7035257615798172
2023-04-29 17:00:00,0.2238746666666666,0.3450768705839756,1.5535646971560233,0.7102131626348314
2023-04-29 18:00:00,0.2647796666666666,0.3239069212210556,0.7578906352076499,0.6249450565500732
2023-04-29 19:00:00,0.4149176666666667,0.4994355600642926,1.083346764470808,0.8158929969005342
2023-04-29 20:00:00,0.376146,0.4278467715995413,0.6626982924136705,0.7112259559891045
2023-04-29 21:00:00,0.2725053333333333,0.4901725064357886,2.79004857116654,0.8158929969005342
2023-04-29 22:00:00,0.4686196666666666,0.4901725064357886,0.2762633838870849,0.8158929969005342
2023-04-29 23:00:00,0.7519386666666668,0.3174758133239534,4.689478851418461,0.603452395231707
2023-04-30 00:00:00,0.94779,0.5067785717053944,4.760162463394841,0.6709280968027629
2023-04-30 01:00:00,0.8916486666666666,0.5692131976881263,3.480284450301021,0.7791631071694566
2023-04-30 02:00:00,0.3648186666666666,0.6423244094820844,3.557056813836721,0.9032083246305457
2023-04-30 03:00:00,0.8842603333333335,0.7041058978777128,1.9445400419352898,1.2731196947387882
2023-04-30 04:00:00,1.0531463333333333,1.0090074931782547,0.4764231414511855,1.371345206249417
2023-04-30 05:00:00,1.0885763333333334,1.231002121472601,1.8256076974371735,1.2145340393482131
2023-04-30 06:00:00,1.1232513333333332,1.508387635238795,4.936660744566716,1.4600978551066734
2023-04-30 07:00:00,0.794906,0.5137952561090825,3.034236133746274,0.7699757292539178
2023-04-30 08:00:00,0.623505,0.38979442312575985,2.5226110798016257,0.7158972906444607
2023-04-30 09:00:00,0.2874343333333333,0.41071145638940904,1.5801609224659248,0.6863684400881329
2023-04-30 10:00:00,0.268775,0.39199353826832883,1.5794099851471937,0.6863684400881329
2023-04-30 11:00:00,0.4573696666666667,0.45491982395445085,0.02644296399530245,0.7162963539303786
2023-04-30 12:00:00,0.4129546666666667,0.45491982395445085,0.5379076020546738,0.7162963539303786
2023-04-30 13:00:00,0.353386,0.5047840185956382,1.9406133659914786,0.7098979677992795
2023-04-30 14:00:00,0.1928763333333333,0.5047840185956382,3.998019449594902,0.7098979677992795
2023-04-30 15:00:00,0.2307673333333333,0.5056341807968662,3.52323156540333,0.7098979677992795
2023-04-30 16:00:00,0.33453,0.5056341807968662,2.1932061153209,0.7142545186921196
2023-04-30 17:00:00,0.3181866666666667,0.4814799686384155,2.0930866026035835,0.7406260864365263
2023-04-30 18:00:00,0.3202733333333333,0.6410566925451666,4.111787460949402,0.8969873024872901
2023-04-30 19:00:00,0.4779473333333333,1.6066514567757608,14.467681469810042,1.3140543944833627
2023-04-30 20:00:00,0.583042,1.6154291352449066,13.23309440980781,1.3102072580094877
2023-04-30 21:00:00,1.3603603333333334,1.4061405805887026,0.5868092630686764,1.3087897664487822
2023-04-30 22:00:00,1.5891583333333337,1.2980824264262552,3.141797507188624,1.1959964093735498
2023-04-30 23:00:00,0.7893850000000001,1.2980824264262552,6.520461985733665,1.215863855925714
2023-05-01 00:00:00,0.3644093333333332,0.7941974742553033,5.509006118801568,1.261026419714571
2023-05-01 01:00:00,0.920748,0.6986940016499871,2.39679300801784,0.9679003507156784
2023-05-01 02:00:00,0.9771396666666666,0.6091349004652769,3.972147572674768,0.8320553493747499
2023-05-01 03:00:00,0.9417263333333332,0.538937748303476,4.347595051124666,0.724989868994695
2023-05-01 04:00:00,0.9058866666666668,0.4349951114406051,5.082680769032887,0.6315717172523648
2023-05-01 05:00:00,0.679041,0.43517439068278285,2.6322326481111533,0.7023905485438521
2023-05-01 06:00:00,0.3481283333333332,0.4259337274286843,0.9973062337819979,0.6979336233985171
2023-05-01 07:00:00,0.2907983333333333,0.27347925530563566,0.18693761621292934,0.730060614907347
2023-05-01 08:00:00,0.2369163333333333,0.27329997606345796,0.4663639857409123,0.6592417836158597
2023-05-01 09:00:00,0.0599443333333333,0.1599796537884824,1.2822484848034599,0.6686108377455222
2023-05-01 10:00:00,0.0175833333333333,0.1576508680948055,1.7953797058967593,0.6719876550396419
2023-05-01 11:00:00,0.0,0.15834155809814582,2.029615360144686,0.6708636917852184
2023-05-01 12:00:00,0.0,0.1776569751134076,2.2771995542920997,0.6716025334277226
2023-05-01 13:00:00,0.0,0.14652259659507552,1.8781204140565488,0.6719468701650924
2023-05-01 14:00:00,0.032004,0.1797031379865433,1.8932012715942073,0.669545236051874
2023-05-01 15:00:00,0.1176296666666666,0.18112919917816112,0.8139343081836536,0.669545236051874
2023-05-01 16:00:00,0.073342,0.12314883335059697,0.6384218724554912,0.6759526198102781
2023-05-01 17:00:00,0.0032473333333333,0.12466342501683816,1.5563063014501346,0.6734657645946794
2023-05-01 18:00:00,0.0,0.22664940868892042,2.905182485053051,0.6749310835941311
2023-05-01 19:00:00,0.0,0.2383849543692695,3.055608210671795,0.6775119796902207
2023-05-01 20:00:00,0.0,0.24016148195663495,3.078379665761322,0.6775119796902207
2023-05-01 21:00:00,0.0,0.2462038443284568,3.1558304097650436,0.6720285644911769
2023-05-01 22:00:00,0.024753,0.2462038443284568,2.8385475080866263,0.6720285644911769
2023-05-01 23:00:00,0.102003,0.3971575462639597,3.7832784261384806,0.6539399750751843
2023-05-02 00:00:00,0.357011,0.6518174164503556,3.778816112987708,1.4832880529400783
2023-05-02 01:00:00,0.6260540000000001,0.5756601149932293,0.5439384659973461,1.1386534769677574
2023-05-02 02:00:00,0.2831163333333333,0.4029639261431316,1.5362013495683848,0.9245179321454393
2023-05-02 03:00:00,0.4993843333333334,0.4057178062231367,1.0110120913435008,0.8874635745914021
2023-05-02 04:00:00,0.6373666666666666,0.37421608635509973,2.840378807106329,0.8783775871145094
2023-05-02 05:00:00,0.811366,0.36102840560767524,4.860826670572919,0.8677668652594047
2023-05-02 06:00:00,0.2125123333333333,0.3573477011766899,1.8564935876459872,0.8759095014958803
2023-05-02 07:00:00,0.3340473333333333,0.3668979390411468,0.42107766738854474,0.8489756208109493
2023-05-02 08:00:00,0.2757806666666667,0.3261187166255039,0.6452309843563614,0.8221410393049233
2023-05-02 09:00:00,0.155309,0.2852158323536236,1.6651402543937863,0.835916676055961
2023-05-02 10:00:00,0.1089876666666666,0.36013680789799096,3.2192190152271336,0.8341722063662305
2023-05-02 11:00:00,0.0784906666666666,0.3661920204657752,3.6877437219807754,0.9016942982261833
2023-05-02 12:00:00,0.1960296666666666,0.33060288637949675,1.7249538091824805,0.8710867580270247
2023-05-02 13:00:00,0.0874843333333333,0.2506272437919653,2.09115889058203,0.8445089096229241
2023-05-02 14:00:00,0.066376,0.30174949549422625,3.0170074588373126,0.8858448919048966
2023-05-02 15:00:00,0.0850993333333333,0.3342458910049656,3.1935499842946165,0.8730353000737812
2023-05-02 16:00:00,0.7262869999999999,0.4668041660135225,2.800790108805563,1.1695196046071907
2023-05-02 17:00:00,0.507832,0.5812366173256704,0.9408972642379737,1.5383750155960625
2023-05-02 18:00:00,0.6426706666666667,0.7036866199763234,0.7820998955586277,1.5390382316585036
2023-05-02 19:00:00,1.1340109999999994,0.7036866199763234,4.644809248580226,1.5466103115643308
2023-05-02 20:00:00,0.7180506666666666,0.6047911366569176,1.222493860213516,1.4503802392169003
2023-05-02 21:00:00,0.6622596666666667,0.5802269462000922,0.8854398133063667,1.1062859605473379
2023-05-02 22:00:00,0.884534,0.7044693136480706,1.943571313491751,1.5381911109980417
2023-05-02 23:00:00,1.2037736666666667,0.6086463603655026,6.423649099867868,1.4459584549175861
2023-05-03 00:00:00,0.650995,1.2129744242535878,7.203428368712669,1.4564892119906863
2023-05-03 01:00:00,0.7960803333333333,1.1209000771583892,4.163525667323312,1.4687846079100586
2023-05-03 02:00:00,1.402151,1.160324960267519,2.610207271628806,1.4858486844210868
2023-05-03 03:00:00,1.124947,1.160324960267519,0.4534731906897023,1.484203918887758
2023-05-03 04:00:00,1.3051263333333334,1.1645405924749577,1.5174458610073627,1.5038407317047784
2023-05-03 05:00:00,1.3937739999999998,0.8093542791500753,6.308074212079394,1.6365303054860678
2023-05-03 06:00:00,1.545619333333333,0.5977922885794492,10.230598190335122,1.0965493124535919
2023-05-03 07:00:00,1.2850553333333332,0.4644309973639196,8.85760529094593,0.9859337609949437
2023-05-03 08:00:00,1.0492913333333331,0.47455085301150735,6.2035990114838055,0.9390326696615959
2023-05-03 09:00:00,0.5236706666666666,0.40214863643844817,1.311677135000391,0.8850221827908438
2023-05-03 10:00:00,0.196175,0.40086811800689687,2.623747684516258,0.918903180911119
2023-05-03 11:00:00,0.0904736666666666,0.35940767485417346,3.4471846837853763,0.9202725285147078
2023-05-03 12:00:00,0.0146229999999999,0.40662601949038435,5.02467803864624,0.9093747822508585
2023-05-03 13:00:00,0.0176059999999999,0.37724021630984894,4.6097760955695275,0.9202725285147078
2023-05-03 14:00:00,0.0107153333333333,0.37724021630984894,4.698100367960701,0.9202725285147078
2023-05-03 15:00:00,0.0417053333333333,0.37534761515774545,4.276612584327466,0.8792310556362286
2023-05-03 16:00:00,0.0615343333333333,0.3975850671740426,4.307484019882105,0.8824633616742341
2023-05-03 17:00:00,0.0618053333333333,0.394730408055065,4.2674194541758546,0.8828768421294734
2023-05-03 18:00:00,0.0801696666666666,0.47230991308575926,5.026437007584508,0.8867559375178857
2023-05-03 19:00:00,0.082652,0.7699414825593185,8.809647368782716,1.376729876541554
2023-05-03 20:00:00,0.1803813333333333,1.3673407880923676,15.214395830023777,1.367094985884223
2023-05-03 21:00:00,0.3610183333333334,1.3773437983755832,13.02721660397818,1.3503203730456033
2023-05-03 22:00:00,0.7190749999999999,1.2458828539960078,6.75260067639613,1.3571034401289217
2023-05-03 23:00:00,1.080514,0.8593786136512443,2.386877749395816,1.5478649638532604
2023-05-04 00:00:00,0.537643,0.5808381142270684,0.553673137813395,1.2533887842206168
2023-05-04 01:00:00,0.7066406666666667,0.5504719502425937,1.6856444395400694,1.1643973459205161
2023-05-04 02:00:00,0.6298536666666665,0.5558967982082287,0.7982711706756738,1.1637551925405263
2023-05-04 03:00:00,0.3943536666666667,0.5095144932680665,1.4761265795571126,1.0919764620845271
2023-05-04 04:00:00,0.4963143333333332,0.5308929623381363,0.4432273965460923,1.1584096772348653
2023-05-04 05:00:00,0.3750529999999999,0.5548642275753539,2.304812670765829,1.1695018541773268
2023-05-04 06:00:00,0.4378873333333333,0.5696414153702711,1.6888182223025847,1.2211122193754482
2023-05-04 07:00:00,0.334355,0.36821984968281773,0.43407820354170557,0.9844392611063135
2023-05-04 08:00:00,0.240754,0.3592194693052281,1.5184853492448693,0.914523031527682
2023-05-04 09:00:00,0.128622,0.22582502947382202,1.2459442994136865,0.8555159484241763
2023-05-04 10:00:00,0.0834646666666666,0.19323215246887498,1.4069949664795844,0.844879640926145
2023-05-04 11:00:00,0.136516,0.2278614142644156,1.17086163668367,0.8326799705167611
2023-05-04 12:00:00,0.2598616666666666,0.18618538332630458,0.795242608010038,0.8458116535313263
2023-05-04 13:00:00,0.072854,0.2278614142644156,1.9868784462280242,0.8326799705167611
2023-05-04 14:00:00,0.1531573333333333,0.2897698860203892,1.7510938925481667,0.8277644503362572
2023-05-04 15:00:00,0.120803,0.3424772182785901,2.8414107058831632,0.8584527689605874
2023-05-04 16:00:00,0.1971073333333332,0.3526953261207111,1.9943202770532835,0.8524376271345409
2023-05-04 17:00:00,0.1254323333333333,0.2982468042168669,2.2151285409424273,0.8285635639263745
2023-05-04 18:00:00,0.2322133333333333,0.3424772182785901,1.4133577895918168,0.8584527689605874
2023-05-04 19:00:00,0.121877,0.47760608589018994,4.55972029986872,1.1018068754999335
2023-05-04 20:00:00,0.1529299999999999,0.517869288484759,4.677776285173571,1.2143959554299788
2023-05-04 21:00:00,0.013957,0.6495100110360864,8.146491476264885,1.4058806724565
2023-05-04 22:00:00,0.0259706666666666,0.655783204347792,8.072910332845112,1.4050815588663828
2023-05-04 23:00:00,0.8984696666666667,0.5850573836319147,3.3828905319711757,1.243870195215038
2023-05-05 00:00:00,0.7745546666666665,0.5182526925898618,2.766456735627698,0.8316639971856654
2023-05-05 01:00:00,0.4355456666666666,0.241162955458265,2.0981163436178263,0.6461974060968366
2023-05-05 02:00:00,0.0179593333333333,0.23161949336228493,2.738686847940079,0.6392009345873092
2023-05-05 03:00:00,0.0,0.25847194733779894,3.3130824325862696,0.6297346241133966
2023-05-05 04:00:00,0.0025913333333333,0.2668645109723019,3.387442355959593,0.6389762321599322
2023-05-05 05:00:00,0.157643,0.26900512632889517,1.4274350009578773,0.663984172321145
2023-05-05 06:00:00,0.0531296666666666,0.22889949554979766,2.2530101941404563,0.6714821754465369
2023-05-05 07:00:00,0.0013706666666666,0.20836920773495649,2.6532984993069952,0.6584846177568608
2023-05-05 08:00:00,0.0,0.20602434137829642,2.640811249096704,0.6754644448497884
2023-05-05 09:00:00,0.0,0.1203386421863506,1.5424955996011038,0.5974658683958218
2023-05-05 10:00:00,0.0,0.08796147004843168,1.1274863835844382,0.5974891059479654
2023-05-05 11:00:00,0.0,0.09524076496385499,1.2207920763464655,0.5992146822423242
2023-05-05 12:00:00,0.0,0.12548125166463903,1.6084133492666104,0.6011099793520546
2023-05-05 13:00:00,0.0,0.20964353171254668,2.687201876938881,0.6167740317730643
2023-05-05 14:00:00,0.0409206666666666,0.23960737945330732,2.546757837752663,0.6206099167986728
2023-05-05 15:00:00,0.1912056666666667,0.2797400216564875,1.134829598408169,0.6162815166761544
2023-05-05 16:00:00,0.1030196666666666,0.21136171108465224,1.388723719416251,0.6230096157088887
2023-05-05 17:00:00,0.0938113333333333,0.21136171108465224,1.506755744610049,0.6230096157088887
2023-05-05 18:00:00,0.451408,0.5184661605785095,0.8595486514590858,0.8756940277993678
2023-05-05 19:00:00,1.5700923333333332,0.13958294295584703,15.440545679147062,0.6164637104437835
2023-05-05 20:00:00,1.3242863333333337,0.1180853618322583,13.019419043295667,0.6164637104437835
2023-05-05 21:00:00,0.720459,0.15418434306620526,6.112221119375042,0.6212793635949871
2023-05-05 22:00:00,0.0666996666666666,0.23465809025979062,2.152883933218565,0.6591128947931308
2023-05-05 23:00:00,0.00401,0.40317394901218534,5.116466528824869,0.7064038388426708
2023-05-06 00:00:00,0.0,0.30095289525043356,3.857601416942526,0.5411040052134298
2023-05-06 01:00:00,0.0355646666666666,0.3074932919090916,3.4855695578854897,0.5329968818902227
2023-05-06 02:00:00,0.4288196666666666,0.4125638504272225,0.1754610454746636,0.6163349719367028
2023-05-06 03:00:00,0.2808243333333333,0.480626258906082,2.5610525878340766,0.7165539397143073
2023-05-06 04:00:00,0.076916,0.4416266007031441,4.674844974911008,0.6276917246311778
2023-05-06 05:00:00,0.0925079999999999,0.36391549309061777,3.47888970811846,0.573066405264513
2023-05-06 06:00:00,0.1884303333333332,0.33494421078937237,1.8780086525030566,0.5545304425705552
2023-05-06 07:00:00,0.262335,0.2806468792768895,0.23472089008024857,0.5846121522338037
2023-05-06 08:00:00,0.1256346666666666,0.2690103439409288,1.837783335987001,0.5382813278915668
2023-05-06 09:00:00,0.0655563333333333,0.24590228126341773,2.3116666935402557,0.5080404649270356
2023-05-06 10:00:00,0.0599586666666666,0.21877583604632123,2.0357117253314554,0.5080404649270356
2023-05-06 11:00:00,0.1878743333333333,0.22033016833587304,0.4160175132711894,0.5080404649270356
2023-05-06 12:00:00,0.1100393333333333,0.1937069843147364,1.0724483933259266,0.513004061041089
2023-05-06 13:00:00,0.0276946666666666,0.21541390669587918,2.4061772382069195,0.5080404649270356
2023-05-06 14:00:00,0.007449,0.2172259234835382,2.6889116869885803,0.5122059547970671
2023-05-06 15:00:00,0.0022263333333333,0.20644551758735558,2.6176728218202054,0.5171695509111205
2023-05-06 16:00:00,0.0,0.2091349471421476,2.6806828615369054,0.5519968599627959
2023-05-06 17:00:00,0.0,0.20668075557416143,2.649225138353237,0.5754186740523806
2023-05-06 18:00:00,0.0,0.19509707867840437,2.500746060359012,0.5086267926946526
2023-05-06 19:00:00,0.0,0.21096517458172595,2.704142639049162,0.5222971993875907
2023-05-06 20:00:00,0.0,0.24485691951603797,3.1385655847811265,0.5174850214280224
2023-05-06 21:00:00,0.0,0.2545648192483645,3.263001030839208,0.5253724244731081
2023-05-06 22:00:00,0.0,0.2730910770288804,3.5004698154650895,0.4986765819705835
2023-05-06 23:00:00,0.211586,0.5824964314842397,4.754314142290363,0.8663620113927395
2023-05-07 00:00:00,0.2286836666666666,0.5058320759901446,3.5524765283283166,0.7826869600803328
2023-05-07 01:00:00,0.0511329999999999,0.47966658720082345,5.492925302538617,0.7617294069611487
2023-05-07 02:00:00,0.0,0.572206123289797,7.334513762192261,0.8600356527205401
2023-05-07 03:00:00,0.129818,0.5772776628353415,5.735518935419685,0.8057349170178726
2023-05-07 04:00:00,0.6679223333333333,0.6352759977045568,0.3523760416559536,0.8734092285709213
2023-05-07 05:00:00,0.6066889999999999,0.6096046375115989,0.03737251767149667,0.9071239887475655
2023-05-07 06:00:00,0.6369363333333334,0.4167741701597088,2.3763730319904663,0.7626437272838451
2023-05-07 07:00:00,0.9062916666666664,0.2741705004233971,6.822951186331846,0.7101786721121089
2023-05-07 08:00:00,0.4162036666666667,0.2999243682704035,1.2550884534584534,0.651084544227961
2023-05-07 09:00:00,0.249084,0.19845308248788784,0.5464969331075832,0.6489655337725891
2023-05-07 10:00:00,0.063675,0.15383435326782385,1.1556587572522383,0.6489655337725891
2023-05-07 11:00:00,0.0919456666666666,0.14025862557368174,0.6192734533465802,0.6489655337725891
2023-05-07 12:00:00,0.1481713333333333,0.17617548281203743,0.35895599748068463,0.6489655337725891
2023-05-07 13:00:00,0.1487486666666666,0.23885299207950733,1.1549534125464576,0.638382739046702
2023-05-07 14:00:00,0.1219446666666666,0.5149591338096687,5.03764273165793,0.8307881395254271
2023-05-07 15:00:00,0.1927273333333332,0.4935893141129448,3.8564360791205674,0.8307881395254271
2023-05-07 16:00:00,0.1086953333333333,0.45502653124725523,4.4392585713203,0.7324818937660355
2023-05-07 17:00:00,0.1878683333333333,0.49681124630137113,3.960017124368028,0.8393026410926852
2023-05-07 18:00:00,0.2660856666666666,0.9224831475716863,8.413675004886203,1.1264678852178727
2023-05-07 19:00:00,0.8721843333333332,1.0383295027473032,2.129641718236845,1.1630056392259047
2023-05-07 20:00:00,1.163146,1.0667807389156694,1.040141522778051,1.134265362791135
2023-05-07 21:00:00,1.0867776666666666,1.0429803117750325,0.47273723848232874,1.1494179924333068
2023-05-07 22:00:00,1.374480333333333,0.5231365932240715,9.189182536120347,0.9796999110698386
2023-05-07 23:00:00,1.2643993333333332,0.5829714856672774,7.355154660085196,0.8600356527205401
2023-05-08 00:00:00,1.0223719999999998,0.43066206514280636,6.386762882805484,0.822738681496645
2023-05-08 01:00:00,0.922039,0.4386399972643513,5.217682898973712,0.8760622431677829
2023-05-08 02:00:00,1.0290916666666667,0.49326157996535924,5.783610359796126,0.8760622431677829
2023-05-08 03:00:00,1.0937726666666667,0.43066206514280636,7.1574430772901225,0.8291955069802777
2023-05-08 04:00:00,0.7926163333333334,0.46308803649867436,3.5568425863352258,0.8089881311367363
2023-05-08 05:00:00,0.4771703333333333,0.4770828416500741,0.0009443624355048806,0.9160974229796495
2023-05-08 06:00:00,0.2449513333333333,0.34581954876006227,1.292924497140398,0.7733258288307061
2023-05-08 07:00:00,0.3307186666666666,0.322123091416168,0.09277839990889318,0.7691250300567685
2023-05-08 08:00:00,0.1163213333333333,0.2988178807407807,2.339232986212894,0.7472264665719249
2023-05-08 09:00:00,0.0412066666666666,0.19024246301470413,1.9103345016466298,0.7174438554619768
2023-05-08 10:00:00,0.008672,0.161613404690612,1.9603964233430489,0.7174438554619768
2023-05-08 11:00:00,0.0,0.12697798646431901,1.6275984322983856,0.6802441032016934
2023-05-08 12:00:00,0.0,0.14440927204429335,1.8510319098081587,0.6802441032016934
2023-05-08 13:00:00,0.0,0.14902350052775334,1.9101768943449577,0.6808316086255061
2023-05-08 14:00:00,0.0,0.14672222746690572,1.8806792740847829,0.6838821150818568
2023-05-08 15:00:00,0.011317,0.15423826428641388,1.8319586896271707,0.6838821150818568
2023-05-08 16:00:00,0.0319826666666666,0.15753294635030723,1.6092981474795924,0.6728570036932423
2023-05-08 17:00:00,0.0,0.15753294635030723,2.0192506091373135,0.6824013665584505
2023-05-08 18:00:00,0.0,0.15753294635030723,2.0192506091373135,0.6728570036932423
2023-05-08 19:00:00,0.0,0.3885921272485504,4.9809573668973,0.7420520459393535
2023-05-08 20:00:00,0.0,0.9267788521256529,11.879411926498607,1.3043562519742657
2023-05-08 21:00:00,0.0,0.9139139125568332,11.714509678031245,1.3189858156829852
2023-05-08 22:00:00,0.0,0.5571466160913634,7.141481639145921,0.9640138470615598
2023-05-08 23:00:00,0.2820606666666667,0.5924339908737526,3.9783520748192296,0.9609633406052089
2023-05-09 00:00:00,0.047352,0.5037125921594373,5.8496106690917085,0.9386299538190325
2023-05-09 01:00:00,0.042178,0.5264956490719912,6.20796303606152,0.9673960508370733
2023-05-09 02:00:00,0.0,0.4238822799119592,5.4333050434504715,0.906357579555924
2023-05-09 03:00:00,0.0026153333333333,0.4962333864280636,6.3271752194379305,0.9146730336833143
2023-05-09 04:00:00,0.3735106666666666,0.5386383603798973,2.1165997579606026,0.97084361147912
2023-05-09 05:00:00,0.440005,0.5390034438780864,1.268957844919291,0.9789273795392143
2023-05-09 06:00:00,0.3268453333333334,0.5162243012406217,2.4274515595882646,1.0214977611093299
2023-05-09 07:00:00,0.5410976666666667,0.3840835129474462,1.6947698694480369,0.8494196227844144
2023-05-09 08:00:00,0.5553023333333335,0.2318184355447166,3.4916009177371756,0.7125208871570289
2023-05-09 09:00:00,0.5684009999999999,0.26961386288891764,3.22503051705787,0.6524707789560377
2023-05-09 10:00:00,0.4475423333333333,0.3275300229905095,1.2953816118741843,0.757914771198182
2023-05-09 11:00:00,0.3980293333333333,0.39359608667220264,0.047851309497556546,0.887477517264086
2023-05-09 12:00:00,0.4739916666666666,0.3242530171831586,1.6162399721638934,0.757914771198182
2023-05-09 13:00:00,0.598153,0.32733451500867367,2.923144172554178,0.8321877992210339
2023-05-09 14:00:00,0.4899316666666666,0.39847445849817603,0.9871652782651076,0.8929732312912931
2023-05-09 15:00:00,0.4062613333333333,0.3980968268241894,0.08812555621802935,0.9456962484450514
2023-05-09 16:00:00,0.423404,0.3980968268241894,0.2731590341592061,0.9534556457678672
2023-05-09 17:00:00,0.391857,0.3988137982394469,0.08917194407962734,0.9534556457678672
2023-05-09 18:00:00,0.5303786666666667,0.43843157007330635,0.992453006295953,1.3665400591133694
2023-05-09 19:00:00,0.6812666666666667,0.9576248682355917,3.5423476789244726,1.2645795991268654
2023-05-09 20:00:00,1.0464113333333331,0.5891283155944791,4.935793760732881,1.4298052717778746
2023-05-09 21:00:00,0.7516499999999999,0.27001002670879615,5.198696393417989,0.7798065414322525
2023-05-09 22:00:00,1.0901523333333334,0.25216495176765336,9.045017481639427,0.7995216381336222
2023-05-09 23:00:00,1.62434,0.406343472792878,13.146737198573259,0.8726967758439217
2023-05-10 00:00:00,0.4448026666666667,0.3100951848579313,1.4539974642471845,0.7408220156959745
2023-05-10 01:00:00,7.83333333333337e-05,0.3487377428449647,4.469101488600735,0.731462848131406
2023-05-10 02:00:00,0.02316,0.4654490575507486,5.669242336699149,0.7016121858828239
2023-05-10 03:00:00,0.283902,0.5732019979669334,3.708235074960969,0.9876542410980136
2023-05-10 04:00:00,1.055202,0.5905940955621932,5.014856679459972,0.981725562504459
2023-05-10 05:00:00,1.3995543333333336,0.5915751673559346,8.721116620409653,0.9734628716388155
2023-05-10 06:00:00,1.2842489999999998,0.6817034073630104,6.503720149942608,1.1164595935251933
2023-05-10 07:00:00,0.92737,0.6830852426586811,2.6367460289461335,1.1147049739714545
2023-05-10 08:00:00,0.7372653333333333,0.5545960119510611,1.971685065441958,0.8848644200039271
2023-05-10 09:00:00,0.2884503333333333,0.4692334790981016,2.3172706767986897,0.7151649602786493
2023-05-10 10:00:00,0.4249873333333333,0.44998413894522765,0.3204079916467982,0.6067476016118499
2023-05-10 11:00:00,0.7188903333333334,0.2911134774066125,4.617311937166295,0.5271901000290201
2023-05-10 12:00:00,0.64322,0.4945172980517664,1.6050582243562934,0.7795763989836239
2023-05-10 13:00:00,0.5270086666666667,0.4556157624953912,0.7705964081316924,0.6356690298711075
2023-05-10 14:00:00,0.3190989999999999,0.29138866986658346,0.299098084281961,0.5271901000290201
2023-05-10 15:00:00,0.8101463333333332,0.47053128719757475,3.665716330461178,0.7234629847485071
2023-05-10 16:00:00,0.4780473333333334,0.4620674233430278,0.17248298530138398,0.7026875181882815
2023-05-10 17:00:00,0.3635053333333333,0.17868273701065832,1.994926954171034,0.6332733454533592
2023-05-10 18:00:00,0.2317216666666666,0.1952518947202,0.3936452171760286,0.7178206425363841
2023-05-10 19:00:00,0.033671,0.2120622574057895,2.286611553499388,0.7381903225748505
2023-05-10 20:00:00,0.0014656666666666,0.20497128315728358,2.608526340564705,0.7430019392415173
2023-05-10 21:00:00,0.0,0.21867800246816999,2.803005339002993,0.7494733197173534
2023-05-10 22:00:00,0.0,0.2309294464132844,2.9600438266471722,0.7494733197173534
2023-05-10 23:00:00,0.0,0.3242839763210255,4.156658222233675,0.7494733197173534
2023-05-11 00:00:00,0.0,0.19958882921527316,2.5583211277832967,0.6724745537068999
2023-05-11 01:00:00,0.0,0.20221540224793133,2.591988429252697,0.6623138745560035
2023-05-11 02:00:00,0.025522,0.17239892528907041,1.8826621841926385,0.70049887185016
2023-05-11 03:00:00,0.2997979999999999,0.1811976245606572,1.2801415543675156,0.697660325905948
2023-05-11 04:00:00,0.42826,0.3076501467860667,1.3018313339512824,0.6813344679999548
2023-05-11 05:00:00,0.4666589999999999,0.3083411727710436,1.7088413816752002,0.7910152716126919
2023-05-11 06:00:00,0.3298636666666666,0.3062298567408328,0.2550971871885584,0.7755659229676581
2023-05-11 07:00:00,0.2475003333333333,0.2691304282859873,0.2772536375452575,0.7850908101584466
2023-05-11 08:00:00,0.1752116666666667,0.2684394023010105,1.1949891519804865,0.6253976198907583
2023-05-11 09:00:00,0.0,0.18060225489332787,2.3149520252987603,0.6167104312626224
2023-05-11 10:00:00,0.0,0.16246289861996047,2.082442527743207,0.61934600079684
2023-05-11 11:00:00,0.0,0.1557983738433502,1.99701693248483,0.61934600079684
2023-05-11 12:00:00,0.0,0.15712414276794237,2.014010582197983,0.6448450434921841
2023-05-11 13:00:00,0.0388116666666666,0.1554294074486736,1.494801243586502,0.6448450434921841
2023-05-11 14:00:00,0.1379413333333333,0.15834600436966503,0.2615462058821513,0.6542729576004402
2023-05-11 15:00:00,0.2705896666666667,0.17133068190419487,1.0713756222783541,0.6542729576004402
2023-05-11 16:00:00,0.128164,0.1706334454841611,0.5443715467170844,0.6595500537882362
2023-05-11 17:00:00,0.077231,0.1594629795385631,1.0540460178061464,0.6829619661297794
2023-05-11 18:00:00,0.0353723333333333,0.14705953478592593,1.4316018000735482,0.6852933048902455
2023-05-11 19:00:00,0.0333036666666666,0.1579725844688275,1.5980008883520267,0.6794651014176866
2023-05-11 20:00:00,0.3075246666666666,0.1935297460577532,1.2304314747547374,0.6709197282869307
2023-05-11 21:00:00,1.158678,0.1935297460577532,10.41755880974106,0.6779876415088502
2023-05-11 22:00:00,1.455199,0.5504639255110123,9.76547468974489,0.8403208058681054
2023-05-11 23:00:00,1.873105333333333,0.4915754669052542,14.911873457929321,0.7169439386476201
2023-05-12 00:00:00,0.9706013333333334,0.44861353241826885,5.63420033325314,0.8559241161395894
2023-05-12 01:00:00,0.5530809999999999,0.4287614196650113,1.3418731620267423,0.8422284934922597
2023-05-12 02:00:00,0.5583629999999999,0.4287614196650113,1.3988856939442949,0.8422284934922597
2023-05-12 03:00:00,0.7642846666666668,0.5429202383122385,2.389349969134339,1.0153627163150982
2023-05-12 04:00:00,0.7308013333333333,0.6260362242622243,1.130807293593801,1.0387460698719768
2023-05-12 05:00:00,0.545838,0.6383218058593503,1.1854534917512245,1.079449381427002
2023-05-12 06:00:00,1.120844333333333,1.0613093648311063,0.6426049397848697,1.283570921025149
2023-05-12 07:00:00,1.3133923333333335,0.5205903435828383,8.557298134219826,0.8615925305949498
2023-05-12 08:00:00,1.5982003333333334,0.42385218072614744,12.67560801454673,0.641411050676086
2023-05-12 09:00:00,1.7701273333333332,0.41780634956934143,14.596600388038693,0.8080071914005431
2023-05-12 10:00:00,1.516323,0.4252456980970515,11.776804146016428,0.7954105847977504
2023-05-12 11:00:00,1.5445816666666667,0.40690654090844924,12.27976891690567,0.6686833098067022
2023-05-12 12:00:00,1.0109096666666668,0.9057360051080062,1.1352171027071158,1.0497528408724233
2023-05-12 13:00:00,0.8206446666666667,1.0431039826129072,2.8514740544103336,1.1240140709284214
2023-05-12 14:00:00,0.7885833333333334,0.5645354039470727,2.4183149801582173,0.8783076455342538
2023-05-12 15:00:00,0.9369526666666668,0.3577045467983943,6.252253298404406,0.5094934611973673
2023-05-12 16:00:00,1.369657,0.10342842477848267,13.667341359283148,0.5326080646788163
2023-05-12 17:00:00,1.0237456666666669,0.10342842477848267,9.933664545138933,0.5401195409513211
2023-05-12 18:00:00,0.1010023333333333,0.17980021692597925,1.010027921964726,0.6441577597120685
2023-05-12 19:00:00,0.0,0.7818968297609429,10.02232032318133,1.1407049660441506
2023-05-12 20:00:00,0.00835,0.9621645166922899,12.225953925549508,1.190572030637334
2023-05-12 21:00:00,0.031609,0.777883005576419,9.565708477213333,1.0295071842778123
2023-05-12 22:00:00,0.1320176666666666,0.5528981067171983,5.394827587723584,1.0622434864129136
2023-05-12 23:00:00,0.3513083333333334,0.6064959652102724,3.2709842166347105,1.0353296953197615
2023-05-13 00:00:00,1.0064116666666667,0.6552765892142354,3.7900605472603104,0.904598209617303
2023-05-13 01:00:00,0.7574926666666669,0.8496560075229569,1.1813457849658915,1.0141129606685235
2023-05-13 02:00:00,0.616842,1.0570459007828745,5.642514885894581,1.283233511390874
2023-05-13 03:00:00,1.2625383333333335,0.7781765337008792,5.228075077847103,1.0141129606685235
2023-05-13 04:00:00,1.3067176666666669,0.7457522955954461,6.054914070965463,0.9202074423292105
2023-05-13 05:00:00,2.023616,0.6053296741239242,15.308613105308185,0.9245370274115619
2023-05-13 06:00:00,2.209928666666667,0.5873741240270304,17.513431020486905,0.88981334793519
2023-05-13 07:00:00,1.7572933333333334,0.2535770804930975,16.230721480499085,0.727321144300397
2023-05-13 08:00:00,0.1882253333333333,0.3128804125632744,1.597823506121631,0.6490620285676317
2023-05-13 09:00:00,0.0402986666666666,0.4927898446957867,5.800012683269283,0.5353063614457065
2023-05-13 10:00:00,0.4944093333333332,0.831739085566775,4.3238784232653815,0.8855883177228354
2023-05-13 11:00:00,0.6858633333333333,0.929233978691901,3.1195145858164843,1.1338495672231301
2023-05-13 12:00:00,0.6683920000000001,0.6176023266888364,0.5482105018430096,0.7760735666716148
2023-05-13 13:00:00,0.3774836666666667,0.5328846695709449,1.9919234486811923,0.7166884367148227
2023-05-13 14:00:00,1.0751823333333337,0.48121857627012726,6.41109005252468,0.6509579976113833
2023-05-13 15:00:00,1.3677343333333336,0.4851545167336365,9.526336608041978,0.6300986963893271
2023-05-13 16:00:00,0.528296,0.4977946956165838,0.329223133223494,0.6300986963893271
2023-05-13 17:00:00,0.3622383333333333,0.2889715398750862,0.7908226809040185,0.5886043256636033
2023-05-13 18:00:00,0.4936966666666665,0.4841779850832646,0.1027421691758272,0.7339250443208672
2023-05-13 19:00:00,0.2987816666666666,0.5282563352300639,2.941396546014131,0.8274554507678759
2023-05-13 20:00:00,0.454501,0.5402348169683819,1.0989324211083327,0.8522100535492599
2023-05-13 21:00:00,0.2480576666666666,0.5361928395933617,3.6933043971152744,0.8317425958687635
2023-05-13 22:00:00,0.6196600000000001,0.5402348169683819,0.8572947335569042,0.8526018970908196
2023-05-13 23:00:00,0.023628,0.5453351656845447,6.687220270464799,0.8469810701180198
2023-05-14 00:00:00,0.3285533333333333,0.5207528302314689,2.4636049802841042,0.8904301706245306
2023-05-14 01:00:00,0.454806,0.5256551239085241,0.9081410582584034,0.9304968194496606
2023-05-14 02:00:00,0.5665209999999998,0.5247088772196618,0.4513091602716097,0.9134549549819718
2023-05-14 03:00:00,0.616927,0.648487312177589,0.40453873977223526,1.020230208191526
2023-05-14 04:00:00,0.9316743333333334,0.6007622967621555,3.5717783125551925,0.9318896873881378
2023-05-14 05:00:00,1.702840666666667,0.6055655348225191,11.843701907724526,1.0506757435361056
2023-05-14 06:00:00,1.7867533333333332,0.39293031012491797,15.04456258956628,0.7615563137600754
2023-05-14 07:00:00,1.655213,0.4056440261395525,13.487521962400965,0.7453817599492195
2023-05-14 08:00:00,0.6639356666666667,0.5693040835517152,1.0214286544395452,0.6899792918160119
2023-05-14 09:00:00,0.2108656666666667,0.494383771245676,3.6341230113195593,0.7229419339891423
2023-05-14 10:00:00,0.1686823333333333,0.2754176863253181,1.3681292170228694,0.5281921974046705
2023-05-14 11:00:00,0.1564386666666666,0.08133783684550164,0.8106187915967122,0.5433683302629522
2023-05-14 12:00:00,0.3163963333333333,0.07797361926988,2.57347266100191,0.49848635074036507
2023-05-14 13:00:00,0.1566366666666666,0.1593418353863637,0.03467473764453561,0.5118729031310937
2023-05-14 14:00:00,0.0660159999999999,0.25875990248914305,2.4705831480053835,0.5247006767363811
2023-05-14 15:00:00,0.0819096666666666,0.15811088237346518,0.9767439433957923,0.5118729031310937
2023-05-14 16:00:00,0.0291109999999999,0.2638467519767327,3.008832889542402,0.5247006767363811
2023-05-14 17:00:00,0.1232426666666667,0.2799627703589957,2.00883162650364,0.5247006767363811
2023-05-14 18:00:00,0.8567333333333335,0.5231724841044939,3.6003689063053925,0.8807651650828074
2023-05-14 19:00:00,0.0713493333333333,0.5234065745320056,5.794450499424511,0.9411070054282752
2023-05-14 20:00:00,0.2580343333333333,0.5234065745320056,3.4015301059435052,0.8862256398612379
2023-05-14 21:00:00,0.9122716666666668,0.5234065745320056,4.197308496203958,0.9308852592764476
2023-05-14 22:00:00,0.2698123333333334,0.280321772405915,0.1347095432457169,0.6404846783003566
2023-05-14 23:00:00,0.3250083333333334,0.1720139590251794,1.651381417729947,0.6429706130016354
2023-05-15 00:00:00,0.0087583333333333,0.24230417516386313,2.993580671874892,0.7207174638110263
2023-05-15 01:00:00,0.0,0.08253736779443113,1.0579604714869253,0.7155308281236182
2023-05-15 02:00:00,0.0,0.11977363021591472,1.535253300184349,0.7263973081101578
2023-05-15 03:00:00,0.0,0.10897702280292342,1.3968628453596168,0.7108980765169115
2023-05-15 04:00:00,0.0133233333333333,0.3116142737428008,3.8234805929584184,0.7731136454465299
2023-05-15 05:00:00,0.0380046666666666,0.3404858579984126,3.8771910511405046,0.918594077495514
2023-05-15 06:00:00,0.0404733333333333,0.2818624593909246,3.094115555656681,0.9146333415447827
2023-05-15 07:00:00,0.008429,0.2672610600652745,3.317698342217618,0.910988952244867
2023-05-15 08:00:00,0.0,0.18324279008112115,2.3487982930791107,0.6535101560491623
2023-05-15 09:00:00,0.0,0.05611070473704788,0.719224627891224,0.5907918353517495
2023-05-15 10:00:00,0.0,0.043985341685016374,0.5638022397745179,0.5786206470688935
2023-05-15 11:00:00,0.1511486666666666,0.19898733462396906,0.6131940121166425,0.5377220489063489
2023-05-15 12:00:00,0.2562273333333333,0.6270326297891009,4.752966525965003,0.7635728273515203
2023-05-15 13:00:00,0.3016016666666666,0.5956710072257309,3.769368305548362,0.5963857442258047
2023-05-15 14:00:00,0.2031473333333333,0.04423080071523826,1.7153036516690443,0.5699516634281275
2023-05-15 15:00:00,0.24834,0.13985905436105753,1.170915065446132,0.5529227102651864
2023-05-15 16:00:00,0.0657596666666666,0.24670611828802702,2.3193639243258835,0.5489165828033807
2023-05-15 17:00:00,0.9212026666666668,0.2287198768021132,7.474478826109156,0.5777519792305611
2023-05-15 18:00:00,0.4373133333333333,0.5887583530980469,1.9412158249785323,0.5962706634822258
2023-05-15 19:00:00,1.0278486666666664,0.6366516778031653,4.2224783819823415,0.8045203204759905
2023-05-15 20:00:00,0.9381346666666668,0.7616629294024478,1.9047899570848532,0.9398011882031376
2023-05-15 21:00:00,0.6940360000000001,0.656667413716622,0.4033467849668506,0.9272910393540644
2023-05-15 22:00:00,0.20268,0.6426723381400308,5.639803084932749,0.893974755797624
2023-05-15 23:00:00,0.667461,0.6043355695097498,0.6813594510856915,0.7396835151280794
2023-05-16 00:00:00,0.0293433333333333,0.4658848069049462,5.5955700496009975,0.9000276212526466
2023-05-16 01:00:00,0.0617,0.5092081921678251,5.736140982340337,1.070399240810504
2023-05-16 02:00:00,0.6653070000000001,0.47371593463556627,2.067984045665968,0.8903580083591134
2023-05-16 03:00:00,0.207981,0.1577717591380321,0.5419454652023891,0.7515209832938509
2023-05-16 04:00:00,0.0466196666666666,0.19879144360093307,1.9505313674813125,0.8099555635272752
2023-05-16 05:00:00,0.0,0.320992538737019,4.114468715210405,0.9768826373113576
2023-05-16 06:00:00,0.0,0.3865643889744058,4.95496590390433,0.9768826373113576
2023-05-16 07:00:00,0.0,0.6557744039365321,8.405688430792932,1.1918225970112566
2023-05-16 08:00:00,0.0341319999999999,0.7078597113042568,8.635813161385435,1.1337891323695575
2023-05-16 09:00:00,0.262912,0.5899894280050559,4.192464567161871,1.0977677706605395
2023-05-16 10:00:00,0.720899,0.6649161241533184,0.6042645770627235,1.0863018444847208
2023-05-16 11:00:00,0.6003543333333333,0.7137357305401303,1.4533179292257805,1.2290673661578795
2023-05-16 12:00:00,0.462365,0.703150751137071,3.0863815215766643,1.1903951417123328
2023-05-16 13:00:00,0.817843,0.6521559929755281,1.7883823885472219,1.1604650092459539
2023-05-16 14:00:00,0.7456536666666667,0.6017361025859987,1.5534086928522275,1.1876743757459993
2023-05-16 15:00:00,0.6499640000000001,0.6531025099006278,0.04022928647911753,1.2806919686445049
2023-05-16 16:00:00,0.8016553333333333,0.867644626272274,0.8458479514957465,1.4792703158433749
2023-05-16 17:00:00,0.567985,0.6495274452008348,1.045207595979244,1.2742725685715037
2023-05-16 18:00:00,0.942751,0.5849836945205631,3.8616470887359142,1.2162026371209642
2023-05-16 19:00:00,1.4757563333333334,0.4573239834508379,10.992693459587965,0.9154236544489097
2023-05-16 20:00:00,1.130506666666667,0.21086000522906834,9.926426474456939,0.7808935739220653
2023-05-16 21:00:00,0.4936173333333333,0.5858536953783261,1.1822817674583428,1.1599714979384543
2023-05-16 22:00:00,0.639841,0.6346733017651378,0.05577878844289269,1.2411049090826358
2023-05-16 23:00:00,0.8346396666666666,0.5868913268839155,2.674131035476088,1.0705984974120626
2023-05-17 00:00:00,1.0474260000000002,0.6498694686807593,4.291121626442563,0.9466538177131532
2023-05-17 01:00:00,0.962312,0.693148012219045,2.9052859606999935,1.0705332800189193
2023-05-17 02:00:00,1.0051323333333333,0.693148012219045,3.3674774830186034,1.0934535665572884
2023-05-17 03:00:00,0.7026583333333333,0.6648099069699169,0.4085260537814093,0.9221705959295051
2023-05-17 04:00:00,0.412329,0.4585535569521294,0.5925044058728589,0.9141224729721885
2023-05-17 05:00:00,0.5372756666666666,0.4387598189278653,1.063354394849136,1.1360153655017555
2023-05-17 06:00:00,0.281336,0.25324768109069723,0.30317799665411055,1.001112147966614
2023-05-17 07:00:00,0.218911,0.36299721709681754,1.8468910052254133,1.139697218998145
2023-05-17 08:00:00,0.141036,0.725255679906198,7.48850302017027,0.9633598963666825
2023-05-17 09:00:00,0.005427,0.4039199901686454,5.1078662068927745,0.9506090349667673
2023-05-17 10:00:00,0.0,0.4086616914429527,5.23820818752596,0.9079532517962532
2023-05-17 11:00:00,0.001671,0.6152614357234416,7.864976119599967,0.9148664739103036
2023-05-17 12:00:00,0.0716686666666666,0.2554380957356214,2.3555487292362165,0.9194210918024058
2023-05-17 13:00:00,0.0434256666666666,0.2807994250047503,3.042646742932922,0.825359604373273
2023-05-17 14:00:00,0.0560306666666666,0.38259226525838597,4.185852687671122,0.8384941799773783
2023-05-17 15:00:00,0.1321779999999999,0.6564458582240033,6.720043118573138,0.8948367477049257
2023-05-17 16:00:00,0.1223573333333333,0.6564458582240033,6.8459240064015425,0.8998894750322336
2023-05-17 17:00:00,0.1674323333333333,0.4133628214520205,3.15232654148938,0.8780633789342684
2023-05-17 18:00:00,0.3238836666666667,0.7025403661268628,4.853605475889929,1.0753600947274298
2023-05-17 19:00:00,0.5659606666666666,1.3346012984569708,9.85240294115298,1.4820144606676835
2023-05-17 20:00:00,0.4384846666666666,1.2632877316790299,10.572290622565948,1.3447825695512459
2023-05-17 21:00:00,1.101833,1.020254795641712,0.880533884845419,1.271010541904592
2023-05-17 22:00:00,1.886312,1.1410649979537832,8.04400198610756,1.2657359369688002
2023-05-17 23:00:00,1.7141096666666664,1.1333809639655057,6.268234323776731,1.2657359369688002
2023-05-18 00:00:00,2.276086,0.9993952911517074,13.780266904024197,1.3097900667764897
2023-05-18 01:00:00,2.4900506666666664,0.9993952911517074,16.089745773308895,1.2849213751711943
2023-05-18 02:00:00,2.495478666666666,1.0287639721802893,15.831336299384251,1.2849213751711943
2023-05-18 03:00:00,2.431112,1.1772371775964616,13.533998169802542,1.4618264632880167
2023-05-18 04:00:00,2.397024333333333,1.2163476665443922,12.743916347901138,1.4612875524211424
2023-05-18 05:00:00,2.5207726666666663,1.1182882793459936,15.138051097309486,1.4193570653715017
2023-05-18 06:00:00,2.5218336666666663,0.6338792471084269,20.378088149176097,1.0190283860291744
2023-05-18 07:00:00,2.1673473333333333,0.5760596287703836,17.175944916017375,0.8302392827548685
2023-05-18 08:00:00,1.16114,0.47557786761792337,7.399779052233699,0.702343576698665
2023-05-18 09:00:00,0.5992293333333333,0.6025308045453818,0.04231811764095287,0.7304977880738321
2023-05-18 10:00:00,0.6907376666666666,0.6094549864273084,0.877344074496518,0.8374545636378506
2023-05-18 11:00:00,0.5670236666666666,0.6094549864273084,0.5438828528138494,0.8374545636378506
2023-05-18 12:00:00,0.5842683333333333,0.49522916590163224,0.9610655765074106,0.5860375723649244
2023-05-18 13:00:00,0.4868286666666666,0.5804326204965732,1.1998115008170878,0.7139985544077487
2023-05-18 14:00:00,0.5735623333333333,0.5891838979179054,0.20023655072717783,0.7250801232606965
2023-05-18 15:00:00,0.4571133333333332,0.594271128920369,1.7580827928602576,0.8284643654159436
2023-05-18 16:00:00,0.3982523333333334,0.7144485509540845,4.05298967504756,0.8773433761146031
2023-05-18 17:00:00,0.6535866666666666,0.776899977787249,1.5806247795383106,1.030523877912601
2023-05-18 18:00:00,1.059604,1.2016559237082338,1.8208155190542397,1.4803095837373261
2023-05-18 19:00:00,0.9403716666666668,1.213468020212232,3.500537449631636,1.4899113437143783
2023-05-18 20:00:00,1.6571566666666668,1.111549173196381,5.889145141221206,1.3733163460242808
2023-05-18 21:00:00,1.1944496666666666,1.034050624666306,1.731305471713439,1.3623810031589765
2023-05-18 22:00:00,1.198269,0.8400371736992275,3.866661005463057,1.1552149200531054
2023-05-18 23:00:00,1.063753,1.0096116740304453,0.5843873674551007,1.3283887448315617
2023-05-19 00:00:00,1.298108666666667,0.9087331007793807,4.202818416899643,0.9797118062794967
2023-05-19 01:00:00,1.3885213333333333,0.9879220801070265,4.323963974008415,0.9566961195202266
2023-05-19 02:00:00,1.6154646666666668,1.1622285852669207,4.892112184208515,1.2160478700707276
2023-05-19 03:00:00,2.0733986666666664,1.098638953548884,10.52130239607568,1.1323116077837672
2023-05-19 04:00:00,1.8999786666666665,1.0148422118303282,9.55393229510524,1.0045014259059633
2023-05-19 05:00:00,1.6739783333333331,0.9348331207949344,7.978140859816636,1.1340767610430733
2023-05-19 06:00:00,1.631107,0.7743738657554896,9.247354252355134,1.055390020626205
2023-05-19 07:00:00,1.8922143333333328,0.586511309018209,14.093418278797923,0.8879239668802729
2023-05-19 08:00:00,0.9382153333333334,0.7561525661505667,1.965138077433811,0.8550906931099684
2023-05-19 09:00:00,0.6457166666666667,0.8053629525026578,2.046339304820638,0.7238551095821626
2023-05-19 10:00:00,0.5345773333333332,0.8855099915993552,4.498239894492137,0.7956213019049942
2023-05-19 11:00:00,0.375359,0.8612021408442736,6.227516724745572,0.8213175385701369
2023-05-19 12:00:00,0.2338293333333332,0.6156200940375084,4.89377773967725,0.673299595310733
2023-05-19 13:00:00,0.3596476666666667,0.7868875562834703,5.476342741905473,0.8181003672546516
2023-05-19 14:00:00,0.477668,0.9829465005455276,6.476638339142923,1.054436431045883
2023-05-19 15:00:00,0.6123056666666666,0.8139294556781312,2.5844051559388554,0.834882642989442
2023-05-19 16:00:00,1.0315903333333332,0.8200964343275206,2.2828100468452264,0.8521590938216927
2023-05-19 17:00:00,1.039288,1.0529742393754578,0.17542963447301943,1.2370137273335653
2023-05-19 18:00:00,0.9927136666666668,0.9791099136919824,0.14683536551830612,0.8976756920819005
2023-05-19 19:00:00,1.030396,1.0870197386114495,0.7258006742827501,1.4528723882126215
2023-05-19 20:00:00,1.5777783333333335,1.1635917490832293,4.470622085267144,1.5278065491421977
2023-05-19 21:00:00,1.857650333333333,1.2095216462310254,6.995732196157063,1.532610670278976
2023-05-19 22:00:00,2.1856953333333338,1.2165816941185505,10.460360145298777,1.532610670278976
2023-05-19 23:00:00,2.3924646666666667,1.2566395549381717,12.25980034744004,1.532610670278976
2023-05-20 00:00:00,2.1947226666666664,1.4997355160190544,7.501510243957921,2.1739763420688787
2023-05-20 01:00:00,2.139270666666667,1.4923660729656094,6.982519650888448,2.125658220582983
2023-05-20 02:00:00,1.7238783333333332,1.4962887908403117,2.456542229360947,2.1247328426695655
2023-05-20 03:00:00,1.7395770000000002,1.5190836458978252,2.379947820590387,2.1247328426695655
2023-05-20 04:00:00,1.799898,1.5412448273848558,2.7918349601092554,2.1125717810261455
2023-05-20 05:00:00,2.0182206666666667,1.5356224117301596,5.209039835842991,2.048607726085618
2023-05-20 06:00:00,2.072176,1.348986033955924,7.80592408586548,1.7346696702930409
2023-05-20 07:00:00,2.161312333333334,1.466983531907863,7.494404193969241,1.915340971365791
2023-05-20 08:00:00,2.004822666666667,1.3950287049661818,6.5819571572471816,1.8526315076575863
2023-05-20 09:00:00,1.541512,1.183123344065465,3.8683537836721635,1.6219470395295177
2023-05-20 10:00:00,1.3662166666666664,0.6450840496089117,7.783717596893846,1.0778633008350993
2023-05-20 11:00:00,1.3475503333333334,0.6200006327348263,7.8529819248349195,0.9431616427167402
2023-05-20 12:00:00,0.4910229999999999,0.619287913737468,1.644094211374613,0.9901603961556924
2023-05-20 13:00:00,0.0,0.6877728437868345,8.815843072447933,1.0778633008350993
2023-05-20 14:00:00,1.134859,1.0265180187720853,1.1694043260574465,1.6648747957540948
2023-05-20 15:00:00,1.3254043333333332,0.9166863014853953,4.411595955321798,1.3953470625897553
2023-05-20 16:00:00,1.362018,0.81769951960238,5.875231869932394,1.4042316119844542
2023-05-20 17:00:00,1.5816766666666664,1.1295771464066653,4.879844439366418,2.115115015499028
2023-05-20 18:00:00,1.93645,1.1699338111457087,8.273576047401717,2.0633941610153177
2023-05-20 19:00:00,1.8046906666666664,1.2298361651057474,6.204829727033423,1.9890273412744417
2023-05-20 20:00:00,2.186703333333333,1.2753368535750889,9.8370523505877,1.7739521427171376
2023-05-20 21:00:00,2.3526260000000003,1.3004004520880899,11.357448435212383,1.876096461831855
2023-05-20 22:00:00,2.465124666666666,1.3323334086734986,12.22705372060957,1.8961465473211225
2023-05-20 23:00:00,2.402632666666667,1.3419148373129175,11.449111908661015,1.8945835317527453
2023-05-21 00:00:00,2.211250666666667,1.6383982877911116,6.1832193363666015,1.7578560798943599
2023-05-21 01:00:00,1.899202,1.7053295742880443,2.092608454910294,1.7504152074179389
2023-05-21 02:00:00,1.7517613333333335,1.0911046524274548,7.130956097442372,1.222876522757966
2023-05-21 03:00:00,2.016484666666667,1.1759512786849728,9.072498411600671,1.227556422751512
2023-05-21 04:00:00,1.9240650000000008,1.6307061297013608,3.166439219272684,1.3164209477271291
2023-05-21 05:00:00,1.975639,1.2437260734092517,7.900077449474477,1.395586633818367
2023-05-21 06:00:00,1.926852,1.1462351678414473,8.42577471768612,1.3010862933732215
2023-05-21 07:00:00,1.4686620000000006,0.7989250756069785,7.22896588003039,1.2434620024699052
2023-05-21 08:00:00,0.6574586666666666,0.7850220681952911,1.6351022577049659,1.0114405279859284
2023-05-21 09:00:00,0.4455753333333332,0.7071506731594804,3.3528615855677324,1.061503997608367
2023-05-21 10:00:00,0.6729843333333333,0.696698253957123,0.3039640264084222,1.0272496987156152
2023-05-21 11:00:00,1.179057,0.6533127026025789,5.67474697762999,1.0137432500415606
2023-05-21 12:00:00,0.4426116666666667,0.8939591970617894,5.785353456516471,1.0445915467400007
2023-05-21 13:00:00,0.0,0.8869469859448246,11.368848759160521,1.0468949678436104
2023-05-21 14:00:00,0.0,1.096939446076403,14.060523185740596,1.1370724284210072
2023-05-21 15:00:00,0.0,1.6011085530150655,20.52294136479425,1.6270484162762346
2023-05-21 16:00:00,0.4414296666666666,0.8178454219118736,4.824881148211215,1.0143584140094624
2023-05-21 17:00:00,0.6258463333333333,0.6680951745886035,0.5415438510896841,1.0760146942694115
2023-05-21 18:00:00,0.5284073333333333,1.5300903098389105,12.839529808409624,1.6024373282726994
2023-05-21 19:00:00,0.4320533333333333,1.405139777080225,12.472980667230066,1.1780310105685219
2023-05-21 20:00:00,0.653457,1.3119379298977536,8.440380565501627,1.1924672739966515
2023-05-21 21:00:00,0.8087866666666668,1.6036921734696479,10.189064992469712,1.595732533275338
2023-05-21 22:00:00,1.1924483333333336,1.6219972193223835,5.5059393592428165,1.6229106975994356
2023-05-21 23:00:00,1.655826,1.6183747829105963,0.40423868035986554,1.661995236927591
2023-05-22 00:00:00,1.3968666666666667,0.7124888383667506,7.386995982509301,1.1629138373142553
2023-05-22 01:00:00,0.7862739999999999,0.7881642028511304,0.02422853978780369,1.1781448526516765
2023-05-22 02:00:00,0.9272853333333332,0.6513618811689815,2.978245858258487,0.9880109131047684
2023-05-22 03:00:00,0.1857069999999999,0.5207822864297051,4.294980776436945,0.9035030258234028
2023-05-22 04:00:00,0.1196776666666666,0.8780512381986214,9.720800199243866,1.085579543011234
2023-05-22 05:00:00,0.1828096666666666,0.8583235868476948,8.65870871083099,1.3206724804474
2023-05-22 06:00:00,0.2562773333333334,0.7706297215989222,6.59294704618147,1.19546760373889
2023-05-22 07:00:00,0.1952316666666667,0.36441079450716796,2.1685308683657802,0.9133381531050946
2023-05-22 08:00:00,0.1720863333333333,0.32643115085520974,1.97838530935106,0.590039261321718
2023-05-22 09:00:00,0.0,0.21925487167823005,2.810399624013165,0.6174488262958723
2023-05-22 10:00:00,0.010317,0.1989567056284618,2.417975727126443,0.6285515555048924
2023-05-22 11:00:00,0.0,0.23628689202763264,3.0287153367713886,0.7100380212253544
2023-05-22 12:00:00,0.0,0.3216390466407235,4.12275562603517,0.6516163015293471
2023-05-22 13:00:00,0.0,0.18669129366729065,2.3930010654407754,0.6516163015293471
2023-05-22 14:00:00,0.0,0.18510250179705973,2.3726359987922905,0.6516163015293471
2023-05-22 15:00:00,0.0078773333333333,0.1935530041444532,2.3799828548474427,0.6516163015293471
2023-05-22 16:00:00,0.0,0.5253444246899944,6.73384250176626,0.8153852102244029
2023-05-22 17:00:00,0.0,0.7372558879888275,9.450114629361831,1.04408937157864
2023-05-22 18:00:00,0.0834263333333333,0.6347899082307362,7.0673548629755345,0.988757057454326
2023-05-22 19:00:00,0.1309703333333333,0.6024782222444465,6.043768074899319,0.7818544621258957
2023-05-22 20:00:00,0.588053,0.4729175845116942,1.2427416793577601,0.7472606554894297
2023-05-22 21:00:00,0.8486036666666668,0.42862996722433466,4.533086698975482,0.7691839626739376
2023-05-22 22:00:00,0.6811433333333333,0.6536176871218163,0.2971046541433862,0.8962743817354695
2023-05-22 23:00:00,0.267677,0.6416767740897338,4.7939132044707025,0.8962743817354695
2023-05-23 00:00:00,0.5946473333333332,0.49301251123786427,1.0970197914904727,0.9103210501733296
2023-05-23 01:00:00,0.060008,0.13398245827511657,0.9482014613023874,0.5226090792412553
2023-05-23 02:00:00,0.0,0.1754221794478865,2.2485540384590736,0.4722158654113786
2023-05-23 03:00:00,0.183598,0.2241497684404824,0.5197908438972052,0.5708364164637906
2023-05-23 04:00:00,0.5482366666666666,0.29163451064133794,2.7696968213757662,0.6340197188174655
2023-05-23 05:00:00,0.6540013333333332,0.3200645154059312,3.604427014489185,0.8254484446211993
2023-05-23 06:00:00,0.470257,0.48071501219112656,0.13405035566553158,0.9784419629093856
2023-05-23 07:00:00,0.8423853333333332,0.6427715479585765,2.154579195354366,1.193036700390109
2023-05-23 08:00:00,1.154177,0.7484895644102676,4.378884488850735,0.9306265914684742
2023-05-23 09:00:00,1.421426,0.6618202595445898,8.198986467714894,0.9262350525947196
2023-05-23 10:00:00,0.7362963333333332,0.5055508064147345,2.4906071030441206,0.7686097124640382
2023-05-23 11:00:00,0.6004516666666667,0.9627608160976562,4.6440632745971655,1.1447265145012366
2023-05-23 12:00:00,0.6780750000000001,1.173077076155544,6.344915568192619,1.744169346604472
2023-05-23 13:00:00,0.5112133333333333,0.6051302907352456,1.2038235672963702,0.9030747215425436
2023-05-23 14:00:00,0.7827703333333332,1.0127309410865,2.9476252938899163,1.2638991522917404
2023-05-23 15:00:00,1.2100083333333334,1.2104947012362746,0.00623424310299494,1.943692083983637
2023-05-23 16:00:00,1.3601056666666669,0.8890426855012986,5.084531095961363,1.301095569908878
2023-05-23 17:00:00,0.8271546666666667,0.5530796047779792,2.958294815171134,1.12266778181654
2023-05-23 18:00:00,0.8497439999999998,0.4448441494970936,4.370383500607557,0.9976361485199496
2023-05-23 19:00:00,0.9504746666666666,0.44263674764218075,5.4814701944958095,0.9811182895367532
2023-05-23 20:00:00,0.577928,0.35821902535372135,2.3714814330923253,0.7444895225948874
2023-05-23 21:00:00,0.4533236666666667,0.17437762451261524,3.0108709071531163,0.5738713357553354
2023-05-23 22:00:00,0.3901803333333333,0.17437762451261524,2.3293182174432876,0.5827779576482185
2023-05-23 23:00:00,0.0632123333333333,0.3462994730199739,3.6285989216507404,0.7533961444877705
2023-05-24 00:00:00,0.4138916666666667,0.20221631065627246,2.2847686464789585,0.5425657563931687
2023-05-24 01:00:00,0.765303,0.255789514617756,5.499555821237888,0.6398099073865137
2023-05-24 02:00:00,0.5827853333333334,0.4289359342994392,1.6606103318659862,0.6838184466574952
2023-05-24 03:00:00,0.548069,0.5094813228979213,0.4165053336627168,0.8444452151446507
2023-05-24 04:00:00,0.4733533333333334,0.38666592988847487,0.9356812487220247,0.790236555186354
2023-05-24 05:00:00,0.443839,0.388624550607274,0.5959703821114858,0.9877319728786479
2023-05-24 06:00:00,0.1480273333333333,0.38067353701345974,2.98204914830924,1.0552574631072553
2023-05-24 07:00:00,0.2285203333333333,0.35746901181360136,1.6528586787790063,0.9761978260345504
2023-05-24 08:00:00,0.0393073333333333,0.31336959980395634,3.512918480441276,0.6724223003877914
2023-05-24 09:00:00,0.0523173333333333,0.23286428366645845,2.3142431337972384,0.6936928655639233
2023-05-24 10:00:00,0.1025696666666666,0.16254499105374765,0.7687611582691966,0.5493185946427428
2023-05-24 11:00:00,0.0114803333333333,0.1333856674666838,1.562577390373145,0.5220546789299882
2023-05-24 12:00:00,0.0512,0.14640851463334756,1.220378692981076,0.5220546789299882
2023-05-24 13:00:00,0.0,0.21785151672102937,2.7924114798324426,0.6762832969587623
2023-05-24 14:00:00,0.0121766666666666,0.2678725662423871,3.2774991703897625,0.7370421213628534
2023-05-24 15:00:00,0.0435403333333333,0.23489220095326563,2.4527401042312658,0.6641443512880365
2023-05-24 16:00:00,0.182913,0.6736619786749622,6.2903995454979915,1.1434169313034421
2023-05-24 17:00:00,0.3959406666666665,0.602298958583327,2.6450918129002527,1.131569218401384
2023-05-24 18:00:00,0.3778583333333333,0.5743723115203183,2.518907818023505,1.131569218401384
2023-05-24 19:00:00,0.4408556666666666,0.6808643206277103,3.0764207230109935,1.1434169313034421
2023-05-24 20:00:00,0.4525883333333333,0.9443216824014874,6.303017163349494,1.3832135903060725
2023-05-24 21:00:00,0.842643,1.1617599426048022,4.0904274037246635,1.6768482220094416
2023-05-24 22:00:00,1.4058723333333336,0.7804999063659658,6.750107052789518,1.2861024475725698
2023-05-24 23:00:00,1.585996666666667,0.7811177379180816,8.68765346744492,1.297179755076593
2023-05-25 00:00:00,1.395593,0.8638920843041145,5.73904116370759,1.5624778235771817
2023-05-25 01:00:00,1.343736,0.9581395346970714,4.162027789734682,1.4758340746810703
2023-05-25 02:00:00,1.0185293333333332,1.111874287765259,1.196491657544583,1.6220187215544577
2023-05-25 03:00:00,1.2738216666666666,1.205670659895753,0.7356042121810001,1.7076595265257153
2023-05-25 04:00:00,1.557353666666667,1.4100962280033715,1.5894584289829872,2.000357290798636
2023-05-25 05:00:00,1.7921206666666667,1.3431220266111499,4.846374346289806,1.9595211021498236
2023-05-25 06:00:00,2.0943376666666667,0.3984136490208454,18.305362019268458,1.2627957839645625
2023-05-25 07:00:00,1.8859593333333329,0.28286122815666376,17.30342330336095,0.9673960378997816
2023-05-25 08:00:00,0.5647296666666666,0.27015264234481634,3.179587656442083,0.79624960076216
2023-05-25 09:00:00,0.1650883333333333,0.17203542073295328,0.08904747094756167,0.722047479415963
2023-05-25 10:00:00,0.1352863333333333,0.18022554236532087,0.5760288708763367,0.8410207781514589
2023-05-25 11:00:00,0.2675206666666667,0.21921633471759486,0.5213843746691597,0.8071174750725723
2023-05-25 12:00:00,0.2614643333333333,0.158596271044137,1.1103310648541398,0.7423533404062403
2023-05-25 13:00:00,0.2083826666666667,0.20331542488761334,0.054694487630108646,0.80297475632285
2023-05-25 14:00:00,0.2445663333333333,0.2536675819127422,0.11665941737047734,0.858222234962309
2023-05-25 15:00:00,0.2190456666666666,0.4517995629746494,2.9834295478347777,1.0203531777097417
2023-05-25 16:00:00,0.3177866666666666,0.46907397292836794,1.9391942600017775,1.14930764712892
2023-05-25 17:00:00,0.2847026666666666,0.6249816173246026,4.361681123291598,1.14930764712892
2023-05-25 18:00:00,0.3105656666666666,0.6634561650338278,4.523335405675098,1.218525480548069
2023-05-25 19:00:00,0.402292,0.9174187416788677,6.602872675312878,1.5707164052826272
2023-05-25 20:00:00,0.610228,1.0792488470289892,6.011889277785594,1.7394071223039824
2023-05-25 21:00:00,1.2956443333333334,1.1175266610493082,1.9225557508847249,1.7320459221068945
2023-05-25 22:00:00,1.86317,1.140111126386429,7.804509108323205,1.863632550301424
2023-05-25 23:00:00,2.074116666666667,0.9975423037001208,11.620263201485953,1.6193732271474846
2023-05-26 00:00:00,1.312099,1.087262760167767,2.4268237977390457,1.6596591565196168
2023-05-26 01:00:00,1.4933176666666668,1.4191059645748347,0.8010217785245097,1.94682076326508
2023-05-26 02:00:00,2.056222,1.1483702443611727,9.799115334109159,1.6596591565196168
2023-05-26 03:00:00,1.9051603333333331,1.19066002635101,7.712130169808907,1.7414242059690956
2023-05-26 04:00:00,1.419807,1.4549009495979817,0.44983275400168615,1.9094233421401243
2023-05-26 05:00:00,1.4381203333333334,1.4877056060362617,0.635581917492857,2.0586119313199003
2023-05-26 06:00:00,1.4451143333333336,1.019027827813952,4.599066735244622,1.8864103049011245
2023-05-26 07:00:00,0.9362053333333332,0.7554838195468758,1.9506609377013973,1.5820704799093492
2023-05-26 08:00:00,0.8051833333333334,0.5584922015968087,2.662719807252125,1.2226787372827812
2023-05-26 09:00:00,0.589533,0.3249475106488291,2.8558668414530173,0.9565057845604062
2023-05-26 10:00:00,0.6599243333333333,0.2896120201535349,3.997054633590667,0.7651563999712646
2023-05-26 11:00:00,0.328247,0.2841574000331539,0.47589165568760516,0.785556733921133
2023-05-26 12:00:00,0.308391,0.2802520811470225,0.3037241592636875,0.7651563999712646
2023-05-26 13:00:00,0.2333776666666666,0.2902986296430855,0.7296104835570619,0.84687465524752
2023-05-26 14:00:00,0.2518243333333333,0.36133258471740537,1.4036721107287176,0.9394588992836352
2023-05-26 15:00:00,0.4507523333333333,0.5875410850194762,1.753352403827735,1.1672899033483517
2023-05-26 16:00:00,0.418583,0.9129408399628803,6.3366577760634,1.4054969273554203
2023-05-26 17:00:00,0.5091326666666666,0.9604206262226552,5.784589880032979,1.4054969273554203
2023-05-26 18:00:00,0.6588746666666666,0.7114567775155544,0.6739952614435137,1.2611882803467331
2023-05-26 19:00:00,0.8416549999999998,0.9212933407376203,1.0208008659187462,1.4663480004274545
2023-05-26 20:00:00,1.157776,1.3307310728666173,2.216930771184199,1.9531456976349688
2023-05-26 21:00:00,1.5394979999999998,1.2291434081353954,3.3498866100794578,1.7292373317036365
2023-05-26 22:00:00,1.898295,1.4477697955319095,4.862851684853997,2.1563700238678805
2023-05-26 23:00:00,1.9875,1.516203777773043,5.087048639215492,2.1563700238678805
2023-05-27 00:00:00,2.213624666666667,1.6586530769374217,5.990218756678033,1.9832896167538605
2023-05-27 01:00:00,2.516798333333333,1.706487113865889,8.746288198227644,2.0270441439608886
2023-05-27 02:00:00,2.4963,1.721828398310326,8.35944470097888,2.0427953527022154
2023-05-27 03:00:00,2.172348,1.7598506455203284,4.452388979208288,2.0533375944618313
2023-05-27 04:00:00,1.8881716666666668,1.8075521381965227,0.870186187065905,2.1063571258610083
2023-05-27 05:00:00,1.751987666666667,1.8245569011903724,0.9301893629969235,2.0438006713228836
2023-05-27 06:00:00,1.7791956666666668,1.2768848224467109,5.421812388985783,1.6547689823364002
2023-05-27 07:00:00,1.1214849999999998,1.0618575601141649,0.6436030518086142,1.599191758699933
2023-05-27 08:00:00,0.7622383333333334,0.6655373728962778,1.0437649741339639,0.940841317993973
2023-05-27 09:00:00,0.7317003333333333,0.42489618348894787,3.311564063884994,0.6560006408384429
2023-05-27 10:00:00,0.4519243333333333,0.3448446502615423,1.1557902023574167,0.5780902765629468
2023-05-27 11:00:00,0.339393,0.3268198986822518,0.13571078004179069,0.5249102325329246
2023-05-27 12:00:00,0.202725,0.3268198986822518,1.590643135676244,0.5369594977509031
2023-05-27 13:00:00,0.0789366666666666,0.31439487263439947,3.0180932740854334,0.6326703031797459
2023-05-27 14:00:00,0.0,0.31918746039860446,4.091331297807706,0.6858619423308004
2023-05-27 15:00:00,0.100281,0.32807890692290487,2.9199038865902835,0.6836010907352406
2023-05-27 16:00:00,0.141448,0.38670792508790985,3.1437312930684485,0.8295321255565369
2023-05-27 17:00:00,0.2904883333333334,0.6036093131539848,4.01357140766313,0.8926958049563561
2023-05-27 18:00:00,0.2697096666666667,0.6209003110304427,4.501546749325414,0.9136161901440053
2023-05-27 19:00:00,0.3153556666666666,1.0595094119241621,9.538531070583767,1.209938013665965
2023-05-27 20:00:00,0.5191056666666667,1.4331371407132116,11.716016576208492,1.6545391486005678
2023-05-27 21:00:00,0.8328593333333333,1.4841818203018546,8.34862394836083,1.7050093323685949
2023-05-27 22:00:00,1.372885666666667,1.2772394596835746,1.0323802401394113,1.520535549224836
2023-05-27 23:00:00,1.3148463333333331,1.0644580608924197,2.7026257808251364,1.4369232863987738
2023-05-28 00:00:00,1.188968,1.0486402936924135,1.5146607032900772,1.4262614024645068
2023-05-28 01:00:00,1.272838,0.9537271632078927,3.4443992366237883,1.3365087816436747
2023-05-28 02:00:00,1.230954,0.9655784069044032,2.8643950154301594,1.351091821412967
2023-05-28 03:00:00,0.8626220000000002,1.018893990812242,2.0030877346572566,1.374897532076786
2023-05-28 04:00:00,0.4420513333333333,1.0921922762154428,8.333478966492057,1.38483525609922
2023-05-28 05:00:00,0.3225386666666667,0.9335673803216193,7.832140075032285,1.5906468817704993
2023-05-28 06:00:00,0.2307353333333333,0.7173522610587919,6.237435092092684,1.5479312439533257
2023-05-28 07:00:00,0.21294,0.459498626825277,3.1603779967264556,1.2570201352254406
2023-05-28 08:00:00,0.1507183333333333,0.3664908985420472,2.7657635677298216,0.7162942127249077
2023-05-28 09:00:00,0.002994,0.13984486350319275,1.7541485504581271,0.6114624780506654
2023-05-28 10:00:00,0.0,0.1206458966757337,1.5464339745837399,0.6172616588712991
2023-05-28 11:00:00,0.0,0.10479865177499936,1.343304663158317,0.6694650932450305
2023-05-28 12:00:00,0.0,0.09823862568978647,1.25921852768373,0.8751992640142163
2023-05-28 13:00:00,0.0,0.07312901316882958,0.9373645818723162,0.8700379952918256
2023-05-28 14:00:00,0.0,0.14284139792374023,1.8309349659857699,0.8839095655567099
2023-05-28 15:00:00,0.0,0.20854140736067872,2.6730748938511293,1.034041959261827
2023-05-28 16:00:00,0.059261,0.4472129287022504,4.972751329147517,1.2417771916510456
2023-05-28 17:00:00,0.135023,0.48090513480494895,4.433502499480455,1.3671796602245583
2023-05-28 18:00:00,0.18821,1.0031032341743655,10.44526683218005,1.3941499751890225
2023-05-28 19:00:00,0.6414796666666667,1.1579008789557697,6.619465144563186,1.4825537594419544
2023-05-28 20:00:00,1.3173666666666668,1.3801608959156328,0.8048937609490443,1.611011848414198
2023-05-28 21:00:00,2.081161333333333,1.4762226334693223,6.529550725891622,1.6374393522853103
2023-05-28 22:00:00,2.481202333333333,1.5562709783517632,9.983468079786388,2.039376457034901
2023-05-28 23:00:00,2.3991446666666665,1.3611676899670742,11.203653069627036,1.5936278869816274
2023-05-29 00:00:00,1.696121,1.1193992382643316,6.224984446895459,1.1259629335865982
2023-05-29 01:00:00,1.2231216666666669,1.2057604914568274,0.18739200222968427,1.2894299268356029
2023-05-29 02:00:00,1.2052166666666666,1.3589575120551691,1.9706436202220745,1.5869289641894118
2023-05-29 03:00:00,1.3300126666666665,1.2198989874966462,1.1885383658159607,1.1435642936964105
2023-05-29 04:00:00,1.337346333333333,1.3862204807242904,0.6264667434760063,1.3230658067322716
2023-05-29 05:00:00,1.3579063333333337,1.3886749898447572,0.3943913310988972,1.5152403436232058
2023-05-29 06:00:00,1.4105466666666668,1.4936989288425493,1.0658421615274307,1.5711235700124966
2023-05-29 07:00:00,1.5786423333333337,0.6062257186475806,10.496011602031372,1.037435270104551
2023-05-29 08:00:00,1.4277296666666663,0.40632588055460855,11.024766368122398,0.5530086210320907
2023-05-29 09:00:00,0.609187,0.29847358178045624,3.3537596882721568,0.6026499457831501
2023-05-29 10:00:00,0.065005,0.25938713187077156,2.4915819025732304,0.5996595572028767
2023-05-29 11:00:00,0.0,0.2567776499636624,3.2913650008740665,0.6034070792400738
2023-05-29 12:00:00,0.0,0.2937207296364808,3.764899825563146,0.5791821030051081
2023-05-29 13:00:00,0.0,0.3238524679139971,4.151127165817054,0.5682739888147188
2023-05-29 14:00:00,0.0,0.4320701752656275,5.538257138002693,0.7348044826193397
2023-05-29 15:00:00,0.0,0.41559252759421883,5.32704735066301,0.6769916608287044
2023-05-29 16:00:00,0.0,0.2919791884348962,3.7425768244791846,0.6656507458760693
2023-05-29 17:00:00,0.1459583333333333,0.29051926771358866,1.8529759111829154,0.6687039114377632
2023-05-29 18:00:00,0.5869026666666667,0.36234333618986025,2.4238349102978254,0.6478161842213905
2023-05-29 19:00:00,1.0143386666666665,0.6433908306263469,4.003914301778814,1.0237378109501785
2023-05-29 20:00:00,1.3065250000000002,0.8479813626808065,4.9494005600626805,1.1356365087333424
2023-05-29 21:00:00,1.618491333333333,1.1706205617020182,4.8342004283546265,1.2995723125147551
2023-05-29 22:00:00,1.5070066666666664,1.3452175056272426,1.7463100544631134,1.6587960274048574
2023-05-29 23:00:00,2.0792616666666666,1.4017709619032883,7.312658165309947,1.7162031399135333
2023-05-30 00:00:00,2.233366,1.5135799663093914,7.7691829268448025,1.5234318644206724
2023-05-30 01:00:00,2.247794333333333,1.4461394201801525,8.652854283038309,1.3584064585312268
2023-05-30 02:00:00,1.9396103333333328,1.8095742861269355,1.40357521616567,1.8283796946569684
2023-05-30 03:00:00,2.1779766666666664,1.7879391629257304,4.209963201641909,1.7310609069042
2023-05-30 04:00:00,2.279842,1.865315805100039,4.474287754145315,1.8130970499443997
2023-05-30 05:00:00,2.24831,1.769309029271849,5.170211687273244,1.7199781030631767
2023-05-30 06:00:00,2.220339333333333,1.3081981810789722,9.845413963690785,1.582843485620349
2023-05-30 07:00:00,1.8592423333333328,1.1493591385245132,7.662294263871991,1.461125380988825
2023-05-30 08:00:00,0.7665936666666666,1.078291137856873,3.995324934555551,1.0068812390107484
2023-05-30 09:00:00,0.5692869999999999,0.8935488191667755,4.156374212772465,0.7408913265789767
2023-05-30 10:00:00,0.5602136666666666,0.7380165662189815,2.2790700075463435,0.7810882879782954
2023-05-30 11:00:00,0.6319286666666667,0.5943426036979624,0.40569417165058386,0.763187400112759
2023-05-30 12:00:00,0.7625573333333333,0.578524578003508,1.986401616265954,0.8079699092824774
2023-05-30 13:00:00,0.82961,0.48928769462638305,3.673350302417329,0.8640785979699259
2023-05-30 14:00:00,0.8824193333333333,0.5057058772017251,4.066146902967582,0.8662207211510823
2023-05-30 15:00:00,0.9168936666666668,0.5303253857272233,4.172517314534905,0.8531197727085724
2023-05-30 16:00:00,0.959201,0.8205963725075769,1.496062239460853,1.0308698224416946
2023-05-30 17:00:00,1.0281153333333335,0.8261702383113048,2.179742744327254,1.0006299246017436
2023-05-30 18:00:00,1.184109333333333,0.8592693796847842,3.50623783140555,0.9416220057842236
2023-05-30 19:00:00,1.21658,1.1280211375832088,0.9558812893069741,1.3576126032719635
2023-05-30 20:00:00,1.2568499999999998,1.3155124863847358,0.7519332565676766,1.4041979151674653
2023-05-30 21:00:00,1.7172403333333337,1.3046920503059907,4.452938688683797,1.222508548758635
2023-05-30 22:00:00,1.7603469999999997,1.4702102002624704,3.1316610290595195,1.4421265819026492
2023-05-30 23:00:00,2.259160666666667,1.6715648430562482,6.342356237828371,1.845412624812861
2023-05-31 00:00:00,2.2106200000000005,1.8959454767805302,3.3965148236824345,2.145036487171423
2023-05-31 01:00:00,2.188101,1.71624939617978,5.0930432834434995,1.9097021394403033
2023-05-31 02:00:00,2.169426,1.6896386270418104,5.178699908068418,1.8851569384403037
2023-05-31 03:00:00,1.911963,1.9063940346758035,0.06010996086586533,2.0437393940178032
2023-05-31 04:00:00,2.096206,1.9150889614337854,1.9549301291307974,1.9434544096096624
2023-05-31 05:00:00,2.455003,1.625362400510633,8.95492449043635,1.8505532401379758
2023-05-31 06:00:00,2.3658986666666664,1.1927640775610286,12.662509126272214,1.726444431472642
2023-05-31 07:00:00,2.092019,0.8966708500884338,12.902276514468067,1.5628187341122057
2023-05-31 08:00:00,1.319721666666667,0.7258662065867546,6.409921123100859,0.8004235838792164
2023-05-31 09:00:00,0.6041963333333333,0.612623655450943,0.10802105663369682,0.6562655001179187
2023-05-31 10:00:00,1.2456336666666663,0.5427755450369847,7.586467454169465,0.7161581652654572
2023-05-31 11:00:00,1.3780923333333333,0.5251559214981625,9.206373419802206,0.7767429271860883
2023-05-31 12:00:00,0.8750723333333335,0.5251559214981625,3.7769065880780155,0.7794651196095859
2023-05-31 13:00:00,0.7434516666666667,0.5198643151819946,2.4133436222796036,0.8084267483702892
2023-05-31 14:00:00,0.5639849999999998,0.5111674069079835,0.5700993396378033,0.9158918795219071
2023-05-31 15:00:00,0.5451293333333334,0.5989960056333643,0.6904607155138467,0.8850957364902701
2023-05-31 16:00:00,0.5291756666666666,0.5364136228298861,0.09277581439370904,0.9266236075961395
2023-05-31 17:00:00,0.5869313333333335,0.599788053678409,0.16479689480683227,0.91393565399576
2023-05-31 18:00:00,0.6118589999999999,0.6921477231317992,1.0291374397976945,0.8758036985185614
2023-05-31 19:00:00,0.5764729999999999,1.0410998857982492,5.955567669529963,1.086989024640367
2023-05-31 20:00:00,1.045531,1.0742969946398488,0.3687212963679976,1.1951630746454571
2023-05-31 21:00:00,2.040427333333333,1.464349413887554,6.218034980954116,1.6158106440872149
2023-05-31 22:00:00,2.2634276666666664,1.6826373788720763,6.268899057230875,1.9793263163853572
2023-05-31 23:00:00,1.772539,1.5530395497364182,2.369219881491415,1.7279776148155046
2023-06-01 00:00:00,1.3799720000000004,1.253698268816935,1.362965757179657,1.350071581140852
2023-06-01 01:00:00,1.1830890000000005,1.3535179783238152,2.1845513987261342,1.7329566773082559
2023-06-01 02:00:00,1.2013343333333333,1.349964870006219,1.9051399003592941,1.6618820364876776
2023-06-01 03:00:00,1.0454253333333334,1.355409208401066,3.9733601323076075,1.5266226285746933
2023-06-01 04:00:00,0.909747,1.3664195996917015,5.853609968375928,1.303535203238895
2023-06-01 05:00:00,0.9399106666666668,1.2429606127763757,3.8844813257050235,1.8378313945206393
2023-06-01 06:00:00,0.9220116666666668,1.141444647441174,2.812682618837312,1.9237514427308162
2023-06-01 07:00:00,0.6068143333333332,0.38941613272972436,2.3465395400855167,1.4447158646441256
2023-06-01 08:00:00,0.2668226666666666,0.26244328622552276,0.04726989155240765,0.9942858065209056
2023-06-01 09:00:00,0.005389,0.1111610967623067,1.355782239621662,0.8716793376537333
2023-06-01 10:00:00,0.0,0.03532860089460671,0.4528405043461216,0.8397454051595764
2023-06-01 11:00:00,0.0,0.053439599223061254,0.6849865109693601,0.6599150471634425
2023-06-01 12:00:00,0.0,0.05162528613627447,0.6617307229546211,0.6375955459886337
2023-06-01 13:00:00,0.0,0.04641102326526682,0.5948945231474323,0.6375955459886337
2023-06-01 14:00:00,0.0,0.04884155009619737,0.6260489127375787,0.6375955459886337
2023-06-01 15:00:00,0.0,0.26805744878250337,3.435948982597116,0.831058642381332
2023-06-01 16:00:00,0.0070283333333333,0.4978811795097513,6.291730914715943,0.9236749821293224
2023-06-01 17:00:00,0.1520376666666666,0.5709146573660221,5.3691474591126305,1.0529574705829583
2023-06-01 18:00:00,0.722442,0.5013353192263611,2.3865679088964686,0.9310475333096003
2023-06-01 19:00:00,1.178573333333333,0.5362163058569749,6.933434405804604,0.8875673221243361
2023-06-01 20:00:00,0.7528560000000001,0.9062965748619911,1.9667947653786182,1.2017760308602239
2023-06-01 21:00:00,0.665561,1.405959448526665,9.490395836736502,1.3504261722008728
2023-06-01 22:00:00,1.3877226666666669,1.266681767558487,1.306483931036415,1.62922176720109
2023-06-01 23:00:00,0.8624203333333333,1.0687541818756807,2.6447784987674647,1.2896408331477458
2023-06-02 00:00:00,0.5492863333333333,1.3705695201342252,10.527172973291506,1.4625985275335318
2023-06-02 01:00:00,1.1805813333333333,1.4254936303423276,3.1392754111315835,1.538908094275793
2023-06-02 02:00:00,1.2166413333333332,1.12979326473321,0.9374154265509842,1.552884880896496
2023-06-02 03:00:00,0.727375,1.1275460979762686,5.129376121429675,1.517439978826359
2023-06-02 04:00:00,1.3006363333333333,1.242116392416249,0.6316489964688646,1.3534518617433915
2023-06-02 05:00:00,1.202575666666667,0.8908874682562815,3.3642812116994487,1.6703773025533795
2023-06-02 06:00:00,0.751226,0.9595788010919402,2.670657346716637,1.7950759767343638
2023-06-02 07:00:00,0.8894203333333334,0.5765007624073134,3.377572325832355,1.6418097152893911
2023-06-02 08:00:00,0.421,0.4149215721957754,0.06560896614859733,1.1500059920643209
2023-06-02 09:00:00,0.2608803333333332,0.2608622852761941,0.00019480602682579688,1.0547598296887042
2023-06-02 10:00:00,0.2606016666666666,0.23620141203554854,0.2633699916609285,0.9859744062306925
2023-06-02 11:00:00,0.230289,0.21416507227039855,0.17403747525941116,0.9194243442021355
2023-06-02 12:00:00,0.1874753333333333,0.3101875284996403,1.572919700791587,0.9441446995817463
2023-06-02 13:00:00,0.278828,0.428242186500034,1.9151846905284606,0.9155526346919944
2023-06-02 14:00:00,0.3198706666666666,0.4471191986600291,1.6310662733879926,0.8969050914758001
2023-06-02 15:00:00,0.3484486666666667,0.48538251865526766,1.7552122933360093,0.9115525207175925
2023-06-02 16:00:00,0.2747076666666667,0.5000211711214052,2.888058921372458,0.9368772498589143
2023-06-02 17:00:00,0.2961613333333333,0.5522430821299543,3.2824449692997004,1.0126681670059585
2023-06-02 18:00:00,0.5362233333333334,0.7720126992273875,3.022338067942453,1.1887717421557884
2023-06-02 19:00:00,1.1430723333333332,1.3667018607571688,2.8664737753810754,1.3096295696488303
2023-06-02 20:00:00,1.9352446666666667,1.2023379350421948,7.910804322099429,1.4072753500017843
2023-06-02 21:00:00,1.8030226666666669,1.2890501886017742,5.54768502658428,1.4142319061044002
2023-06-02 22:00:00,1.642545666666667,1.4439823032290562,2.143241214623879,1.4359976210741556
2023-06-02 23:00:00,1.9604946666666665,1.4767196490263792,5.221741505893853,1.4976383628669494
2023-06-03 00:00:00,1.7880733333333334,1.214936760567161,6.186286851182879,1.2616843232091604
2023-06-03 01:00:00,1.738128333333333,1.6337338408597775,1.1268069545939543,1.709325466631761
2023-06-03 02:00:00,2.181375,1.816970601559008,3.93328614104762,1.7199869723368428
2023-06-03 03:00:00,2.146788,1.796290879704585,3.783174603909984,1.6522252927951586
2023-06-03 04:00:00,2.3212170000000003,1.819525045073787,5.415132259184016,1.608150082317761
2023-06-03 05:00:00,2.4099336666666664,1.6131160337042825,8.600641940881566,1.6900873490437887
2023-06-03 06:00:00,2.410380666666668,1.025122703140948,14.952113566746249,1.7725710547702964
2023-06-03 07:00:00,2.167585666666666,1.021931105277562,12.365896866279012,1.599739165682076
2023-06-03 08:00:00,1.399808333333333,0.8959283672370013,5.438749081727057,0.9052756503551473
2023-06-03 09:00:00,0.7095233333333334,0.6009000891521956,1.172450998838546,0.7743437183703172
2023-06-03 10:00:00,0.7834869999999999,0.5638220072513332,2.3710067039477973,0.6731871699981217
2023-06-03 11:00:00,1.0211126666666663,0.3195317319924742,7.57268183090848,0.8079066158442806
2023-06-03 12:00:00,0.7808939999999999,0.5517688756945835,2.473116899389568,0.673532037763073
2023-06-03 13:00:00,0.4120056666666666,0.37938917167779146,0.35205394956303115,0.7241326312354522
2023-06-03 14:00:00,0.091878,0.2540578605357197,2.078814557612176,0.7555802584889401
2023-06-03 15:00:00,0.2261113333333333,0.23658384447831537,0.13423620263965888,0.7209941483416152
2023-06-03 16:00:00,0.1760796666666666,0.24130684590371237,0.8360792104645133,0.7609348322018885
2023-06-03 17:00:00,0.2691563333333333,0.4185540174546559,1.914973163739703,0.7138512879191283
2023-06-03 18:00:00,0.2840036666666666,0.44990071647679103,2.1264613317030348,0.6332331815805309
2023-06-03 19:00:00,0.3586763333333332,0.6907149469261391,4.25605683311131,1.0719531489155174
2023-06-03 20:00:00,0.6034326666666667,1.5341278288725384,11.929611022613189,1.3096278945454727
2023-06-03 21:00:00,1.5116613333333335,1.6851474879197985,2.2237381540913863,1.3658333320338119
2023-06-03 22:00:00,2.332810333333333,1.7887794956432497,5.8721271294847845,1.69309550252366
2023-06-03 23:00:00,2.365615,1.805995933359378,6.040382411684838,1.7279921884145986
2023-06-04 00:00:00,2.203397,1.780567935868036,4.563906761547213,1.8044742632996713
2023-06-04 01:00:00,2.334045666666667,1.7957251196812556,5.810491739280576,1.814230757410114
2023-06-04 02:00:00,2.276340333333333,1.7817540111704113,5.338435910317761,1.8024775169554084
2023-06-04 03:00:00,1.7876519999999998,1.7773137248994848,0.11158864807658989,1.7478055851838783
2023-06-04 04:00:00,1.5912773333333334,1.7035140022723598,1.438644850955205,1.6284798175458928
2023-06-04 05:00:00,1.6139816666666666,1.5108430375844235,1.113251492329417,1.8585875181067455
2023-06-04 06:00:00,1.7125070000000002,1.2855528945525778,4.608431382838164,1.9232122922854387
2023-06-04 07:00:00,1.204735,0.7585577933409631,4.815920529256473,1.5804341856990964
2023-06-04 08:00:00,0.434071,0.516794503273635,1.060346348146203,0.8304823463457416
2023-06-04 09:00:00,0.3424159999999999,0.3613164501910979,0.24226516703672216,0.711447355452804
2023-06-04 10:00:00,0.416518,0.2994317405095682,1.2637985812769894,0.6980593118173273
2023-06-04 11:00:00,0.4491603333333333,0.23194199171792093,2.3445981890243255,0.7477153828711576
2023-06-04 12:00:00,0.1406543333333333,0.221202274892289,1.0324600905768613,0.6691521703893273
2023-06-04 13:00:00,0.0736536666666666,0.22596392530861556,1.952306420123129,0.6596431744492224
2023-06-04 14:00:00,0.0,0.20984109111510402,2.6897341849620395,0.6596431744492224
2023-06-04 15:00:00,0.0020216666666666,0.3005130234884932,3.826049522011756,0.9273808182997341
2023-06-04 16:00:00,0.227802,0.279167809979737,0.6584047686112052,0.9784811347429926
2023-06-04 17:00:00,0.2328586666666666,0.4878928685002504,3.2690175568617383,0.9794149189989264
2023-06-04 18:00:00,0.301452,0.5577732199743559,3.285514500675294,0.8505297264413354
2023-06-04 19:00:00,0.4232073333333332,1.0613743159128366,8.179997252380916,1.1703462430533944
2023-06-04 20:00:00,0.7775933333333334,1.202354214386097,5.444566915521429,1.2655904031153087
2023-06-04 21:00:00,1.9185673333333328,1.662502046103528,2.7639019994635476,1.5078825272407197
2023-06-04 22:00:00,2.4561843333333333,1.8287104735177322,6.772789371481774,1.7631054840479774
2023-06-04 23:00:00,2.390151333333333,1.9364584673745164,4.89704259773624,1.9126350624101536
2023-06-05 00:00:00,2.187051333333333,2.02241956342554,1.776992434023317,1.9301716816196262
2023-06-05 01:00:00,2.3075123333333334,1.924520135141068,4.1339180090136445,1.8867836733807666
2023-06-05 02:00:00,2.296698333333333,1.583130674180403,7.702063412114643,1.5978713768207502
2023-06-05 03:00:00,1.9257853333333328,1.916712051913481,0.09793463584745035,1.7769804385596535
2023-06-05 04:00:00,1.705546,1.896692502387441,2.4501077414118617,1.765746848289838
2023-06-05 05:00:00,1.6336253333333333,1.4076390517892665,2.4392370483642707,1.8855051360902033
2023-06-05 06:00:00,1.499097333333333,1.27200113999848,2.4512171470764756,1.9402504583636733
2023-06-05 07:00:00,1.1197503333333334,0.6244214357623588,5.346451075814315,1.2670180757861482
2023-06-05 08:00:00,0.5851976666666666,0.4432201448476517,1.532468382105561,0.6603329930153321
2023-06-05 09:00:00,0.406598,0.2912284276898088,1.2452691070899549,0.8070799584233497
2023-06-05 10:00:00,0.3760100000000001,0.3102784904876206,0.7094887891070494,0.8268152239081136
2023-06-05 11:00:00,0.2739096666666666,0.3446409425046305,0.906630486700025,0.9172437999157665
2023-06-05 12:00:00,0.3027313333333333,0.2739911827408561,0.31021369802515475,0.6647353010229605
2023-06-05 13:00:00,0.2045466666666666,0.2727360726727597,0.874048907257339,0.7345558658620839
2023-06-05 14:00:00,0.3182643333333333,0.23380578656278286,0.9116235504479545,0.7370091906609467
2023-06-05 15:00:00,0.152201,0.4887261677171145,4.313565293140312,0.9395360297966541
2023-06-05 16:00:00,0.2208556666666666,0.4615121685839473,3.08472481057215,0.9400410787042061
2023-06-05 17:00:00,0.147315,0.4836565308682197,4.311211443818112,0.9631578101214477
2023-06-05 18:00:00,0.5218906666666666,0.9567864568193855,5.5744757495003725,1.2569272104652272
2023-06-05 19:00:00,0.5514336666666667,0.5773697016740663,0.33244699410902756,0.7546308219594688
2023-06-05 20:00:00,1.150442,0.6545111135630028,5.35294878680222,0.9004760627423476
2023-06-05 21:00:00,0.5291193333333334,0.8454822472060156,4.055126380518073,1.0310649450923843
2023-06-05 22:00:00,0.0466069999999999,0.5258201182106983,6.1425333764898316,1.0954382343415183
2023-06-05 23:00:00,0.0,0.6353114739671638,8.143395464383874,1.1484383772400335
2023-06-06 00:00:00,0.0,0.46783502209967265,5.99668942425446,1.1075503998925411
2023-06-06 01:00:00,0.0,0.4830378511316029,6.191558640469533,1.0770673910537516
2023-06-06 02:00:00,0.0,0.4279683704849575,5.485680378703642,0.9291891499652642
2023-06-06 03:00:00,0.0,0.4166610499440555,5.340743624717242,0.8903505499394264
2023-06-06 04:00:00,0.0,0.4877682323002406,6.252192465186954,0.9484831286343541
2023-06-06 05:00:00,0.0,0.6708832387260503,8.599352832804735,1.6165112937765302
2023-06-06 06:00:00,0.0,0.8153661369260284,10.451328479546401,1.7516316804447938
2023-06-06 07:00:00,0.0,0.7035059763014596,9.017509696159456,1.2996047331135678
2023-06-06 08:00:00,0.0,0.7726295590269583,9.903532840891582,0.785217867489617
2023-06-06 09:00:00,0.1535006666666666,0.5755551566878665,5.4098765103353506,0.6621519856090446
2023-06-06 10:00:00,0.7832906666666667,1.2928204734260629,6.531131401456975,1.4925423127902848
2023-06-06 11:00:00,1.3077846666666668,1.3255785373416673,0.22808107784327775,1.7336211578645035
2023-06-06 12:00:00,1.559503,1.288013337528632,2.930388687416582,1.4564863219343092
2023-06-06 13:00:00,1.2390546666666669,0.9953985679991564,2.629960451001084,1.1703905656389153
2023-06-06 14:00:00,1.0545316666666666,0.6289271015167857,4.593864796452779,0.7337030862018252
2023-06-06 15:00:00,0.715465,0.5438333815900476,1.85254697513415,0.7271486965353894
2023-06-06 16:00:00,0.5569443333333333,0.531443056639212,0.27525413696742207,0.7381177533361049
2023-06-06 17:00:00,0.4148743333333333,0.5676952884291829,1.9588525055580452,0.6025138060378566
2023-06-06 18:00:00,0.3328943333333333,0.5133374307284225,2.3129119512525826,0.556297012464581
2023-06-06 19:00:00,0.7611876666666667,0.44524151008381146,3.410240502917082,0.6992178630272776
2023-06-06 20:00:00,0.8028516666666665,0.6526820405819055,1.6208918213185044,0.94005863900776
2023-06-06 21:00:00,0.6046213333333333,0.8223524175079289,2.7908677805721895,1.0280846281386535
2023-06-06 22:00:00,0.2994006666666666,0.9173795392358378,7.921226916523394,1.1220579559190753
2023-06-06 23:00:00,0.0049076666666666,0.795149651140921,10.129288161519906,1.1962452362916456
2023-06-07 00:00:00,0.0198243333333333,0.18822425859169525,2.158543082794073,0.8382233303510727
2023-06-07 01:00:00,0.0,0.14287844283025117,1.831409806022541,0.8459649849820254
2023-06-07 02:00:00,0.0,0.08951257228243556,1.1473683460780604,0.7212659289224768
2023-06-07 03:00:00,0.0,0.34509728255209376,4.423442296669696,1.0156929159563106
2023-06-07 04:00:00,0.0095143333333333,0.4928151720598819,6.194929604281184,1.090110264815907
2023-06-07 05:00:00,0.1951796666666666,0.47900220102856894,3.638025179334492,1.4331615119095993
2023-06-07 06:00:00,0.1753813333333333,0.2922818698495823,1.4984261072855523,1.570816480041792
2023-06-07 07:00:00,0.108858,0.29667246256112223,2.407397796572752,1.302138283840565
2023-06-07 08:00:00,0.0159196666666666,0.13181408747047188,1.4855297588563356,0.6512162472444827
2023-06-07 09:00:00,0.0094766666666666,0.05072353989853072,0.5287006675622223,0.6117824454185724
2023-06-07 10:00:00,0.0,0.023491347194654674,0.30111108965600875,0.601444842129052
2023-06-07 11:00:00,0.0,0.028417554131625087,0.36425500074679856,0.5872353768282902
2023-06-07 12:00:00,0.0,0.024913908611490843,0.31934542141981676,0.5872353768282902
2023-06-07 13:00:00,0.0,0.24434982894249635,3.1320657193673562,0.8558656812366363
2023-06-07 14:00:00,0.0270879999999999,0.11693636184629518,1.151672482432229,0.5872353768282902
2023-06-07 15:00:00,0.02113,0.027046684112187542,0.07583980541467515,0.5872353768282902
2023-06-07 16:00:00,0.0018963333333333,0.14692876871094576,1.8590195909221683,0.8125075692852939
2023-06-07 17:00:00,0.0,0.17524793634244767,2.246320597741137,0.8374061682644237
2023-06-07 18:00:00,0.0490886666666666,0.030802595200549364,0.19737509146320564,0.6293708815976093
2023-06-07 19:00:00,0.8149556666666667,0.438581720391093,4.06248232203167,0.7902180556388952
2023-06-07 20:00:00,1.1858749999999998,0.6146716843247605,6.1654197778012705,0.829913249267174
2023-06-07 21:00:00,0.9694513333333334,1.0015801450689055,0.4118257429379017,1.116434460054072
2023-06-07 22:00:00,1.7761539999999998,1.2077348555274854,6.135368159179672,1.3372820774417147
2023-06-07 23:00:00,2.268698666666667,0.969760387377262,14.020401383361932,1.05420364872495
2023-06-08 00:00:00,2.014040333333333,1.0783676826975963,10.099406826722975,1.1654348074624457
2023-06-08 01:00:00,1.831538,1.6191896232836536,2.292033056641639,1.7006559410416373
2023-06-08 02:00:00,1.549919,0.8291150740589684,7.780169790611531,1.0761318787008285
2023-06-08 03:00:00,1.4381696666666668,1.6376622309832354,2.5570872084042007,1.681225364620192
2023-06-08 04:00:00,1.9605936666666663,1.6411994270369892,3.4474582130195635,1.6674942203593166
2023-06-08 05:00:00,2.0589756666666665,1.4759083769116794,6.293476423180036,1.6876639314874846
2023-06-08 06:00:00,1.4297353333333334,0.41658808551210613,10.935647444829238,1.6298910353841731
2023-06-08 07:00:00,1.26322,0.5395201800055447,7.811427316577201,1.4934525249898332
2023-06-08 08:00:00,0.5905076666666667,0.38388593298498797,2.230221163647616,0.8423274340242924
2023-06-08 09:00:00,0.132224,0.21822924547788078,1.102411580203878,0.7526413721283249
2023-06-08 10:00:00,0.079364,0.22641845129736896,1.884937705019865,0.8321616790564939
2023-06-08 11:00:00,0.0837183333333333,0.051369079744642054,0.34916941551197545,0.6627325893498677
2023-06-08 12:00:00,0.1081293333333333,0.0247267527588041,0.9002257264315748,0.6180954481122568
2023-06-08 13:00:00,0.033406,0.05131584971397983,0.22956769223431076,0.6180954481122568
2023-06-08 14:00:00,0.002552,0.3124676694365243,3.9724858754263983,0.764017713054085
2023-06-08 15:00:00,0.0764993333333333,0.39197559409817706,4.043761298675985,0.8563462614120748
2023-06-08 16:00:00,0.020885,0.44775396316526095,5.471588222418755,0.7667137303068634
2023-06-08 17:00:00,0.2007886666666666,0.31154068683317543,1.419614686105786,0.7626115393751521
2023-06-08 18:00:00,0.5434136666666667,0.24401294978173899,3.2316533372851186,0.7091498078263401
2023-06-08 19:00:00,0.1812643333333333,0.3238599218761684,1.8277841917913953,0.8506031267157703
2023-06-08 20:00:00,0.4182976666666667,0.5819594213441619,2.097809413721851,0.9451769970564758
2023-06-08 21:00:00,1.1338206666666668,0.6515419479782202,5.205590844827966,0.9878224348881324
2023-06-08 22:00:00,1.9487893333333333,0.7485559450194479,12.95500650506577,1.081400792019987
2023-06-08 23:00:00,0.6485846666666667,0.7849159267504324,1.7474882959177547,1.0857805850445266
2023-06-09 00:00:00,1.2532426666666667,0.8535541732665348,4.31413346971856,1.2258665203717467
2023-06-09 01:00:00,1.598313,0.8102181062159349,8.506490966664908,1.1898171497964312
2023-06-09 02:00:00,1.000714,1.1471246823727748,1.8766859023128935,1.177426310908798
2023-06-09 03:00:00,1.0371340000000002,1.7203280236954113,8.757151951174945,1.5280512830515038
2023-06-09 04:00:00,0.8875463333333333,1.281612385128509,5.051121899023587,1.4413116753199495
2023-06-09 05:00:00,1.26292,1.3026608677767417,0.5093967536631081,1.6365483072375242
2023-06-09 06:00:00,0.9640183333333334,0.6633918876346346,3.2448835347704246,1.8862890674203474
2023-06-09 07:00:00,1.1019573333333332,0.3151637989959428,8.492444431831558,1.2233730155006046
2023-06-09 08:00:00,0.8781286666666669,0.1498979729352281,7.860332387297415,0.6141067346564926
2023-06-09 09:00:00,0.0842513333333333,0.03410260516186007,0.5412923069861368,0.6145200714216466
2023-06-09 10:00:00,0.0,0.033576382773954264,0.4303806469674559,0.6145200714216466
2023-06-09 11:00:00,0.0,0.22295268715298705,2.8577980655637756,0.7512588998166938
2023-06-09 12:00:00,0.0405133333333333,0.4843892402865657,5.689582504878632,0.9502420075977571
2023-06-09 13:00:00,0.1311426666666666,0.5102678967023888,4.859611080888434,1.0261247727877618
2023-06-09 14:00:00,0.4722953333333333,1.1500767734080461,8.687773684429413,1.5699419291099683
2023-06-09 15:00:00,0.518914,0.951293403810062,5.5422208163390545,1.450539218357733
2023-06-09 16:00:00,0.3872243333333333,0.4811336194596651,1.2037252372121077,0.9760484560934286
2023-06-09 17:00:00,0.6566993333333333,0.39837080500749955,2.78833083422774,1.0390742836199862
2023-06-09 18:00:00,1.471289,0.539236167905714,10.060335448432514,0.943483616419243
2023-06-09 19:00:00,1.136070333333333,0.5537930964722773,6.284948798069886,0.8825727697717759
2023-06-09 20:00:00,1.7008326666666669,0.7654781350197594,10.095973133234862,0.9901202858127048
2023-06-09 21:00:00,1.8196393333333332,0.8443747304436324,10.526752044738373,0.9484369423777087
2023-06-09 22:00:00,2.0779250000000005,1.4737764617873217,6.521021926882421,1.448966155998371
2023-06-09 23:00:00,1.3262196666666666,1.0332982010649339,3.1617179869282466,1.3618824432286698
2023-06-10 00:00:00,1.7154266666666664,1.192235108965182,5.647193370399435,1.1421400028674455
2023-06-10 01:00:00,1.6056036666666669,1.2415817131597082,3.9291581300653613,1.4608932298935922
2023-06-10 02:00:00,1.480147,1.2391956467457335,2.6007661336588996,1.473404854486536
2023-06-10 03:00:00,1.2428396666666668,1.6526293771879486,5.25266708811663,1.592055516754601
2023-06-10 04:00:00,1.423869333333333,1.4164941966096527,0.0796053044027139,1.308188925082501
2023-06-10 05:00:00,1.2501453333333337,1.0503989720035392,2.1560101856739595,1.7016243346670055
2023-06-10 06:00:00,1.168162,0.9810775771520109,2.0193405204274577,1.8366072144865435
2023-06-10 07:00:00,0.9023743333333332,0.6082654573894443,3.174534584813785,1.2967793355118085
2023-06-10 08:00:00,0.8836296666666668,0.45854862323127843,4.588214039455989,0.9378072030068081
2023-06-10 09:00:00,0.413156,0.5563371755016646,1.8352902205346773,1.1263318996654024
2023-06-10 10:00:00,0.4141453333333333,0.8005276729831821,4.9526324034016005,1.457110680401
2023-06-10 11:00:00,0.8242386666666668,0.8006682475076881,0.25441296376587696,1.4623101980787643
2023-06-10 12:00:00,0.6555073333333333,0.5552296805252127,1.0823708597766395,1.1156485871122206
2023-06-10 13:00:00,0.5204393333333334,0.530019412591739,0.12279704865738153,1.1222596256805741
2023-06-10 14:00:00,0.0,0.524010509513344,6.716744433740545,1.1222596256805741
2023-06-10 15:00:00,0.0,0.3842560184005698,4.925377308024405,1.0576153451066514
2023-06-10 16:00:00,0.2702313333333333,0.37122796265075775,1.2945705009320865,1.0622241157557564
2023-06-10 17:00:00,1.1651806666666666,0.6146279921621515,5.942522136971315,1.3525412683407085
2023-06-10 18:00:00,1.0982703333333337,0.6569927449073197,4.763035326512429,1.4034281663039714
2023-06-10 19:00:00,1.0372070000000002,0.8108364729415634,2.4433844943415903,1.3611857437794603
2023-06-10 20:00:00,1.4723403333333331,0.9645465696548252,5.480993593194807,1.3260349753442182
2023-06-10 21:00:00,1.3549486666666664,1.1888200646427978,1.7931488499250587,1.37642003976491
2023-06-10 22:00:00,1.987382,1.1928263648909945,8.576226525354649,1.4164329030264478
2023-06-10 23:00:00,2.001989,0.9450411864291862,11.408419340475804,1.0783729475042299
2023-06-11 00:00:00,1.331381,0.8184578617693291,5.536358725790843,1.1243964387669942
2023-06-11 01:00:00,0.9533666666666668,0.8462993265905003,1.1556569752782797,1.1308070995665453
2023-06-11 02:00:00,0.837899,0.9059168278389794,0.8718496256055606,1.227911093155731
2023-06-11 03:00:00,0.6379123333333333,0.89692109123886,3.319963247622035,1.1478475011462468
2023-06-11 04:00:00,1.0486780000000002,0.9806501746664915,0.7342746238372475,1.1577839495158406
2023-06-11 05:00:00,1.233727,1.1304291753516171,1.114969807796224,1.690724738690258
2023-06-11 06:00:00,1.110737,0.7701733137846475,3.6759557043377646,1.6489430932226021
2023-06-11 07:00:00,0.9267466666666668,0.6977879070613432,2.471321202158597,1.2338251409205883
2023-06-11 08:00:00,0.4241153333333333,0.4783859396753866,0.6956383248920858,0.8356897547048103
2023-06-11 09:00:00,0.1437076666666666,0.5456101766297804,5.151569286669728,0.9857348553806357
2023-06-11 10:00:00,0.3095726666666666,0.3693739982633022,0.7665309260782031,0.7558229897681406
2023-06-11 11:00:00,0.3157413333333332,0.30902442555357473,0.07250055266579623,0.7877602545330605
2023-06-11 12:00:00,0.0,0.24108624142203391,3.090233193274608,0.6640988845779041
2023-06-11 13:00:00,0.0,0.288020874474643,3.6918393244160277,0.737810501835516
2023-06-11 14:00:00,0.0,0.3274356649266652,4.197056432793372,0.6927723664065227
2023-06-11 15:00:00,0.0,0.12068524007265496,1.5469382765728752,0.5821470817688567
2023-06-11 16:00:00,0.1293536666666666,0.12786298910093427,0.016089985288734007,0.5526332156156503
2023-06-11 17:00:00,0.3908496666666666,0.7996152063959479,5.239539310445228,1.347408000569901
2023-06-11 18:00:00,0.412521,0.4564826116273396,0.5634980689040502,1.0115211211502455
2023-06-11 19:00:00,0.418046,0.731788195006839,4.021534117510029,0.9178442975567206
2023-06-11 20:00:00,0.4602703333333334,1.0209036679396575,7.186174248840205,1.3104337679035432
2023-06-11 21:00:00,0.693663,1.201286021176382,6.506690304916866,1.2062481244810819
2023-06-11 22:00:00,1.322735,0.7076665058585204,6.638889086278297,1.090001388113489
2023-06-11 23:00:00,2.168199,0.49345541141138416,18.07674598601375,1.057160842100103
2023-06-12 00:00:00,1.8612243333333327,0.9609438214773394,9.717393301200339,1.2440041572355909
2023-06-12 01:00:00,1.5622810000000005,1.0485456605983055,5.545125413633799,1.2870931698711758
2023-06-12 02:00:00,0.7919226666666667,0.927843362369202,1.7422256991334217,1.2699889131053352
2023-06-12 03:00:00,0.187336,0.8983704355919915,9.114009167288927,1.1175637850096851
2023-06-12 04:00:00,0.3604389999999999,1.0009356457523868,8.209858775890222,1.0437126310183489
2023-06-12 05:00:00,0.7019483333333333,1.1523582784833268,5.773335528703864,1.5474730649349409
2023-06-12 06:00:00,0.812337,0.7736827661906884,0.41722372942103475,1.4899645677316418
2023-06-12 07:00:00,0.6687009999999999,0.7093857777692424,0.5214957518186414,1.2073937374529016
2023-06-12 08:00:00,0.2202766666666666,0.4228872598409922,2.59705396974651,0.6567037410584824
2023-06-12 09:00:00,0.048662,0.4436718719337193,5.063219745434917,0.6681089551207291
2023-06-12 10:00:00,0.5126713333333334,0.516231480182142,0.04563381095589587,0.7497754811743362
2023-06-12 11:00:00,1.077924,0.45201546822435745,6.755893628422408,0.7316391636490719
2023-06-12 12:00:00,0.6221990000000001,0.20032888151496914,4.553556152061609,0.6340294390424023
2023-06-12 13:00:00,0.6265153333333333,0.14590330673675728,5.187601004599927,0.5110412208629076
2023-06-12 14:00:00,0.462997,0.1601053820533429,3.2693332138854334,0.524806121493617
2023-06-12 15:00:00,0.3812163333333332,0.35673280966494575,0.2642687759557154,0.7228063340844267
2023-06-12 16:00:00,0.347132,0.3421488184269619,0.0537871636659967,0.7975945070789984
2023-06-12 17:00:00,0.450615,0.4199669985773817,0.3308065428466899,0.8789891094167102
2023-06-12 18:00:00,0.4245796666666667,0.2861539926163773,1.494130662627948,0.7609318297502798
2023-06-12 19:00:00,0.5609596666666666,0.5535310767962235,0.08018226374309845,0.8206237969697044
2023-06-12 20:00:00,0.8405956666666667,0.9177177602655375,0.9885477170671927,1.0990414435388436
2023-06-12 21:00:00,1.209555666666667,1.1937763431439812,0.17031790722728235,1.2330254466513648
2023-06-12 22:00:00,1.6006916666666666,1.108250278251481,5.315284054249256,1.2796230632958114
2023-06-12 23:00:00,2.187508333333333,0.8999154410797368,13.8979422314316,1.2812818950532647
2023-06-13 00:00:00,2.0025030000000004,1.3257912198427473,7.304250656039201,1.3437705875963037
2023-06-13 01:00:00,1.9749796666666668,1.6898510312413428,3.07760420821553,1.5656826471561205
2023-06-13 02:00:00,1.879345,1.8349837963294138,0.47882327530676644,1.7493384230053715
2023-06-13 03:00:00,1.861354333333333,1.39702775759724,5.011820090746269,1.429458822926109
2023-06-13 04:00:00,1.3501719999999997,0.9886203721581875,3.9024940784124054,1.1160009434219065
2023-06-13 05:00:00,1.4124356666666662,1.0470561223649826,3.943811611420006,1.3855629052535252
2023-06-13 06:00:00,1.305267666666667,0.5415004767464399,8.243904069084858,1.4745316022459845
2023-06-13 07:00:00,0.976056,0.49939536591350153,5.144950703274752,1.2156752409604978
2023-06-13 08:00:00,0.2810326666666666,0.5069620745324006,2.8959535451107636,0.789688567451826
2023-06-13 09:00:00,0.2538443333333333,0.4262232479501038,2.2095455992318143,0.7170240475786873
2023-06-13 10:00:00,0.7797139999999999,0.29282398897440987,5.255363932967412,0.815604549394249
2023-06-13 11:00:00,0.6987246666666667,0.29402287185431814,4.368245739081739,0.8159473156536795
2023-06-13 12:00:00,0.6722686666666667,0.30418587900859184,3.972989715951844,0.7676751727864628
2023-06-13 13:00:00,0.5692929285714285,0.21626843503484355,3.810454412236332,0.6125415736132245
2023-06-13 14:00:00,0.3550546666666667,0.17927947497129645,1.8972716256808364,0.4865863374647279
2023-06-13 15:00:00,0.3416156666666666,0.3895641957447464,0.6146022072922523,0.6734017269720155
2023-06-13 16:00:00,0.2753056666666666,0.06631223801198413,2.255820621305147,0.4392536370173126
2023-06-13 17:00:00,0.2691496666666666,0.9591023571899016,8.843784255243529,1.5076875740959121
2023-06-13 18:00:00,0.382787,1.0653801067607345,8.749449423452978,1.4544332471634935
2023-06-13 19:00:00,0.5723273333333333,1.104705494411773,6.824000635768884,1.3301994808759277
2023-06-13 20:00:00,0.8316873333333334,0.7039960709031621,1.3782662201614349,0.8710851600378015
2023-06-13 21:00:00,1.3375756666666667,1.0337522466938571,3.279390842199871,0.9465232627323625
2023-06-13 22:00:00,1.286209666666667,1.3419995179573618,0.7151119420562793,1.1942707801679564
2023-06-13 23:00:00,1.80927,0.5580298814688519,13.505559862604898,1.1576366867458743
2023-06-14 00:00:00,1.5072456666666667,1.779605670200974,3.491098946491698,1.628675442825606
2023-06-14 01:00:00,2.1526986666666668,1.960593473312618,2.073533409243709,1.7856211261776884
2023-06-14 02:00:00,2.270735666666667,1.8260445060316677,4.799880535622169,1.7376479264676454
2023-06-14 03:00:00,1.8545796666666663,1.7971512033278625,0.6198678718439108,1.5643313648265733
2023-06-14 04:00:00,2.282265333333333,1.7008327601767195,6.275831718098453,1.4817835509471844
2023-06-14 05:00:00,2.4563233333333336,1.9270895983784144,5.712411057546909,1.7437399152156923
2023-06-14 06:00:00,2.5255856666666663,1.1271899593378158,15.093918950672904,1.545425562754255
2023-06-14 07:00:00,1.9727776666666663,1.1009654391770858,9.41011405639192,1.4350986701016093
2023-06-14 08:00:00,1.039109333333333,0.7543246884994301,3.0738912633891893,0.7717791927549795
2023-06-14 09:00:00,0.7339926666666666,0.4287542620224603,3.294663818106886,0.7432921626757374
2023-06-14 10:00:00,0.7973359999999999,0.42954907458043096,3.969796256028327,0.7905211343133
2023-06-14 11:00:00,0.426558,0.4287542620224603,0.02815159323444909,0.7809532133204532
2023-06-14 12:00:00,0.219163,0.42508099260799526,2.6394480750801774,0.5958317369027254
2023-06-14 13:00:00,0.3543093333333333,0.3742707271532531,0.2558642973671789,0.6469529982399954
2023-06-14 14:00:00,0.1864846666666666,0.5052399108947387,4.085791169308581,0.8129931342974142
2023-06-14 15:00:00,0.1609963333333333,0.4704826559925589,3.966982526687756,0.8172111043087936
2023-06-14 16:00:00,0.2033996666666666,0.48814601870691265,3.649866635061342,0.7428884719733295
2023-06-14 17:00:00,0.3104043333333333,0.45383732599947846,1.8385180022435137,0.8832094666150351
2023-06-14 18:00:00,0.2992496666666666,0.6039869989322448,3.906110169715294,0.8653513177168204
2023-06-14 19:00:00,0.5809943333333333,0.9429073840968996,4.638986098717435,1.0552264702424843
2023-06-14 20:00:00,0.9517066666666666,1.150833746667477,2.5524024459826067,0.9805664093239695
2023-06-14 21:00:00,1.6651616666666669,1.5012973397483464,1.7687088543314986,1.2806077591881333
2023-06-14 22:00:00,1.509051666666667,1.5446726241919675,0.45658791920943026,1.6098775047956757
2023-06-14 23:00:00,1.8155663333333327,1.237652494252018,6.237851419200809,1.582724366106309
2023-06-15 00:00:00,1.869947,1.3477235444018638,5.636743928508751,1.5278263417082227
2023-06-15 01:00:00,1.5258353333333334,1.0537452334967206,5.095617547310748,1.4440445267386133
2023-06-15 02:00:00,1.3710909999999998,1.0986501790962233,2.9406552437373574,1.3659027820451546
2023-06-15 03:00:00,1.227304666666667,1.4931302287953596,3.4073407543525236,1.2775956671812005
2023-06-15 04:00:00,1.263458666666667,1.0694249724277134,2.0943491453765493,1.3587117026663216
2023-06-15 05:00:00,0.9915476666666668,1.3091953314058895,4.071594262506915,1.3446724206411618
2023-06-15 06:00:00,0.6536356666666667,1.0332772142535982,4.866229217309683,1.725453799856981
2023-06-15 07:00:00,0.3561659999999999,0.7713186879005595,5.321409504168542,1.0642527395544468
2023-06-15 08:00:00,0.3720353333333333,0.4162652154820851,0.5669367490425572,0.5304931626392595
2023-06-15 09:00:00,0.144477,0.4081132653698094,3.379278441570492,0.502829307596986
2023-06-15 10:00:00,0.086927,0.2838636302789584,2.5243253545702573,0.5220225267224289
2023-06-15 11:00:00,0.1943216666666667,0.11304079887821905,0.8773245113735753,0.5603191122889518
2023-06-15 12:00:00,0.047998,0.07011051795726178,0.28343731510912323,0.4720244693511795
2023-06-15 13:00:00,0.0153273333333333,0.06058681812746976,0.5801341519797124,0.4720244693511795
2023-06-15 14:00:00,0.0434026666666666,0.13087675835342608,1.1212391884643869,0.5538924619932858
2023-06-15 15:00:00,0.006108,0.09189343572850679,1.0995940681811502,0.545657029268097
2023-06-15 16:00:00,0.013615,0.06099362604048562,0.6072972143845958,0.5560653605304829
2023-06-15 17:00:00,0.1090416666666666,0.06409683383406864,0.4851228164327047,0.6170076730296116
2023-06-15 18:00:00,0.0756096666666666,0.0723733746939447,0.03493169242509014,0.720855233555838
2023-06-15 19:00:00,0.0858103333333333,0.14607835572375955,0.7725129488326371,0.7243383193923103
2023-06-15 20:00:00,0.2022223333333333,0.5155047444445994,4.015640627083318,0.8044519169062763
2023-06-15 21:00:00,0.1884103333333333,1.1076285001039947,11.782499383044915,1.0949856935670663
2023-06-15 22:00:00,0.0917636666666666,1.7257380336864259,20.94421397148566,1.5777516568987506
2023-06-15 23:00:00,0.5249223333333333,1.256353525730651,9.375453928894508,1.5375890634659215
2023-06-16 00:00:00,0.256649,1.3736528120220934,14.31770737543826,1.3841633361100234
2023-06-16 01:00:00,0.8004893333333333,1.094581817240944,3.769664956006141,1.2972291306769856
2023-06-16 02:00:00,0.7128360000000001,0.655801666372857,0.6156137384160979,1.180600005016658
2023-06-16 03:00:00,0.0632443333333333,0.5654263246542643,6.436947415543602,0.9640944889201397
2023-06-16 04:00:00,0.0046903333333333,0.5814425941664554,7.3927859599531525,1.0594120329344812
2023-06-16 05:00:00,0.0,0.5388385054723352,6.906809055561923,1.2761190496351873
2023-06-16 06:00:00,0.2544046666666666,0.6236082208910015,4.7324354621371905,1.603256083368797
2023-06-16 07:00:00,0.1435943333333333,0.5913353601286842,5.739125446697488,1.04452697683824
2023-06-16 08:00:00,0.1207976666666666,0.29080512592333146,2.1791483852434026,0.5332635883397762
2023-06-16 09:00:00,0.0266056666666666,0.2328309051369979,2.6433863394816908,0.475841706376685
2023-06-16 10:00:00,0.0539256666666666,0.2431701200921725,2.425727358679377,0.5576840065272796
2023-06-16 11:00:00,0.0721726666666666,0.2755028370504924,2.606277479826576,0.5538420058994027
2023-06-16 12:00:00,0.0841836666666666,0.28572704059586734,2.5833743988330746,0.4590419408650178
2023-06-16 13:00:00,0.1033826666666666,0.44807391380664136,4.418237752018894,0.6200419124017376
2023-06-16 14:00:00,0.0165849999999999,0.17217512497313736,1.9943476073197042,0.49992034745662145
2023-06-16 15:00:00,0.0205063333333333,0.1408132365932904,1.5420887713919056,0.5239447836646057
2023-06-16 16:00:00,0.4367266666666667,0.4173350029171372,0.20930856653814717,0.8559470484200244
2023-06-16 17:00:00,0.1307009999999999,0.19379284395540533,0.8087085736037228,0.8760335650932755
2023-06-16 18:00:00,0.1012186666666666,0.19391765082518772,1.1882116380421455,0.7170378975644395
2023-06-16 19:00:00,0.0962886666666666,0.17097451444081835,0.9573200216577963,0.9822730913781558
2023-06-16 20:00:00,0.3125246666666667,0.299130781492124,0.14457010715896332,1.104771633527104
2023-06-16 21:00:00,0.6899946666666666,0.33945133499897967,3.783673397423162,1.0883201552471105
2023-06-16 22:00:00,1.1587,0.365178581558735,8.56506346008028,1.2243167502644543
2023-06-16 23:00:00,0.0,0.5589578341499687,7.164697755221009,1.2994709258981385
2023-06-17 00:00:00,0.0,0.570043218041064,7.3067897346653545,1.3016964387456695
2023-06-17 01:00:00,0.0,0.6538845624496634,8.381464522956874,1.3132935903252296
2023-06-17 02:00:00,0.0,0.7303674452175404,9.361818862767088,1.3212424291683547
2023-06-17 03:00:00,0.0,0.7571705992974931,9.705380552284362,1.248680544611436
2023-06-17 04:00:00,0.0776973333333333,0.8345328398727884,9.701085347557594,1.292275941586785
2023-06-17 05:00:00,0.132159,0.6703256344384669,6.8981970412129785,1.4359394515387327
2023-06-17 06:00:00,0.294075,0.5939121095373239,3.8432993231071624,1.65011289192977
2023-06-17 07:00:00,0.2241836666666666,0.5265473290083127,3.8756845695419018,1.0632400770428607
2023-06-17 08:00:00,0.04914,0.35734182682843585,3.9505179137363235,0.594041685643729
2023-06-17 09:00:00,0.004037,0.37501070065275677,4.75512512380266,0.802625794683629
2023-06-17 10:00:00,0.0470746666666666,0.5677164148114044,6.673563793733535,0.9814191478016737
2023-06-17 11:00:00,0.4829556666666666,0.3738611309160342,1.1775379972573812,0.7946021756860422
2023-06-17 12:00:00,0.666201,0.3444875770405228,3.4724908736808437,0.7958727167608444
2023-06-17 13:00:00,0.5114103333333333,0.7212406369739692,2.689595911572914,1.0716649977430612
2023-06-17 14:00:00,0.5726233333333334,0.7544274273965008,2.3303571486841066,1.2182844783174311
2023-06-17 15:00:00,0.3290473333333333,0.44913605140870366,1.5392920829715555,0.9530478960871168
2023-06-17 16:00:00,0.168482,0.4142848788573779,3.150690851402956,0.9520118651241357
2023-06-17 17:00:00,0.3004026666666666,0.37016238950265207,0.8941771616241919,0.819739622881451
2023-06-17 18:00:00,0.2456313333333333,0.28203723091521915,0.4666492474846692,0.6615644184983139
2023-06-17 19:00:00,0.239012,0.19632292411960944,0.46077476356713004,0.5764850398480235
2023-06-17 20:00:00,0.065034,0.599653990686852,6.852736312382857,0.6614245265654557
2023-06-17 21:00:00,0.0,0.7443834637557853,9.541475592528847,0.8878474043953024
2023-06-17 22:00:00,0.0,0.6095780068476894,7.813544976850525,1.2299479583134394
2023-06-17 23:00:00,0.0,0.5910882378634499,7.576543904064071,1.3597428617940936
2023-06-18 00:00:00,0.0048006666666666,0.4633880512610971,5.878153599856068,1.37231713423078
2023-06-18 01:00:00,0.0924519999999999,0.4633880512610971,4.7546425355009525,1.4085484603323628
2023-06-18 02:00:00,0.111656,0.4624378026814797,4.496306234022782,1.2730848475836325
2023-06-18 03:00:00,0.0,0.4450712948933523,5.704904936675692,1.2470406751114704
2023-06-18 04:00:00,0.0,0.4927720828755386,6.316331609132971,1.2203023910174697
2023-06-18 05:00:00,0.0,0.7152321161275954,9.167814857938763,1.424615577207668
2023-06-18 06:00:00,0.0040226666666666,0.6032579826819227,7.680972805458079,1.0723785107681794
2023-06-18 07:00:00,0.0,0.5516823784435797,7.071441273277167,0.8875011771686262
2023-06-18 08:00:00,0.0,0.2778457464092335,3.5614149654477156,0.5499872868668738
2023-06-18 09:00:00,0.0,0.19262245966437855,2.469026499040437,0.5111376725414725
2023-06-18 10:00:00,0.0,0.18391471551785032,2.357411004761613,0.5004971621233697
2023-06-18 11:00:00,0.0003476666666666,0.18987969618542058,2.42941349681694,0.5004971621233697
2023-06-18 12:00:00,0.0,0.18448795039969904,2.3647587051072776,0.5750468144661786
2023-06-18 13:00:00,0.0,0.17678841067729728,2.2660663322752224,0.4877360711130314
2023-06-18 14:00:00,0.0,0.1702209292522884,2.1818846345720786,0.4877360711130314
2023-06-18 15:00:00,0.0,0.18158069994421278,2.3274936923644756,0.4723075372431263
2023-06-18 16:00:00,0.011104,0.1846335891849249,2.224294896927915,0.4723075372431263
2023-06-18 17:00:00,0.0131273333333333,0.35185492183833994,4.341795829168239,0.6874013343609133
2023-06-18 18:00:00,0.002845,0.4188299260086286,5.332077096856923,0.8405774241811806
2023-06-18 19:00:00,0.0,0.30534573052600333,3.9139085927526533,0.5334365034990269
2023-06-18 20:00:00,0.0,0.28575266561642243,3.6627655196994717,0.5483825470793213
2023-06-18 21:00:00,0.0,0.49361505100752334,6.327136738811739,0.6415511593021967
2023-06-18 22:00:00,0.0,0.4644859728648741,5.953761453540576,0.8662929238754187
2023-06-18 23:00:00,0.103304,0.4037535828105686,3.8511499794856037,1.0626669392273647
2023-06-19 00:00:00,0.7181546666666667,1.136926684513969,5.367801921557711,1.6865613765065044
2023-06-19 01:00:00,0.0098836666666666,1.1706530947302407,14.878693181255109,1.9298563489619935
2023-06-19 02:00:00,0.0154233333333333,1.0631012801655744,13.429091382677658,1.6677803321861175
2023-06-19 03:00:00,0.0936853333333333,0.932429149782479,10.750982581820985,1.4073037317806227
2023-06-19 04:00:00,0.3602256666666666,0.5017876362702682,1.8145353081704294,0.8083307797623573
2023-06-19 05:00:00,0.3447853333333333,0.7108884569206961,4.692694274040751,0.9851329618251093
2023-06-19 06:00:00,0.0611493333333333,0.584069175412024,6.702764304930584,0.966210673697227
2023-06-19 07:00:00,0.0822743333333333,0.46423867332281843,4.896002671576996,0.8279005950581816
2023-06-19 08:00:00,0.6595169999999999,0.33535967229221136,3.4988697448407367,0.6231581354907891
2023-06-19 09:00:00,0.293556,0.4387878301892638,1.8615754251410657,0.7622760537809171
2023-06-19 10:00:00,0.2189116666666666,0.44738847238757673,2.928605982521165,0.807535425785774
2023-06-19 11:00:00,0.1718156666666666,0.45020911929551005,3.568435440486102,0.789400935155375
2023-06-19 12:00:00,0.1893736666666666,0.030842989414153386,1.7111388293771488,0.4781403355427523
2023-06-19 13:00:00,0.2431136666666666,0.029250595569117903,2.3083822731796215,0.4781403355427523
2023-06-19 14:00:00,0.199483,0.03804844978178318,1.742482477643278,0.4781403355427523
2023-06-19 15:00:00,0.1776093333333333,0.046735993703071604,1.4126127324549347,0.4724180259367563
2023-06-19 16:00:00,0.142477,0.051654812428246905,0.9803110313813895,0.4724180259367563
2023-06-19 17:00:00,0.044574,0.05403736996670891,0.12130107391806204,0.4724180259367563
2023-06-19 18:00:00,0.0411823333333333,0.14458626908997543,1.3254272525284236,0.5157415773051683
2023-06-19 19:00:00,6.833333333333299e-05,0.20963244486504465,2.6861838724373146,0.5544199654407489
2023-06-19 20:00:00,0.0,0.20830687944898074,2.670068725049444,0.6022006676034857
2023-06-19 21:00:00,0.0,0.34357084022022705,4.403876423753304,0.7352285861470884
2023-06-19 22:00:00,0.0,0.6989871908641732,8.959588096530949,1.094324802727559
2023-06-19 23:00:00,0.0,0.6191143791687526,7.935781791843159,1.1492436941026316
2023-06-20 00:00:00,0.0,0.684011292579394,8.767627668985376,1.2246701427686737
2023-06-20 01:00:00,0.0,1.125709410183847,14.429295362575473,2.0394444014157567
2023-06-20 02:00:00,0.0,0.2522255289571014,3.2330161073357897,0.8692345700033366
2023-06-20 03:00:00,0.0256276666666666,0.23559170624982212,2.6913101331986287,0.8195399419292088
2023-06-20 04:00:00,0.4853833333333334,0.4672616090245851,0.19560117106277874,0.909636026135496
2023-06-20 05:00:00,1.1276183333333332,0.39443919257774374,7.913744635291868,1.228415251905401
2023-06-20 06:00:00,0.0,0.43699093108293363,5.6013311768733685,1.1683535619762426
2023-06-20 07:00:00,0.0042193333333333,0.41541414796652465,5.2706776528880495,1.145602698478844
2023-06-20 08:00:00,0.0349789999999999,0.31039728188900806,3.5302998284260014,0.7796933103453304
2023-06-20 09:00:00,0.0695113333333333,0.2020541719678232,1.6989284708376842,0.7026494280733396
2023-06-20 10:00:00,0.030813,0.18327517193682918,1.9542536382786302,0.6579916964147806
2023-06-20 11:00:00,0.0273566666666666,0.18862630319291593,2.067147344955038,0.6713168696432511
2023-06-20 12:00:00,0.0100666666666666,0.16250867279034198,1.9539951537429316,0.6337886957098914
2023-06-20 13:00:00,0.0,0.15865075384905908,2.033578618135087,0.6080027521293296
2023-06-20 14:00:00,0.0037256666666666,0.13826666345292565,1.724540777079582,0.6080027521293296
2023-06-20 15:00:00,0.0194943333333333,0.13158045348211703,1.4367151229621387,0.5974950828482248
2023-06-20 16:00:00,0.013508,0.1036512730841826,1.1554526421419398,0.5974950828482248
2023-06-20 17:00:00,0.0152756666666666,0.11954752474894458,1.3365522440005368,0.6209958067395319
2023-06-20 18:00:00,0.0003289999999999,0.24692798103603936,3.1608952552844345,0.7894114861009324
2023-06-20 19:00:00,0.0,0.411264995830421,5.271577232490533,0.9788697934570852
2023-06-20 20:00:00,0.0,0.5136027204441246,6.583337835916489,1.138400393712545
2023-06-20 21:00:00,0.0,0.15332466752826734,1.9653090701025038,0.644090274365189
2023-06-20 22:00:00,0.1251656666666667,0.5915547934514682,5.9781559995776306,1.1664448452498704
2023-06-20 23:00:00,0.2323309999999999,0.40162492605020894,2.170002346937411,0.9937707454790085
2023-06-21 00:00:00,0.3430306666666667,0.2470497650530409,1.0359928467857427,0.6531389493511255
2023-06-21 01:00:00,0.191801,0.5606452073444785,4.727829369108067,1.0408448116033595
2023-06-21 02:00:00,0.0377749999999999,0.3550063076743106,4.0662574153494155,0.7323739701358911
2023-06-21 03:00:00,0.0,0.3436256291249585,4.404578705604917,0.7918951621714097
2023-06-21 04:00:00,0.0030573333333333,0.5950389101725044,7.587994685076444,0.8145817684130237
2023-06-21 05:00:00,0.038092,0.28298681147336796,3.1390512822792855,0.832520887907451
2023-06-21 06:00:00,0.4359853333333333,0.14584507594324536,3.1316983500604394,0.6325871769489544
2023-06-21 07:00:00,0.6517583333333333,0.09256014704506824,6.0358395388105075,0.516613496837149
2023-06-21 08:00:00,0.7233690000000002,0.10033239969594787,6.724894748322243,0.3941724537709614
2023-06-21 09:00:00,0.1641193333333333,0.15891711578253315,0.05615138094605176,0.3916677984993769
2023-06-21 10:00:00,0.071117,0.15891711578253315,1.125418151463787,0.3916677984993769
2023-06-21 11:00:00,0.0834916666666666,0.18420476088018445,1.2909361600241087,0.4002192922130422
2023-06-21 12:00:00,0.2136546666666666,0.1605317497873979,0.573394925053538,0.4145310367339723
2023-06-21 13:00:00,0.1274346666666667,0.0673941950740592,0.6480612084472606,0.3620443357085396
2023-06-21 14:00:00,0.0722053333333333,0.1759492966042713,1.3297857107511155,0.3722622534732049
2023-06-21 15:00:00,0.061721,0.056968782457820055,0.051294198088354066,0.2726613329544074
2023-06-21 16:00:00,0.0475566666666666,0.04571238589514445,0.01990668617026402,0.2640889041339895
2023-06-21 17:00:00,0.042328,0.04340445842648401,0.013797998347312651,0.2737293820120783
2023-06-21 18:00:00,0.0463183333333333,0.04337899982493087,0.0317264001257336,0.2522719414520113
2023-06-21 19:00:00,0.0264516666666666,0.04536725208433536,0.24245916972746345,0.2557066310830834
2023-06-21 20:00:00,0.0,0.04168739127247248,0.5343472090790449,0.246532192070705
2023-06-21 21:00:00,0.0,0.009743171794436106,0.12488756185068477,0.2621699975649198
2023-06-21 22:00:00,0.0,0.0806644436777202,1.0339534097823428,0.456069072498688
2023-06-21 23:00:00,0.003661,0.30876945263505795,3.9108671748338844,0.7890326210115766
2023-06-22 00:00:00,0.0,0.21608155044359292,2.769724127334645,0.6901320261758099
2023-06-22 01:00:00,0.0,0.28793759463481394,3.690771846969566,0.8707620117140467
2023-06-22 02:00:00,0.0,0.44380481830765794,5.688671293641842,1.076734465817195
2023-06-22 03:00:00,0.068131,0.10537784847408371,0.47742852026960825,0.5125070810999032
2023-06-22 04:00:00,0.0647509999999999,0.5124660511488387,5.738792491964797,1.0245071375707666
2023-06-22 05:00:00,0.8028783333333335,0.46457372548931014,3.651571800939495,1.1291191148232436
2023-06-22 06:00:00,0.8560256666666668,0.37442530677093283,5.198268816747488,0.7861294444811424
2023-06-22 07:00:00,0.6158253333333333,0.3441443726005837,2.932453511012339,0.7988631284422903
2023-06-22 08:00:00,0.4115439999999999,0.2708333941945896,1.518793620715464,0.7930693349013633
2023-06-22 09:00:00,0.184357,0.17764799075848142,0.07241529790178554,0.8114244081777037
2023-06-22 10:00:00,0.2779836666666666,0.19135537568540964,0.935043204190065,0.7891337661746236
2023-06-22 11:00:00,0.1312793333333333,0.165892797324789,0.443673909924069,0.4503802405548469
2023-06-22 12:00:00,0.0613816666666666,0.05162955837458379,0.1052617162563041,0.2992378827104205
2023-06-22 13:00:00,0.1108209999999999,0.06077944251087761,0.5401355345612677,0.2777784362715386
2023-06-22 14:00:00,0.2762686666666666,0.33738837767364394,0.7834298573118438,0.7470733439409412
2023-06-22 15:00:00,0.1508246666666666,0.2275299263987383,0.9832047582833746,0.6423306464777726
2023-06-22 16:00:00,0.2865183333333333,0.10057123156575093,2.0070645729838406,0.3976754196393303
2023-06-22 17:00:00,0.232546,0.03996710389193531,2.078646433360098,0.2682579808301005
2023-06-22 18:00:00,0.037615,0.03885881753325146,0.01594320026293839,0.2731848511895263
2023-06-22 19:00:00,0.7789119999999999,0.09992762288694501,7.328780475516366,0.3976754196393303
2023-06-22 20:00:00,1.8726253333333327,0.2979597149545631,16.996530448180973,0.7949202859494103
2023-06-22 21:00:00,1.832396333333333,0.591760544370844,13.391099491912467,1.1894798127137691
2023-06-22 22:00:00,0.6103663333333333,0.7759266639795502,2.1221452797749727,1.6425208632296564
2023-06-22 23:00:00,1.337086,0.8024837354307557,5.770357567578532,1.6585573193332916
2023-06-23 00:00:00,1.2274823333333331,0.9569377336467233,2.9201879259284866,1.831857078110356
2023-06-23 01:00:00,1.6536236666666666,1.0432653988833869,6.588048130090155,1.937665207183021
2023-06-23 02:00:00,1.8152153333333327,1.1476780647427336,7.205223368359949,1.9326411442196825
2023-06-23 03:00:00,2.0190583333333327,1.1410086412390636,9.477439624331982,1.8123421942447515
2023-06-23 04:00:00,2.397116,1.4070610605498168,10.686395084349476,1.953561100361312
2023-06-23 05:00:00,2.4733493333333336,1.4351081127961873,11.206505248767998,2.0089676742116733
2023-06-23 06:00:00,2.298631,1.424663770630461,9.43337458525665,2.063036061567764
2023-06-23 07:00:00,2.4921756666666663,1.4022395871123743,11.76448608929969,2.0280499824520626
2023-06-23 08:00:00,2.4978546666666666,1.0752758843138708,15.354944762234291,1.803761848372595
2023-06-23 09:00:00,2.480903333333333,1.0667227634909915,15.264296644323906,1.7562659656081592
2023-06-23 10:00:00,2.4375196666666668,0.9532835526791583,16.02045793674682,1.7562659656081592
2023-06-23 11:00:00,2.494725,1.065891414570844,15.422457477120506,1.7562659656081592
2023-06-23 12:00:00,2.5237826666666665,1.3634054763380465,12.524809087468793,1.7562659656081592
2023-06-23 13:00:00,2.5040493333333336,1.235941816368726,13.68762216695054,1.7562659656081592
2023-06-23 14:00:00,2.292589333333333,1.0492933525582118,13.419812909296885,1.7515168546894029
2023-06-23 15:00:00,1.629612,0.7763491010522188,9.209897436638323,1.2235558547908016
2023-06-23 16:00:00,1.4602916666666668,0.23455079526067477,13.230327632276136,0.8809661084473579
2023-06-23 17:00:00,1.391514,0.1002796208102313,13.937247492729568,0.5951548767136148
2023-06-23 18:00:00,0.8647843333333334,0.013793980200289413,9.185368169164486,0.3849985637084793
2023-06-23 19:00:00,0.4710046666666667,0.04596358640803854,4.587782687337366,0.4969326342698951
2023-06-23 20:00:00,0.167443,0.06631831404694745,1.091513514871425,0.4535087136162737
2023-06-23 21:00:00,0.0,0.06371168698591344,0.8166536952174555,0.7781275178097725
2023-06-23 22:00:00,0.0,0.08157327001425883,1.0456027071272604,1.0560961550555044
2023-06-23 23:00:00,0.0,0.08796423622098952,1.1275218402666867,1.0346785857433414
2023-06-24 00:00:00,0.0,0.23729026978524392,3.041576590211961,1.3043034738129151
2023-06-24 01:00:00,0.0,0.2349479199610402,3.0115524497453796,1.2422596676154616
2023-06-24 02:00:00,0.0006466666666666,0.22855022333690725,2.9212581005601574,1.2535663067701883
2023-06-24 03:00:00,0.0,0.3098788182411317,3.972013518370507,1.289270030102228
2023-06-24 04:00:00,0.3813166666666666,0.4333303049905112,0.6667086047849208,1.3408995376164916
2023-06-24 05:00:00,0.5939153333333332,0.3915389648549155,2.1843977976588653,1.3128940988494089
2023-06-24 06:00:00,0.110863,0.40383035635870557,3.7552431189166984,1.442796823119074
2023-06-24 07:00:00,0.0,0.3713882482609494,4.760438777420856,0.9166615463822682
2023-06-24 08:00:00,0.0,0.2819795111109001,3.614401385655391,0.6043532589392827
2023-06-24 09:00:00,0.0,0.08130042372643576,1.0421053750094285,0.4345802674258736
2023-06-24 10:00:00,0.0,0.08130042372643576,1.0421053750094285,0.4237466060574464
2023-06-24 11:00:00,0.0,0.07530633497544428,0.9652734002252595,0.4000788105432349
2023-06-24 12:00:00,0.0,0.07530633497544428,0.9652734002252595,0.3908243546235977
2023-06-24 13:00:00,0.0,0.07530633497544428,0.9652734002252595,0.3908243546235977
2023-06-24 14:00:00,0.0,0.09536694152983671,1.2224094022050886,0.4040315336572143
2023-06-24 15:00:00,0.0,0.08462333219070342,1.0846982744379672,0.4040315336572143
2023-06-24 16:00:00,0.0020909999999999,0.08171151553863151,1.0205723832759082,0.4040315336572143
2023-06-24 17:00:00,0.0,0.08490101958924698,1.0882576597072044,0.4040315336572143
2023-06-24 18:00:00,0.0,0.08094544154558884,1.0375552285066514,0.524301664327058
2023-06-24 19:00:00,0.0,0.24178359688245557,3.0991718659196965,0.5847839242825433
2023-06-24 20:00:00,0.0,0.4962548371730555,6.3609734056565905,0.7177585074911675
2023-06-24 21:00:00,0.0,0.9207519581258062,11.802159455429258,1.452350512064252
2023-06-24 22:00:00,0.0,0.835850795316866,10.713899959938114,1.3725104186965194
2023-06-24 23:00:00,0.0,0.6283774625594128,8.05451560094419,1.501691189862396
2023-06-25 00:00:00,0.1323683333333333,0.4236315302252824,3.7333992753205587,1.4472570256854282
2023-06-25 01:00:00,0.7649239999999999,0.3891018617018317,4.056526250482221,1.4472570256854282
2023-06-25 02:00:00,0.325997,0.36160753775422294,0.4564543590267318,1.3548020919886383
2023-06-25 03:00:00,0.227663,0.2891499167688278,0.7881366851562646,1.2392049660003075
2023-06-25 04:00:00,0.0197276666666666,0.38254077034059075,4.650522938658551,1.3557877016202606
2023-06-25 05:00:00,0.0623576666666666,0.46010773858935683,5.098343512399723,1.450416820932513
2023-06-25 06:00:00,0.00174,0.3877683032407122,4.948094379760399,0.9981333624764716
2023-06-25 07:00:00,0.0,0.34379186091548314,4.406709457628868,0.7179314464932075
2023-06-25 08:00:00,0.0,0.18982507999312792,2.4331698053390425,0.613842586683148
2023-06-25 09:00:00,0.0,0.09235599363203473,1.1838152000551616,0.4972598510631943
2023-06-25 10:00:00,0.0,0.09235599363203473,1.1838152000551616,0.4972598510631943
2023-06-25 11:00:00,0.0,0.09323599996719069,1.1950950838475776,0.4972598510631943
2023-06-25 12:00:00,0.0,0.09483074236938019,1.2155364241617332,0.4972598510631943
2023-06-25 13:00:00,0.0,0.08266366998711769,1.0595794076233103,0.4883275626054668
2023-06-25 14:00:00,0.0,0.08070349143410332,1.0344539222636286,0.3673074703229356
2023-06-25 15:00:00,0.0078386666666666,0.08070349143410332,0.9339782261746752,0.3673074703229356
2023-06-25 16:00:00,0.0083206666666666,0.08493688862750705,0.9820634759169854,0.4199918147731959
2023-06-25 17:00:00,0.0,0.08454347635166021,1.083674685688014,0.3673074703229356
2023-06-25 18:00:00,0.0,0.08317894226253521,1.066184145743898,0.4883275626054668
2023-06-25 19:00:00,0.0,0.289075644035107,3.7053593158007523,0.7777652273234238
2023-06-25 20:00:00,0.0,0.15643264278577593,2.0051469648242364,0.6680309988976677
2023-06-25 21:00:00,0.0,0.11131748125290994,1.4268627422718898,0.6383358038006725
2023-06-25 22:00:00,0.0,0.12373880250285899,1.5860787099874645,0.5751162145583518
2023-06-25 23:00:00,0.0,0.13314099705278323,1.7065956400139246,0.6765034367128685
2023-06-26 00:00:00,0.0,0.1791654694954609,2.296535371150802,1.010186890865277
2023-06-26 01:00:00,0.0,0.1917234964801093,2.457503627161997,1.2057248133623093
2023-06-26 02:00:00,0.0,0.18939078288418398,2.4276030034598244,1.1322898357628115
2023-06-26 03:00:00,0.0,0.18939078288418398,2.4276030034598244,1.0928960636395353
2023-06-26 04:00:00,0.0,0.24165367361300955,3.097506514975351,1.2160589909274948
2023-06-26 05:00:00,0.0,0.3151871137185575,4.040055024129165,1.4272837074982028
2023-06-26 06:00:00,0.0,0.31431157160378376,4.028832362523821,1.1185756882885474
2023-06-26 07:00:00,0.0,0.29638254009608084,3.7990187988730417,0.8158572479366621
2023-06-26 08:00:00,0.0,0.21740950229453887,2.7867457577049985,0.5905827721791366
2023-06-26 09:00:00,0.0,0.1647142484409228,2.1113002340369134,0.4201261091175262
2023-06-26 10:00:00,0.0,0.21149951003739803,2.7109917282038216,0.5582428018333245
2023-06-26 11:00:00,0.0048336666666666,0.397401385390022,5.031916329407465,0.983306439785356
2023-06-26 12:00:00,0.0856286666666666,1.0618136567729402,12.51269770273646,1.878866036432087
2023-06-26 13:00:00,0.4260179999999999,1.0252140806845411,7.680469888656984,1.941345352667592
2023-06-26 14:00:00,1.1478373333333334,1.0364091098283557,1.2027272148984665,1.959409939486544
2023-06-26 15:00:00,1.3809023333333337,0.9660631741068196,4.477665809551725,1.743563719203484
2023-06-26 16:00:00,1.3129906666666666,0.6123575664400257,7.562451152814279,1.743563719203484
2023-06-26 17:00:00,1.5671023333333332,0.656431232970684,9.829546606553969,1.8020177676233124
2023-06-26 18:00:00,1.9913256666666663,0.6522443273064723,14.453695115575881,1.8104269045301555
2023-06-26 19:00:00,1.9151486666666664,0.6755470698910948,13.379936690877724,1.8104269045301555
2023-06-26 20:00:00,1.5229643333333331,0.714839999337097,8.722683526185374,1.8444555364126407
2023-06-26 21:00:00,1.3352136666666667,1.0090737072460478,3.5202697550278805,1.8732705544444543
2023-06-26 22:00:00,0.867027,0.8540721465104083,0.13983131352945108,1.6196208150300535
2023-06-26 23:00:00,0.706339,1.1570964043619232,5.777789246110882,1.7609784586291255
2023-06-27 00:00:00,0.5219923333333333,0.9493515485543997,5.477872252428038,1.583050141274445
2023-06-27 01:00:00,0.8268236666666667,1.397982545739217,7.32109023033697,1.9509182898815955
2023-06-27 02:00:00,0.2970566666666667,1.1243500785870906,10.604211783361624,1.7724123789552988
2023-06-27 03:00:00,0.5689556666666666,0.9482040890744436,4.8611901554761685,1.6876316190382294
2023-06-27 04:00:00,0.8613546666666666,0.4102450918597603,4.869159226049264,1.3907334268343643
2023-06-27 05:00:00,0.3179213333333333,0.4232632189100672,1.3502678109345112,1.4964754287078967
2023-06-27 06:00:00,0.2473676666666666,0.2577034102657468,0.1324831220506722,1.4066268922240373
2023-06-27 07:00:00,0.275099,0.2548345728190797,0.2187289476416385,1.0200233363011897
2023-06-27 08:00:00,0.0531393333333333,0.3669363131847617,4.0222363473189136,0.8897867724791106
2023-06-27 09:00:00,0.0725353333333333,0.2687808675013775,2.5154669140010526,0.6818767917895436
2023-06-27 10:00:00,0.0680246666666666,0.49544562850108675,5.478663717892978,1.0274930311392536
2023-06-27 11:00:00,0.228,0.8376630493901076,7.814635048543837,1.2893752876829252
2023-06-27 12:00:00,0.2240143333333333,0.5074719810764255,3.633348078166969,1.049321808673124
2023-06-27 13:00:00,0.4464549999999999,0.6040903768736616,2.020563559231054,1.049321808673124
2023-06-27 14:00:00,0.552286,0.5142576699052606,0.41046788778825294,1.0933318269306254
2023-06-27 15:00:00,0.4614333333333332,0.8730705981447305,5.2763489604624585,1.299936474205663
2023-06-27 16:00:00,0.5483336666666666,0.5781141760309454,0.3817253029757869,1.2568023548900755
2023-06-27 17:00:00,0.5310506666666667,0.4482139179034796,0.8941182852721448,1.0331116942258576
2023-06-27 18:00:00,0.7652853333333334,0.6664477397528944,1.0668272356415835,1.218608607835284
2023-06-27 19:00:00,0.8828903333333332,0.6915096517595737,2.0657132178392446,1.3545334484078768
2023-06-27 20:00:00,0.920275,1.008366457877515,1.129152562051472,1.5946473815301143
2023-06-27 21:00:00,0.4311016666666666,0.3507712231575437,0.8670658793099213,1.0824903869779774
2023-06-27 22:00:00,0.0,0.057848906678813004,0.7415048264847803,0.8899531757208188
2023-06-27 23:00:00,0.0,0.07514796566689337,0.963243429160991,0.8887416232406649
2023-06-28 00:00:00,0.0,0.13623430367479133,1.7462455127894183,0.9817988841201049
2023-06-28 01:00:00,0.0,0.1580036824925435,2.025284484996144,1.1354668196493274
2023-06-28 02:00:00,0.0,0.11214526788543903,1.4374732761360451,0.8605069807185909
2023-06-28 03:00:00,0.0,0.12306804189696538,1.5774809290570926,0.8258231710549325
2023-06-28 04:00:00,0.0,0.15555964396023614,1.993956902992171,0.9003154162850605
2023-06-28 05:00:00,0.0,0.253829725982136,3.253578636603631,0.9776215751682183
2023-06-28 06:00:00,0.0,0.27405579849185085,3.5128355741643467,1.0058257670802937
2023-06-28 07:00:00,0.0,0.2573008948755817,3.2980719319103944,0.6606473765244498
2023-06-28 08:00:00,0.0,0.1796262382181966,2.3024414850502177,0.5121714229988817
2023-06-28 09:00:00,0.0,0.1074951736483828,1.3778685658944063,0.2239529269893927
2023-06-28 10:00:00,0.0,0.11059665374553539,1.417623205926824,0.3822990293718258
2023-06-28 11:00:00,0.0,0.17377493717432718,2.2274397570256212,0.4303676702172769
2023-06-28 12:00:00,0.0295533333333333,0.2454429331688536,2.7672637126007458,0.5289434948260302
2023-06-28 13:00:00,0.0236066666666666,0.15336385544231568,1.6632221293730902,0.4303676702172769
2023-06-28 14:00:00,0.010878,0.15282059130034276,1.8194141008979288,0.4303676702172769
2023-06-28 15:00:00,0.078866,0.14492482000717644,0.846739146500595,0.4303676702172769
2023-06-28 16:00:00,0.0284726666666666,0.15785907539538435,1.6584694864944562,0.4568736827739542
2023-06-28 17:00:00,0.048699,0.14602539990399632,1.247525656342827,0.4303676702172769
2023-06-28 18:00:00,0.0040006666666666,0.28467559352347577,3.597679280148102,0.5998456540228401
2023-06-28 19:00:00,0.0311993333333333,0.5188445497181762,6.250615652413148,0.9129622862713008
2023-06-28 20:00:00,0.0827816666666666,0.6030502680598615,6.668780814535804,1.1244186336623372
2023-06-28 21:00:00,0.073084,0.47389701992572303,5.137604249687825,0.8744576256009818
2023-06-28 22:00:00,0.0,0.23836302367162185,3.0553271039216847,1.0579845440953677
2023-06-28 23:00:00,0.0,0.13615883913869067,1.7452782115738956,0.8776251298902519
2023-06-29 00:00:00,0.0,0.3020622683119343,3.8718213136821866,0.9898219498229788
2023-06-29 01:00:00,0.0,0.19402313200165255,2.486980257512985,0.951507222708391
2023-06-29 02:00:00,0.0,0.032576109773976535,0.41755919017823806,0.7799891095842783
2023-06-29 03:00:00,0.0,0.03180319088218796,0.4076519486823084,0.7512408460026564
2023-06-29 04:00:00,0.0,0.09022245812739166,1.1564676326594083,0.7228706167565008
2023-06-29 05:00:00,0.0,0.1705001084016448,2.185463141039816,0.9144377070870188
2023-06-29 06:00:00,0.0,0.17150091597941244,2.1982914500244184,0.8174695764304966
2023-06-29 07:00:00,0.0,0.1463599562304878,1.8760356967775755,0.5955463817953807
2023-06-29 08:00:00,0.0,0.045324696417760185,0.5809700317989868,0.2455651221723544
2023-06-29 09:00:00,0.0,0.0,0.0,0.1474999309212351
2023-06-29 10:00:00,0.0,0.0,0.0,0.1474999309212351
2023-06-29 11:00:00,0.0,0.0,0.0,0.1407485454156377
2023-06-29 12:00:00,0.0068556666666666,0.0,0.07399827994120206,0.1407485454156377
2023-06-29 13:00:00,0.0,0.0,0.0,0.1407485454156377
2023-06-29 14:00:00,0.0,0.0,0.0,0.2514476401839825
2023-06-29 15:00:00,0.0399556666666666,0.13204485573962957,1.1803953105596128,0.3627873894758035
2023-06-29 16:00:00,0.1530836666666666,0.11877717789340454,0.37029530218946494,0.3627873894758035
2023-06-29 17:00:00,0.3160023333333333,0.0,3.410846860126407,0.2739353514185097
2023-06-29 18:00:00,0.2939523333333333,0.0,3.172844904658397,0.1644387687520526
2023-06-29 19:00:00,0.0222226666666666,0.0,0.23986567448437263,0.1474999309212351
2023-06-29 20:00:00,0.0,0.0,0.0,0.1474999309212351
2023-06-29 21:00:00,0.0053,0.019033893561315712,0.17604046380142943,0.3059141002137438
2023-06-29 22:00:00,0.0,0.020885929974807153,0.2677149624958206,0.3516112567711688
2023-06-29 23:00:00,0.0,0.020885929974807153,0.2677149624958206,0.4581304290678307
2023-06-30 00:00:00,0.0,0.04505620625691051,0.5775285363315085,0.6214567059677649
2023-06-30 01:00:00,0.0,0.05698397703633233,0.7304181950981223,0.6709125130561396
2023-06-30 02:00:00,0.0,0.04208798097802939,0.539481950894647,0.5017797645629475
2023-06-30 03:00:00,0.0,0.042959852403533776,0.5506575617609877,0.5017797645629475
2023-06-30 04:00:00,0.0,0.07516685470217006,0.9634855480121403,0.625977280939021
2023-06-30 05:00:00,0.0,0.13786944965619854,1.7672047444643135,0.6415407985244783
2023-06-30 06:00:00,0.0,0.12992665683959362,1.6653943638121542,0.4935775411289201
2023-06-30 07:00:00,0.0,0.11765576484271686,1.5081065918672778,0.3431135023066468
2023-06-30 08:00:00,0.0,0.06472520578704319,0.8296449361227226,0.3707494785398746
2023-06-30 09:00:00,0.0,0.007385560024068773,0.09466779440700772,0.1191252208521494
2023-06-30 10:00:00,0.0,0.025847130416143074,0.3313074188378925,0.1329505539624238
2023-06-30 11:00:00,0.0,0.13574006305772887,1.739910357571509,0.3067322242146321
2023-06-30 12:00:00,0.0269059999999999,0.356901163448489,4.229863976034429,0.8124346946762435
2023-06-30 13:00:00,0.569096,0.3468731565809334,2.398615477705183,1.0051056366777835
2023-06-30 14:00:00,1.1905179999999995,0.28977690070280526,9.722364762047043,0.5240294777645976
2023-06-30 15:00:00,1.196064,0.2417249267496802,10.300887329392502,0.475022705088317
2023-06-30 16:00:00,0.875826,0.3468731565809334,5.70937918748762,0.9760707498803696
2023-06-30 17:00:00,0.8765446666666666,0.29682772056064166,6.257313686674692,0.6194978762335424
2023-06-30 18:00:00,0.6508103333333334,0.1766133807283436,5.118358367209019,0.4005121609909444
2023-06-30 19:00:00,0.5383940000000002,0.1279696643054704,4.430013354510526,0.5474330314648532
2023-06-30 20:00:00,0.1892599999999999,0.06555928164238516,1.335193327070743,0.6165968129974023
2023-06-30 21:00:00,0.019652,0.05889276658361952,0.5029864778304156,0.5995185553269219
2023-06-30 22:00:00,0.0,0.04208798097802939,0.539481950894647,0.5017797645629475
2023-06-30 23:00:00,0.0,0.042959852403533776,0.5506575617609877,0.6372830719604684
2023-07-01 00:00:00,0.0,0.0357851597519486,0.45869265636989315,0.7446829753796288
2023-07-01 01:00:00,0.0,0.03188626601171253,0.4087168021607905,0.7167956039663882
2023-07-01 02:00:00,0.0,0.04464494831217751,0.5722570494796849,0.746286560510357
2023-07-01 03:00:00,0.0335766666666666,0.25200254399588384,2.7997736096904653,0.8798306467639566
2023-07-01 04:00:00,0.18686,0.19379866743603863,0.0889395442123331,0.8990783063082339
2023-07-01 05:00:00,0.30601,0.343119764053849,0.47567137799889425,1.1091901317927852
2023-07-01 06:00:00,0.2643113333333333,0.3510052708291695,1.1112392052117424,1.1157781319567168
2023-07-01 07:00:00,0.7142826666666668,0.44716905611384816,2.8831547230699024,1.1002765075039842
2023-07-01 08:00:00,0.339593,0.8616336779196001,6.69149521611517,1.3287171063334635
2023-07-01 09:00:00,0.566619,1.1532332455212098,7.519196460423584,1.655672716778731
2023-07-01 10:00:00,1.087759666666667,1.1203815435027107,0.41814583043412595,1.6398476682936465
2023-07-01 11:00:00,2.123991666666667,1.147107415574419,10.54423410548107,1.6637243116097196
2023-07-01 12:00:00,2.020379333333333,1.2367347260913424,8.458455733131725,1.7315397289816992
2023-07-01 13:00:00,2.068131,1.1969543348056044,9.403253962556287,1.655672716778731
2023-07-01 14:00:00,1.872369333333333,1.198028496421159,7.27865931233705,1.6623756507284737
2023-07-01 15:00:00,1.5091703333333335,1.198028496421159,3.3583839280274934,1.655672716778731
2023-07-01 16:00:00,1.200318,1.1966176721710948,0.039940374564722304,1.762643665528517
2023-07-01 17:00:00,1.0341196666666668,1.1601622006351886,1.615607841976047,1.7285667042488142
2023-07-01 18:00:00,1.3187430000000002,1.1504750000458985,1.8162409538216433,1.7810599406147656
2023-07-01 19:00:00,1.4265779999999997,1.1627152698756806,2.8480655666537755,1.7073888866576028
2023-07-01 20:00:00,1.3385046666666665,1.2599710992809843,0.8476708665610476,1.5174520497633168
2023-07-01 21:00:00,0.4738946666666666,1.4521690581155051,12.539479560318968,2.1197779736001388
2023-07-01 22:00:00,0.3645633333333333,1.747614049923084,17.727885287763524,2.2222026818404843
2023-07-01 23:00:00,0.297399,1.733523108060949,18.408177763338056,2.1947082641885545
2023-07-02 00:00:00,0.475237,1.428311453625276,12.216467828618743,1.7318609350871932
2023-07-02 01:00:00,1.0318003333333334,1.7207663005005225,8.831136477214194,2.1957606550593667
2023-07-02 02:00:00,1.420012,1.7441269382229558,4.154491499078915,2.1768560472772225
2023-07-02 03:00:00,1.5176686666666668,1.5725199249874255,0.703081097269938,1.9043905426674976
2023-07-02 04:00:00,1.314724,1.7486204642151828,5.56166643211727,2.16850392280326
2023-07-02 05:00:00,0.881572,1.8249928125365813,12.092727867548044,2.323368957480613
2023-07-02 06:00:00,1.0836393333333334,1.4620044431253034,4.849867891918928,1.8171027855275208
2023-07-02 07:00:00,1.426738,1.8269101159942118,5.129389170340391,2.393929029830307
2023-07-02 08:00:00,0.647195,1.66038919717897,12.987080145625908,2.011515596503576
2023-07-02 09:00:00,0.0,1.4898724371491996,19.097121560594413,2.0549826327078584
2023-07-02 10:00:00,0.0,1.264953620312476,16.214121728330362,1.8754934161157677
2023-07-02 11:00:00,0.0,1.264953620312476,16.214121728330362,1.83975785596328
2023-07-02 12:00:00,0.0,1.2002225119355068,15.384401133060901,1.629706144976962
2023-07-02 13:00:00,0.0,1.172778268201374,15.032621983610921,1.83975785596328
2023-07-02 14:00:00,0.0,1.1517773358426282,14.763432925446859,1.915977425904568
2023-07-02 15:00:00,0.0,1.1970032653229192,15.343136966840234,1.808759842026458
2023-07-02 16:00:00,0.0,1.1970032653229192,15.343136966840234,1.808759842026458
2023-07-02 17:00:00,0.0,1.1980515596407995,15.3565739588408,1.803668872341845
2023-07-02 18:00:00,0.0,1.208828683709885,15.494714676991642,1.6336632550311907
2023-07-02 19:00:00,0.4911183333333332,0.44606434230724573,0.4863010415350113,1.2126652579199562
2023-07-02 20:00:00,0.6597999999999999,0.8231945993911396,2.0943850286188885,1.3077160058338144
2023-07-02 21:00:00,0.5717016666666667,1.3150379613427,9.528053023782771,1.5408373772827595
2023-07-02 22:00:00,1.1356123333333332,0.8902730243485395,2.64812858465085,1.4864385480299471
2023-07-02 23:00:00,1.764705,1.4405892429716731,3.498421041756745,1.8582105485929985
2023-07-03 00:00:00,1.7673643333333338,1.4182951621789712,3.7677616928950473,2.1584388750212984
2023-07-03 01:00:00,1.773383333333333,1.5541874214855325,2.365943566910209,2.247124235887333
2023-07-03 02:00:00,2.0289456666666665,1.450173826217531,6.247112462435982,2.0784436737333407
2023-07-03 03:00:00,1.6971533333333335,1.3420298214441784,3.833110669491431,1.6169561705741482
2023-07-03 04:00:00,1.5561106666666666,0.815691341980041,7.9918932944090875,1.370904561504208
2023-07-03 05:00:00,1.3748253333333331,1.4339609278926995,0.7579975370368919,2.0475799178972784
2023-07-03 06:00:00,1.5507023333333334,1.2214514850345213,3.5538478791210175,1.6452050666468248
2023-07-03 07:00:00,1.257936,1.1441007350754326,1.2287081928918822,2.133727179712471
2023-07-03 08:00:00,1.0627416666666665,0.9812536946312079,0.8795599406603926,1.7982770444869425
2023-07-03 09:00:00,1.172556,0.979467418251269,2.08414784738062,1.7982770444869425
2023-07-03 10:00:00,2.133471666666667,1.0201495395447657,12.01690899414136,1.7205077592642266
2023-07-03 11:00:00,2.3927326666666664,0.931800098895578,15.768925529996384,1.7205077592642266
2023-07-03 12:00:00,2.180305,1.2835299326961274,9.679556445953654,1.9968051154256876
2023-07-03 13:00:00,2.128266333333333,1.0305335734377117,11.8486414256895,1.7205077592642266
2023-07-03 14:00:00,1.951706333333333,0.9844779413023409,10.440011278347175,1.7205077592642266
2023-07-03 15:00:00,1.572972,1.2326654172206655,3.673180596830743,1.9449618614047568
2023-07-03 16:00:00,1.8370876666666671,1.217174507682466,6.691181136444049,1.9449618614047568
2023-07-03 17:00:00,1.8188043333333328,1.331194322650157,5.263135421694926,2.036957752170631
2023-07-03 18:00:00,2.0752770000000003,0.9692143677242869,11.93855189803693,1.7110283873022984
2023-07-03 19:00:00,1.9023916666666665,0.9715242523517948,10.047540357750103,1.7587484045593138
2023-07-03 20:00:00,1.6950176666666663,1.1079035462336653,6.337156859226079,1.9307353202888828
2023-07-03 21:00:00,0.9297873333333332,1.3055784729475415,4.81687485160729,1.8379376031814685
2023-07-03 22:00:00,1.221944666666667,1.2298030486585874,0.10072840628990203,1.5676938590500882
2023-07-03 23:00:00,1.558004333333333,1.3804858832679385,1.9160879023679915,1.920675646045568
2023-07-04 00:00:00,2.014755333333333,1.411324887256273,6.513271027450065,1.9813729197634424
2023-07-04 01:00:00,2.120614,1.4491169971181068,7.247963708698351,2.064110798900679
2023-07-04 02:00:00,1.301478,1.451273634372559,1.9200740731420356,1.9004921253498923
2023-07-04 03:00:00,1.4136866666666663,1.3964225338936327,0.18634455144858786,1.715866924493126
2023-07-04 04:00:00,1.5683796666666667,1.3342569227673733,2.5270599032910646,1.6464409924317776
2023-07-04 05:00:00,1.0489976666666667,1.3492292430753223,3.8483555826939653,1.7756802296793046
2023-07-04 06:00:00,1.168923,0.6201840761609575,5.922944984811953,1.169409050346372
2023-07-04 07:00:00,1.0621033333333336,1.095799618573887,0.43191755168692253,1.5804676692980335
2023-07-04 08:00:00,0.6768186666666667,1.1100626656703587,5.553303160774563,1.7075892738619154
2023-07-04 09:00:00,0.9270076666666668,1.099890409097166,2.2160036427290115,1.8078477521280865
2023-07-04 10:00:00,0.5063240000000001,0.9838589010062315,6.121022059708839,1.661032242461601
2023-07-04 11:00:00,0.8460496666666668,0.9677618919737108,1.5601021296471622,1.5359001710695916
2023-07-04 12:00:00,1.0351036666666669,0.9643732296767957,0.7634459099635467,1.6341964128414932
2023-07-04 13:00:00,1.0170146666666666,0.9637918712909851,0.5744729875231732,1.6853948130364675
2023-07-04 14:00:00,1.1409113333333336,0.9143982639945688,2.4449230585799087,1.3185322005768292
2023-07-04 15:00:00,0.735561,0.3565889392238111,4.090525693082745,1.0048102933130445
2023-07-04 16:00:00,0.7908036666666666,0.32722534857164304,5.0037435927068845,0.8389252391727625
2023-07-04 17:00:00,0.3767049999999999,0.3244281683427903,0.564262501591286,0.8346277008415581
2023-07-04 18:00:00,0.4552819999999999,0.3240317566861954,1.4166809326230203,0.8466189927481195
2023-07-04 19:00:00,0.2407246666666666,0.5074425557282076,3.418778563042377,1.0612017039148944
2023-07-04 20:00:00,0.1258233333333333,0.1689430300511557,0.5527064393860958,0.5647353718339487
2023-07-04 21:00:00,0.0190916666666666,0.0814323872042141,0.7990807055660475,0.3237543330741114
2023-07-04 22:00:00,0.0,1.2557271152334182,16.0958567784724,1.8611923602730749
2023-07-04 23:00:00,0.0,1.159818724402389,14.8665071021432,1.6056818491068308
2023-07-05 00:00:00,0.4139246666666667,0.6423801838100629,2.92833310643963,1.0993549368741282
2023-07-05 01:00:00,0.7310399999999999,1.383511453543927,8.36335135307849,1.6786074516589466
2023-07-05 02:00:00,1.163719,1.3991667334074733,3.017959037253246,1.953574389238696
2023-07-05 03:00:00,0.9552573333333332,1.423689589109769,6.00434474013308,1.9981965309480685
2023-07-05 04:00:00,1.0517536666666667,1.3965277639025069,4.419299721025499,2.0126690085799868
2023-07-05 05:00:00,0.9418836666666666,1.3519850709154828,5.256662365065166,1.998638635649831
2023-07-05 06:00:00,0.6456949999999999,1.309327203631443,8.506409373224521,1.9577999136396
2023-07-05 07:00:00,0.813017,1.5101296576171106,8.935560409061928,2.0189173682158223
2023-07-05 08:00:00,1.263564666666667,1.5569172683997365,3.760181177747403,2.168878038829745
2023-07-05 09:00:00,1.2868243333333331,1.6366366828239425,4.483879824236463,2.236896549064351
2023-07-05 10:00:00,2.0195453333333333,1.65086354552131,3.9794551675602494,2.200532308438165
2023-07-05 11:00:00,2.487079666666667,1.3678015212399495,12.081196704043833,2.119264331577285
2023-07-05 12:00:00,2.490802333333333,1.3593261550837754,12.212859092465553,2.034648811096506
2023-07-05 13:00:00,1.0726460000000002,1.3519165309958163,3.5796777937068205,2.034648811096506
2023-07-05 14:00:00,0.0,1.326899544485853,17.008141950884404,1.8784286423315968
2023-07-05 15:00:00,0.0,1.4925129836878488,19.130967973869552,1.917525253015782
2023-07-05 16:00:00,0.0,1.5489967670835325,19.854974708146518,1.9470743134605883
2023-07-05 17:00:00,0.9051413333333334,1.347722605503814,5.6729879312719875,1.890810886666917
2023-07-05 18:00:00,2.139750666666667,1.1471784966077887,10.713565415743279,1.9078760529530403
2023-07-05 19:00:00,1.864506666666667,1.2396185912885298,6.744879087920088,1.5903088097415738
2023-07-05 20:00:00,1.212233,0.6746222729946767,5.802830127339931,0.9895042548738532
2023-07-05 21:00:00,1.023040333333333,0.6247661526564785,4.298867746644488,0.9935658170540048
2023-07-05 22:00:00,1.481863666666667,0.7138523416630176,8.289714157480542,1.04815676951338
2023-07-05 23:00:00,0.5120993333333334,0.6185946203163106,1.3650520611253107,1.061099622762338
2023-07-06 00:00:00,0.1905716666666667,0.39108347103924446,2.5701517841112853,0.962732937670581
2023-07-06 01:00:00,0.239589,0.1452732151908311,1.018020009799648,0.7196563151024707
2023-07-06 02:00:00,0.1736843333333333,0.297098324563158,1.581915292898377,0.8562621837198391
2023-07-06 03:00:00,0.0229686666666666,0.15450554713186218,1.686034141789859,0.732113306804
2023-07-06 04:00:00,0.00486,0.2034041221813265,2.544930117435684,0.8860070414248142
2023-07-06 05:00:00,0.1383883333333333,0.1893051118183715,0.6526491020017828,0.8694146177351072
2023-07-06 06:00:00,0.163655,0.1551437124314889,0.09186862062839946,0.7249786988733705
2023-07-06 07:00:00,0.132872,0.1799212598170402,0.6030754121347831,0.8958802409317106
2023-07-06 08:00:00,0.0043939999999999,0.15393654510582894,1.9168299856806466,0.8205987249790447
2023-07-06 09:00:00,0.0,0.330074082040396,4.230875551190435,0.7427124837854474
2023-07-06 10:00:00,0.1120466666666666,0.33558104216663903,2.865254122066181,0.8414005822575213
2023-07-06 11:00:00,0.1972336666666666,0.3285796470803106,1.683587193044784,0.7972735157177023
2023-07-06 12:00:00,0.3014323333333333,0.26122962482516965,0.4339375619071817,0.7198297051260034
2023-07-06 13:00:00,0.3821113333333333,0.1594690360778261,2.4031429531383535,0.5635989966199736
2023-07-06 14:00:00,0.3935963333333333,0.16443658258222285,2.4734906482234056,0.5360053991567632
2023-07-06 15:00:00,0.2109643333333333,0.08719471110121117,1.3359370575411322,0.4068642245887719
2023-07-06 16:00:00,0.2021473333333333,0.08034223990428976,1.3147324454456248,0.4166423337639641
2023-07-06 17:00:00,0.0639043333333333,0.08402670338663899,0.25792768388315435,0.4113910295688759
2023-07-06 18:00:00,0.0267936666666666,0.1304138311270256,1.328198862860159,0.6477279429047388
2023-07-06 19:00:00,0.0102496666666666,0.13886333591610422,1.6485645447004325,0.8117476013820812
2023-07-06 20:00:00,0.0,0.11394622846844392,1.4605579123249615,0.6422555287078541
2023-07-06 21:00:00,0.0,0.5705905355925838,7.313805227772684,1.2500728822436804
2023-07-06 22:00:00,0.0,1.307216167958933,16.75584126735958,2.1444526734273257
2023-07-06 23:00:00,0.0,1.2593570926655313,16.14238567487639,1.870885828735706
2023-07-07 00:00:00,0.0,1.0535910025515591,13.504884679506787,1.8676582291427852
2023-07-07 01:00:00,0.0,0.7250615630388177,9.29380829056861,1.5768813544278
2023-07-07 02:00:00,0.0,0.8955571353092731,11.479213287671683,1.5556161251168998
2023-07-07 03:00:00,0.1066296666666666,0.9181792340683702,10.402407853637008,1.5440246236092008
2023-07-07 04:00:00,0.0680009999999999,0.7533830909129041,8.785198503747711,1.4890169247996683
2023-07-07 05:00:00,0.1771603333333333,0.558573856493351,4.888942324873698,1.2115718942056388
2023-07-07 06:00:00,0.0742523333333333,0.3304447298303945,3.283863246819989,0.8730785474941251
2023-07-07 07:00:00,0.0195916666666666,0.1284366431145461,1.3951702807943362,0.5310415364872982
2023-07-07 08:00:00,0.0,0.05639643559914745,0.7228871139343714,0.3131866660682529
2023-07-07 09:00:00,0.0,0.05712828821050884,0.7322679695936317,0.2931905600815658
2023-07-07 10:00:00,0.0009656666666666,0.06517334519733352,0.8230112937520713,0.2906953597964634
2023-07-07 11:00:00,0.0611839999999999,0.07693668503947038,0.2019172471437558,0.3836388687944616
2023-07-07 12:00:00,0.0724576666666666,0.07693668503947038,0.057411867086580415,0.3836388687944616
2023-07-07 13:00:00,0.1574903333333333,0.07393196966711763,0.9019072085381612,0.3836388687944616
2023-07-07 14:00:00,0.091552,0.062160516190944856,0.3172440190776182,0.3836388687944616
2023-07-07 15:00:00,0.1084806666666666,0.06918342828609914,0.4241641532456959,0.3836388687944616
2023-07-07 16:00:00,0.0185893333333333,0.06951199937698879,0.6527245684778421,0.3836388687944616
2023-07-07 17:00:00,0.0400166666666666,0.07045621030398946,0.39017277627021385,0.4026860817016006
2023-07-07 18:00:00,0.0,0.08441870957099917,1.0820754303976972,0.3907883763998304
2023-07-07 19:00:00,0.0,0.11880735967734513,1.5228676854999175,0.5353883876682791
2023-07-07 20:00:00,0.04513,0.27985531430862126,3.0086990999562837,0.8420519632432938
2023-07-07 21:00:00,0.2943613333333333,0.6909297040838656,5.083196517012535,1.5350878553445693
2023-07-07 22:00:00,0.8340926666666666,0.7584593020604323,0.8163668333291945,1.754281320511918
2023-07-07 23:00:00,1.1688660000000002,0.7959991951114308,4.024627151591315,1.5378885176984518
2023-07-08 00:00:00,0.7411476666666668,0.9255289561251481,2.3633915296972137,1.4813926862204392
2023-07-08 01:00:00,0.1833576666666667,0.5782778797552623,5.062070502169778,1.200340668772872
2023-07-08 02:00:00,0.042334,0.46117423221445386,5.368676290415872,0.9460738514585748
2023-07-08 03:00:00,0.0,0.6269449510883295,8.036153729808047,1.240333489844338
2023-07-08 04:00:00,0.0,0.6242925236557489,8.002155027739589,1.236530938261855
2023-07-08 05:00:00,0.132394,0.4858262471698417,4.530279518796549,0.95592410944578
2023-07-08 06:00:00,0.3214063333333333,0.43618826230182917,1.4712698858065834,0.8647833750960257
2023-07-08 07:00:00,0.313514,0.07744547057806389,2.548062205300602,0.1751002780519629
2023-07-08 08:00:00,0.3132149999999999,0.04971916320002573,2.8441054156949437,0.0802566332820723
2023-07-08 09:00:00,0.094308,0.06800765552165991,0.2838790664547494,0.2116994178687128
2023-07-08 10:00:00,0.0601583333333333,0.09802903411440067,0.4854250326187598,0.2741380092674165
2023-07-08 11:00:00,0.024371,0.0684880170765278,0.5654900493450098,0.2439869512020463
2023-07-08 12:00:00,0.2335056666666667,0.09850939566926853,1.4571145795133869,0.2741380092674165
2023-07-08 13:00:00,0.1454336666666666,0.09850939566926853,0.5064883562944025,0.2418504759340834
2023-07-08 14:00:00,0.0355433333333333,0.09258622908947813,0.7311734127438738,0.2418504759340834
2023-07-08 15:00:00,0.001584,0.0684880170765278,0.8575728466037702,0.2116994178687128
2023-07-08 16:00:00,0.0143923333333333,0.0684880170765278,0.6933961744563786,0.2116994178687128
2023-07-08 17:00:00,0.0,0.0684880170765278,0.8778764912633514,0.2262890274651133
2023-07-08 18:00:00,0.0,0.0925458010509404,1.1862481434814325,0.2985502450602619
2023-07-08 19:00:00,0.0,0.08096505908743039,1.037806685323978,0.2522749928528003
2023-07-08 20:00:00,0.0,0.04125105742025971,0.528754300311195,0.0970829872893654
2023-07-08 21:00:00,0.0,0.08901274528365731,1.1409615848568113,0.3218482773596036
2023-07-08 22:00:00,0.0,0.08227178847125616,1.0545562870130132,0.2925020620120038
2023-07-08 23:00:00,0.0,0.05687208213480667,0.7289839310073422,0.2864462009906351
2023-07-09 00:00:00,0.0,0.0760774092905332,0.9751569980154712,0.6277868410270707
2023-07-09 01:00:00,0.0,0.07115165132676692,0.9120188418441247,0.6229736940113497
2023-07-09 02:00:00,0.0,0.07479251824690294,0.958687319242651,0.5732353457085727
2023-07-09 03:00:00,0.0,0.0760774092905332,0.9751569980154712,0.5424707045605571
2023-07-09 04:00:00,0.0,0.07627405750473237,0.9776776264649922,0.5424707045605571
2023-07-09 05:00:00,0.0,0.09601286346035681,1.2306888020504867,0.6338007016021056
2023-07-09 06:00:00,0.0,0.10057724799630126,1.289194888987042,0.4792188976216759
2023-07-09 07:00:00,0.0,0.08788927704888432,1.1265610167853732,0.4535711990111025
2023-07-09 08:00:00,0.0,0.08496819223864903,1.0891186758715365,0.306678133002289
2023-07-09 09:00:00,0.0,0.06657459468717344,0.8533503244217241,0.2972458055061611
2023-07-09 10:00:00,0.0,0.04702155330889658,0.6027202712912816,0.2638808012184487
2023-07-09 11:00:00,0.0,0.04702155330889658,0.6027202712912816,0.2683792351440799
2023-07-09 12:00:00,0.0,0.052758534207605914,0.6762566485552961,0.2928864016964941
2023-07-09 13:00:00,0.0059783333333333,0.05195051665892296,0.5892694914570048,0.2928864016964941
2023-07-09 14:00:00,0.0,0.04702155330889658,0.6027202712912816,0.2638808012184487
2023-07-09 15:00:00,0.0022966666666666,0.04825989665833827,0.5891547280034761,0.2797232749331219
2023-07-09 16:00:00,0.0,0.0674355057686959,0.8643854460648603,0.3207872532143705
2023-07-09 17:00:00,0.0899486666666666,0.06970415135374522,0.21851402412595744,0.3207872532143705
2023-07-09 18:00:00,0.0166966666666666,0.046960447731789326,0.38791985909192755,0.3011878886538272
2023-07-09 19:00:00,0.0,0.04626644249839016,0.5930412930241536,0.2884172283178449
2023-07-09 20:00:00,0.0,0.07097835751291967,0.9097975691054517,0.3676315888737007
2023-07-09 21:00:00,0.0,0.06976856275285888,0.8942904713028649,0.3339396751022958
2023-07-09 22:00:00,0.0,0.08827749204942983,1.131537140158224,0.4385171284727286
2023-07-09 23:00:00,0.0,0.07024955936907568,0.9004558654809752,0.5145129551688545
2023-07-10 00:00:00,0.0,0.009907425622575565,0.1269929604368713,0.2789345865467725
2023-07-10 01:00:00,0.0,0.033128880716868134,0.4246445846243319,0.3427179575151548
2023-07-10 02:00:00,0.0,0.347131202944581,4.449513001792762,0.8778609777050064
2023-07-10 03:00:00,0.0,0.039705777032388534,0.5089469619937984,0.2854751899088408
2023-07-10 04:00:00,0.026687,0.24549268843590924,2.8046420123091753,0.5376985380756937
2023-07-10 05:00:00,0.0158493333333333,0.3438879251351673,4.204784723847121,0.8808842632297362
2023-07-10 06:00:00,0.0357129999999999,0.28152448931262425,3.1508012198522497,0.6048521172803721
2023-07-10 07:00:00,0.709314,0.35149224955903335,3.862234753466502,0.9208465855191738
2023-07-10 08:00:00,0.3266283333333333,0.3385105230992019,0.15230540327266906,0.9549914960949624
2023-07-10 09:00:00,0.390914,0.965327393761163,7.362806461256782,1.4836807929487292
2023-07-10 10:00:00,1.0139933333333333,0.9630305164914013,0.5500793680062525,1.4836807929487292
2023-07-10 11:00:00,1.2283053333333336,0.9633869416854557,2.85946010211497,1.4916604172767376
2023-07-10 12:00:00,1.0458463333333332,0.33024546958294815,7.724009292843025,0.8945386570399547
2023-07-10 13:00:00,0.6465866666666666,0.3391143488326638,3.3187760950918004,0.9073438729228188
2023-07-10 14:00:00,0.5921966666666667,0.3415518271680511,2.705395098804356,0.9184840669825998
2023-07-10 15:00:00,0.72984,0.33218592165865557,4.292174523585908,0.8945386570399547
2023-07-10 16:00:00,0.627729,0.34298204854979647,3.0734844108255315,0.8475604454400704
2023-07-10 17:00:00,0.5222226666666667,0.22837459798272033,3.1717194991962536,0.5572213652124396
2023-07-10 18:00:00,0.5806426666666668,0.12831073234577822,4.88235305619043,0.4883628347303921
2023-07-10 19:00:00,0.2908510000000001,0.033510160424111826,2.7776699791764576,0.3215401965569973
2023-07-10 20:00:00,0.1498683333333333,0.015933637996491667,1.4456562083982079,0.2839985320908191
2023-07-10 21:00:00,0.0905356666666666,0.010413131717550525,0.864821768478168,0.2464903022513148
2023-07-10 22:00:00,0.0,0.2393521841723492,3.0680061211679357,0.6079834375780807
2023-07-10 23:00:00,0.3522993333333333,0.3874796342927558,0.4509396020815891,1.1390459356880989
2023-07-11 00:00:00,0.8512666666666665,0.24531606495901134,6.54047293076822,0.9408064642808792
2023-07-11 01:00:00,0.5062793333333333,0.24033858096630514,2.8704951973690043,0.8944032584266651
2023-07-11 02:00:00,0.582508,0.21688489257793708,3.946440568287587,0.5502745894121787
2023-07-11 03:00:00,0.6089046666666666,0.17535224344267125,4.679651905904999,0.5702249473164972
2023-07-11 04:00:00,0.0852973333333333,0.07138556488453113,0.15016000430082002,0.4079949358347224
2023-07-11 05:00:00,0.1171766666666666,0.049201442355446004,0.7337068621064454,0.3411948618663971
2023-07-11 06:00:00,0.0101386666666666,0.030566315154108827,0.26184072987364776,0.2837232320088924
2023-07-11 07:00:00,0.0,0.011875000191121322,0.15221324760920832,0.2478958380024132
2023-07-11 08:00:00,0.0,0.013297416679877315,0.17044572169104596,0.1923923596121137
2023-07-11 09:00:00,0.0,0.010492097258272035,0.13448725660714733,0.2038252167795051
2023-07-11 10:00:00,0.0,0.033164082025025056,0.425095793495778,0.3101992188918155
2023-07-11 11:00:00,0.0051653333333333,0.08020892164136036,0.9619055246124258,0.3684421748227192
2023-07-11 12:00:00,0.0800343333333333,0.03115515012391966,0.5275891694113185,0.3028077369859452
2023-07-11 13:00:00,0.1258463333333333,0.011704183041080063,1.2320206335999897,0.1964337348736348
2023-07-11 14:00:00,0.1592696666666666,0.004066993324363268,1.6752172221918817,0.1563387006080143
2023-07-11 15:00:00,0.0832286666666666,0.016083828831477378,0.7247438868189326,0.1946890639299179
2023-07-11 16:00:00,0.5217959999999999,0.6596554939575083,1.767077132741749,1.3191668177692597
2023-07-11 17:00:00,0.4786089999999999,0.6948454657411435,2.7717098250327523,1.6932275716437508
2023-07-11 18:00:00,0.3294056666666667,0.11777657122797833,2.284269321919908,0.4174299529908052
2023-07-11 19:00:00,0.524645,0.20158674379243108,3.487006653400763,0.8254181683366348
2023-07-11 20:00:00,0.494871,0.6442608383651891,1.914872597171129,1.290199762076355
2023-07-11 21:00:00,0.0439916666666666,0.003579450851691319,0.43619892919543585,0.1861142976211469
2023-07-11 22:00:00,0.0,0.6785074420129606,8.697079546409432,1.4369144851646014
2023-07-11 23:00:00,0.2250696666666666,0.6535980046355151,5.492858018106321,1.3485610505430217
2023-07-12 00:00:00,2.249783333333333,0.7970218795286209,15.680728654606378,1.8213096824209205
2023-07-12 01:00:00,2.52187,0.8052472902324397,18.52877830954529,1.5067566756976367
2023-07-12 02:00:00,2.5121796666666665,0.8118590190895881,18.352818097323258,1.8019976577096504
2023-07-12 03:00:00,1.0578393333333331,0.3339931109282193,7.813007546056655,0.9879849127663978
2023-07-12 04:00:00,1.531995,0.8215339479134155,7.668531504783079,1.8136524818904105
2023-07-12 05:00:00,1.9731743333333327,0.8182682699586267,12.465755168482612,1.830534843389239
2023-07-12 06:00:00,0.5851946666666666,0.8352105884754819,3.2046934568458454,1.7611394023321445
2023-07-12 07:00:00,0.23136,0.7968360827948245,7.248248389241179,1.780725948227583
2023-07-12 08:00:00,1.0573286666666664,0.7342015625416615,3.487749779885101,1.3960250464162762
2023-07-12 09:00:00,1.497302,0.7196739611133891,8.393514461758148,1.4257129197622882
2023-07-12 10:00:00,1.2184883333333336,0.7787701287107212,4.746203743993849,1.4632060621565313
2023-07-12 11:00:00,1.1697863333333336,0.7858127798739643,4.144510502101153,1.6802465907968067
2023-07-12 12:00:00,1.1430633333333335,0.7672288033450838,4.05666000315664,1.4420840343401748
2023-07-12 13:00:00,1.104089,0.7727597583297161,3.5762815157034233,1.6944152738086056
2023-07-12 14:00:00,1.8509596666666668,0.7728405879806778,11.636936460527656,1.7523078849975275
2023-07-12 15:00:00,1.4257036666666665,0.713812032588251,7.6839728341034,1.3887598443401752
2023-07-12 16:00:00,1.854641,0.713812032588251,12.313810662065624,1.3887598443401752
2023-07-12 17:00:00,1.5519686666666666,0.5289017034374912,11.042718268628686,1.1784580998587224
2023-07-12 18:00:00,1.5620973333333332,0.30186451430905475,13.602624728922502,0.7262238512073023
2023-07-12 19:00:00,1.5832343333333336,0.3011629607960978,13.838344386096045,0.7420548988130589
2023-07-12 20:00:00,0.99902,0.7112568424138339,3.1060405540660625,1.4045908919459318
2023-07-12 21:00:00,0.6678466666666667,0.2993093241346376,3.977896062839309,0.9424713634792724
2023-07-12 22:00:00,0.2947466666666666,0.31961135704854404,0.3187145442450414,0.8545592939027893
2023-07-12 23:00:00,0.7047036666666666,0.3396739125018769,3.9400360678107464,0.8604760769517367
2023-07-13 00:00:00,0.0816116666666666,0.23805553465820542,2.0052908490344894,0.9222805038972428
2023-07-13 01:00:00,0.025972,0.28103232169118497,3.2693523600860397,1.0878943267761043
2023-07-13 02:00:00,0.2936526666666667,0.16182228024497483,1.4229428461889373,0.6687717749319521
2023-07-13 03:00:00,0.2437963333333333,0.3354537668457702,1.1748610861399666,1.329116708278273
2023-07-13 04:00:00,0.2806356666666666,0.6704277630365648,4.99633852008058,1.6692502263138165
2023-07-13 05:00:00,0.6797556666666668,0.3141150690778085,3.946629352591385,1.3550863464173737
2023-07-13 06:00:00,1.4400413333333335,0.22353551826135537,13.130646840151304,0.8603323953359352
2023-07-13 07:00:00,0.7842356666666668,0.27345288154471875,5.513256311946487,1.069165343141855
2023-07-13 08:00:00,0.6340096666666666,0.27345920792338607,3.8916877199904247,1.145850865314502
2023-07-13 09:00:00,0.2786436666666667,0.67575272961487,5.090127086615895,1.6194698723807497
2023-07-13 10:00:00,0.3585939999999999,0.6826179137022679,4.153324750642454,1.8866495871991036
2023-07-13 11:00:00,0.8075426666666667,0.6826179137022679,1.3484052377272118,1.7998548534921124
2023-07-13 12:00:00,1.4912876666666668,0.6211316261986287,9.39223760515619,1.5739888453757014
2023-07-13 13:00:00,1.402381,0.666349752140523,7.944529536331753,1.6341326834611285
2023-07-13 14:00:00,1.803598,0.6918762960048445,11.999634443858293,1.7983604283695185
2023-07-13 15:00:00,1.432954,0.67575272961487,8.173033244196027,1.6341326834611285
2023-07-13 16:00:00,1.2877983333333334,0.6736177730652918,6.629304959375597,1.6341326834611285
2023-07-13 17:00:00,1.404351,0.6754486972438938,7.867581560140081,1.6424831357626806
2023-07-13 18:00:00,1.0826623333333334,0.6435371603006049,4.739802715511005,1.638795240915348
2023-07-13 19:00:00,0.887953,0.26656770391304596,6.707071000805601,1.0623891980561746
2023-07-13 20:00:00,0.4383356666666666,0.2756572682635249,1.755908250900306,1.0564366954146471
2023-07-13 21:00:00,0.2887316666666666,0.29250107316763596,0.04831609228105871,1.0924941810523838
2023-07-13 22:00:00,0.0,0.2463300778550324,3.1574484657421373,0.9361126228664124
2023-07-13 23:00:00,0.0,0.22691618383245493,2.908601997501494,0.8665581339523102
2023-07-14 00:00:00,0.0,0.03479803323167687,0.44603971059865194,0.3468790263736553
2023-07-14 01:00:00,0.0,0.05686377200835961,0.7288774121598313,0.3408763289364045
2023-07-14 02:00:00,0.0,0.10567064708704407,1.3544818619970647,0.3729261888354391
2023-07-14 03:00:00,0.0,0.04774150348300432,0.6119485620158316,0.3574817415610958
2023-07-14 04:00:00,0.0,0.049532998942998244,0.634911874660383,0.353006819855419
2023-07-14 05:00:00,0.0,0.07621931930041759,0.9769759944891646,0.3631547589857395
2023-07-14 06:00:00,0.0,0.04091968201395382,0.5245067444408925,0.3217654366774458
2023-07-14 07:00:00,0.0,0.02107405780545158,0.270126377031163,0.2548314496290763
2023-07-14 08:00:00,0.0,0.02107405780545158,0.270126377031163,0.2464767844443384
2023-07-14 09:00:00,0.0,0.03004851502528986,0.3851605881449315,0.2581864598547668
2023-07-14 10:00:00,0.0,0.06625301842943598,0.8492283736211816,0.2324458650198556
2023-07-14 11:00:00,0.0042836666666666,0.07874507551606648,0.9544431730618743,0.2324458650198556
2023-07-14 12:00:00,0.0403433333333333,0.03004851502528986,0.1111195867801456,0.227810527999203
2023-07-14 13:00:00,0.054487,0.0793232817008664,0.318350402979577,0.2365394019216443
2023-07-14 14:00:00,0.0290933333333333,0.13513405555304933,1.3592254693146901,0.2444994731792484
2023-07-14 15:00:00,0.0092526666666666,0.0929236185858558,1.0724907046061363,0.2719824612090544
2023-07-14 16:00:00,0.0926373333333333,0.09317715802500613,0.006919449948354346,0.2719824612090544
2023-07-14 17:00:00,0.107769,0.483059915987544,4.81046300642666,0.768105264383155
2023-07-14 18:00:00,0.154501,0.13905029941873776,0.16677083681138932,0.266670543748484
2023-07-14 19:00:00,0.0555953333333333,0.3598641018377242,3.900104139344394,0.8093735061186492
2023-07-14 20:00:00,0.0122106666666666,1.058505776376005,13.411366235224698,1.5049572717731012
2023-07-14 21:00:00,0.0450226666666666,1.1076910832407163,13.62123858653996,1.8154029914506469
2023-07-14 22:00:00,0.2368789999999999,1.1076910832407163,11.162032262240619,1.8154029914506469
2023-07-14 23:00:00,0.4182193333333334,1.0533222977903884,8.140722798347642,1.5049572717731012
2023-07-15 00:00:00,1.2533433333333333,0.19256291123110464,11.44978751848125,0.9162578169574932
2023-07-15 01:00:00,0.754746,0.6046227129675974,1.6203916496597364,1.381418095729798
2023-07-15 02:00:00,0.5401426666666667,0.29785257214458516,2.6152161581308118,0.701717475412533
2023-07-15 03:00:00,0.2835473333333333,0.17229462267515938,1.2008327749551984,0.4819125404122608
2023-07-15 04:00:00,0.191437,0.02118400024009332,1.8376665245874124,0.1901714087545825
2023-07-15 05:00:00,0.061623,0.022208618695955598,0.42542856344328095,0.2072743174903787
2023-07-15 06:00:00,0.0734093333333333,0.03624413387670208,0.4011514805458892,0.2012439923912233
2023-07-15 07:00:00,0.1694966666666666,0.00438962562161287,1.7821223868598546,0.179774018959013
2023-07-15 08:00:00,0.27977,0.014304195827659643,2.865368730290469,0.1690650679137509
2023-07-15 09:00:00,0.0,0.12054992610319049,1.5452038278648674,0.2961514097154324
2023-07-15 10:00:00,0.032598,0.20077147104436457,2.1556404023062776,0.8869605463098439
2023-07-15 11:00:00,0.096463,0.20666183421797243,1.41252397213498,0.8776962465952579
2023-07-15 12:00:00,0.0279706666666666,0.8934591306412918,11.093794336810305,1.4020051144556356
2023-07-15 13:00:00,0.6152573333333333,0.35970890616373896,2.7583231466275655,0.6926721743311246
2023-07-15 14:00:00,0.3986206666666667,0.009347855178828694,4.201709312681882,0.1598007681991651
2023-07-15 15:00:00,0.146988,0.034043465070983776,1.219093885375548,0.1771948726621572
2023-07-15 16:00:00,0.0719336666666666,0.20951958184736352,1.7635704116112036,0.4943693956773473
2023-07-15 17:00:00,0.238916,0.9533425512038252,9.157489160992771,1.3949184562013168
2023-07-15 18:00:00,2.0662246666666664,0.8930828877754448,12.662586730944701,1.4599418564800666
2023-07-15 19:00:00,2.484115,0.8916818886176368,17.188308138821316,1.400245148875757
2023-07-15 20:00:00,1.107691,0.4078510306827686,7.55389030440695,0.918357296606744
2023-07-15 21:00:00,0.0,0.1872584508238825,2.40027086176248,0.4091022643417364
2023-07-15 22:00:00,0.0,0.32072008770961635,4.1109764495238394,0.695579171077893
2023-07-15 23:00:00,0.8377366666666667,0.8832983573754828,0.5840078145464291,1.3927818750936345
2023-07-16 00:00:00,0.2562176666666667,0.38962902716054965,1.7100611471080096,0.9442274553299148
2023-07-16 01:00:00,0.738765,0.905812211091157,2.1412040501066287,1.748781671519682
2023-07-16 02:00:00,1.3555733333333333,1.1626863277994264,2.081972086233049,1.9265327593228916
2023-07-16 03:00:00,0.6233569999999999,0.9781471818663294,4.5476854680064,1.8238183114062607
2023-07-16 04:00:00,1.6031476666666666,0.9806387614053422,6.71919894550773,1.8090570524410403
2023-07-16 05:00:00,2.251975,0.9234234329981994,14.34003949598719,1.4773474624326253
2023-07-16 06:00:00,1.740616,0.9208989405259234,8.84781238482165,1.824352368541282
2023-07-16 07:00:00,1.1478796666666666,0.9193427279688344,2.4667681771771797,1.748781671519682
2023-07-16 08:00:00,0.0,0.9012352876748343,11.551995603298776,1.4837423634620324
2023-07-16 09:00:00,0.0,0.8319242462068818,10.66356962037529,1.4837423634620324
2023-07-16 10:00:00,0.0,0.8319242462068818,10.66356962037529,1.463669752811519
2023-07-16 11:00:00,0.0,0.8319242462068818,10.66356962037529,1.463669752811519
2023-07-16 12:00:00,0.0,0.8933020933950635,11.450308256283696,1.463669752811519
2023-07-16 13:00:00,0.0,0.8955527218293564,11.479156715873742,1.841194310591568
2023-07-16 14:00:00,0.0,0.8831164681171467,11.319749344491733,1.4837423634620324
2023-07-16 15:00:00,0.0,0.8334213802862982,10.682759821357752,1.4837423634620324
2023-07-16 16:00:00,0.0,0.45229264721427387,5.797467923724702,1.039762052648174
2023-07-16 17:00:00,0.2708173333333333,0.42175310568811825,1.9346883133276458,1.039641351744025
2023-07-16 18:00:00,0.3325166666666666,0.4015287696114794,0.8845942016426227,1.0613557755894107
2023-07-16 19:00:00,0.5662203333333334,0.29647232017770814,2.9115897784421465,0.7157338681684565
2023-07-16 20:00:00,0.280968,0.5570639952562662,3.53898672955596,1.039762052648174
2023-07-16 21:00:00,0.0970016666666666,0.3945418048521069,3.81385684196961,0.9673137821348394
2023-07-16 22:00:00,0.0,0.12533881757241722,1.6065876351277961,0.4806367321452915
2023-07-16 23:00:00,0.0728293333333333,0.04330881284712704,0.31863680735376615,0.2615599240881079
2023-07-17 00:00:00,0.5804,0.043443304238454675,5.795770684484769,0.1983646336308364
2023-07-17 01:00:00,0.2635636666666667,0.020904881146249582,2.619195712714364,0.1685547937281919
2023-07-17 02:00:00,0.3560406666666667,0.05630693780375366,3.2352477818182153,0.1632057939921689
2023-07-17 03:00:00,0.0,0.036096812602575704,0.4626874093599678,0.1497692348766367
2023-07-17 04:00:00,0.0,0.05820632481032817,0.7460861968996637,0.176058394897795
2023-07-17 05:00:00,0.2197043333333333,0.06908155470014696,1.6257830318695492,0.1831462006507763
2023-07-17 06:00:00,0.3338826666666666,0.15860614381220822,1.8918891241267328,0.4912817026637798
2023-07-17 07:00:00,0.7767526666666668,0.16243834869424376,6.630748705189733,0.4559767399679473
2023-07-17 08:00:00,0.5585456666666666,0.8465803527619191,3.6920163611818286,1.446471420649265
2023-07-17 09:00:00,0.0792656666666666,0.9269864006870072,10.866048329613847,1.5384155106264554
2023-07-17 10:00:00,0.1967586666666667,0.929488665956266,9.392101980423735,1.5546452973465517
2023-07-17 11:00:00,0.5887656666666666,1.0217983441476326,5.550594450480149,1.8806567907878016
2023-07-17 12:00:00,0.5448136666666666,0.9243841054252594,4.865317747371079,1.5384155106264554
2023-07-17 13:00:00,0.7441926666666667,1.0742184321178718,4.2302562312042635,1.8593298901764883
2023-07-17 14:00:00,0.911636,1.0222484623107797,1.4178258394440577,1.758366198091892
2023-07-17 15:00:00,0.7852489999999999,1.0217983441476326,3.0320794368879516,1.874450766995744
2023-07-17 16:00:00,1.1200863333333335,1.0217983441476326,1.0608949489893627,1.874450766995744
2023-07-17 17:00:00,1.4191136666666668,1.0240975788597149,4.263700741014864,1.9107890399358385
2023-07-17 18:00:00,1.1801053333333331,0.9259439083329742,2.743352206558794,1.5224689464966483
2023-07-17 19:00:00,1.52657,0.8522351684866065,7.278594491627155,1.512453546528629
2023-07-17 20:00:00,1.4161156666666666,0.4252080108885218,10.695599082241284,1.0229114429373931
2023-07-17 21:00:00,0.8945469999999999,0.8701402890310984,0.2634396796889378,1.5163454124736584
2023-07-17 22:00:00,0.3413503333333333,0.41766390775751205,0.9781841526584772,0.8125335296959845
2023-07-17 23:00:00,0.0597863333333333,0.18053754715062906,1.547783925226946,0.6002474503899804
2023-07-18 00:00:00,0.8690676666666665,0.022721252756328383,9.135242699047543,0.2307396249184003
2023-07-18 01:00:00,0.3942923333333333,0.014755907565541902,4.096617301772046,0.2307396249184003
2023-07-18 02:00:00,0.1216243333333333,0.012262826626733102,1.180419612204025,0.2307396249184003
2023-07-18 03:00:00,0.0137783333333333,0.014755907565541902,0.012530504948943401,0.2307396249184003
2023-07-18 04:00:00,0.0,0.025193450723317343,0.3229285803250656,0.2360909166873858
2023-07-18 05:00:00,0.0,0.01958329472734103,0.2510178392725897,0.2442732000207191
2023-07-18 06:00:00,0.0,0.012504920022664855,0.1602875332302204,0.2442732000207191
2023-07-18 07:00:00,0.0,0.012504920022664855,0.1602875332302204,0.2442732000207191
2023-07-18 08:00:00,0.0,0.0121999060504637,0.15637787710157164,0.2460590171120357
2023-07-18 09:00:00,0.0,0.012451513165658745,0.15960296640759594,0.2407077253430502
2023-07-18 10:00:00,0.0,0.03645421962498215,0.467268637378768,0.3365778984514644
2023-07-18 11:00:00,0.0,0.04995341242289707,0.6403007167727339,0.3266097980268145
2023-07-18 12:00:00,0.0,0.01420452248963117,0.18207296539678078,0.2307396249184003
2023-07-18 13:00:00,0.0332156666666666,0.059726330552427556,0.33981256264272863,0.2307396249184003
2023-07-18 14:00:00,0.0,0.018062266059711427,0.2315213584742389,0.2307396249184003
2023-07-18 15:00:00,0.0951316666666666,0.027983262821006088,0.724782377406932,0.2307396249184003
2023-07-18 16:00:00,0.0,0.015476936800699375,0.19838271794204254,0.2307396249184003
2023-07-18 17:00:00,0.004001,0.051679077806825686,0.6111355743949827,0.2490143546891118
2023-07-18 18:00:00,0.0020846666666666,0.02929958141127916,0.3488396202117488,0.2555384084484093
2023-07-18 19:00:00,0.0,0.026368181027374607,0.33798622342129064,0.2589824551137616
2023-07-18 20:00:00,0.0,0.09156210632409247,1.1736391862924018,0.3934981729048132
2023-07-18 21:00:00,0.0,0.24680584323753527,3.1635468061888976,1.077246930485987
2023-07-18 22:00:00,0.0,0.5185435648262449,6.64666936915693,1.4298209767373735
2023-07-18 23:00:00,1.0947873333333331,0.2140750182550572,9.506179283146842,1.077246930485987
2023-07-19 00:00:00,1.099141666666667,0.23197040778816636,9.360020650282955,1.0041141312365371
2023-07-19 01:00:00,0.9079803333333332,0.059612175129914,9.157064880236186,0.4647830552218366
2023-07-19 02:00:00,0.7043223333333332,0.10800655423571785,6.436477165608272,0.7101286048602969
2023-07-19 03:00:00,0.0260156666666666,0.047156641327981814,0.2709841144447941,0.4105804433998759
2023-07-19 04:00:00,0.0,0.018922396895991116,0.24254647896702375,0.4306868588428252
2023-07-19 05:00:00,0.0,0.014240071198932717,0.18252862724132962,0.39863666684025
2023-07-19 06:00:00,0.0144269999999999,0.015871122717029378,0.018510703593052676,0.39863666684025
2023-07-19 07:00:00,0.0,0.025530095793256553,0.32724368251979136,0.4215275046546783
2023-07-19 08:00:00,0.0,0.0439327346881949,0.5631279255257358,0.3997124516501344
2023-07-19 09:00:00,0.0062463333333333,0.0647871469576841,0.7503736602977195,0.3912463649772552
2023-07-19 10:00:00,0.0861843333333333,0.23742615922663718,1.9386112945731606,0.7625705361249594
2023-07-19 11:00:00,0.1514063333333333,0.4702023376025449,4.0863136297830795,1.1518994146522412
2023-07-19 12:00:00,0.3313446666666667,0.50195110892207,2.186826123856733,1.1622876212624789
2023-07-19 13:00:00,0.8063166666666667,0.9802282954666297,2.2291918644718653,1.7364760260316665
2023-07-19 14:00:00,0.677844,0.4643532150125401,2.304363913896415,1.1360164914614932
2023-07-19 15:00:00,0.4126576666666667,0.982042059725087,7.298344944046382,1.724260613639937
2023-07-19 16:00:00,0.4610806666666667,0.09170089275846915,3.9869890476409284,0.3896504872084074
2023-07-19 17:00:00,1.6676723333333332,0.19056466021524845,15.943515403125009,0.672777604099171
2023-07-19 18:00:00,0.546073,0.42690830183896844,1.2862327068063812,1.0583740906685193
2023-07-19 19:00:00,0.3494486666666667,0.46195662977788277,1.4421222881208329,1.0523098521291463
2023-07-19 20:00:00,0.205383,0.4153234903836449,2.6910082805604465,0.9642597838326856
2023-07-19 21:00:00,0.0082736666666666,0.4496333912998033,5.657330186869828,1.000919120243909
2023-07-19 22:00:00,0.0,0.9614513536214094,12.32384257664295,1.5655795165366642
2023-07-19 23:00:00,0.0,1.0036501425656805,12.864744859338115,1.6927310808528593
2023-07-20 00:00:00,0.7190193333333333,0.4689487223138199,2.699197026200649,1.1626111136564292
2023-07-20 01:00:00,0.8919406666666667,0.2799440907140984,6.605731601652509,0.6689381364102208
2023-07-20 02:00:00,0.189419,0.4673327175917632,3.56228621717573,1.050464322663292
2023-07-20 03:00:00,0.6554173333333333,0.9078618207204204,3.235822707182791,1.498357774230923
2023-07-20 04:00:00,0.6457240000000001,0.4964965162275744,1.6107225826488913,1.120710533447535
2023-07-20 05:00:00,0.8933179999999998,0.509065389693066,4.147522569013039,1.0622946793600054
2023-07-20 06:00:00,0.9559463333333336,0.31980557137573873,6.86633765527517,0.6689381364102208
2023-07-20 07:00:00,0.5669776666666667,0.43676132679052077,1.4055212482725512,0.9498423303676764
2023-07-20 08:00:00,0.2701066666666666,0.42895746152675523,2.036142735310142,0.9732159281154844
2023-07-20 09:00:00,0.4581216666666666,0.4916813154976907,0.4301661519983851,1.0738068994268477
2023-07-20 10:00:00,0.5034806666666667,0.4844928588230314,0.2049494511036744,1.0738068994268477
2023-07-20 11:00:00,0.5827216666666667,0.4844928588230314,1.060256161001207,1.0738068994268477
2023-07-20 12:00:00,0.6889903333333331,0.421769004852096,2.884317402326254,0.9714342716084104
2023-07-20 13:00:00,0.5303043333333333,0.39268406432730923,1.4854373304066804,0.9509154223817006
2023-07-20 14:00:00,0.6527906666666666,0.27816731653972393,4.043586843273895,0.7204973488745414
2023-07-20 15:00:00,0.3661089999999999,0.39268406432730923,0.34063804476464676,0.9414689574190456
2023-07-20 16:00:00,0.4210003333333333,0.39724407833958714,0.25641882735184895,1.0496581939709044
2023-07-20 17:00:00,0.4902936666666665,0.1129334472866955,4.0731278969737135,0.5306313351593003
2023-07-20 18:00:00,0.170702,0.06580822548344556,1.1321960748916318,0.4277644695563613
2023-07-20 19:00:00,0.0399233333333333,0.21611759201344496,2.2584505172344165,0.6329182733680747
2023-07-20 20:00:00,0.0849136666666666,0.2541555823017181,2.1693356796470344,1.067031950292384
2023-07-20 21:00:00,0.1259796666666666,0.2189429419090344,1.1915993099191142,0.9651136675065788
2023-07-20 22:00:00,0.287379,0.19404570261101384,1.0074152965467587,0.7147584428925441
2023-07-20 23:00:00,0.206086,0.20208054193818772,0.04323387080528006,0.7253404719827211
2023-07-21 00:00:00,0.0735326666666666,0.34114724222882803,3.430272252486594,1.10694915964695
2023-07-21 01:00:00,0.0,0.34114724222882803,4.3728108477337075,1.0750516360450972
2023-07-21 02:00:00,0.1074903333333333,0.34360280858430603,3.0264796699431233,1.0229958672777149
2023-07-21 03:00:00,0.0678759999999999,0.2866133403515966,2.8037659294701314,1.0229958672777149
2023-07-21 04:00:00,0.008171,0.11440393904428822,1.3616892964003637,0.538600995661844
2023-07-21 05:00:00,0.0,0.29545349724349723,3.787110367084922,0.8466043915429116
2023-07-21 06:00:00,0.0,0.17934793943760152,2.298874263111836,0.5536325000960245
2023-07-21 07:00:00,0.2316116666666666,0.10689983016384472,1.3461070729105837,0.455710409456455
2023-07-21 08:00:00,0.128528,0.06420998466214253,0.6942319012349907,0.4263158124690685
2023-07-21 09:00:00,0.0679066666666666,0.06543325190591644,0.02669739454612152,0.4252037639618179
2023-07-21 10:00:00,1.09999999999995e-05,0.09607820008213358,1.2313852865584145,0.4252037639618179
2023-07-21 11:00:00,0.0,0.14027147824404954,1.7979938447862087,0.5245261385188724
2023-07-21 12:00:00,0.0,0.07993629961028968,1.0246200900815277,0.3734218474940717
2023-07-21 13:00:00,0.0527576666666666,0.07993629961028968,0.3483745616291099,0.3900552484540435
2023-07-21 14:00:00,0.0,0.09191725181570398,1.1781914261056168,0.3734218474940717
2023-07-21 15:00:00,0.0,0.5666109944815925,7.2627956389937935,1.160599854734258
2023-07-21 16:00:00,0.713062,0.5660219588374644,1.5871118969968325,1.2048647563559058
2023-07-21 17:00:00,1.791776333333333,0.11844695656735124,18.061481352034935,0.4551587984774995
2023-07-21 18:00:00,0.5213546666666667,0.10023904031401101,4.545412360547299,0.4605252156384224
2023-07-21 19:00:00,0.513392,0.3689328686720761,1.5592542286283881,0.880018151283797
2023-07-21 20:00:00,0.1734063333333333,0.3695973850048341,2.5147685596765674,0.8481240539874182
2023-07-21 21:00:00,0.4069886666666666,0.38490658177369974,0.23834827144384216,0.8980591397451665
2023-07-21 22:00:00,0.940472,0.5319038324957109,4.40997835863956,1.0744506154799698
2023-07-21 23:00:00,0.9123646666666668,0.5645168341067814,3.7545788822930466,1.1880958136923825
2023-07-22 00:00:00,0.4989780000000001,0.23405377143517297,2.859523104275869,0.6609750926478049
2023-07-22 01:00:00,0.7124343333333333,0.455064682315257,2.777980962377392,0.8384622706445292
2023-07-22 02:00:00,0.6906550000000001,0.46012106582593254,2.4883232260844266,0.8394030602066397
2023-07-22 03:00:00,0.5244996666666667,0.1649131617009595,3.8812830540474215,0.5442661232167706
2023-07-22 04:00:00,0.3463336666666666,0.14674506138532295,2.154307407986059,0.5442661232167706
2023-07-22 05:00:00,0.3986833333333333,0.18883832891649244,2.265012308226818,0.5442661232167706
2023-07-22 06:00:00,0.1384356666666666,0.13547394227030263,0.03196808153704926,0.4149536555185035
2023-07-22 07:00:00,0.0902266666666666,0.09580215705282163,0.07146639873952212,0.4690611917213098
2023-07-22 08:00:00,0.0196299999999999,0.4518180103452947,5.539767543044357,0.7903769858173869
2023-07-22 09:00:00,0.007408,0.5700973145220614,7.2125277119944755,0.9867905955938712
2023-07-22 10:00:00,0.0351606666666666,0.9518561984552879,11.75016435508963,1.5258742519054538
2023-07-22 11:00:00,0.040959,0.9591371013093791,11.76916786817839,1.5258742519054538
2023-07-22 12:00:00,0.049088,0.6076914237045702,7.160154937198903,1.115674648369925
2023-07-22 13:00:00,0.084964,0.6091210787779284,6.7186231523429045,1.115674648369925
2023-07-22 14:00:00,0.2995216666666666,0.8319000091548676,6.824002961071494,1.478297282763985
2023-07-22 15:00:00,0.3899380000000001,1.0248111894443368,8.137777552003017,1.538494320967409
2023-07-22 16:00:00,0.5506449999999998,1.0445561308353266,6.3309318774573144,1.790200290300241
2023-07-22 17:00:00,0.4227966666666666,0.5818292501878923,2.0384728946402357,0.9935149216203588
2023-07-22 18:00:00,0.5041589999999999,0.47243899970188336,0.3423774194284628,0.9017295243049404
2023-07-22 19:00:00,0.363985,0.9784629100054705,7.876351727217916,1.6268220112175746
2023-07-22 20:00:00,0.1625773333333333,0.6110674687417663,5.748727489053203,1.1568299774850028
2023-07-22 21:00:00,0.653567,0.5658574077039615,0.9467144888779624,1.02794592470895
2023-07-22 22:00:00,0.1406393333333333,0.8746685922398738,9.408755834958406,1.5504866106069282
2023-07-22 23:00:00,0.3594146666666667,0.7982436042233891,5.624890665715425,1.5451326665508394
2023-07-23 00:00:00,0.8670356666666668,0.42876196673636136,4.7306121366717715,0.8874808264866866
2023-07-23 01:00:00,0.8011336666666666,0.41988315787809716,4.115118667340286,0.8686564573574208
2023-07-23 02:00:00,0.8541256666666667,0.3615490955716103,5.316743180877584,0.6105134644238556
2023-07-23 03:00:00,0.563506,0.4253298008159689,1.4914378959154946,0.7896615860804527
2023-07-23 04:00:00,0.1140433333333333,0.4464780359345454,4.261133885182171,0.8208267287000192
2023-07-23 05:00:00,0.3978193333333333,0.4738292078963325,0.9742913407490367,0.8055582958166471
2023-07-23 06:00:00,0.4402466666666666,0.7098715513918411,3.4560403098740413,1.2561751297310306
2023-07-23 07:00:00,0.380591,0.47894769065669224,1.260731879410245,0.9122130096592836
2023-07-23 08:00:00,0.357458,0.719154180278524,4.636206262059954,1.2414942799963338
2023-07-23 09:00:00,0.7536723333333333,1.2987061033089384,6.986219692586235,2.079240483051416
2023-07-23 10:00:00,1.999625,1.3016486598109906,7.53377477711516,2.0687217937703264
2023-07-23 11:00:00,2.435452,1.3009962594104867,12.24501971211854,2.1142272006022664
2023-07-23 12:00:00,2.4546643333333336,1.316303425436197,12.28717107065115,2.157060154484823
2023-07-23 13:00:00,1.0884443333333331,1.3189066326389858,2.9540559548813228,2.157060154484823
2023-07-23 14:00:00,0.0,1.3524080101329905,17.335108379110803,1.9489323883744671
2023-07-23 15:00:00,0.0,1.2611735791597414,16.165669321535084,1.770295461665596
2023-07-23 16:00:00,1.0186233333333332,0.7693591609627959,2.690492537519411,1.722044243818557
2023-07-23 17:00:00,1.5476546666666666,0.6144685707361646,10.072567603039344,1.3858126676107163
2023-07-23 18:00:00,1.7195266666666666,0.4859068629573483,13.315370774915216,1.061301865530455
2023-07-23 19:00:00,1.272035,0.8743639459501775,4.2923577549606575,1.7886040807975925
2023-07-23 20:00:00,2.009137,0.4580944343257931,16.741549371636314,1.0176885669426794
2023-07-23 21:00:00,0.6854273333333334,0.6804909726532322,0.05328179114555442,1.2641216304494964
2023-07-23 22:00:00,0.903587,0.447880282158659,4.918779590301492,0.917562667117139
2023-07-23 23:00:00,0.0380043333333333,0.44617478704368935,5.231911523153472,1.0118259712774795
2023-07-24 00:00:00,0.0,0.4410354100959448,5.653173136919651,1.2408277681746542
2023-07-24 01:00:00,0.0665326666666666,0.4789396291658008,5.286214912701796,1.0518201960029372
2023-07-24 02:00:00,1.2327283333333332,0.5965540551276723,6.866699420925041,1.5680224157810183
2023-07-24 03:00:00,1.0167556666666668,0.5146947853744468,5.419114354264892,1.201759369456468
2023-07-24 04:00:00,0.1559473333333333,0.5146947853744468,4.598409588871787,1.183636152779889
2023-07-24 05:00:00,0.0215446666666666,0.4641936566093775,5.6738559347975555,0.931749199905612
2023-07-24 06:00:00,0.0,0.09873815617887177,1.2656214882563401,0.5832270771104194
2023-07-24 07:00:00,0.1417193333333333,0.07277188471527456,0.7442007979876705,0.5458931355933219
2023-07-24 08:00:00,0.1418863333333333,0.1435563375194454,0.021406042660879532,0.6172613376013858
2023-07-24 09:00:00,0.1364903333333333,0.7045856756685324,7.281821946677406,1.536557302337687
2023-07-24 10:00:00,0.0303683333333333,1.089608864957717,13.577300102984438,2.137568862749297
2023-07-24 11:00:00,0.478896,1.103193523853101,8.002219120056674,2.2108883640069696
2023-07-24 12:00:00,0.8905949999999999,0.8134013119016866,0.8332085586025496,1.7887937556125937
2023-07-24 13:00:00,1.847451,1.095169054543067,8.11993533251832,2.2066233981912795
2023-07-24 14:00:00,1.6753903333333335,0.8388217526928697,9.029703314082907,1.7501503810338694
2023-07-24 15:00:00,1.9446956666666664,1.0784230854608092,9.350320557610639,1.8852084898401495
2023-07-24 16:00:00,1.6967443333333332,1.0899389330483358,6.549699403917369,1.9577552845340824
2023-07-24 17:00:00,2.154560666666667,0.853937600055729,14.038586538784722,1.940705940388522
2023-07-24 18:00:00,2.316625333333333,1.1187013298484603,12.930079606869255,2.038746282780296
2023-07-24 19:00:00,2.460481333333333,0.8933982119022342,16.914686951542613,1.8732844607772696
2023-07-24 20:00:00,0.843308,0.8470726399752984,0.048254995157647376,1.7586396217461182
2023-07-24 21:00:00,0.5016953333333333,0.7376912083027884,3.0249850924916464,1.4796036708669322
2023-07-24 22:00:00,0.9369853333333334,0.4715575446585592,5.023706296315104,0.9635522558244524
2023-07-24 23:00:00,0.9438696666666666,0.4715575446585592,5.098013996787979,0.9414974138173222
2023-07-25 00:00:00,0.738323,0.5054297779291014,2.5137887649940764,1.0729737130556736
2023-07-25 01:00:00,1.2984236666666666,0.4076181171303744,9.615123026367025,0.9198999101648768
2023-07-25 02:00:00,1.0595963333333331,0.16633766250222515,9.641601378528765,0.4685448713842656
2023-07-25 03:00:00,0.2546866666666666,0.11203417618670569,1.5397538179869568,0.3772443940302781
2023-07-25 04:00:00,0.1630753333333333,0.03167866072417372,1.4182614522888843,0.3772443940302781
2023-07-25 05:00:00,0.0763456666666666,0.03031073717222216,0.4968890358054309,0.3769896502814758
2023-07-25 06:00:00,0.0045229999999999,0.011384867089434918,0.08795512063457271,0.2782774009673692
2023-07-25 07:00:00,0.0,0.012040345961070457,0.1543326426590897,0.5020646652236738
2023-07-25 08:00:00,0.0,0.011384867089434918,0.14593074234876696,0.2431245317631426
2023-07-25 09:00:00,0.0029793333333333,0.009505925427994659,0.08365758000507316,0.2380750175579256
2023-07-25 10:00:00,0.0586616666666666,0.00992848039803405,0.5260133164680872,0.2508317541113659
2023-07-25 11:00:00,0.0528089999999999,0.08298398746850985,0.3867817065454175,0.2380750175579256
2023-07-25 12:00:00,0.0107836666666666,0.49828119775253044,6.2487226285293636,0.9936956339244236
2023-07-25 13:00:00,0.0084753333333333,0.33850433252431317,4.230297681143221,0.8606310817737924
2023-07-25 14:00:00,0.6762546666666667,0.525992854005946,1.6218868592026905,1.0289565073573623
2023-07-25 15:00:00,0.7484450000000001,0.5420205600283534,2.2280916267410786,1.1319322570175638
2023-07-25 16:00:00,0.1923343333333333,0.525992854005946,4.2768207331933406,1.0289565073573623
2023-07-25 17:00:00,0.5334256666666667,0.5485671141378305,0.1940824299786775,1.2521575253155917
2023-07-25 18:00:00,0.4089193333333332,0.5283137303556722,1.5303923052313946,1.2476967604661653
2023-07-25 19:00:00,0.0563376666666666,0.22582348966994673,2.172462073923782,0.656640660558156
2023-07-25 20:00:00,0.083634,0.5520173297756821,6.003717608735404,1.1862581231199787
2023-07-25 21:00:00,0.2047273333333333,0.5381254637527149,4.273483061997367,1.09017345900884
2023-07-25 22:00:00,0.138369,0.5054297779291014,4.704969446680502,1.044164017250333
2023-07-25 23:00:00,0.4387079999999999,0.5368829498512049,1.2584023334918366,1.0960610034366975
2023-07-26 00:00:00,0.3991863333333333,0.5025579341379086,1.3250127844874833,1.1699723648572211
2023-07-26 01:00:00,0.4258613333333335,0.5025579341379086,0.9830937685188396,1.146876176204639
2023-07-26 02:00:00,0.5524076666666666,0.4472585636268139,1.1349520244531628,0.9944429130958226
2023-07-26 03:00:00,0.6977953333333334,0.4465009111222493,2.7124065253715086,1.0072750527136638
2023-07-26 04:00:00,0.3552396666666667,0.1495710522036688,2.219933443110647,0.6453267378735797
2023-07-26 05:00:00,0.2253916666666666,0.12410216577463934,1.0932924843846368,0.5947259844927176
2023-07-26 06:00:00,0.0524213333333333,0.06593069384696419,0.1731624087417543,0.3645498188326361
2023-07-26 07:00:00,0.0337996666666666,0.4443527658640406,5.262452171712921,0.8248243345491527
2023-07-26 08:00:00,0.0707063333333333,0.06614759949342072,0.049205785413033304,0.3239939341609263
2023-07-26 09:00:00,0.0866136666666666,0.48984559494429003,5.168609714107697,0.9621817044747816
2023-07-26 10:00:00,0.1008913333333333,0.48997805158949154,4.987297013406324,0.9787876842091724
2023-07-26 11:00:00,0.3716676666666667,0.5104258788454423,1.778596864694843,1.192735617836162
2023-07-26 12:00:00,0.1794646666666666,0.43419647767248765,3.265141524086984,0.877888318959851
2023-07-26 13:00:00,0.1704786666666666,0.43414504772018314,3.379664463123945,0.8869659097083444
2023-07-26 14:00:00,0.1838323333333333,0.43414504772018314,3.2084977314935825,0.8869659097083444
2023-07-26 15:00:00,0.1635776666666666,0.7692009109430068,7.762852998339359,1.4552158455372577
2023-07-26 16:00:00,0.4315823333333333,0.502755636860539,0.9122963788288521,0.9968963209638424
2023-07-26 17:00:00,0.0038993333333333,0.5331228366502638,6.783564366695482,1.1776506341232476
2023-07-26 18:00:00,0.0303283333333333,0.4749437804007914,5.699061898622788,1.0504280185148367
2023-07-26 19:00:00,0.0701089999999999,0.48239528196633996,5.284668034762919,1.1068653591087068
2023-07-26 20:00:00,0.1623156666666666,0.5329021488371498,4.750161773758655,1.2199132379599766
2023-07-26 21:00:00,0.7326520000000001,0.45051474980745737,3.0453159753375227,0.9827023548646328
2023-07-26 22:00:00,0.4639859999999999,0.4513145670633666,0.136772145918389,1.0024945705660588
2023-07-26 23:00:00,0.5163606666666666,0.4305882380250563,0.9258052490677371,0.9506197833263488
2023-07-27 00:00:00,0.3291086666666666,0.46311241048887875,1.7176542914266053,0.9353158051514568
2023-07-27 01:00:00,0.2152536666666666,0.428694448617961,2.7358748690670653,0.7308295600896587
2023-07-27 02:00:00,0.1122253333333333,0.38694872866181534,3.521392802034814,0.7001837625706472
2023-07-27 03:00:00,0.0812543333333333,0.38399276569887697,3.880488355775663,0.6638368187043969
2023-07-27 04:00:00,0.069765,0.389072520196705,4.09287021919567,0.6638368187043969
2023-07-27 05:00:00,0.0826129999999999,0.41137736936785624,4.214087709833493,0.6901593180562063
2023-07-27 06:00:00,0.1003113333333333,0.41137736936785624,3.987231225574135,0.7133898898651562
2023-07-27 07:00:00,0.1237933333333333,0.41137736936785624,3.6862399478618335,0.6684198867646399
2023-07-27 08:00:00,0.1409416666666666,0.4287921475399122,3.6896552264772406,0.7925979675597353
2023-07-27 09:00:00,0.126796,0.4287921475399122,3.8709737804373927,0.7925979675597353
2023-07-27 10:00:00,0.16641,0.4287921475399122,3.363203212543043,0.7925979675597353
2023-07-27 11:00:00,0.3899506666666666,0.5462964308874239,2.0040333590712858,1.2077651282569903
2023-07-27 12:00:00,0.9605686666666664,0.7397345638616352,2.3836257733161457,1.6865645006469652
2023-07-27 13:00:00,1.214186,0.6710848020898116,5.862092839893134,1.2151658497497406
2023-07-27 14:00:00,1.1996616666666666,0.6695266859422657,5.722138869587449,1.2151658497497406
2023-07-27 15:00:00,1.2178730000000004,0.6763149365439716,5.845436648616942,1.2263650348183963
2023-07-27 16:00:00,1.4990543333333333,0.747959270185278,8.107124434086426,1.4923664262565726
2023-07-27 17:00:00,1.5219163333333332,0.975610633753077,5.896681396073481,1.956060347599164
2023-07-27 18:00:00,1.2919883333333333,0.9797788137102603,3.3699082170530357,2.0268494083999635
2023-07-27 19:00:00,1.2050706666666664,0.7751594734934925,4.640349417360582,1.9273023694525904
2023-07-27 20:00:00,0.9188613333333332,0.6936102944000657,2.4313010311709085,1.322301235359375
2023-07-27 21:00:00,1.008036333333333,0.7572467862233478,2.7069570350618197,1.5690329518582296
2023-07-27 22:00:00,0.992884,0.708431883813369,3.070302035801895,1.501827581778982
2023-07-27 23:00:00,0.7476993333333334,0.758501176405589,0.13845756528259906,1.7207939408007014
2023-07-28 00:00:00,1.1659419999999998,0.702459454175951,5.0027098517648625,1.4183602005600384
2023-07-28 01:00:00,1.2448,0.702459454175951,5.8538825594427015,1.3913387171647429
2023-07-28 02:00:00,1.356137,0.7696823363120756,6.330038854923365,1.3652255061470877
2023-07-28 03:00:00,1.4304306666666664,0.699859442172107,7.885595466592459,1.363725682150434
2023-07-28 04:00:00,0.7440993333333332,0.7696215704422689,0.3271429502382613,1.363725682150434
2023-07-28 05:00:00,0.5245973333333334,0.5135969720755428,0.11873503356955543,1.2667031782575582
2023-07-28 06:00:00,0.494046,0.5135969720755428,0.25060352889596926,1.3528805745288084
2023-07-28 07:00:00,0.6156776666666668,0.790337438077197,2.238781524648411,1.347580176302117
2023-07-28 08:00:00,0.6822270000000001,0.8188494897786098,1.7512212657652486,1.664937551588813
2023-07-28 09:00:00,0.5533523333333333,0.82889982052111,3.5319559764527253,1.7480200481101442
2023-07-28 10:00:00,0.6863653333333333,0.7884700579864761,1.3087740198369888,1.347580176302117
2023-07-28 11:00:00,0.7932753333333333,0.8167303614609401,0.30064555339861765,1.528253535572231
2023-07-28 12:00:00,0.8078486666666668,0.47691611741592055,3.571999721074429,1.0431548500810153
2023-07-28 13:00:00,0.6478183333333334,0.44089342484225086,2.2334935535563125,0.945615439723354
2023-07-28 14:00:00,0.7241466666666666,0.4166450622127315,3.319092207237511,0.7715590471076235
2023-07-28 15:00:00,1.4170313333333333,0.5117295919848218,9.771591144196845,1.3233376376116417
2023-07-28 16:00:00,0.6508836666666666,0.4166450622127315,2.5283104719335285,0.7960905273207858
2023-07-28 17:00:00,0.8660056666666666,0.483614188323384,4.127433995465056,1.0794087754476165
2023-07-28 18:00:00,0.8747323333333333,0.4785472254887193,4.276318838744789,1.1381590266014066
2023-07-28 19:00:00,0.6127406666666667,0.46884460008328865,1.553176654467073,0.8775453340017642
2023-07-28 20:00:00,0.5791943333333334,0.4367677295837,1.5373156554684877,0.8630089429764692
2023-07-28 21:00:00,0.509527,0.4319479797917454,0.8373677330093815,0.8220977957633749
2023-07-28 22:00:00,0.5656886666666667,0.4244374946617783,1.5246283514427068,0.8116818769868787
2023-07-28 23:00:00,0.413569,0.42872709401284625,0.19429580464226956,0.7553642340455053
2023-07-29 00:00:00,0.0011823333333333,0.6504703985487797,8.322546816819065,0.9367609485976957
2023-07-29 01:00:00,0.0405563333333333,0.529901592714544,6.272406731266848,0.8909572124419407
2023-07-29 02:00:00,0.1588436666666666,0.6934024554556737,6.851951829058151,0.9967302499744592
2023-07-29 03:00:00,0.443805,0.6728330066966022,2.9356712531944384,0.723650934459245
2023-07-29 04:00:00,0.0200226666666666,0.7231532228899771,9.012697577557933,1.2781157087932349
2023-07-29 05:00:00,0.0419953333333333,0.5306944548850759,6.264124564037915,0.724406101062387
2023-07-29 06:00:00,0.202788,0.5198142139720011,4.063628532992338,0.7219166381758619
2023-07-29 07:00:00,0.11794,0.7344773957836891,7.902750128368428,0.9483522867741656
2023-07-29 08:00:00,0.203701,0.7065007804934973,6.444866210893553,0.9565145832874392
2023-07-29 09:00:00,0.3946329999999999,1.0263922834201709,8.097863636966409,1.673094935034208
2023-07-29 10:00:00,0.5796243333333333,0.914902890229714,4.297586288637176,1.4503854031494663
2023-07-29 11:00:00,1.041289666666667,1.0153549974781415,0.2799320626433103,1.4617683372333192
2023-07-29 12:00:00,0.7789703333333333,0.9954398162148104,2.7746966288313146,1.4797179468372308
2023-07-29 13:00:00,0.627795,0.5984465218226389,0.3167798274930684,0.8293838483637539
2023-07-29 14:00:00,0.6469893333333334,1.0331247431252006,4.9494672669796955,1.761789894632372
2023-07-29 15:00:00,0.7409566666666666,0.8179998606884891,0.9875363856428364,1.0990354491690837
2023-07-29 16:00:00,1.298782333333333,0.6999686651280008,6.463438729879422,0.8425436864323509
2023-07-29 17:00:00,1.1475066666666665,0.7078076455575426,4.745996682146999,0.8533743762170967
2023-07-29 18:00:00,0.6357216666666667,0.6400133548295805,0.05501067642015957,1.0281833114097247
2023-07-29 19:00:00,0.6025083333333333,0.36087259113621295,2.6081532496090074,0.6005133669645226
2023-07-29 20:00:00,0.548571,0.329256457753383,2.3672240325290868,0.4750114826948484
2023-07-29 21:00:00,0.0283396666666666,0.6957974804519843,8.555445881539141,0.8302649857514541
2023-07-29 22:00:00,0.0,0.9942065133365517,12.743696821355119,1.442726159556896
2023-07-29 23:00:00,0.1222146666666666,0.7107889875382842,7.544320622936643,0.9801406685189448
2023-07-30 00:00:00,0.5127426666666667,0.37444671916769284,1.4927304280297975,0.7852361365422666
2023-07-30 01:00:00,0.527437,0.02925068196378731,5.377293327892364,0.4401946708859812
2023-07-30 02:00:00,0.07302,0.4087056444481407,4.302804319569168,0.7692576941028928
2023-07-30 03:00:00,0.154442,0.40731766185182794,3.2413494831413665,0.8337460832858647
2023-07-30 04:00:00,0.1721723333333333,0.3769691910311961,2.6250774154647853,0.8042075414110956
2023-07-30 05:00:00,1.126599,0.12851598635408554,10.773048025720282,0.4187439747188346
2023-07-30 06:00:00,0.8145063333333333,0.11386233625885599,7.5625687705509455,0.3885554626106514
2023-07-30 07:00:00,0.3728293333333333,0.12947364909387798,2.6267178559295226,0.4111074126496234
2023-07-30 08:00:00,0.091305,0.1306808459190944,0.5047179190099197,0.553939973877676
2023-07-30 09:00:00,0.0495923333333333,0.2922036251852839,3.109781224850978,0.6180482195132229
2023-07-30 10:00:00,0.0403386666666666,0.37424681118591396,4.280020401047272,0.5484731159047542
2023-07-30 11:00:00,0.0764343333333333,0.6750221842802676,7.672673625737943,1.591294886510367
2023-07-30 12:00:00,0.2381466666666666,0.7472101725023161,6.52515437604019,1.82742023151117
2023-07-30 13:00:00,0.0,0.9499002045185351,12.175780438515044,2.040478072751833
2023-07-30 14:00:00,0.0,0.935457553268003,11.990655148784578,1.9665385760385377
2023-07-30 15:00:00,0.0,0.8967966571371235,11.495101425765416,1.9444286151507
2023-07-30 16:00:00,0.0,0.9416396724155652,12.069897289198275,1.9618907518386928
2023-07-30 17:00:00,0.931392,0.9543352090038613,0.29408507762935776,2.0176240560079357
2023-07-30 18:00:00,1.836946333333333,0.6975719300243829,12.298110476087405,1.527294658072716
2023-07-30 19:00:00,2.084738,0.6975719300243829,14.972709170660838,1.4735969387441883
2023-07-30 20:00:00,0.8744003333333333,0.6503990527611474,2.417811465012183,1.3285172278946635
2023-07-30 21:00:00,1.5151413333333332,0.6616556069266598,9.21230257817793,1.3285172278946635
2023-07-30 22:00:00,2.072177,0.5786617588548801,16.1206144178601,1.333035233004691
2023-07-30 23:00:00,1.728031,0.6699913383748649,11.420204463922625,1.3342830120276796
2023-07-31 00:00:00,1.5372356666666669,0.8190244459233975,7.752184806166203,1.541442985676068
2023-07-31 01:00:00,1.4811546666666666,0.8063068101942866,7.284131949379658,1.6444773732014717
2023-07-31 02:00:00,1.4747106666666665,0.8113915659464703,7.159693563296536,1.7464612502495211
2023-07-31 03:00:00,1.705139,0.7823326959845154,9.9605308332831,1.7408389477295738
2023-07-31 04:00:00,1.3256086666666662,0.7816680529201001,5.871153275743869,1.500449565820883
2023-07-31 05:00:00,1.4920606666666665,0.7935578933179016,7.539456959493618,1.500449565820883
2023-07-31 06:00:00,1.297555,0.7884689420480617,5.494942280909842,1.768391126782492
2023-07-31 07:00:00,1.2396843333333334,0.7658438194987436,5.114511059981817,1.4548035392488192
2023-07-31 08:00:00,0.855411,0.7603941036526942,1.0255876250866218,1.5915897823392873
2023-07-31 09:00:00,1.325109,0.7603941036526942,6.095385469957979,1.4459849684154709
2023-07-31 10:00:00,1.5772626666666665,0.7680506950963298,8.734423202805619,1.6790738688551492
2023-07-31 11:00:00,1.6458009999999996,0.7110282283622641,10.08969376725772,1.511995938073467
2023-07-31 12:00:00,1.926013,0.7894163007303656,12.268128662342802,1.4569535861687677
2023-07-31 13:00:00,1.4248286666666663,0.7710155933779431,7.057087979739933,1.5279036749238768
2023-07-31 14:00:00,1.0350133333333331,0.9581116583364258,0.8300566452621012,2.044527522261577
2023-07-31 15:00:00,1.870952333333333,0.9455883503269233,9.988137753976961,1.9675936984678744
2023-07-31 16:00:00,1.967911333333333,0.8245667932669183,12.34096309793557,1.7617356697651914
2023-07-31 17:00:00,1.6843693333333332,0.893703962909731,8.534236021843803,1.862722738736046
2023-07-31 18:00:00,1.5073656666666666,0.8781638546206554,6.791440437685534,1.8946866912560256
2023-07-31 19:00:00,1.7887813333333331,0.875370973241612,9.859113462429429,1.626345736826959
2023-07-31 20:00:00,0.4489283333333332,0.4091446844948889,0.4294143410069105,1.105302821726009
2023-07-31 21:00:00,1.151756666666667,0.3409887272694064,8.751217914164043,0.8477975845845361
2023-07-31 22:00:00,2.083523333333333,0.659872243200711,15.366518973048901,1.248705854211557
2023-07-31 23:00:00,1.9443386666666669,0.6941912640847284,13.49376537132676,1.531879104989972
2023-08-01 00:00:00,2.0284180000000003,0.9817944748683042,11.29698166077849,1.8058969924740504
2023-08-01 01:00:00,1.578204333333333,0.946573403174921,6.817659705749668,1.57455176612864
2023-08-01 02:00:00,1.254544,0.9943021548090779,2.808982678006469,1.9250479978687625
2023-08-01 03:00:00,0.916238,1.0503450071101716,1.7189779158616494,1.8746938756415332
2023-08-01 04:00:00,2.055545,1.0442878259609563,10.915246480832028,1.8746938756415332
2023-08-01 05:00:00,2.193543666666667,1.1462125128214482,11.3046196207587,1.8972606502233236
2023-08-01 06:00:00,1.8812173333333333,1.175582696934421,7.6164364312426045,2.0849080073842647
2023-08-01 07:00:00,2.288245666666666,1.175582696934421,12.00979422100307,2.077862068512625
2023-08-01 08:00:00,1.741567,1.1827881409775365,6.03131342954784,2.0841382755390483
2023-08-01 09:00:00,1.8252950000000003,1.1155803867158902,7.660474638813641,1.9939156658815216
2023-08-01 10:00:00,2.246255333333333,1.0748208998545075,12.644158089366035,1.5719889429130935
2023-08-01 11:00:00,1.460024666666667,1.0603953080772806,4.313495183977351,1.8389925161786052
2023-08-01 12:00:00,1.285947,0.9454479893306497,3.6752576133436827,1.6506565903295334
2023-08-01 13:00:00,1.187192,1.0904077937880052,1.0446635073412196,1.944850542193557
2023-08-01 14:00:00,1.3274290000000002,1.0904077937880052,2.5583451503782886,1.953034754848383
2023-08-01 15:00:00,1.024487666666667,1.0908146479629897,0.8501764265045609,2.0015583109869293
2023-08-01 16:00:00,1.5820110000000005,1.0908146479629897,5.30184545594384,2.048615107557035
2023-08-01 17:00:00,1.142845,1.1426843159311209,0.0017343819775881974,2.201300669036929
2023-08-01 18:00:00,1.8849466666666663,1.057368051012547,8.932667974112887,1.896686301744643
2023-08-01 19:00:00,1.5319626666666666,1.136102496487773,4.272811546234736,1.8436784809636544
2023-08-01 20:00:00,0.9258506666666666,0.9796126619752643,0.6891189702877769,1.7142459058501682
2023-08-01 21:00:00,1.183625333333333,1.042201934988355,1.5264873176887144,1.647959712344853
2023-08-01 22:00:00,1.477639,1.056862636468246,4.54175044604425,1.7313425729170042
2023-08-01 23:00:00,1.6267163333333334,1.0564558262705,6.155243347262283,1.7759310571365623
2023-08-02 00:00:00,1.8581406666666664,0.7307277269448887,12.16900155436376,1.186172058487151
2023-08-02 01:00:00,1.1341853333333332,0.9908563894221819,1.5470552800915527,1.6318086178527016
2023-08-02 02:00:00,1.5611940000000002,0.4442464330422108,12.056041047219502,1.0116465314987129
2023-08-02 03:00:00,1.858977,0.5581231174565879,14.041077905826993,0.9990135939770478
2023-08-02 04:00:00,1.6156996666666663,1.0460577595558564,6.148566340539651,1.5134487697003205
2023-08-02 05:00:00,0.958211,0.6731950683329482,3.0763877132106616,1.0626125649848694
2023-08-02 06:00:00,0.580726,0.5699547824993786,0.11626171555188844,1.0578547671983278
2023-08-02 07:00:00,0.270523,0.5226314024850955,3.2315147851970036,1.0512755681526418
2023-08-02 08:00:00,0.3877283333333333,0.4658479284102719,1.0013336486063946,0.971858374842144
2023-08-02 09:00:00,0.7770833333333333,0.9179130341266484,1.8051491176910397,1.667422321437051
2023-08-02 10:00:00,0.7958846666666667,0.9585146643144614,2.084584395978124,1.6939458292958105
2023-08-02 11:00:00,0.8571616666666667,0.9580584264092054,1.2932903769669448,1.6939458292958105
2023-08-02 12:00:00,1.3267289999999998,0.971574890471896,3.833440932434854,1.9854582364846185
2023-08-02 13:00:00,1.4773676666666669,0.9648721089635731,5.531743532970736,1.6939458292958105
2023-08-02 14:00:00,1.4272876666666667,1.0731104917092698,3.8228961551925633,1.6683212618783578
2023-08-02 15:00:00,1.244598333333333,1.0922508656985601,1.6443988756315344,1.6939458292958105
2023-08-02 16:00:00,1.921823333333333,1.3293684982436318,6.3948031418515345,2.002874096952976
2023-08-02 17:00:00,1.4887733333333333,1.2895702113602674,2.150146601583774,1.8258186392465403
2023-08-02 18:00:00,1.792007,1.2803310367150993,5.522897044343949,1.8958277393598209
2023-08-02 19:00:00,1.971284666666667,1.3900899483266445,6.273264375174818,2.194440132100451
2023-08-02 20:00:00,0.8648576666666666,1.3315837611128019,5.982475236735137,2.1390443766833163
2023-08-02 21:00:00,1.7236856666666662,1.3338322906812778,4.207975774618041,2.271151335736789
2023-08-02 22:00:00,2.4928470000000003,1.3387903277916728,12.456587061518652,2.130781726641616
2023-08-02 23:00:00,2.516629666666667,1.267228137606557,13.485714606849346,2.0397501852965334
2023-08-03 00:00:00,2.1729456666666667,1.4186704221805957,8.141450482938607,2.307969485984706
2023-08-03 01:00:00,2.403105666666667,1.4567564124148276,10.21464730465446,2.3390191568064083
2023-08-03 02:00:00,2.1042096666666663,1.4463169507596683,7.101122579320887,2.237305165325755
2023-08-03 03:00:00,2.492350666666667,1.545756481347881,10.217291026780906,2.2453244816272515
2023-08-03 04:00:00,2.492590333333333,1.5588442384040215,10.078612086339875,2.3968686547535545
2023-08-03 05:00:00,2.5045680000000003,1.5593910238508246,10.201994040219708,2.35949726538824
2023-08-03 06:00:00,2.510921,1.5593910238508246,10.270566667117134,2.348124319172028
2023-08-03 07:00:00,2.5279460000000005,1.5514507747062904,10.540035062361817,2.278976442868629
2023-08-03 08:00:00,2.5239966666666662,1.546844644001735,10.547124362075962,2.244214414621
2023-08-03 09:00:00,2.515559,1.5027691057658512,10.931790263309141,2.2045061991209995
2023-08-03 10:00:00,2.4578846666666663,1.4887160525390517,10.46095353018565,2.218529259425114
2023-08-03 11:00:00,2.477483666666666,1.5403466918739366,10.115212360183444,2.258237474925114
2023-08-03 12:00:00,2.528956333333333,1.5397000140136012,10.677774986720289,2.258237474925114
2023-08-03 13:00:00,2.498145,1.5396300256847613,10.345960917568993,2.258237474925114
2023-08-03 14:00:00,2.493718666666667,1.5257479169424353,10.448024093886756,2.269610421141327
2023-08-03 15:00:00,2.4387076666666667,1.5257479169424353,9.854249691517106,2.258237474925114
2023-08-03 16:00:00,2.3797653333333333,1.4739315037171987,9.77733436633634,2.1550633962395715
2023-08-03 17:00:00,2.227283,1.4977557508181343,7.8743270690468155,2.260403078764137
2023-08-03 18:00:00,2.3540473333333334,1.3428560979191329,10.914534756493998,2.1542591738346952
2023-08-03 19:00:00,2.4783606666666667,1.3621229829254533,12.04837875272068,2.111680476811214
2023-08-03 20:00:00,2.2759956666666668,1.3109299093757962,10.416668362378378,2.084305999612531
2023-08-03 21:00:00,1.8607973333333327,1.2850717192838867,6.214232288289751,1.9910972802652107
2023-08-03 22:00:00,1.3055846666666666,1.2677879819583373,0.40796756783629073,2.05098074481038
2023-08-03 23:00:00,1.1140953333333334,0.8767724368012186,2.5616015170963973,1.6914983304452498
2023-08-04 00:00:00,0.9172246666666666,1.0728763273309985,1.9951363691933743,1.2601195701112569
2023-08-04 01:00:00,0.8582513333333333,1.0627154293862846,2.62081209084697,1.2601195701112569
2023-08-04 02:00:00,0.8351816666666667,0.9559349714244756,1.5478107268135515,1.16979468437888
2023-08-04 03:00:00,0.556385,0.7549943705610767,2.5457664683934245,1.0156888189681936
2023-08-04 04:00:00,0.3211183333333333,0.7471084306367026,5.4603229571641565,1.0601868546796165
2023-08-04 05:00:00,0.0562146666666666,0.7473444956292676,8.858872765715764,1.0601868546796165
2023-08-04 06:00:00,0.0691163333333333,0.7471084306367026,8.690473879830682,1.0539707059275227
2023-08-04 07:00:00,0.0156616666666666,0.7591961003050371,9.53059276057855,1.045401887631678
2023-08-04 08:00:00,0.0,0.7113314458474589,9.117816232116743,0.9489506642851572
2023-08-04 09:00:00,0.0,0.7337423642250163,9.40507843112735,0.998503153085009
2023-08-04 10:00:00,0.0,0.7376590630213501,9.45528250978857,0.9382665316929052
2023-08-04 11:00:00,0.0,0.732793185520868,9.39291189884991,0.9382665316929052
2023-08-04 12:00:00,0.0,0.6896789527935365,8.840275496661636,0.9573450230996866
2023-08-04 13:00:00,0.0,0.6967241993502877,8.930581167512276,0.9382665316929052
2023-08-04 14:00:00,0.035185,0.6967241993502877,8.479581333328335,0.9382665316929052
2023-08-04 15:00:00,0.440869,0.5584889829416265,1.5076479409802936,0.9732565200799598
2023-08-04 16:00:00,0.344539,0.7161472993053889,4.763259382353477,0.9542719635061584
2023-08-04 17:00:00,0.3010576666666666,0.7964399523575245,6.349789077852467,1.121522530814337
2023-08-04 18:00:00,0.3426136666666666,0.7964399523575245,5.817126036518152,1.1363074978622756
2023-08-04 19:00:00,0.0915536666666666,0.7981294047155729,9.056857771733782,1.1520460835429565
2023-08-04 20:00:00,0.0164086666666666,0.7338853397463989,9.19658549352865,1.031694250781447
2023-08-04 21:00:00,0.0,0.7058679376686772,9.047785216550645,1.0156888189681936
2023-08-04 22:00:00,0.0,0.7216163762892802,9.249648033277886,1.0645122828377702
2023-08-04 23:00:00,0.0,0.7119713849896603,9.126018944835819,1.0619836970721752
2023-08-05 00:00:00,0.0,0.49657088082512846,6.365024439752932,0.7576048100025153
2023-08-05 01:00:00,0.260514,0.3194013968793059,0.7548161497254777,0.7488970644015467
2023-08-05 02:00:00,0.144094,0.28648573126024524,1.8251711578097207,0.6680762735305513
2023-08-05 03:00:00,0.3347913333333333,0.2852659348001456,0.5345642492621852,0.616293918802398
2023-08-05 04:00:00,0.396555,0.05142816466659257,3.725209147112784,0.5342671884209147
2023-08-05 05:00:00,0.7670506666666667,0.024057223090474627,8.019677663085911,0.3439682487565855
2023-08-05 06:00:00,0.4410710000000001,0.027287206686457503,4.466274464834198,0.3412512407087527
2023-08-05 07:00:00,0.3565653333333333,0.02011458056761466,3.631561772196147,0.3322511618788181
2023-08-05 08:00:00,0.3160646666666667,0.0061328773105258395,3.3453229899528765,0.2687863315248655
2023-08-05 09:00:00,0.0506423333333333,0.1259038206478406,0.9646985448139728,0.3198892511562041
2023-08-05 10:00:00,0.0,0.12431138711296877,1.5934180751776248,0.3126248432313934
2023-08-05 11:00:00,0.0,0.1306344983074553,1.6744674456548183,0.3126248432313934
2023-08-05 12:00:00,0.0,0.12977381903105437,1.663435295279875,0.3126248432313934
2023-08-05 13:00:00,0.0,0.13298067547937215,1.704540644901675,0.3126248432313934
2023-08-05 14:00:00,0.0203616666666666,0.20834894536859905,2.409612946518744,0.5207386733772272
2023-08-05 15:00:00,0.0697133333333333,0.1345917184729412,0.8316083825518003,0.3126248432313934
2023-08-05 16:00:00,0.020055,0.12823124628739255,1.3865985260268665,0.3188984347584531
2023-08-05 17:00:00,0.0304553333333333,0.15209609098243446,1.559186060245948,0.4411678946016096
2023-08-05 18:00:00,0.0192549999999999,0.08718878062519068,0.8707723119923073,0.432799780814294
2023-08-05 19:00:00,0.0097093333333333,0.16290665429045248,1.9636767471673975,0.4528849814793769
2023-08-05 20:00:00,0.0,0.4466700944811096,5.725398281821972,0.6175292985736007
2023-08-05 21:00:00,0.4811406666666667,0.219668231361553,2.822265347102033,0.5781057001274427
2023-08-05 22:00:00,1.074309,0.17587555294832619,9.697456564905362,0.4090504915034923
2023-08-05 23:00:00,0.7412273333333332,0.09267696459970345,7.000283717827796,0.414644151799542
2023-08-06 00:00:00,0.1274506666666666,0.07436348054430952,0.5730092565721175,0.5118769716191962
2023-08-06 01:00:00,0.0221693333333333,0.07331157568476102,0.6555390882560429,0.4200060338108217
2023-08-06 02:00:00,0.2676233333333334,0.3941412892918336,1.621701780832027,0.6997088818457657
2023-08-06 03:00:00,0.1644156666666666,0.12440217862455394,0.4318951654929094,0.5831126705465022
2023-08-06 04:00:00,0.103404,0.28598066983717096,2.3402599921108544,0.6382406122007991
2023-08-06 05:00:00,0.0121039999999999,0.38834987870479665,4.82270367793818,0.6487884817115022
2023-08-06 06:00:00,0.1619116666666666,0.7246866757482029,7.213626141214702,1.4125613733345637
2023-08-06 07:00:00,0.1567906666666667,0.4580007646083947,3.860898230105108,0.6946028674985585
2023-08-06 08:00:00,0.0914986666666666,0.4518250841672754,4.618648701005212,0.7261307871645974
2023-08-06 09:00:00,0.2994566666666666,0.4960289455149288,2.5196551134212264,0.7169472201893627
2023-08-06 10:00:00,0.8788496666666666,0.44902167966652495,4.639451311605993,0.7334003588542022
2023-08-06 11:00:00,1.4505993333333331,0.4424828243434629,10.881346960506708,0.6729630172963055
2023-08-06 12:00:00,1.4293216666666668,0.5433400191162608,9.56305508506875,0.92284807627794
2023-08-06 13:00:00,1.3579276666666664,0.8465255507337487,5.519941207370178,1.6061292450807771
2023-08-06 14:00:00,1.3045526666666665,1.0758059864183462,2.469032072830651,1.732605244788198
2023-08-06 15:00:00,1.7661806666666668,1.2167087141145594,5.930857105769943,1.8661230861177855
2023-08-06 16:00:00,2.2422736666666663,1.0758059864183462,12.590548248949375,1.769597174899919
2023-08-06 17:00:00,2.4372583333333337,1.0813944417003705,14.63484161256741,2.001553765990655
2023-08-06 18:00:00,2.386893,1.2022332935585267,12.786908240237164,1.9024915122341488
2023-08-06 19:00:00,2.4993676666666667,1.0846482397864143,15.270112926806465,1.9020178391442903
2023-08-06 20:00:00,2.490951,1.0944824351114655,15.073117877237049,1.807057371445632
2023-08-06 21:00:00,2.335995666666667,1.0944824351114655,13.400570378664233,1.8002619669516429
2023-08-06 22:00:00,2.4286966666666667,1.094137227090679,14.404886907364023,1.916345712319471
2023-08-06 23:00:00,2.2568086666666662,1.1036971745008737,12.446385034380663,1.826674455923582
2023-08-07 00:00:00,2.42007,1.9653804698768451,4.9078003310721785,2.480588688667236
2023-08-07 01:00:00,2.3737360000000005,1.9990719471110179,4.044026178283348,2.463719546658945
2023-08-07 02:00:00,2.4591536666666665,1.9990719471110179,4.966002219017188,2.4448264786786997
2023-08-07 03:00:00,2.483201,1.9888562914047692,5.335827996413996,2.416827151384946
2023-08-07 04:00:00,2.331763,1.9950554942736254,3.6343330967634184,2.416827151384946
2023-08-07 05:00:00,2.324667333333333,1.982865138460882,3.6893238441225056,2.416827151384946
2023-08-07 06:00:00,2.2871066666666664,1.982865138460882,3.2839037935397934,2.4209946942833724
2023-08-07 07:00:00,2.1614720000000003,1.6677444401713157,5.329166653409336,2.1787135566998432
2023-08-07 08:00:00,2.068027,1.6634997986669506,4.366361222551798,2.1931034614567544
2023-08-07 09:00:00,2.137864333333333,1.4444275317493647,7.484776180066529,2.0925456436897125
2023-08-07 10:00:00,2.37232,1.9578420653464188,4.473766845618798,2.3967160477000737
2023-08-07 11:00:00,2.3922936666666668,1.9592496742486702,4.674164036242962,2.3361989355324235
2023-08-07 12:00:00,2.32027,1.9179459709516768,4.3425807548875,2.417983964920478
2023-08-07 13:00:00,2.342256,1.9493101298135525,4.241355351358428,2.380773814607781
2023-08-07 14:00:00,2.324179333333333,1.4143355681425267,9.82061656624893,2.108306973079637
2023-08-07 15:00:00,2.4073316666666664,1.6304388049339953,8.385579151089075,2.213035059043789
2023-08-07 16:00:00,2.4735440000000004,1.417304598268644,11.400772927638272,2.128646557980332
2023-08-07 17:00:00,2.2683340000000003,1.4876296575376762,8.426719281106584,1.936190253254488
2023-08-07 18:00:00,2.1256676666666667,1.310503536330396,8.798669253850896,1.9296927928329315
2023-08-07 19:00:00,1.4116399999999996,1.2625203699217242,1.6095584379725998,1.9015475497505212
2023-08-07 20:00:00,1.5324313333333333,1.1294757473180363,4.349397616253905,1.7577171334728845
2023-08-07 21:00:00,2.038537666666667,1.1935246659145278,9.120850184802732,1.8167192206606864
2023-08-07 22:00:00,1.6176653333333333,1.2493496154792623,3.9755039038037543,1.807130927851768
2023-08-07 23:00:00,1.360268,1.2227042896881513,1.484826850596593,1.721586950038908
2023-08-08 00:00:00,0.5653483333333333,1.5231549181856874,12.277124085510852,1.913371864323552
2023-08-08 01:00:00,0.4902559999999999,0.9973384117229586,6.499760795925756,1.488481310601686
2023-08-08 02:00:00,0.9961033333333336,0.8001428328343336,2.1151465901701565,1.1528185265818565
2023-08-08 03:00:00,1.1344280000000002,0.9486448506041507,2.0052949137967184,1.1065329462459146
2023-08-08 04:00:00,1.000691,1.5100084041338384,6.528408833632424,1.7598248913543295
2023-08-08 05:00:00,0.8810926666666667,1.0592491183838677,2.2836018241653284,1.4512134321549215
2023-08-08 06:00:00,1.285821,1.2422425679410813,0.4703742424604302,1.756330635992864
2023-08-08 07:00:00,1.381495333333333,0.5873718922380717,8.571561535766772,0.941348589746532
2023-08-08 08:00:00,1.157274,1.5603785714294744,5.166977259442432,1.821401017329805
2023-08-08 09:00:00,1.0548133333333336,1.5724751998555417,6.63536779777933,1.8968669570095933
2023-08-08 10:00:00,1.565228,1.619743971458783,0.6987834045271443,1.880944635660756
2023-08-08 11:00:00,1.888037333333333,2.1988369808482746,3.983816668855089,2.4045128426549933
2023-08-08 12:00:00,1.8451936666666668,1.7628024449662014,0.8893093822271709,2.1559142447784465
2023-08-08 13:00:00,1.985664,2.1988369808482746,2.732442205913555,2.415703078369458
2023-08-08 14:00:00,2.181081333333333,1.9664045489224589,2.3171652826926312,2.1663555256121616
2023-08-08 15:00:00,2.271357666666667,1.7628024449662014,5.489212572706493,2.2032792724457924
2023-08-08 16:00:00,2.304683333333333,1.6481065046470391,7.086919235479486,1.9963182739173084
2023-08-08 17:00:00,2.0070753333333333,1.507234505363321,5.395151677079918,2.0368123367057134
2023-08-08 18:00:00,1.3267563333333332,0.6331937668256367,7.486133653888598,1.264243451250088
2023-08-08 19:00:00,1.880060333333333,0.6331937668256367,13.458352881474621,1.264243451250088
2023-08-08 20:00:00,1.2012423333333333,0.5068964362056564,7.494588720525028,1.0732248843955177
2023-08-08 21:00:00,0.7343703333333333,0.5269181924841182,2.239184362273844,0.9886873744270084
2023-08-08 22:00:00,1.0541063333333334,0.4255766183709393,6.784185996861714,0.963142476543548
2023-08-08 23:00:00,1.7287733333333333,0.5992141950497578,12.192167062505732,0.9957484719412228
2023-08-09 00:00:00,1.3747193333333336,0.5832531684388053,8.542879588737609,1.4473680896729146
2023-08-09 01:00:00,1.5025866666666667,0.7208477995242293,8.437885670986262,1.4212812800347463
2023-08-09 02:00:00,1.2958286666666663,0.931857593748003,3.9286089382508638,1.6194902768297257
2023-08-09 03:00:00,0.4885733333333332,1.661148346781796,15.030016672829053,2.012954490135728
2023-08-09 04:00:00,0.3427853333333333,1.6549836638394844,16.819702415083686,2.012954490135728
2023-08-09 05:00:00,1.260714333333333,1.5299375566357867,3.4508918308333936,1.8640272140615173
2023-08-09 06:00:00,1.5913346666666668,1.4169930776490083,1.8817976918640762,1.7962562735197325
2023-08-09 07:00:00,1.3104953333333331,1.3975699219682813,1.1161183753302997,1.7962562735197325
2023-08-09 08:00:00,1.338139,0.5188591061122221,8.843093733374827,1.2003724028975271
2023-08-09 09:00:00,0.4557260000000001,0.5019897727990119,0.593007072931019,1.1998961880674677
2023-08-09 10:00:00,0.0146756666666666,0.510270563320252,6.352514316134002,1.1998961880674677
2023-08-09 11:00:00,0.0,0.3428765632548253,4.394977211126505,1.1810639008427857
2023-08-09 12:00:00,0.0,0.5070693218808027,6.499593010885487,1.1839052884686956
2023-08-09 13:00:00,0.0,0.49149712716012345,6.299989280974833,1.1839052884686956
2023-08-09 14:00:00,0.100478,0.49149712716012345,5.012066548585061,1.1839052884686956
2023-08-09 15:00:00,0.1852666666666666,0.4934031966596954,3.949680941676033,1.1839052884686956
2023-08-09 16:00:00,0.1395766666666666,0.5014692694646175,4.638723997563479,1.2906519650269133
2023-08-09 17:00:00,0.1068866666666666,0.6398148894607241,6.83105130345496,1.3904125773325149
2023-08-09 18:00:00,0.0961823333333333,0.6591303941481936,7.215844310975521,1.408739660652202
2023-08-09 19:00:00,0.050302,0.6918777157690297,8.223690249489165,1.5578453731220658
2023-08-09 20:00:00,0.0354756666666666,0.5518238960362921,6.61852965260404,1.3190862123972162
2023-08-09 21:00:00,0.0005953333333333,0.21042847339866566,2.6896322687440883,0.9162780159560934
2023-08-09 22:00:00,0.0,0.13719424564981625,1.7585500082153793,1.0313196300970624
2023-08-09 23:00:00,0.0,0.2088445241421737,2.6769602318699612,1.0425020456046912
2023-08-10 00:00:00,0.0,0.15871005200772736,2.0343386994119608,0.908048402958867
2023-08-10 01:00:00,0.0,0.14844941722838856,1.9028183190196404,0.8903082744995838
2023-08-10 02:00:00,0.0,0.1557313676875247,1.996158050428084,0.8979703211007728
2023-08-10 03:00:00,0.0,0.09039624969315745,1.1586952855610124,0.7878676811946305
2023-08-10 04:00:00,0.0,0.07281619321405672,0.9333548689909182,0.7878676811946305
2023-08-10 05:00:00,0.0,0.07281619321405672,0.9333548689909182,0.7878676811946305
2023-08-10 06:00:00,0.0,0.07044139765448462,0.9029148404677471,0.7878676811946305
2023-08-10 07:00:00,0.0,0.07882665378893247,1.0103966971176224,0.8155972613119634
2023-08-10 08:00:00,0.0,0.14912198292675283,1.9114392375485616,0.8136103141091876
2023-08-10 09:00:00,0.0,0.09330528080161639,1.1959831226379176,0.804583370995674
2023-08-10 10:00:00,0.0,0.08449078301316078,1.0829992647152744,0.8284080540898626
2023-08-10 11:00:00,2.83333333333336e-05,0.08449078301316078,1.0826360892531395,0.8463062540898632
2023-08-10 12:00:00,0.030365,0.08864194621545118,0.7469914190682104,0.8463062540898632
2023-08-10 13:00:00,0.072113,0.0898138468490742,0.22688870239726638,0.8463062540898632
2023-08-10 14:00:00,0.015255,0.08864194621545118,0.9406707566984325,0.8463062540898632
2023-08-10 15:00:00,0.0100876666666666,0.07770956646078427,0.8667746367585676,0.849877701518106
2023-08-10 16:00:00,0.0065123333333333,0.24329035747873368,3.0350106473774896,1.1116895700053204
2023-08-10 17:00:00,0.0,0.4605069496110169,5.902758502632415,1.2868373400440731
2023-08-10 18:00:00,0.0111003333333333,0.33557867161630145,4.159149545598966,1.3096990538406748
2023-08-10 19:00:00,0.0,0.48511628215828473,6.21819988100943,1.2855390104847026
2023-08-10 20:00:00,0.001835,0.2745245958572553,3.4953236468753244,1.115034563237363
2023-08-10 21:00:00,0.0005023333333333,0.12419910121085245,1.585539911946872,0.8839792269788601
2023-08-10 22:00:00,0.0,0.1729500919484407,2.2168669259867633,0.9022286109504126
2023-08-10 23:00:00,0.0,0.15638591962007134,2.004548069272572,0.8993767841995628
2023-08-11 00:00:00,0.0,0.10531311355249803,1.3498990123510377,0.6494649311631673
2023-08-11 01:00:00,0.0,0.10626787462164448,1.3621370991457038,0.5569204594934154
2023-08-11 02:00:00,0.0,0.09566571856058713,1.2262391134833721,0.5512499006080838
2023-08-11 03:00:00,0.0,0.20301461708609103,2.602232731071295,0.6703004696035855
2023-08-11 04:00:00,0.0,0.08489089708415737,1.088127909867303,0.4990908354439708
2023-08-11 05:00:00,0.0,0.06771427923538256,0.867958752509384,0.4990908354439708
2023-08-11 06:00:00,0.0,0.06612902468662378,0.8476390270971472,0.533884262870931
2023-08-11 07:00:00,0.0,0.06167210391409534,0.7905104061114633,0.4964468164197246
2023-08-11 08:00:00,0.0,0.05119082981561298,0.6561618803063761,0.4771816641005152
2023-08-11 09:00:00,0.0,0.047995040233005035,0.6151983852987606,0.4720482919068055
2023-08-11 10:00:00,0.0,0.049343589295691964,0.6324840298535628,0.4720482919068055
2023-08-11 11:00:00,0.0,0.05030807540367454,0.644846771782591,0.477718850792137
2023-08-11 12:00:00,0.0,0.05001495527273499,0.6410895704055919,0.477718850792137
2023-08-11 13:00:00,0.0,0.05001495527273499,0.6410895704055919,0.477718850792137
2023-08-11 14:00:00,0.0,0.05458718513159987,0.6996962183578139,0.477718850792137
2023-08-11 15:00:00,0.0,0.055956901593098796,0.717253185730701,0.477718850792137
2023-08-11 16:00:00,0.0,0.06563409813583146,0.8412950796098496,0.5208384641178918
2023-08-11 17:00:00,0.0,0.17337884895821604,2.2223627151103638,0.6913161937054655
2023-08-11 18:00:00,0.0,0.34789558566004114,4.459310826943411,1.1095971390054251
2023-08-11 19:00:00,0.0,0.3890970940344101,4.9874300096908515,1.0931887491225654
2023-08-11 20:00:00,0.0,0.30953831202384086,3.9676489241531763,0.9533302199782934
2023-08-11 21:00:00,0.0,0.3130878794408276,4.013147128401741,0.9153439788462489
2023-08-11 22:00:00,0.0,0.3865142410323334,4.95432310971478,0.9675030440103618
2023-08-11 23:00:00,0.0,0.3632272794497857,4.655831826145735,0.9675030440103618
2023-08-12 00:00:00,0.0,0.2123561784993065,2.721972468129112,0.7105621185182911
2023-08-12 01:00:00,0.0,0.24090153519375684,3.0878656366929484,0.8976641854208995
2023-08-12 02:00:00,0.0,0.25452931553270186,3.26254594572121,0.876970356438537
2023-08-12 03:00:00,0.0,0.24157029325389165,3.0964377490769177,0.8740178441181817
2023-08-12 04:00:00,0.0,0.19715207649129285,2.5270869349607192,0.626779075194418
2023-08-12 05:00:00,0.0,0.08763609534198405,1.1233157444298119,0.3906314434782315
2023-08-12 06:00:00,0.0,0.09787932353151604,1.254613007893993,0.3937241344279906
2023-08-12 07:00:00,0.0,0.09233067274470304,1.183490637997808,0.3654517981425983
2023-08-12 08:00:00,0.0,0.07206980372249862,0.9237876802193014,0.3538447772080938
2023-08-12 09:00:00,0.0,0.11489095757496318,1.4726674098491601,0.4333228851296785
2023-08-12 10:00:00,0.0,0.06677323723316134,0.8558965161313281,0.3640990884013148
2023-08-12 11:00:00,0.0,0.09320130597640222,1.1946503777485928,0.3882808582300563
2023-08-12 12:00:00,0.0,0.09207331886042226,1.1801918868499546,0.3882808582300563
2023-08-12 13:00:00,0.0,0.2891372890613656,3.7061494791266267,0.6277452777770862
2023-08-12 14:00:00,0.1482129166666666,0.07177733465517835,0.8250257590054269,0.3737900212681928
2023-08-12 15:00:00,0.2134041666666667,0.28819942479811883,0.9587224389663221,0.8061760418809855
2023-08-12 16:00:00,0.0389283333333333,0.328693497396616,3.7141975542084196,0.9002017509634428
2023-08-12 17:00:00,0.0239704166666666,0.4121649064560153,4.97586046684997,1.050809443908945
2023-08-12 18:00:00,0.0,0.4433140813622564,5.682381048338331,1.0557332404839666
2023-08-12 19:00:00,0.06942875,0.4467135288597037,4.836020255957129,1.0557332404839666
2023-08-12 20:00:00,0.0648341666666666,0.40714844767607594,4.3877699012090075,0.9298509984703384
2023-08-12 21:00:00,0.0,0.42989889111784185,5.5104257101039416,1.0973065225143763
2023-08-12 22:00:00,0.0,0.4141375407346044,5.30839739095217,0.9185632396555842
2023-08-12 23:00:00,0.0,0.4031726351120959,5.167849696832689,0.9295661357710686
2023-08-13 00:00:00,0.0,0.10079025229471253,1.2919251690286493,0.6409364246934365
2023-08-13 01:00:00,0.0,0.10068687419204432,1.29060007290355,0.5386624381613366
2023-08-13 02:00:00,0.0,0.09491207712901395,1.216578969652943,0.5297404913413105
2023-08-13 03:00:00,0.0,0.0864306281735622,1.1078641175128745,0.4815682627535944
2023-08-13 04:00:00,0.0,0.04754693069548378,0.609454536297245,0.3994726248281146
2023-08-13 05:00:00,0.0,0.046044591494855305,0.5901976162923713,0.3994726248281146
2023-08-13 06:00:00,0.0,0.04653454301725965,0.5964777940772947,0.3800813065996652
2023-08-13 07:00:00,0.0,0.04107577462606958,0.5265075329070442,0.3738714670617075
2023-08-13 08:00:00,0.0,0.04860857672992084,0.6230626700330174,0.4337289262836525
2023-08-13 09:00:00,0.0,0.23337194459840188,2.9913516645463503,0.7264834169056649
2023-08-13 10:00:00,0.0,0.2888133477424837,3.70199721307288,0.840212785369058
2023-08-13 11:00:00,0.0012633333333333,0.4492898483851674,5.74278482303216,1.1045816007845752
2023-08-13 12:00:00,0.0224670833333333,0.27577474338658814,3.2468868177217636,0.7793847451526275
2023-08-13 13:00:00,0.0222220833333333,0.27725845310010044,3.2690453453371173,0.7299600058396447
2023-08-13 14:00:00,0.0435491666666666,0.21097473457105534,2.1460538116535917,0.7489244838593714
2023-08-13 15:00:00,0.0255591666666666,0.2147601724718555,2.4251704489292374,0.7625733005835496
2023-08-13 16:00:00,0.0350579166666666,0.058351709997399276,0.2985788526268424,0.5457910209458063
2023-08-13 17:00:00,0.1104233333333333,0.08325255402004733,0.29327431329486703,0.6377380738607051
2023-08-13 18:00:00,0.0461404166666666,0.10625951825622668,0.7706040883381883,0.6439479133986629
2023-08-13 19:00:00,0.0336904166666666,0.07135554966681655,0.48279007354224096,0.6439479133986629
2023-08-13 20:00:00,0.0,0.03515463032917977,0.4506105570344707,0.5757292723061537
2023-08-13 21:00:00,0.0,0.04592249320910477,0.588632565656372,0.414711795827022
2023-08-13 22:00:00,0.0,0.10762155684797742,1.379488540373895,0.7174613494219734
2023-08-13 23:00:00,0.0,0.1927197611613014,2.470273705491426,0.7263832962419995
2023-08-14 00:00:00,0.0,0.04582699189785556,0.5874084339088165,0.4857450914781794
2023-08-14 01:00:00,0.0,0.04361501378567388,0.5590553925044554,0.3780463878473621
2023-08-14 02:00:00,0.0,0.28391596193660174,3.639222730015113,0.7713547457011534
2023-08-14 03:00:00,0.0,0.07872728553682655,1.0091229990865602,0.5943351524102343
2023-08-14 04:00:00,0.0,0.1668635174407535,2.1388494727051053,0.7416653693689644
2023-08-14 05:00:00,0.0,0.1771944297643721,2.2712706676723027,0.7416653693689644
2023-08-14 06:00:00,0.0136912499999999,0.060804845899947745,0.6039000693103801,0.5808873825781464
2023-08-14 07:00:00,0.0589866666666666,0.02399254716720845,0.37771740910441093,0.3282283341563889
2023-08-14 08:00:00,0.0247041666666666,0.02242869682251886,0.02456082868551702,0.3282283341563889
2023-08-14 09:00:00,0.0,0.01991066753778156,0.2552140900392519,0.324323875957691
2023-08-14 10:00:00,0.0,0.1345270366870306,1.7243618371211558,0.7440912044121987
2023-08-14 11:00:00,0.0,0.1259893240824591,1.614925799918601,0.5897036436696826
2023-08-14 12:00:00,0.0005787499999999,0.021098298714935643,0.26301870308271535,0.3621429402007543
2023-08-14 13:00:00,0.0010145833333333,0.019559298586115954,0.23770537172071607,0.3352027725772242
2023-08-14 14:00:00,0.0,0.021073957112000635,0.27012508634678956,0.4009053365642284
2023-08-14 15:00:00,0.0,0.022783335328819293,0.29203582365936187,0.3441019390317109
2023-08-14 16:00:00,0.0066729166666666,0.023718272043549166,0.21848664057355122,0.4313770229979249
2023-08-14 17:00:00,0.0119329166666666,0.257154412646199,3.1432387103909987,0.92166659159303
2023-08-14 18:00:00,0.0,0.26555582703308994,3.4038833013643064,0.9342192900568372
2023-08-14 19:00:00,0.0002079166666666,0.2503999232289924,3.206950503730472,0.90188852851901
2023-08-14 20:00:00,0.0238554166666666,0.03641300849558543,0.16096267820355312,0.422477856543438
2023-08-14 21:00:00,0.0023483333333333,0.056422351494186146,0.6931184659429899,0.3391072307759221
2023-08-14 22:00:00,0.0,0.048129187686207456,0.6169178816509132,0.3344861154052373
2023-08-14 23:00:00,0.0,0.048129187686207456,0.6169178816509132,0.3645986180152743
2023-08-15 00:00:00,0.0,0.049222545633001644,0.6309324973311142,0.3899841700634807
2023-08-15 01:00:00,0.0,0.04171402161809537,0.5346885557171062,0.267710292605283
2023-08-15 02:00:00,0.0,0.15355645946533958,1.9682801692977505,0.5181758512736614
2023-08-15 03:00:00,0.0,0.02476745851192049,0.3174682302695411,0.1963706076474946
2023-08-15 04:00:00,0.0,0.028080670454324608,0.35993684009306,0.2674482747508818
2023-08-15 05:00:00,0.0,0.02015595746443847,0.2583582058911563,0.1963706076474946
2023-08-15 06:00:00,0.0,0.017873174977214277,0.22909759701759894,0.1832556737099802
2023-08-15 07:00:00,0.0178883333333333,0.014714378732435137,0.03425883907394334,0.1998984040662679
2023-08-15 08:00:00,0.0979245833333333,0.012772967738020431,0.9191043547820756,0.1998984040662679
2023-08-15 09:00:00,0.0989620833333333,0.012772967738020431,0.9303028594894707,0.1998984040662679
2023-08-15 10:00:00,0.0,0.012772967738020431,0.16372335745016495,0.1998984040662679
2023-08-15 11:00:00,0.0,0.1891223917492076,2.42416277730178,0.6016133515893457
2023-08-15 12:00:00,0.0,0.5335729892934021,6.839315893032673,1.166761002331247
2023-08-15 13:00:00,0.0,0.03881466399208601,0.49752471292699196,0.3224976111694967
2023-08-15 14:00:00,0.0215703333333333,0.042232838961322114,0.26485111871671796,0.3224976111694967
2023-08-15 15:00:00,0.0450643333333333,0.045391635206101164,0.0041953414905897875,0.3066920293717876
2023-08-15 16:00:00,0.068731,0.2166912703024761,1.8965484545183444,0.7131235455559901
2023-08-15 17:00:00,0.7098276666666665,0.24559528109055,5.0108034266981845,0.7909797976536735
2023-08-15 18:00:00,0.4522643333333334,0.08214665735914564,3.9949537703007723,0.4029199447940256
2023-08-15 19:00:00,0.097478,0.33654282510425654,3.0643227648495883,0.7503472717948476
2023-08-15 20:00:00,0.225997,0.07504673183831267,1.6293178685216367,0.3981445307091654
2023-08-15 21:00:00,0.0462939999999999,0.05877519469788027,0.15998342302576504,0.3391403415257846
2023-08-15 22:00:00,0.14031,0.07433942988848324,0.7120691469333535,0.4216191354746183
2023-08-15 23:00:00,0.0895433333333333,0.08200339251208483,0.08138415689660812,0.4408372667412982
2023-08-16 00:00:00,0.0,0.07021021454371998,0.8999515451822282,0.5701372141121435
2023-08-16 01:00:00,0.0,0.06450152378765164,0.8267777897638902,0.309227685707209
2023-08-16 02:00:00,0.0,0.1919642781488785,2.460589956355956,0.6904547082583898
2023-08-16 03:00:00,0.0346673333333333,0.1924861051327304,2.0229143075924814,0.6571904649956615
2023-08-16 04:00:00,0.0040673333333333,0.23367839396795398,2.9431448137846514,0.6342605217870749
2023-08-16 05:00:00,0.2011573333333333,0.2527641103823154,0.6614934742605821,0.6578269328959634
2023-08-16 06:00:00,0.2388556666666667,0.24202168893742093,0.04058193886976924,0.6113444945016626
2023-08-16 07:00:00,0.2713003333333333,0.05455417742928706,2.3395015394710743,0.2233688232027868
2023-08-16 08:00:00,0.1585293333333333,0.03652384361107493,1.3168954708267437,0.2004388799942002
2023-08-16 09:00:00,0.034731,0.05544877244536921,0.2655595264323477,0.2542445279777189
2023-08-16 10:00:00,0.0,0.03295761410990927,0.4224492965373718,0.2076826120315324
2023-08-16 11:00:00,0.0,0.03330909213874411,0.42695452696862973,0.2076826120315324
2023-08-16 12:00:00,0.0,0.05290659306379274,0.6781544606794889,0.2076826120315324
2023-08-16 13:00:00,0.0,0.05320677685160374,0.6820022037099698,0.3395774454523391
2023-08-16 14:00:00,0.0,0.14082277705094498,1.8050603694556888,0.3768635004919433
2023-08-16 15:00:00,0.0,0.24290825889801357,3.1135877358224855,0.5956582833304083
2023-08-16 16:00:00,0.0,0.04620920497605104,0.5923076248961433,0.271440671359054
2023-08-16 17:00:00,0.0,0.15258228487601838,1.955793240826809,0.5055010222669488
2023-08-16 18:00:00,0.0,0.26256818346752503,3.3655878131542596,0.7242958051054139
2023-08-16 19:00:00,0.0219103333333333,0.283805419379885,3.356960079027541,0.7835633469851778
2023-08-16 20:00:00,0.1965766666666666,0.14881860875781044,0.5154880349960195,0.456705358804364
2023-08-16 21:00:00,0.844618,0.6918056882886469,1.6494162814915712,1.4239387041132257
2023-08-16 22:00:00,1.2604293333333334,0.6860652527833686,6.199536250407133,1.4344508320438778
2023-08-16 23:00:00,0.648389,0.27258353982871614,4.056346231125667,1.0327088449735755
2023-08-17 00:00:00,1.6388239999999998,0.11080506190088035,16.493038333775182,0.6912568383623284
2023-08-17 01:00:00,0.6838043333333333,0.10543887681551924,6.2427260601536565,0.6365458943849459
2023-08-17 02:00:00,0.3624433333333333,0.2169730052061403,1.5701688234396827,0.9586859794238348
2023-08-17 03:00:00,0.9026696666666668,0.27460643959023934,6.779150848151411,0.9051208598147988
2023-08-17 04:00:00,0.6051826666666668,0.27376952530378146,3.577187107127563,0.9138391164587648
2023-08-17 05:00:00,0.2503406666666667,0.272624393815617,0.28563186724958867,0.9138391164587648
2023-08-17 06:00:00,0.1089243333333333,0.09764368796618211,0.12176034722553887,0.6500059882317653
2023-08-17 07:00:00,0.0159213333333333,0.0906477309091184,0.9578397872912434,0.6500059882317653
2023-08-17 08:00:00,0.002813,0.1493605225049943,1.878439913310215,0.7192747895970333
2023-08-17 09:00:00,0.0,0.14776571190325263,1.894054613228338,0.7215713886585242
2023-08-17 10:00:00,0.0,0.14776571190325263,1.894054613228338,0.7215713886585242
2023-08-17 11:00:00,0.0,0.16131973555926438,2.067789512230371,0.7231916511734845
2023-08-17 12:00:00,0.0,0.10341394516636501,1.3255555527167224,0.8967765953009494
2023-08-17 13:00:00,0.0,0.10481537857847058,1.3435190666141061,0.6988334309576036
2023-08-17 14:00:00,0.0,0.8468452651461829,10.854826606803604,1.8013223937907243
2023-08-17 15:00:00,0.0,0.15831615483613684,2.029289742212221,0.7208950521119936
2023-08-17 16:00:00,0.0120953333333333,0.23246801030016778,2.824727604681363,0.9612311215673108
2023-08-17 17:00:00,0.0902706666666666,0.10823591519247833,0.2302777918492084,0.7373644764317844
2023-08-17 18:00:00,0.0626946666666666,0.13294182647749705,0.9004251080454001,0.925669648428862
2023-08-17 19:00:00,0.1114213333333333,0.10800867258038988,0.036835371090678797,0.7373644764317844
2023-08-17 20:00:00,0.3211226666666666,0.09602076060077454,2.4296913298529996,0.6706992668999985
2023-08-17 21:00:00,1.008295,0.11022496488841138,9.69353399110125,0.6876468150087754
2023-08-17 22:00:00,0.4006590000000001,0.11025610315478623,3.134533211915452,0.6781981429493134
2023-08-17 23:00:00,0.032212,0.10577782164185973,0.9429635743096259,0.6781981429493134
2023-08-18 00:00:00,0.0987086666666666,0.18052646821221308,1.048737101899563,0.805864115709662
2023-08-18 01:00:00,0.0190426666666666,0.2657989065621673,3.1629109926594805,0.8315014766288271
2023-08-18 02:00:00,0.0927413333333333,0.26178944857058245,2.1668515543870193,0.7923217206900734
2023-08-18 03:00:00,0.0632033333333333,0.2725501214868325,2.6833982306144364,0.7682089050318317
2023-08-18 04:00:00,0.0,0.26223618253191344,3.3613322392759097,0.7315463067949179
2023-08-18 05:00:00,0.1592233333333333,0.2612318318740153,1.307540597618316,0.7739761026936054
2023-08-18 06:00:00,0.5237363333333334,0.2247694827545868,3.226970297408348,0.7241989895893135
2023-08-18 07:00:00,0.465392,0.07789405897798472,4.182551823268357,0.48827796415601
2023-08-18 08:00:00,0.180062,0.14987279329500242,0.3258544321912647,0.7177890446212851
2023-08-18 09:00:00,0.0105156666666666,0.06324643698781515,0.6759007722390087,0.5092954838321493
2023-08-18 10:00:00,0.0,0.056987651208313506,0.7304652904783774,0.4631830986307197
2023-08-18 11:00:00,0.0262696666666666,0.056987651208313506,0.39374181994451174,0.4824252997691988
2023-08-18 12:00:00,0.0246313333333333,0.1037295069228987,1.0138770263790438,0.553409463935562
2023-08-18 13:00:00,0.0196763333333333,0.10412002971138087,1.0823957102281823,0.5285376849706285
2023-08-18 14:00:00,0.0848743333333333,0.06562138051299352,0.20781135690585983,0.4824252997691988
2023-08-18 15:00:00,0.0840466666666666,0.06799928492437146,0.17321125781441662,0.4824252997691988
2023-08-18 16:00:00,0.016109,0.07636749803475144,0.7723908660465054,0.5195894385035956
2023-08-18 17:00:00,0.0130046666666666,0.10244033415565201,1.1463825837050614,0.6336727150549402
2023-08-18 18:00:00,0.0095803333333333,0.10244033415565201,1.190275542793419,0.6336727150549402
2023-08-18 19:00:00,0.001529,0.10632121552377571,1.3432221635637558,0.6903289507644621
2023-08-18 20:00:00,0.106436,0.26196101147441103,1.993512985261192,0.7981016203321847
2023-08-18 21:00:00,0.0146836666666666,0.27235807456830063,3.3028596059992146,0.8162850003919639
2023-08-18 22:00:00,0.025092,0.27235807456830063,3.169446031820884,0.8403978160502057
2023-08-18 23:00:00,0.1493986666666666,0.28002073145238526,1.674308073301783,0.9354675056498992
2023-08-19 00:00:00,0.2898196666666666,0.20167775507180735,0.9513808307603161,0.5556508341785137
2023-08-19 01:00:00,0.3943403333333333,0.19683779522287723,2.1317909424119605,0.5367049942544988
2023-08-19 02:00:00,0.2514883333333333,0.2017920981029247,0.5364082160651005,0.5367049942544988
2023-08-19 03:00:00,0.028626,0.12151002030029427,1.1905834234409725,0.4784167726526671
2023-08-19 04:00:00,0.0,0.06783530258077691,0.8695100246055966,0.4335882176130044
2023-08-19 05:00:00,0.0,0.06783530258077691,0.8695100246055966,0.4335882176130044
2023-08-19 06:00:00,0.0045626666666666,0.1870185941405492,2.338712321631331,0.5145641951783784
2023-08-19 07:00:00,0.0806939999999999,0.16823591436792898,1.1221085367082806,0.5328827819939488
2023-08-19 08:00:00,0.127169,0.039482462960431376,0.9464656364460513,0.4090621419343991
2023-08-19 09:00:00,0.2114123333333332,0.022903142438405577,2.034719095541278,0.4052672625439923
2023-08-19 10:00:00,0.0330753333333333,0.053304537340575955,0.25929707696289817,0.4535748305525245
2023-08-19 11:00:00,0.0298363333333333,0.09281401467515857,0.807245242076235,0.4535748305525245
2023-08-19 12:00:00,0.0871056666666666,0.10164646688565174,0.18638335903550166,0.4526642932463378
2023-08-19 13:00:00,0.0548873333333333,0.08923660107592826,0.4402874536379182,0.4526642932463378
2023-08-19 14:00:00,0.0790743333333333,0.060971982066072176,0.19539206350008884,0.4526642932463378
2023-08-19 15:00:00,0.0503926666666666,0.1385065207173229,1.129439635246669,0.5986044149192007
2023-08-19 16:00:00,0.0,0.6251177635507578,8.012732917630478,1.5706592073923944
2023-08-19 17:00:00,0.0045653333333333,0.25898047400473034,3.261082457202908,1.001698310540024
2023-08-19 18:00:00,0.388007,0.24704354372151588,1.521522822848461,0.7106094737800794
2023-08-19 19:00:00,0.3353766666666666,0.13903780833415907,2.1192304860541227,0.6017797389740673
2023-08-19 20:00:00,0.354028,0.10798576109497401,2.6557158270804306,0.4722470935420975
2023-08-19 21:00:00,0.140573,0.07384784962581967,0.7202138897030361,0.5679955027965783
2023-08-19 22:00:00,0.0772456666666666,0.07828561855540053,0.013330059098430583,0.586851937934643
2023-08-19 23:00:00,0.0702026666666666,0.2060084179795581,1.7407523468335862,0.5916638444796183
2023-08-20 00:00:00,0.10667,0.2212853000534853,1.4691340434578546,0.5940677250365669
2023-08-20 01:00:00,0.3746293333333333,0.21554035478919703,1.7171649880686048,0.5948618970161346
2023-08-20 02:00:00,0.5097103333333333,0.159765051154743,3.777218207043495,0.5256766794000381
2023-08-20 03:00:00,0.537833,0.21361227737617428,3.4995540130486087,0.5760449433301812
2023-08-20 04:00:00,0.5529320000000001,0.7125043853614461,2.045392051679643,1.6929982334320732
2023-08-20 05:00:00,0.4912936666666667,0.40502515791546634,0.9311598085303775,1.1879519026680103
2023-08-20 06:00:00,0.6381516666666667,0.2064119847836533,4.660085648131238,0.6231328453291726
2023-08-20 07:00:00,0.558353,0.07219483352053252,5.247464593598896,0.4969366117221798
2023-08-20 08:00:00,0.3332846666666667,0.06150471232618329,2.9335220222241065,0.4969366117221798
2023-08-20 09:00:00,0.0680373333333333,0.05479619032962045,0.14292144795987385,0.4768728731467214
2023-08-20 10:00:00,0.0119533333333333,0.05540634477641712,0.5569788533643238,0.4768728731467214
2023-08-20 11:00:00,0.0028193333333333,0.054835060696428836,0.6667353820012283,0.4768728731467214
2023-08-20 12:00:00,0.0,0.07265946228208639,0.9313458985680075,0.487789220058618
2023-08-20 13:00:00,0.0,0.07057452562802186,0.9046212691728923,0.487789220058618
2023-08-20 14:00:00,0.0,0.07834844854230877,1.0042670825962872,0.5030711140105182
2023-08-20 15:00:00,0.0,0.15607274798018006,2.000533848506277,0.6165733444204753
2023-08-20 16:00:00,0.0,0.14663248412926805,1.879528947798192,0.6548710691231516
2023-08-20 17:00:00,0.0042666666666666,0.13884280461731185,1.7249912150307318,0.537339030256434
2023-08-20 18:00:00,0.0244973333333333,0.1468082453241238,1.5677760701075236,0.5193839380420638
2023-08-20 19:00:00,0.1066673333333333,0.08479374903902695,0.2360977703011004,0.5193839380420638
2023-08-20 20:00:00,0.108773,0.10921210973278897,0.005628489887065026,0.4201375129974581
2023-08-20 21:00:00,0.0607106666666666,0.1755988685517072,1.4726320875328847,0.492780643477569
2023-08-20 22:00:00,0.2239566666666666,0.2484255708198956,0.31364137319224233,0.965937997175936
2023-08-20 23:00:00,0.366833,0.27472316713649747,0.9942095391993282,0.965937997175936
2023-08-21 00:00:00,0.0887686666666666,0.23515863647425067,1.8764204095328314,0.6719404125869232
2023-08-21 01:00:00,0.0124173333333333,0.19921482854906974,2.3943623523738187,0.6030883205290315
2023-08-21 02:00:00,0.0,0.18996556792655866,2.4349705736972096,0.5528680147373198
2023-08-21 03:00:00,0.0,0.18441072288214672,2.363768806070457,0.441041767829866
2023-08-21 04:00:00,0.0,0.20505954395350423,2.628444516722045,0.5979325488026465
2023-08-21 05:00:00,0.0,0.19278012334173802,2.471047425354092,0.5979325488026465
2023-08-21 06:00:00,0.0,0.17797601767481502,2.2812890282807983,0.5407077814067814
2023-08-21 07:00:00,0.0,0.09368400580640757,1.2008376036486361,0.3977263912167414
2023-08-21 08:00:00,0.0,0.06341282515793498,0.8128228970119078,0.3676371022316529
2023-08-21 09:00:00,0.0,0.039743793499792915,0.5094342554567979,0.3638568077648142
2023-08-21 10:00:00,0.0,0.048835620885424966,0.6259729123659659,0.3542465151550429
2023-08-21 11:00:00,0.0,0.0535580717478209,0.6865050867551198,0.3542465151550429
2023-08-21 12:00:00,0.0,0.0535580717478209,0.6865050867551198,0.3542465151550429
2023-08-21 13:00:00,0.0,0.0535580717478209,0.6865050867551198,0.3542465151550429
2023-08-21 14:00:00,0.0,0.05427612367117808,0.6957090457822492,0.3542465151550429
2023-08-21 15:00:00,0.0,0.05427612367117808,0.6957090457822492,0.3542465151550429
2023-08-21 16:00:00,0.0114346666666666,0.07014078773077803,0.7524925640328741,0.3795807919630588
2023-08-21 17:00:00,0.0,0.0878297527451467,1.1257980367906149,0.4504156350570972
2023-08-21 18:00:00,0.0013676666666666,0.18379870214636945,2.338393257108166,0.5565368064924197
2023-08-21 19:00:00,0.0,0.20256515245797713,2.5964715125761715,0.5866260954775082
2023-08-21 20:00:00,0.0127136666666666,0.09185799021198249,1.0144685745498854,0.4096700809481473
2023-08-21 21:00:00,0.0,0.15507656275325762,1.987764788618299,0.5407077814067814
2023-08-21 22:00:00,0.0,0.19068361984991583,2.4441745327243387,0.6030883205290315
2023-08-21 23:00:00,0.0,0.09860539142979,1.2639197153468233,0.4028821629431263
2023-08-22 00:00:00,0.0,0.06951620742783615,0.8910557914750779,0.375369409533312
2023-08-22 01:00:00,0.0,0.06698022061763052,0.8585496203539922,0.375369409533312
2023-08-22 02:00:00,0.0,0.06459727212462707,0.8280050878767026,0.375369409533312
2023-08-22 03:00:00,0.0,0.06561442691159841,0.841042934693911,0.3397610881077542
2023-08-22 04:00:00,0.0,0.06047545167950538,0.7751717686416347,0.3792158754107589
2023-08-22 05:00:00,0.0,0.06651921089398694,0.8526404173151846,0.4064351930369608
2023-08-22 06:00:00,0.0,0.07008315214694907,0.8983228647822085,0.4064351930369608
2023-08-22 07:00:00,0.0,0.0714381461971961,0.915691120913561,0.4710142717874204
2023-08-22 08:00:00,0.0,0.04653184841821423,0.5964432548212857,0.3583020531701353
2023-08-22 09:00:00,0.0352563333333333,0.04431174623561428,0.11607189760965893,0.4531203983600907
2023-08-22 10:00:00,0.0007976666666666,0.043842528979064654,0.5517472151587931,0.4531203983600907
2023-08-22 11:00:00,0.0056586666666666,0.07540973368163902,0.8940662116784306,0.4531203983600907
2023-08-22 12:00:00,0.041941,0.18476826500348914,1.8307538108148225,0.576728478312517
2023-08-22 13:00:00,0.0969416666666666,0.0926199738902717,0.046647225928070836,0.4531203983600907
2023-08-22 14:00:00,0.3755753333333333,0.09591785687104447,3.018549943731236,0.4531203983600907
2023-08-22 15:00:00,0.1206973333333333,0.10131592286229914,0.20919789532128327,0.4531203983600907
2023-08-22 16:00:00,0.154794,0.10671926074891366,0.518906210901281,0.492944615918296
2023-08-22 17:00:00,0.196357,0.1468907510866601,0.5339258036753843,0.6117662923291373
2023-08-22 18:00:00,0.2159346666666666,0.1573726451605217,0.6321032033842243,0.6416129267083034
2023-08-22 19:00:00,0.24032,0.22726848427711377,0.14087466049289812,0.6739720666816975
2023-08-22 20:00:00,0.2436476666666666,0.22501769972766733,0.20108700960481649,0.6455770306346511
2023-08-22 21:00:00,0.0568336666666666,0.23282510245179516,2.25585074198911,0.762468690710678
2023-08-22 22:00:00,0.3149469999999999,0.22847297679918338,0.9333780779582953,0.9019488391502472
2023-08-22 23:00:00,0.4494356666666667,0.22399410105845202,2.433357526463709,0.762468690710678
2023-08-23 00:00:00,0.244576,0.18679981935579243,0.6236210418500859,0.8870556479885259
2023-08-23 01:00:00,0.2313186666666666,0.1487230788453301,0.8915152568937799,0.7576267880283285
2023-08-23 02:00:00,0.108002,0.1487230788453301,0.5219610574686684,0.7578736063972435
2023-08-23 03:00:00,0.1610579999999999,0.1514732821332252,0.1034549476145829,0.7528427376383231
2023-08-23 04:00:00,0.0095076666666666,0.11207922780960328,1.314757910116598,0.7113687645452287
2023-08-23 05:00:00,0.0,0.1533200595749345,1.9652500055525808,0.7952927079360436
2023-08-23 06:00:00,0.0745313333333333,0.1095218158536787,0.4485065173992297,0.7231768268272484
2023-08-23 07:00:00,0.0565606666666666,0.05558739803227557,0.01050520808075943,0.6986018671610852
2023-08-23 08:00:00,0.0,0.05582645210174794,0.7155810896963507,0.5534236271084332
2023-08-23 09:00:00,0.0,0.04943429425452855,0.6336466821598001,0.5025246740069291
2023-08-23 10:00:00,0.0,0.05046876569900066,0.6469064931566723,0.5066343170197423
2023-08-23 11:00:00,0.0,0.04515934800362625,0.578850602856057,0.5185296211666368
2023-08-23 12:00:00,0.0,0.04572222075608003,0.5860654818676618,0.57054365150758
2023-08-23 13:00:00,0.0,0.04803042983990376,0.6156520077754739,0.5732747288851145
2023-08-23 14:00:00,0.0101626666666666,0.0648054650229053,0.7004090663069554,0.5867907595915599
2023-08-23 15:00:00,0.0307136666666666,0.0928259267468583,0.7961523091361754,0.5867907595915599
2023-08-23 16:00:00,0.0346506666666666,0.07039974620442235,0.4582301817182434,0.5977513017673939
2023-08-23 17:00:00,0.031136,0.07547151873847302,0.5682907943586865,0.6393374065634876
2023-08-23 18:00:00,0.0260306666666666,0.12990897902192766,1.3315077916024005,0.6933057365465526
2023-08-23 19:00:00,0.1055143333333333,0.1025811931302626,0.031659551201481305,0.6971319422827458
2023-08-23 20:00:00,0.1720783333333333,0.06797503928946375,1.1236638346078096,0.6436994525677888
2023-08-23 21:00:00,0.0409986666666666,0.06673940089606578,0.32994363703941876,0.7397885142959186
2023-08-23 22:00:00,0.0166273333333333,0.08522279886372144,0.8792537609769889,0.6504828898478173
2023-08-23 23:00:00,0.0,0.11856937257713507,1.5198171769669446,0.6770915816027337
2023-08-24 00:00:00,0.0,0.08317633427018306,1.0661507166088016,0.3672543574460633
2023-08-24 01:00:00,0.0,0.10990628322997326,1.4087740660079948,0.3925734547818821
2023-08-24 02:00:00,0.0,0.07957332739661391,1.0199675276776294,0.3786058886962434
2023-08-24 03:00:00,0.037429,0.0704265130654086,0.42296071965274235,0.3448171465062896
2023-08-24 04:00:00,0.0080403333333333,0.11069122357842104,1.3157747471754608,0.3723434863656232
2023-08-24 05:00:00,0.0,0.10841359855208271,1.3896408972651342,0.3807480566699653
2023-08-24 06:00:00,0.0,0.07483097248792878,0.9591802240693192,0.3451025392427786
2023-08-24 07:00:00,0.068258,0.11979203450813994,0.6605610634645631,0.3440782791464022
2023-08-24 08:00:00,0.114459,0.05782963211716931,0.6112426436748768,0.2557000124550136
2023-08-24 09:00:00,0.0,0.047830530833513865,0.6130897108098529,0.1870986382290448
2023-08-24 10:00:00,0.0077,0.06434767329713384,0.7261074680663202,0.2442188232206343
2023-08-24 11:00:00,0.0512899999999999,0.0551473110359036,0.049442848872771276,0.2318813987432
2023-08-24 12:00:00,0.0415979999999999,0.0640093377774032,0.28726757486000287,0.2422078188345678
2023-08-24 13:00:00,0.071334,0.0869865052760333,0.20063314719494946,0.2557173756031608
2023-08-24 14:00:00,0.0142693333333333,0.044463819711038945,0.38703164273453283,0.1613939803587332
2023-08-24 15:00:00,0.074374,0.04777869235254937,0.28706282205744094,0.1613939803587332
2023-08-24 16:00:00,0.0085636666666666,0.05392196091081548,0.5814006873092963,0.1596741674653331
2023-08-24 17:00:00,0.0,0.05921852821554318,0.759060577116017,0.2186666301696799
2023-08-24 18:00:00,0.0,0.06223267039162228,0.7976957233891022,0.1987215881736944
2023-08-24 19:00:00,0.4748466666666668,0.0643543518666265,4.430747103265287,0.2545003527979454
2023-08-24 20:00:00,0.0260373333333333,0.0627754794666468,0.4709079952920226,0.2551744960676106
2023-08-24 21:00:00,0.3069513333333333,0.1058714793228829,2.1704035582634553,0.3341556370460676
2023-08-24 22:00:00,0.1538503333333333,0.1579250367056812,0.052229374599336256,0.5313264775181191
2023-08-24 23:00:00,0.088982,0.2534171738907154,2.1077230683166204,0.7335093218299585
2023-08-25 00:00:00,0.1393026666666666,0.04181340664725501,1.0522736744557486,0.2127361008883795
2023-08-25 01:00:00,0.0,0.04077624268349024,0.5226681452010309,0.2310083921216476
2023-08-25 02:00:00,0.0033636666666666,0.0409502332244669,0.48178301222428965,0.2215663788421074
2023-08-25 03:00:00,0.0,0.35399096703321514,4.537441166252473,0.8270876298861185
2023-08-25 04:00:00,0.0122256666666666,0.2089946792389343,2.5221768379318092,0.6084598417803864
2023-08-25 05:00:00,0.0505266666666666,0.06664068932949878,0.20654885743849918,0.3098106225210118
2023-08-25 06:00:00,0.1239086666666666,0.04757124722571017,0.823966217792713,0.2596175732510374
2023-08-25 07:00:00,0.108492,0.04181139796808832,0.7197330465024557,0.2091855751532639
2023-08-25 08:00:00,0.1211063333333333,0.15992494709226485,0.497575340870502,0.5886413554519547
2023-08-25 09:00:00,0.8009136666666667,0.032363076765433485,8.29553484229416,0.1735102303703805
2023-08-25 10:00:00,0.5715323333333334,0.05373819088133177,5.588935076347291,0.2130843358416676
2023-08-25 11:00:00,0.0601543333333333,0.030756305750590417,0.3173146508660002,0.1860059078173821
2023-08-25 12:00:00,0.2610733333333333,0.3414558510402811,1.0303396946744696,0.8032252979088854
2023-08-25 13:00:00,0.1007543333333333,0.5979581328830257,6.373137165057188,1.1988852318262038
2023-08-25 14:00:00,0.327376,0.6373575700223548,3.973330586333949,1.3705521752424668
2023-08-25 15:00:00,0.707688,0.6443530914961261,0.6836205021909066,1.3756139769860274
2023-08-25 16:00:00,0.633506,0.6480912433086192,0.18695302866902694,1.400376704725364
2023-08-25 17:00:00,0.4477556666666667,0.21048092911251878,2.561081701634744,0.7395068995163401
2023-08-25 18:00:00,0.5051796666666666,0.1511449441666521,3.8213585604797164,0.5782915115513607
2023-08-25 19:00:00,0.3581226666666666,0.21659595943937926,1.52760240685002,0.6401047963102899
2023-08-25 20:00:00,0.1842993333333333,0.5727516623523445,4.979165439134294,1.263897877853929
2023-08-25 21:00:00,0.2788703333333333,0.21659595943937926,0.6721733679050819,0.7483143215492682
2023-08-25 22:00:00,0.5083006666666667,0.16868336694784536,3.665740655049649,0.6138804664210487
2023-08-25 23:00:00,0.6012633333333334,0.16759432320739354,4.680910314551018,0.6021473903773271
2023-08-26 00:00:00,0.302192,0.7839774252036407,6.175505098169159,1.4210743065094358
2023-08-26 01:00:00,0.3587683333333332,0.16525249640652065,2.088759528463036,0.4285780367452165
2023-08-26 02:00:00,0.6068559999999998,0.10464737221994887,5.4207090913631815,0.3684460306164158
2023-08-26 03:00:00,0.3506983333333333,0.2305167104857008,1.2972091269412884,0.6387521597588518
2023-08-26 04:00:00,0.3653929999999999,0.4305385281706136,0.8350326105662099,0.8882758739458111
2023-08-26 05:00:00,0.4633683333333332,0.7531569898499917,3.7144986794770576,1.2689031864722249
2023-08-26 06:00:00,0.4794616666666665,0.7999813190826084,4.108407278450604,1.2689031864722249
2023-08-26 07:00:00,0.4885250000000001,0.32106039414720444,1.8075693271947817,0.8147104431766387
2023-08-26 08:00:00,0.4116859999999999,0.35668963546579746,0.5936164309647027,0.802277225850116
2023-08-26 09:00:00,0.2457206666666667,0.17424072228044343,0.7715358975358616,0.6185788136417815
2023-08-26 10:00:00,0.1940029999999999,0.10067816369829549,1.0073239697749472,0.3482726844993455
2023-08-26 11:00:00,0.296788,0.10053915917722957,2.1182588605056516,0.3482726844993455
2023-08-26 12:00:00,0.1717403333333333,0.16221601694948282,0.10280298974387402,0.4427420229988072
2023-08-26 13:00:00,0.2331949999999999,0.13396589756685343,1.0710530802006504,0.3650729770517455
2023-08-26 14:00:00,0.1827649999999999,0.102669224569347,0.8645329332073464,0.3514863477166078
2023-08-26 15:00:00,0.1434996666666667,0.06805302565287702,0.8143513875181367,0.3196131460587768
2023-08-26 16:00:00,0.0894533333333333,0.06576437026856406,0.25569249580156667,0.2955498115487086
2023-08-26 17:00:00,0.0257826666666666,0.07286336122982592,0.6034783413741558,0.2874099669212763
2023-08-26 18:00:00,0.0,0.07285106552762399,0.9338018608237006,0.3081907352439973
2023-08-26 19:00:00,0.0,0.0577143419085478,0.7397799809802583,0.3170407480889576
2023-08-26 20:00:00,0.0,0.06156593227987468,0.7891495026176859,0.3170407480889576
2023-08-26 21:00:00,0.0,0.06725678215919834,0.8620945744363778,0.3146108678097269
2023-08-26 22:00:00,0.0532746666666666,0.06629450461186631,0.16688772927062281,0.3146108678097269
2023-08-26 23:00:00,0.0038296666666666,0.06550599778532121,0.7905645902397932,0.3146108678097269
2023-08-27 00:00:00,0.0107666666666666,0.10777285007830173,1.2434211349570696,0.3139079638719168
2023-08-27 01:00:00,0.0006006666666666,0.09612379834916061,1.224411440941755,0.3139079638719168
2023-08-27 02:00:00,0.0,0.09496685246503489,1.2172810775814016,0.3139079638719168
2023-08-27 03:00:00,0.0,0.09612379834916061,1.2321107607390112,0.3139079638719168
2023-08-27 04:00:00,0.0,0.09194222086868813,1.178511478365261,0.3139079638719168
2023-08-27 05:00:00,0.016727,0.09194222086868813,0.9641055034783831,0.3139079638719168
2023-08-27 06:00:00,0.0,0.04672155241194033,0.5988748725480016,0.3139079638719168
2023-08-27 07:00:00,0.0,0.04139704051617715,0.5306255054285014,0.3139079638719168
2023-08-27 08:00:00,0.0,0.06560011814109737,0.8408595254819359,0.3139079638719168
2023-08-27 09:00:00,0.0,0.06471500377734214,0.8295141671960915,0.2882544401194467
2023-08-27 10:00:00,0.0,0.05648470501387913,0.7240185475398141,0.2715432803559838
2023-08-27 11:00:00,0.0,0.055687071994098454,0.7137945214019508,0.2480561608664889
2023-08-27 12:00:00,0.0,0.0957455663997484,1.227262599691179,0.2305087450388174
2023-08-27 13:00:00,0.0,0.11009142060157324,1.4111471489664384,0.2577351117682275
2023-08-27 14:00:00,0.0,0.15275602719933248,1.9580202625407608,0.3348142180799452
2023-08-27 15:00:00,0.0,0.10199259941489883,1.3073368032999455,0.2480561608664889
2023-08-27 16:00:00,0.0,0.10287771377865407,1.31868216158579,0.2760987069695848
2023-08-27 17:00:00,0.119926,0.14855708883233357,0.3669920794625024,0.3577875141505945
2023-08-27 18:00:00,0.0280313333333333,0.237202153311767,2.681142678027363,0.5206074037615539
2023-08-27 19:00:00,0.0,0.16831608850462146,2.15746846684877,0.392537195266057
2023-08-27 20:00:00,0.0,0.13442728769306408,1.7230832587571112,0.3600028089806301
2023-08-27 21:00:00,0.006468,0.23092553475890226,2.8770871382009746,0.4706585359557691
2023-08-27 22:00:00,0.0056233333333333,0.2764195360352014,3.4710542139031872,0.5493932643707032
2023-08-27 23:00:00,0.099465,0.27543781053607636,2.2556120043385723,0.6654310215484128
2023-08-28 00:00:00,0.1709296666666666,0.0982746390930673,0.7842194393242097,0.3384505796947766
2023-08-28 01:00:00,0.2677343333333333,0.0982746390930673,1.829103791482739,0.3384505796947766
2023-08-28 02:00:00,0.1186806666666666,0.029287264395625234,0.9648890950769298,0.2119345531277747
2023-08-28 03:00:00,0.1987733333333333,0.07925961906515111,1.289999895740244,0.3375506001156678
2023-08-28 04:00:00,0.1410743333333333,0.03692230250722024,1.1241898867382938,0.2379141542385679
2023-08-28 05:00:00,0.2289063333333333,0.0302829862939881,2.1438886619938935,0.2878038630426382
2023-08-28 06:00:00,0.1343166666666666,0.04970557460802376,0.913270084546069,0.2995746431056367
2023-08-28 07:00:00,0.0368543333333333,0.14067380667107618,1.3307535955772694,0.487041022753688
2023-08-28 08:00:00,0.047148,0.03249256266951554,0.158186972466856,0.2995746431056367
2023-08-28 09:00:00,0.0562956666666666,0.07130443900483102,0.19238180576429414,0.3437122584865122
2023-08-28 10:00:00,0.113109,0.027741409550457168,0.9214355310922185,0.2995746431056367
2023-08-28 11:00:00,0.046985,0.04970661158154509,0.034885501548669345,0.2995746431056367
2023-08-28 12:00:00,0.0032893333333333,0.1207747775837904,1.505923429756513,0.487041022753688
2023-08-28 13:00:00,0.0396656666666666,0.07078451013410021,0.3988800126135741,0.3775360990912679
2023-08-28 14:00:00,0.1024376666666666,0.07156414241646053,0.33324077749379016,0.3922310164524402
2023-08-28 15:00:00,0.047007,0.07663949797035934,0.3798280992209196,0.3775360990912679
2023-08-28 16:00:00,0.0197613333333333,0.1341742190294525,1.4665395048303556,0.5152000782746138
2023-08-28 17:00:00,0.033851,0.16101629181666147,1.6299993043418193,0.6905099119710477
2023-08-28 18:00:00,0.029527,0.16101629181666147,1.68542415251608,0.6905099119710477
2023-08-28 19:00:00,0.11725,0.1349334041879007,0.22666512310788245,0.5227110893918859
2023-08-28 20:00:00,0.110565,0.08336260932842537,0.29361551806074904,0.3730501097359034
2023-08-28 21:00:00,0.1450686666666666,0.08207269367541592,0.6799621205681456,0.3697908608763634
2023-08-28 22:00:00,0.0874456666666666,0.09608950072188328,0.11079629744539529,0.3623558764997481
2023-08-28 23:00:00,0.090531,0.14611963177613754,0.7125327188731061,0.487041022753688
2023-08-29 00:00:00,0.1018013333333333,0.3230495465634213,2.8359501912821687,0.795351483816372
2023-08-29 01:00:00,0.192542,0.2606699964717725,0.8732617624571151,0.757761480318805
2023-08-29 02:00:00,0.2198116666666666,0.11735731054983853,1.1058656282095676,0.4173802879803431
2023-08-29 03:00:00,0.1715036666666666,0.31297838634073455,1.8134169422829134,0.795351483816372
2023-08-29 04:00:00,0.2242273333333333,0.13763068083335978,0.9347017066656438,0.5375809894794628
2023-08-29 05:00:00,0.2676656666666666,0.3212192068691503,0.6864470015996368,0.795351483816372
2023-08-29 06:00:00,0.1596733333333333,0.11170743700709365,0.5177313887265705,0.4185404717019074
2023-08-29 07:00:00,0.1075863333333333,0.1025148290357284,0.054740496144870025,0.3022060928371738
2023-08-29 08:00:00,0.1268473333333333,0.09706319233695747,0.3214822584613323,0.4029783170908024
2023-08-29 09:00:00,0.0817463333333333,0.09518312812220482,0.17223226436676745,0.4171114767925
2023-08-29 10:00:00,0.0632263333333333,0.07261934332482517,0.12039920274693598,0.2832353502168453
2023-08-29 11:00:00,0.02748,0.03909947293502298,0.14893791010374205,0.2177913623171353
2023-08-29 12:00:00,0.01289,0.024403166771185626,0.1475752822150572,0.2473164227906181
2023-08-29 13:00:00,0.0126523333333333,0.026199439121023474,0.17364622605998545,0.1783737795349252
2023-08-29 14:00:00,0.0258816666666666,0.02485822969443543,0.011046712049400397,0.2247559458254572
2023-08-29 15:00:00,0.007871,0.025724936637638134,0.22885100079878937,0.2473164227906181
2023-08-29 16:00:00,0.0,0.023244159965062523,0.2979426542557402,0.1747974170039192
2023-08-29 17:00:00,0.006438,0.02391727331066019,0.22404858220160717,0.1810099078944553
2023-08-29 18:00:00,0.0487273333333333,0.028049677125504262,0.22318923410242858,0.1719182976662554
2023-08-29 19:00:00,0.1286506666666666,0.019456575577113673,1.1786125716492344,0.1523953513573327
2023-08-29 20:00:00,0.000294,0.03933221615043494,0.5003901949888601,0.1747974170039192
2023-08-29 21:00:00,0.0,0.049323714335164165,0.6322292734544595,0.1747974170039192
2023-08-29 22:00:00,0.0,0.06749092607304051,0.8650958211698722,0.198424045064126
2023-08-29 23:00:00,0.0,0.06853792353722148,0.878516190154855,0.198424045064126
2023-08-30 00:00:00,0.0067493333333333,0.026327798270653742,0.2509559312294341,0.1994027161514925
2023-08-30 01:00:00,0.0173023333333333,0.0441632381028957,0.34430193540154314,0.233474724537275
2023-08-30 02:00:00,0.0595056666666666,0.04474007400552778,0.15937596040794283,0.233474724537275
2023-08-30 03:00:00,0.0426863333333333,0.04356530442222138,0.011266614049765655,0.2252290945961772
2023-08-30 04:00:00,0.01072,0.07192344751936625,0.7845031883677638,0.3121428058387716
2023-08-30 05:00:00,0.0,0.04356530442222138,0.5584182199970099,0.2252290945961772
2023-08-30 06:00:00,0.0,0.028637314872623026,0.3670718845822458,0.1986349316619257
2023-08-30 07:00:00,0.0,0.025224827297670054,0.3233307639212098,0.1911570862103947
2023-08-30 08:00:00,0.0,0.025231969375325,0.3234223107689605,0.1986349316619257
2023-08-30 09:00:00,0.0,0.024190833985061826,0.31007708159824215,0.196144658499675
2023-08-30 10:00:00,0.0,0.03480240190342627,0.4460957080474109,0.216927846055311
2023-08-30 11:00:00,0.0,0.11614663659694588,1.4887626501703894,0.3327292703252555
2023-08-30 12:00:00,0.0,0.11614663659694588,1.4887626501703894,0.4210695804942101
2023-08-30 13:00:00,0.0,0.11614663659694588,1.4887626501703894,0.4210695804942101
2023-08-30 14:00:00,0.2575059999999999,0.32191113567372787,0.8255422910173539,0.738991004696454
2023-08-30 15:00:00,0.22471,0.32485870333097566,1.2837018216855711,0.738991004696454
2023-08-30 16:00:00,0.274384,0.14108589923010967,1.4387849724900574,0.5701775109086905
2023-08-30 17:00:00,0.3678353333333334,0.12486634707477617,2.6225439386674236,0.4450716132545302
2023-08-30 18:00:00,0.5526019999999999,0.3298097011965259,2.404762030768255,0.7769475332319896
2023-08-30 19:00:00,0.6582556666666666,0.3298097011965259,3.5451601835588207,0.7769475332319896
2023-08-30 20:00:00,0.8817719999999999,1.1074423863878016,2.892633418818379,1.2623733685688423
2023-08-30 21:00:00,1.2439913333333334,0.5319092706688449,7.686028270650448,0.7542521775481186
2023-08-30 22:00:00,1.2626163333333331,0.8224565469721573,4.750970062237705,1.1004141175124402
2023-08-30 23:00:00,0.854156,0.6395109668966579,2.3168225673510747,0.7624978074892165
2023-08-31 00:00:00,0.25972,0.07333116392307854,2.011832538036902,0.256646778394327
2023-08-31 01:00:00,0.4255756666666667,0.10710896347956737,3.4374466263029477,0.2714618434757287
2023-08-31 02:00:00,0.399838,0.113521638273269,3.0904242164829077,0.4014516716535077
2023-08-31 03:00:00,0.4614773333333332,0.24386278887400828,2.348874699301567,0.7632375779288214
2023-08-31 04:00:00,0.587591,0.113521638273269,5.116981184509451,0.3916449563655311
2023-08-31 05:00:00,0.9314093333333334,0.24386278887400828,7.421198279210546,0.7632375779288214
2023-08-31 06:00:00,0.5249940000000001,0.3636400532776349,1.7416124645081195,0.8871849736538155
2023-08-31 07:00:00,1.2984053333333334,0.24386278887400828,11.382457492314302,0.7632375779288214
2023-08-31 08:00:00,0.9435156666666664,0.3632085476171159,6.2636838596734865,0.8804361909192711
2023-08-31 09:00:00,0.6730483333333332,0.8763585674251654,2.606021937283351,1.4212141282177444
2023-08-31 10:00:00,1.025317,0.8469233185577472,1.9255349218319024,1.1252178729032654
2023-08-31 11:00:00,0.8219139999999999,0.714485158777427,1.15955892447323,1.1270721386075269
2023-08-31 12:00:00,0.9834583333333332,0.8629914920784955,1.3002877001227091,1.423068393922006
2023-08-31 13:00:00,1.2503273333333331,0.46626468974143,8.462967908584599,0.9780786179173728
2023-08-31 14:00:00,0.8975546666666667,0.8656211539070534,0.3446820173129533,1.423068393922006
2023-08-31 15:00:00,0.4745743333333333,0.8695272571555224,5.062489786962351,1.423068393922006
2023-08-31 16:00:00,0.7744049999999999,0.6293104615967207,1.5661126470616211,0.9780786179173728
2023-08-31 17:00:00,0.6352150000000001,0.11052667919723244,5.663349041373483,0.5313642376648263
2023-08-31 18:00:00,1.5879766666666664,0.17562273934217976,15.244580340868554,0.5454946670003238
2023-08-31 19:00:00,1.435552333333333,0.8775798097297466,6.022610055105397,1.440100494582131
2023-08-31 20:00:00,1.1451160000000002,0.8775798097297466,2.8877159384481628,1.4279629109522896
2023-08-31 21:00:00,0.7166423333333333,0.8775798097297466,2.0628897305318876,1.4279629109522896
2023-08-31 22:00:00,1.189109,0.11431137491733137,11.601085555648448,0.3995974059492465
2023-08-31 23:00:00,1.2633166666666666,0.07333116392307854,12.844393498029799,0.2469061712628379
2023-09-01 00:00:00,1.0292793333333332,0.079550055465715,10.251130398989309,0.6658054552546576
2023-09-01 01:00:00,0.3333886666666666,0.05462654543887849,3.00888571259066,0.6658054552546576
2023-09-01 02:00:00,0.1300036666666666,0.079550055465715,0.5445831349772869,0.6658054552546576
2023-09-01 03:00:00,0.1817133333333333,0.08695626891601985,1.0227830669264764,0.6658054552546576
2023-09-01 04:00:00,0.0177696666666666,0.079550055465715,0.7918983971632881,0.6658054552546576
2023-09-01 05:00:00,0.041468,0.07602480523863511,0.442947660439142,0.6658054552546576
2023-09-01 06:00:00,0.029204,0.079550055465715,0.6453335986031834,0.6658054552546576
2023-09-01 07:00:00,0.0158656666666666,0.053205838598399155,0.47862473638230113,0.6658054552546576
2023-09-01 08:00:00,0.024788,0.051883470077706245,0.3473085835492817,0.6405240508736502
2023-09-01 09:00:00,0.0,0.04839863886941402,0.6203716954621062,0.6330586894407079
2023-09-01 10:00:00,0.0,0.03482180131785386,0.44634436891681856,0.6330586894407079
2023-09-01 11:00:00,0.001227,0.32944464413538715,4.207079809046573,1.2261179708456709
2023-09-01 12:00:00,0.0633616666666666,0.12116371323509081,0.7409041755819756,0.7686506092089574
2023-09-01 13:00:00,0.1756423333333333,0.44335803147318364,3.4315684373883975,1.3386378305153894
2023-09-01 14:00:00,0.1627553333333333,0.6355354771049224,6.060075783613668,1.389783644773339
2023-09-01 15:00:00,0.5870636666666667,0.6544256530269833,0.8634430774137777,1.4968133379234112
2023-09-01 16:00:00,1.218211,1.0862778081902298,1.424052500764687,1.789194129266578
2023-09-01 17:00:00,1.4527826666666668,0.7064160755666757,8.05608653867531,1.5377499430446795
2023-09-01 18:00:00,1.5388043333333334,0.8949114667614451,6.95001185288036,1.6653670748219616
2023-09-01 19:00:00,1.473496,0.45536444883894744,10.98944671655369,1.379574435636658
2023-09-01 20:00:00,1.3444056666666664,0.23132558111071516,12.01429646053589,0.9717776903313468
2023-09-01 21:00:00,0.9853606666666666,0.2586710819193347,7.843698058417289,0.9717776903313468
2023-09-01 22:00:00,1.2335763333333332,0.21275284970742278,11.018502734269065,0.8109116975018923
2023-09-01 23:00:00,0.7556986666666666,0.18357675228393902,6.175334892933815,0.8109116975018923
2023-09-02 00:00:00,0.324728,0.16624092447572564,1.7106682036817915,0.4424715399669613
2023-09-02 01:00:00,0.1701563333333333,0.0792471676781007,0.9812498501546768,0.2756372254052948
2023-09-02 02:00:00,0.3511496666666667,0.07861277497422607,2.9416922068015485,0.2756372254052948
2023-09-02 03:00:00,0.0439176666666666,0.05529759839083984,0.14586748104665948,0.2613913624988773
2023-09-02 04:00:00,0.029708,0.03055542892906754,0.01086230798613435,0.2575174629474925
2023-09-02 05:00:00,0.0,0.029525213387901057,0.3784529300039471,0.2575174629474925
2023-09-02 06:00:00,0.0,0.02920109652063833,0.3742984137785184,0.2575174629474925
2023-09-02 07:00:00,0.0,0.02776748334311274,0.35592242101603566,0.2575174629474925
2023-09-02 08:00:00,0.0,0.018269031228421856,0.23417166561658417,0.2408854703840781
2023-09-02 09:00:00,0.0,0.015442227875812873,0.1979378204184241,0.1802732214269672
2023-09-02 10:00:00,0.0,0.014018303906272359,0.1796860235119778,0.1348559981400836
2023-09-02 11:00:00,0.0,0.01392054128231136,0.17843290635421746,0.1348559981400836
2023-09-02 12:00:00,0.0,0.015516440244887094,0.19888907141023512,0.1348559981400836
2023-09-02 13:00:00,0.0,0.014473724024485692,0.18552357922601062,0.1348559981400836
2023-09-02 14:00:00,0.0,0.017344378115813217,0.22231950132884332,0.1348559981400836
2023-09-02 15:00:00,0.0,0.020284156216251563,0.2600014520417971,0.1348559981400836
2023-09-02 16:00:00,0.0,0.030912587461622967,0.39623623189963225,0.1494605527105184
2023-09-02 17:00:00,0.0,0.03290325644484317,0.42175254229745596,0.1660925452739328
2023-09-02 18:00:00,0.0,0.032465553619165685,0.41614208608593434,0.1660925452739328
2023-09-02 19:00:00,0.0,0.03598476900261054,0.4612512392589116,0.1660925452739328
2023-09-02 20:00:00,0.0,0.028379253006517065,0.3637640585534555,0.1992195185368918
2023-09-02 21:00:00,0.0,0.023135083716905397,0.2965445195440088,0.2089826022979908
2023-09-02 22:00:00,0.0,0.021619229586007586,0.2771143657375016,0.2613913624988773
2023-09-02 23:00:00,0.0,0.023931257324879406,0.30674983900337804,0.2613913624988773
2023-09-03 00:00:00,0.0,0.023799664915755876,0.3050630930976064,0.1657188365106761
2023-09-03 01:00:00,0.0,0.01879034908480456,0.24085389573696864,0.2779133531466181
2023-09-03 02:00:00,0.0,0.01846353764975376,0.2366648406561863,0.2779133531466181
2023-09-03 03:00:00,0.0,0.034030580242629706,0.4362025308116904,0.2694694708495944
2023-09-03 04:00:00,0.0,0.030821675698263794,0.3950709287818162,0.2694694708495944
2023-09-03 05:00:00,0.0,0.028411230298857365,0.3641739421272263,0.2069529000538159
2023-09-03 06:00:00,0.0133953333333333,0.06730489001757989,0.6910104057275835,0.2728882450568616
2023-09-03 07:00:00,0.0691216666666666,0.1229017922159638,0.689351362942294,0.5169175876287576
2023-09-03 08:00:00,0.4598533333333333,0.027073355007884714,4.671314336909741,0.2302264232729665
2023-09-03 09:00:00,0.3393299999999999,0.02450810993845555,3.3981054629833314,0.2169456125218915
2023-09-03 10:00:00,0.2969873333333333,0.01004992264972567,3.097127657125901,0.2135268383146244
2023-09-03 11:00:00,0.0462806666666666,0.003944593233042583,0.4569645471219859,0.2135268383146244
2023-09-03 12:00:00,0.0657126666666666,0.004688586551791054,0.658678022583986,0.1013323216786824
2023-09-03 13:00:00,0.0,0.004205720386990134,0.05390874512310855,0.1013323216786824
2023-09-03 14:00:00,0.0,0.00776682960287709,0.0995548916593008,0.1075538463280213
2023-09-03 15:00:00,0.0,0.016667483343424196,0.21364309291311429,0.2119879814901063
2023-09-03 16:00:00,0.0,0.031022666327801623,0.39764721812653947,0.2302264232729665
2023-09-03 17:00:00,0.0,0.12963339395275153,1.6616353325960653,0.4954069290006326
2023-09-03 18:00:00,0.0349646666666666,0.3064114358118117,3.4793931469156516,0.8181381868792692
2023-09-03 19:00:00,0.171008,0.5731802478892571,5.155026775939695,1.19417206795758
2023-09-03 20:00:00,0.235597,0.5689611079105974,4.273046962926166,1.198177961219238
2023-09-03 21:00:00,0.8674233333333333,0.5454224533394489,3.4755936100210674,1.1505858053859048
2023-09-03 22:00:00,1.3604546666666664,0.16997442411577934,12.849733590618687,0.6481918725319645
2023-09-03 23:00:00,1.0560573333333332,0.163908711791619,9.62961979569241,0.6481918725319645
2023-09-04 00:00:00,0.650421,0.35407948614237955,3.1986330968010925,0.971556955769724
2023-09-04 01:00:00,0.241445,0.6037756587573726,4.644338980228321,1.1804001089655385
2023-09-04 02:00:00,0.1344153333333333,0.6037756587573726,6.0162406974211375,1.1804001089655385
2023-09-04 03:00:00,0.4949506666666666,0.6037756587573726,1.3949141221536792,1.1575494582107912
2023-09-04 04:00:00,1.042271333333333,0.4707475574236095,6.168878742085035,1.062727286351391
2023-09-04 05:00:00,0.9725483333333332,0.35407948614237955,6.675591611224167,0.899180456825182
2023-09-04 06:00:00,0.6461979999999999,0.23576403235158877,4.4301173193113765,0.8923854501172837
2023-09-04 07:00:00,0.6118420000000001,0.08350567572982151,5.702724640411937,0.3749697637645784
2023-09-04 08:00:00,0.3170373333333333,0.11528139909342158,2.177700992125816,0.3354166331483712
2023-09-04 09:00:00,0.241577,0.12223676688970123,1.2881273853178807,0.4620239813005727
2023-09-04 10:00:00,0.16443,0.1206632522710305,0.47240687274239584,0.2932733423104649
2023-09-04 11:00:00,0.3612336666666667,0.1201704726231389,2.6019733140010874,0.2932733423104649
2023-09-04 12:00:00,0.472663,0.07907911048247929,4.248241965799328,0.259363831533936
2023-09-04 13:00:00,0.2361996666666666,0.07907911048247929,1.6959183499346,0.2525396553253626
2023-09-04 14:00:00,0.1638556666666666,0.12284948426384734,0.4426100498026706,0.2907433215082087
2023-09-04 15:00:00,0.202224,0.12793736116354568,0.8018306262232177,0.4645288673996714
2023-09-04 16:00:00,0.2299536666666667,0.13022556761249346,1.0764391197279202,0.4645288673996714
2023-09-04 17:00:00,0.497614,0.12735381792789396,3.996491943995587,0.3938103953214786
2023-09-04 18:00:00,0.3421063333333332,0.3113753612420786,0.33170210662818295,0.7996201198027734
2023-09-04 19:00:00,0.2748073333333333,0.7745265170199832,6.4053792519884585,1.1250687624804752
2023-09-04 20:00:00,0.4255570000000001,0.8333988910405898,5.227700020820556,1.182659081443482
2023-09-04 21:00:00,0.8031246666666667,0.8328283429759937,0.3807404601438104,1.260310296775593
2023-09-04 22:00:00,1.3274456666666663,0.8463705899877431,5.192599046553589,1.2284627173790408
2023-09-04 23:00:00,1.4581013333333332,0.7599679893700844,7.535469434951208,1.2039718767257197
2023-09-05 00:00:00,1.501973,0.5938489370839319,9.80205454791739,1.2502273896162046
2023-09-05 01:00:00,1.0855106666666667,0.7785690000637226,3.3130483839505986,1.255083402523338
2023-09-05 02:00:00,0.9390366666666664,0.5700095053159964,3.9831830395586554,1.2502273896162046
2023-09-05 03:00:00,1.059419,0.5325257166786416,5.687148832355719,1.118952056259409
2023-09-05 04:00:00,0.7946240000000001,0.5700095053159964,2.4244303383787686,1.2443661583683514
2023-09-05 05:00:00,0.963962,0.5755683753781072,4.192219598699263,1.2502273896162046
2023-09-05 06:00:00,1.0868026666666666,0.5325257166786416,5.982720996280925,1.118952056259409
2023-09-05 07:00:00,1.2532516666666669,0.23030445708225378,11.041425678985702,0.85181832750303
2023-09-05 08:00:00,0.6865540000000001,0.1202867162028591,6.112141535658875,0.3153378588556965
2023-09-05 09:00:00,0.3630133333333333,0.15342023600930657,2.2622932886945724,0.316568354506746
2023-09-05 10:00:00,0.386694,0.11816214402219341,2.8984628947016793,0.3108245096724172
2023-09-05 11:00:00,0.2514233333333333,0.06587917739061913,2.002715280726865,0.2264069412529625
2023-09-05 12:00:00,0.1782139999999999,0.06450439850452475,1.2273518145764741,0.2607274665371959
2023-09-05 13:00:00,0.3123893333333333,0.06414906820832683,2.679440749462531,0.2607274665371959
2023-09-05 14:00:00,0.2054193333333333,0.024196699679538358,1.956069894996191,0.1216843548141415
2023-09-05 15:00:00,0.2015583333333333,0.0824166304749602,1.2859845015002906,0.2823443120211022
2023-09-05 16:00:00,0.151439,0.08431234417034565,0.7245476349880197,0.2868576612043815
2023-09-05 17:00:00,0.1860936666666666,0.15615311064433135,0.3231705615018275,0.5050185908934223
2023-09-05 18:00:00,0.2517696666666666,0.46382703638659273,2.718142349898239,1.040662816900207
2023-09-05 19:00:00,0.3709119999999999,0.4663792038875877,1.223694560844299,1.0481439694005297
2023-09-05 20:00:00,0.1903,0.46324956973655407,3.4986559810079343,1.043442830540488
2023-09-05 21:00:00,0.181294,0.4961981361968036,4.036427830285516,1.0628807421443287
2023-09-05 22:00:00,0.026015,0.4936459686958086,5.99407387639863,1.0572995225934008
2023-09-05 23:00:00,0.008421,0.3195331082598658,3.9878217773999163,0.8996416427072903
2023-09-06 00:00:00,0.0198163333333333,0.32450333929336717,3.905465089270342,0.931660543400852
2023-09-06 01:00:00,0.22099,0.22001353544593805,0.01053970400507671,0.497191639191287
2023-09-06 02:00:00,0.178362,0.22001353544593805,0.5338876106188615,0.4779637198447381
2023-09-06 03:00:00,0.130101,0.21305011742699514,1.0632382607724638,0.4383288467747002
2023-09-06 04:00:00,0.2526773333333333,0.15440575804608228,1.0607177816456925,0.3639046376527152
2023-09-06 05:00:00,0.212604,0.1611055904013669,0.5558604166878556,0.3787086832298185
2023-09-06 06:00:00,0.2772336666666667,0.20900342449600431,0.7364594584432443,0.4318334563635784
2023-09-06 07:00:00,0.0434473333333333,0.15789013761377524,1.4669229999722788,0.3787086832298185
2023-09-06 08:00:00,0.0025016666666666,0.007836259652302942,0.06837858610091829,0.1915191590165257
2023-09-06 09:00:00,0.003725,0.0054470471543651075,0.022073127215449552,0.1306910681031264
2023-09-06 10:00:00,0.0,0.004202845287516386,0.05387189222028284,0.1361250505280223
2023-09-06 11:00:00,0.0,0.005148459714431024,0.06599273774367193,0.1130819239052102
2023-09-06 12:00:00,0.0,0.004268603624281766,0.0547147797853645,0.1505335267930307
2023-09-06 13:00:00,0.0451583333333333,0.009572836736903862,0.384100579421788,0.1536725659760207
2023-09-06 14:00:00,0.0297126666666666,0.013136191117018258,0.17892215852988494,0.1623424450362278
2023-09-06 15:00:00,0.0483723333333333,0.09732134100730984,0.6274262994012197,0.3142946383066947
2023-09-06 16:00:00,0.1089493333333333,0.15236544900940985,0.5565059249913703,0.3246625102402832
2023-09-06 17:00:00,0.1320716666666666,0.26029244599787743,1.6435284984314877,0.8743793136360414
2023-09-06 18:00:00,0.2945963333333333,0.7792187200872251,6.211869150712843,1.1941291629809117
2023-09-06 19:00:00,0.5106580000000001,0.8402343901964,4.224496158292412,1.1941291629809117
2023-09-06 20:00:00,0.6667813333333333,0.7792187200872251,1.4412176433730555,1.1938581654876694
2023-09-06 21:00:00,1.0730936666666668,0.535131384591057,5.806624721180425,1.149400280413774
2023-09-06 22:00:00,0.8980226666666666,0.5778343534186704,3.456029236781264,1.1746023702769302
2023-09-06 23:00:00,0.4575423333333334,0.7903638605248697,4.266092186335916,1.2213667351925888
2023-09-07 00:00:00,0.6112043333333333,0.5809159198854354,0.32692524392849315,1.2275973851928963
2023-09-07 01:00:00,1.0902823333333331,0.483898907888227,6.545144717429731,1.226088511836757
2023-09-07 02:00:00,0.9110235714285716,0.4983893698492936,4.4538660711496245,1.226088511836757
2023-09-07 03:00:00,0.5573116666666666,0.4980272271523608,0.6399007951578122,1.214724728893524
2023-09-07 04:00:00,0.36254,0.4983345114487998,1.740608274733498,1.214724728893524
2023-09-07 05:00:00,0.412896,0.4983345114487998,1.0951472075126203,1.214724728893524
2023-09-07 06:00:00,0.4402323333333333,0.4006997871406919,0.4267040044661266,1.105979718002406
2023-09-07 07:00:00,0.764916,0.2849754164284756,5.180353623513866,0.8403073162159099
2023-09-07 08:00:00,1.0794166666666667,0.04216196497439618,11.19585702136725,0.2259159650376478
2023-09-07 09:00:00,1.073796,0.11126438701197847,10.389315468976282,0.4077215116443741
2023-09-07 10:00:00,0.4951546666666666,0.10171541865786629,4.246680743036638,0.3925674112238017
2023-09-07 11:00:00,0.4289446666666667,0.09798540638413678,3.5722880329926645,0.3162068817550605
2023-09-07 12:00:00,0.2215456666666666,0.03202543500078302,2.0456320062236095,0.1817484757387601
2023-09-07 13:00:00,0.12425,0.03714095338539871,0.9402323552484876,0.180156982024197
2023-09-07 14:00:00,0.1489453333333333,0.09783255102209917,0.5516980562124462,0.3826604651334144
2023-09-07 15:00:00,0.1357146666666666,0.12189705807470808,0.14914366733685738,0.4374850609757585
2023-09-07 16:00:00,0.1269703333333333,0.12897743282346924,0.025726915936961352,0.4731956618192104
2023-09-07 17:00:00,0.265858,0.23927769090061704,0.286900931637065,0.8159738379220235
2023-09-07 18:00:00,0.4439983333333334,0.4599990184950653,0.20509610216770088,1.1101148928019364
2023-09-07 19:00:00,0.4157336666666666,0.5252929667503505,1.4043264507901145,1.1333378752567829
2023-09-07 20:00:00,0.6163933333333333,0.5718546929041692,0.48073848145250025,1.1486554850001682
2023-09-07 21:00:00,1.2249623333333333,0.5718546929041692,7.049473721235331,1.1841390132205447
2023-09-07 22:00:00,1.42321,0.571909551304663,9.188715259876854,1.210019363612399
2023-09-07 23:00:00,1.1219626666666669,0.5462331288634519,6.214274640265706,1.2158680463709055
2023-09-08 00:00:00,1.0391343333333332,0.3383607071364493,7.563967953526835,0.9099629134885032
2023-09-08 01:00:00,0.994981,0.25301201397301576,8.008619935194508,0.8940547993547494
2023-09-08 02:00:00,0.813683,0.19108178496841563,6.720195313119099,0.5507911111669204
2023-09-08 03:00:00,0.6923933333333333,0.17842173010447243,5.547675583832068,0.5406009428966283
2023-09-08 04:00:00,0.5162566666666667,0.1760530209322911,3.6720695211849224,0.510307463414615
2023-09-08 05:00:00,0.0243756666666666,0.12878159542769774,1.3382707562610627,0.510307463414615
2023-09-08 06:00:00,0.0826553333333333,0.12287218807962713,0.5154979344032455,0.4822902049649926
2023-09-08 07:00:00,0.137747,0.04168086043841725,1.0369128829895449,0.3238215234336618
2023-09-08 08:00:00,0.0881836666666666,0.014725515803995243,0.7928881428743709,0.2834630448167783
2023-09-08 09:00:00,0.025549,0.015075370861579299,0.11304962429890505,0.2664622551791606
2023-09-08 10:00:00,0.0,0.014640926026884039,0.18766676738451218,0.2635238371640478
2023-09-08 11:00:00,0.0,0.013239849528715405,0.16970782839479862,0.2381349667598252
2023-09-08 12:00:00,0.0011946666666666,0.012016153032233424,0.13870935218116887,0.2340597132925981
2023-09-08 13:00:00,0.0347506666666666,0.012741416187212192,0.23756211575942807,0.2379893611925621
2023-09-08 14:00:00,0.032878,0.013091271244796246,0.21357279528587744,0.2435826581215285
2023-09-08 15:00:00,0.0888489999999999,0.01374210773994717,0.8106842279826624,0.2435826581215285
2023-09-08 16:00:00,0.035526,0.01374210773994717,0.23512965785020518,0.2632444269030169
2023-09-08 17:00:00,0.030663,0.017213020043764696,0.14517557961857339,0.2712299818089094
2023-09-08 18:00:00,0.0597053333333333,0.019069601717770793,0.43861150051596903,0.2800628474014234
2023-09-08 19:00:00,0.0300643333333333,0.018172631930562934,0.12835592687986513,0.2761331995014594
2023-09-08 20:00:00,0.0,0.013389270282475867,0.17162309726419206,0.2735035697312727
2023-09-08 21:00:00,0.0,0.013347323264748202,0.17108542217424783,0.279123812360488
2023-09-08 22:00:00,0.0,0.014191484627999622,0.18190584664066478,0.28931398063078
2023-09-08 23:00:00,0.0,0.015592561126168254,0.19986478563037832,0.2902505364230024
2023-09-09 00:00:00,0.0033693333333333,0.03144022732043244,0.35981152575178976,0.2315135981032062
2023-09-09 01:00:00,0.0,0.03085632285264047,0.39551503453366577,0.1799770159536129
2023-09-09 02:00:00,0.0,0.031708970437254694,0.4064442350247373,0.1949684830111189
2023-09-09 03:00:00,0.0,0.03900679912546317,0.49998749289840044,0.1885470618748222
2023-09-09 04:00:00,0.0,0.05879897729902861,0.7536827913044555,0.1865474996753051
2023-09-09 05:00:00,0.0,0.1404474217631223,1.800249081333816,0.3602808833420981
2023-09-09 06:00:00,0.0,0.1627081863901346,2.0855866159534067,0.4173756042703051
2023-09-09 07:00:00,0.0,0.1906859804148946,2.444204790345882,0.4083603458785884
2023-09-09 08:00:00,0.0,0.020756567018234792,0.26605679361806933,0.1569157478442211
2023-09-09 09:00:00,0.0,0.019533570654667307,0.250380478222972,0.153305735819883
2023-09-09 10:00:00,0.0,0.017758871204781083,0.22763245612193406,0.1367758824846648
2023-09-09 11:00:00,0.0,0.01626069184723356,0.20842885680882509,0.1088486453170267
2023-09-09 12:00:00,0.0,0.01556158470810323,0.19946773122051792,0.0906267691304827
2023-09-09 13:00:00,0.0,0.014929257462079846,0.19136258746304927,0.0817973709931491
2023-09-09 14:00:00,0.0,0.015131474241984645,0.1939545935510491,0.0817973709931491
2023-09-09 15:00:00,0.0,0.01624538770389136,0.20823268895008815,0.0928057084358315
2023-09-09 16:00:00,0.0,0.03350645136356104,0.42948426912202203,0.0964157204601696
2023-09-09 17:00:00,0.0,0.03780145498278073,0.4845374429201607,0.1364014666944236
2023-09-09 18:00:00,0.0,0.037650083465025866,0.48259716924081963,0.1567651473011007
2023-09-09 19:00:00,0.0,0.02284088254818009,0.29277346147062994,0.1364014666944236
2023-09-09 20:00:00,0.0,0.021039239236786366,0.2696800740982503,0.1364014666944236
2023-09-09 21:00:00,0.0,0.022114003381188102,0.2834563552098612,0.2569175884477422
2023-09-09 22:00:00,0.0,0.02354387333675212,0.30178436751237564,0.2714949475225731
2023-09-09 23:00:00,0.0,0.02152243894752468,0.27587370744827755,0.2201878011950246
2023-09-10 00:00:00,0.0,0.015927377228047757,0.20415644419026946,0.1741702438292805
2023-09-10 01:00:00,0.0,0.016101139130408622,0.20638371686761026,0.21807137124314
2023-09-10 02:00:00,0.0,0.016101139130408622,0.20638371686761026,0.21807137124314
2023-09-10 03:00:00,0.0,0.016081884424695974,0.20613691086835875,0.2134191671769032
2023-09-10 04:00:00,0.0,0.03454599848249808,0.4428091398984039,0.219030827241368
2023-09-10 05:00:00,0.0,0.03334230356211787,0.42738022958152094,0.1993634835705658
2023-09-10 06:00:00,0.0,0.03515260376442958,0.4505845806136579,0.2059284354239566
2023-09-10 07:00:00,0.0,0.01776861596600509,0.2277573640570254,0.18864884416498
2023-09-10 08:00:00,0.0,0.015826662020025004,0.20286548093552845,0.1599284821904714
2023-09-10 09:00:00,0.0,0.020436087931432076,0.2619489063079245,0.1482127122909345
2023-09-10 10:00:00,0.0,0.024297701722523535,0.3114469077137699,0.1986977259287747
2023-09-10 11:00:00,0.0,0.014263094942769346,0.1828237446110216,0.1528985373965059
2023-09-10 12:00:00,0.0,0.01617171803755342,0.20728839429887894,0.0851543058893744
2023-09-10 13:00:00,0.0,0.016030797975704232,0.20548208693701522,0.0920614690210916
2023-09-10 14:00:00,0.0,0.018505376089296467,0.2372011239955717,0.1495998752958126
2023-09-10 15:00:00,0.0,0.01895319232567081,0.24294121347545533,0.1495998752958126
2023-09-10 16:00:00,0.0,0.019248937999588933,0.24673206895073432,0.1494032675824874
2023-09-10 17:00:00,0.0,0.019785697906496442,0.25361223461825955,0.1052855407391028
2023-09-10 18:00:00,0.0,0.021127450475527637,0.27081076200632115,0.1212149694441047
2023-09-10 19:00:00,0.0,0.016691566703550705,0.21395179239936263,0.1939058809400389
2023-09-10 20:00:00,0.0,0.02573089591167038,0.3298175299010263,0.2142962662079122
2023-09-10 21:00:00,0.0,0.017291365918269505,0.22163999323442976,0.2009239622245438
2023-09-10 22:00:00,0.0,0.016101139130408622,0.20638371686761026,0.2113808075409478
2023-09-10 23:00:00,0.0,0.015927377228047757,0.20415644419026946,0.1588004674763259
2023-09-11 00:00:00,0.0,0.007709104046540513,0.09881496793225883,0.1704755986877336
2023-09-11 01:00:00,0.0,0.0072985077615711135,0.09355196220715604,0.1615616535760092
2023-09-11 02:00:00,0.0,0.00801701831157287,0.10276179989111811,0.1615616535760092
2023-09-11 03:00:00,0.0,0.00801701831157287,0.10276179989111811,0.1660072971658262
2023-09-11 04:00:00,0.0,0.009033522768798449,0.11579131080929272,0.1660072971658262
2023-09-11 05:00:00,0.0,0.008292788081459545,0.10629660507775542,0.1660072971658262
2023-09-11 06:00:00,0.0,0.007400152210719577,0.0948548364351417,0.1795373929504654
2023-09-11 07:00:00,0.0,0.007400152210719577,0.0948548364351417,0.1608507301932485
2023-09-11 08:00:00,0.0,0.007385657001328557,0.09466903745740085,0.1412208556164605
2023-09-11 09:00:00,0.0,0.007309725074472884,0.09369574524705054,0.1192433100174877
2023-09-11 10:00:00,0.0,0.006428139786577339,0.0823956225055444,0.1104262988073694
2023-09-11 11:00:00,0.0,0.0050293627279118,0.06446615763362569,0.0908814971011574
2023-09-11 12:00:00,0.0,0.0050293627279118,0.06446615763362569,0.0859250487657183
2023-09-11 13:00:00,0.0,0.0049331967852203245,0.06323350666849856,0.0859250487657183
2023-09-11 14:00:00,0.0,0.005076938267163629,0.06507597887318194,0.0884204661471182
2023-09-11 15:00:00,0.0,0.005493882420327365,0.0704203513029335,0.0884204661471182
2023-09-11 16:00:00,0.0,0.005280101481909818,0.06768011632274304,0.0927506911237562
2023-09-11 17:00:00,0.0,0.006900097328216202,0.08844515420999198,0.1176120973969092
2023-09-11 18:00:00,0.0,0.006900097328216202,0.08844515420999198,0.1335894946456578
2023-09-11 19:00:00,0.0,0.0067457735601202965,0.08646703871128814,0.1179726968240428
2023-09-11 20:00:00,0.0,0.006780486998172122,0.08691199408446784,0.1329742252535891
2023-09-11 21:00:00,0.0,0.0069323262773113336,0.08885826350934758,0.1329742252535891
2023-09-11 22:00:00,0.0,0.007234747806606001,0.09273468981503323,0.1355218158121043
2023-09-11 23:00:00,0.0,0.007038035243137564,0.0902132365393145,0.1455575593695323
2023-09-12 00:00:00,0.0,0.010101710429019533,0.12948329482626136,0.2608538105127099
2023-09-12 01:00:00,0.0,0.010147116687924168,0.13006531032254967,0.2584352879745237
2023-09-12 02:00:00,0.0,0.011625866855156864,0.1490198671001942,0.2627209849141265
2023-09-12 03:00:00,0.0,0.009873162107196217,0.12655377215337993,0.2649248164454318
2023-09-12 04:00:00,0.0,0.0947665537754303,1.2147136574933262,0.4020287589037057
2023-09-12 05:00:00,0.0,0.0993164095240695,1.2730335150518635,0.3999076387512459
2023-09-12 06:00:00,0.0,0.10512861032089334,1.3475340577720945,0.3889937180540124
2023-09-12 07:00:00,0.0,0.01329316159981798,0.17039118025574115,0.2472410187468283
2023-09-12 08:00:00,0.0,0.01106172784584315,0.141788757261991,0.2561958907471897
2023-09-12 09:00:00,0.0,0.011275637237423634,0.1445306387493631,0.255364485176359
2023-09-12 10:00:00,0.0,0.011332243664519853,0.14525621752537957,0.229726092505385
2023-09-12 11:00:00,0.0,0.011654743130393129,0.14939000196855867,0.2053079657901842
2023-09-12 12:00:00,0.0,0.011102380447294512,0.14230984057913498,0.205183360467393
2023-09-12 13:00:00,0.0,0.01148002167630907,0.14715042979802329,0.2039922976113579
2023-09-12 14:00:00,0.0,0.01148002167630907,0.14715042979802329,0.2039922976113579
2023-09-12 15:00:00,0.0,0.00986877426453801,0.1264975289727269,0.2048447969266697
2023-09-12 16:00:00,0.0,0.011006586082701868,0.1410819524862818,0.2063157591309454
2023-09-12 17:00:00,0.0,0.00962326270413062,0.1233505722288311,0.2395766398920893
2023-09-12 18:00:00,0.0,0.09283904146227141,1.1900068866073759,0.3748014046574446
2023-09-12 19:00:00,0.0,0.14361465050481287,1.8408464846967565,0.5851364597063786
2023-09-12 20:00:00,0.000214,0.0930418505930385,1.1898634425213044,0.3917290712069718
2023-09-12 21:00:00,0.0,0.012578084585359271,0.16122535348440037,0.323931310600171
2023-09-12 22:00:00,0.0,0.011595686194424625,0.14863301267399545,0.2633311640582378
2023-09-12 23:00:00,0.9016479999999998,0.013348341956209783,9.588075086439305,0.2812777829510873
2023-09-13 00:00:00,1.4232376666666668,0.005865465037896906,15.298746286333149,0.1991666701698033
2023-09-13 01:00:00,0.206822,0.0878739416289728,1.2838943533527203,0.4512883556829287
2023-09-13 02:00:00,0.1045433333333333,0.287344674105742,2.343139814607321,0.6517013536040879
2023-09-13 03:00:00,0.798425,0.08708898422362935,7.677975634902473,0.4322500469334345
2023-09-13 04:00:00,1.0028933333333332,0.08537117943453565,9.903495093566182,0.4188101252667678
2023-09-13 05:00:00,0.747168,0.16635602917364836,6.269133098226782,0.5832462455146301
2023-09-13 06:00:00,0.5921563333333334,0.3585488471514347,2.521498345725988,0.7673879603969653
2023-09-13 07:00:00,0.7995933333333334,0.3039795848102548,5.349525682781103,0.7693088398015235
2023-09-13 08:00:00,1.1493983333333333,0.31050830943092367,9.054760367863004,0.7221018813317455
2023-09-13 09:00:00,0.5198313333333333,0.2444182964800501,2.9727365683657387,0.6108594678314723
2023-09-13 10:00:00,0.417586,0.2215129500080749,2.1163614200750605,0.5911456537257804
2023-09-13 11:00:00,0.3461916666666667,0.13965793347938857,2.2292713092372085,0.5529990953826918
2023-09-13 12:00:00,0.3735806666666667,0.01773268746154729,3.8409303809595565,0.2302855396011914
2023-09-13 13:00:00,0.341884,0.13647301001520917,2.21715271160998,0.5529990953826918
2023-09-13 14:00:00,0.4018056666666666,0.0835519925428671,3.435147246092659,0.4105286634681631
2023-09-13 15:00:00,0.4693279999999999,0.08362159439705447,4.163214456691087,0.4105286634681631
2023-09-13 16:00:00,0.5031743333333334,0.2107448022774838,3.1564081736002443,0.5969399509240965
2023-09-13 17:00:00,0.3626356666666667,0.13655765851501442,2.4402271214696585,0.5640224882841776
2023-09-13 18:00:00,0.3755276666666666,0.08363664104267234,3.1505956862618447,0.4188101252667678
2023-09-13 19:00:00,0.4377796666666665,0.1414431803917876,3.1985788303827807,0.5832462455146301
2023-09-13 20:00:00,0.4405656666666667,0.2377564480878412,2.1890698688752632,0.6658514330502512
2023-09-13 21:00:00,0.3149256666666666,0.11804561929856229,2.1250719395121673,0.5600288255741119
2023-09-13 22:00:00,0.3405849999999999,0.12206530948928672,2.3586446099688936,0.5790671343236062
2023-09-13 23:00:00,0.2425266666666666,0.11313330918531837,1.3966381907089411,0.5790671343236062
2023-09-14 00:00:00,0.297854,0.46726393101661706,2.1714892936651222,0.9685663148268492
2023-09-14 01:00:00,0.6246090000000001,0.2100717583940993,4.474406989411308,0.796036357389498
2023-09-14 02:00:00,0.5439639999999999,0.258018574199109,3.0864204307367267,0.8511879635781158
2023-09-14 03:00:00,0.3681193333333333,0.25790189933912677,1.189658268357709,0.8653927398509372
2023-09-14 04:00:00,0.747456,0.25621511401326424,5.302326143795053,0.8864921048050204
2023-09-14 05:00:00,0.9236096666666668,0.21370005820265464,7.662579365984776,0.7678165010829439
2023-09-14 06:00:00,0.7907996666666667,0.2631894611662335,5.69488710358194,0.8681552391852071
2023-09-14 07:00:00,0.5799393333333334,0.11455351198659064,5.0232533119097855,0.7450958871438274
2023-09-14 08:00:00,0.5446186666666666,0.10342221218229403,4.762159587883609,0.8276843050741993
2023-09-14 09:00:00,0.045768,0.074898108232959,0.37338848892496207,0.7854523837596824
2023-09-14 10:00:00,0.0,0.07045323885164675,0.9030666204295678,0.7609519525494368
2023-09-14 11:00:00,0.0,0.06959865268968256,0.8921125713364387,0.7588453235675939
2023-09-14 12:00:00,0.0,0.05691009183478134,0.7294711377257153,0.7155226263746246
2023-09-14 13:00:00,0.0,0.05691009183478134,0.7294711377257153,0.7201590145286189
2023-09-14 14:00:00,0.0,0.05767284398686441,0.7392480623843172,0.7201590145286189
2023-09-14 15:00:00,0.0,0.07104755743137159,0.9106845707182799,0.7215050686612083
2023-09-14 16:00:00,0.0,0.0715492024559923,0.9171146353174882,0.775010788596088
2023-09-14 17:00:00,0.0,0.09477240518164777,1.2147886605694616,0.7862040672181608
2023-09-14 18:00:00,0.0,0.17778582177611,2.2788511053369747,0.7204769226929166
2023-09-14 19:00:00,0.0,0.1849975156403172,2.37129029069843,0.723006681865068
2023-09-14 20:00:00,0.0,0.1255880038619673,1.6097816943936198,0.6776102472344294
2023-09-14 21:00:00,0.0,0.36156229034022264,4.634490066522855,0.832382688498651
2023-09-14 22:00:00,0.0,0.6226138052375015,7.980637286421666,1.065978162000493
2023-09-14 23:00:00,0.3541456666666667,0.5573793308036783,2.6050404668576714,1.0145574239840849
2023-09-15 00:00:00,0.2509583333333333,0.3714461631361858,1.5444078801270282,0.7562646009027651
2023-09-15 01:00:00,0.0215049999999999,0.27282197510663236,3.22137030270573,0.7580328170694215
2023-09-15 02:00:00,0.027516,0.255822361221923,2.9264212321792358,0.7801177387493194
2023-09-15 03:00:00,0.0544293333333333,0.21282053161318126,2.0302516458833963,0.7210668602770053
2023-09-15 04:00:00,0.1116466666666666,0.2137992022508476,1.3093868583184554,0.7614879595653138
2023-09-15 05:00:00,0.0431316666666666,0.25127200481955375,2.6679340057962686,0.8300853287976179
2023-09-15 06:00:00,0.1341563333333333,0.24218080122743407,1.384653037034191,0.7714396877123175
2023-09-15 07:00:00,0.1207393333333333,0.14801576929681073,0.34962819657971395,0.5527015066443044
2023-09-15 08:00:00,0.1472223333333333,0.06309861654554672,0.9080094828449103,0.5490877891677517
2023-09-15 09:00:00,0.0371593333333333,0.060524406291065834,0.2994925118554235,0.492835620786049
2023-09-15 10:00:00,0.0044869999999999,0.05709554829052765,0.6743341354465232,0.4943541679759013
2023-09-15 11:00:00,0.0,0.06308467233549425,0.8086166480845877,0.4542153367562676
2023-09-15 12:00:00,0.0,0.06296090315258075,0.8070301799597881,0.4542153367562676
2023-09-15 13:00:00,0.0,0.05646172247381484,0.7237239583183243,0.4681656434301305
2023-09-15 14:00:00,0.0101883333333333,0.16572752108024874,1.9936946961194792,0.5058001117307531
2023-09-15 15:00:00,0.0,0.19280664846249457,2.4713874232242894,0.5231013339852502
2023-09-15 16:00:00,0.0678956666666666,0.1477732424953862,1.02386737114588,0.5021770061359646
2023-09-15 17:00:00,0.14007,0.23214605010568845,1.1802268958356634,0.674883787428166
2023-09-15 18:00:00,0.0908803333333333,0.4185661940734543,4.200263432093701,0.7808349061338559
2023-09-15 19:00:00,0.2050863333333333,0.4718541442432365,3.419418459172361,0.9213965849821296
2023-09-15 20:00:00,0.1095313333333333,0.48697076931881195,4.83800264442039,0.9494968216487965
2023-09-15 21:00:00,0.427105,0.492013949307624,0.8320001527580589,0.975284965540753
2023-09-15 22:00:00,1.443901,0.494620621690465,10.246285094108016,0.9917124203911164
2023-09-15 23:00:00,1.422338,0.39989975240270215,11.03593207589308,0.8364812097343128
2023-09-16 00:00:00,0.8401843333333333,0.4184080882144761,4.5525429074033,0.8806711998200596
2023-09-16 01:00:00,0.706881,0.27139698760016706,4.700500976245596,0.6838752466111969
2023-09-16 02:00:00,0.4346283333333333,0.25043919310771556,1.988089594089276,0.6884208463594491
2023-09-16 03:00:00,0.1227186666666666,0.21856684353963912,1.2285778563746979,0.618117702597974
2023-09-16 04:00:00,0.0956119999999999,0.25053430971142077,1.985787579685778,0.6638083225820781
2023-09-16 05:00:00,0.090095,0.342750988292927,3.238533716802332,0.6959637496758102
2023-09-16 06:00:00,0.3038786666666667,0.2726088711507675,0.33751802629790584,0.6638083225820781
2023-09-16 07:00:00,0.4980739999999999,0.21787093350342573,3.024438900422563,0.6383539128294531
2023-09-16 08:00:00,0.5324646666666666,0.0526112488153436,5.179412779438685,0.3480217582507461
2023-09-16 09:00:00,0.2770413333333333,0.05237840265468073,2.424953143886318,0.3018059693461252
2023-09-16 10:00:00,0.0206973333333333,0.04403527564434575,0.2991447523791677,0.2983547037789262
2023-09-16 11:00:00,0.0318816666666666,0.03781544594532576,0.07605893053174338,0.2026891128899881
2023-09-16 12:00:00,0.0240036666666666,0.04403527564434575,0.256764312274289,0.321283867861222
2023-09-16 13:00:00,0.0138073333333333,0.039777057408054095,0.33287881914173095,0.189061703057205
2023-09-16 14:00:00,0.0218303333333333,0.052119675001163615,0.38824749381077833,0.1972464712208348
2023-09-16 15:00:00,0.0136009999999999,0.053489265426607806,0.5112860904727933,0.2084889831140279
2023-09-16 16:00:00,0.0,0.05251889130683348,0.6731849160411075,0.151029986059712
2023-09-16 17:00:00,0.0,0.050593386969649795,0.6485038833058424,0.1947307015668082
2023-09-16 18:00:00,0.0,0.03421699638907455,0.4385920050517312,0.1861089542804505
2023-09-16 19:00:00,0.0,0.04043682608809454,0.5183175177108295,0.2735167516370678
2023-09-16 20:00:00,0.0,0.04871192245446106,0.6243873511366483,0.2975472418844876
2023-09-16 21:00:00,0.0,0.044814943614866806,0.5744360420425646,0.330730719388037
2023-09-16 22:00:00,0.0,0.04051903503790962,0.5193712685346191,0.3124496834723499
2023-09-16 23:00:00,0.0,0.11737828500226473,1.5045498670688324,0.4948979880848286
2023-09-17 00:00:00,0.0,0.20849191760122873,2.6724405362184522,0.6470294018135496
2023-09-17 01:00:00,0.0,0.2831130631392042,3.62893120736362,0.6827287904330397
2023-09-17 02:00:00,0.0,0.2648011596972804,3.39421000753699,0.6845978299876871
2023-09-17 03:00:00,0.0218726666666666,0.11433522526900548,1.1851811453141352,0.3125282228992234
2023-09-17 04:00:00,0.0252643333333333,0.0026380116555639157,0.24422262151280455,0.0840650850255413
2023-09-17 05:00:00,0.013768,0.02300763722650074,0.11843327716559926,0.2515344276060473
2023-09-17 06:00:00,0.075503,0.11666334939635918,0.5275916087170983,0.3733374693564165
2023-09-17 07:00:00,0.1097403333333333,0.04433297062496416,0.7059900329522565,0.2813702815446999
2023-09-17 08:00:00,0.0812296666666666,0.0025390441413314416,0.849366078821987,0.080964737420693
2023-09-17 09:00:00,0.0051883333333333,0.0020155245494762673,0.03424647142331305,0.0586615423871608
2023-09-17 10:00:00,0.0,0.001903595711818426,0.024400208906732213,0.0501376120781239
2023-09-17 11:00:00,0.0,0.002776180627820591,0.03558496526394084,0.0292801542419229
2023-09-17 12:00:00,0.0,0.0122968604129777,0.1576206339984659,0.0880255600727518
2023-09-17 13:00:00,0.0,0.056205438694564916,0.7204389237312631,0.2196477342730727
2023-09-17 14:00:00,0.0347843333333333,0.16701760598658322,1.6949604672506946,0.3249630305803115
2023-09-17 15:00:00,0.088279,0.13402555559047827,0.5863774047404343,0.2877414798192114
2023-09-17 16:00:00,0.1155836666666666,0.13452923839511263,0.24284353298420178,0.319405143530547
2023-09-17 17:00:00,0.2841836666666666,0.19387524893841762,0.9747655335394635,0.5170902897831825
2023-09-17 18:00:00,0.0,0.2311189714313246,2.962473150271155,0.5472891049514608
2023-09-17 19:00:00,0.0,0.27213031299324014,3.488154782901109,0.5527896784026726
2023-09-17 20:00:00,0.0,0.3087108335130003,3.9570423397797256,0.5527896784026726
2023-09-17 21:00:00,0.0,0.42126694094195966,5.399781739718637,0.7223438809148065
2023-09-17 22:00:00,0.2244273333333333,0.487320593965357,3.3697546384288333,0.895030322995352
2023-09-17 23:00:00,0.3115636666666667,0.4241451272206724,1.4430643752179215,0.8230558643017744
2023-09-18 00:00:00,0.3674606666666666,0.3871987604581856,0.2530020470962669,0.7261892141874324
2023-09-18 01:00:00,0.3942070000000001,0.42813776942526677,0.43492315999797754,0.9026670872380858
2023-09-18 02:00:00,0.4808713333333333,0.24316111769809717,2.565782138589957,0.591579896022667
2023-09-18 03:00:00,0.5969193333333332,0.05608493152578435,5.837625633313748,0.1893682663315934
2023-09-18 04:00:00,0.3206603333333333,0.24068815114043518,0.8631988999979018,0.6210050430082139
2023-09-18 05:00:00,0.411355,0.009705409788821687,4.335301037786185,0.0772673216547591
2023-09-18 06:00:00,0.0413466666666666,0.014848443178219775,0.28601492093780956,0.1199640735771736
2023-09-18 07:00:00,0.029416,0.013239758732748273,0.17460213395592894,0.0989781302055953
2023-09-18 08:00:00,0.2553756666666666,0.13965306957832158,1.2490795645742754,0.307308699717633
2023-09-18 09:00:00,0.1595763333333333,0.3330809202741829,2.2239744192262756,0.5097387809801441
2023-09-18 10:00:00,0.1705803333333333,0.40741029790045513,3.0356764174949773,0.6727641742441024
2023-09-18 11:00:00,0.1148426666666666,0.4601578769142373,4.426235684605583,0.6943130956062986
2023-09-18 12:00:00,0.1110126666666666,0.46267669447069126,4.5076145581376235,0.7707715412189506
2023-09-18 13:00:00,1.0985053333333332,0.43195476794881904,7.1945731510123405,0.7279283426378818
2023-09-18 14:00:00,0.3447396666666666,0.37920718893503685,0.44180323512196407,0.6727641742441024
2023-09-18 15:00:00,0.6693893333333334,0.236810667129852,4.669141426311664,0.503868386120323
2023-09-18 16:00:00,0.6156950000000001,0.2335327054782164,4.124960245003453,0.5133035875004113
2023-09-18 17:00:00,0.359342,0.33294628670756743,0.28490845258829467,0.5444972173272895
2023-09-18 18:00:00,0.2231763333333333,0.32400249520139046,1.2923854564131607,0.5444972173272895
2023-09-18 19:00:00,0.2951103333333333,0.2949569600433355,0.0016554713349679066,0.5743580998566007
2023-09-18 20:00:00,0.139036,0.3846828904131113,3.1486913981558664,0.8743521801409149
2023-09-18 21:00:00,0.304455,0.466812379221094,2.0810899845744713,0.970999323196347
2023-09-18 22:00:00,0.4167626666666665,0.47902630859606354,0.7980927152436095,0.9850492329155788
2023-09-18 23:00:00,0.3673453333333333,0.4946882316926261,1.6322758574547,0.9919712997417336
2023-09-19 00:00:00,0.9739166666666668,0.43171528436823303,5.85238046460251,0.964078749862352
2023-09-19 01:00:00,1.0059016666666667,0.46617203012884373,5.825701084809081,0.9725709028851574
2023-09-19 02:00:00,0.1001073333333333,0.46948221562062525,4.734631537964523,0.9736668267698656
2023-09-19 03:00:00,0.1948353333333332,0.47244940172805966,3.558445326507067,1.0018209929255668
2023-09-19 04:00:00,1.000507,0.4736676564234528,5.68656662080277,1.0015969341958353
2023-09-19 05:00:00,0.765483,0.47326955041095864,3.154075846541707,1.0015969341958353
2023-09-19 06:00:00,0.9040693333333334,0.47326955041095864,4.649940623615395,1.002151151417916
2023-09-19 07:00:00,1.103208666666667,0.47326955041095864,6.7993987072403055,0.98715154189245
2023-09-19 08:00:00,0.8634506666666666,0.47326955041095864,4.2115133177119946,1.002151151417916
2023-09-19 09:00:00,0.4595626666666667,0.46902130798281993,0.12124046227626836,0.9664458331251408
2023-09-19 10:00:00,1.2108203333333332,0.466515808320507,8.03382913454608,0.960358193351348
2023-09-19 11:00:00,1.524228666666667,0.4633728210083984,11.450601620695574,0.9168572971592156
2023-09-19 12:00:00,1.2302426666666668,0.45966197987877344,8.317447179201853,0.889953835312232
2023-09-19 13:00:00,0.0,0.45632191913607323,5.84911495992233,0.8825223644020261
2023-09-19 14:00:00,0.0,0.45966197987877344,5.891927716526624,0.889953835312232
2023-09-19 15:00:00,0.0,0.4658783206707114,5.971608508523068,0.907205054612446
2023-09-19 16:00:00,0.754842,0.44098845569168477,3.3876533911993096,0.9227784122479368
2023-09-19 17:00:00,1.112527,0.3764112575434282,7.94544154900001,0.6500099124743921
2023-09-19 18:00:00,0.5844233333333333,0.4681017156859883,1.2555452364294921,0.9357640329242836
2023-09-19 19:00:00,0.330235,0.35955735545668255,0.3758527056656653,0.6426070764266496
2023-09-19 20:00:00,0.081467,0.41337117414375507,4.254333593968785,0.9066092871539866
2023-09-19 21:00:00,0.947072,0.449554628740916,5.370072890656052,0.9437845932669576
2023-09-19 22:00:00,1.2914250000000005,0.43171528436823303,9.279482696381294,0.9650358258442604
2023-09-19 23:00:00,1.395663,0.4523306263665724,10.182083881226092,0.963939901959552
2023-09-20 00:00:00,1.3611516666666668,0.6804014096813272,7.3478409228054975,1.502450275955305
2023-09-20 01:00:00,1.1929966666666665,0.6279209188973832,6.09928040619671,1.474758317139035
2023-09-20 02:00:00,0.7915003333333333,0.5210374090326515,2.919306343091095,1.2643412633540567
2023-09-20 03:00:00,0.9037136666666667,0.5136891495801568,4.209823027077356,1.2082207075661362
2023-09-20 04:00:00,0.9851713333333332,0.6070346987223088,4.081508320703684,1.4002991345887752
2023-09-20 05:00:00,0.987237,0.5624202226839901,4.585361619810819,1.32551185835659
2023-09-20 06:00:00,0.7492799999999998,0.4367870322346008,3.372967682456545,1.1218026728824295
2023-09-20 07:00:00,0.5089046666666667,0.26338195724111346,2.6501081612283763,0.7827637275914145
2023-09-20 08:00:00,0.24119,0.14728909252888894,1.0135419318977372,0.6363352687745211
2023-09-20 09:00:00,0.1806433333333333,0.26161840435880407,1.0379350179201432,0.7477471325050373
2023-09-20 10:00:00,0.1968923333333333,0.5936636974306475,5.0857984771017515,1.216479703415598
2023-09-20 11:00:00,0.43361,0.6335429349322089,2.5627318602340505,1.2465617844744117
2023-09-20 12:00:00,0.219067,0.538518924436524,4.094721186602628,1.196729255508327
2023-09-20 13:00:00,0.3815293333333333,0.3646659888866718,0.18201854666830125,0.9153248041940792
2023-09-20 14:00:00,0.488792,0.26385333898357366,2.4279293053181554,0.7561064519923102
2023-09-20 15:00:00,0.406896,0.25481087324593554,1.6415672365109983,0.7561064519923102
2023-09-20 16:00:00,0.260525,0.26403066838866995,0.04493550836987446,0.7686179225431161
2023-09-20 17:00:00,0.4276236666666667,0.25109101636365855,1.9054474365562966,0.7479946522599686
2023-09-20 18:00:00,0.2608476666666666,0.15186320977064033,1.1763498347788348,0.6443413880859618
2023-09-20 19:00:00,0.1167283333333333,0.0877366591417077,0.3129285782266818,0.4683556420287225
2023-09-20 20:00:00,0.0,0.38292536449980946,4.9083210428944035,1.0636050551150913
2023-09-20 21:00:00,0.0208623333333333,0.6639007097470347,8.242438571450634,1.4279648036394876
2023-09-20 22:00:00,1.1200180000000004,0.6657440856323391,4.903314282884842,1.4732014717391562
2023-09-20 23:00:00,1.5331400000000002,0.5123447242121313,11.018198266214034,1.2800024569737751
2023-09-21 00:00:00,1.006039,0.37219531475009077,6.841543607733709,0.909120729471504
2023-09-21 01:00:00,0.5102160000000001,0.21565668499695922,3.1793965066685397,0.7538369192321198
2023-09-21 02:00:00,0.57901,0.12205405720862894,4.932263398960293,0.6017859473346381
2023-09-21 03:00:00,0.139606,0.20194603054083088,0.7990718612174676,0.6751837535012178
2023-09-21 04:00:00,0.0142666666666666,0.20194603054083088,2.4056661073467613,0.6659228030919825
2023-09-21 05:00:00,0.0105333333333333,0.09492009708863175,1.0816659502901544,0.4479272659074467
2023-09-21 06:00:00,0.0371926666666666,0.08935007635571035,0.6685514600319072,0.4369730156153222
2023-09-21 07:00:00,0.0269403333333333,0.19623477093668945,2.170008904003903,0.6790965841898068
2023-09-21 08:00:00,0.0,0.032032003848277715,0.41058486355414636,0.4306043674807967
2023-09-21 09:00:00,0.0172813333333333,0.030847928490159944,0.17389603996502728,0.4152632606628779
2023-09-21 10:00:00,0.0,0.029539665539140145,0.378638177064127,0.4143519489820538
2023-09-21 11:00:00,0.0,0.029097450716170745,0.37296988626313565,0.4038189486680554
2023-09-21 12:00:00,0.0,0.029097450716170745,0.37296988626313565,0.4038189486680554
2023-09-21 13:00:00,0.0,0.19438909593429707,2.4916711676434375,0.6447817318150214
2023-09-21 14:00:00,0.0,0.0854883052835131,1.0957854627690953,0.4158319443383615
2023-09-21 15:00:00,0.0,0.1386234380265703,1.7768693353415135,0.6225660160107096
2023-09-21 16:00:00,0.0,0.19767860132503512,2.533835907895535,0.6285279190473949
2023-09-21 17:00:00,0.0001483333333333,0.6481952965888009,8.306638424658889,1.0840178746525235
2023-09-21 18:00:00,0.021753,0.6479898518900777,8.0270773443882,1.103015351403204
2023-09-21 19:00:00,0.4273253333333333,0.648740527661628,2.838090547900134,1.0984495225726831
2023-09-21 20:00:00,0.6344879999999999,0.597777001111804,0.39624895793989034,1.2041718523738845
2023-09-21 21:00:00,1.3326216666666668,0.5368172012179389,8.589706074692595,1.0577033881923144
2023-09-21 22:00:00,2.187708333333333,0.715511456513003,15.890509547262393,1.425141236807547
2023-09-21 23:00:00,2.427912666666667,0.5899095746313666,19.83892653336283,1.2042339980605885
2023-09-22 00:00:00,0.5996230000000001,0.6512854893383483,0.6622075920171859,1.672637199856423
2023-09-22 01:00:00,0.529821,0.6896957707204928,2.0492680143566293,1.672637199856423
2023-09-22 02:00:00,1.3447829999999998,0.6265805855161406,7.752089753696363,1.5001410369276045
2023-09-22 03:00:00,0.6759713333333333,0.6705772100069645,0.05822276189167257,1.6133297690368786
2023-09-22 04:00:00,0.627755,0.6517582468261958,0.30767259737076996,1.4687233122575922
2023-09-22 05:00:00,0.8853423333333331,0.5618846906268884,3.491317527220262,1.349312904833978
2023-09-22 06:00:00,0.8540086666666666,0.4941306380228093,3.8844296846807524,1.301157275135458
2023-09-22 07:00:00,0.7061766666666668,0.3371962693645033,3.9826782806021854,0.8169654166522935
2023-09-22 08:00:00,0.4195419999999999,0.38504420683303525,0.3723601919758978,0.9844631726874972
2023-09-22 09:00:00,0.4775626666666666,0.48061594460414603,0.03913678679894044,1.261086464672241
2023-09-22 10:00:00,0.722936,0.3098739410460305,4.458484252185361,0.8169654166522935
2023-09-22 11:00:00,0.2229436666666666,0.39811921223104013,2.245392695825324,0.9864145682938636
2023-09-22 12:00:00,0.3628679999999999,0.2994113441538587,0.6849346112853577,0.81891681225866
2023-09-22 13:00:00,0.3471546666666667,0.4812148018314464,1.7183771132582768,1.2630378602786074
2023-09-22 14:00:00,0.5201413333333333,0.2894157223056082,2.490392136106579,0.7840480319282894
2023-09-22 15:00:00,0.2693076666666666,0.299889455376117,0.3919960675574953,0.7747680868030979
2023-09-22 16:00:00,0.4271336666666666,0.24118682432578667,2.0070617727996005,0.5359548428116419
2023-09-22 17:00:00,0.519084,0.4890258376387496,0.32443997368492183,1.165031202435932
2023-09-22 18:00:00,0.583668,0.4994884345309215,0.9086122989609093,1.218422983311485
2023-09-22 19:00:00,0.3036246666666666,0.6426705785955172,4.345876085282223,1.606573883260941
2023-09-22 20:00:00,0.912411,0.6409059870517853,2.930554376464513,1.590713410651079
2023-09-22 21:00:00,1.653146,0.6708445728143768,10.602705692934034,1.6189779934984294
2023-09-22 22:00:00,0.7118023333333334,0.6925828327960769,0.20745028167734794,1.8055738887206023
2023-09-22 23:00:00,1.0424093333333333,0.6925828327960769,3.775936108952286,1.8055738887206023
2023-09-23 00:00:00,1.3419333333333334,0.7522338740043835,6.365062333728725,1.5676182063022914
2023-09-23 01:00:00,1.8026553333333328,0.7676893632866448,11.17115304825205,1.5676182063022914
2023-09-23 02:00:00,1.970774,0.7676893632866448,12.985782137473882,1.581059118342813
2023-09-23 03:00:00,1.0945303333333334,0.7535555220343442,3.6803932813830014,1.470741262887232
2023-09-23 04:00:00,1.2712846666666668,0.7520224275413654,5.6047813293659505,1.4584827919388796
2023-09-23 05:00:00,1.086276,0.635035408360122,4.870573387611464,1.1857315295279032
2023-09-23 06:00:00,0.7552503333333334,0.45316234561572105,3.2606590385572765,0.8154807091035708
2023-09-23 07:00:00,0.9506956666666666,0.45316234561572105,5.370245048554119,0.8020397970630492
2023-09-23 08:00:00,0.44225,0.6481487872029217,2.6392019010144216,1.1722906174873815
2023-09-23 09:00:00,0.1034836666666666,0.6914564147069926,7.536609687959746,1.264123606927259
2023-09-23 10:00:00,0.0884613333333333,0.6937874374162312,7.759044267972105,1.3231027960846409
2023-09-23 11:00:00,0.2910036666666666,0.6937874374162312,5.1628652499655106,1.3231027960846409
2023-09-23 12:00:00,0.5074773333333333,0.7301340255551679,2.8540040151198633,1.407916022857142
2023-09-23 13:00:00,0.6772046666666667,0.6878822534676732,0.13686485368022108,1.3394841884251854
2023-09-23 14:00:00,0.471126,0.6443639348104684,2.2205564835552023,1.2912603096631785
2023-09-23 15:00:00,0.3856173333333333,0.4699288978924391,1.0807020501902918,0.9543426326590688
2023-09-23 16:00:00,0.4485166666666667,0.41094648204492634,0.4055227849101297,0.6881134016345407
2023-09-23 17:00:00,0.2650686666666666,0.20899155537693898,0.6052817298844628,0.458655828752924
2023-09-23 18:00:00,0.2737126666666666,0.3990855332146801,1.607024073449469,0.6892638447000239
2023-09-23 19:00:00,0.1892773333333333,0.6048780745141502,5.3271526320668405,1.0097076312059523
2023-09-23 20:00:00,0.578258,0.6385260166141344,0.7725128747923736,1.044543004614611
2023-09-23 21:00:00,0.3716723333333332,0.5096603364226739,1.7687243573302809,1.056101785030617
2023-09-23 22:00:00,0.1170795714285714,0.4840826180763415,4.704229449570721,1.1512025635357368
2023-09-23 23:00:00,0.0682043333333333,0.4672716567979267,5.115227986663667,1.0342296400157802
2023-09-24 00:00:00,0.2060076666666666,0.23673654246449782,0.39388142360326367,0.7566400791977153
2023-09-24 01:00:00,0.0923826666666666,0.3648426617288511,3.4923806336450998,0.7968862266811159
2023-09-24 02:00:00,0.2621480000000001,0.3607861793621573,1.264339989669996,0.6748059535295308
2023-09-24 03:00:00,0.2808366666666666,0.21947555527896428,0.6623158503384825,0.4262730534162367
2023-09-24 04:00:00,0.15891,0.007852200016317326,1.6304785389937426,0.1668405416251624
2023-09-24 05:00:00,0.1194893333333333,0.007854772678140505,1.204954364342316,0.1668405416251624
2023-09-24 06:00:00,0.0694449999999999,0.007854772678140505,0.6647888680418049,0.1833379861678418
2023-09-24 07:00:00,0.010398,0.007854772678140505,0.027450933142958274,0.1451624116251625
2023-09-24 08:00:00,0.0,0.007854772678140505,0.10068214225931292,0.1295737799470262
2023-09-24 09:00:00,0.0,0.004216943797907505,0.05405260632710777,0.1220314426801618
2023-09-24 10:00:00,0.0,0.004216943797907505,0.05405260632710777,0.1385288872228413
2023-09-24 11:00:00,0.0,0.004216943797907505,0.05405260632710777,0.1257575543062583
2023-09-24 12:00:00,0.0,0.004400003425273347,0.05639905684828922,0.1414006382853977
2023-09-24 13:00:00,0.0,0.004216943797907505,0.05405260632710777,0.1313593691850118
2023-09-24 14:00:00,0.0,0.02217727703682771,0.28426739423790365,0.1415191812614992
2023-09-24 15:00:00,0.0,0.02181927048632223,0.27967848149341773,0.1253831823733915
2023-09-24 16:00:00,0.0,0.037978589113829,0.4868079406814535,0.1410533112030885
2023-09-24 17:00:00,0.0405606666666666,0.14475037587638914,1.3354992632445073,0.3507006107571571
2023-09-24 18:00:00,0.068796,0.29681261968021466,2.922707337415369,0.5108260171655413
2023-09-24 19:00:00,0.0412603333333333,0.17688907356536657,1.7384834263243976,0.3507006107571571
2023-09-24 20:00:00,0.0,0.27731027783781836,3.5545513520636334,0.459770689944129
2023-09-24 21:00:00,0.0,0.32280015884784496,4.137638712943817,0.6686615161902121
2023-09-24 22:00:00,0.0,0.5375399175516614,6.890163810801453,1.2747468377446594
2023-09-24 23:00:00,0.1707533333333333,0.6815907351610557,6.547892099453134,1.5575640074516166
2023-09-25 00:00:00,0.525477,0.6628729952665053,1.761136026225141,1.4817066466829791
2023-09-25 01:00:00,0.6017503333333333,0.6670716719153218,0.8372861409450035,1.530354891651986
2023-09-25 02:00:00,0.9149306666666664,0.6432385785734711,2.932573616842057,1.4409870206012023
2023-09-25 03:00:00,1.005256,0.5062474933248147,5.386167817862388,1.22183869586736
2023-09-25 04:00:00,0.6519063333333333,0.5671717647901976,0.914602857551221,1.22002720077723
2023-09-25 05:00:00,0.621944,0.5671717647901976,0.5911972374279718,1.224193642427634
2023-09-25 06:00:00,0.4875603333333334,0.5003780333878389,0.16429673438117118,1.0083024139832375
2023-09-25 07:00:00,0.4559936666666667,0.3418592391123243,1.2319372763789307,0.8174437164413333
2023-09-25 08:00:00,0.2818373333333333,0.03064932400089042,2.7112579324824564,0.2302009039583037
2023-09-25 09:00:00,0.1595583333333333,0.029322390640766385,1.4057328359660148,0.2228355382863219
2023-09-25 10:00:00,0.025207,0.012946677163954425,0.13233473059627873,0.1820316913770124
2023-09-25 11:00:00,0.0,0.004007275507529293,0.05136508709464496,0.1529319729111042
2023-09-25 12:00:00,0.0,0.012946677163954425,0.16594995748689706,0.1861981330274166
2023-09-25 13:00:00,0.0,0.02731784326629571,0.35015895362689436,0.183009999174482
2023-09-25 14:00:00,0.0,0.07934459845254546,1.0170356897964887,0.4987021076219325
2023-09-25 15:00:00,0.0,0.14301041175918638,1.833101378143252,0.3996582825095445
2023-09-25 16:00:00,0.023861,0.05781288059542604,0.4351937620795833,0.2607080202213215
2023-09-25 17:00:00,0.0430203333333333,0.07068950333676156,0.3546622448075443,0.4400740673058825
2023-09-25 18:00:00,0.0033013333333333,0.019378232732900735,0.20607301302818898,0.217255897671885
2023-09-25 19:00:00,0.0,0.00593263513806204,0.07604426498621024,0.1764520507625755
2023-09-25 20:00:00,0.0,0.00593263513806204,0.07604426498621024,0.1764520507625755
2023-09-25 21:00:00,0.0,0.022359525736123112,0.2866034503175531,0.1833484983624237
2023-09-25 22:00:00,0.0,0.06234270229489078,0.7991061076474235,0.2821313021488678
2023-09-25 23:00:00,0.0,0.2347801669698919,3.0094021990365056,0.6307623541402022
2023-09-26 00:00:00,0.0,0.26091861289996804,3.3444436877473276,0.7272675771292101
2023-09-26 01:00:00,0.0,0.22921119358925918,2.938019334996712,0.433010361380867
2023-09-26 02:00:00,0.0,0.20296985430112618,2.601658963596611,0.3699816889532201
2023-09-26 03:00:00,0.0,0.2600950401864288,3.3338871677176383,0.5000536196944976
2023-09-26 04:00:00,0.0,0.25683033980112735,3.2920403769706947,0.5097057062884058
2023-09-26 05:00:00,0.0,0.2520994342398855,3.2313998306111675,0.453452371068908
2023-09-26 06:00:00,0.0,0.21981203631760304,2.8175413366739686,0.3152925117004239
2023-09-26 07:00:00,0.0026983333333333,0.11330502425373898,1.417751862007602,0.3152925117004239
2023-09-26 08:00:00,0.0139776666666666,0.005565294741166973,0.0908009509475329,0.0673853886659553
2023-09-26 09:00:00,0.0233756666666666,0.004680411639675467,0.20179171221755263,0.0413986943100482
2023-09-26 10:00:00,0.0,0.004680411639675467,0.05999331741953182,0.0392860129280763
2023-09-26 11:00:00,0.0,0.004503103352380162,0.05772058733086844,0.0231780532489755
2023-09-26 12:00:00,0.0,0.003847947860778857,0.0493228320920767,0.0263018990135602
2023-09-26 13:00:00,0.0,0.0036637939161600994,0.04696235465886998,0.0214323039920521
2023-09-26 14:00:00,0.0,0.004021320647940915,0.0515451171073416,0.0214323039920521
2023-09-26 15:00:00,0.0,0.004021320647940915,0.0515451171073416,0.0214323039920521
2023-09-26 16:00:00,0.0,0.004503103352380162,0.05772058733086844,0.0219225081116268
2023-09-26 17:00:00,0.0,0.004503103352380162,0.05772058733086844,0.0219225081116268
2023-09-26 18:00:00,0.0,0.004680411639675467,0.05999331741953182,0.0463455336360148
2023-09-26 19:00:00,0.0,0.004680411639675467,0.05999331741953182,0.0463455336360148
2023-09-26 20:00:00,0.0,0.004680411639675467,0.05999331741953182,0.049552094586056
2023-09-26 21:00:00,0.0,0.005828527495559529,0.07470981765052988,0.049552094586056
2023-09-26 22:00:00,0.0,0.005828527495559529,0.07470981765052988,0.0949255746509731
2023-09-26 23:00:00,0.0,0.010154597161257013,0.1301611947117135,0.1198788438405128
2023-09-27 00:00:00,0.0,0.015127205282043367,0.19389987420400764,0.4174703575493212
2023-09-27 01:00:00,0.0,0.02124694600162213,0.2723424505797001,0.1953154380315657
2023-09-27 02:00:00,0.0,0.026381284424715833,0.3381541822113472,0.180925197282576
2023-09-27 03:00:00,0.0,0.026389105393838003,0.3382544310610631,0.1059925219138059
2023-09-27 04:00:00,0.0,0.027292158377712986,0.3498297258169799,0.1257611385768044
2023-09-27 05:00:00,0.0,0.010798019924078663,0.13840856033179985,0.1257611385768044
2023-09-27 06:00:00,0.0,0.027713147064845338,0.35522594091119636,0.2197840181411291
2023-09-27 07:00:00,0.0,0.1995291727812713,2.5575564541484286,0.4222732684710691
2023-09-27 08:00:00,0.0,0.00977078010152543,0.1252414439572468,0.1257611385768044
2023-09-27 09:00:00,0.0,0.005700603025642241,0.07307008723356909,0.0890071672369839
2023-09-27 10:00:00,0.0,0.004356687850667505,0.05584383965446182,0.0753964056832534
2023-09-27 11:00:00,0.0,0.012500788343090555,0.16023457353708667,0.0693374062865247
2023-09-27 12:00:00,0.0057083333333333,0.006284442391688082,0.007384541417930186,0.0693374062865247
2023-09-27 13:00:00,0.0034703333333333,0.007932607769344225,0.05719724401660282,0.067736768558299
2023-09-27 14:00:00,0.0,0.12369122032068577,1.5854688035992244,0.3237769162486839
2023-09-27 15:00:00,0.0,0.013050687271411473,0.16728315462251117,0.1416760929718621
2023-09-27 16:00:00,0.0,0.004301906631681897,0.05514165631841227,0.0476532134075374
2023-09-27 17:00:00,0.0149193333333333,0.004301906631681897,0.11460173773384574,0.0476532134075374
2023-09-27 18:00:00,0.0,0.004301906631681897,0.05514165631841227,0.0672002845799682
2023-09-27 19:00:00,0.0,0.01081057863020394,0.13856953729300678,0.109253426118245
2023-09-27 20:00:00,0.0,0.047640552899109796,0.6106545817231727,0.4281417580524891
2023-09-27 21:00:00,0.0,0.32072190986268845,4.110999805804452,0.7216962341953194
2023-09-27 22:00:00,0.0,0.5129179831584648,6.574560902499063,0.9661565905524996
2023-09-27 23:00:00,0.0,0.30574009502095545,3.918963540083375,0.6586385071083768
2023-09-28 00:00:00,0.0,0.22077797429812493,2.8299226886434825,0.735615912916747
2023-09-28 01:00:00,0.0,0.10551953373649615,1.3525448974940069,0.6839895117948309
2023-09-28 02:00:00,0.0,0.04390314445593258,0.5627486391865637,0.3614369534816534
2023-09-28 03:00:00,0.0,0.038331921333602526,0.4913369380533365,0.3063379610146133
2023-09-28 04:00:00,0.0,0.04437574537377635,0.568806417659854,0.2898815280315104
2023-09-28 05:00:00,0.0,0.007772616310295291,0.09962906542897765,0.1877228006005547
2023-09-28 06:00:00,0.0293723333333333,0.007772616310295291,0.23314171832375108,0.1877228006005547
2023-09-28 07:00:00,0.0032086666666666,0.007493011313250639,0.05491654754003867,0.1877228006005547
2023-09-28 08:00:00,0.0,0.0070475438773457055,0.09033511780835493,0.1768514273611237
2023-09-28 09:00:00,0.0,0.005432730852092443,0.0696365131010282,0.1462001036488074
2023-09-28 10:00:00,0.0,0.004985303440352408,0.06390140755877707,0.1174500403404567
2023-09-28 11:00:00,0.0,0.004985303440352408,0.06390140755877707,0.1079911130259568
2023-09-28 12:00:00,0.0,0.004985303440352408,0.06390140755877707,0.1081567677671165
2023-09-28 13:00:00,0.0,0.004985303440352408,0.06390140755877707,0.1063585100712136
2023-09-28 14:00:00,0.0,0.004985303440352408,0.06390140755877707,0.1172298833106446
2023-09-28 15:00:00,0.0,0.004985303440352408,0.06390140755877707,0.1172298833106446
2023-09-28 16:00:00,0.0,0.02175903570043556,0.2789063945686773,0.2296298599991347
2023-09-28 17:00:00,0.0,0.058077787484609435,0.7444386109230943,0.4932315831366802
2023-09-28 18:00:00,0.0,0.20955740733727035,2.686097938357985,0.681749047949592
2023-09-28 19:00:00,0.0,0.26621648532801856,3.4123515913022078,0.7056516783810991
2023-09-28 20:00:00,0.0,0.2570336570659507,3.294646489027596,0.649377362538025
2023-09-28 21:00:00,0.0,0.15885568815388043,2.036205457341937,0.5838426901755109
2023-09-28 22:00:00,0.0,0.04045718274286665,0.5185784484462781,0.3432074698676793
2023-09-28 23:00:00,0.0,0.026294908032359364,0.3370470132862321,0.275207542509285
2023-09-29 00:00:00,0.0,0.021167419849021717,0.27132308773655467,0.4640031341091847
2023-09-29 01:00:00,0.0,0.017758815515754825,0.22763174230236297,0.2502114258356754
2023-09-29 02:00:00,0.0,0.019028669407309472,0.2439086754991508,0.3443211967376189
2023-09-29 03:00:00,0.0,0.1910131772516468,2.4483987854892884,0.6595154648975773
2023-09-29 04:00:00,0.0,0.14192285974796204,1.819161182698358,0.5469635584181287
2023-09-29 05:00:00,0.0089083333333333,0.023158244904192077,0.1826547607103352,0.3581902285663356
2023-09-29 06:00:00,0.0,0.019749640570925188,0.2531500532238088,0.2670308372635296
2023-09-29 07:00:00,0.0,0.017609195166802677,0.22571391503028787,0.2370103066994036
2023-09-29 08:00:00,0.0,0.07717952803090226,0.9892839091752684,0.557418255018
2023-09-29 09:00:00,0.0204036666666666,0.004432440240568041,0.1723892571716016,0.1678971429383551
2023-09-29 10:00:00,0.0417933333333333,0.014896146977735083,0.29032122218684153,0.206954362699026
2023-09-29 11:00:00,0.0491906666666666,0.04632540787011722,0.03092685698415733,0.5100392112012113
2023-09-29 12:00:00,0.0,0.15915316747624506,2.040018534649301,0.5176002772877288
2023-09-29 13:00:00,0.0,0.44995519108551085,5.767506510438235,1.040814011588325
2023-09-29 14:00:00,0.1996423333333333,0.5411439663203476,4.377353413405963,1.2008587095246612
2023-09-29 15:00:00,0.5831666666666666,0.5524068654840298,0.3320132803299211,1.211128099961864
2023-09-29 16:00:00,1.2158333333333338,0.5461838666361539,7.228021884446209,1.211757494268311
2023-09-29 17:00:00,1.5768406666666668,0.57360938836994,10.828617053119837,1.395199154030181
2023-09-29 18:00:00,1.742209,0.5952829044759339,12.379621474467912,1.3568490729710387
2023-09-29 19:00:00,1.5932716666666669,0.5989755105049993,10.732173672598767,1.3586190655661892
2023-09-29 20:00:00,1.6224033333333336,0.6066068189852989,10.964242937524755,1.3586190655661892
2023-09-29 21:00:00,1.0057353333333332,0.6210851970222407,4.151813361137263,1.416504968322654
2023-09-29 22:00:00,1.054651,0.6292360999775748,4.591817600479148,1.4680738563408755
2023-09-29 23:00:00,0.508096,0.542173375036307,0.4368023444876645,1.2729869594910692
2023-09-30 00:00:00,1.0126176666666669,0.4638358637550816,5.923407810349995,1.16988680664705
2023-09-30 01:00:00,0.4303466666666666,0.4638358637550816,0.42926310455672945,1.16988680664705
2023-09-30 02:00:00,0.3269706666666667,0.36858349599513324,0.5333914772506206,0.90861866879481
2023-09-30 03:00:00,0.2666156666666666,0.2229719021663923,0.4710794238118187,0.5045600844279436
2023-09-30 04:00:00,0.3428879999999999,0.043594956924420544,3.2304911342385156,0.1875000533666175
2023-09-30 05:00:00,0.30052,0.01941734771177854,3.034148795094821,0.137581403151612
2023-09-30 06:00:00,0.188474,0.00556434118263075,1.9742792051029678,0.0803496594255363
2023-09-30 07:00:00,0.0590306666666666,0.00556434118263075,0.5771015880675571,0.0803496594255363
2023-09-30 08:00:00,0.0005703333333333,0.004013588430407118,0.044135497451564726,0.0803496594255363
2023-09-30 09:00:00,0.0,0.005048389013227125,0.06471003574993513,0.0779576818798064
2023-09-30 10:00:00,0.0,0.0049235219999862545,0.06310949568267134,0.0779576818798064
2023-09-30 11:00:00,0.0,0.004916382914720203,0.06301798719123423,0.0637411507987722
2023-09-30 12:00:00,0.0,0.006086853293341726,0.07802102674432568,0.0652380374031823
2023-09-30 13:00:00,0.0,0.006086853293341726,0.07802102674432568,0.0451501462784141
2023-09-30 14:00:00,0.0,0.004916382914720203,0.06301798719123423,0.043653259674004
2023-09-30 15:00:00,0.0,0.004916382914720203,0.06301798719123423,0.043653259674004
2023-09-30 16:00:00,0.0179396666666666,0.015240479455667146,0.02913432355519794,0.0870830021753046
2023-09-30 17:00:00,0.01596,0.2495413796552836,2.9940361942017706,0.5910714714192039
2023-09-30 18:00:00,0.0099126666666666,0.5524947458557393,6.954794024312925,1.172414877706342
2023-09-30 19:00:00,0.0056496666666666,0.2234687528440381,2.7919957865025524,0.6167057201537792
2023-09-30 20:00:00,0.0109346666666666,0.18517199980713583,2.233366728861841,0.4858033288732432
2023-09-30 21:00:00,0.0,0.0365410852329421,0.4683820770486905,0.1594738270863125
2023-09-30 22:00:00,0.0,0.05684323311556612,0.728614145505172,0.2660787865143144
2023-09-30 23:00:00,0.0,0.01732208504111838,0.22203374964514794,0.1333428028526427
2023-10-01 00:00:00,0.0,0.06789223891888724,0.8702398321669664,0.3096805352790412
2023-10-01 01:00:00,0.0,0.13740612091570112,1.7612658163660617,0.4313642122980093
2023-10-01 02:00:00,0.0,0.06457901384064983,0.8277710539688948,0.2225334657154215
2023-10-01 03:00:00,0.0,0.03028784584940184,0.3882283204737537,0.1930221542579645
2023-10-01 04:00:00,0.0143213333333333,0.0344484705814268,0.2579887895832772,0.1628588646718959
2023-10-01 05:00:00,0.0120583333333333,0.031196434066823382,0.24531136158589184,0.0929499160427543
2023-10-01 06:00:00,0.013298,0.032777493639309804,0.24968732133908975,0.1500672576056448
2023-10-01 07:00:00,0.092549,0.005547006600039154,0.9390768507394827,0.076347830947159
2023-10-01 08:00:00,0.089975,0.0034297116373385394,0.934147295549036,0.0763905286532752
2023-10-01 09:00:00,0.0048313333333333,0.0009169533249787099,0.04225079802418496,0.0494256554217131
2023-10-01 10:00:00,0.0,0.01240519907716029,0.15900931439016855,0.1662284491532565
2023-10-01 11:00:00,0.0,0.08171354175337377,1.0474007043158784,0.3382410936859147
2023-10-01 12:00:00,0.0,0.02864665034377621,0.3671915462546095,0.1426536057815955
2023-10-01 13:00:00,0.0,0.02689339958522674,0.3447184525672802,0.1612907598245028
2023-10-01 14:00:00,0.0398893333333333,0.008223472321304418,0.3417930540789612,0.1410948151647073
2023-10-01 15:00:00,0.0232683333333333,0.0008419595080657372,0.24206443648391282,0.0147793430148426
2023-10-01 16:00:00,0.0044413333333333,0.006898146108134828,0.03149132170119311,0.1185996655275339
2023-10-01 17:00:00,0.007489,0.007184219393537851,0.003289722463796711,0.2308755816856793
2023-10-01 18:00:00,0.0349893333333333,0.0017208857381948246,0.35909095614639347,0.1513540839494359
2023-10-01 19:00:00,0.0167623333333333,0.0037834981408599584,0.14009016578257064,0.1513540839494359
2023-10-01 20:00:00,0.0,0.07440590453151907,0.9537317210749272,0.4358805132315939
2023-10-01 21:00:00,0.0,0.1153496958214637,1.478547497190515,0.4461564958433852
2023-10-01 22:00:00,0.0,0.04216635686307219,0.5404865696571403,0.1798950134702442
2023-10-01 23:00:00,0.0,0.008999204624500068,0.11535142229463959,0.168510683146063
2023-10-02 00:00:00,0.0,0.0009359841701541724,0.01199740530164349,0.0876584058336364
2023-10-02 01:00:00,0.0,0.005795951432294801,0.07429225905650522,0.0698233713748107
2023-10-02 02:00:00,0.0,0.004488313316839723,0.057531009284078255,0.0393987954969381
2023-10-02 03:00:00,0.0,0.0048512386530295045,0.06218297081435374,0.0393720220132311
2023-10-02 04:00:00,0.0,0.009843237227464505,0.12617019631717197,0.0886223202635118
2023-10-02 05:00:00,0.0,0.011592961176076047,0.14859808350465178,0.0886223202635118
2023-10-02 06:00:00,0.0,0.011592961176076047,0.14859808350465178,0.111137517384225
2023-10-02 07:00:00,0.0,0.011576268857607735,0.1483841220761637,0.0895374253220952
2023-10-02 08:00:00,0.0,0.009843237227464505,0.12617019631717197,0.0886223202635118
2023-10-02 09:00:00,0.0,0.0048512386530295045,0.06218297081435374,0.0393720220132311
2023-10-02 10:00:00,0.0,0.004465394327752254,0.05723723465630756,0.0244238096734731
2023-10-02 11:00:00,0.0,0.0028313321812342383,0.03629189553094501,0.0170113003455769
2023-10-02 12:00:00,0.0,0.000833566771300508,0.010684623437196901,0.0170113003455769
2023-10-02 13:00:00,0.0,0.0008235201195623393,0.010555845882329261,0.0170380738292839
2023-10-02 14:00:00,0.0,0.0009135939522108101,0.01171040843991836,0.0116991923548155
2023-10-02 15:00:00,0.0,0.0008998434235798882,0.011534154748501923,0.01113283925641
2023-10-02 16:00:00,0.0,0.0008342882343265775,0.01069387111959358,0.0988230661016162
2023-10-02 17:00:00,0.0,0.03306609741581471,0.4238398309405288,0.3174376938555771
2023-10-02 18:00:00,0.0,0.1771730233128916,2.2709962806872754,0.347505988641168
2023-10-02 19:00:00,0.0,0.2385560072741863,3.057800759535065,0.5140397941925845
2023-10-02 20:00:00,0.0,0.17844801438380467,2.287339062030683,0.3553327989283998
2023-10-02 21:00:00,0.0,0.18522982082938563,2.374267968735944,0.3367833450120525
2023-10-02 22:00:00,0.0028093333333333,0.2598700196156745,3.2949929483741998,0.5812091435469657
2023-10-02 23:00:00,0.286436,0.3507366777597615,0.8242033539169389,0.7593027094348948
2023-10-03 00:00:00,0.1022016666666666,0.16618163405382277,0.8200925019952096,0.394407017467214
2023-10-03 01:00:00,0.343613,0.2303936038729412,1.2220606655395576,0.5957798093130385
2023-10-03 02:00:00,0.2337956666666666,0.4055795795173801,2.2019188918897408,0.8796494028460116
2023-10-03 03:00:00,0.1415236666666667,0.42341234956936524,3.6132371535440337,0.8486493505582526
2023-10-03 04:00:00,0.1498236666666666,0.4514433351841678,3.86614808833334,0.9060306210450912
2023-10-03 05:00:00,0.112354,0.477780411721172,4.684020210108895,1.0211721744019402
2023-10-03 06:00:00,0.3905366666666667,0.5487067002605581,2.0274167663411555,1.0782184333978089
2023-10-03 07:00:00,0.9346126666666668,0.6230043544138287,3.363418941327063,1.2973040621856438
2023-10-03 08:00:00,0.773545,0.57506431614297,2.1423487927710223,1.1962285428773949
2023-10-03 09:00:00,0.8677469999999999,0.4470264348686812,4.54114817264672,0.8722786574615774
2023-10-03 10:00:00,1.0814036666666669,0.5348804281702582,5.899029454460541,1.132860118499817
2023-10-03 11:00:00,0.6419326666666666,0.5348804281702582,1.15549397276068,1.138671893707189
2023-10-03 12:00:00,0.5381366666666667,0.5498611460357243,0.15028387811107113,1.1722697118504743
2023-10-03 13:00:00,1.2584493333333338,0.5210659066287877,7.959124602511749,1.132860118499817
2023-10-03 14:00:00,2.047590333333333,0.5563470060823557,16.09609197117253,1.2024686895778778
2023-10-03 15:00:00,2.233712333333333,0.596628768706589,17.670253498671453,1.3359040721526332
2023-10-03 16:00:00,2.100842333333333,0.5979987868166136,16.22130171580311,1.3359040721526332
2023-10-03 17:00:00,2.021389333333333,0.5871497418060605,15.48080849855469,1.3424368554859665
2023-10-03 18:00:00,2.407410666666667,0.5871497418060605,19.647422203121675,1.3424368554859665
2023-10-03 19:00:00,2.5274300000000003,0.5860697373138071,20.95453690644915,1.3384334394870214
2023-10-03 20:00:00,2.4589483333333333,0.5978709708164055,20.087984197563518,1.3384334394870214
2023-10-03 21:00:00,2.379784,0.6051794414472631,19.15461927972772,1.3891974221969694
2023-10-03 22:00:00,2.069298,0.5615624183105328,16.27410506897011,1.204380597987558
2023-10-03 23:00:00,2.355192333333333,0.34015621163621595,21.74977493435778,0.7657724126147865
2023-10-04 00:00:00,0.5009056666666668,0.7811353754628876,3.5919724939749864,1.3297838773265724
2023-10-04 01:00:00,0.028875,0.6472360335955423,7.9261254403126475,1.231200927629256
2023-10-04 02:00:00,0.915663,0.7801170802417068,1.463047345042348,1.2994972769568442
2023-10-04 03:00:00,1.8125526666666667,0.7200354071925146,11.79234667289794,1.221145961003749
2023-10-04 04:00:00,1.960654666666667,0.6601105133626963,14.037734769108052,1.204815315853729
2023-10-04 05:00:00,1.0530950000000006,0.5151580214083704,5.806351601966488,0.961640387073584
2023-10-04 06:00:00,0.3569883333333334,0.4222859098040316,0.8369815592126799,0.7431835731866476
2023-10-04 07:00:00,0.3891180000000001,0.46018616098113874,0.9109486661432777,0.8339485796468307
2023-10-04 08:00:00,0.1189063333333333,0.5986454565694691,6.149275686543895,0.931719460783335
2023-10-04 09:00:00,0.3440543333333332,0.5101762677820079,2.1293438934394757,0.8966977254456443
2023-10-04 10:00:00,0.1678543333333333,0.5101762677820079,4.387868002668139,0.9008143689269964
2023-10-04 11:00:00,0.0490773333333333,0.5962398530848427,7.013505916714469,1.0088216348433907
2023-10-04 12:00:00,0.1074743333333333,0.511134119816874,5.174093982401655,0.9008143689269964
2023-10-04 13:00:00,0.485452,0.5887311362508385,1.3238275777686206,0.930868653883648
2023-10-04 14:00:00,0.3739950000000001,0.4491278776244265,0.9630500312740863,0.7898548975815953
2023-10-04 15:00:00,0.3220016666666667,0.43160843808305327,1.4049349363145538,0.7864179140548682
2023-10-04 16:00:00,0.1542173333333333,0.23906132342721698,1.0875266580601266,0.435818963960671
2023-10-04 17:00:00,0.2597573333333333,0.08593728958114942,1.876168268143076,0.3874493674673361
2023-10-04 18:00:00,0.096822,0.4258019394775158,4.2168508783346,0.8058546216903346
2023-10-04 19:00:00,0.074585,0.5747810724900702,6.411491992396778,0.9041394399116582
2023-10-04 20:00:00,0.0030813333333333,0.5968828408144584,7.611322478674497,1.0663315609627564
2023-10-04 21:00:00,0.0952196666666666,0.7642236110336015,8.57526411760383,1.250399532523152
2023-10-04 22:00:00,0.4831516666666666,0.6822017267825629,2.5514152083721156,1.198246794288159
2023-10-04 23:00:00,0.6713703333333333,0.5978706295034395,0.7933366547770664,1.1187411737821589
2023-10-05 00:00:00,0.5653283333333332,0.36010941330615487,2.215079558526151,1.171489193685637
2023-10-05 01:00:00,0.7633133333333334,0.3448244493662322,4.517059987564411,1.1467525697981371
2023-10-05 02:00:00,0.6686143333333333,0.3682654291459132,3.2418878240036277,1.0535532823877043
2023-10-05 03:00:00,0.7119793333333333,0.3504668394211076,3.902071676971737,1.0386297178204689
2023-10-05 04:00:00,0.4487293333333332,0.40484713698831104,0.47365299502704944,1.0634211194227798
2023-10-05 05:00:00,0.4961853333333333,0.27854180993645355,2.3491874904038546,0.9142722707890854
2023-10-05 06:00:00,0.279463,0.40316319256725003,1.5855838094742487,1.0634211194227798
2023-10-05 07:00:00,0.3454543333333333,0.48707231444817,1.8152532613402292,1.239248959911168
2023-10-05 08:00:00,0.2864369999999999,0.25307482838607315,0.36010258878793205,0.8628247335207894
2023-10-05 09:00:00,0.3953503333333332,0.25094503314192323,1.5586731893651058,0.8380333319184784
2023-10-05 10:00:00,0.0938196666666666,0.704166002541174,7.82339338565239,1.6120942495363666
2023-10-05 11:00:00,0.0263113333333333,0.7072457638807634,8.728188582265963,1.600419640488328
2023-10-05 12:00:00,0.132025,0.5137180904306194,4.892525806263059,1.1836016501568118
2023-10-05 13:00:00,0.3600946666666666,0.4521748985335198,1.1802804974724939,1.0486478240132655
2023-10-05 14:00:00,0.443706,0.38022976630259864,0.6851459295113795,0.961022427569983
2023-10-05 15:00:00,0.4430573333333333,0.44401181059140116,0.012234448916326437,1.0428906951759436
2023-10-05 16:00:00,0.4100866666666666,0.36182636415677916,0.5209091323732847,0.9343997906711954
2023-10-05 17:00:00,0.3981896666666666,0.2591472132343149,1.5007880185927185,0.7852509420375005
2023-10-05 18:00:00,0.450567,0.3744343695983856,0.8217557782543083,0.9548688175889608
2023-10-05 19:00:00,0.2486343333333333,0.3744343695983856,1.6124995167222531,0.9548688175889608
2023-10-05 20:00:00,0.0642329999999999,0.35866901951349944,3.774068380797731,0.9388591330748997
2023-10-05 21:00:00,0.1794316666666667,0.1797973376351944,0.004687154928857989,0.5439003092654193
2023-10-05 22:00:00,0.156694,0.1639475179307133,0.09297528446786833,0.5603408808575665
2023-10-05 23:00:00,0.0998456666666666,0.0545831495799489,0.4885518175076205,0.6959702923777069
2023-10-06 00:00:00,0.0122963333333333,0.1963883534977589,2.3596836881836816,0.5456279630065453
2023-10-06 01:00:00,0.0065159999999999,0.03916770389234647,0.41852815237378077,0.312472690873504
2023-10-06 02:00:00,0.0,0.031424338605600226,0.4027958363071123,0.1509573094893073
2023-10-06 03:00:00,0.0,0.03919423571070292,0.5023900470795325,0.2433843863969301
2023-10-06 04:00:00,0.0,0.04097307183380921,0.5251910928820434,0.2433661372787593
2023-10-06 05:00:00,0.0,0.04097307183380921,0.5251910928820434,0.2455525643727036
2023-10-06 06:00:00,0.0,0.04520596352093785,0.5794481185751967,0.2129885347768086
2023-10-06 07:00:00,0.0,0.03458300358655131,0.4432834697489643,0.1552452734813845
2023-10-06 08:00:00,0.009952,0.022273131223853593,0.15793173622045076,0.1509346670798364
2023-10-06 09:00:00,0.028182,0.015324027504563366,0.13878560531826795,0.1389085881113982
2023-10-06 10:00:00,0.0038196666666666,0.02765938253666827,0.3055764645264471,0.2527508509461636
2023-10-06 11:00:00,0.0021656666666666,0.24853232361779726,3.157917335040842,0.3998319718903973
2023-10-06 12:00:00,0.0,0.03545529013854634,0.4544644016890138,0.2283575813227887
2023-10-06 13:00:00,0.0,0.03344195871891616,0.4286576051447326,0.2154394314070473
2023-10-06 14:00:00,0.0,0.12381589868619078,1.5870669255878298,0.3842152914530943
2023-10-06 15:00:00,0.0564403333333333,0.25298146410854927,2.519255858745114,0.4028841403157601
2023-10-06 16:00:00,0.1159026666666666,0.42601023187314974,3.9749455872476864,0.6687668353894501
2023-10-06 17:00:00,0.1386923333333333,0.5780590405006526,5.6317837737219145,0.9063159078583948
2023-10-06 18:00:00,0.318887,0.6186443895162153,3.8422774752657207,1.033530075068274
2023-10-06 19:00:00,0.547053,0.7090018608257638,2.075853613150426,1.1261494673031294
2023-10-06 20:00:00,0.2611456666666667,0.7278746542907544,5.982512321367134,1.2992496753413976
2023-10-06 21:00:00,0.9088573333333334,0.7369223583344316,1.8558213271239024,1.341181441268385
2023-10-06 22:00:00,1.5136703333333337,0.73861205535681,8.365777131976472,1.3634583850746442
2023-10-06 23:00:00,1.1694713333333333,0.8292363927166708,3.672407309991291,1.5241173698517372
2023-10-07 00:00:00,0.6911443333333332,0.6306580229904466,0.6528734757665282,1.1464417739007504
2023-10-07 01:00:00,0.909397,0.7068070426598039,2.186703220188092,1.3484916132683915
2023-10-07 02:00:00,0.9040513333333334,0.6348581151015816,2.90560146657069,1.1108071442748448
2023-10-07 03:00:00,1.2257566666666668,0.6337221275542734,6.390266576569241,1.099739654592335
2023-10-07 04:00:00,1.176296,0.6198671772036938,6.005947750761168,1.090845446790963
2023-10-07 05:00:00,0.9763833333333332,0.6202680963718872,3.843815091554555,1.090845446790963
2023-10-07 06:00:00,0.7741593333333334,0.7676147007411609,0.07064105917264098,1.5141945128526657
2023-10-07 07:00:00,0.7514699999999999,0.8877931635532863,1.7473845149342782,1.7640252008916788
2023-10-07 08:00:00,1.4026956666666668,0.700142282289122,7.583178199660961,1.179384294325145
2023-10-07 09:00:00,1.3947523333333331,0.6921701832826337,7.583488688842873,1.2110105924496182
2023-10-07 10:00:00,1.7196323333333332,0.5959192264670214,12.129066522413389,0.9579131882629872
2023-10-07 11:00:00,0.7426256666666667,0.5857221680160076,1.6935754874661748,0.8750422805555595
2023-10-07 12:00:00,0.3928006666666666,0.7130345808909881,4.104744698457971,1.3021627343863265
2023-10-07 13:00:00,0.295071,0.8007923974551019,6.4823153729010174,1.3158477954406331
2023-10-07 14:00:00,0.7386583333333334,0.7835499808686152,0.5754192296335379,1.301790477973214
2023-10-07 15:00:00,1.155257,0.8284086415089948,3.5279160300393833,1.370703345683745
2023-10-07 16:00:00,1.2442163333333334,0.8243150569367592,4.53230498348744,1.313189530128911
2023-10-07 17:00:00,1.0630683333333333,0.8660088256996201,2.1270089868656235,1.593373110642712
2023-10-07 18:00:00,1.6708719999999997,0.9117585368709238,8.193672954504002,1.7745764632677776
2023-10-07 19:00:00,1.972467333333333,0.940420801471586,11.139641393064569,1.9351174658766563
2023-10-07 20:00:00,1.7954033333333337,0.9449950849063519,9.179085082618911,2.108292314633768
2023-10-07 21:00:00,1.9490640000000004,1.0421041393905135,9.78948845152162,2.31252051950582
2023-10-07 22:00:00,1.4288713333333336,1.0542275160818626,4.043807760083896,2.327559079614423
2023-10-07 23:00:00,1.7753036666666668,0.9767559557659707,8.619315951422625,2.2923345378099524
2023-10-08 00:00:00,2.0755193333333333,1.0997576035776868,10.532117902616411,1.9514763453792008
2023-10-08 01:00:00,2.132032,0.9587922479097125,12.66364422813115,1.724609908879641
2023-10-08 02:00:00,2.411107,1.0600803365545919,14.582629831720103,1.9384514907119592
2023-10-08 03:00:00,2.3476706666666662,1.0489549036470303,14.017999600716651,1.8045011405248277
2023-10-08 04:00:00,2.132278,0.9117327792751417,13.174247132410443,1.7176924604912318
2023-10-08 05:00:00,2.3587653333333334,0.9176612747025252,15.55490176811874,1.7176924604912318
2023-10-08 06:00:00,1.071107,0.9117327792751417,1.7202438178551718,1.6613506776418614
2023-10-08 07:00:00,0.5062743333333334,0.9117327792751417,5.197149122871518,1.6999453711403762
2023-10-08 08:00:00,0.5833146666666668,0.8362278740630145,3.241830740334851,1.5985020559379135
2023-10-08 09:00:00,0.4284266666666667,0.7960584842302966,4.712289008439343,1.4844472580870045
2023-10-08 10:00:00,0.5078433333333333,0.79903863551876,3.7325290038587546,1.4685991718205846
2023-10-08 11:00:00,0.7810993333333333,0.692372556510658,0.9576937136585228,1.2625184738291202
2023-10-08 12:00:00,0.3873596666666666,0.13811148654286134,2.6903199213745332,0.3807796488442274
2023-10-08 13:00:00,0.4156413333333333,0.028819779334458367,4.175251077954953,0.1932333267908822
2023-10-08 14:00:00,0.1852593333333333,0.023134061354933108,1.7499379483737973,0.148266398660869
2023-10-08 15:00:00,0.166243,0.025512688280736353,1.5190063212157536,0.148266398660869
2023-10-08 16:00:00,0.0,0.014412208243054506,0.18473507255483937,0.1287066143730594
2023-10-08 17:00:00,0.0,0.017810222764495023,0.22829067823124408,0.084541557237791
2023-10-08 18:00:00,0.0064033333333333,0.0148727493017754,0.10856061382413575,0.084541557237791
2023-10-08 19:00:00,0.0,0.01565067115705237,0.20060963753582553,0.084541557237791
2023-10-08 20:00:00,0.0,0.017543114956256045,0.2248669017007619,0.1182250737877585
2023-10-08 21:00:00,0.0,0.059756858247262845,0.7659608685766339,0.2576055248907934
2023-10-08 22:00:00,0.0,0.15350610123953562,1.967634679700269,0.3399501248857791
2023-10-08 23:00:00,0.0,0.0711844271362906,0.9124389607772049,0.3578003856471476
2023-10-09 00:00:00,0.0,0.038608543664511906,0.494882671330918,0.3828326383152451
2023-10-09 01:00:00,0.0,0.08692366078283532,1.1141837885382961,0.4893875826225632
2023-10-09 02:00:00,0.0,0.10289970138384863,1.3189639977744172,0.4966777004476765
2023-10-09 03:00:00,0.0,0.3385411824205973,4.339406483902942,0.641941677168279
2023-10-09 04:00:00,0.0,0.6663351449717423,8.541055560414627,1.220125607922553
2023-10-09 05:00:00,0.0166133333333333,0.8125529696938992,10.202320421174997,1.4659021780464012
2023-10-09 06:00:00,0.19675,0.9546515365629689,9.714749675078975,1.7276636340360327
2023-10-09 07:00:00,0.2508709999999999,0.9508558114513905,8.972375554806169,1.699607951403685
2023-10-09 08:00:00,0.6065883333333333,0.9499189728062364,4.400797540785733,1.7414967779634574
2023-10-09 09:00:00,0.8447749999999999,0.7795906931502513,0.7035824261254866,1.4120844904395244
2023-10-09 10:00:00,1.0875813333333333,0.15885107874828105,10.024472412405682,0.4258177879195497
2023-10-09 11:00:00,0.719729,0.5833343934363011,1.4722078493174697,1.100474780773314
2023-10-09 12:00:00,0.4207726666666667,0.5018548837449284,1.0393084114697286,0.8659671171249067
2023-10-09 13:00:00,0.8867366666666667,0.5532570301813228,3.599492317109888,1.063448143862545
2023-10-09 14:00:00,1.3163676666666664,0.7713743332241634,5.882516057884126,1.3403169670615909
2023-10-09 15:00:00,1.414765,0.6232188954633615,8.543742436408431,0.8749097533084644
2023-10-09 16:00:00,0.9338803333333334,0.5382045956364246,4.270820830073094,0.9408675101167306
2023-10-09 17:00:00,1.028585,0.6547220575069357,4.035379201377484,1.2021458851241746
2023-10-09 18:00:00,1.889128333333333,0.8658754096948114,11.044725476840208,1.604446635365394
2023-10-09 19:00:00,1.6431,0.9547515995834087,7.429853303511362,1.6798014418577178
2023-10-09 20:00:00,2.307034666666667,0.9547515995834087,14.596191125265024,1.7873619736980952
2023-10-09 21:00:00,2.065749666666667,0.9124599658058918,12.448308572606845,1.7154275145369928
2023-10-09 22:00:00,1.6660226666666669,0.81595597377002,9.175398421207545,1.4751709718367243
2023-10-09 23:00:00,1.2738206666666667,0.81595597377002,4.942072210846341,1.4751709718367243
2023-10-10 00:00:00,1.288306,0.8400955648475864,4.837866667911209,1.3877941580610398
2023-10-10 01:00:00,1.0859603333333334,0.8409622066628795,2.644445951635704,1.5742147681803371
2023-10-10 02:00:00,0.598817,0.93798253059725,4.34740935228843,2.022410538895092
2023-10-10 03:00:00,0.5304516666666665,0.9398773389820101,5.24800086186923,2.0160199001698347
2023-10-10 04:00:00,0.1710966666666667,0.8451144554391479,8.639531362041103,1.372541020243361
2023-10-10 05:00:00,0.018241,0.5617218743970291,6.966314743078128,0.9041224040369894
2023-10-10 06:00:00,0.3313473333333333,0.16147788697131024,1.833526549135136,0.3971390912746603
2023-10-10 07:00:00,0.2967223333333333,0.049377775487460855,2.6697727184438995,0.3580193997965991
2023-10-10 08:00:00,0.2128616666666666,0.04300134642514929,1.833428044167961,0.2459859597049246
2023-10-10 09:00:00,0.1774983333333333,0.03822101307521124,1.5033231099218751,0.2032351702888913
2023-10-10 10:00:00,0.040018,0.0332564891626399,0.07298198644942609,0.1394753127712477
2023-10-10 11:00:00,0.0,0.03089517806668086,0.396013079015388,0.2380442295580653
2023-10-10 12:00:00,0.0253823333333333,0.028932780572130473,0.04550948176712691,0.2073279268891527
2023-10-10 13:00:00,0.0236993333333333,0.028827835531939114,0.06573692315427605,0.2073279268891527
2023-10-10 14:00:00,0.083458,0.0299987094139634,0.5770256552113059,0.2345335006845641
2023-10-10 15:00:00,0.1992916666666666,0.17244633689645325,0.28976149571403,0.3032046339395915
2023-10-10 16:00:00,0.2994333333333333,0.5658958340288243,3.4155050058236447,0.8160389295236127
2023-10-10 17:00:00,0.286523,0.8024885835593752,6.613624914875631,1.2027468945508308
2023-10-10 18:00:00,0.3709376666666666,0.5811436294409579,2.694411094377753,0.9007232151183344
2023-10-10 19:00:00,0.181441,0.5174904136811771,4.307467098133347,0.8950814976607968
2023-10-10 20:00:00,0.5145443333333333,0.5174904136811771,0.03776273265227045,0.8542730902100146
2023-10-10 21:00:00,0.067487,0.5351114872166608,5.99399079707446,0.8542730902100146
2023-10-10 22:00:00,0.632111,0.556405305471506,0.8171475436664578,0.8654629160351947
2023-10-10 23:00:00,0.547244,0.5172888295655416,0.32332830565889426,0.8890262822689515
2023-10-11 00:00:00,0.2603223333333332,0.29451533575348016,0.4382844513780701,0.4003733544362247
2023-10-11 01:00:00,0.2742306666666666,0.47666670626982455,2.5948165494920596,0.7648873856323025
2023-10-11 02:00:00,0.420701,0.4740206109782015,0.6834485067477947,0.7526049236234132
2023-10-11 03:00:00,0.5386183333333333,0.40721778639588024,1.4183032707791328,0.525629517834797
2023-10-11 04:00:00,0.5044526666666665,0.40597249696257215,1.062969295437458,0.5279216173034077
2023-10-11 05:00:00,0.3282086666666667,0.41391902346905957,1.098631709698044,0.7212689734472554
2023-10-11 06:00:00,0.3675796666666667,0.4713202395838541,1.3297422533408743,0.7329721416576308
2023-10-11 07:00:00,0.3102149999999999,0.47753627994941084,2.1447170530802686,0.7329721416576308
2023-10-11 08:00:00,0.2760343333333333,0.4816875145077857,2.636053733382924,0.7219448219806713
2023-10-11 09:00:00,0.5736243333333333,0.05641968530232386,5.5825722271439515,0.2056689973235566
2023-10-11 10:00:00,0.625482,0.12370467758873155,5.416053693577509,0.205873977269089
2023-10-11 11:00:00,0.216239,0.4267653956109061,2.6985183888549558,0.6589024658183201
2023-10-11 12:00:00,0.2258506666666666,0.5813480927693414,4.556750894560878,0.9754813565357424
2023-10-11 13:00:00,0.6293206666666666,0.6158596314242475,0.14529490749748558,1.242374526239001
2023-10-11 14:00:00,1.3459733333333337,0.659115713091713,7.413762210685243,1.2629338121874938
2023-10-11 15:00:00,1.412121666666667,0.6541710437002165,8.181121560735223,1.2629338121874938
2023-10-11 16:00:00,1.261997,0.6313986283352667,6.806514538374129,1.134969781799478
2023-10-11 17:00:00,1.2700483333333334,0.785068391116001,5.234747147867921,1.31649919833771
2023-10-11 18:00:00,1.2433566666666669,0.9572483455592837,3.0881786802370312,1.3918327593482445
2023-10-11 19:00:00,0.8939996666666667,0.8297640405199879,0.6933426137696876,1.3725900938103952
2023-10-11 20:00:00,0.6207526666666666,0.7889640436000585,2.15612627838034,1.34154934891902
2023-10-11 21:00:00,1.0132186666666667,0.7841998832932907,2.4719690830733825,1.3522318316295527
2023-10-11 22:00:00,1.7090913333333335,0.770190315107558,10.134252985425867,1.362593905055522
2023-10-11 23:00:00,1.2409253333333334,0.770190315107558,5.080991149433285,1.3626349268856894
2023-10-12 00:00:00,0.6622453333333332,0.8686940199609434,2.6462504884622646,1.5002026949350669
2023-10-12 01:00:00,0.2928746666666666,0.974815821574121,8.741092732313993,1.5553202754515791
2023-10-12 02:00:00,0.9716213333333336,1.082042601222836,1.4153751174803522,1.5553202754515791
2023-10-12 03:00:00,1.8892503333333328,1.140097732181872,8.086158005351198,1.5916813746166152
2023-10-12 04:00:00,2.1865146666666666,1.1632942896536422,11.044374177043734,1.6031976521908111
2023-10-12 05:00:00,1.9058486666666663,1.1464343739345881,8.19692003086578,1.759370624924017
2023-10-12 06:00:00,1.5295903333333332,0.9155478656310567,6.627814424197017,1.7815757097922074
2023-10-12 07:00:00,1.4714353333333337,0.5951660902117506,9.458221921968704,0.9410426895842334
2023-10-12 08:00:00,0.8499493333333333,0.5168794509717749,3.5950695378481177,0.7834352628438317
2023-10-12 09:00:00,0.47169,0.42712952933794907,0.480974111299003,0.5222185707772031
2023-10-12 10:00:00,0.2678936666666666,0.0350518184411716,2.513234249090858,0.3343355483566156
2023-10-12 11:00:00,0.1476903333333333,0.09038709616783985,0.6185162131534964,0.3563801086754369
2023-10-12 12:00:00,0.2473906666666666,0.040022987823283424,2.238272701387188,0.3563801086754369
2023-10-12 13:00:00,0.0,0.13974526970342685,1.7912489260831534,0.4206615942297029
2023-10-12 14:00:00,0.0,0.4417413883878134,5.662222336651645,0.7146784018751263
2023-10-12 15:00:00,0.059225,0.4653561253764103,5.205771499266698,0.7141931298974903
2023-10-12 16:00:00,0.1114283333333333,0.4675119927530179,4.564265208295836,0.7247619066474045
2023-10-12 17:00:00,0.0906383333333333,0.7110655138546634,7.952609223769518,1.155418095313159
2023-10-12 18:00:00,0.4438936666666666,0.8482470349190082,5.18298428402798,1.451831036342988
2023-10-12 19:00:00,0.0849326666666666,0.9803211697488654,11.477051766954089,1.521101575588948
2023-10-12 20:00:00,0.0250336666666666,0.9281976390083454,11.576717401364428,1.537053868841705
2023-10-12 21:00:00,0.0,0.8886930871205665,11.391230209799373,1.6463528684920037
2023-10-12 22:00:00,0.0200496666666666,0.761312969654494,9.501481504452217,1.2804934098113894
2023-10-12 23:00:00,0.2798456666666666,0.5052516926003934,2.8892448577567738,0.8203314790045205
2023-10-13 00:00:00,0.4125343333333333,0.4629140695741166,0.6457653173461424,0.838207769918761
2023-10-13 01:00:00,0.20411,0.620896204728892,5.342347853428584,1.1188548244771483
2023-10-13 02:00:00,0.8745103333333333,0.5328554196248467,3.6877341296088004,0.9211290041550037
2023-10-13 03:00:00,0.6457556666666666,0.5328249646065898,1.2189445769919964,0.8713289623938155
2023-10-13 04:00:00,0.6585413333333332,0.49556041143488067,1.7591736106943643,1.0848655255448063
2023-10-13 05:00:00,0.5988519999999999,0.5350789534102587,0.6883496505447134,1.130503889781605
2023-10-13 06:00:00,0.5726073333333332,0.6598650169525049,1.1184652790541785,1.4228698916018043
2023-10-13 07:00:00,0.6070396666666666,0.744251260542857,1.7587723770435189,1.524838044962883
2023-10-13 08:00:00,0.8554183333333332,0.7747380195184836,0.8708422882406756,1.528637435619316
2023-10-13 09:00:00,0.6943776666666667,0.38203759328328124,3.371317380329592,0.5926783258807176
2023-10-13 10:00:00,0.6698486666666666,0.3471380538717629,3.4832542809735574,0.523695060460902
2023-10-13 11:00:00,0.0960696666666666,0.43158695361843086,4.300646320337977,0.9839456639361156
2023-10-13 12:00:00,0.4754713333333332,0.5901443014026576,1.4698732296332466,1.3412496327724823
2023-10-13 13:00:00,0.9577933333333332,0.6745305449930096,3.0574647408761026,1.443217786133561
2023-10-13 14:00:00,1.050493,0.6663459567495823,4.146383105707648,1.332087828777581
2023-10-13 15:00:00,1.2215653333333332,0.5535912458929445,7.209938277223223,1.238011386824695
2023-10-13 16:00:00,1.033581,0.7555920439469204,3.000540369122163,1.4205356046590427
2023-10-13 17:00:00,1.298376,0.7052300191720109,6.402263188891258,1.4179880169957328
2023-10-13 18:00:00,1.4928266666666663,1.0481615623094283,4.799599290948274,1.6170206604258144
2023-10-13 19:00:00,1.2997813333333337,1.1116955184396164,2.0301492852833958,1.727741382196472
2023-10-13 20:00:00,1.4727386666666669,1.1512812520530828,3.4697275862913326,1.740838672004059
2023-10-13 21:00:00,1.778381666666667,1.1467410814459018,6.817763919977342,1.7173144252371506
2023-10-13 22:00:00,1.4411203333333331,1.2932021974828436,1.5965898222947517,1.7710804526161106
2023-10-13 23:00:00,2.130650333333333,1.28934510474163,9.080829458062883,1.814426467965046
2023-10-14 00:00:00,2.327765333333333,1.184959543966754,12.335147963238487,1.846750812075833
2023-10-14 01:00:00,2.4605016666666666,1.272873350218972,12.818950643253153,1.8717330406195476
2023-10-14 02:00:00,2.3091236666666664,1.4002666860099557,9.809965471067962,1.89816015812686
2023-10-14 03:00:00,1.137236666666667,1.4114364261628887,3.5146808601981747,1.933796446463521
2023-10-14 04:00:00,0.0,1.4183766193508804,18.180691207549444,1.972256067362743
2023-10-14 05:00:00,0.0,1.4183766193508804,18.180691207549444,1.968760496673748
2023-10-14 06:00:00,0.5213066666666667,1.4509928426570329,11.91667788019776,1.950997504172324
2023-10-14 07:00:00,2.5288763333333337,1.557758577248869,10.481992060671596,2.099653141125178
2023-10-14 08:00:00,2.529921666666666,1.5860877034806065,10.18749790818159,2.4777487996970136
2023-10-14 09:00:00,2.416377,1.038799053951823,14.869217458914788,2.185998144119101
2023-10-14 10:00:00,1.839505666666667,1.314164842202691,5.670391995900358,2.35403776446602
2023-10-14 11:00:00,1.5440646666666664,1.2390855531871348,3.2918650968266983,2.1915945571720554
2023-10-14 12:00:00,1.6672233333333333,0.6924574406417515,10.52136909678535,1.3527330325196747
2023-10-14 13:00:00,1.4900799999999998,0.6168759169681232,9.425137382505094,1.1429861607427172
2023-10-14 14:00:00,1.0136033333333334,0.8347777973457162,1.9301962472865262,1.6370740448670489
2023-10-14 15:00:00,1.0450556666666666,0.9840170356671432,0.6588350810420354,1.853888106719728
2023-10-14 16:00:00,1.340491,1.0429643276306693,3.2114253890154516,2.091926136737032
2023-10-14 17:00:00,1.7827430000000002,1.291026319072733,5.3074617504276285,2.218601527179201
2023-10-14 18:00:00,2.1316916666666668,1.0015879071644394,12.198045562053512,1.8746825536007257
2023-10-14 19:00:00,2.121088666666667,1.2955132664828062,8.911045788210606,2.2532437925906232
2023-10-14 20:00:00,2.192858,1.0584698396711862,12.244290268390762,2.062838172185538
2023-10-14 21:00:00,1.5439186666666669,0.9547140084837559,6.3597215790654555,1.9025830294011497
2023-10-14 22:00:00,0.7207783333333333,0.9294154254811935,2.6743013773853845,1.7945907787127515
2023-10-14 23:00:00,0.8646536666666667,0.8634461849932566,0.013033242606048356,1.4867402091244168
2023-10-15 00:00:00,0.8461470000000001,0.8512275808465917,0.06512266930143276,1.817272238774648
2023-10-15 01:00:00,0.5291586666666667,0.8238976106013327,3.777951253150051,1.7618342574316648
2023-10-15 02:00:00,1.019693,0.6776469045648384,3.691956443254696,1.4366698142211258
2023-10-15 03:00:00,0.8485556666666667,0.6088675343970655,2.587131255448532,1.2839847452703057
2023-10-15 04:00:00,0.2671113333333333,0.6122868859958026,4.424445559617,1.3277034116163102
2023-10-15 05:00:00,0.272565,0.6403141400158259,4.713792842643874,1.3277034116163102
2023-10-15 06:00:00,0.2234433333333333,0.6765553800406343,5.807970951591283,1.3790276774449837
2023-10-15 07:00:00,0.2633213333333333,0.7336545102827541,6.028710666914748,1.6436188016743445
2023-10-15 08:00:00,0.2449676666666666,0.5356902995910079,3.7264703493646993,1.1909158808488185
2023-10-15 09:00:00,0.3570616666666666,1.09771259317383,9.49363208875696,1.9893008160950336
2023-10-15 10:00:00,0.4937846666666667,1.1463416284965415,8.364447394652563,2.253738887624698
2023-10-15 11:00:00,0.9379836666666668,1.3233865822130102,4.940078186881019,2.540594708203264
2023-10-15 12:00:00,1.9954983333333327,1.6529618047012373,3.697250051413276,2.6494396085023832
2023-10-15 13:00:00,1.9261493333333333,1.651477935046313,2.964731514895396,2.6494396085023832
2023-10-15 14:00:00,0.0,1.5718404651603193,20.147784258943133,2.6524291199569103
2023-10-15 15:00:00,0.94751,1.1651857695909436,2.7901587605905216,2.224081453641221
2023-10-15 16:00:00,1.8734980000000008,1.0425349421514982,8.96919876143405,1.952748880879364
2023-10-15 17:00:00,1.3832806666666668,1.0516746782149085,3.579268648363758,2.0705215817621845
2023-10-15 18:00:00,0.976889,1.0166369355221305,0.509487347723032,1.9537389720028944
2023-10-15 19:00:00,0.6476363333333334,0.9143734452150118,3.419024960333681,1.8224196594032056
2023-10-15 20:00:00,0.6408133333333333,0.8217555468238957,2.31930960014549,1.7902609655476274
2023-10-15 21:00:00,0.3890976666666666,0.6618796058430475,3.4965072996140942,1.356184649619654
2023-10-15 22:00:00,0.2955616666666666,0.6411171997345836,4.429316132299963,1.3597723099820749
2023-10-15 23:00:00,0.569511,0.41724492250386,1.643520371679133,1.260364123167267
2023-10-16 00:00:00,0.4360446666666666,0.3658990465504032,0.757133548988067,0.6799930326375409
2023-10-16 01:00:00,0.2454953333333333,0.5322063606120504,3.6750497587440405,0.7241372630653014
2023-10-16 02:00:00,0.1657216666666666,0.535884495601051,4.744731404589064,0.7590093835100713
2023-10-16 03:00:00,0.0700486666666666,0.562708014057237,6.314886570479361,0.933737894219478
2023-10-16 04:00:00,0.065037,0.5549009751331323,6.279055607722873,0.8101370658481981
2023-10-16 05:00:00,0.118152,0.29009188716940126,2.2039181640757612,0.5802991223114942
2023-10-16 06:00:00,0.1168923333333333,0.17155615207344233,0.7006785046937679,0.4044592624301354
2023-10-16 07:00:00,0.1312113333333333,0.05114734658997503,0.8641898143983722,0.3785826134396138
2023-10-16 08:00:00,0.0,0.08512217432256824,1.0910924116769896,0.3785826134396138
2023-10-16 09:00:00,0.0,0.10903491743004723,1.3976049362288219,0.4076053777029755
2023-10-16 10:00:00,0.0,0.04121945558939162,0.528349229386613,0.3484152193062575
2023-10-16 11:00:00,0.0,0.03125393219022866,0.40061157411934883,0.3215872221219065
2023-10-16 12:00:00,0.0,0.031089765123060727,0.39850728763160687,0.3215872221219065
2023-10-16 13:00:00,0.0,0.03661155551018445,0.46928536206648774,0.3517546162552628
2023-10-16 14:00:00,0.0,0.03661155551018445,0.46928536206648774,0.344029523409279
2023-10-16 15:00:00,0.0,0.0407144979193234,0.5218767034388887,0.3466279597929009
2023-10-16 16:00:00,0.002275,0.041427691194171376,0.5018575312328087,0.387663056758924
2023-10-16 17:00:00,0.0012126666666666,0.17273659212829398,2.19858638458925,0.595640934873346
2023-10-16 18:00:00,0.0495556666666666,0.2993756403298725,3.2021818018457466,0.8371574650507253
2023-10-16 19:00:00,0.126291,0.20439151596370397,1.0010890933440615,0.595640934873346
2023-10-16 20:00:00,0.184829,0.3021273700396045,1.5035255204748696,0.7859366656925287
2023-10-16 21:00:00,0.153896,0.3810048159389652,2.911071147653394,1.1500645309972963
2023-10-16 22:00:00,0.2742266666666667,0.30757983598884975,0.4275195064321019,0.810101240617786
2023-10-16 23:00:00,0.3480243333333333,0.30757983598884975,0.43654736761486773,0.8070294768870635
2023-10-17 00:00:00,0.3726423333333333,0.20161377751353515,1.8460376746476952,0.5369391355126363
2023-10-17 01:00:00,0.5627553333333333,0.3322294362335475,2.4882364759984714,1.0321864127614904
2023-10-17 02:00:00,0.3722596666666666,0.3611668935769189,0.11973250280829366,1.0589550151239262
2023-10-17 03:00:00,0.283541,0.2932372263523748,0.12428581717012972,0.755292694573918
2023-10-17 04:00:00,0.3010593333333333,0.2014425457298404,1.0752376529284686,0.6197728365968972
2023-10-17 05:00:00,0.4536470000000001,0.3586607908491218,1.0252563954831033,1.0482489006949998
2023-10-17 06:00:00,0.5160586666666667,0.29205603321016765,2.417826067693001,0.7578240523509286
2023-10-17 07:00:00,0.484978,0.32932332554484794,1.6800960044472886,1.0459564585556074
2023-10-17 08:00:00,0.375921,0.08207038167569913,3.1717470193499997,0.3326715779380209
2023-10-17 09:00:00,0.4026856666666666,0.009130344127027427,4.247933621282429,0.2743411869512977
2023-10-17 10:00:00,0.4064593333333334,0.010537961224286671,4.273472143924299,0.2516717828419587
2023-10-17 11:00:00,0.2335809999999999,0.003446102470394282,2.484016128502325,0.1022621432102525
2023-10-17 12:00:00,0.055567,0.0012187531774446672,0.5866208172347499,0.1022621432102525
2023-10-17 13:00:00,0.0540543333333333,0.01473183299722423,0.42443682421249174,0.2163504680743389
2023-10-17 14:00:00,0.1508666666666666,0.0998865344213373,0.5502662659594616,0.2721495012840515
2023-10-17 15:00:00,0.194794,0.10839117038940838,0.9326096328929746,0.3448358652230359
2023-10-17 16:00:00,0.4031163333333333,0.2053674359742273,2.134450079959639,0.4901871046527838
2023-10-17 17:00:00,0.410554,0.30135084598520284,1.1787103945032198,0.6950095335575672
2023-10-17 18:00:00,0.5019213333333333,0.5164525761937777,0.18626085322003713,1.1604974292731354
2023-10-17 19:00:00,0.8369293333333334,0.5204267629138202,3.4162462889113705,1.2205945130149731
2023-10-17 20:00:00,1.242503,0.5204267629138202,7.793902785645953,1.2205945130149731
2023-10-17 21:00:00,0.758616,0.5220064440788302,2.5539019043834865,1.2205945130149731
2023-10-17 22:00:00,0.6379183333333333,0.5132982741009429,1.3451164529636352,1.1849857323683453
2023-10-17 23:00:00,0.6296586666666667,0.5152212379171671,1.2352077923406792,1.183604582909012
2023-10-18 00:00:00,0.6691986666666667,0.6355610136298525,0.3630760634973347,1.184698182739845
2023-10-18 01:00:00,0.4982253333333333,0.4763192535566044,0.23644851807254882,0.9131915033807732
2023-10-18 02:00:00,0.465435,0.5221596600480283,0.7270942809663559,0.9617119640827938
2023-10-18 03:00:00,0.5643353333333333,0.520342170986804,0.4748507331381225,0.9461906467806364
2023-10-18 04:00:00,0.4915596666666666,0.6340723631983534,1.8267216855164745,1.2176973261397088
2023-10-18 05:00:00,0.4498703333333333,0.5216867505410037,0.9205397826444257,1.2042631767289524
2023-10-18 06:00:00,0.6063616666666667,0.5193677366497197,0.9389898166839277,0.9327564973698804
2023-10-18 07:00:00,0.4311153333333333,0.7316319981179349,3.85200983337691,1.2770104947314267
2023-10-18 08:00:00,0.6599276666666666,0.7289989672755648,0.8853529947842064,1.2770104947314267
2023-10-18 09:00:00,0.76489,0.29965723364104,5.021601276246002,0.5685268636843694
2023-10-18 10:00:00,0.730833,0.24391374724865078,5.255679560537114,0.4764723260546231
2023-10-18 11:00:00,0.503922,0.17816619166937123,3.5161233282427187,0.3907199143063528
2023-10-18 12:00:00,0.3406886666666666,0.31786982699445127,0.2463006105894899,0.5292209575654157
2023-10-18 13:00:00,0.2886193333333333,0.4117782543292302,1.578645813483664,0.8764539730618115
2023-10-18 14:00:00,0.2745713333333333,0.363411262074557,1.138746429762828,0.8717363444524875
2023-10-18 15:00:00,0.2793363333333333,0.45264667613434706,2.2214846060997395,0.8954701831676107
2023-10-18 16:00:00,0.4769723333333334,0.727203365258513,3.2074507291724514,1.2471770592009617
2023-10-18 17:00:00,0.533873,0.7006466914716599,2.137698087252025,1.2293434602357407
2023-10-18 18:00:00,0.6931066666666666,0.727203365258513,0.43705003300106765,1.2471770592009617
2023-10-18 19:00:00,1.006969,0.8450833071845556,1.747351993304733,1.469919843389453
2023-10-18 20:00:00,0.8769053333333333,0.7304158669130265,1.581169136666595,1.3133309947732927
2023-10-18 21:00:00,1.1711656666666663,0.7313903012501107,4.74682072271197,1.3133309947732927
2023-10-18 22:00:00,1.274455,0.7347604446487508,5.825322427620658,1.3417420473735675
2023-10-18 23:00:00,1.141383,0.4445164522499973,7.521795966654969,0.90742903169141
2023-10-19 00:00:00,0.557284,0.6380440209396919,1.0351785150630306,1.287372545087977
2023-10-19 01:00:00,0.5341323333333332,0.5306852634274445,0.037206774523194805,1.287372545087977
2023-10-19 02:00:00,0.2925936666666666,0.6385220461040615,4.434095261213154,1.310977796670202
2023-10-19 03:00:00,0.1823129999999999,0.49193715033779645,3.9687491960122254,1.0292103473062717
2023-10-19 04:00:00,0.335783,0.2869517890233788,0.5270713696284264,0.6505652059454072
2023-10-19 05:00:00,0.085952,0.05400660207891625,0.34481030264950735,0.3156851149326206
2023-10-19 06:00:00,0.0021936666666666,0.07801121199113178,0.9718260727459799,0.302293805754439
2023-10-19 07:00:00,0.0,0.03565234252123839,0.4569902107530941,0.2354375732942556
2023-10-19 08:00:00,0.020363,0.018850533991418707,0.0163251640644555,0.2354375732942556
2023-10-19 09:00:00,0.0230813333333333,0.016308552081044845,0.07310363637196059,0.1556551390412162
2023-10-19 10:00:00,0.0,0.021635339679326432,0.2773208642287759,0.121659403795264
2023-10-19 11:00:00,0.035128,0.023874186329986762,0.12147073287690584,0.1186456240261232
2023-10-19 12:00:00,0.0,0.014014853302265939,0.17964179381651865,0.1282626989291552
2023-10-19 13:00:00,0.0,0.049263448343013924,0.6314567865291593,0.2800267329645729
2023-10-19 14:00:00,0.0,0.17649159573036885,2.262261770903955,0.4469342481940352
2023-10-19 15:00:00,0.0254623333333333,0.30559343012810813,3.5907084895327337,0.9238949421610037
2023-10-19 16:00:00,0.182644,0.28222608003705646,1.2764388683929089,0.6149068239773594
2023-10-19 17:00:00,0.2315576666666667,0.29973012489941514,0.8738316714191063,0.8646947410229655
2023-10-19 18:00:00,0.175104,0.28389949679012794,1.3945360526447999,0.6149068239773594
2023-10-19 19:00:00,0.6378796666666666,0.2711792812235545,3.958068426591098,0.613185388058048
2023-10-19 20:00:00,0.0106743333333333,0.30726684688117967,3.801710229651194,0.9238949421610037
2023-10-19 21:00:00,0.0,0.28970690858689907,3.7134508379887423,0.6254028908803821
2023-10-19 22:00:00,0.0,0.31681762326188817,4.060954826137904,0.9435268102020652
2023-10-19 23:00:00,0.0383233333333333,0.2940137205581532,3.277428513310265,0.7357129139086793
2023-10-20 00:00:00,0.1219456666666666,0.36596257240844043,3.127798323934022,0.6208939015779206
2023-10-20 01:00:00,0.1034043333333333,0.3547203671718825,3.221358237571454,0.555410464637678
2023-10-20 02:00:00,0.0934579999999999,0.5106630023891452,5.347715984033412,0.987616844616206
2023-10-20 03:00:00,0.0282906666666666,0.5241291833905061,6.355637027837525,0.987616844616206
2023-10-20 04:00:00,0.2193393333333333,0.8047346014898542,7.503571660385253,1.3198112312665566
2023-10-20 05:00:00,0.7500926666666667,0.9330460802437909,2.345089077353109,1.385930869538642
2023-10-20 06:00:00,1.045661,0.6729681839798854,4.022749161073314,1.2060735184187377
2023-10-20 07:00:00,0.9756286666666666,0.7553581142610906,2.3775429571222624,1.3198112312665566
2023-10-20 08:00:00,1.2745306666666667,1.2127636279970757,0.6666973236657983,1.8029415856241464
2023-10-20 09:00:00,1.392525666666667,1.2127636279970757,1.9403046132552733,1.8029415856241464
2023-10-20 10:00:00,1.6008636666666665,0.7101560999287037,9.61406542556863,1.3123767688087375
2023-10-20 11:00:00,1.455897,0.6453661439335989,8.748658898456403,1.1795340923641555
2023-10-20 12:00:00,0.709507,0.08533971413099138,6.7370990737407945,0.3458693627567278
2023-10-20 13:00:00,0.714872,0.34560661739389925,3.9857543377276596,0.6397677502711053
2023-10-20 14:00:00,0.324069,0.223136329584052,1.0894409491883807,0.4501019723703969
2023-10-20 15:00:00,0.2459339999999999,0.428793033468375,2.3438793171315346,0.7670102855635819
2023-10-20 16:00:00,0.0499043333333333,1.4300141605718601,17.690189093085245,1.8781034607342015
2023-10-20 17:00:00,0.13373,1.4093490171736403,16.350830331879912,1.9198358750962816
2023-10-20 18:00:00,1.7825216666666663,1.0763542795023067,7.62218680421102,1.3791143774913257
2023-10-20 19:00:00,1.754015,0.8941604886964698,9.2810455831397,1.288327024903765
2023-10-20 20:00:00,1.221405,0.6924860171450185,5.709013705380341,1.1265371574253598
2023-10-20 21:00:00,0.3703303333333334,0.7852033863400966,5.317825155987948,1.280892562445946
2023-10-20 22:00:00,0.4395496666666666,0.7598424191062314,4.105498884199576,1.23284040781536
2023-10-20 23:00:00,0.447463,0.806791421828559,4.605856434908559,1.2911390402437437
2023-10-21 00:00:00,1.0735183333333334,1.4080643733672815,4.288196918635925,1.8584615296186275
2023-10-21 01:00:00,1.821986,0.8205658515795191,10.809068189076616,1.3297707829920846
2023-10-21 02:00:00,1.2649433333333333,1.415421029309166,1.928816709776387,1.904254613803433
2023-10-21 03:00:00,2.0927260000000003,1.4184327274220117,7.278145915305454,1.953876273452132
2023-10-21 04:00:00,2.474022333333333,1.4839443497216787,10.686643817024862,1.959367775772848
2023-10-21 05:00:00,2.107466,1.497696196102901,6.581696404211095,1.9460830039926136
2023-10-21 06:00:00,2.4375303333333336,1.4821847640113686,10.31175118577447,1.9924685227347128
2023-10-21 07:00:00,2.5274606666666664,1.475432061856254,11.355322682683019,1.9924685227347128
2023-10-21 08:00:00,2.527312,1.4915915159505746,11.17929707582935,1.8767526421507152
2023-10-21 09:00:00,2.360014333333333,1.4915915159505746,9.373529646718147,1.9150683403626887
2023-10-21 10:00:00,2.2520173333333333,1.4872919395293156,8.25424667217235,1.8767526421507152
2023-10-21 11:00:00,2.35142,1.3199874328312764,11.133014418119997,1.7496869451393346
2023-10-21 12:00:00,2.0247873333333333,1.1383169129235924,9.568330771975843,1.712524159908796
2023-10-21 13:00:00,1.359035,1.2482709415204325,1.1955583906444485,1.7488104528744317
2023-10-21 14:00:00,1.062606,0.7729517035710118,3.126453014050332,1.2768973527943537
2023-10-21 15:00:00,0.8749439999999999,0.42285111550159993,4.879772814684464,0.7077668603034307
2023-10-21 16:00:00,0.8830386666666667,0.3922281286404558,5.297681080024686,0.7121855305728341
2023-10-21 17:00:00,0.6258676666666666,0.3921769721882073,2.522396474401389,0.5938870898508289
2023-10-21 18:00:00,0.543563,0.3804884131920473,1.760184605325647,0.7921271398462654
2023-10-21 19:00:00,0.3878766666666666,0.6985330463711537,3.98198026815141,1.2700382570011233
2023-10-21 20:00:00,0.2764230000000001,0.7704632303592831,6.332586669666992,1.338509251360168
2023-10-21 21:00:00,0.46797,0.7309883701926974,3.3713582874587797,1.229654000858667
2023-10-21 22:00:00,0.315813,0.7288131253339019,5.29381804870078,1.1800323412099682
2023-10-21 23:00:00,0.5384323333333333,0.7303829636736494,2.4604150193260113,1.1800323412099682
2023-10-22 00:00:00,0.7559130000000001,0.6087350270569716,1.588600696701073,1.0030211537123237
2023-10-22 01:00:00,0.6295723333333333,0.7441942093826732,1.4692183342931548,1.4808954493751796
2023-10-22 02:00:00,0.6923789999999999,0.9675581335438331,3.527234435104437,1.7010925335384832
2023-10-22 03:00:00,0.8645363333333334,0.9737136443432668,1.3994301310822408,1.7010925335384832
2023-10-22 04:00:00,1.288554,1.1638963655243617,1.3455220303500381,1.7906799309880226
2023-10-22 05:00:00,1.131459,0.8211195911629728,3.349722728435316,1.5594835771268687
2023-10-22 06:00:00,0.9574833333333332,0.7356118612905396,2.394822866610015,1.4217377986987625
2023-10-22 07:00:00,0.9497756666666666,0.73662314238616,2.3007128159502526,1.4309336925738876
2023-10-22 08:00:00,1.2507336666666669,0.8005440592797393,4.85922933739068,1.5299736921781146
2023-10-22 09:00:00,1.021885333333333,0.8948685625301922,1.370985933259845,1.5884065069533284
2023-10-22 10:00:00,0.6427146666666667,1.63665037311173,12.740225630132803,2.16518018898858
2023-10-22 11:00:00,0.7375883333333333,1.4953579014297451,9.713058108885008,2.0868851015909136
2023-10-22 12:00:00,0.8073393333333333,1.3903406183675135,7.472885686498234,2.052677606180263
2023-10-22 13:00:00,1.13761,0.8205374630311415,3.422398359355612,1.5346827212541958
2023-10-22 14:00:00,0.8499336666666665,0.8824916817136548,0.41732725273696203,1.5583097969689577
2023-10-22 15:00:00,0.8712216666666667,0.5303434545494101,3.679350614981687,1.015243117421179
2023-10-22 16:00:00,0.4435356666666666,0.4761646884196976,0.4182374136763171,0.8412205953563515
2023-10-22 17:00:00,0.5184463333333333,0.47599113031421403,0.458250400831826,0.8376388846699443
2023-10-22 18:00:00,0.4516796666666666,0.47599113031421403,0.31162330748366707,0.8678695099598435
2023-10-22 19:00:00,0.165124,0.47097315551625485,3.920361472875646,0.7665902841161909
2023-10-22 20:00:00,0.0481356666666666,0.2173151915558571,2.168535957718999,0.493658594864937
2023-10-22 21:00:00,0.4549166666666667,0.2173151915558571,2.5646084216987037,0.493658594864937
2023-10-22 22:00:00,0.0311476666666666,0.19424320707184323,2.090551703250677,0.4510486806365493
2023-10-22 23:00:00,0.0510916666666666,0.09110979416207565,0.5129506569498744,0.3428324325560574
2023-10-23 00:00:00,0.061338,0.027268128351045917,0.3677413185938861,0.0999529163101828
2023-10-23 01:00:00,0.0,0.05805087538892355,0.7440936528247035,0.2922899036341218
2023-10-23 02:00:00,0.0,0.04869236023684388,0.6241366034628779,0.1822724434448482
2023-10-23 03:00:00,0.0,0.043405244952491435,0.5563665845186022,0.1702526854736147
2023-10-23 04:00:00,0.0,0.015992133031937878,0.20498648133157663,0.0763354075673606
2023-10-23 05:00:00,0.0,0.016038325075043408,0.20557856897634602,0.094288555362853
2023-10-23 06:00:00,0.0,0.0160432325257852,0.20564147247132442,0.0763354075673606
2023-10-23 07:00:00,0.0,0.015010423160326572,0.19240296593258732,0.1001079858782713
2023-10-23 08:00:00,0.0,0.015204353014203724,0.194888750555066,0.1035215260768653
2023-10-23 09:00:00,0.0498943333333333,0.013027588226715004,0.3979300420460701,0.0773378888760016
2023-10-23 10:00:00,0.0680966666666666,0.01812347055283108,0.5393976596861323,0.12471799972576
2023-10-23 11:00:00,0.0804053333333333,0.044858691855243424,0.38368118739708246,0.3362659480884695
2023-10-23 12:00:00,0.048144,0.05713321988979654,0.11522343838968972,0.3635976537578902
2023-10-23 13:00:00,0.0581046666666666,0.08975248738609314,0.4056604205412672,0.4001944808297411
2023-10-23 14:00:00,0.0771056666666666,0.2992414491730415,2.847327016532479,0.701505112525948
2023-10-23 15:00:00,0.1572363333333333,0.30007005024132655,1.830836511052467,0.8913788459758233
2023-10-23 16:00:00,0.2496436666666666,0.6975402066326455,5.741118807907284,1.34425089847201
2023-10-23 17:00:00,0.5615193333333334,0.5840326400523537,0.2885746084186551,1.34425089847201
2023-10-23 18:00:00,0.4768043333333333,0.5721185397154032,1.221733445322937,1.3118983623674956
2023-10-23 19:00:00,1.2953226666666666,0.6183329868592539,7.307250232463776,1.3342558050088438
2023-10-23 20:00:00,0.4468236666666666,0.5787596149763539,1.6911493764550256,1.3019032689043293
2023-10-23 21:00:00,0.1589096666666666,0.7063855549380728,7.017522661080304,1.486112634186716
2023-10-23 22:00:00,0.0903343333333333,0.017105019128058403,0.7904181396116442,0.1111542964959111
2023-10-23 23:00:00,0.1830999999999999,0.3306136242375569,1.8908233642464267,0.8776678982371238
2023-10-24 00:00:00,0.9517453333333334,0.7683832384009022,1.9791626826589364,1.3312821930124796
2023-10-24 01:00:00,0.5127346666666666,0.6642614269199819,1.9422635710864045,1.3469259815215238
2023-10-24 02:00:00,0.9367796666666668,0.5829550496401199,3.8190907367364146,0.9615916812838542
2023-10-24 03:00:00,0.3432813333333332,0.3808147773451402,0.48110208968814017,0.9615916812838542
2023-10-24 04:00:00,0.2554556666666667,0.5829550496401199,4.197873168008262,0.9615916812838542
2023-10-24 05:00:00,0.4620629999999999,0.37862086667697803,0.9006526484944041,0.7417878245256359
2023-10-24 06:00:00,0.4406879999999999,0.09018652921401613,3.783221561971781,0.3842519907520788
2023-10-24 07:00:00,0.6553773333333333,0.07164174625884753,6.300689850339886,0.3842519907520788
2023-10-24 08:00:00,0.0937846666666666,0.029361896424714404,0.695362598378728,0.1749309077883237
2023-10-24 09:00:00,0.2290116666666666,0.028602612649710306,2.163163117892502,0.1309057948462312
2023-10-24 10:00:00,0.3630606666666667,0.030662365222326664,3.5878206683899325,0.139313708212141
2023-10-24 11:00:00,0.0387083333333333,0.04623317131264381,0.09645305331618778,0.1669888061288424
2023-10-24 12:00:00,0.0141599999999999,0.08457880056365329,0.90262519191814,0.3883353737044934
2023-10-24 13:00:00,0.0,0.030539331992999616,0.39145185917098707,0.1320615262874619
2023-10-24 14:00:00,0.0,0.0802171011123386,1.028219391797107,0.2102450466851929
2023-10-24 15:00:00,0.0056526666666666,0.07228888583484075,0.8541402243993564,0.1693908749255453
2023-10-24 16:00:00,0.0,0.07829322751255023,1.0035592617844478,0.2102450466851929
2023-10-24 17:00:00,0.0045069999999999,0.0496642096642025,0.5788231937122317,0.1654257907692277
2023-10-24 18:00:00,0.028896,0.4295582296212672,5.135671425975842,0.6136709311850045
2023-10-24 19:00:00,0.0099499999999999,0.5458055576697938,6.8685737574426815,1.172778098446173
2023-10-24 20:00:00,0.00147,0.5630990564993663,7.198937369734204,1.217936047022946
2023-10-24 21:00:00,0.3439093333333333,0.5630990564993663,2.8095645531534754,1.2668959994143767
2023-10-24 22:00:00,0.8293579999999998,0.39602043373314394,4.677332795884812,0.7567051994238219
2023-10-24 23:00:00,0.2023646666666667,0.2236670228553636,0.27305269600197746,0.6253149581024202
2023-10-25 00:00:00,0.3829686666666666,0.2148985937905878,1.8141045805060194,0.7219152252396186
2023-10-25 01:00:00,0.5923416666666667,0.04189653909435319,5.9413613034035775,0.2606653180329421
2023-10-25 02:00:00,0.2099103333333332,0.047044920515277,1.7579268357733375,0.2558201973331743
2023-10-25 03:00:00,0.0223756666666666,0.039021607309916065,0.21336695949811704,0.1457635556888546
2023-10-25 04:00:00,0.0,0.034895154554985264,0.44728460759191074,0.1375253360429048
2023-10-25 05:00:00,0.0,0.0324260010548723,0.4156351029983155,0.1423704567426727
2023-10-25 06:00:00,0.0,0.034832160895520645,0.4464771575429358,0.1539577115389903
2023-10-25 07:00:00,0.0,0.2635997595892944,3.3788105120278162,0.5080869126076434
2023-10-25 08:00:00,0.0,0.1062032302079168,1.3613084897987633,0.3823415750290534
2023-10-25 09:00:00,0.0419783333333333,0.09959675139329727,0.7385504331671108,0.3686710883718831
2023-10-25 10:00:00,0.050885,0.39694659882539934,4.435802861665054,0.6692409640122495
2023-10-25 11:00:00,0.1734693333333333,0.40426859197296083,2.9583750852990973,0.8700712363088544
2023-10-25 12:00:00,0.2659343333333333,0.40190950029136574,1.742923909370654,0.8893737159796969
2023-10-25 13:00:00,0.3604993333333334,1.4580023637835509,14.06774718628455,2.2090969832115275
2023-10-25 14:00:00,1.0444293333333332,1.1868614080156286,1.8256882780784436,2.006820730553976
2023-10-25 15:00:00,1.0764463333333332,1.1550786767954568,1.0079060356092808,2.006820730553976
2023-10-25 16:00:00,0.945193,1.4590804862912932,6.586987952439277,2.2071688239794645
2023-10-25 17:00:00,1.8878976666666665,0.8152111217626363,11.578299106185153,1.4027159780214449
2023-10-25 18:00:00,1.5581776666666665,1.3191345885715706,2.5801687087403655,2.2071688239794645
2023-10-25 19:00:00,1.409625,1.4679403608458952,0.7474838161681259,2.229917330870804
2023-10-25 20:00:00,1.107019,1.4796477792457954,4.776339850846054,2.2524021003966093
2023-10-25 21:00:00,1.2612363333333334,1.5054273099226336,3.130029556657361,2.2750303449170697
2023-10-25 22:00:00,0.4717583333333333,1.5087958164239845,13.292702370794833,2.2761509389690806
2023-10-25 23:00:00,0.443324,1.5065923520509994,13.62892853397851,2.274244781741655
2023-10-26 00:00:00,1.961809666666667,1.4246366914502944,5.798105148574403,2.300997520414525
2023-10-26 01:00:00,2.5057866666666664,1.3638627482406078,12.325629278054167,2.2812544274734123
2023-10-26 02:00:00,2.3392766666666662,1.3670489022837498,10.4939732010624,2.330859808691434
2023-10-26 03:00:00,2.468276333333333,1.3742543808258958,11.808587937492087,2.333621104385796
2023-10-26 04:00:00,2.348898333333333,1.3694535981281284,10.57187130393134,2.325092920463016
2023-10-26 05:00:00,2.3943016666666668,1.2116040197162128,12.765730281252711,2.078041182383962
2023-10-26 06:00:00,2.35011,0.7309161174887453,17.477156930590386,1.5346978795696642
2023-10-26 07:00:00,2.005428,0.5962174876331079,15.210651138748155,0.9541716173263488
2023-10-26 08:00:00,1.8710883333333328,0.4062636589237672,15.810935915068836,0.8993421915212955
2023-10-26 09:00:00,0.8027033333333333,0.35021627160001834,4.884027461065903,0.5749053325477506
2023-10-26 10:00:00,0.388978,0.3970186766902834,0.10306505198364374,0.7601945867554639
2023-10-26 11:00:00,0.2027463333333333,0.40250955417954104,2.560556472294724,0.8716603723326956
2023-10-26 12:00:00,0.4767233333333331,0.3986137744916156,0.8430942288014677,0.740794890126832
2023-10-26 13:00:00,0.78881,0.3892125798063179,4.313150449254805,0.6375363543275614
2023-10-26 14:00:00,0.482743,0.1296403435378756,3.8112980824913647,0.4191979392408705
2023-10-26 15:00:00,0.276769,0.02621501369244931,2.7044144531293464,0.1339324343536246
2023-10-26 16:00:00,0.0087359999999999,0.09033801650817666,1.0459711784642038,0.3908567493446848
2023-10-26 17:00:00,0.0,0.08957704222781113,1.1481947190970807,0.3908567493446848
2023-10-26 18:00:00,0.0,0.025903253527080155,0.3320268024879283,0.1339324343536246
2023-10-26 19:00:00,0.0,0.02621501369244931,0.3360229310338043,0.1339324343536246
2023-10-26 20:00:00,0.0,0.037378178617975946,0.4791119044707948,0.1339324343536246
2023-10-26 21:00:00,0.0,0.39412729683052256,5.051906935282959,0.722604191130808
2023-10-26 22:00:00,0.0377606666666666,0.41175453641302484,4.793837522848325,0.990781756735962
2023-10-26 23:00:00,0.366285,0.40044296693230225,0.4378353679843363,0.7078958125680771
2023-10-27 00:00:00,0.1985096666666666,0.15680008867729694,0.4502023185131725,0.4802122706677184
2023-10-27 01:00:00,0.2554976666666667,0.5046144614699014,3.1931684851128024,0.8348551765449613
2023-10-27 02:00:00,0.117584,0.5268254501270104,5.245639509690994,0.8707916697541697
2023-10-27 03:00:00,0.1577406666666666,0.28291003557202477,1.6044156493171857,0.5945466450108424
2023-10-27 04:00:00,0.0443373333333333,0.5078198839681758,5.94089963005441,0.7953958221946712
2023-10-27 05:00:00,0.091101,0.15825567782691913,0.8607858054459732,0.4783804121115043
2023-10-27 06:00:00,0.111677,0.24092369910056138,1.656678694420208,0.5582161531729909
2023-10-27 07:00:00,0.193333,0.32388675261651567,1.6734324508210867,0.5503862128543803
2023-10-27 08:00:00,0.0658643333333333,0.2079109645637799,1.8207476802989613,0.4645824081153839
2023-10-27 09:00:00,0.0685249999999999,0.20817463797252878,1.7900231226220846,0.5420959174416929
2023-10-27 10:00:00,0.1935493333333333,0.28842124417052706,1.216064119831977,0.5420959174416929
2023-10-27 11:00:00,0.2432466666666666,1.6042843747811526,17.445723480964205,2.149067933675045
2023-10-27 12:00:00,0.6182773333333333,1.3998311565683557,10.01792368011428,2.046912942311842
2023-10-27 13:00:00,2.232953,0.9252766396454796,14.114717953907762,1.5334696010885716
2023-10-27 14:00:00,1.6424576666666668,0.5153156476269274,12.166077307102904,1.108292464182249
2023-10-27 15:00:00,1.4310693333333335,1.4967154453614273,0.8414490731701229,2.1188029757418736
2023-10-27 16:00:00,1.079721333333333,1.3277173899018566,3.178802910066096,2.0175763964780917
2023-10-27 17:00:00,1.4658086666666663,1.3389114954496701,1.3696950064854412,1.9882129205698449
2023-10-27 18:00:00,1.7812610000000002,1.3389114954496701,4.774605309899501,1.9963214261419344
2023-10-27 19:00:00,1.4043446666666666,1.4362713148801511,0.4092344195063403,2.004348058651068
2023-10-27 20:00:00,1.6534813333333331,1.417561279050762,2.546459603327485,1.98124590464024
2023-10-27 21:00:00,1.4761826666666666,1.0205037233084557,4.918479799766477,1.4839693799021745
2023-10-27 22:00:00,1.1605333333333332,0.8955618067628056,2.8600336266271817,1.4761464797207628
2023-10-27 23:00:00,0.9601116666666668,0.9040700351530885,0.6048987704240045,1.4733287764157152
2023-10-28 00:00:00,0.7521273333333334,0.6817430192081629,0.7597099499349319,1.3558261517643149
2023-10-28 01:00:00,0.65015,0.8131260681679295,2.0890203131927536,1.408254020141003
2023-10-28 02:00:00,1.68044,1.402286690464165,3.0023143577971605,2.041459944963179
2023-10-28 03:00:00,1.3928040000000002,1.461797646165245,0.8843576234267737,2.070830158526685
2023-10-28 04:00:00,1.1941153333333332,1.4872139580321202,3.7569257109192655,2.08270108853876
2023-10-28 05:00:00,1.6721043333333334,1.5276422062752737,1.5592865637590179,2.064355492040521
2023-10-28 06:00:00,1.472246666666667,1.472249453849025,3.572598497394288e-05,2.053330874975255
2023-10-28 07:00:00,2.045532333333333,1.4477203495125504,6.452626809594408,2.037997276176825
2023-10-28 08:00:00,1.4872879999999995,1.3938445208896146,1.0086045693426644,1.922562427087407
2023-10-28 09:00:00,0.6806053333333333,1.3073434636993992,8.03350271058262,1.9389773447927612
2023-10-28 10:00:00,0.7553863333333334,1.0977971087911618,4.389006762946584,1.8354570855105743
2023-10-28 11:00:00,1.3413503333333332,0.8681828408811878,5.107246642517257,1.6718956721422726
2023-10-28 12:00:00,1.624307333333333,1.3932386093682372,2.4940956077637497,2.054650115136064
2023-10-28 13:00:00,1.597827,1.162008310226457,4.704113396626274,1.884741323463574
2023-10-28 14:00:00,1.269607,1.4066726535178387,1.7569017197345147,2.0310628966965263
2023-10-28 15:00:00,1.1326379999999998,0.7816572002931812,3.7883953134670665,1.5626857047881295
2023-10-28 16:00:00,1.867508333333333,1.279466431724731,6.347171087527188,1.9125034717088365
2023-10-28 17:00:00,1.2590043333333332,0.7973402860852296,4.983081451896801,1.539857894695723
2023-10-28 18:00:00,1.3744580000000002,0.7064279626095888,7.210542186407519,1.3498530410839438
2023-10-28 19:00:00,0.6220286666666667,0.659061889459968,0.47469027537518504,1.350141484427065
2023-10-28 20:00:00,0.1128836666666666,0.5481158547818017,5.578787684281374,1.2912658900426686
2023-10-28 21:00:00,0.2129853333333333,0.4493859429669089,3.0301729642099016,1.155716268548534
2023-10-28 22:00:00,0.2741673333333333,0.4084373486609875,1.7210673482633903,1.0114942146236174
2023-10-28 23:00:00,0.4251853333333333,0.6842762897113603,3.3210168641480493,1.3555377084211937
2023-10-29 00:00:00,0.5627130000000001,1.1973988760225294,8.135376576525525,1.7178582387334147
2023-10-29 01:00:00,0.2734053333333334,0.7444700559443664,6.0380875881051725,1.3011180983327046
2023-10-29 02:00:00,0.2202036666666667,0.8096690840771236,7.555742660488394,1.5116948263370875
2023-10-29 03:00:00,1.5487489999999997,1.3449893555036334,2.1993285186213942,1.89311248419051
2023-10-29 04:00:00,1.0548306666666665,1.1686563279958766,1.4590124878599202,1.702941657460452
2023-10-29 05:00:00,1.080774,0.6510380553927185,4.638457829996619,1.3177568558591806
2023-10-29 06:00:00,1.074180666666667,0.44391255392551054,6.802949809593082,1.0403712995625398
2023-10-29 07:00:00,0.9955236666666666,0.8357557946223287,1.724492787642414,1.3971168452539289
2023-10-29 08:00:00,0.917581,0.5387174011586804,4.0893549832145935,1.2572146885447453
2023-10-29 09:00:00,1.331535,0.3164311877696297,10.956766091331513,1.0522160500334252
2023-10-29 10:00:00,0.803427,0.48701266057836895,3.415293946506434,1.2654464356194042
2023-10-29 11:00:00,1.4231753333333337,0.33906580699083544,11.701595791882665,0.5535451136669749
2023-10-29 12:00:00,1.398839,0.665431553869906,7.916208904025471,1.3128369069397006
2023-10-29 13:00:00,0.819217,1.298037880211302,6.13750568648874,1.765578827410631
2023-10-29 14:00:00,0.4576490000000001,0.9957087765306419,6.896827341093316,1.5598795448541811
2023-10-29 15:00:00,0.1926066666666666,0.8897230630776811,8.935608332763243,1.497335064110123
2023-10-29 16:00:00,0.7933006666666667,1.4020884796671984,7.8034163057110835,1.888516241244442
2023-10-29 17:00:00,0.7967423333333332,1.4352313945127795,8.184125642182492,1.888516241244442
2023-10-29 18:00:00,1.4945986666666669,1.2635887553023353,2.493460799873134,1.7178582387334147
2023-10-29 19:00:00,1.0775416666666668,1.430672278177879,4.5264131657476385,1.8689524654987728
2023-10-29 20:00:00,0.3993320000000001,1.430672278177879,13.219675840427566,1.8689524654987728
2023-10-29 21:00:00,0.1583903333333333,1.4444069311392664,16.484106078393435,1.8689524654987728
2023-10-29 22:00:00,0.172783,1.4590782438523717,16.487677751570637,1.8687525728335
2023-10-29 23:00:00,0.6139136666666667,1.1261621839480487,6.565979717347545,1.6418082158901346
2023-10-30 00:00:00,1.119733,0.6367790843373372,5.212878745063319,1.133873469998022
2023-10-30 01:00:00,1.4454686666666667,0.6259587042930223,8.845577032673141,1.3442138293354549
2023-10-30 02:00:00,1.037831,1.1924039794222756,1.9813098788905552,1.685575674939574
2023-10-30 03:00:00,0.5616673333333334,0.634335247456568,0.9314542339085329,1.3442138293354549
2023-10-30 04:00:00,0.4462043333333333,1.0776239111564725,8.093509305065522,1.618766504447188
2023-10-30 05:00:00,0.4111026666666666,0.7311792098760771,4.102727523479137,1.3400128382594372
2023-10-30 06:00:00,0.5952896666666667,0.3512202994040989,2.634421164550162,1.0151458173840455
2023-10-30 07:00:00,0.6126146666666666,0.12420375168903824,5.271780173995264,0.4458878276288039
2023-10-30 08:00:00,0.0907213333333333,0.30709124467709265,2.7734203250939227,0.6959229574016723
2023-10-30 09:00:00,0.0635796666666666,0.30725919171537724,3.123473792553367,0.661256511154168
2023-10-30 10:00:00,0.0,0.03982981780029737,0.5105369112835223,0.1582831738743096
2023-10-30 11:00:00,0.0,0.03732219196447077,0.47839426992631995,0.1653500663452532
2023-10-30 12:00:00,0.038742,0.08240421704512971,0.5596604418774132,0.4225044236343718
2023-10-30 13:00:00,0.0320113333333333,0.17395197292220124,1.8193890839432172,0.4698111846435787
2023-10-30 14:00:00,0.153446,0.031298871589872115,1.3184242819234724,0.31855281527268
2023-10-30 15:00:00,0.1938873333333333,0.2725775532279814,1.0086478932608842,0.6378731071597356
2023-10-30 16:00:00,0.2899773333333333,0.27381211357609103,0.1744831706482437,0.6308062146887922
2023-10-30 17:00:00,0.0474776666666666,0.03617480750720096,0.12200011711257738,0.3226107402252053
2023-10-30 18:00:00,0.0265213333333333,0.03101747173553273,0.057631310895551985,0.1512597671502457
2023-10-30 19:00:00,0.0038916666666666,0.029629243540052856,0.3299031661842734,0.1472269004499595
2023-10-30 20:00:00,0.0,0.04614993811181047,0.5915479447499135,0.3114859228017363
2023-10-30 21:00:00,0.024466,0.2500181788650611,2.891118239817234,0.6584758195222861
2023-10-30 22:00:00,0.0258546666666666,0.3799867483283077,4.539249967560447,1.192867290578985
2023-10-30 23:00:00,0.3123926666666667,0.7600747537940228,5.738369960538827,1.5221277537047
2023-10-31 00:00:00,0.5432676666666666,1.2957648255749754,9.645476592057259,1.7970086396743556
2023-10-31 01:00:00,0.8814653333333334,1.297008262509985,5.326411600255205,1.8248890056098368
2023-10-31 02:00:00,1.529953,1.3092729653981592,2.3819628012692164,1.877350568853724
2023-10-31 03:00:00,1.8872186666666664,1.3356483276449986,5.953506542644454,1.900362688731268
2023-10-31 04:00:00,1.707085,1.3193568312821786,4.18503684103728,1.877350568853724
2023-10-31 05:00:00,1.6957210000000005,1.3285209794641686,3.963461357615486,1.90381578816741
2023-10-31 06:00:00,1.829945333333333,1.3122294831013486,5.58809001052135,1.883654728405345
2023-10-31 07:00:00,1.359400333333333,1.3122294831013486,0.5091498683129685,1.8978266967411488
2023-10-31 08:00:00,1.405517,1.3285209794641686,0.8310749864300643,1.9116835969515928
2023-10-31 09:00:00,1.743494,1.3356483276449986,4.4021799342247485,1.918133580284926
2023-10-31 10:00:00,1.207660666666667,1.3400350726205543,1.6967695078982812,1.950414164374306
2023-10-31 11:00:00,1.307897333333333,1.3341656391472134,0.3367060271807059,1.922135690405014
2023-10-31 12:00:00,1.2569536666666663,1.3228383363281844,0.8445068947735808,1.8942553244695328
2023-10-31 13:00:00,1.0588853333333337,1.2094644152867653,1.9301162709270387,1.7783054282844664
2023-10-31 14:00:00,0.9551333333333332,0.8261237597530354,1.3924957272655327,1.620124306079661
2023-10-31 15:00:00,1.026773333333333,0.757413459287212,2.9074003060133204,1.4148312018527585
2023-10-31 16:00:00,0.9560253333333334,0.8050784404245208,1.6292814369214377,1.3090325447459366
2023-10-31 17:00:00,0.9372773333333332,0.8655680256962943,0.7740115847107647,1.3476071947459367
2023-10-31 18:00:00,1.1538413333333333,0.9000864332637128,2.7389642823654947,1.5215335888725008
2023-10-31 19:00:00,0.9991356666666668,1.352487951488207,4.529254564815453,1.7667641901233129
2023-10-31 20:00:00,1.53426,1.159379205104924,4.046365635030843,1.6673066024526104
2023-10-31 21:00:00,1.8879453333333327,1.352487951488207,5.779587480676683,1.7667641901233129
2023-10-31 22:00:00,1.835723333333333,1.2964840553330972,5.8204082825040375,1.7698685478517433
2023-10-31 23:00:00,1.6200506666666667,1.283952150277956,3.627759824508398,1.7901790820016974
2023-11-01 00:00:00,1.16432,1.0201392386945078,1.5562495751280518,1.7020755457037433
2023-11-01 01:00:00,1.3095176666666664,0.8411461891527409,5.055479706746276,1.3374585090557125
2023-11-01 02:00:00,0.463521,0.8678360598496434,5.182493248550795,1.393574538013005
2023-11-01 03:00:00,0.3369716666666666,0.9231723578784174,7.513895538866327,1.4018192644931222
2023-11-01 04:00:00,0.8136129999999999,0.9133192327720877,1.2780302528724488,1.4018192644931222
2023-11-01 05:00:00,0.8946683333333332,0.8561436167740145,0.4158257539668332,1.393574538013005
2023-11-01 06:00:00,0.61127,0.8083162817057685,2.525730861897511,1.2049225834490482
2023-11-01 07:00:00,0.5763746666666667,0.9110386486865654,4.289708693997784,1.3849927244865607
2023-11-01 08:00:00,0.6171836666666667,0.8247090847042723,2.6600519859006213,1.3374585090557125
2023-11-01 09:00:00,0.5499350000000001,0.4675147711555913,0.8896224777818672,0.980676115497764
2023-11-01 10:00:00,0.443701,0.40272338057301715,0.4423017484828045,0.6857457285264194
2023-11-01 11:00:00,0.2437766666666666,0.4147043831731908,2.1909442035493036,0.980676115497764
2023-11-01 12:00:00,0.588877,0.3923117814176822,2.121673759618525,0.6976600859359202
2023-11-01 13:00:00,0.3247186666666666,0.639008441540186,4.0285529729619345,1.0122530946480692
2023-11-01 14:00:00,0.3645063333333333,0.6995690739341416,4.2948199645355025,1.134834273289715
2023-11-01 15:00:00,0.5861116666666667,0.7306065846738318,1.852129716119191,1.3835798139077131
2023-11-01 16:00:00,0.7232759999999999,0.8808086099824315,2.0192462975881833,1.42412494734673
2023-11-01 17:00:00,1.6225846666666666,1.0469903572003794,6.212815020826998,1.734732491247433
2023-11-01 18:00:00,2.064347333333333,1.3980852356199793,7.191459506122295,2.0409777458588247
2023-11-01 19:00:00,1.4326523333333334,0.9468442580769938,5.243685800143267,1.6055286930984891
2023-11-01 20:00:00,1.329964333333333,0.8416308644509751,5.270944241019404,1.3835798139077131
2023-11-01 21:00:00,1.2225579999999998,1.2237570145802419,0.015368917915967159,1.857561947020938
2023-11-01 22:00:00,1.971488,1.2487806150150056,7.800715231637217,1.8767093747741024
2023-11-01 23:00:00,1.989918,1.1767643536009067,8.776968614010297,1.730934893618966
2023-11-02 00:00:00,1.339534,0.750814564168945,6.354484215411102,1.2681970105566114
2023-11-02 01:00:00,0.3893056666666666,0.7528401072123243,4.659769004014316,1.2827742018125152
2023-11-02 02:00:00,0.8449176666666667,1.1963515578421346,4.504664676616557,1.6113075307628204
2023-11-02 03:00:00,1.5761213333333333,1.2888568877624347,3.1006575864992114,1.7257500297180384
2023-11-02 04:00:00,1.9192096666666665,1.2911966730132898,6.778608641669963,1.7319336663381544
2023-11-02 05:00:00,2.3124786666666663,1.292415334057879,11.010297862227056,1.7257500297180384
2023-11-02 06:00:00,2.032521333333333,1.3002709281656701,7.903720105312764,1.742344581722072
2023-11-02 07:00:00,1.1765163333333333,1.3197042051830856,1.835376054039785,1.7523812819073732
2023-11-02 08:00:00,1.3377576666666668,1.2917804272734144,0.49626634388276275,1.7523812819073732
2023-11-02 09:00:00,1.772134,1.2917804272734144,5.184811320860427,1.7523812819073732
2023-11-02 10:00:00,2.014573333333333,1.3023699637051518,7.687337626413292,1.7354287992417088
2023-11-02 11:00:00,2.201899666666667,1.2893960640095958,9.849326158910975,1.7465167420536964
2023-11-02 12:00:00,2.478861,1.2746550173962685,12.997885652878217,1.7439376508577753
2023-11-02 13:00:00,2.444313333333333,1.2595024377695174,12.788540136235484,1.7428576566797034
2023-11-02 14:00:00,2.439333,1.2623191781154333,12.70438055425864,1.7302666802445896
2023-11-02 15:00:00,2.057396,1.2623191781154333,8.581852079628916,1.7581208780584008
2023-11-02 16:00:00,1.0402213333333334,1.2921336028391905,3.2290007610073053,1.7637099604487303
2023-11-02 17:00:00,0.5702003333333333,1.3614830034228804,10.142627625494175,1.757526323828614
2023-11-02 18:00:00,0.8884103333333334,1.1812964427123163,3.7542016985846565,1.6488861102666692
2023-11-02 19:00:00,1.546409666666667,0.7356445548485177,8.751187394011763,1.232848545506641
2023-11-02 20:00:00,1.251011666666667,1.1651640646164507,0.9266166512558297,1.6488861102666692
2023-11-02 21:00:00,1.488321,1.349609168941142,1.4972193668279572,1.744570002403429
2023-11-02 22:00:00,1.323327666666667,1.3499967748801884,0.3418434953000373,1.7442633146750894
2023-11-02 23:00:00,0.6994360000000001,0.9106235667990927,2.7069932530368326,1.220679801512194
2023-11-03 00:00:00,1.1210493333333331,1.3883122286413812,3.4257644299403123,1.4990781304698921
2023-11-03 01:00:00,1.2945643333333336,1.2186872269629148,0.8189977184314695,1.417946325539739
2023-11-03 02:00:00,1.7270833333333335,1.4796459079188211,2.6707751067856624,1.6393565681183728
2023-11-03 03:00:00,1.174064,1.3977193171369282,2.8668043468271014,1.598917261532844
2023-11-03 04:00:00,0.9409493333333336,1.4090531046311745,6.000134240051275,1.6119204950041583
2023-11-03 05:00:00,1.5140336666666665,1.3571610784753458,1.6932418480209608,1.5101119733633064
2023-11-03 06:00:00,2.233311333333333,1.1977880945731902,11.177168061563767,1.4289801684331536
2023-11-03 07:00:00,1.030255666666667,0.7821324522245767,2.6781773348855267,1.0170583208695227
2023-11-03 08:00:00,1.2016356666666668,0.4729837951133905,7.864878470979822,0.9079710803852565
2023-11-03 09:00:00,1.2829946666666667,0.8975664296114026,4.160211977856717,1.1039485843206975
2023-11-03 10:00:00,1.8432373333333327,1.4706858979426967,4.021223135391629,1.680765349965614
2023-11-03 11:00:00,1.272942,1.3698390751544347,1.2420225899547819,1.5652989886274356
2023-11-03 12:00:00,1.0540683333333334,0.913304233519294,1.5193710211081872,1.2576470287577304
2023-11-03 13:00:00,0.8065106666666667,1.1687360855791296,4.642990020370318,1.4541056155586871
2023-11-03 14:00:00,0.9086263333333336,1.2137857416482667,3.9115203225722506,1.5526062927541946
2023-11-03 15:00:00,0.7684580000000001,0.8509493015520527,1.057369996350527,1.3010059714162663
2023-11-03 16:00:00,1.024746333333333,0.8168730447298344,2.2437301214149077,1.1835934647637816
2023-11-03 17:00:00,1.5337273333333334,0.5100550179400851,11.049252282179532,0.9530977833051849
2023-11-03 18:00:00,1.6357313333333334,0.826770739373935,8.7317098983628,1.0931622406112178
2023-11-03 19:00:00,1.4339670000000004,0.8696727854889051,6.090844739815212,1.0626132987897674
2023-11-03 20:00:00,1.2297206666666665,0.818881221044079,4.4344939429283,1.065054960271108
2023-11-03 21:00:00,1.4417983333333333,0.81666012762577,6.747578929531212,1.0303068483241156
2023-11-03 22:00:00,1.3152506666666666,0.7910359966142417,5.658236578571194,1.0805063639921493
2023-11-03 23:00:00,0.7865546666666665,0.7956083349622951,0.11604953531575692,1.0674070293102724
2023-11-04 00:00:00,0.5490733333333334,0.9929639243151085,5.689770724132231,1.1294351579668436
2023-11-04 01:00:00,0.6400313333333335,1.0412894867289322,5.14330995158078,1.180579778085482
2023-11-04 02:00:00,1.0415139999999998,1.0023023876816533,0.42323992783764164,1.1263496612657753
2023-11-04 03:00:00,1.080372,0.9711844686206527,1.1785417678462315,1.1376098622222015
2023-11-04 04:00:00,0.7401253333333334,0.952868109427588,2.7269278596657758,1.1010126821368513
2023-11-04 05:00:00,0.696049,0.9635655326202291,3.4290155422249944,1.1293173232752924
2023-11-04 06:00:00,0.9409606666666664,0.9334838017958336,0.08070333152055763,1.0990910452024931
2023-11-04 07:00:00,1.1248033333333334,0.9640976514161691,1.734615263088668,1.1576720285216637
2023-11-04 08:00:00,0.910142,1.0017606284967255,1.1743636850982915,1.087830844246067
2023-11-04 09:00:00,0.995657,0.8314698977701347,1.7721928069539241,1.0543510535152447
2023-11-04 10:00:00,0.8345126666666667,0.8922221899036158,0.739718215452562,1.0719441185713918
2023-11-04 11:00:00,0.8505746666666668,0.9108473709964187,0.7725729617318698,1.1659645674685726
2023-11-04 12:00:00,1.0343710000000002,0.9108473709964187,1.3332818707191565,1.164424387073106
2023-11-04 13:00:00,1.3034003333333333,1.2666736309313957,0.3964184575760906,1.6903458724928946
2023-11-04 14:00:00,1.9327846666666668,1.3479504637205864,6.312548023843185,1.7210693444013216
2023-11-04 15:00:00,2.3070386666666667,1.3499734803684373,10.330312283416507,1.744700419950333
2023-11-04 16:00:00,2.4116776666666664,1.3655252220785044,11.291896940118896,1.744700419950333
2023-11-04 17:00:00,2.381144,1.3255038092491103,11.394305200423354,1.744700419950333
2023-11-04 18:00:00,1.999466333333333,1.3679907936484081,6.815982461461638,1.744700419950333
2023-11-04 19:00:00,1.2486613333333332,1.4026138496088412,1.9733568086529691,1.7163457147039622
2023-11-04 20:00:00,1.4325983333333334,1.3933711652332603,0.42340783289295886,1.692523591065918
2023-11-04 21:00:00,1.5481253333333334,1.4057441973915101,1.5368248877963946,1.692523591065918
2023-11-04 22:00:00,1.923859,1.3933711652332603,5.7259474841938625,1.692523591065918
2023-11-04 23:00:00,1.897830333333333,1.3844786748049211,5.540984062245271,1.6640194617940118
2023-11-05 00:00:00,1.4533273333333334,1.5251790536429926,0.9209922963048811,1.5974970387754945
2023-11-05 01:00:00,1.3516376666666663,1.6265855946138377,3.524270851595643,1.6372231889459707
2023-11-05 02:00:00,1.465954,1.4844399074890822,0.23695157630569152,1.6072764832923747
2023-11-05 03:00:00,1.5184173333333335,1.575339112879184,0.7296209503093218,1.6577467476159162
2023-11-05 04:00:00,1.913688,1.6087584911075599,3.291329677836768,1.739985040210287
2023-11-05 05:00:00,2.363229,1.616788188461316,8.05688765475443,1.6955547078330129
2023-11-05 06:00:00,2.211387666666667,1.636279858053041,6.20756385736803,1.729904514703579
2023-11-05 07:00:00,2.3606290000000003,1.6276640064076342,7.911433186602296,1.752726597518483
2023-11-05 08:00:00,1.664233666666667,1.6175551342339585,0.5038359182476905,1.7429471530016034
2023-11-05 09:00:00,1.5653979999999998,1.6115710954651916,0.5918447747210689,1.735510338978659
2023-11-05 10:00:00,2.1363363333333334,1.6497582510222677,5.251997055687438,1.7399052693377297
2023-11-05 11:00:00,2.0579560000000003,1.4686812177810562,6.360478479641474,2.131580687466126
2023-11-05 12:00:00,2.3626663333333338,1.6159243685566564,8.060138224347988,1.6717334717200911
2023-11-05 13:00:00,2.287303333333333,1.474604930509372,8.772054833461738,1.8001506937784844
2023-11-05 14:00:00,2.4397916666666664,1.6148440870431082,8.90426925664439,1.914198927154496
2023-11-05 15:00:00,2.5278806666666664,1.5964680396924897,10.053425241154208,1.9151163967954248
2023-11-05 16:00:00,2.522142666666666,1.4728210548719094,11.326104105305951,1.816521869092007
2023-11-05 17:00:00,2.528436,1.46173398816321,11.513703615365827,1.8830375247910196
2023-11-05 18:00:00,2.529540666666666,1.484911092538667,11.275459473114667,1.7895421426389921
2023-11-05 19:00:00,2.529713333333333,1.4962799465594605,11.154610743678461,1.7605575032265115
2023-11-05 20:00:00,2.529749,1.4931772730489827,11.188485169940783,1.7619218045302178
2023-11-05 21:00:00,2.525822333333333,1.634230624053961,9.62360862982114,1.7311074839702492
2023-11-05 22:00:00,2.422914333333334,1.641599199531999,8.43331200369468,1.8709387170205398
2023-11-05 23:00:00,2.457482333333333,1.627210565143509,8.961737160955126,1.730062039708161
2023-11-06 00:00:00,2.344443,1.9061151223959931,4.7311969163671765,1.6861836853223373
2023-11-06 01:00:00,2.4363656666666667,1.9354789338791523,5.406440901197781,1.6781836586790826
2023-11-06 02:00:00,2.160815333333333,1.9354789338791523,2.4322223903952667,1.6703844132832786
2023-11-06 03:00:00,2.1353006666666667,1.8994560664212758,2.545645172107672,1.6695259672035743
2023-11-06 04:00:00,2.213715333333333,1.9372480425256045,2.9841159108926267,1.6605621362652743
2023-11-06 05:00:00,2.384669333333333,1.9164674971501063,5.053648642418181,1.6756330113993694
2023-11-06 06:00:00,2.455436,1.9164674971501063,5.817485606074399,1.6871778775336375
2023-11-06 07:00:00,2.4322890000000004,1.9466856339413545,5.241476222394813,1.6754812818185578
2023-11-06 08:00:00,2.407950333333334,1.68885450084011,7.761733074933512,1.4914009419106566
2023-11-06 09:00:00,2.309953333333333,1.9465364324636587,3.922627349528639,1.6797503817514263
2023-11-06 10:00:00,2.3648096666666665,1.9455624339005233,4.525245406933972,1.6871185781521554
2023-11-06 11:00:00,2.441161333333333,1.937258898728756,5.438991600951493,1.677296301134151
2023-11-06 12:00:00,2.174173333333333,1.6607295311460013,5.54197863689411,1.498079315298929
2023-11-06 13:00:00,1.653188,1.624356751247378,0.3111969878325936,1.4362126611245314
2023-11-06 14:00:00,0.9515566666666664,1.3044831770374619,4.523797006006708,1.392770912245378
2023-11-06 15:00:00,0.8524456666666665,1.310335631603934,5.8692141043398784,1.3831895896168056
2023-11-06 16:00:00,1.5541896666666664,0.9955073970623493,6.030270868532131,1.0319273369205928
2023-11-06 17:00:00,1.1821996666666663,1.5236302613773387,4.376442847799856,1.4446010276217245
2023-11-06 18:00:00,1.500943666666667,1.6880155426239856,2.3978793530547016,1.4908314546742587
2023-11-06 19:00:00,1.4108833333333335,1.6770819161848165,3.412122118119061,1.4848038374624979
2023-11-06 20:00:00,1.3971969999999998,1.661625794737745,3.3894370493159793,1.4860649896674318
2023-11-06 21:00:00,1.1190866666666668,1.5643266718779347,5.707067458358371,1.4998199858851418
2023-11-06 22:00:00,1.1785173333333332,1.4017044057982995,2.860802406528328,1.4678793814887072
2023-11-06 23:00:00,1.4658533333333337,1.4261358084990392,0.4287006157329405,1.4733967089170699
2023-11-07 00:00:00,1.5872453333333334,1.2579192810382023,3.5546596114649143,1.3943219630408639
2023-11-07 01:00:00,0.9047093333333333,1.4123034775693553,6.506320161522973,1.309807714369635
2023-11-07 02:00:00,0.6811306666666667,1.0794307371675782,5.105393370793335,1.1071154200076216
2023-11-07 03:00:00,0.85357,1.0387549571752774,2.3736929083248683,1.127172487027752
2023-11-07 04:00:00,0.7799336666666666,1.073830239981579,3.767153782357657,1.1959977292085164
2023-11-07 05:00:00,0.2591783333333333,1.0098923894632983,9.622620856449302,0.8757856085205076
2023-11-07 06:00:00,0.4505036666666666,1.0037925804702048,7.092033775222653,0.8201316764708158
2023-11-07 07:00:00,0.4738553333333333,0.9368489548763659,5.93463255774138,0.7939653124276034
2023-11-07 08:00:00,0.9724653333333332,1.0075081591640147,0.4491774517258526,0.8904932030510344
2023-11-07 09:00:00,1.1359906666666666,0.8942490625519105,2.6092958955685037,0.7196494133189242
2023-11-07 10:00:00,1.384977,1.4726824812187806,1.1242051296487978,1.3938625260864994
2023-11-07 11:00:00,1.0481326666666666,1.270960069855402,2.856192181036181,1.342849344067947
2023-11-07 12:00:00,1.2171800000000002,1.3075434811115678,1.1582752592752816,1.4073065257190456
2023-11-07 13:00:00,1.117554666666667,1.2282914678233408,1.419419609484725,1.3484271543211825
2023-11-07 14:00:00,1.2568836666666665,1.5691643822297563,4.002800936131767,1.376868619241433
2023-11-07 15:00:00,1.117803,1.141538136989106,0.30423597687707565,1.3438472838020807
2023-11-07 16:00:00,1.157019,1.2795715864226915,1.5708738427013524,1.3490659596432792
2023-11-07 17:00:00,1.2772193333333337,1.3448242118120048,0.8665564582607994,1.4344302959075712
2023-11-07 18:00:00,1.7488060000000003,1.4403425150060651,3.3294744951942747,1.4261332430926918
2023-11-07 19:00:00,2.252159333333333,1.3387920072601862,9.85864896444429,1.4213273063441005
2023-11-07 20:00:00,2.092708,1.2748611461886892,8.827625872129332,1.4213273063441005
2023-11-07 21:00:00,1.852307333333333,1.2743806185750097,6.2379903959040295,1.4213273063441005
2023-11-07 22:00:00,1.794220666666667,1.4095541809796395,4.151989832041717,1.4181092226374878
2023-11-07 23:00:00,1.5476306666666668,1.566608827550661,0.2432612593945601,1.3833812090299946
2023-11-08 00:00:00,1.3628643333333337,1.6816491693172275,4.086170475176673,1.5200600297283349
2023-11-08 01:00:00,1.64626,1.4930415083486623,1.6538004819445513,1.505051108565444
2023-11-08 02:00:00,2.082273333333333,1.4627917103561436,6.6865232492094195,1.433718232937904
2023-11-08 03:00:00,1.858331,1.6353195047565796,2.407127980035323,1.4515010454849189
2023-11-08 04:00:00,1.8879076666666668,1.7132076938128045,1.8856659936248303,1.4996368102823503
2023-11-08 05:00:00,1.9344276666666664,1.6964004726437558,2.569203520726357,1.5310290176800347
2023-11-08 06:00:00,1.9526443333333328,1.7000664376215893,2.7262600039632687,1.5602667240189423
2023-11-08 07:00:00,2.210183,1.7000664376215893,5.506065277219086,1.5384680555340629
2023-11-08 08:00:00,1.9168326666666669,1.7878235256734842,1.3924910580329108,1.6952782144173302
2023-11-08 09:00:00,1.5679853333333331,2.1441322849068913,7.38502713159751,1.7453272518074554
2023-11-08 10:00:00,1.5503663333333333,2.1589851283900696,7.801249840892955,1.738307106438865
2023-11-08 11:00:00,1.7239319999999998,2.160520533524812,5.596173262080449,1.749372856170964
2023-11-08 12:00:00,1.9998323333333328,1.7076377489947392,3.1538722199432048,1.5196971280975355
2023-11-08 13:00:00,1.6969439999999996,1.7570950999919992,0.7710142425003139,1.5047561860557734
2023-11-08 14:00:00,1.3818369999999998,1.543980853366484,2.078353019247685,1.4853868260512957
2023-11-08 15:00:00,0.8403866666666667,1.0624388495759605,2.846255440451153,0.9009127661787313
2023-11-08 16:00:00,0.7371060000000001,0.9789945632593418,3.1005173204761975,0.8417925620764382
2023-11-08 17:00:00,0.7195276666666668,0.9961242064354701,3.5454026878380667,0.9874539506002479
2023-11-08 18:00:00,0.5547280000000001,1.0492671896495092,6.338982308636908,1.080288235692092
2023-11-08 19:00:00,0.8397096666666667,0.977524987033182,1.7665109175303468,0.9871492429719323
2023-11-08 20:00:00,0.8693026666666666,0.9919981204688774,1.5727051106983254,0.848862389131772
2023-11-08 21:00:00,0.5970733333333333,0.9689553918325816,4.766768416062071,0.8716763169374553
2023-11-08 22:00:00,0.7210793333333335,0.9781395467430818,3.294986887113406,0.8904341892613334
2023-11-08 23:00:00,1.0119713333333331,1.0135587850449983,0.020347888552963333,1.1882313212409334
2023-11-09 00:00:00,1.002985,0.9285369509701846,0.8035728457992904,0.9281267461136178
2023-11-09 01:00:00,1.07889,0.9285369509701846,1.6228716408015254,0.8939799973752225
2023-11-09 02:00:00,0.7665013333333333,1.2031699173846844,5.597199346326447,1.2108360840081493
2023-11-09 03:00:00,1.2608176666666666,0.9337668984207299,3.53010078820172,0.9315572701062675
2023-11-09 04:00:00,1.2262646666666668,0.8556975301643279,3.999805130146833,0.8547782462784219
2023-11-09 05:00:00,1.2678963333333333,0.9646879380890923,3.272752425507785,0.9281267461136178
2023-11-09 06:00:00,1.451018666666667,0.8892910779581167,6.063141249567576,0.8547782462784219
2023-11-09 07:00:00,1.1931226666666666,0.8009566130616217,4.232938214338918,0.7211282074701872
2023-11-09 08:00:00,0.6026316666666667,0.9509841516763123,4.46516734338253,0.8751174088047926
2023-11-09 09:00:00,0.7223010000000001,1.2960563885457952,7.3543721783799,1.2885267973865857
2023-11-09 10:00:00,1.3432809999999995,1.6768652146591574,4.27586828187184,1.3620314121262957
2023-11-09 11:00:00,1.3119906666666667,1.665366884588221,4.529561338273966,1.3620314121262957
2023-11-09 12:00:00,0.85764,1.665366884588221,10.353408867847085,1.365851134322103
2023-11-09 13:00:00,1.7484833333333332,1.51639902770893,2.505057531611938,1.4186749176369333
2023-11-09 14:00:00,1.2092973333333332,1.516819199218768,3.941802203276042,1.4186749176369333
2023-11-09 15:00:00,2.2052796666666667,1.6735195308405508,5.7396803703650905,1.3620314121262957
2023-11-09 16:00:00,2.2554043333333333,1.7027061690789411,5.965679994382077,1.3688233743695735
2023-11-09 17:00:00,2.083064,1.9037774541962493,1.9351722671382119,1.5483337444790735
2023-11-09 18:00:00,2.285892333333333,1.7318817386060281,5.979846026988381,1.3688233743695735
2023-11-09 19:00:00,2.4315113333333334,1.4503630780133236,10.590258656244387,1.3851245367300682
2023-11-09 20:00:00,2.307574333333333,1.4417709741844138,9.345255896971187,1.3816940127374178
2023-11-09 21:00:00,2.334179,1.2884247682481658,11.28759873450717,1.3064310064297056
2023-11-09 22:00:00,1.175809,1.5586905225371797,4.907759078481262,1.390615640730923
2023-11-09 23:00:00,1.876635,1.6569704516014063,2.371001907748873,1.3620314121262957
2023-11-10 00:00:00,1.1658770000000005,1.552936893445907,4.961317259154697,1.4960709049233434
2023-11-10 01:00:00,1.2521823333333335,0.9725992625492844,3.017746828224706,0.8434397265313145
2023-11-10 02:00:00,1.231542,1.4374845129829896,2.639762376204424,1.408433211511805
2023-11-10 03:00:00,1.0492959999999998,1.2781816519324978,2.9338465558800637,1.3727050914266012
2023-11-10 04:00:00,0.6422490000000001,1.1725359971647333,6.7971961856244185,1.3727050914266012
2023-11-10 05:00:00,0.6948336666666668,1.059962379651005,4.680204320356192,0.8557310796732567
2023-11-10 06:00:00,0.6932503333333334,1.071768616567402,4.851831262587902,0.9011000302849332
2023-11-10 07:00:00,0.8827139999999999,1.4976588493602927,7.8823369360170865,1.4207245646537485
2023-11-10 08:00:00,0.8127199999999999,1.6967537824118168,11.331507440123133,1.5161505653957281
2023-11-10 09:00:00,1.3150523333333333,1.2648337334809552,0.5420464837066443,1.4141361822312661
2023-11-10 10:00:00,0.7585353333333332,1.4755519114207827,9.190688015477537,1.4669346903144866
2023-11-10 11:00:00,0.8255796666666666,1.3050013466966528,6.145206713022897,1.4084780269464603
2023-11-10 12:00:00,0.9626486666666666,1.2822871749071936,4.097112809870121,1.4228906807328343
2023-11-10 13:00:00,0.8682926666666667,1.5537153394634027,8.785718680609413,1.4541099683282415
2023-11-10 14:00:00,0.9648393333333332,1.3161234874916539,4.5027453538965165,1.4084780269464603
2023-11-10 15:00:00,0.4159826666666668,1.0890968809541255,8.627949382705648,1.188138680198169
2023-11-10 16:00:00,0.9515226666666668,0.8807033909407246,0.7644048121361651,0.9278786757347854
2023-11-10 17:00:00,0.9324946666666666,0.9712293497119411,0.49649952055098323,0.8760917411786928
2023-11-10 18:00:00,0.8977813333333332,1.1348016803201268,3.0381167312566237,1.4053571060739811
2023-11-10 19:00:00,1.0535286666666666,1.002447598922396,0.5513557374390154,0.8969625896627988
2023-11-10 20:00:00,1.2899326666666666,0.9716490624264837,3.4354703039714174,0.8224598976938888
2023-11-10 21:00:00,0.7296706666666666,0.575507137039725,1.6640009756490977,0.9783073137952365
2023-11-10 22:00:00,0.4005833333333333,0.5649684518856224,2.1070814611166697,0.9751315868473516
2023-11-10 23:00:00,0.636883,0.8209711308926829,2.3596338356638284,0.8751660454153505
2023-11-11 00:00:00,0.9947366666666666,0.9036649136293937,0.9830047759986682,0.7018682540872961
2023-11-11 01:00:00,1.2930846666666669,0.9696058784127497,3.4915457667507783,0.7729036346488883
2023-11-11 02:00:00,0.5730316666666667,0.7045234299561541,1.6854558317496935,0.9465262721774055
2023-11-11 03:00:00,0.4542196666666666,0.4594635802245441,0.06721626105095019,0.5308567007573244
2023-11-11 04:00:00,0.062697,0.31197964034979614,3.195294286278053,0.6906628481912938
2023-11-11 05:00:00,0.0163083333333333,1.114834329421472,14.080859516342196,0.9763906913234929
2023-11-11 06:00:00,1.392916,2.1901011337537546,10.218285153811195,1.7844829458582718
2023-11-11 07:00:00,1.7388896666666669,2.180980126634135,5.666696721319618,1.7454444426276097
2023-11-11 08:00:00,1.9624413333333328,2.152207095861568,2.432409476595807,1.7454444426276097
2023-11-11 09:00:00,1.367141666666667,1.9973977036732218,8.078595088344027,1.7097686884384946
2023-11-11 10:00:00,1.216379,2.142235002248034,11.867582876000304,1.7308342678380129
2023-11-11 11:00:00,1.461243333333333,2.107787812739794,8.287379650557256,1.7214547594117358
2023-11-11 12:00:00,1.7342913333333332,1.986971937612006,3.238849243461126,1.7214547594117358
2023-11-11 13:00:00,1.7533513333333333,1.968727294290126,2.7606799112894884,1.6669801274891238
2023-11-11 14:00:00,0.8591006666666667,1.369167279452527,6.538012158283014,1.5127517578097747
2023-11-11 15:00:00,1.00226,1.1881567159601605,2.382816202170577,1.313549231714192
2023-11-11 16:00:00,0.7828339999999999,1.4732567961207055,8.84981004880636,1.4752394211759032
2023-11-11 17:00:00,1.0850236666666666,1.2823835176027016,2.5297501789603323,1.4316262499023835
2023-11-11 18:00:00,1.3981800000000002,1.0397338389080228,3.86897447936018,0.8979755249969729
2023-11-11 19:00:00,1.1737563333333332,1.0909535983990797,0.8937511488640202,0.9732283956202499
2023-11-11 20:00:00,1.123868,1.0874555568876096,0.3930264246764899,1.010502540367234
2023-11-11 21:00:00,0.5606026666666667,1.0828211194917314,6.693773927295691,1.010502540367234
2023-11-11 22:00:00,0.66562,1.0828780784358036,5.348396310543063,0.9573674407937318
2023-11-11 23:00:00,0.5564920000000001,1.07458634604596,6.640911301928825,0.9404749151692138
2023-11-12 00:00:00,0.1998776666666666,1.0258000100704714,10.586637485403687,0.7915903385058342
2023-11-12 01:00:00,0.4523376666666666,0.6612459851430585,2.6777779449338897,1.057635203680516
2023-11-12 02:00:00,0.2060436666666666,0.5522052903980956,4.437084976658195,0.6245241292074576
2023-11-12 03:00:00,0.4249816666666666,0.5310064389057803,1.3590210231414088,0.5038956787664841
2023-11-12 04:00:00,0.2355666666666666,0.41041241540968465,2.241165374189806,0.6225937929828018
2023-11-12 05:00:00,0.0645986666666666,0.2433582709198024,2.291333007729184,0.6477410209570473
2023-11-12 06:00:00,0.0315376666666666,0.23153904778704304,2.5636092005641364,0.6353408890605309
2023-11-12 07:00:00,0.0,0.2291284250610731,2.9369584115211516,0.6158054704189089
2023-11-12 08:00:00,0.0,0.22356223710041231,2.865611250876142,0.6159091058991609
2023-11-12 09:00:00,0.0,0.20479824036557043,2.6250951384406807,0.6114867576751574
2023-11-12 10:00:00,0.0133546666666666,0.20479824036557043,2.453915588852832,0.6111159521310953
2023-11-12 11:00:00,0.0,0.21804495093421664,2.7948909113536295,0.6979962820442239
2023-11-12 12:00:00,0.0,0.2086932568589155,2.675021294263967,0.6266524348176171
2023-11-12 13:00:00,0.0,0.20464082601528255,2.6230774079908294,0.6286895592100433
2023-11-12 14:00:00,0.0,0.19785692734826496,2.5361216832801405,0.6280055099376389
2023-11-12 15:00:00,0.0,0.20412197575956104,2.6164268074708152,0.6382037865526532
2023-11-12 16:00:00,0.0,0.23425907021924092,3.0027228030399904,0.6440109162684321
2023-11-12 17:00:00,0.0253356666666666,0.23600660157435868,2.700371087416375,0.6440109162684321
2023-11-12 18:00:00,0.0302153333333333,0.23661631069082392,2.6456389530661313,0.65905380792739
2023-11-12 19:00:00,0.0902826666666666,0.4156722545570087,4.170829904326431,0.6113119099471257
2023-11-12 20:00:00,0.0681296666666666,0.23589660939767484,2.15042953966837,0.64140653480107
2023-11-12 21:00:00,0.2539216666666666,0.23974119427154947,0.1530603246937875,0.6236233822626367
2023-11-12 22:00:00,0.5123093333333333,0.5253609630755222,0.16729523517286876,0.4916885134849234
2023-11-12 23:00:00,0.5237893333333333,0.5253609630755222,0.020145083220853018,0.4916885134849234
2023-11-13 00:00:00,0.0774066666666666,0.22599661443700514,1.9046196335319958,0.6571534405494669
2023-11-13 01:00:00,0.054584,0.20973021198530667,1.9886575495137135,0.6579774327579766
2023-11-13 02:00:00,0.2980063333333333,0.4142292956588612,1.489740990114526,0.6696771477452579
2023-11-13 03:00:00,0.24517,0.30644602301682033,0.7854334580087361,0.6414366166861387
2023-11-13 04:00:00,0.1961656666666666,0.17715079056879252,0.20524161878802527,0.6077522319852601
2023-11-13 05:00:00,0.103215,0.3083537843730902,2.6294602170515584,0.6338177236310931
2023-11-13 06:00:00,0.0430186666666666,0.20392969081326046,2.0625506667182636,0.5858006360538927
2023-11-13 07:00:00,0.0332646666666666,0.1834540502796705,1.925121134166639,0.6329431507272855
2023-11-13 08:00:00,0.0372136666666666,0.31209586918627985,3.523428385859381,0.6517708636149665
2023-11-13 09:00:00,0.0010403333333333,0.5776308916448913,7.3907132639061865,0.9747319357411766
2023-11-13 10:00:00,0.0917713333333333,0.3201628347907622,2.927512556098393,0.6671919462931735
2023-11-13 11:00:00,0.1821553333333333,0.42503069616598166,3.113166075455141,0.6716993039053929
2023-11-13 12:00:00,0.3527406666666666,0.8760493184107683,6.707748050692399,0.8470971351810519
2023-11-13 13:00:00,0.7354493333333334,0.4276328892644585,3.322490504018212,0.6957177895860887
2023-11-13 14:00:00,0.9482483333333332,0.5386642501193166,4.420943888140958,0.8939067001001331
2023-11-13 15:00:00,1.6785763333333332,1.2529338813865682,4.594273736667963,1.3831444788975789
2023-11-13 16:00:00,2.0704523333333333,1.7029711583682559,3.966496065277569,1.5545736037999573
2023-11-13 17:00:00,2.48162,1.7096642810855553,8.332288917748361,1.6516352914477106
2023-11-13 18:00:00,2.5182976666666668,1.7096642810855553,8.728178096372876,1.7191872642491313
2023-11-13 19:00:00,2.527915666666667,1.7097065030229137,8.831536550070673,1.7384649758131232
2023-11-13 20:00:00,2.529179,1.7072954064617145,8.871197389078782,1.7362475512615392
2023-11-13 21:00:00,2.043254333333333,1.702442450133173,3.6786346779307557,1.6546274413436515
2023-11-13 22:00:00,2.361971666666667,1.698679174717824,7.159406355150745,1.7358437789409016
2023-11-13 23:00:00,2.5128890000000004,1.6978288843230387,8.797546546716525,1.6490811827912206
2023-11-14 00:00:00,2.404863,2.0440626105067032,3.8943854073933952,1.6618193226656968
2023-11-14 01:00:00,2.423173666666667,2.045639081922002,4.075009951294033,1.6618193226656968
2023-11-14 02:00:00,2.491502,2.058451235438861,4.674237132991743,1.6618193226656968
2023-11-14 03:00:00,2.455734,2.1510304471390067,3.2888907673000727,1.7272591398725048
2023-11-14 04:00:00,1.991071,2.276486007026875,3.6584374262534936,1.7320840994878135
2023-11-14 05:00:00,2.3970783333333334,2.251516526343232,1.5711562224535671,1.7320840994878135
2023-11-14 06:00:00,2.5168546666666667,2.1641624855634287,3.806867518405814,1.7255742715168845
2023-11-14 07:00:00,2.529077666666667,2.1510304471390067,4.0805431975885345,1.7272591398725048
2023-11-14 08:00:00,2.529943333333333,2.276486007026875,2.7357523486907303,1.7320840994878135
2023-11-14 09:00:00,2.5299146666666665,1.995737554711655,5.765768581022536,1.6975221781146292
2023-11-14 10:00:00,2.526691333333333,2.2710338950404276,2.75949978429268,1.6861224571263889
2023-11-14 11:00:00,2.5063453333333325,2.259163425852032,2.6680171127828713,1.6861224571263889
2023-11-14 12:00:00,2.4615416666666663,2.259163425852032,2.1844180071682016,1.703638325062355
2023-11-14 13:00:00,2.4746706666666665,2.0241818377773537,4.862459056333344,1.6878502947511356
2023-11-14 14:00:00,2.37101,1.7571587691301702,6.625750263649181,1.5724990676789938
2023-11-14 15:00:00,2.301391666666667,2.0333916905304106,2.892721922258914,1.6882777044450161
2023-11-14 16:00:00,2.0094026666666664,1.913397669233287,1.0362529307866482,1.5467119245941596
2023-11-14 17:00:00,1.723647333333333,1.671240513985695,0.5656655548569897,1.5464680955935548
2023-11-14 18:00:00,1.9586303333333333,2.0523313551444256,1.2010557140732856,1.662246732359577
2023-11-14 19:00:00,2.260739666666667,2.02194110638424,2.5775294471729278,1.662246732359577
2023-11-14 20:00:00,2.2799746666666665,1.9001757367256658,4.099450703429294,1.682094857955712
2023-11-14 21:00:00,2.4943616666666664,2.0097542401689084,5.230726310239745,1.6734644598057886
2023-11-14 22:00:00,2.357834333333334,2.2914649135884995,0.7163742259658836,1.7317062253311102
2023-11-14 23:00:00,2.522002,2.2645680096349374,2.7786754245268837,1.6809363252055594
2023-11-15 00:00:00,2.5229436666666665,2.2254986494989986,3.2105440240417598,1.4690343202277814
2023-11-15 01:00:00,2.4759873333333338,2.2254986494989986,2.7037095952462544,1.46908496295922
2023-11-15 02:00:00,2.376193,2.190874291946513,2.0002818549449066,1.47388510996401
2023-11-15 03:00:00,2.29597,2.242179448293091,0.580601201448867,1.4748586297155626
2023-11-15 04:00:00,2.381697333333333,2.2254986494989986,1.6859678999592302,1.4733226876213528
2023-11-15 05:00:00,2.401772666666666,2.09252348662702,3.337955082826055,1.4024073610538816
2023-11-15 06:00:00,2.5070106666666665,2.091694870386183,4.482810505737359,1.3992005301866395
2023-11-15 07:00:00,2.492249333333333,1.9690047417767658,5.647765804014661,1.3890543309082735
2023-11-15 08:00:00,2.336805333333334,1.7820138915885724,5.988274286266206,1.2801097234973873
2023-11-15 09:00:00,2.181423333333333,1.6386317235484855,5.8587512263230295,1.3531830609675406
2023-11-15 10:00:00,2.4527,2.1033843233241405,3.7704224092737304,1.4493711338688144
2023-11-15 11:00:00,2.508421333333333,1.9556042066081043,5.966964044299829,1.3782216654850452
2023-11-15 12:00:00,2.503708,1.9556042066081043,5.916089552231536,1.3994776527490367
2023-11-15 13:00:00,2.2712133333333333,1.5943520810194687,7.305864019556733,1.3230472195787548
2023-11-15 14:00:00,2.162005000000001,1.894026175945311,2.8924936122010916,1.327490932058605
2023-11-15 15:00:00,2.1239786666666665,1.6091202663888655,5.557247440147306,1.3531830609675406
2023-11-15 16:00:00,1.6585506666666665,1.609866458839762,0.5254846559280852,1.3230432302349786
2023-11-15 17:00:00,1.5689556666666664,1.3189068270981785,2.698962030830243,1.1767419578651794
2023-11-15 18:00:00,1.471528,1.5093660084017686,0.4850059830907564,1.3754107088309184
2023-11-15 19:00:00,1.944838,1.3698339188705644,6.206444249927076,1.1717142484080108
2023-11-15 20:00:00,1.595022333333333,1.3698339188705644,2.4306250789514596,1.1563217897582367
2023-11-15 21:00:00,1.6622889999999997,1.3402107427618428,3.476428799837193,1.143310478866204
2023-11-15 22:00:00,1.6407096666666667,1.4024159444160904,2.572080356979049,1.406616814504754
2023-11-15 23:00:00,0.9409126666666668,1.364695934925301,5.432035916287423,1.1990958623044627
2023-11-16 00:00:00,1.034298,1.472040370067711,5.610963089834401,1.177503583644894
2023-11-16 01:00:00,1.3220466666666668,1.411253058438273,1.1434437373068678,1.1400213677597764
2023-11-16 02:00:00,1.041241,1.3727462806769335,4.24922059446918,1.1478083750664456
2023-11-16 03:00:00,1.209231,1.314360132540789,1.3475407515645164,1.0001222027157601
2023-11-16 04:00:00,0.5885386666666667,1.1479101207161204,7.169999517508431,0.9263312150053947
2023-11-16 05:00:00,0.8542466666666668,1.1051690202095974,3.2163120602787023,0.9350007342471118
2023-11-16 06:00:00,0.7873386666666665,0.8508244942448551,0.8137586389311742,0.9419713841361401
2023-11-16 07:00:00,0.787131,0.6809168443565606,1.1464479247855852,0.7863672724396478
2023-11-16 08:00:00,0.736718,0.549101142203829,2.0250874845465883,0.7939014453169738
2023-11-16 09:00:00,0.6407679999999999,0.2915460074556252,3.7694112071653523,0.9185869647428585
2023-11-16 10:00:00,0.1347716666666666,0.2915655999438951,2.0097779709841723,0.9262537805761919
2023-11-16 11:00:00,0.084898,0.30663592922916877,2.8422273501391433,0.9115436928048182
2023-11-16 12:00:00,0.0,0.2886746380197376,3.700219237743672,0.9262157937930517
2023-11-16 13:00:00,0.0,0.28680190780680004,3.6762146614894133,0.934888742993316
2023-11-16 14:00:00,0.0,0.25524654524412793,3.271739365670761,0.9353275429125683
2023-11-16 15:00:00,0.0581213333333333,0.25715382454893193,2.551190010955005,0.9353655296957083
2023-11-16 16:00:00,0.0441383333333333,0.28515546892636967,3.089347397696406,0.8623298868317281
2023-11-16 17:00:00,0.0,0.4716013430540524,6.044965966130508,0.8040715002742023
2023-11-16 18:00:00,0.0,0.6350121302014402,8.139558488720798,0.7897611493041012
2023-11-16 19:00:00,0.0,0.6350121302014402,8.139558488720798,0.7642631707779439
2023-11-16 20:00:00,0.0,0.8122403889631785,10.411262775043172,0.9409704494971443
2023-11-16 21:00:00,0.1055393333333333,0.6474652459957204,6.946383309669404,0.765418753145799
2023-11-16 22:00:00,0.3537606666666666,0.8307133446769079,6.1135591500982205,1.0461377888327366
2023-11-16 23:00:00,0.7358373333333333,1.040392820521574,3.90377928724474,0.8953774854737426
2023-11-17 00:00:00,0.7102306666666667,0.6941124214388271,0.1739761398158157,0.711041342447027
2023-11-17 01:00:00,0.8013186666666665,0.5467649276170428,2.7475867421997284,1.0106508735606363
2023-11-17 02:00:00,0.4365113333333333,0.4256833184207861,0.11687477201918405,0.6440740431662323
2023-11-17 03:00:00,0.3799580000000001,0.4241432310834491,0.5663644135857514,0.6829547373780239
2023-11-17 04:00:00,1.0262943333333332,0.42263249510393086,6.515768614059471,0.6829547373780239
2023-11-17 05:00:00,0.8118976666666667,0.4346773717784848,4.07161758846289,0.6829547373780239
2023-11-17 06:00:00,0.954751,0.44456471262889435,5.506817870625273,0.9225215330726046
2023-11-17 07:00:00,1.2139233333333337,0.6060844811725369,6.560854214226772,1.0726035689769753
2023-11-17 08:00:00,0.8305730000000002,0.4228628542329097,4.40071709554263,0.6843531486543852
2023-11-17 09:00:00,0.1873706666666666,0.3153210164214395,1.6400621436174492,0.6473412945607032
2023-11-17 10:00:00,0.0453273333333333,0.42591367754976495,4.8783395803405805,0.6327627222729648
2023-11-17 11:00:00,0.228131,0.42437359021242793,2.5154291785031195,0.6327627222729648
2023-11-17 12:00:00,0.3591876666666667,0.41694223853371504,0.7402956468780265,0.5938820280611732
2023-11-17 13:00:00,0.456154,0.262854423272274,2.0864252722148504,0.5560255606931657
2023-11-17 14:00:00,0.3774316666666666,0.2707831495983285,1.1511363088448037,0.5535259586505835
2023-11-17 15:00:00,0.2338746666666666,0.16657858504146036,0.7263763728858914,0.6267481319387227
2023-11-17 16:00:00,0.0942886666666666,0.29066769126838843,2.5171779887048684,0.6150942703834121
2023-11-17 17:00:00,0.0653326666666666,0.2785428040375945,2.732918476641295,0.6352838347788435
2023-11-17 18:00:00,0.0,0.1457800060387397,1.8686019198751074,0.6958816275313601
2023-11-17 19:00:00,0.0,0.14183635885259652,1.8180524178989659,0.6939126351671362
2023-11-17 20:00:00,0.0,0.14470670605792,1.854844406350045,0.694097392957431
2023-11-17 21:00:00,0.0,0.14872494385021182,1.906350007544738,0.6471291287102586
2023-11-17 22:00:00,0.0,0.17080726007959615,2.1894001981898907,0.6800089296542609
2023-11-17 23:00:00,0.0,0.17080726007959615,2.1894001981898907,0.6862651745172395
2023-11-18 00:00:00,0.0,0.17932785503353166,2.2986168220743144,0.820889874598979
2023-11-18 01:00:00,0.0,0.2314879663744805,2.967202911765486,0.7119759468598779
2023-11-18 02:00:00,0.0128763333333333,0.3708651965449862,4.588686029505565,0.728287453966444
2023-11-18 03:00:00,0.0802943333333333,0.21179773615950295,1.685605026836056,0.8019729425338337
2023-11-18 04:00:00,0.3446783333333333,0.21118786545111168,1.4408613329845055,0.8019729425338337
2023-11-18 05:00:00,0.1304499999999999,0.18531685630456202,0.703281031563214,0.8243635106222922
2023-11-18 06:00:00,0.011903,0.189355030275432,2.274572580071726,0.8243635106222922
2023-11-18 07:00:00,0.0,0.16298197250830054,2.089095994776619,0.8013250810226821
2023-11-18 08:00:00,0.0008439999999999,0.1254240171666825,1.5968613637858886,0.8014488768461099
2023-11-18 09:00:00,0.01262,0.09094713889328196,1.0039939364209962,0.8009742571089918
2023-11-18 10:00:00,0.1783146666666666,0.06637857715863989,1.208208988224606,0.8011070999967144
2023-11-18 11:00:00,0.163902,0.06296965475429678,1.0894374393854729,0.8011070999967144
2023-11-18 12:00:00,0.0,0.05918682014550687,0.7586541444222934,0.7834518008104276
2023-11-18 13:00:00,0.0,0.05607767473722225,0.7188012507576599,0.7834518008104276
2023-11-18 14:00:00,0.0264426666666666,0.050755356071628954,0.311639019190101,0.7877168611382371
2023-11-18 15:00:00,0.08931,0.21178891194487873,1.5699294863768631,0.7423787797702395
2023-11-18 16:00:00,0.198466,0.44596021932229557,3.172370381578498,0.855406663577164
2023-11-18 17:00:00,0.3080153333333333,0.8658722932648286,7.150586796289962,1.0418437782702032
2023-11-18 18:00:00,0.648025,1.0612269013333933,5.296404404884181,1.4199030849680692
2023-11-18 19:00:00,1.4132280000000002,0.9709937534002171,4.773361245608642,1.1531854054395616
2023-11-18 20:00:00,1.515618333333333,1.3126160351620748,2.191153919694309,1.4128594470358005
2023-11-18 21:00:00,1.9775216666666664,1.3170898154977353,7.128529343835075,1.4485814326045088
2023-11-18 22:00:00,1.284459,1.314410823479271,0.38392120001869956,1.4197023423421185
2023-11-18 23:00:00,1.247849,1.0595395603200322,2.0325630329667863,1.159857487185393
2023-11-19 00:00:00,0.8030470000000001,1.002721297641181,2.559416658433073,1.2500794809405225
2023-11-19 01:00:00,0.5443293333333332,0.6077589229313525,0.8130377828922032,1.3709391531279154
2023-11-19 02:00:00,0.1943223333333333,0.6341713799799106,5.637966380661398,1.4073182819931056
2023-11-19 03:00:00,0.3379273333333333,0.9817207722765986,8.252116930854694,1.228677715720092
2023-11-19 04:00:00,0.4430026666666668,1.1953309915430632,9.643312484613828,1.3647180718161116
2023-11-19 05:00:00,1.345532333333333,1.1539909114249673,2.067448207134431,1.4139173219265668
2023-11-19 06:00:00,2.080429333333333,1.3781599974939067,7.580112253741685,1.3458312001030768
2023-11-19 07:00:00,2.300734333333333,1.85832511478803,4.775249847204372,1.6445315089831092
2023-11-19 08:00:00,2.288151333333333,1.9030239472943349,4.156964670365749,1.6441610932127504
2023-11-19 09:00:00,2.4569446666666668,2.3789481053562627,0.841874562886926,1.7288569284409938
2023-11-19 10:00:00,2.0314026666666662,2.430389750625323,5.114199480087787,1.7317850253453813
2023-11-19 11:00:00,1.8100936666666665,2.4726984911399343,8.49324047085189,1.7354072586787144
2023-11-19 12:00:00,1.958009,2.411360943513556,5.81104593865515,1.7410577464344303
2023-11-19 13:00:00,2.0849843333333333,2.1627983763618537,0.9974170954396703,1.6251251166206226
2023-11-19 14:00:00,1.917787,1.6335119202002433,3.0683911511640227,1.607631331377657
2023-11-19 15:00:00,2.214101666666667,1.6326658247377286,6.275867000375337,1.607631331377657
2023-11-19 16:00:00,2.408097333333333,1.6385112653313414,8.306711523147893,1.606700070507872
2023-11-19 17:00:00,2.5252636666666666,1.7492447163138232,8.376146379329223,1.6070704862782312
2023-11-19 18:00:00,2.525872,2.118014738822378,4.402305020956961,1.6338389731236909
2023-11-19 19:00:00,2.435522,2.291517208503552,1.5543502028534122,1.7280359032876613
2023-11-19 20:00:00,2.4034526666666665,2.0535359093640606,3.7769103169635057,1.624564271521197
2023-11-19 21:00:00,2.4934556666666667,2.0535359093640606,4.748379251112593,1.6254955323909814
2023-11-19 22:00:00,2.4786010000000003,2.0759136852666824,4.346501965927061,1.6254955323909814
2023-11-19 23:00:00,2.496399,2.340691154336536,1.6806699206174824,1.7292904034048506
2023-11-20 00:00:00,2.52308,2.0493283233339343,5.113552174728895,1.6884699801148209
2023-11-20 01:00:00,2.522801,2.0493283233339343,5.1105407214148055,1.6909306498980161
2023-11-20 02:00:00,2.522310333333333,2.0493283233339343,5.105244593244752,1.6870727908944274
2023-11-20 03:00:00,2.5199543333333336,2.0493283233339343,5.07981454303693,1.6870727908944274
2023-11-20 04:00:00,2.515088666666667,2.049923471040904,5.020871935355603,1.6871781972833446
2023-11-20 05:00:00,2.274327333333334,2.0591772204375345,2.322274267045958,1.6871781972833446
2023-11-20 06:00:00,1.9781633333333335,2.0605149512079466,1.0555795369114638,1.7004137458108026
2023-11-20 07:00:00,2.139642333333333,2.0488521077692843,0.9799660417970686,1.7004137458108026
2023-11-20 08:00:00,2.302152333333333,2.0341998632832423,2.8922091539412684,1.7004137458108026
2023-11-20 09:00:00,2.183112333333333,2.0341998632832423,1.6073224065983238,1.7004137458108026
2023-11-20 10:00:00,2.156355,2.0341998632832423,1.3185107214988867,1.7004137458108026
2023-11-20 11:00:00,2.097028,2.0458627067219055,0.5522648459084215,1.7004137458108026
2023-11-20 12:00:00,2.111019,1.814939820413883,3.1958015290185964,1.4478665648249187
2023-11-20 13:00:00,1.835621666666667,1.7795675331757332,0.6050337135105258,1.4296255124142845
2023-11-20 14:00:00,1.8016176666666668,1.4615582772237,3.6705124563575375,1.2562235864579545
2023-11-20 15:00:00,0.9377476666666666,1.1586419419088592,2.8314134292002517,1.1774078308171552
2023-11-20 16:00:00,0.637605,1.1403707720727716,6.444430292402488,1.0107655645095954
2023-11-20 17:00:00,1.050765333333333,1.0583453667218106,0.09716054572437337,0.9538873007894626
2023-11-20 18:00:00,1.429614333333333,0.482881740109389,10.218784965650743,0.7955208294715443
2023-11-20 19:00:00,1.1810523333333334,0.5167541239376885,7.170261807259008,0.7822852809440858
2023-11-20 20:00:00,0.4207293333333333,0.5288263129748839,1.385582489530319,0.7822852809440858
2023-11-20 21:00:00,0.273663,0.5161516778329448,3.108209563568038,0.7822852809440858
2023-11-20 22:00:00,0.476273,0.505690614943584,0.37707373771901226,0.7822852809440858
2023-11-20 23:00:00,0.7467586666666666,0.46888803531405815,2.999263203131581,0.7910186868415923
2023-11-21 00:00:00,0.5046843333333333,0.14369852735083163,3.8963867446726117,0.7744016425441401
2023-11-21 01:00:00,0.3931619999999999,0.10698377851278293,3.088933166726301,0.830822638038784
2023-11-21 02:00:00,0.0910356666666666,0.10698377851278293,0.20442221964318388,0.830822638038784
2023-11-21 03:00:00,0.0,0.09448210061359602,1.2110675489578606,0.8306468789836479
2023-11-21 04:00:00,0.0,0.1638328402363453,2.1000023811418496,0.8306478623471414
2023-11-21 05:00:00,0.0,0.1638328402363453,2.1000023811418496,0.8904884749039947
2023-11-21 06:00:00,0.0,0.041632200113446496,0.5336397711489855,0.8490265398695316
2023-11-21 07:00:00,0.006833,0.06268318816191414,0.7158853375064724,0.8492014341592149
2023-11-21 08:00:00,0.0101873333333333,0.06373440237230156,0.6863640545008036,0.830822638038784
2023-11-21 09:00:00,0.0538426666666666,0.05521056115660995,0.017533613418944983,0.830822638038784
2023-11-21 10:00:00,0.0076906666666666,0.06312507156050648,0.7105558452524452,0.830822638038784
2023-11-21 11:00:00,0.0034633333333333,0.06954403449876294,0.8470196182568532,0.830822638038784
2023-11-21 12:00:00,0.0,0.05896854892221938,0.755856353161535,0.830822638038784
2023-11-21 13:00:00,0.025886,0.1547383737283763,1.651624248563451,0.8492460269336388
2023-11-21 14:00:00,0.0519503333333333,0.3515130544414143,3.839782223886172,1.1265302413162772
2023-11-21 15:00:00,0.1396516666666666,0.15630672290015915,0.21348380274632295,0.8492460269336388
2023-11-21 16:00:00,0.2127466666666666,0.15374637353731185,0.6368337931053167,0.8492460269336388
2023-11-21 17:00:00,0.181008,0.34450744578581943,2.095728945248571,1.1926335448909662
2023-11-21 18:00:00,0.1269793333333333,0.8364620146278924,9.094118846673998,1.0913626870650803
2023-11-21 19:00:00,0.8647056666666667,1.2830274118535843,5.362030345739293,1.4225899975207623
2023-11-21 20:00:00,1.6728896666666668,1.2529391827849743,4.532836116262126,1.318863303159445
2023-11-21 21:00:00,1.345526,1.2055504121666125,1.5108600282145317,1.210139899665533
2023-11-21 22:00:00,1.5563806666666669,1.072352695591808,5.224471819366434,1.1692243534536066
2023-11-21 23:00:00,0.9358503333333332,1.1295274666464235,2.4825452610323975,1.2332454952367664
2023-11-22 00:00:00,0.8859246666666667,1.2977708135044344,5.279026401396294,1.151337074588303
2023-11-22 01:00:00,0.9264613333333332,0.8543679854012955,0.7781568156036551,0.9589403349470277
2023-11-22 02:00:00,0.4311230000000001,0.8533571228713996,5.412179036572498,0.9589403349470277
2023-11-22 03:00:00,0.7516716666666667,0.8543679854012955,1.316357047623102,0.9589403349470277
2023-11-22 04:00:00,1.302253,0.8533571228713996,4.845265150028776,0.9589403349470277
2023-11-22 05:00:00,1.021439,0.8600609490667721,1.7418726390804702,0.9603455691656947
2023-11-22 06:00:00,0.8810906666666665,0.860601167447915,0.22115831658154672,0.9659151402183581
2023-11-22 07:00:00,0.7156853333333334,0.7492627895823267,0.43039440672487017,0.8539101907490689
2023-11-22 08:00:00,0.7952346666666668,0.7415481008570582,0.5794788047641196,0.8469353854777385
2023-11-22 09:00:00,0.170252,0.3874168404063757,2.783609692023807,1.00442428607863
2023-11-22 10:00:00,0.353052,0.05783494366897672,3.186495995206042,0.4264034357472784
2023-11-22 11:00:00,0.1643546666666666,0.0156257496976438,1.6053411824610764,0.4264034357472784
2023-11-22 12:00:00,0.030904,0.015244425360732356,0.1690253689770049,0.4264034357472784
2023-11-22 13:00:00,0.0052853333333333,0.05991880834331877,0.7002895600510439,0.46617658056133054
2023-11-22 14:00:00,0.0,0.06041826609271669,0.7744387662213018,0.4661336945474093
2023-11-22 15:00:00,0.0,0.05877954188309085,0.753433668969221,0.4606426586510856
2023-11-22 16:00:00,0.0,0.08265720596222165,1.0594965520269972,0.4662289142194061
2023-11-22 17:00:00,0.0734236666666666,0.08955015810778867,0.20670868170853532,0.4729655829982849
2023-11-22 18:00:00,0.2665583333333333,0.13223882761616887,1.44980975139146,0.4596874301759816
2023-11-22 19:00:00,0.361678,0.18553188856201233,1.9012752367495276,0.43538761719009106
2023-11-22 20:00:00,0.3302113333333333,0.25554044964231865,0.8059780650787225,0.5830664154823807
2023-11-22 21:00:00,0.455823,0.48653039381108354,0.39360606841039336,0.8884396140967724
2023-11-22 22:00:00,0.5649379999999999,0.48653039381108354,0.8463112742189458,0.8884396140967724
2023-11-22 23:00:00,0.7438926666666666,0.488456047476606,2.757116320425028,0.8939306499930962
2023-11-23 00:00:00,0.457235,0.5353012129680113,1.0006493990035916,1.0996451225287998
2023-11-23 01:00:00,0.423442,0.5085274235138475,1.0906213413731902,1.0687806310976484
2023-11-23 02:00:00,0.6862109999999999,0.6968863504077498,0.13683618768653374,1.2439167374778637
2023-11-23 03:00:00,0.730438,0.8207235543976723,1.1572763979694605,1.322419755440428
2023-11-23 04:00:00,0.5553256666666667,1.0229725464237223,5.994277823705269,0.9991665430510452
2023-11-23 05:00:00,0.6690086666666667,1.0329229202158197,4.66463743094617,1.0392688850212912
2023-11-23 06:00:00,0.9564133333333332,1.0126632365797967,0.7210088684671825,0.9458695825769408
2023-11-23 07:00:00,1.1073810000000002,1.286542380860508,2.2964829632017945,1.215488140029323
2023-11-23 08:00:00,0.7431763333333334,1.2678828965771276,6.725666420866199,1.1658421081618895
2023-11-23 09:00:00,0.5956296666666667,1.280696035012617,8.781151585306775,1.235325513053632
2023-11-23 10:00:00,0.6806120000000001,1.3892551617662396,9.083357921050402,1.2946744178501857
2023-11-23 11:00:00,0.6869196666666667,2.003436645262456,16.875058662698457,1.3953386531147163
2023-11-23 12:00:00,0.90848,1.408859710703296,6.413845859206917,1.4026298485545028
2023-11-23 13:00:00,1.5422840000000002,1.3762571619225592,1.7920504363991672,1.4026298485545028
2023-11-23 14:00:00,1.7302176666666669,1.9027813834904945,2.2119143860653967,1.3042491462889907
2023-11-23 15:00:00,1.598580333333333,2.11879096482352,6.668037758783515,1.4294029960347228
2023-11-23 16:00:00,2.176892333333333,2.113709931996678,0.681974379559568,1.4503259934170631
2023-11-23 17:00:00,2.352726,2.1232325746858467,2.477092244526995,1.451246638621595
2023-11-23 18:00:00,2.064515333333333,2.1339753432880437,0.8903354546536727,1.451246638621595
2023-11-23 19:00:00,2.217689666666667,2.1339753432880437,0.9035905970427955,1.451246638621595
2023-11-23 20:00:00,2.201201,2.125849079667605,0.8133289971600793,1.4503259934170631
2023-11-23 21:00:00,2.2308453333333333,2.1498355135611344,0.8743988897004266,1.4561838140955516
2023-11-23 22:00:00,2.444681,2.143944891961467,3.2460672014970333,1.4534286684753304
2023-11-23 23:00:00,2.483226,2.165096165969996,3.4338105483834225,1.468190720471307
2023-11-24 00:00:00,2.5125116666666667,2.1798555056086726,3.5906039378813563,1.5064502263040391
2023-11-24 01:00:00,2.522597666666667,2.1798555056086726,3.6994695942464544,1.5079690286406975
2023-11-24 02:00:00,2.457440333333333,2.1651871822295203,3.154504374348991,1.5070996697958643
2023-11-24 03:00:00,2.435222333333334,2.084445346474342,3.786195410685555,1.5020823647070296
2023-11-24 04:00:00,2.3265896666666666,1.9535653063252543,4.026327764102484,1.3900850524645119
2023-11-24 05:00:00,1.9420383333333329,1.978756333995853,0.4706497715038346,1.3971747126311502
2023-11-24 06:00:00,2.2634233333333333,1.9875869727384765,2.977305814546716,1.4827872426201427
2023-11-24 07:00:00,2.364203666666666,2.0142828664997525,3.7769539545875843,1.482193725645391
2023-11-24 08:00:00,2.4098523333333333,2.009610097922873,4.32011041671552,1.482193725645391
2023-11-24 09:00:00,1.619776,2.009610097922873,4.996876894201,1.482193725645391
2023-11-24 10:00:00,1.7525343333333332,2.0142828664997525,3.3550815704403907,1.482193725645391
2023-11-24 11:00:00,1.5483466666666663,2.009610097922873,5.912455052200234,1.482193725645391
2023-11-24 12:00:00,1.2931473333333332,2.009610097922873,9.183589257605542,1.482193725645391
2023-11-24 13:00:00,2.294375333333333,2.118721404256695,1.89596274856594,1.5236535505858138
2023-11-24 14:00:00,2.495808666666667,1.9974494466093653,5.379159587263046,1.5142570878386366
2023-11-24 15:00:00,2.483445333333333,1.9974494466093653,5.24571298819564,1.5255805640840299
2023-11-24 16:00:00,2.4998033333333334,1.9927766780324858,5.472713625215711,1.5255805640840299
2023-11-24 17:00:00,2.524468,2.0595781948920515,5.017899441851877,1.5064180326653478
2023-11-24 18:00:00,2.523268666666667,2.122237196111237,4.328629215256418,1.5358526882657113
2023-11-24 19:00:00,2.528566,2.121626128974157,4.392402950659884,1.5358526882657113
2023-11-24 20:00:00,2.530018333333333,2.1116296677254445,4.515978256704257,1.5165598714199042
2023-11-24 21:00:00,2.469327333333333,2.130657485485686,3.655514106385191,1.5143454732767356
2023-11-24 22:00:00,2.391665666666667,2.1315443763427955,2.807681440178838,1.5007211256964856
2023-11-24 23:00:00,2.5021976666666665,2.1537422797090646,3.761136666180109,1.5121630401976018
2023-11-25 00:00:00,2.411018666666666,2.1475563386343404,2.843743730786752,1.2269363828523254
2023-11-25 01:00:00,2.163897,2.0437766395221417,1.2965478768822012,1.1269379588821342
2023-11-25 02:00:00,1.696306,1.731080384095912,0.44573657698180874,0.9419216575333791
2023-11-25 03:00:00,1.7722753333333332,1.26905083413018,5.431674142846283,1.0221000608756121
2023-11-25 04:00:00,1.6820316666666668,0.8756031057082517,8.704379793803001,0.9736829760782297
2023-11-25 05:00:00,1.5464806666666664,1.0012865394816775,5.884683373229133,0.9453395328565101
2023-11-25 06:00:00,1.3748503333333335,1.4258349675716593,0.6535188741626788,1.162345159305807
2023-11-25 07:00:00,1.5113343333333331,1.4300466763494264,0.877397792180619,1.1614956779593584
2023-11-25 08:00:00,1.9628826666666663,1.3212284009271842,6.925848978702356,1.078664354797119
2023-11-25 09:00:00,1.985257,1.9066767762717898,0.8481744629672459,1.0365227638974301
2023-11-25 10:00:00,1.930878333333333,1.942403011188384,0.147722830798675,1.0984549659002163
2023-11-25 11:00:00,1.4960003333333334,2.0310782151238076,6.858605541082812,1.1343896340713453
2023-11-25 12:00:00,1.618979,2.0310782151238076,5.28227021992809,1.160451547463012
2023-11-25 13:00:00,2.303803,1.9066767762717898,4.286476998409999,1.0695561424728612
2023-11-25 14:00:00,2.093973333333333,1.9451507779878319,1.6063518907018337,1.0990201286214474
2023-11-25 15:00:00,1.91958,1.6329027782040721,3.0943192460574735,1.2139537571141126
2023-11-25 16:00:00,1.7993163333333333,1.4705202839821614,3.5489388977657716,1.21006004807255
2023-11-25 17:00:00,1.6670973333333332,1.2800028355458317,4.178197162101255,1.0654296938825814
2023-11-25 18:00:00,1.7316433333333334,1.4103075678637698,3.468414537123176,1.121851371119146
2023-11-25 19:00:00,1.1002626666666664,1.0752272416239967,0.2702258556067195,0.9299058951131662
2023-11-25 20:00:00,1.416567,0.9990248670631336,4.506841003594467,0.9339566394846714
2023-11-25 21:00:00,0.9461646666666664,0.9239542657408383,0.23973328127326998,0.8466682747799135
2023-11-25 22:00:00,0.2462003333333333,0.9933713728542075,9.577206620177853,0.9105951129377992
2023-11-25 23:00:00,0.3180966666666667,1.0012865394816775,8.757098745366442,0.9394156202453559
2023-11-26 00:00:00,0.3956399999999999,1.0169017356880128,7.963306516416705,1.0213422859145833
2023-11-26 01:00:00,0.4766146666666667,1.0479870274433358,7.323826629744643,0.9891593654528104
2023-11-26 02:00:00,0.5570886666666667,1.0160793066048983,5.883322509709361,1.0607409340630234
2023-11-26 03:00:00,0.6103229999999998,0.8903865898270898,3.589843188090866,1.2986818621871299
2023-11-26 04:00:00,0.492772,0.5861787295733403,1.197283488680994,1.0476614918801954
2023-11-26 05:00:00,0.4579049999999999,0.6394606515638581,2.32717262328997,1.0186206570378509
2023-11-26 06:00:00,0.4056373333333333,0.9490157904819673,6.965001963142251,1.0899683560187876
2023-11-26 07:00:00,0.680265,1.0169017356880128,4.314995366648209,1.0272811534020234
2023-11-26 08:00:00,0.8427486666666667,0.9628837229972101,1.539886044756391,1.0125899562179088
2023-11-26 09:00:00,0.5197836666666668,0.7268463320776657,2.6541204424057288,1.0207710412389048
2023-11-26 10:00:00,0.2591536666666666,0.40630995124338365,1.8862429996653218,0.7820267942683863
2023-11-26 11:00:00,0.167368,0.5192183613335876,4.510002973397984,1.0478021373873496
2023-11-26 12:00:00,0.2171476666666666,0.9490157904819673,9.381054497234993,1.0545393735001973
2023-11-26 13:00:00,0.3942486666666667,1.0282457213341654,8.126547293680531,1.021550316047108
2023-11-26 14:00:00,0.8726470000000001,0.9685903473673069,1.2297977477251019,0.9957245706252467
2023-11-26 15:00:00,1.0707063333333335,1.011094206610911,0.6434377655121718,0.9948377817957157
2023-11-26 16:00:00,0.7756976666666666,1.0366933568938685,3.3454316616510313,0.990190113879069
2023-11-26 17:00:00,0.8402733333333334,1.0612053740224114,2.8318975050929116,0.990190113879069
2023-11-26 18:00:00,1.020147,1.352504777259687,4.260147859424822,1.14610700244573
2023-11-26 19:00:00,0.7698783333333334,1.2503658250490703,6.158868241900114,1.2266324277688265
2023-11-26 20:00:00,1.130287,1.0912460717604393,0.42139760835835427,0.990190113879069
2023-11-26 21:00:00,1.4709923333333337,1.054263682843984,4.498060485986855,0.9795609029609837
2023-11-26 22:00:00,1.9647333333333328,1.0836127035799712,9.510586525374357,0.9495442886405849
2023-11-26 23:00:00,1.9925453333333327,1.3468902011660822,6.969033288605993,1.131147213499474
2023-11-27 00:00:00,1.846423,1.1794004316766107,7.199667827766939,1.04401745095977
2023-11-27 01:00:00,1.4660143333333333,0.940254839526876,5.674911003710112,0.8229745891826853
2023-11-27 02:00:00,0.9521543333333334,0.940254839526876,0.12844003605516247,0.8351378543346298
2023-11-27 03:00:00,0.547889,0.8887299661725423,4.368885014264919,0.777403532636195
2023-11-27 04:00:00,0.5173403333333332,0.5976701752875755,1.0296644991156898,0.8137258310041494
2023-11-27 05:00:00,0.4727103333333333,0.46204544970405875,0.11511397544698902,0.8336918924138685
2023-11-27 06:00:00,0.3952103333333334,0.6338514763676873,3.0588920260895267,0.8387033792800758
2023-11-27 07:00:00,0.516467,0.6112406350921668,1.2148044255102066,0.8387033792800758
2023-11-27 08:00:00,0.4984166666666667,0.6097803446281775,1.4274548897187809,0.8387033792800758
2023-11-27 09:00:00,0.5561956666666666,0.7890587859702036,2.984829563548406,0.8939939679268418
2023-11-27 10:00:00,0.4317653333333333,0.5643335704416936,1.699254027395993,0.7985732651268151
2023-11-27 11:00:00,0.7155606666666666,0.6426614818062572,0.7868548094694517,0.7512819313275344
2023-11-27 12:00:00,0.5261436666666667,0.8575085814142394,4.247421389953995,0.7642549878487539
2023-11-27 13:00:00,0.6388803333333334,0.895402065750655,3.288084660644864,0.841875056692517
2023-11-27 14:00:00,0.6999866666666666,0.8064429083198186,1.3645515797475394,0.800740443553433
2023-11-27 15:00:00,0.7788896666666666,0.9054564437224,1.6223275675808355,0.8434072798272962
2023-11-27 16:00:00,0.5976863333333334,0.8729659468288868,3.5285223828538923,0.7544694879604601
2023-11-27 17:00:00,0.5646383333333334,0.8019260012411369,3.0415432394575435,0.9350994067052947
2023-11-27 18:00:00,0.6800736666666667,0.500165014917267,1.9418871166426475,0.9600628945017824
2023-11-27 19:00:00,0.5613100000000001,0.6653924112580177,1.3341239226611001,0.7626499624440277
2023-11-27 20:00:00,0.440837,0.8065418762082288,4.687589556065659,0.8891819009568018
2023-11-27 21:00:00,0.35105,0.40578740515091366,0.7016217321790911,0.8316878713239753
2023-11-27 22:00:00,0.226621,0.4423236041710725,2.7648668101235803,0.8306659787325853
2023-11-27 23:00:00,0.1462553333333333,0.46106109833525616,4.0351669124915786,0.8306659787325853
2023-11-28 00:00:00,0.1188693333333333,0.4274058765368095,3.9548082940018308,0.8085915290099007
2023-11-28 01:00:00,0.0433493333333333,0.11610352177142108,0.9325600944085507,0.5818041428504955
2023-11-28 02:00:00,0.0,0.07549595884634015,0.967703990940944,0.6296050523126518
2023-11-28 03:00:00,0.0,0.05185346171316455,0.6646554677987948,0.632739082028257
2023-11-28 04:00:00,0.0,0.0207801403062788,0.2663589550220488,0.6232650773950162
2023-11-28 05:00:00,0.0,0.38098548970007484,4.883455810181091,0.8780090463093262
2023-11-28 06:00:00,0.0792103333333333,0.569777578812625,6.28807009712189,0.7286073285364194
2023-11-28 07:00:00,0.3471773333333333,0.8263758724945357,6.14234650285319,0.9229968404734104
2023-11-28 08:00:00,1.3398673333333333,1.4238826050538202,1.0769041811811408,1.1588065869040913
2023-11-28 09:00:00,1.6417096666666666,1.8214448514997366,2.303837958128029,1.0380954257556527
2023-11-28 10:00:00,1.5144126666666669,1.791014876940744,3.5454753721335965,1.2767795143407912
2023-11-28 11:00:00,1.579915,1.8793101724905246,3.8376345928293105,0.9356897085123776
2023-11-28 12:00:00,1.1289083333333334,1.4378410522879794,3.9598864579377486,1.08795001519485
2023-11-28 13:00:00,1.1280476666666666,0.9454190810078485,1.971245374655586,0.9705283428689357
2023-11-28 14:00:00,0.8635496666666667,0.8884989060111756,0.31979828925363174,0.875350802026722
2023-11-28 15:00:00,0.4149043333333334,0.7940128233485217,4.859396508016898,0.8698083088928794
2023-11-28 16:00:00,0.2412853333333333,0.6401641453298215,5.112811654679662,0.8437363389696689
2023-11-28 17:00:00,0.5875626666666666,0.5039487551632875,0.9025067774210139,0.8172271200283621
2023-11-28 18:00:00,0.2973243333333333,0.45906298557196085,2.0731591684170887,0.869246788804322
2023-11-28 19:00:00,0.2282426666666666,0.26350896180143696,0.4520418717653373,0.5615946976075874
2023-11-28 20:00:00,0.1424813333333333,0.26252445669202523,1.5387076518315348,0.5571446746255044
2023-11-28 21:00:00,0.2958533333333333,0.26125302652167354,0.37346669754957523,0.5595311250146522
2023-11-28 22:00:00,0.1875836666666666,0.24764745444177816,0.7698950782161373,0.5837742600440694
2023-11-28 23:00:00,0.2325143333333333,0.3090882607323232,0.9815213460212493,0.6614019306747796
2023-11-29 00:00:00,0.328299,0.6079590246215139,3.584670306442514,0.8564840170573244
2023-11-29 01:00:00,0.5259116666666667,0.9130603256766361,4.962455052381176,0.9702850363302415
2023-11-29 02:00:00,0.6058300000000001,0.9130603256766361,3.9380652532738756,0.941828151745022
2023-11-29 03:00:00,0.8732036666666667,0.8954436505149957,0.28507116748187983,0.941828151745022
2023-11-29 04:00:00,1.1488873333333331,0.8840790872239178,2.8582712198682505,0.9020591248621727
2023-11-29 05:00:00,0.7352130000000001,0.9970523957372937,3.3562462430110256,0.9467768582801479
2023-11-29 06:00:00,0.5881930000000001,1.0877634014203117,6.403472167223699,0.9887922915938196
2023-11-29 07:00:00,0.4299633333333333,1.1951596105194098,9.808253350265458,1.0097251163954875
2023-11-29 08:00:00,0.5766056666666667,1.5717077062016325,12.755175638094983,1.0887401316022933
2023-11-29 09:00:00,0.508282,1.7273736166806024,15.626264515503347,1.1123332909819983
2023-11-29 10:00:00,1.434753,2.194634258382175,9.740125665193863,0.973554022674846
2023-11-29 11:00:00,1.725666,2.250246841669493,6.724054927071594,1.0844343526739184
2023-11-29 12:00:00,2.303861,1.5708351481925649,7.912090074320786,1.1147889149081194
2023-11-29 13:00:00,2.199555,2.2656360633698593,0.847024260977833,1.1125943408026084
2023-11-29 14:00:00,2.1351636666666667,1.9408825979490492,2.0970192410525086,1.050355547441813
2023-11-29 15:00:00,2.135480333333333,1.6610746445392082,5.120611411253969,1.1025588362251586
2023-11-29 16:00:00,2.105773000000001,1.2208763004747565,9.551344438739063,0.9925448588212143
2023-11-29 17:00:00,2.185851,1.3095682830824407,9.458367354612239,1.2275740513830562
2023-11-29 18:00:00,2.2253236666666667,1.414358843052427,8.75334303110925,1.1390044841092393
2023-11-29 19:00:00,1.9836273333333336,1.131193232270604,9.200951608187982,1.0664109385601894
2023-11-29 20:00:00,1.7961083333333332,0.9893890752757748,8.707517502557875,0.8865549827197121
2023-11-29 21:00:00,1.1810763333333334,0.7404634074662494,4.755861132011218,0.9178658532401487
2023-11-29 22:00:00,0.689357,0.3804037798144333,3.334760569265468,0.7329429730135861
2023-11-29 23:00:00,0.4748546666666666,0.2849547173886376,2.049730579203938,0.7035700311618659
2023-11-30 00:00:00,0.267261,0.1981470396547541,0.7459980821907952,1.0019733812505165
2023-11-30 01:00:00,0.135416,0.2272061516452636,1.1765622615243074,0.9931320517898535
2023-11-30 02:00:00,0.0,0.2207204115236112,2.8291848514469256,0.9963068391934767
2023-11-30 03:00:00,0.0,0.18028319863955328,2.3108623758018814,0.9971441191285185
2023-11-30 04:00:00,0.0,0.2086407711272399,2.6743485343866693,0.9942619479102254
2023-11-30 05:00:00,0.0427116666666666,0.1998112606406982,2.013695916801275,0.9966094567510717
2023-11-30 06:00:00,0.0059153333333333,0.19974923176588288,2.484554669669089,0.9966094567510717
2023-11-30 07:00:00,0.012742,0.19974923176588288,2.397050746557089,0.9935654134111693
2023-11-30 08:00:00,0.0320359999999999,0.322516594104963,3.7233679060676788,0.9804550765980523
2023-11-30 09:00:00,0.1645046666666667,0.4000180868696469,3.018801007805517,0.9919996713400355
2023-11-30 10:00:00,0.0652256666666666,0.3022284103822752,3.0378910932749403,0.9804550765980523
2023-11-30 11:00:00,0.0,0.1746768858868542,2.2390008972783457,0.9935654134111693
2023-11-30 12:00:00,0.026367,0.18299362952753587,2.007633478633178,0.9983131377504602
2023-11-30 13:00:00,0.0,0.1935353245733946,2.4807275626356784,0.9983131377504602
2023-11-30 14:00:00,0.0,0.1968667999342859,2.5234302721809354,0.9983131377504602
2023-11-30 15:00:00,0.0,0.35806292463625944,4.589635345697607,0.9737427671729671
2023-11-30 16:00:00,0.0,0.4049690747276653,5.190876383453217,1.0458840638957698
2023-11-30 17:00:00,0.0958176666666666,0.3654024762039735,3.455526627819667,1.0210464708156761
2023-11-30 18:00:00,0.044273,0.3671735425362206,4.138925426793815,1.1222194054772048
2023-11-30 19:00:00,0.0,0.36841302691486777,4.722302516692042,1.0240905141555785
2023-11-30 20:00:00,0.0,0.24140734104413739,3.0943490345798574,1.0446428556763991
2023-11-30 21:00:00,0.0,0.2286332489994626,2.9306112658147945,1.0033499741142655
2023-11-30 22:00:00,0.0,0.16664148323528993,2.1360034476987892,1.002015982050532
2023-11-30 23:00:00,0.0,0.18949298990984237,2.4289130887695976,1.001932582688324
2023-12-01 00:00:00,0.0,0.09099668220160131,1.1663916039281244,0.7538425842048622
2023-12-01 01:00:00,0.0,0.14216186529881736,1.8222247456884046,0.7542816679434665
2023-12-01 02:00:00,0.0416333333333333,0.14734321945954335,1.3549848263329292,0.7542816679434665
2023-12-01 03:00:00,0.0475816666666666,0.04850584849998514,0.011846123449835839,0.7542816679434665
2023-12-01 04:00:00,0.0803386666666666,0.049645623957569385,0.33129270675865247,0.7542816679434665
2023-12-01 05:00:00,0.065509,0.14168220569128728,0.9763849122077551,0.7542816679434665
2023-12-01 06:00:00,0.1401583333333333,0.1645989835620992,0.31327921558963034,0.7507829006449849
2023-12-01 07:00:00,0.1784453333333333,0.1645989835620992,0.1494538921382198,0.7507829006449849
2023-12-01 08:00:00,0.2291776666666666,0.2526974150801758,0.30147513527186787,0.8806734586849951
2023-12-01 09:00:00,0.530329,0.3077744201272072,2.40219615456173,1.0345610085580745
2023-12-01 10:00:00,0.7010769999999998,0.26760302140058867,4.678805195063865,0.8806734586849951
2023-12-01 11:00:00,0.6196616666666668,0.26760302140058867,3.8000292976301626,0.8806734586849951
2023-12-01 12:00:00,0.8230816666666666,0.4431732087478692,4.100632919887075,1.0137336836141526
2023-12-01 13:00:00,0.4938943333333333,0.43751398450666706,0.6085547968578277,1.0025847961893595
2023-12-01 14:00:00,0.1309816666666666,0.46972904695673556,4.342049519427762,1.0006055802845402
2023-12-01 15:00:00,0.3916686666666667,0.612247650216126,2.8273720336867587,1.139627535503679
2023-12-01 16:00:00,0.5467916666666667,0.8450346067690717,3.8228653270631234,1.3719151699422492
2023-12-01 17:00:00,0.7206906666666667,0.8408690143150122,1.540440951027538,1.2743545726627081
2023-12-01 18:00:00,0.8287843333333333,0.8063173268719848,0.24250301457203538,1.2308631638000151
2023-12-01 19:00:00,0.9871686666666666,0.6216500945200016,3.945312241758784,1.1849525738309636
2023-12-01 20:00:00,0.7929953333333332,0.62119493914806,1.8543686968829916,1.2134706226819352
2023-12-01 21:00:00,0.717781,0.5354742651623215,1.9677714007417448,1.0705646692079078
2023-12-01 22:00:00,0.813748,0.6182335848734506,2.1103316608754223,1.162085700973386
2023-12-01 23:00:00,0.8451316666666666,0.6159612605186585,2.4736056598015423,1.162085700973386
2023-12-02 00:00:00,0.857111,0.7159943415564141,1.523176447105883,1.0644920717986766
2023-12-02 01:00:00,0.6687926666666666,0.5215047645421876,1.58978724364657,0.8674926586856389
2023-12-02 02:00:00,0.4982026666666665,0.6960459285378817,2.5359465197762754,1.084918667933058
2023-12-02 03:00:00,0.6841256666666667,0.854274905505833,2.180965709904445,1.050749216751512
2023-12-02 04:00:00,0.7125880000000001,0.911847755580131,2.554103075917914,1.1734390530425003
2023-12-02 05:00:00,0.5232113333333333,0.8486570827036042,4.171549779788572,1.050749216751512
2023-12-02 06:00:00,0.3574853333333334,0.7076285632372238,4.488121035307217,1.0644920717986766
2023-12-02 07:00:00,0.3913443333333333,0.6932979730209203,3.8704289165934203,1.084918667933058
2023-12-02 08:00:00,0.5501776666666667,0.509690902116619,0.43700358882014717,0.8674926586856389
2023-12-02 09:00:00,0.5024396666666666,0.28610270590909936,2.3350847936647243,0.7812946409462735
2023-12-02 10:00:00,0.4973936666666668,0.25844003969061596,2.5792031966654667,0.7940388085683958
2023-12-02 11:00:00,0.314482,0.19074645601763393,1.3355692257914327,0.6323456416654427
2023-12-02 12:00:00,0.1260566666666666,0.11039246402185188,0.16907532246317816,0.6385166863051464
2023-12-02 13:00:00,0.0210863333333333,0.17355246495632792,1.9543043933675612,0.6323456416654427
2023-12-02 14:00:00,0.0255426666666666,0.3420858528774172,4.057437103683535,0.7266757230685168
2023-12-02 15:00:00,0.2215116666666667,0.3475478450086009,1.6155263758246432,0.751777766496341
2023-12-02 16:00:00,0.0843236666666666,0.3651940331177568,3.600184416558894,0.7747193799517553
2023-12-02 17:00:00,0.134456,0.48688243104846973,4.517387010512953,0.8609173976911209
2023-12-02 18:00:00,0.283052,0.6696938367993638,4.95595862683211,1.0265830416936534
2023-12-02 19:00:00,0.5977166666666667,0.6425216762397887,0.5743087079178053,0.9482784095451557
2023-12-02 20:00:00,0.6133386666666667,0.6019940386507504,0.12245095926735823,0.8401986025199943
2023-12-02 21:00:00,0.75454,0.6019940386507504,1.646541365073419,0.81725698906458
2023-12-02 22:00:00,0.9792226666666668,0.6619692214378591,3.4243510359827427,0.9471363545839269
2023-12-02 23:00:00,0.8342350000000001,0.6619692214378591,1.859391934603572,0.9471363545839269
2023-12-03 00:00:00,0.4643626666666666,0.8304570730983835,4.692582537910273,0.8557595949722101
2023-12-03 01:00:00,0.5972520000000001,0.6666209602791124,0.8891683837826379,0.8457815955583952
2023-12-03 02:00:00,0.70743,0.6449139198936389,0.6747822817917782,0.7224549558623377
2023-12-03 03:00:00,0.4790793333333334,0.6175807087248211,1.7753047416742598,0.7224549558623377
2023-12-03 04:00:00,0.6405069999999999,0.4919441135764644,1.6035490920078617,0.8360638030874402
2023-12-03 05:00:00,0.9628126666666668,0.4919441135764644,5.082432489971007,0.7499004378631694
2023-12-03 06:00:00,0.431091,0.6449139198936389,2.740773096966248,0.7235612911427514
2023-12-03 07:00:00,0.350769,0.7560233419552421,5.194532926648762,0.8808506212878309
2023-12-03 08:00:00,0.5439403333333334,0.6640531966872074,1.5396015761249302,0.8248142433669348
2023-12-03 09:00:00,0.6963463333333334,0.47891377844958566,2.346910351235256,0.7428337876363316
2023-12-03 10:00:00,0.6671686666666666,0.4804985859581065,2.0148682193201166,0.8324126991572575
2023-12-03 11:00:00,0.4074416666666666,0.6061351811064632,2.546845021053658,0.7199101872125686
2023-12-03 12:00:00,0.2338009999999999,0.2572123604058303,0.30008582239732867,0.5371216231761132
2023-12-03 13:00:00,0.0688663333333333,0.13580128850733075,0.8579694098218684,0.5652913823501082
2023-12-03 14:00:00,0.0028889999999999,0.12465008518787045,1.5607284135224226,0.5652913823501082
2023-12-03 15:00:00,0.0,0.0537618038426345,0.6891165160852003,0.5674402994430275
2023-12-03 16:00:00,0.0306366666666666,0.0707629498306055,0.5143369917110798,0.5894437757614365
2023-12-03 17:00:00,0.206087,0.4322643551807123,2.899131723253199,0.8879217060032506
2023-12-03 18:00:00,0.4606736666666666,0.5864952285634031,1.6127754313540639,0.8380705492724655
2023-12-03 19:00:00,0.3741626666666666,0.6684557927042523,3.772236778298282,0.8584422671670896
2023-12-03 20:00:00,0.311777,0.6671947256387362,4.555729297402409,0.8665782588263323
2023-12-03 21:00:00,0.3259836666666666,0.8252873068740202,6.400052833336793,0.8174630021571798
2023-12-03 22:00:00,0.3670983333333333,0.5902051558662633,2.8597737663111436,0.7461994962147224
2023-12-03 23:00:00,0.467866,0.7187565201097292,3.215904020685259,0.8482195467049543
2023-12-04 00:00:00,0.4444506666666666,0.519463618900695,0.9615128327183395,0.7805673631086482
2023-12-04 01:00:00,0.617012,0.5179537679684771,1.0692087496011935,0.7805673631086482
2023-12-04 02:00:00,0.3775646666666666,0.5179537679684771,1.7995015321400931,0.7874138077114843
2023-12-04 03:00:00,0.4635283333333334,0.6204754879369596,2.0117419554320572,0.7849759921220691
2023-12-04 04:00:00,0.9110266666666668,0.6204754879369596,3.1361337279458326,0.7849759921220691
2023-12-04 05:00:00,0.854099,0.6204754879369596,2.521671324911922,0.7918224367249054
2023-12-04 06:00:00,1.091926333333333,0.5179537679684771,6.1953103374977765,0.7966586569211908
2023-12-04 07:00:00,0.4836859999999999,0.5235305781149954,0.510726108369819,0.7966586569211908
2023-12-04 08:00:00,0.5834223333333333,0.47968349870436505,1.119729954633422,0.7178160309330734
2023-12-04 09:00:00,0.6367320000000001,0.23531916836598699,4.332745527385316,0.6426147024121237
2023-12-04 10:00:00,0.5083183333333333,0.47558878873429905,0.35327417760306595,0.6965806560313322
2023-12-04 11:00:00,0.425298,0.42094496873816856,0.04698548537547688,0.7405602985498615
2023-12-04 12:00:00,0.6453803333333334,0.42094496873816856,2.422496854867349,0.7226921476456304
2023-12-04 13:00:00,0.1078696666666666,0.42094496873816856,4.012985912216425,0.724469004737319
2023-12-04 14:00:00,0.5718626666666666,0.5079007053163813,0.6903887472533872,0.7050063234342283
2023-12-04 15:00:00,0.4486486666666666,0.5476234054884672,1.2686539945155904,0.784590282108286
2023-12-04 16:00:00,0.3744036666666666,0.509353136224355,1.729776563698405,0.7337663461715337
2023-12-04 17:00:00,0.3587293333333334,0.509353136224355,1.9306895020038504,0.7406127907743698
2023-12-04 18:00:00,0.4844666666666667,0.6874480654277069,2.601806939993,0.8572920571953109
2023-12-04 19:00:00,0.4842796666666667,0.7205995139328469,3.029137755618069,0.8205824594622109
2023-12-04 20:00:00,0.5256916666666666,0.7151292901567836,2.428203404355345,0.8274289040650471
2023-12-04 21:00:00,0.8414526666666667,0.9041118202152095,0.8031623663634775,1.0306047288226168
2023-12-04 22:00:00,0.5773036666666667,0.8528009822155094,3.531312878517811,0.9325680777731882
2023-12-04 23:00:00,0.460571,0.7862064273646073,4.173981064256216,0.9251787035745195
2023-12-05 00:00:00,0.771928,0.7823566287321204,0.1336737197371671,0.8989117941743023
2023-12-05 01:00:00,0.950381,1.4486776346705241,6.387145079176429,1.1045311913518765
2023-12-05 02:00:00,0.5732573333333334,1.3634556723087443,10.128728715371228,1.1196662207036912
2023-12-05 03:00:00,0.5033853333333332,0.8287466155019017,4.170467082788094,0.925051035189823
2023-12-05 04:00:00,0.283532,0.6797970093148631,5.0793080430268995,0.6720230159252161
2023-12-05 05:00:00,0.026205,0.5237860291049838,6.377972477459795,0.5853617427044894
2023-12-05 06:00:00,0.0,0.5093009706082795,6.528198189400447,0.5853617427044894
2023-12-05 07:00:00,0.0,0.6296941543658916,8.07139290054326,0.6841907407437152
2023-12-05 08:00:00,0.0,0.7838198748463867,10.046969833332344,0.8710081971804304
2023-12-05 09:00:00,0.0311329999999999,0.8429288189829048,10.40556429593598,0.9393869283614831
2023-12-05 10:00:00,0.0663036666666666,0.8839174891714308,10.480139217739024,0.9420674584579373
2023-12-05 11:00:00,0.2384396666666666,0.9225404664269324,8.768774968224582,0.9693200698505314
2023-12-05 12:00:00,0.6755173333333333,1.1971138019252532,6.685801359837588,1.2840178121289278
2023-12-05 13:00:00,0.8192773333333333,0.5388065981692942,3.027328046285337,0.579764103391303
2023-12-05 14:00:00,0.733246,0.6305325199491993,1.1086625444451244,0.686358909096876
2023-12-05 15:00:00,0.932527,0.8133100445377758,1.2867967585012259,0.951009909151721
2023-12-05 16:00:00,0.90251,0.9340840991699481,0.4047154608541679,0.9888106942029424
2023-12-05 17:00:00,1.2255203333333335,0.9340840991699481,3.145686785719666,1.0160633055955361
2023-12-05 18:00:00,1.424861666666667,0.9340840991699481,5.29732520471893,1.0150443065512158
2023-12-05 19:00:00,1.367921666666667,0.8954510303465769,5.099724958974896,1.0307145821367942
2023-12-05 20:00:00,1.0195163333333337,0.8558657767118387,1.7664014734396423,0.9851111650621679
2023-12-05 21:00:00,0.8551313333333332,0.814703369523694,0.4363689089471235,0.9478227417542399
2023-12-05 22:00:00,0.994119,0.8014219666706257,2.079921575749451,0.8699891981361101
2023-12-05 23:00:00,0.7970326666666666,0.6319258449351176,1.7821200196470208,0.7060779503184262
2023-12-06 00:00:00,0.7195106666666666,0.5773481693741597,1.5344649591760702,0.9169365781698928
2023-12-06 01:00:00,0.7942333333333332,0.522411524543055,2.933973788251146,0.8764332868148157
2023-12-06 02:00:00,0.5546203333333334,0.5647847326634378,0.13028683849528053,0.8629221553273406
2023-12-06 03:00:00,0.380987,0.5582403738091103,2.2720262099318744,0.8727275932467565
2023-12-06 04:00:00,0.3611979999999999,0.29860101017078705,0.6756556002613968,0.5632026835736996
2023-12-06 05:00:00,0.3572286666666666,0.23724300357032546,1.2950939884378705,0.5632026835736996
2023-12-06 06:00:00,0.461327,0.23542373615176743,2.4383409769834548,0.5632026835736996
2023-12-06 07:00:00,0.2089083333333333,0.23312517239996366,0.3104104136282364,0.5632026835736996
2023-12-06 08:00:00,0.0823446666666666,0.48311695306648295,5.137082129084452,0.7316065653726506
2023-12-06 09:00:00,0.2403823333333332,0.6642223367017439,5.432763144512565,0.8576807551374344
2023-12-06 10:00:00,0.3057866666666667,0.6303058958933894,4.15967368397762,0.9087950576919974
2023-12-06 11:00:00,0.5075963333333332,0.7025925821685801,2.499453627715988,0.8576807551374344
2023-12-06 12:00:00,1.1410646666666668,0.7290942407829377,4.446701449220701,0.843671871804101
2023-12-06 13:00:00,1.774268,0.8884159284497801,9.561656475480268,1.199671591163444
2023-12-06 14:00:00,1.0484113333333331,0.6642223367017439,4.146835939574194,0.8576807551374344
2023-12-06 15:00:00,0.6046666666666666,0.7025925821685801,1.2552102217897887,0.8589730173005992
2023-12-06 16:00:00,0.7343206666666666,0.8939886272693207,2.046617131058268,1.1542850168233358
2023-12-06 17:00:00,0.8452296666666667,0.8694729529300544,0.31074941267192635,1.1768152420319697
2023-12-06 18:00:00,0.8160259999999999,0.8005547909293285,0.16699220010313928,1.0736459628769472
2023-12-06 19:00:00,0.7135093333333334,1.0379823636760845,4.159081508646921,1.2147613687157848
2023-12-06 20:00:00,0.824513,1.0507818977157048,2.9003051115749945,1.189125300807858
2023-12-06 21:00:00,0.5178006666666667,0.9078937374338485,5.0001963971096695,1.20070614815217
2023-12-06 22:00:00,0.4588286666666666,0.8118110806157883,4.524513575697071,1.0582984801501676
2023-12-06 23:00:00,0.523457,0.6078467227818136,1.0817038789662297,0.883617470364909
2023-12-07 00:00:00,0.3187323333333334,0.5488860599629314,2.9501006834379706,0.6982283760702306
2023-12-07 01:00:00,0.4411399999999999,0.8413972339038833,5.130480208087954,0.9666422152653691
2023-12-07 02:00:00,0.3171193333333333,0.5479547381769887,2.958838405805647,0.7060771080172243
2023-12-07 03:00:00,0.1585916666666666,0.4834827198786013,4.164439708012755,0.6330900330880924
2023-12-07 04:00:00,0.6236926666666666,0.3781745367446737,2.6500587312600117,0.609342940368418
2023-12-07 05:00:00,0.6555596666666667,0.2241516094691845,4.65650617767147,0.452101029620211
2023-12-07 06:00:00,0.20192,0.18362721358595446,0.19744757086174528,0.452101029620211
2023-12-07 07:00:00,0.1776856666666666,0.1829487899874725,0.06746249097550361,0.452101029620211
2023-12-07 08:00:00,0.1205183333333333,0.18616740694963607,0.84148703468188,0.4342810815399592
2023-12-07 09:00:00,0.182142,0.04452787010106249,1.485371066484167,0.4342810815399592
2023-12-07 10:00:00,0.020577,0.031094674384476523,0.13481510312347889,0.4083849848239011
2023-12-07 11:00:00,0.0,0.031094674384476523,0.39857021433572765,0.4083849848239011
2023-12-07 12:00:00,0.0,0.03628446018540875,0.4650926680992806,0.4083849848239011
2023-12-07 13:00:00,0.0,0.02936266936886787,0.37636944767819586,0.4083849848239011
2023-12-07 14:00:00,0.0,0.02247676290885205,0.2881061914135015,0.4083849848239011
2023-12-07 15:00:00,0.0,0.01780002985993835,0.2281600260139665,0.4083849848239011
2023-12-07 16:00:00,0.0,0.3111811656688589,3.98870695233256,0.5495467076521388
2023-12-07 17:00:00,0.0,0.7563385965103386,9.69471597592946,0.9667411557824024
2023-12-07 18:00:00,0.1340913333333333,0.7736061400132582,8.197273604400221,0.9579452076931283
2023-12-07 19:00:00,0.3041666666666667,0.7253109290610729,5.398209251311516,0.8738955475955057
2023-12-07 20:00:00,0.2846366666666666,0.8273635360444188,6.9566499387959695,1.0823024075579453
2023-12-07 21:00:00,0.3707053333333334,0.9040802734067207,6.836777306550168,1.3613713525211713
2023-12-07 22:00:00,0.8246689999999999,1.0992811060548553,3.5199663008566966,1.307493325740499
2023-12-07 23:00:00,1.5903666666666667,1.0992811060548553,5.300649602163951,1.317588401407166
2023-12-08 00:00:00,1.164571,1.035339858919735,1.3948872691367524,1.3525940940175292
2023-12-08 01:00:00,1.2256056666666666,1.1787661062300332,0.5055740125705573,1.411609369841074
2023-12-08 02:00:00,1.469242333333333,0.8494236870936267,6.690160990502717,1.448299082120041
2023-12-08 03:00:00,1.4622603333333335,0.8078783267395847,7.063228897614172,1.1054813883564
2023-12-08 04:00:00,1.006952,0.7830140739097249,2.4171276332397373,1.060914795830202
2023-12-08 05:00:00,0.563593,0.5658720245091874,0.029212439270844017,0.7656208428839215
2023-12-08 06:00:00,0.4511653333333333,0.5640164518228256,1.4465208391710498,0.7732782279263193
2023-12-08 07:00:00,0.9235283333333332,0.4681143934799378,4.915619420975005,0.6756909949657085
2023-12-08 08:00:00,0.2179876666666667,0.4774599302960042,3.3259044442848738,0.7116163461957346
2023-12-08 09:00:00,0.181815,0.4681143934799378,3.6697734542110294,0.6753469607585306
2023-12-08 10:00:00,0.1707286666666666,0.45571311681031546,3.65291856642852,0.6753469607585306
2023-12-08 11:00:00,0.0516019999999999,0.10367518337823883,0.6674718507607151,0.4763670291797481
2023-12-08 12:00:00,0.0,0.05377869186286918,0.6893329860106099,0.4573453634537873
2023-12-08 13:00:00,0.0,0.023028166452473516,0.2951740585938829,0.4573453634537873
2023-12-08 14:00:00,0.0,0.040698438269895075,0.5216708515352586,0.4703976651119991
2023-12-08 15:00:00,0.0,0.040698438269895075,0.5216708515352586,0.4533905475483079
2023-12-08 16:00:00,0.0,0.03259572975756202,0.4178106782937346,0.4533905475483079
2023-12-08 17:00:00,0.0,0.03736849641796496,0.4789877984426723,0.4533905475483079
2023-12-08 18:00:00,0.0,0.03969061047399545,0.5087525576930901,0.4533905475483079
2023-12-08 19:00:00,0.0,0.05127363424538614,0.6572232639669529,0.4689902285183249
2023-12-08 20:00:00,0.0061326666666666,0.05127363424538614,0.5786150033510079,0.4689902285183249
2023-12-08 21:00:00,0.0,0.051003195426501696,0.6537567906836279,0.4684969608806599
2023-12-08 22:00:00,0.0,0.16496983878500804,2.1145763802015134,0.4774117032329338
2023-12-08 23:00:00,0.0,0.1644345893000086,2.1077155750577936,0.4774117032329338
2023-12-09 00:00:00,0.0,0.2556517095684585,3.2769327447553236,0.4339664345303857
2023-12-09 01:00:00,0.0,0.059725300000283754,0.7655563563084883,0.3427762924369292
2023-12-09 02:00:00,0.01408,0.14229410903973128,1.643442998918876,0.336793318722752
2023-12-09 03:00:00,0.2310423333333333,0.14229410903973128,0.9579252120721469,0.336793318722752
2023-12-09 04:00:00,0.1698706666666666,0.23972160799297143,0.895346396355144,0.430426130622206
2023-12-09 05:00:00,0.108513,0.23972160799297143,1.6818263591967018,0.4227006192245263
2023-12-09 06:00:00,0.0674766666666666,0.5170729472267905,5.762906010582149,0.7174120743243091
2023-12-09 07:00:00,0.2500543333333333,0.5715462422134723,4.120869620475249,0.7063827898617009
2023-12-09 08:00:00,0.6568933333333333,0.5684510435873169,0.9546230342684919,0.6918901484942943
2023-12-09 09:00:00,0.6782339999999999,0.5678448133099404,1.1915121222112195,0.6983250591192831
2023-12-09 10:00:00,0.6055986666666666,0.6311112549991091,0.3270192726313699,0.760889002930144
2023-12-09 11:00:00,0.8375353333333333,0.7944935336584099,0.46458197231265885,1.0756303284207116
2023-12-09 12:00:00,0.7019296666666666,0.634711515637916,0.7255352103304618,0.7630272965237688
2023-12-09 13:00:00,0.7561570000000001,0.563624538931093,2.078145225644826,0.7127353407214276
2023-12-09 14:00:00,0.7958693333333334,0.7110701717560078,0.9153000579342965,0.7950748312460911
2023-12-09 15:00:00,1.553116333333333,1.1385003662067608,4.475256732171628,1.1970292707087866
2023-12-09 16:00:00,1.810519,1.4443166514351578,3.952692746277111,1.1332362085497336
2023-12-09 17:00:00,1.7956296666666665,1.9278939412852238,1.6953578491240227,1.044586572821634
2023-12-09 18:00:00,1.7240976666666663,1.8981318119389539,2.2307622754055916,1.0438263586396883
2023-12-09 19:00:00,1.8877806666666668,1.9802632754215093,1.1854381473165365,1.2066337814836459
2023-12-09 20:00:00,2.3616056666666667,1.7877613609410994,6.19392593636588,0.8326660326828081
2023-12-09 21:00:00,1.925363,0.9254892565755762,10.792376696423231,1.1799065802584365
2023-12-09 22:00:00,1.33031,0.5717221506561772,8.18799961624046,0.7250428016891602
2023-12-09 23:00:00,1.0129876666666664,1.215527733133842,2.596149961412557,1.0934882406679098
2023-12-10 00:00:00,1.6152776666666666,2.333066199122573,9.200582893754408,1.171529091307711
2023-12-10 01:00:00,2.0100526666666667,2.2971884507121363,3.6804942729226355,1.1690144037871317
2023-12-10 02:00:00,1.9623823333333328,2.283665296480519,4.118191362953146,1.1916005793558737
2023-12-10 03:00:00,1.658005333333333,2.12312574394403,5.9618936495947485,1.1516914766381334
2023-12-10 04:00:00,1.506059,2.070370338547627,7.233318746997243,1.0338675678893838
2023-12-10 05:00:00,1.4649333333333334,2.281488538124443,10.4665699008903,1.1936018047693526
2023-12-10 06:00:00,1.453763333333333,2.270856902868301,10.473470637289637,1.1936018047693526
2023-12-10 07:00:00,1.4988573333333333,2.276935100785063,9.973367744861212,1.123102338694611
2023-12-10 08:00:00,1.5163640000000005,2.2648750721278477,9.594383101165374,1.1229920327660161
2023-12-10 09:00:00,1.506862666666667,2.2650820050929186,9.718823245851858,1.0982081462070952
2023-12-10 10:00:00,1.503546,2.299565309901239,10.203341673232194,1.1059663546267242
2023-12-10 11:00:00,1.5143436666666668,2.3022546014185425,10.09940886527812,1.13979487323196
2023-12-10 12:00:00,1.4864850000000005,2.302461534383614,10.459152528207964,1.13979487323196
2023-12-10 13:00:00,1.481016,2.355829180979829,11.213318162962329,0.9936571448329607
2023-12-10 14:00:00,1.5148823333333332,2.310532149843672,10.198605522655864,1.0478615231429733
2023-12-10 15:00:00,1.4591226666666668,2.3063406908820516,10.85960461670557,1.193999251541973
2023-12-10 16:00:00,1.694463,2.0760810789193385,4.891564311900415,1.1495625349788916
2023-12-10 17:00:00,1.4666373333333331,2.0846381477089007,7.921508165664972,1.1569242344112796
2023-12-10 18:00:00,0.9304323333333332,2.0853329907121236,14.80346752811596,1.1564324952977147
2023-12-10 19:00:00,1.3410540000000002,2.034807473777798,8.892502533418234,1.0383072897982373
2023-12-10 20:00:00,1.1434566666666668,1.5410893972148492,5.096839435649803,1.18405850851008
2023-12-10 21:00:00,1.1375156666666664,2.036029208477996,11.517108380529656,1.1663887705060705
2023-12-10 22:00:00,1.2436496666666668,2.215096105012635,12.4519591477224,1.1883105912495413
2023-12-10 23:00:00,1.0134626666666668,2.3499780420328626,17.13139726231187,0.9718693666764477
2023-12-11 00:00:00,0.9977516666666668,2.306515200131291,16.77567533262855,1.1788703305623567
2023-12-11 01:00:00,1.4874983333333331,2.11448240855109,8.036655221235769,1.1939878406887752
2023-12-11 02:00:00,1.188991,2.0569395219750564,11.125327255675655,1.1642099183833767
2023-12-11 03:00:00,1.371321,2.0569395219750564,8.78822906705101,1.2783709423228755
2023-12-11 04:00:00,0.7351173333333335,1.8877411096662222,14.774282563666386,1.0622396720435603
2023-12-11 05:00:00,0.9848003333333336,2.0569395219750564,13.742634540273496,1.2803708968792966
2023-12-11 06:00:00,1.4534706666666668,2.0492779248837807,7.63703210633814,1.281525418495959
2023-12-11 07:00:00,1.4606956666666668,2.051713040318492,7.575635569612107,1.2894662850321832
2023-12-11 08:00:00,1.3903626666666669,2.27460271201479,11.334151309671872,1.3409869723292065
2023-12-11 09:00:00,1.5094686666666666,2.197246585367608,8.815908122481206,1.20205736430327
2023-12-11 10:00:00,1.4662026666666668,2.4029391074089848,12.007047874061143,1.1770160238471996
2023-12-11 11:00:00,1.6171636666666669,2.4029391074089848,10.07203619384963,1.1766649771182889
2023-12-11 12:00:00,1.9776953333333327,2.321468242177051,4.406466530778696,1.2321773285575595
2023-12-11 13:00:00,1.7251366666666663,2.4041315524115805,8.70332757944297,1.1766649771182889
2023-12-11 14:00:00,2.315807,2.370501871027305,0.7010765315909231,1.2298669411703722
2023-12-11 15:00:00,2.5260936666666662,2.3099633089746368,2.3328547740001584,1.2266424719996651
2023-12-11 16:00:00,2.527149333333333,2.2020495783271365,3.509042059575772,1.1991073929706828
2023-12-11 17:00:00,2.434171333333333,2.0606307718627708,4.0318995046082655,1.1728729703608343
2023-12-11 18:00:00,2.2670866666666667,2.0606307718627708,2.2284311420056695,1.199295474621802
2023-12-11 19:00:00,1.9297146666666667,2.065167539982142,1.7362291716645673,1.1728729703608343
2023-12-11 20:00:00,1.5717356666666666,2.065167539982142,6.32478877494248,1.1649321038246105
2023-12-11 21:00:00,1.8312996666666668,1.9373986071260765,1.359971708236058,1.0637967844604947
2023-12-11 22:00:00,1.7167610000000002,1.8648352975958353,1.8980100515169904,0.943738483131126
2023-12-11 23:00:00,1.8812773333333328,1.4397531743472065,4.765696744900981,0.980857107877358
2023-12-12 00:00:00,1.4641543333333331,0.930345670740229,5.7617916345996365,0.8920375650084031
2023-12-12 01:00:00,0.7700223333333334,0.7789216240377861,0.11407072991510227,0.9330425980163112
2023-12-12 02:00:00,1.224299,0.6211995807699784,6.509698009903237,0.6803854941096571
2023-12-12 03:00:00,0.5948683333333334,0.614664101117471,0.2537413098817644,0.6861939786416631
2023-12-12 04:00:00,0.6588466666666667,0.5966274352976254,0.6715781738570694,0.6644058529491921
2023-12-12 05:00:00,0.789685,0.5653837015689196,2.421049779619539,0.6694136660416959
2023-12-12 06:00:00,0.5913183333333333,0.5555893971727245,0.38564882870823536,0.6785429869167927
2023-12-12 07:00:00,0.538375,0.36878896735056005,1.8304674553573028,0.6081484554128185
2023-12-12 08:00:00,0.2895516666666666,0.1755907263163672,1.230064700695896,0.5046956216496518
2023-12-12 09:00:00,0.1553906666666666,0.10274431882358694,0.5682509630341049,0.474443642767061
2023-12-12 10:00:00,0.223698,0.024312889004344487,2.1521109436812815,0.4447928188600124
2023-12-12 11:00:00,0.0659536666666666,0.011815207685087991,0.5843564219338033,0.4447928188600124
2023-12-12 12:00:00,0.129354,0.008728280373154184,1.3020025918786953,0.4447928188600124
2023-12-12 13:00:00,0.0733973333333333,0.014576713048956358,0.6348944512255335,0.4973407832520954
2023-12-12 14:00:00,0.0992503333333333,0.13463929020985993,0.45361414475646383,0.6038830986834653
2023-12-12 15:00:00,0.2250773333333333,0.5001380970601096,3.5257171758216437,0.7404285667605067
2023-12-12 16:00:00,0.2725443333333333,0.5001380970601096,2.9172871877810254,0.6781264484340954
2023-12-12 17:00:00,0.1444586666666666,0.15832316530739649,0.17771455415696086,0.5454794978944373
2023-12-12 18:00:00,0.2904966666666666,0.39981726382774924,1.4012667668761623,0.6644965829526487
2023-12-12 19:00:00,0.5367163333333335,0.5880073517965656,0.6574460941322495,0.6953226873742304
2023-12-12 20:00:00,0.2888483333333333,0.3430523456015884,0.6947847248852468,0.6489750363000407
2023-12-12 21:00:00,0.3526693333333333,0.539627822474703,2.3964259656682687,0.6905120040218586
2023-12-12 22:00:00,0.5670233333333333,0.9672013197870077,5.1294644176402135,1.224121017448275
2023-12-12 23:00:00,0.987275,1.0598360150858324,0.9300840065916981,1.1933436427387796
2023-12-13 00:00:00,1.412541,1.9343920161532582,6.689064139657269,1.383052337225409
2023-12-13 01:00:00,1.0632029999999997,0.8957762814104879,1.8071603819453983,0.8976206322798375
2023-12-13 02:00:00,0.8298836666666666,1.0585532013457595,2.9310763741136863,1.2630175216418265
2023-12-13 03:00:00,1.218813666666667,0.8793648397810281,3.6639222031793235,1.0012679499290897
2023-12-13 04:00:00,1.4830626666666666,0.849414283965881,6.839435562899275,0.8997923551652864
2023-12-13 05:00:00,1.6231903333333333,0.9354876218145409,7.422883905765325,0.9508985995092338
2023-12-13 06:00:00,1.720878666666667,0.8470038614458202,9.432376983074283,0.8792528516464861
2023-12-13 07:00:00,0.6528493333333332,0.6165251207323678,0.39207408752224493,0.7730365272297804
2023-12-13 08:00:00,0.4517323333333333,0.5778738295574407,1.6168763359609715,0.6908201571054722
2023-12-13 09:00:00,0.1760459999999999,0.42530455814456125,3.1949856015951577,0.5746056287453913
2023-12-13 10:00:00,0.3140183333333333,0.2451787888192138,0.7430361092012503,0.482760068210092
2023-12-13 11:00:00,0.1232219999999999,0.1840898714838987,0.7802017890114492,0.40100616285493
2023-12-13 12:00:00,0.1653346666666666,0.4348158592593779,3.454198470228896,0.7101279002526
2023-12-13 13:00:00,0.221381,0.24126770139256049,0.25490689300867836,0.4922757044844181
2023-12-13 14:00:00,0.3358956666666666,0.4671120629968635,1.681926189772153,0.7610297161545506
2023-12-13 15:00:00,0.2007803333333333,0.228890316244718,0.3603125659214989,0.5033867955117909
2023-12-13 16:00:00,0.00266,0.4130300488864816,5.2601058406099,0.594910592394231
2023-12-13 17:00:00,0.010446,0.23948914366457474,2.9358652782063945,0.4657547431596571
2023-12-13 18:00:00,0.0,0.11996683797508462,1.5377298290275683,0.4358650406029889
2023-12-13 19:00:00,0.0692373333333333,0.14781412154220083,1.007193930734858,0.43625755840494984
2023-12-13 20:00:00,0.1583143333333333,0.23960371192618196,1.0419637989566697,0.47334866865965713
2023-12-13 21:00:00,0.0305143333333333,0.23960371192618196,2.6800987658092423,0.4552422176596571
2023-12-13 22:00:00,0.026568,0.1655073115595712,1.7809181888588221,0.4367946812855763
2023-12-13 23:00:00,0.1010503333333333,0.07866259792610056,0.24164738346584125,0.4558883900047659
2023-12-14 00:00:00,0.2831876666666666,0.08031699879586375,2.1897331365239134,0.415050751750924
2023-12-14 01:00:00,0.2318976666666666,0.039398232798746456,2.0777887386417184,0.3451687043655332
2023-12-14 02:00:00,0.4293996666666667,0.04762893810728634,4.120733784017206,0.3666885954096452
2023-12-14 03:00:00,0.6964826666666667,0.05396644357715054,6.935152721778914,0.3666885954096452
2023-12-14 04:00:00,0.2996483333333333,0.06535116798698151,2.528942562949815,0.3700452809065223
2023-12-14 05:00:00,0.193854,0.12670728675485565,0.7247641295054008,0.3559422498380487
2023-12-14 06:00:00,0.1612343333333333,0.11078867586446753,0.5444972844652828,0.3668705259603895
2023-12-14 07:00:00,0.0892243333333333,0.1399338780431989,0.6499927882817274,0.35558025618528366
2023-12-14 08:00:00,0.1241236666666666,0.21506608408639288,1.1656960402610028,0.38936427960170383
2023-12-14 09:00:00,0.199678,0.2105001424931992,0.1387177623972669,0.3860075941048268
2023-12-14 10:00:00,0.2600743333333333,0.0932130860066741,1.8010568324524336,0.3513944532088135
2023-12-14 11:00:00,0.3114723333333333,0.33926423946056405,0.35623547122457727,0.5258363202357449
2023-12-14 12:00:00,0.4965613333333333,0.5204626625485486,0.3063662217660335,0.702173083503831
2023-12-14 13:00:00,0.4805283333333334,0.5537844538367359,0.938993838283172,0.6964036937403403
2023-12-14 14:00:00,0.2532156666666666,0.4757346321166829,2.852238639213859,0.5703695268715189
2023-12-14 15:00:00,0.4922396666666667,0.20952029844270503,3.051599205713527,0.3860075941048268
2023-12-14 16:00:00,0.2385863333333333,0.3579282685347294,1.5297198518408526,0.5438275210454154
2023-12-14 17:00:00,0.268467,0.5221638828180643,3.251875858574106,0.7068584039920415
2023-12-14 18:00:00,0.3673146666666667,0.5002007614640758,1.7033283137411706,0.6930363193112101
2023-12-14 19:00:00,0.3007323333333333,0.3409362882707526,0.5153325852014999,0.5305216407239555
2023-12-14 20:00:00,0.2259436666666666,0.21468180059587985,0.12155764839301955,0.3944100408385257
2023-12-14 21:00:00,0.186186,0.3409362882707526,1.9835826161724215,0.5305216407239555
2023-12-14 22:00:00,0.2643353333333333,0.34422764887905255,1.0240563042117534,0.561854943946993
2023-12-14 23:00:00,0.2988126666666666,0.21621754396122256,0.8915102365540103,0.386206259767075
2023-12-15 00:00:00,0.2820036666666666,0.15590878629420202,1.361035288124779,0.5178056495365961
2023-12-15 01:00:00,0.0299196666666666,0.35326134742397625,4.144579917757673,0.653286958362884
2023-12-15 02:00:00,0.0196626666666666,0.36377601871171117,4.410830317260069,0.653286958362884
2023-12-15 03:00:00,0.0259993333333333,0.46731612207450324,5.6567798364319275,0.73126071449278
2023-12-15 04:00:00,0.0636733333333333,0.5411096817503747,6.119758816810356,0.6981522645568745
2023-12-15 05:00:00,0.153186,0.5411096817503747,4.9723892609192335,0.6981522645568745
2023-12-15 06:00:00,0.269638,0.4650401069661257,2.5046558999833897,0.7716899684042938
2023-12-15 07:00:00,0.216203,0.5371301641181698,4.113630746125261,0.6981522645568745
2023-12-15 08:00:00,0.324597,0.46211826789650373,1.7627417654707582,0.7741229728592407
2023-12-15 09:00:00,0.5703756666666667,0.5541034056572516,0.17563854603749027,0.6705978037087958
2023-12-15 10:00:00,0.5116093333333334,0.4626404003231703,0.5285579053787213,0.7712767219480592
2023-12-15 11:00:00,0.4609416666666666,0.5376522965448362,0.9832735925877566,0.695306013645693
2023-12-15 12:00:00,0.3859456666666667,0.45968718564028255,0.9452156552386745,0.7662631239775056
2023-12-15 13:00:00,0.3033693333333333,0.3553087903618848,0.6657577520955147,0.645427109481149
2023-12-15 14:00:00,0.2837856666666666,0.3492657234368878,0.8393205839342007,0.645427109481149
2023-12-15 15:00:00,0.3397133333333333,0.44941197728296406,1.4061125545399105,0.6645945900560655
2023-12-15 16:00:00,0.2457876666666666,0.23188075405406947,0.15010759166987986,0.513783933941507
2023-12-15 17:00:00,0.08854,0.5371987366608713,5.75088861273923,0.7060142467488035
2023-12-15 18:00:00,0.2009256666666666,0.5925506992693836,5.019833018789433,0.7606134182611219
2023-12-15 19:00:00,0.3002883333333333,0.5535746267524838,3.2466129411141718,0.6981282617066809
2023-12-15 20:00:00,0.241842,0.540912504500385,3.8334730123342755,0.7060142467488035
2023-12-15 21:00:00,0.1748066666666667,0.5504360392566788,4.814801328768328,0.6902924156751394
2023-12-15 22:00:00,0.2295506666666666,0.5549048016887579,4.170375470968397,0.6824064306330169
2023-12-15 23:00:00,0.1749403333333333,0.5436693432732351,4.726352773673576,0.6902924156751394
2023-12-16 00:00:00,0.2522103333333332,0.38624898597412605,1.718101751179098,0.6728420744308684
2023-12-16 01:00:00,0.2292516666666667,0.5509426259004757,4.123421039446386,0.6372439963960471
2023-12-16 02:00:00,0.3779666666666665,0.5300314721431388,1.949160211882973,0.6161998420647883
2023-12-16 03:00:00,0.204571,0.5300314721431388,4.171738495665285,0.6257935036138372
2023-12-16 04:00:00,0.3651423333333333,0.48577193806441493,1.5462251451298075,0.6299704107062728
2023-12-16 05:00:00,0.4087986666666666,0.3908117961464558,0.1941455944018175,0.6897618767944743
2023-12-16 06:00:00,0.2808913333333334,0.33462967993241494,0.6888158421345738,0.5491686228490396
2023-12-16 07:00:00,0.2460766666666667,0.22767061711869574,0.19867010362168575,0.43144262764260877
2023-12-16 08:00:00,0.303405,0.22767061711869574,0.8174571982727165,0.430786277670684
2023-12-16 09:00:00,0.2831543333333333,0.30539926080298935,0.28513453460988203,0.5484276696137644
2023-12-16 10:00:00,0.2594153333333333,0.30478022638737484,0.5814852705739663,0.5246514602180731
2023-12-16 11:00:00,0.119388,0.14700579014927592,0.3540036600213258,0.3654172522795307
2023-12-16 12:00:00,0.3647366666666666,0.20494875771115006,1.724709060841601,0.40677147425664006
2023-12-16 13:00:00,0.3892213333333333,0.48836813151032266,1.2708594440156586,0.5823861239101038
2023-12-16 14:00:00,0.3057926666666667,0.5185395106704542,2.7269800019572297,0.5969947949579629
2023-12-16 15:00:00,0.4488609999999999,0.5892399725278319,1.7993717019458395,0.6323610678440221
2023-12-16 16:00:00,0.5670633333333334,0.7585045099237198,2.4538848628177634,0.6553504154775491
2023-12-16 17:00:00,1.0185183333333334,0.6927111408827167,3.5166779550471237,0.6579892708669639
2023-12-16 18:00:00,0.7436133333333333,0.6081657733146953,1.4619856756374834,0.6475336023485246
2023-12-16 19:00:00,0.5660563333333333,0.5006395624054742,0.7060915828223728,0.6070466065312153
2023-12-16 20:00:00,0.782118,0.4006750486834696,4.117195841851393,0.6159487309626848
2023-12-16 21:00:00,0.7208656666666666,0.35586181881376255,3.9397564418294424,0.6781774943483092
2023-12-16 22:00:00,0.7862253333333333,0.37719946172608304,4.414918697484481,0.6734181800700585
2023-12-16 23:00:00,0.8398110000000001,0.42837624573137423,4.440919549362048,0.6274498877733816
2023-12-17 00:00:00,0.5731013333333332,0.30641161799539846,2.8785793085548956,0.5351515125528786
2023-12-17 01:00:00,0.5145643333333334,0.4712474897771592,0.46755072431162514,0.6440059987057141
2023-12-17 02:00:00,0.2862186666666667,0.27955771045267525,0.07189662604157614,0.521180861818355
2023-12-17 03:00:00,0.0874433333333333,0.23661505967780613,1.9120768465621605,0.38970633418580153
2023-12-17 04:00:00,0.0466593333333333,0.2031598912102951,2.0060174975757903,0.41770928351465847
2023-12-17 05:00:00,0.129384,0.14374733591331812,0.18410862910998238,0.3249113656542517
2023-12-17 06:00:00,0.2582856666666666,0.19580422274634907,0.6744084278231465,0.4155417063184393
2023-12-17 07:00:00,0.2822956666666667,0.22413385609985015,0.6277834307692661,0.3930010170634198
2023-12-17 08:00:00,0.3558653333333333,0.2220482309290808,1.4443869409195036,0.40040903279518997
2023-12-17 09:00:00,0.307796,0.15023126744878645,1.7007126739221248,0.305232138222569
2023-12-17 10:00:00,0.0321356666666666,0.08286218568776502,0.6502103642814825,0.320368114192758
2023-12-17 11:00:00,0.0,0.08419709127131414,1.079234736453969,0.320368114192758
2023-12-17 12:00:00,0.0,0.08419709127131414,1.079234736453969,0.320368114192758
2023-12-17 13:00:00,0.0,0.0746394157625147,0.9567248581065918,0.3143814720548633
2023-12-17 14:00:00,0.0,0.051815928598995725,0.66417436993702,0.3143814720548633
2023-12-17 15:00:00,0.0,0.05713674303421296,0.7323763431644321,0.3121775565517917
2023-12-17 16:00:00,0.0,0.2009333406002725,2.5755550175571527,0.3950798575058681
2023-12-17 17:00:00,0.0196633333333333,0.19945007631656544,2.3044988283049217,0.3922360847298131
2023-12-17 18:00:00,0.0436543333333333,0.39208878151100485,4.466217943785795,0.6115826589125858
2023-12-17 19:00:00,0.0997939999999999,0.25838372888576056,2.0327964027498755,0.44401114774668593
2023-12-17 20:00:00,0.1020586666666666,0.23961596007117922,1.7632035389008678,0.3978500819058587
2023-12-17 21:00:00,0.020668,0.1334062608237898,1.4450742344099816,0.3222201823209184
2023-12-17 22:00:00,0.0,0.09331668628785672,1.196129317675666,0.3319185759689649
2023-12-17 23:00:00,0.0,0.08894932212818177,1.1401486295462275,0.3237280183279986
2023-12-18 00:00:00,0.0,0.12285642847840617,1.5747684772542987,0.4121246108424398
2023-12-18 01:00:00,0.0219803333333333,0.21015883962976434,2.412064093695389,0.4150263095318197
2023-12-18 02:00:00,0.0212703333333333,0.20865674945467583,2.4019111155051474,0.3996685494717207
2023-12-18 03:00:00,0.0286296666666666,0.30918195325702197,3.5961072824264892,0.5713606457626852
2023-12-18 04:00:00,0.0542533333333333,0.399136999988965,4.420704177190274,0.6564128756861889
2023-12-18 05:00:00,0.0431496666666666,0.27994655033412774,3.0352523879294915,0.5392635040321211
2023-12-18 06:00:00,0.044939,0.20478271031626488,2.0488698834157026,0.4012106930815122
2023-12-18 07:00:00,0.0202766666666666,0.21096444466390898,2.4442278316799952,0.3969523132986521
2023-12-18 08:00:00,0.0,0.213478206520561,2.7363545756048975,0.3947789054295855
2023-12-18 09:00:00,0.0771103333333333,0.23437936798419678,2.0158678001934933,0.3947789054295855
2023-12-18 10:00:00,0.0215526666666666,0.14383422473212876,1.5673998127405855,0.3814068558265366
2023-12-18 11:00:00,0.0,0.04314270527188567,0.5530013620539183,0.387784332098061
2023-12-18 12:00:00,0.0,0.04094855222512285,0.524876801580301,0.371343487893913
2023-12-18 13:00:00,0.0,0.058268932340905855,0.7468886975649814,0.36372143562976983
2023-12-18 14:00:00,0.0,0.19723156399812763,2.5281058024440837,0.3703172211194384
2023-12-18 15:00:00,0.0,0.3821946411625362,4.898954662222396,0.6609969430831334
2023-12-18 16:00:00,0.029118,0.48046880678303105,5.785395453117392,0.5605334628845079
2023-12-18 17:00:00,0.015097,0.48046880678303105,5.965116035044151,0.6216421497056239
2023-12-18 18:00:00,0.0375406666666666,0.4755031703952374,5.6137847537407835,0.6687863377907608
2023-12-18 19:00:00,0.1050053333333333,0.48337902708620717,4.849977920764864,0.6252848755863469
2023-12-18 20:00:00,0.3756213333333333,0.527590300681173,1.9479317628245152,0.5599833951795881
2023-12-18 21:00:00,0.3019803333333333,0.4875904114470663,2.379142090440872,0.5587786501708036
2023-12-18 22:00:00,0.2729476666666667,0.5462218958082815,3.5028174514597934,0.6421262625310541
2023-12-18 23:00:00,0.3618936666666666,0.6141924095522276,3.23395456035825,0.5888718088414899
2023-12-19 00:00:00,0.3022233333333333,0.6830630583792386,4.881587405040823,0.6820158426848764
2023-12-19 01:00:00,0.4917173333333333,0.7968200267392306,3.910793353279345,0.920098040512273
2023-12-19 02:00:00,0.3974896666666667,1.0778868579859473,8.721302272679134,1.3309622903120095
2023-12-19 03:00:00,0.141479,1.1538356420884877,12.976344400082995,1.2244256828498232
2023-12-19 04:00:00,0.1593816666666667,0.7882017415805846,8.060188987287507,1.109219512477504
2023-12-19 05:00:00,0.1947093333333333,0.6568816315315174,5.924104870023942,0.6857750980964727
2023-12-19 06:00:00,0.1073413333333333,0.7802459648619701,8.625262959813037,1.111176947013357
2023-12-19 07:00:00,0.4498273333333333,0.6740613561654991,2.8742221718262053,0.6839732772207292
2023-12-19 08:00:00,0.29365,0.6321321208577704,4.338649435301504,0.6957365698008582
2023-12-19 09:00:00,0.4255609999999999,0.7327866393276501,3.9380051838518053,0.7084233817951626
2023-12-19 10:00:00,0.6388176666666667,0.5036054200668554,1.4594457638992244,0.6698187584975429
2023-12-19 11:00:00,0.5366243333333333,0.41741471066830715,1.2867176101986317,0.7250124359918797
2023-12-19 12:00:00,0.5325336666666666,0.5027471351344842,0.3215080612820383,0.6780442800702748
2023-12-19 13:00:00,0.7207146666666667,0.497209971919347,2.412451446990602,0.6108626754100971
2023-12-19 14:00:00,0.6605933333333333,0.6825210873637608,0.28106901894981096,0.6871589745953345
2023-12-19 15:00:00,0.5405466666666667,0.7927412967252927,3.2326200465687336,1.120932986379319
2023-12-19 16:00:00,0.4995816666666666,1.1775852196717032,8.690620718527638,1.2343871545542084
2023-12-19 17:00:00,0.8214380000000001,1.2303295128571012,5.241154028642142,1.243248779665771
2023-12-19 18:00:00,1.0963293333333333,0.9842973867698297,1.2092436443084564,1.3582300878500424
2023-12-19 19:00:00,1.2110813333333337,1.1787008462026436,0.34950654222725513,1.232651204422555
2023-12-19 20:00:00,1.347159666666667,1.2370936244850046,1.1880241845741557,1.2346711844602476
2023-12-19 21:00:00,1.2843026666666668,1.5943706061671237,3.974437666632445,1.2896884471166894
2023-12-19 22:00:00,0.9449249999999998,1.6482537454836206,9.015237959070992,1.3579935845196847
2023-12-19 23:00:00,0.5486463333333332,1.6711938664008716,14.388766556119169,1.263023015822831
2023-12-20 00:00:00,1.154224666666667,1.4453818049117486,3.7320398200938727,1.3628113255754606
2023-12-20 01:00:00,1.863543,1.4398468903412893,4.573265425077622,1.2756248419943859
2023-12-20 02:00:00,1.5754606666666666,1.4390019670300302,1.4728996532490384,1.1479305933592667
2023-12-20 03:00:00,1.5618103333333335,1.2064026643382735,3.836177787263109,1.1661801857351817
2023-12-20 04:00:00,1.688722,1.007933606561964,7.348252557740481,1.1878725808208872
2023-12-20 05:00:00,1.183777,1.2512314900516568,0.8646287857967753,1.1661801857351817
2023-12-20 06:00:00,1.5779703333333337,1.4726098743309566,1.137233345649563,1.2724808738709124
2023-12-20 07:00:00,1.2163946666666667,1.4721261801164274,3.2779556675131607,1.2812396733912421
2023-12-20 08:00:00,1.817127,1.2491571776782493,6.13051829294308,1.1661801857351817
2023-12-20 09:00:00,2.063463333333333,1.2024145816322371,9.293935902863941,1.1661801857351817
2023-12-20 10:00:00,2.035071666666667,1.4721261801164274,6.076286921580382,1.274915354868912
2023-12-20 11:00:00,2.3187506666666664,1.4270454172112013,9.62483415290206,1.3794696000948472
2023-12-20 12:00:00,2.446053666666667,1.4278912747000634,10.989779604174068,1.2664371646536083
2023-12-20 13:00:00,2.529391333333333,1.0947699176775645,15.48492980872371,1.155726074745044
2023-12-20 14:00:00,2.502685666666667,1.3138548570450221,12.83193004129565,1.143123031942744
2023-12-20 15:00:00,2.456274333333334,1.4192359949760793,11.193521651896711,1.3886586477632827
2023-12-20 16:00:00,2.520997333333333,1.3876469741279687,12.233088513435298,1.3886586477632827
2023-12-20 17:00:00,2.524891666666667,1.3927965353891114,12.219539910198268,1.3835163427220334
2023-12-20 18:00:00,2.5100976666666663,1.4238375001208197,11.724809241946387,1.3975446699837502
2023-12-20 19:00:00,2.5144433333333334,1.4776646247080656,11.190719276209162,1.420227222187708
2023-12-20 20:00:00,2.52639,1.3880064488934427,12.287415475554562,1.39392817550467
2023-12-20 21:00:00,2.5100066666666665,1.3964079614141398,12.01989430642837,1.3887858704634206
2023-12-20 22:00:00,2.474517333333333,1.4091099267632052,11.499729983391912,1.3751346152249353
2023-12-20 23:00:00,2.514977666666667,1.41692041390505,11.852143917147208,1.3443923348573013
2023-12-21 00:00:00,2.513568,1.8007816882549923,7.693629751752492,1.3622335810865236
2023-12-21 01:00:00,2.517631,1.8271558786531095,7.452808575173313,1.3471978235666198
2023-12-21 02:00:00,2.516451,1.8248240163727623,7.46524147654077,1.3507601995565133
2023-12-21 03:00:00,2.523024,1.8306585858852107,7.47321190284528,1.3507601995565133
2023-12-21 04:00:00,2.053065,1.8306585858852107,2.400596891970428,1.3475484352758857
2023-12-21 05:00:00,1.7802300000000002,1.8298711543124764,0.6362982055883538,1.3507601995565133
2023-12-21 06:00:00,1.5024393333333337,1.8298711543124764,4.197007161237445,1.3507601995565133
2023-12-21 07:00:00,1.4896969999999998,1.8298711543124764,4.360337848190695,1.3475484352758857
2023-12-21 08:00:00,1.9124456666666665,1.840571710467527,0.7757887583953428,1.3990140944061569
2023-12-21 09:00:00,1.8454666666666664,1.8717175750934887,0.33648302821300863,1.4383921293674828
2023-12-21 10:00:00,1.5166673333333336,1.8717175750934887,4.551018904669559,1.4383921293674828
2023-12-21 11:00:00,1.5165203333333337,1.8704141524137328,4.536195927923317,1.4383921293674828
2023-12-21 12:00:00,1.5163303333333331,1.854459795533367,4.334129071619177,1.4580479085911588
2023-12-21 13:00:00,1.8866466666666668,1.8985794055868142,0.15295334018322362,1.4271292212659192
2023-12-21 14:00:00,1.7658366666666667,1.939563527544675,2.2268235171032678,1.4653851412464385
2023-12-21 15:00:00,1.5165206666666666,1.9783561417003246,5.919787485020372,1.4324275003566345
2023-12-21 16:00:00,1.516155333333333,1.996721446669096,6.159876010483174,1.4392610583217933
2023-12-21 17:00:00,1.5161953333333331,2.0012831094458714,6.217834491726927,1.4591110855043654
2023-12-21 18:00:00,1.5157936666666665,1.9907694508699623,6.088219409324262,1.4346033968885457
2023-12-21 19:00:00,1.515492,2.0209314658684208,6.478701585808666,1.4655314795758874
2023-12-21 20:00:00,1.0431956666666666,2.018753462317786,12.504658350874145,1.4655314795758874
2023-12-21 21:00:00,1.506326,2.0069665740645832,6.417189594681839,1.3911663154020797
2023-12-21 22:00:00,1.498661,1.997894908806035,6.399159019199174,1.3968271292799415
2023-12-21 23:00:00,1.505423,1.9648303106637965,5.888663377355775,1.4027079753482887
2023-12-22 00:00:00,1.5120646666666668,1.733810759201088,2.8423319870388237,1.4061332321515825
2023-12-22 01:00:00,1.504968,1.7281298471350315,2.860479069321624,1.4599033777734447
2023-12-22 02:00:00,1.402219,1.727808490385809,4.173392246014893,1.4833624102019167
2023-12-22 03:00:00,1.4864126666666668,1.727808490385809,3.0942014059977043,1.482833349531386
2023-12-22 04:00:00,1.491305,1.7232374738718368,2.972900589969299,1.462118479976883
2023-12-22 05:00:00,1.513246,1.7009412116955474,2.4058692440475116,1.446448530971639
2023-12-22 06:00:00,1.5150383333333333,1.7101931824848546,2.501486559827436,1.4823221310211214
2023-12-22 07:00:00,1.5142036666666665,1.7097115706626602,2.5060120018145007,1.4643871709497502
2023-12-22 08:00:00,1.504857,1.7097115706626602,2.625817177794015,1.4701759104177086
2023-12-22 09:00:00,1.515904666666667,1.725820612786183,2.6906936732262916,1.4079698536034222
2023-12-22 10:00:00,1.515848,1.6940922867576724,2.2847276899799693,1.420296789436939
2023-12-22 11:00:00,1.6725416666666668,1.6940922867576724,0.27623493214735423,1.4071803201071331
2023-12-22 12:00:00,1.991196333333333,1.702488751422464,3.1162344241826525,1.4080717003780887
2023-12-22 13:00:00,1.6981033333333333,1.7030204245544853,0.06302706623296518,1.4056909398020385
2023-12-22 14:00:00,1.5151966666666667,1.699773198823729,2.365894142307293,1.4044911484288645
2023-12-22 15:00:00,1.5250899999999998,1.699773198823729,2.239081816234828,1.4044911484288645
2023-12-22 16:00:00,1.5115853333333331,1.699773198823729,2.412184059445744,1.4044911484288645
2023-12-22 17:00:00,1.4852163333333337,1.699773198823729,2.750180780423323,1.4040112906212596
2023-12-22 18:00:00,1.5122240000000002,1.699773198823729,2.4039976572639716,1.42939674250856
2023-12-22 19:00:00,1.515786,1.699773198823729,2.35834009269489,1.407097137885568
2023-12-22 20:00:00,1.5157976666666666,1.7058899141479844,2.436594346844598,1.4359250650941011
2023-12-22 21:00:00,1.5153886666666667,1.7058899141479844,2.4418368914568243,1.4838422877999131
2023-12-22 22:00:00,1.515062,1.7058899141479844,2.446024090902615,1.5287297358343297
2023-12-22 23:00:00,1.515861,1.7066534496865498,2.4455695089436427,1.4604503261106245
2023-12-23 00:00:00,1.5156713333333336,1.592569181058509,0.9856733429915053,1.0154408535012975
2023-12-23 01:00:00,1.515847333333333,1.591581891667325,0.97076234903011,0.9354766790927396
2023-12-23 02:00:00,1.5139893333333336,1.5910181291481447,0.9873518300374733,0.9776780752185776
2023-12-23 03:00:00,1.4916893333333336,1.5910181291481447,1.2731922820000112,0.8968307485896616
2023-12-23 04:00:00,1.443636333333333,1.6067990292240562,2.0914124994094374,0.9700129909135948
2023-12-23 05:00:00,1.333792333333333,1.5968201979614747,3.3714799867286684,0.9820218237460345
2023-12-23 06:00:00,0.9425353333333332,1.6038082056752718,8.476167565057647,0.8776365422058807
2023-12-23 07:00:00,1.5089263333333331,1.6038082056752718,1.2161918059763048,0.853779223950281
2023-12-23 08:00:00,1.563915,1.6038082056752718,0.5113494143701438,0.8524993067295921
2023-12-23 09:00:00,2.022232,1.6038082056752718,4.516357426921983,0.8812912780202118
2023-12-23 10:00:00,1.958517,1.60499319749854,3.815843823121727,0.8524993067295921
2023-12-23 11:00:00,1.935683,1.6055569600177206,3.5632944701448066,0.8524993067295921
2023-12-23 12:00:00,1.6150103333333334,1.6065442494089046,0.09138070427076396,0.8657640108882123
2023-12-23 13:00:00,1.5152869999999996,1.6085317426395078,1.1952071470496672,0.9030842648275057
2023-12-23 14:00:00,1.5148133333333336,1.6034043282567934,1.1355556066696264,0.8718473250227452
2023-12-23 15:00:00,1.5078446666666667,1.6005859653305312,1.1887540235727247,0.9006392963133647
2023-12-23 16:00:00,1.505035,1.6005859653305312,1.2247682114590082,0.8678576675961256
2023-12-23 17:00:00,1.5061526666666667,1.6016192533687894,1.2236866497872463,0.8957612827392405
2023-12-23 18:00:00,1.514657666666667,1.6025041317962418,1.1260122554237242,0.8957612827392405
2023-12-23 19:00:00,1.513472,1.6073467508162393,1.203282565075539,0.8982062512533815
2023-12-23 20:00:00,1.5152546666666666,1.6013174597748203,1.1031492232822,0.9226118058181296
2023-12-23 21:00:00,1.5149796666666664,1.6013174597748203,1.1066741615911582,0.9226118058181296
2023-12-23 22:00:00,1.508186,1.6013174597748203,1.1937550921060796,0.9612577363212076
2023-12-23 23:00:00,1.515993,1.6013174597748203,1.0936852980042182,0.9226118058181296
2023-12-24 00:00:00,1.5156413333333332,1.5092015167090103,0.06950970292264187,0.8407045575914678
2023-12-24 01:00:00,1.511156,1.5092015167090103,0.02109618345510642,0.8481610680882983
2023-12-24 02:00:00,1.5099350000000002,1.5092015167090103,0.007917027553683849,0.8407045575914678
2023-12-24 03:00:00,1.514550666666667,1.5045819403073568,0.10759983523996972,0.8407045575914678
2023-12-24 04:00:00,0.7003013333333333,1.5062887841691794,10.3311128799575,0.8407045575914678
2023-12-24 05:00:00,0.0,1.503578452272365,19.272804679760824,0.8407045575914678
2023-12-24 06:00:00,0.0,1.503578452272365,19.272804679760824,0.8311187459312186
2023-12-24 07:00:00,0.0,1.5069563725677044,19.31610271850133,0.8311187459312186
2023-12-24 08:00:00,0.0,1.5079598606026963,19.328965385472678,0.8311187459312186
2023-12-24 09:00:00,0.0,1.51892987418031,19.469578553143542,0.8307768334837762
2023-12-24 10:00:00,0.0,1.5118450685194276,19.37876581537792,0.8307768334837762
2023-12-24 11:00:00,0.0,1.5302277066598897,19.61439368956328,0.8307768334837762
2023-12-24 12:00:00,0.0,1.5302277066598897,19.61439368956328,0.8307768334837762
2023-12-24 13:00:00,0.0,1.5380091044167683,19.714135315201236,0.8520688052249965
2023-12-24 14:00:00,0.0,1.5283910909086749,19.590852026944052,0.8520688052249965
2023-12-24 15:00:00,0.0,1.5267112719371885,19.5693201787815,0.8520688052249965
2023-12-24 16:00:00,0.0,1.5245058829919436,19.54105159703881,0.8524107176724389
2023-12-24 17:00:00,0.0,1.5245058829919436,19.54105159703881,0.8769010280214176
2023-12-24 18:00:00,0.0,1.521127962696604,19.497753558298303,0.8809535480214279
2023-12-24 19:00:00,0.0,1.521127962696604,19.497753558298303,0.8619965293326879
2023-12-24 20:00:00,0.0,1.521127962696604,19.497753558298303,0.8619965293326879
2023-12-24 21:00:00,0.0,1.521127962696604,19.497753558298303,0.8619965293326879
2023-12-24 22:00:00,0.0,1.521127962696604,19.497753558298303,0.8619965293326879
2023-12-24 23:00:00,0.0,1.521127962696604,19.497753558298303,0.8619965293326879
2023-12-25 00:00:00,0.0,0.9337001184520506,11.968128424027334,1.5142792883515646
2023-12-25 01:00:00,0.0,0.9370460827193638,12.011016851759143,1.5026081954058714
2023-12-25 02:00:00,0.0,0.9370460827193638,12.011016851759143,1.5026081954058714
2023-12-25 03:00:00,0.0,0.9320648222205976,11.94716726645374,1.5026081954058714
2023-12-25 04:00:00,0.0,0.9313415816268744,11.937896799270444,1.511468054993728
2023-12-25 05:00:00,0.0,0.9301348538200411,11.922429013543942,1.503024514125349
2023-12-25 06:00:00,0.0,0.9265160010467581,11.876042712543892,1.5080296135266682
2023-12-25 07:00:00,0.0,0.9310755233240651,11.934486475255941,1.484756826052308
2023-12-25 08:00:00,0.7565153333333334,0.9330054917246215,2.2622433471527237,1.4833005793352985
2023-12-25 09:00:00,1.6117686666666666,0.9329766359426546,7.326704338703695,1.521703399800083
2023-12-25 10:00:00,1.9903133333333332,0.9329766359426546,11.412616851114247,1.524728478478278
2023-12-25 11:00:00,1.994600333333333,0.9358703691646643,11.427655409737845,1.5284186018544998
2023-12-25 12:00:00,2.0018623333333334,0.9358703691646643,11.506039545819874,1.5013406855837201
2023-12-25 13:00:00,1.997263,0.9387489121013566,11.42532529751992,1.5210613068143906
2023-12-25 14:00:00,1.998262,0.935855178879347,11.467342445771784,1.5397437625465864
2023-12-25 15:00:00,1.916113,0.9354783670119868,10.584714750603244,1.477398970055839
2023-12-25 16:00:00,2.0053330000000003,0.9355072227939538,11.547420724948879,1.5331528788825515
2023-12-25 17:00:00,1.988365666666667,0.9355072227939538,11.364279749329336,1.496205744178417
2023-12-25 18:00:00,2.011006,0.9355072227939538,11.608653609001939,1.5331528788825515
2023-12-25 19:00:00,2.022197666666667,0.9355072227939538,11.729453543315447,1.5404431053058976
2023-12-25 20:00:00,1.9594706666666668,0.9355072227939538,11.052394647141211,1.5404431053058976
2023-12-25 21:00:00,1.8338596666666669,0.9355072227939538,9.696582237694853,1.5202742969277783
2023-12-25 22:00:00,1.9297390000000003,0.9358840346613138,10.727411573795864,1.5426468760361958
2023-12-25 23:00:00,1.9825686666666664,0.9358840346613138,11.297641232452992,1.5426468760361958
2023-12-26 00:00:00,2.0165263333333328,1.2990233437275087,7.744540343779113,1.9517977660253656
2023-12-26 01:00:00,1.976516666666667,1.3014269099577724,7.286742957512022,1.9517977660253656
2023-12-26 02:00:00,1.8982623333333328,1.3027278968495377,6.428043556992413,1.9517977660253656
2023-12-26 03:00:00,0.8871743333333333,1.3007208111762374,5.300821171934147,1.9517977660253656
2023-12-26 04:00:00,0.0,1.2892439619826832,16.525474295206436,1.9517977660253656
2023-12-26 05:00:00,0.0,1.3088230480624883,16.77643818821383,1.9517977660253656
2023-12-26 06:00:00,0.0,1.2968281790708036,16.62268846741497,1.9517977660253656
2023-12-26 07:00:00,0.0,1.2968281790708036,16.62268846741497,1.9517977660253656
2023-12-26 08:00:00,0.0,1.2968281790708036,16.62268846741497,1.9517977660253656
2023-12-26 09:00:00,0.7943246666666668,1.3118380589930756,6.633464661849642,1.9517977660253656
2023-12-26 10:00:00,2.001126,1.2880068977876031,7.697221805357926,1.9517977660253656
2023-12-26 11:00:00,1.967863666666667,1.2917751585961403,7.297523219511785,1.9517977660253656
2023-12-26 12:00:00,2.005950666666666,1.2992176749349917,7.628291792557621,2.0594064185092265
2023-12-26 13:00:00,1.981306666666667,1.297349576181273,7.382454648151224,2.052344107902324
2023-12-26 14:00:00,1.9791173333333327,1.293467323550785,7.4007275780003,1.9859034476175468
2023-12-26 15:00:00,1.6924130000000002,1.2859542083450097,4.38721030526314,1.9517977660253656
2023-12-26 16:00:00,1.609632333333333,1.2844282632895923,3.51016800891456,1.9517977660253656
2023-12-26 17:00:00,1.6235076666666666,1.2670348392851385,3.8476748293883944,1.9333855934675546
2023-12-26 18:00:00,1.862178,1.162072972507677,7.556751273295141,1.9333855934675546
2023-12-26 19:00:00,1.8578126666666668,1.0270611741131241,8.966915180757876,1.9086910492075304
2023-12-26 20:00:00,1.644213,0.8942371998834557,8.09504340051805,1.4879326941695419
2023-12-26 21:00:00,0.8764616666666667,0.6985041283956664,1.9208273060667258,1.2092417744902708
2023-12-26 22:00:00,1.3305443333333336,0.6543715189848132,7.2984331995127265,0.9630647744438255
2023-12-26 23:00:00,0.9162073333333332,0.5357822124123992,4.106209645729545,0.7472247688929052
2023-12-27 00:00:00,0.3831926666666665,0.45605821501201627,0.933987500965603,0.6673079844823958
2023-12-27 01:00:00,0.3375123333333333,0.36446864775035387,0.34552489220652205,0.6000938144351622
2023-12-27 02:00:00,0.3241756666666667,0.26510270170023315,0.6376181939820607,0.4109502938937348
2023-12-27 03:00:00,0.1347273333333333,0.1571914720839997,0.2879443754905671,0.36094585903823
2023-12-27 04:00:00,0.0742226666666666,0.1644191101445892,1.156134177988472,0.36094585903823
2023-12-27 05:00:00,0.0405403333333333,0.12166433602769458,1.039844017720466,0.3597222280492181
2023-12-27 06:00:00,0.0297423333333333,0.12260854636379734,1.1903551706133269,0.3686261802782732
2023-12-27 07:00:00,0.0540233333333333,0.15213492451443922,1.2575902047520668,0.3597222280492181
2023-12-27 08:00:00,0.0805333333333333,0.14743632603787638,0.857559716247219,0.35588460177136
2023-12-27 09:00:00,0.0126159999999999,0.21060495530677398,2.53781401203942,0.3919108827218616
2023-12-27 10:00:00,0.073323,0.2333349465681851,2.051026328540607,0.3919108827218616
2023-12-27 11:00:00,0.0795713333333333,0.15980067725950226,1.0283763196643072,0.3560006288739614
2023-12-27 12:00:00,0.1221316666666666,0.2136979528862573,1.1736927640151986,0.4052880746825168
2023-12-27 13:00:00,0.0939103333333333,0.33696749081513633,3.115496311539389,0.5784237020754366
2023-12-27 14:00:00,0.1914146666666666,0.4902397407537722,3.830327095730816,0.7866759881065553
2023-12-27 15:00:00,0.3978879999999999,0.588038700131253,2.4373435904264777,0.8646967283785372
2023-12-27 16:00:00,0.6146033333333334,0.6025717128316668,0.12986617718120888,0.9432594375779758
2023-12-27 17:00:00,0.6196803333333333,0.6774632277547233,0.740658684175505,1.1107505319793516
2023-12-27 18:00:00,0.3914226666666666,0.6817516267668857,3.721424267841271,1.2268770681507797
2023-12-27 19:00:00,0.3814436666666667,0.602851213303974,2.8379925201221816,0.9283334761037448
2023-12-27 20:00:00,0.4525886666666667,0.6177201990100435,2.116648961358624,0.9283334761037448
2023-12-27 21:00:00,0.2544806666666667,0.6796852879986548,5.450254759555846,1.2268770681507797
2023-12-27 22:00:00,0.2130699999999999,0.6410109230457967,5.48532855859535,0.9432594375779758
2023-12-27 23:00:00,0.2961076666666666,1.05673149676463,9.749643917877966,1.885042741576912
2023-12-28 00:00:00,0.586137,1.1645141074733878,7.413613175111151,1.8031023859879487
2023-12-28 01:00:00,0.7400896666666668,1.186106350571608,5.717022892835019,1.8031023859879487
2023-12-28 02:00:00,0.493939,1.1645141074733878,8.595403219507658,1.8031023859879487
2023-12-28 03:00:00,0.0,1.1788953734426304,15.111030778537518,1.814515084529997
2023-12-28 04:00:00,0.0,1.1923752060054087,15.283814699260564,1.8149560907049973
2023-12-28 05:00:00,0.6783440000000001,1.1953622658995466,6.627118152359378,1.8149560907049973
2023-12-28 06:00:00,1.4486679999999998,1.1610313352747277,3.1046752230798718,1.8013224056774255
2023-12-28 07:00:00,1.224503,1.1610313352747277,0.6850966132165399,1.8013224056774255
2023-12-28 08:00:00,0.6905526666666668,1.098881213209473,5.233937950358834,1.8008813995024258
2023-12-28 09:00:00,0.5787053333333333,1.0330839652412953,5.824205986847158,1.8008813995024258
2023-12-28 10:00:00,0.5272383333333334,1.0939128622107757,7.263610020178766,1.8127351042194744
2023-12-28 11:00:00,0.5035573333333334,1.1550388002114387,8.350661746083182,1.9074530160973189
2023-12-28 12:00:00,0.3827896666666667,1.2394840313312816,10.981071945717174,1.9098100640619948
2023-12-28 13:00:00,0.8048143333333333,1.2216522374010266,5.343010533355451,1.8572019028113476
2023-12-28 14:00:00,0.9864906666666668,1.0856599796638977,1.2711480380243443,1.8469128836659432
2023-12-28 15:00:00,0.6095053333333333,1.0412615913702044,5.5342333603100204,1.8008813995024258
2023-12-28 16:00:00,0.4364353333333333,1.202403659868917,9.818149446005393,1.8131761103944743
2023-12-28 17:00:00,0.8201849999999999,1.1964228214008061,4.822600399758168,1.816312869655004
2023-12-28 18:00:00,0.754217,1.165078950670125,5.266411016760473,1.8044591649379556
2023-12-28 19:00:00,0.6227463333333334,1.2070630764586017,7.489747172385874,1.8044591649379556
2023-12-28 20:00:00,0.8091206666666667,1.1976762833891201,4.980489376525957,1.8013224056774255
2023-12-28 21:00:00,0.9307456666666668,1.1994098812949439,3.443726481412873,1.8131761103944743
2023-12-28 22:00:00,1.1621653333333333,1.194068742076295,0.4089365369611555,1.8013224056774255
2023-12-28 23:00:00,0.8800979999999999,1.2092592203887715,4.219174529348301,1.8131761103944743
2023-12-29 00:00:00,0.991401,0.962713772626076,0.30964245859180606,1.7108497143367805
2023-12-29 01:00:00,1.051799666666667,0.9644452442310723,0.9428808779342468,1.7664244260034474
2023-12-29 02:00:00,1.339899,0.9639268379497944,4.058145567777075,1.7496035834189174
2023-12-29 03:00:00,1.3429903333333335,0.9528620244717113,4.210943328457773,1.6940288717522505
2023-12-29 04:00:00,1.404014,0.9621953663447981,4.768875227761563,1.6940288717522505
2023-12-29 05:00:00,1.374527,0.9621953663447981,4.450600231803049,1.6940288717522505
2023-12-29 06:00:00,1.1673663333333333,0.9684797581525181,2.1467298779759374,1.7798106317415188
2023-12-29 07:00:00,0.6292546666666667,0.9638057256271555,4.288261251022953,1.7242359200748518
2023-12-29 08:00:00,0.653025,0.9655371972321518,4.00576805832485,1.7242359200748518
2023-12-29 09:00:00,0.5610226666666667,0.9591052074488888,5.102605084106991,1.7496035834189174
2023-12-29 10:00:00,1.2664873333333333,0.9578202472016715,3.3316721128321185,1.6981245847829305
2023-12-29 11:00:00,1.344606,0.9731152215373352,4.009774680836624,1.7368108954423056
2023-12-29 12:00:00,1.281815,0.9747255808196926,3.3146431867777135,1.7744012794749928
2023-12-29 13:00:00,1.2809233333333332,0.9747255808196926,3.3050187690773813,1.767017943764907
2023-12-29 14:00:00,1.4954373333333333,0.9736650817479026,5.631873749944628,1.7839063447721986
2023-12-29 15:00:00,1.4903413333333335,0.9660556035134297,5.659003579188659,1.7839063447721986
2023-12-29 16:00:00,1.3649639999999998,0.9644452442310723,4.323095105424903,1.7536992964495972
2023-12-29 17:00:00,1.312417,0.9618378038696441,3.784060509089693,1.7536992964495972
2023-12-29 18:00:00,1.4018633333333337,0.9644452442310723,4.721376896300159,1.730937472492722
2023-12-29 19:00:00,1.3995116666666665,0.9644452442310723,4.695993618963391,1.730937472492722
2023-12-29 20:00:00,1.135603,0.9660556035134297,1.8300504266808955,1.7611445208153234
2023-12-29 21:00:00,1.3409830000000005,0.9660556035134297,4.046868640468652,1.7611445208153234
2023-12-29 22:00:00,1.4274303333333338,0.9639268379497944,5.002935975852162,1.730937472492722
2023-12-29 23:00:00,1.43043,0.9655371972321518,5.017931797811874,1.7798106317415188
2023-12-30 00:00:00,1.490244,1.3815236694121924,1.1734989242188978,1.5659308701410626
2023-12-30 01:00:00,1.4151973333333332,1.3815236694121924,0.36346475560109254,1.577215703909042
2023-12-30 02:00:00,1.3107936666666666,1.3815236694121924,0.9066141682552757,1.577215703909042
2023-12-30 03:00:00,1.515722,1.3815236694121924,1.44850181861409,1.5714841629276657
2023-12-30 04:00:00,1.5139566666666668,1.3824480132827763,1.4194701435977635,1.5714841629276657
2023-12-30 05:00:00,1.5141226666666665,1.3781208690954152,1.4679679713887654,1.5714841629276657
2023-12-30 06:00:00,1.511863666666667,1.3800489562292002,1.4227736436991656,1.5714841629276657
2023-12-30 07:00:00,1.3745199999999995,1.372910344534974,0.01737420173722688,1.5714841629276657
2023-12-30 08:00:00,1.058922666666667,1.3353798257144693,3.543616111681755,1.5478625195122042
2023-12-30 09:00:00,1.033772,1.3636088062237832,4.2278341598603735,1.5478625195122042
2023-12-30 10:00:00,1.425738666666667,1.4097458990250589,0.17262176743982927,1.5714841629276657
2023-12-30 11:00:00,1.3160813333333332,1.3897004785130924,0.9436470731514836,1.5714841629276657
2023-12-30 12:00:00,1.441025666666667,1.3848112038726046,0.6067642662390271,1.5862675088113818
2023-12-30 13:00:00,1.075471,1.3898036021379605,4.02910193101683,1.5714841629276657
2023-12-30 14:00:00,0.9663156666666668,1.2480237871205122,3.6109227117508658,1.4517715990211937
2023-12-30 15:00:00,0.8676123333333331,0.6072324522882377,2.8104726010549004,0.9071344271977818
2023-12-30 16:00:00,0.39094,0.5855817766974416,2.4949100189232345,0.8904289898390417
2023-12-30 17:00:00,0.349215,0.5004542773479591,1.9385786274272776,0.7360147103655176
2023-12-30 18:00:00,0.4639116666666666,0.506520869664018,0.5461629525796616,0.7965100466289458
2023-12-30 19:00:00,0.9259376666666668,0.506520869664018,4.527075639127431,0.7965100466289458
2023-12-30 20:00:00,0.9196633333333334,0.4055639470422011,5.5490548409158,0.7360147103655176
2023-12-30 21:00:00,0.6042963333333333,0.49574396846527996,1.1716859459988036,0.7360147103655176
2023-12-30 22:00:00,0.384512,0.49574396846527996,1.4257666429954443,0.7360147103655176
2023-12-30 23:00:00,0.5864050000000001,0.38875844440308066,2.1333454296409795,0.7360147103655176
2023-12-31 00:00:00,0.4082073333333332,0.49207637432698154,1.0750298019412143,0.5222203448847469
2023-12-31 01:00:00,0.3950056666666667,0.4840379654326417,1.1412122205618846,0.48339205743630986
2023-12-31 02:00:00,0.2991846666666666,0.41323650694340525,1.4619116399938201,0.615543001357413
2023-12-31 03:00:00,0.282644,0.5500323859905712,3.427372964173923,0.537814070282806
2023-12-31 04:00:00,0.4286186666666667,0.5500323859905712,1.5562758926456335,0.5556491833155975
2023-12-31 05:00:00,0.3017476666666666,0.5580550302341303,3.2853368898408255,0.6701841901015594
2023-12-31 06:00:00,0.4103033333333333,0.49221211942121523,1.0499033378952032,0.5623323543625771
2023-12-31 07:00:00,0.2989983333333333,0.48127814743322794,2.336454907890642,0.511154894966669
2023-12-31 08:00:00,0.302336,0.48127814743322794,2.2936728384511667,0.5051181541272033
2023-12-31 09:00:00,0.2004233333333333,0.48127814743322794,3.5999850671824447,0.4767676256061984
2023-12-31 10:00:00,0.1406203333333333,1.0495903176042019,11.651138615442433,1.0596421645731895
2023-12-31 11:00:00,0.421309,1.1756369408499665,9.668943477153595,1.0641185174208678
2023-12-31 12:00:00,0.2719153333333333,1.208139655005599,12.000483553592876,1.1796270714027945
2023-12-31 13:00:00,0.193886,1.1036352695136338,11.66112746055453,1.0719080114342467
2023-12-31 14:00:00,0.8441093333333335,1.0871557360204955,3.115358457038899,1.109076070448292
2023-12-31 15:00:00,1.4152736666666668,1.1722357353408928,2.6232881137611863,1.0719080114342467
2023-12-31 16:00:00,1.1684473333333334,1.1722357353408928,0.04855957587697561,1.0771253863666688
2023-12-31 17:00:00,1.1954409999999998,1.2472020481852182,0.6634709151263476,1.1750410874234725
2023-12-31 18:00:00,1.221998,1.2089228742170282,0.1411295013304978,1.1773903448843963
2023-12-31 19:00:00,0.8084493333333334,1.1727295162611449,4.6693278981651,1.084822763301063
2023-12-31 20:00:00,1.0460066666666663,1.2648317157543394,2.8048901763204066,1.1716023172525925
2023-12-31 21:00:00,1.3346176666666667,1.2943449633038364,0.4346930681331843,1.1703030304584467
2023-12-31 22:00:00,1.1238056666666667,1.2979970432668724,2.2327776598824878,1.1703030304584467
2023-12-31 23:00:00,1.2831386666666664,1.2992044392814261,0.20593039037355548,1.1767601764024034
2024-01-01 00:00:00,1.146014,1.3052314383633101,2.0408423561473588,1.1422803106937862
