site,timestamp,y_true,persistence,arima,elastic_net,xgb_q10,xgb_q25,xgb_q50,xgb_q75,xgb_q90,qgb_q10,qgb_q25,qgb_q50,qgb_q75,qgb_q90,qrf_q10,qrf_q25,qrf_q50,qrf_q75,qrf_q90
Schonungen,2023-01-01 00:00:00,0.0036666666666666666,0.34553333333333336,0.34553333333333336,1.097292859296829,0.17188877,0.7125144,1.2576444,1.4898145,1.9528899,0.21147060519161953,0.6145523504062308,1.0656946711752135,1.42074642436857,1.8208151539277815,0.8072390833333334,0.9034658263305322,1.1223959967320263,1.3817755009107466,1.5759239743589748
Schonungen,2023-01-01 01:00:00,0.012333333333333333,0.34553333333333336,0.34553333333333336,1.037742146334653,0.3045407,0.71433747,1.2576444,1.4948071,1.8856082,0.21147060519161953,0.6560880218312708,1.0497018650300252,1.346959012962026,1.7698636205385296,0.7988115964912279,0.9034658263305322,1.1223959967320263,1.4131929195804194,1.6318191880341881
Schonungen,2023-01-01 02:00:00,0.015866666666666668,0.34553333333333336,0.34553333333333336,1.1075050869943097,0.3045407,0.7163055,1.2576444,1.5638504,1.8863382,0.21147060519161953,0.6560880218312708,1.0630238434830115,1.4227540265498309,1.8208151539277815,0.7931261372549018,0.925424460891813,1.1891213888888887,1.4715667508417507,1.640806904761905
Schonungen,2023-01-01 03:00:00,0.020933333333333335,0.34553333333333336,0.34553333333333336,1.283673132219683,0.3045884,0.7547749,1.4899613,1.6429311,1.954551,0.21147060519161953,0.6560880218312708,1.1790017881673491,1.4777618340391823,1.8347067769790464,0.7177303248463563,0.9465290006325111,1.1959770833333332,1.514317625,1.640806904761905
Schonungen,2023-01-01 04:00:00,0.012866666666666667,0.34553333333333336,0.34553333333333336,1.31771303155411,0.24891494,0.7547749,1.4899613,1.6463674,1.9115993,0.21147060519161953,0.6560880218312708,1.1790017881673491,1.4777618340391823,1.8262138663276024,0.6857810569105691,0.9162894480519481,1.1749197916666667,1.4851141666666665,1.6271099999999998
Schonungen,2023-01-01 05:00:00,0.013933333333333334,0.34553333333333336,0.34553333333333336,1.146736645841687,0.24886721,0.7146808,1.4269335,1.6077774,1.8341662,0.21147060519161953,0.6560880218312708,1.1786592850224673,1.4557250057164974,1.8262138663276024,0.6290230172239109,0.8468717857142857,1.0809254273504274,1.3808685564663024,1.6167627777777778
Schonungen,2023-01-01 06:00:00,0.019433333333333334,0.34553333333333336,0.34553333333333336,1.0416709648707232,0.3810905,0.82216406,1.2829479,1.5513238,1.7244524,0.21147060519161953,0.6850311016351326,1.084089161115244,1.359483341517093,1.7302045235199317,0.6823536666666666,0.848354880952381,1.0866432051282051,1.3629414393939394,1.6033044444444446
Schonungen,2023-01-01 07:00:00,0.02073333333333333,0.34553333333333336,0.34553333333333336,1.0161916320940114,0.39430955,0.82216406,1.3060639,1.4104866,1.6458751,0.21147060519161953,0.6850311016351326,1.084089161115244,1.3694929658034012,1.6415903752210623,0.6823536666666666,0.848354880952381,1.0866432051282051,1.3718635928961749,1.6033044444444446
Schonungen,2023-01-01 08:00:00,1.2211666666666667,0.34553333333333336,0.34553333333333336,0.9895476908681566,0.39430955,0.8185495,1.2450267,1.4104866,1.6511914,0.21147060519161953,0.6850311016351326,1.0517062288279446,1.346959012962026,1.6134113922573,0.6290230172239109,0.8468717857142857,1.0670166475095786,1.406654722222222,1.6271099999999998
Schonungen,2023-01-01 09:00:00,1.5638666666666665,0.34553333333333336,0.34553333333333336,0.9905267594887677,0.3045407,0.7163055,1.2450267,1.4136084,1.757517,0.21147060519161953,0.6560880218312708,1.0707671826622576,1.346959012962026,1.7396763271958087,0.6211213968253969,0.8468717857142857,1.0279472899728996,1.3809641120218579,1.6285658974358976
Schonungen,2023-01-01 10:00:00,1.5984,0.34553333333333336,0.34553333333333336,1.0519775285999435,0.17067815,0.71433747,1.2450267,1.3687959,1.8170351,0.21147060519161953,0.6164199969016599,1.1093826202088495,1.3933355540548151,1.752051133453908,0.5700931053459121,0.7524203431372548,0.9269107230392157,1.1644528571428572,1.6285658974358976
Schonungen,2023-01-01 11:00:00,1.6293,0.34553333333333336,0.34553333333333336,1.0283181718527512,0.15160882,0.93601894,1.1830262,1.2074414,1.6309768,0.21147060519161953,0.6164199969016599,1.072782173311302,1.346959012962026,1.6725874585893006,0.5680430870020964,0.7066245420624152,0.9021102240896358,1.114826111111111,1.4735595842142355
Schonungen,2023-01-01 12:00:00,1.5333333333333332,0.34553333333333336,0.34553333333333336,0.8423371492264817,0.22638793,0.7089021,0.83329606,0.9304194,1.2706503,0.19942454769259463,0.3642248738591701,0.8260965340074432,1.008512247077479,1.2544436009977742,0.47789658333333324,0.5655584722222222,0.7168978306878306,0.8609913791645527,1.0505403571428573
Schonungen,2023-01-01 13:00:00,1.361233333333333,0.34553333333333336,0.34553333333333336,0.8926801672576887,0.17700629,0.8534809,0.8789576,0.9192108,1.2690626,0.21147060519161953,0.49319365780709107,0.9275696568526774,1.001098080595283,1.2653731299527309,0.5000245454545456,0.5952428294573643,0.7646626570048309,0.8568727237102162,1.0331105952380955
Schonungen,2023-01-01 14:00:00,1.7384333333333335,0.34553333333333336,0.34553333333333336,0.8265377711402344,0.24424665,0.70342636,0.7743906,0.9162844,1.2690626,0.19942454769259463,0.3642248738591701,0.8230474905838465,1.001098080595283,1.250411012123829,0.4802951111111111,0.5655584722222222,0.7131656858564321,0.8493528980099503,0.9540074074074076
Schonungen,2023-01-01 15:00:00,1.2732333333333332,0.34553333333333336,0.34553333333333336,0.7969902945222307,0.24434522,0.47749367,0.81197596,0.9162844,1.2690626,0.19942454769259463,0.3642248738591701,0.8230474905838465,1.001098080595283,1.250411012123829,0.4802951111111111,0.5655584722222222,0.7264135714285714,0.8609913791645527,0.9940672619047622
Schonungen,2023-01-01 16:00:00,0.8952666666666667,0.34553333333333336,0.34553333333333336,0.6553786908196666,0.2744872,0.3766458,0.6629598,0.6672368,0.9227294,0.18821157434086708,0.2825144305125276,0.574107712975562,0.6099408819892514,0.7874861185214592,0.2538304444444444,0.3301403573376977,0.46514603174603164,0.5491402150537634,0.6604818181818182
Schonungen,2023-01-01 17:00:00,0.3821666666666667,0.34553333333333336,0.34553333333333336,0.4392719360402053,0.20931347,0.26930168,0.34185195,0.396766,0.39757395,0.10250199348515382,0.2079639398140438,0.29180782937418437,0.301212487059442,0.4597165314567972,0.12017974334458192,0.16361221204021892,0.22405463355917904,0.25646883753501404,0.3335094261766603
Schonungen,2023-01-01 18:00:00,0.377,0.34553333333333336,0.34553333333333336,0.4848694679963428,0.22583438,0.26964507,0.3874486,0.3980586,0.4093656,0.112313590940159,0.2079639398140438,0.29180782937418437,0.32027344089375487,0.5094627685396502,0.12017974334458192,0.16361221204021892,0.22405463355917904,0.25362580532212875,0.32776393939393944
Schonungen,2023-01-01 19:00:00,0.6005666666666667,0.34553333333333336,0.34553333333333336,0.48143220943764675,0.24453992,0.31980553,0.447655,0.49359155,0.65559816,0.13549242067901404,0.26002925533825527,0.40217051699857065,0.5199548176400072,0.5272819789296092,0.18497005376344086,0.25078596568627454,0.3646136363636363,0.52826640625,0.6008867160737813
Schonungen,2023-01-01 20:00:00,0.7757333333333334,0.34553333333333336,0.34553333333333336,0.6386661870989678,0.33401838,0.44928005,0.66270626,0.7301911,0.9053965,0.19942454769259463,0.3674639895310045,0.574107712975562,0.6248620573216049,0.8919232004628079,0.24355589743589742,0.32485630904183527,0.4811831992337164,0.6006767045454545,0.708881666666667
Schonungen,2023-01-01 21:00:00,0.8881333333333333,0.34553333333333336,0.34553333333333336,0.6588338569762269,0.30522516,0.37754214,0.6385423,0.66270626,0.928374,0.18821157434086708,0.34847766754349235,0.574107712975562,0.5908799281549385,0.9151771237799381,0.24168666666666666,0.3108214912280701,0.4811831992337164,0.5985185672514619,0.6790980952380954
Schonungen,2023-01-01 22:00:00,0.9046333333333332,0.34553333333333336,0.34553333333333336,0.4444316347541214,0.2358588,0.26511642,0.4033471,0.47207218,0.47805795,0.112313590940159,0.22917110725571396,0.33380525012278084,0.3751199939706693,0.4882598903351706,0.1267563919944789,0.1926669230769231,0.24098309098920467,0.3135561489508084,0.517939490131579
Schonungen,2023-01-01 23:00:00,0.6881666666666666,0.34553333333333336,0.34553333333333336,0.5819297906253881,0.23049231,0.31926045,0.5019827,0.58279055,0.61750615,0.13549242067901404,0.26002925533825527,0.40217051699857065,0.5338405640180359,0.5758322386707118,0.19152248858447488,0.2536763703703704,0.4102111904761905,0.5742782196969697,0.6600769999999999
Schonungen,2023-01-02 00:00:00,0.7474333333333333,0.6881666666666666,0.6881666666666666,0.680442962059457,0.14637326,0.29258624,0.6144334,0.9317417,1.13763,0.09451818807131837,0.3011402166658061,0.6226817953607854,0.8631214505188459,1.1523386849114978,0.5836508095238094,0.6593909722222222,0.7614133333333333,0.8377239583333334,0.894990205128205
Schonungen,2023-01-02 01:00:00,0.6788666666666667,0.6881666666666666,0.6881666666666666,0.5127972675182606,0.21949841,0.32123855,0.55915517,0.56627524,0.7363975,0.09010537278580465,0.2764682268939547,0.46600477637040555,0.5576131319855276,0.7636690291850394,0.28141214285714283,0.5533060606060606,0.6305634920634919,0.76892,0.8275190000000001
Schonungen,2023-01-02 02:00:00,0.36519999999999997,0.6881666666666666,0.6881666666666666,0.4634781692351955,0.16714013,0.2846718,0.47375804,0.5208388,0.69442654,0.05489050016147182,0.25137425910385947,0.3868380817870722,0.4845164985332886,0.6330776956033761,0.14933931829573935,0.2016423904959738,0.248747150997151,0.5061472222222222,0.8036926602564102
Schonungen,2023-01-02 03:00:00,0.4643333333333333,0.6881666666666666,0.6881666666666666,0.4215044259031033,0.16714013,0.24922107,0.33057928,0.47039533,0.63244706,0.05489050016147182,0.24463210184344847,0.32638721432602796,0.41337531880752976,0.6093817060839903,0.14504777683854608,0.19590373740842493,0.2323841206709956,0.29426346405228765,0.6763838095238097
Schonungen,2023-01-02 04:00:00,0.499,0.6881666666666666,0.6881666666666666,0.3894536218596803,0.15197593,0.24382834,0.33057928,0.42122936,0.6140631,0.046601993963949234,0.23714302542678178,0.32204569847078673,0.40581187150035436,0.5951976987738095,0.13716876515151522,0.16332290243127284,0.22505552567412512,0.256784739010989,0.3713885812807883
Schonungen,2023-01-02 05:00:00,0.4968,0.6881666666666666,0.6881666666666666,0.5365976481535415,0.24126038,0.366467,0.5094506,0.6231369,0.72814053,0.09451818807131837,0.3162557237760035,0.5598251614467515,0.5667115738372103,0.7598047075994527,0.42547066666666666,0.5602274725274724,0.6305634920634919,0.7579233333333333,0.8159470833333335
Schonungen,2023-01-02 06:00:00,0.7446333333333334,0.6881666666666666,0.6881666666666666,0.6174788246909677,0.2490836,0.3666358,0.6024449,0.6248375,0.6696917,0.09451818807131837,0.34351272413369277,0.5903332953607853,0.6559508104104949,0.7777578607929858,0.4060449431818182,0.5720880701754385,0.6709901851851852,0.7981566666666665,0.8611087037037036
Schonungen,2023-01-02 07:00:00,0.40026666666666666,0.6881666666666666,0.6881666666666666,0.6116742917087377,0.26244876,0.36423504,0.6554506,0.7052783,1.0466357,0.09451818807131837,0.34351272413369277,0.6211179169445586,0.8092828919804899,1.0302484694406437,0.5475490764790765,0.6043579365079366,0.7101319923371647,0.8082664502164503,0.8736630303030303
Schonungen,2023-01-02 08:00:00,0.2842333333333333,0.6881666666666666,0.6881666666666666,0.7632824831398481,0.31982416,0.54595566,0.8977736,1.3077441,1.458361,0.09451818807131837,0.5310375941274168,0.9432169774806209,1.2123031862806708,1.3763160084544042,0.18918036858974355,0.6915446271929824,0.8033958605410448,1.0417551480263159,1.2460370021645022
Schonungen,2023-01-02 09:00:00,0.3818333333333333,0.6881666666666666,0.6881666666666666,0.796971331348385,0.28395075,0.4944893,0.8244345,1.2167921,1.4209943,0.09451818807131837,0.48866508665953007,0.9432169774806209,1.2397897113074012,1.4354100991040182,0.16649881410256412,0.42092391774891774,0.7861934787205922,0.9980851934523809,1.1463718858447491
Schonungen,2023-01-02 10:00:00,0.7788999999999999,0.6881666666666666,0.6881666666666666,0.7699512992159818,0.23167554,0.8664018,1.0516573,1.4102802,1.4400245,0.09451818807131837,0.42503126539701724,0.9797465395537908,1.344412053213236,1.507137445541811,0.677862014714205,0.8290373958333332,1.2370222222222222,1.454207792207792,1.5803577777777782
Schonungen,2023-01-02 11:00:00,0.717,0.6881666666666666,0.6881666666666666,0.8420153328208324,0.2675908,0.98124766,1.1433561,1.4159753,1.6009538,0.09451818807131837,0.48866508665953007,1.0497497586645645,1.351512894705037,1.6320973010722633,0.7031983111111111,0.927867659917165,1.2486335714285715,1.454207792207792,1.595582777777778
Schonungen,2023-01-02 12:00:00,0.6659333333333333,0.6881666666666666,0.6881666666666666,0.8010936745133774,0.2675908,0.9527448,1.1991627,1.5400411,1.5986209,0.09451818807131837,0.4728822065043235,1.0014245717589565,1.351512894705037,1.5450953101632228,0.7599532395833332,0.9925291666666667,1.2885525735294117,1.4883995543672017,1.6165953174603176
Schonungen,2023-01-02 13:00:00,0.7302333333333334,0.6881666666666666,0.6881666666666666,0.9160267823641661,0.2551136,0.98897254,1.120709,1.4490461,1.5347826,0.09451818807131837,0.48866508665953007,1.04606174953977,1.3302598066625737,1.6436717521004642,0.6990112682926829,0.9941578809523809,1.2554735185185186,1.4603854797979796,1.6175483333333336
Schonungen,2023-01-02 14:00:00,0.6791,0.6881666666666666,0.6881666666666666,0.8974722549190346,0.24972492,0.98897254,1.1296054,1.3651733,1.5311046,0.09451818807131837,0.48866508665953007,1.04606174953977,1.3073935997671569,1.6436717521004642,0.7031983111111111,0.9687513378267973,1.2418883333333333,1.454207792207792,1.5780750000000003
Schonungen,2023-01-02 15:00:00,1.3765666666666667,0.6881666666666666,0.6881666666666666,0.7019774138423842,0.14143549,0.4582812,0.642893,1.0370677,1.3398788,0.09451818807131837,0.42503126539701724,0.8445593994780694,1.023644925473082,1.2558404474873177,0.5288202380952381,0.662117013888889,0.7969916666666667,1.0443818349358975,1.417571015873016
Schonungen,2023-01-02 16:00:00,1.2599666666666667,0.6881666666666666,0.6881666666666666,0.752751055375402,0.25682038,0.5276715,0.8078798,1.1969279,1.3889996,0.09451818807131837,0.4728822065043235,0.9395289683558264,1.2397897113074012,1.4354100991040182,0.01619277777777778,0.2812498076923077,0.7834738302818949,1.0319113026819924,1.2290371794871793
Schonungen,2023-01-02 17:00:00,0.9198,0.6881666666666666,0.6881666666666666,0.971300859446514,0.2717976,0.5652448,1.0067738,1.4546945,1.6272243,0.09451818807131837,0.5088396995067987,1.0975372989625745,1.475136787332935,1.7642869020689524,0.037086666666666684,0.289538141025641,1.0223252252252253,1.156484432234432,1.400115
Schonungen,2023-01-02 18:00:00,1.6693,0.6881666666666666,0.6881666666666666,0.9878962219841287,0.3163755,0.66491944,1.0184369,1.4068048,1.7345159,0.09451818807131837,0.5512122069746854,1.0975372989625745,1.4433335050960432,1.6969962381280237,0.17233500000000002,0.6617085416666666,1.0668444035817077,1.1879312253521126,1.415589423076924
Schonungen,2023-01-02 19:00:00,1.4058,0.6881666666666666,0.6881666666666666,0.9230172764530149,0.3196387,0.6985629,0.99865484,1.4799535,1.5786752,0.09451818807131837,0.5512122069746854,1.0471215695383964,1.3935732677979131,1.6392204184007835,0.23223584415584414,0.7219588888888889,1.0636886467143787,1.1706985444499423,1.400115
Schonungen,2023-01-02 20:00:00,1.4209333333333334,0.6881666666666666,0.6881666666666666,0.8757781336700152,0.36136925,0.6957929,0.99865484,1.4053593,1.5786752,0.09451818807131837,0.5512122069746854,1.0463715794722002,1.3935732677979131,1.6392204184007835,0.4263539393939394,0.8086936507936509,1.0668444035817077,1.1706985444499423,1.400115
Schonungen,2023-01-02 21:00:00,0.7198666666666667,0.6881666666666666,0.6881666666666666,0.7385406651390922,0.34818497,0.5612305,0.8680947,1.1471882,1.3368804,0.09451818807131837,0.5310375941274168,0.9379650899395997,1.1763314808153926,1.3390959266451377,0.5438414285714286,0.6920120560547711,0.7902001002506266,0.9846050416666667,1.1276376000000006
Schonungen,2023-01-02 22:00:00,0.44310000000000005,0.6881666666666666,0.6881666666666666,0.6379480438722653,0.33158523,0.49429727,0.76031303,1.0977668,1.3726676,0.09451818807131837,0.4674037728649039,0.8679618708288266,1.1510371923153926,1.3549697291357352,0.5438414285714286,0.6845628654970761,0.7861934787205922,0.9632081801470589,1.0855264761904764
Schonungen,2023-01-02 23:00:00,0.7129333333333333,0.6881666666666666,0.6881666666666666,0.6341411165113466,0.29566997,0.49412847,0.76466113,1.1013032,1.3726676,0.09451818807131837,0.4674037728649039,0.8679618708288266,1.1510371923153926,1.3549697291357352,0.5021271428571429,0.6776778438030562,0.7861934787205922,0.9409355707813425,1.0638183176593523
Schonungen,2023-01-03 00:00:00,0.44526666666666664,0.7129333333333333,0.7129333333333333,0.5955221297365536,0.3559097,0.462578,0.70848835,0.88193613,1.4007638,0.18425925896605197,0.5073714602323671,0.6500326165920844,0.8744482356833148,1.219792232827525,0.5605464015151516,0.6469337500000001,0.748017597222222,0.8283619607843136,0.9849583525641027
Schonungen,2023-01-03 01:00:00,0.2009,0.7129333333333333,0.7129333333333333,0.4967342245759987,0.28495628,0.3513521,0.5576986,0.58844423,0.67229694,0.16676961693553768,0.36256080695922616,0.48835436383310127,0.5441467656444079,0.6310711259629775,0.42016522380595145,0.49226330645161287,0.5983963450292398,0.6771437290969899,0.7868804166666666
Schonungen,2023-01-03 02:00:00,0.16490000000000002,0.7129333333333333,0.7129333333333333,0.4161636644807657,0.23047929,0.30656254,0.39820087,0.4926205,0.5369682,0.11704580242938005,0.27030310683378667,0.41322569461279235,0.4424542452780824,0.47123582015522936,0.15490434343434345,0.2469829656862745,0.3749100198412698,0.49995891472868215,0.6328504398148149
Schonungen,2023-01-03 03:00:00,0.32973333333333327,0.7129333333333333,0.7129333333333333,0.3777488828288561,0.22868387,0.2924444,0.39617664,0.47003216,0.52187765,0.11291226526475502,0.25961028543242876,0.3660906104244317,0.4203686511278886,0.45249687406712713,0.15336310904509673,0.22850169552669553,0.3363811111111111,0.47965805555555563,0.5675685632183908
Schonungen,2023-01-03 04:00:00,0.2601666666666667,0.7129333333333333,0.7129333333333333,0.3418174865604776,0.20568593,0.27419496,0.30413228,0.36243993,0.46434924,0.1010711704790395,0.22809414551297194,0.33989744027324753,0.40397248419301535,0.40983293367850643,0.12439006926406923,0.1596449250154608,0.2559131410256411,0.3815503472222222,0.4790687777777779
Schonungen,2023-01-03 05:00:00,0.37556666666666666,0.7129333333333333,0.7129333333333333,0.3130100651473434,0.20568593,0.24463071,0.26213843,0.35908452,0.44062322,0.09140889230902585,0.23314865917942304,0.28221405795913895,0.3876209877259387,0.39943880208119953,0.1161576885964912,0.13607472598629142,0.21673988095238095,0.29650120370370364,0.40680582750582767
Schonungen,2023-01-03 06:00:00,0.3622666666666666,0.7129333333333333,0.7129333333333333,0.27971322724383174,0.1929838,0.24141403,0.2486547,0.36684853,0.4392681,0.09140889230902585,0.22049668061516595,0.28221405795913895,0.3955481343012596,0.39943880208119953,0.1161576885964912,0.1381426912568306,0.21673988095238095,0.29650120370370364,0.40203566433566434
Schonungen,2023-01-03 07:00:00,0.12296666666666668,0.7129333333333333,0.7129333333333333,0.30170893227703977,0.18682814,0.27421921,0.30210805,0.3591907,0.4753644,0.1010711704790395,0.22809414551297194,0.31852920411349983,0.40397248419301535,0.40983293367850643,0.12311404761904762,0.153997356175973,0.246365931372549,0.3515202456698481,0.460451223155929
Schonungen,2023-01-03 08:00:00,0.095,0.7129333333333333,0.7129333333333333,0.2900530998863521,0.19747387,0.23844507,0.24804455,0.36254612,0.43781415,0.09140889230902585,0.23001500444473186,0.28221405795913895,0.3955481343012596,0.39943880208119953,0.1161576885964912,0.1381426912568306,0.22683472222222223,0.28911596491228064,0.4006903409090909
Schonungen,2023-01-03 09:00:00,0.14643333333333333,0.7129333333333333,0.7129333333333333,0.2610659819316917,0.18884818,0.18902251,0.22869402,0.32248402,0.38630375,0.0799985679914624,0.21692245084608971,0.22891552176274846,0.3372482101965105,0.3465698268294932,0.09644929778672033,0.11912966847966848,0.1512905628686913,0.24796763565891472,0.310615441860465
Schonungen,2023-01-03 10:00:00,0.2541,0.7129333333333333,0.7129333333333333,0.22861619927181553,0.1773953,0.18682393,0.22630036,0.32314247,0.3771129,0.0743606985444688,0.1936303194748926,0.22829415280859283,0.3330014328066989,0.3465698268294932,0.09532446643826925,0.11849419308182345,0.14678860651081888,0.24796763565891472,0.310615441860465
Schonungen,2023-01-03 11:00:00,0.26163333333333333,0.7129333333333333,0.7129333333333333,0.30341348671514945,0.20845468,0.23844507,0.2576202,0.3614524,0.43781415,0.09140889230902585,0.2397362065799767,0.28159268900498335,0.3876209877259387,0.39943880208119953,0.1161576885964912,0.13607472598629142,0.22683472222222223,0.28911596491228064,0.4006903409090909
Schonungen,2023-01-03 12:00:00,0.0831,0.7129333333333333,0.7129333333333333,0.2841513346632851,0.18628198,0.18884818,0.22630036,0.2787141,0.3872645,0.0772378374580612,0.1936303194748926,0.22829415280859283,0.3372482101965105,0.3465698268294932,0.09532446643826925,0.11874216017707205,0.149783076520041,0.2457488970588235,0.310615441860465
Schonungen,2023-01-03 13:00:00,0.0855,0.7129333333333333,0.7129333333333333,0.28709923067803766,0.18628198,0.20273528,0.22630036,0.28281796,0.3872645,0.0743606985444688,0.1936303194748926,0.22829415280859283,0.3465698268294932,0.35560057715431503,0.09532446643826925,0.11849419308182345,0.14678860651081888,0.2457488970588235,0.310615441860465
Schonungen,2023-01-03 14:00:00,0.09493333333333334,0.7129333333333333,0.7129333333333333,0.2527252655773444,0.16257851,0.1663096,0.20016733,0.28807756,0.35346198,0.04925633645870637,0.15217641121234773,0.2159765747360481,0.3159986327767932,0.3518313679455691,0.06516579525996997,0.08864297785547785,0.1184394035750168,0.15392691701276726,0.2356324466338259
Schonungen,2023-01-03 15:00:00,0.08363333333333334,0.7129333333333333,0.7129333333333333,0.22995781957801864,0.15537044,0.17798293,0.22901314,0.29233545,0.373742,0.06152338006419251,0.1936303194748926,0.22829415280859283,0.3312840722501735,0.3465698268294932,0.09345467918299978,0.11803838451867815,0.1399224215842637,0.23889417258282622,0.28936509587923315
Schonungen,2023-01-03 16:00:00,0.0751,0.7129333333333333,0.7129333333333333,0.22171005532583143,0.1848132,0.18550478,0.22791526,0.29195285,0.38630375,0.0743606985444688,0.1926587002087796,0.22829415280859283,0.3372482101965105,0.3465458991272041,0.09532446643826925,0.11826532819116756,0.14313315816353966,0.2457488970588235,0.2968899379844962
Schonungen,2023-01-03 17:00:00,0.14383333333333334,0.7129333333333333,0.7129333333333333,0.2678228658362445,0.18265009,0.18686959,0.2615261,0.29824162,0.38630375,0.0743606985444688,0.1926587002087796,0.22829415280859283,0.3372482101965105,0.34185967227751385,0.09532446643826925,0.11826532819116756,0.14313315816353966,0.2457488970588235,0.310615441860465
Schonungen,2023-01-03 18:00:00,0.12733333333333333,0.7129333333333333,0.7129333333333333,0.2763993857748972,0.17484155,0.20653434,0.24830183,0.3201694,0.4479635,0.0743606985444688,0.17244755497785583,0.22964709207231265,0.3417262294151932,0.3521635393677404,0.09447873873873874,0.11803838451867815,0.1399224215842637,0.2457488970588235,0.310615441860465
Schonungen,2023-01-03 19:00:00,0.1556,0.7129333333333333,0.7129333333333333,0.32288220032480885,0.18371078,0.2779104,0.44239166,0.48410317,0.5287911,0.11704580242938005,0.23301010618379517,0.38749994637651214,0.4116367365905291,0.47571383937391204,0.15408227580372258,0.23287142857142853,0.3653784285714286,0.49890641025641025,0.6328504398148149
Schonungen,2023-01-03 20:00:00,0.2586,0.7129333333333333,0.7129333333333333,0.35645880715176625,0.21937943,0.26719892,0.44239166,0.48410317,0.5287911,0.11704580242938005,0.23712996367147118,0.38749994637651214,0.4154266462167537,0.47571383937391204,0.15408227580372258,0.24272416160908802,0.3653784285714286,0.4961786458333334,0.6287019293478261
Schonungen,2023-01-03 21:00:00,0.18923333333333328,0.7129333333333333,0.7129333333333333,0.44267333218244687,0.23996408,0.28835732,0.5956738,0.60798585,0.6766537,0.16676961693553768,0.31216562250981594,0.46262861559682117,0.5486247848630905,0.6163559350211424,0.3677502380952381,0.42899131944444446,0.49052105734767015,0.6132110766045549,0.7301300466200465
Schonungen,2023-01-03 22:00:00,0.4298333333333333,0.7129333333333333,0.7129333333333333,0.46326831746870367,0.22174595,0.26561305,0.5609334,0.6126369,0.6689564,0.16676961693553768,0.3027664902455932,0.46262861559682117,0.5486247848630905,0.6287909668223354,0.3604089743589744,0.4156974910394265,0.48488444444444434,0.6423068939393939,0.7816183012820512
Schonungen,2023-01-03 23:00:00,0.8159666666666667,0.7129333333333333,0.7129333333333333,0.4029717771710092,0.24493134,0.31398606,0.53731066,0.66760594,0.7172728,0.18425925896605197,0.3178465300239749,0.5447693970405525,0.6376505033228935,0.6495446060701784,0.4138684677419355,0.4829344444444444,0.6030382478632479,0.7065202564102564,0.7958609166666667
Schonungen,2023-01-04 00:00:00,0.9990666666666669,0.8159666666666667,0.8159666666666667,0.925605371070115,0.2132022,0.36600754,0.6065729,0.7690831,0.8939895,0.12318224859023821,0.33543655648028997,0.5904409217839993,0.7413524445749724,0.8985425723051478,0.2919913419913419,0.3492241666666666,0.44997624999999997,0.6298838541666667,0.758740085714286
Schonungen,2023-01-04 01:00:00,1.2681666666666667,0.8159666666666667,0.8159666666666667,0.8598077964333765,0.20207722,0.3665033,0.6108158,0.7996611,0.90549606,0.12318224859023821,0.3492165753943608,0.5904409217839993,0.7738901867905974,0.9273910059286364,0.3022668253968253,0.3634602298850575,0.5104563492063492,0.6903779166666667,0.8170439523809524
Schonungen,2023-01-04 02:00:00,1.0739666666666667,0.8159666666666667,0.8159666666666667,0.9204925821154929,0.2780025,0.43232173,0.6770542,0.9075471,1.2181021,0.12318224859023821,0.4028793921784023,0.6513286600814506,0.8844959639887082,1.1810042468591975,0.3757894444444445,0.5367619658119658,0.7711468211206898,0.9099990151515152,1.0557600151515154
Schonungen,2023-01-04 03:00:00,1.1248,0.8159666666666667,0.8159666666666667,0.9673771832308103,0.27762288,0.5269271,0.9073937,1.1325462,1.1876675,0.12318224859023821,0.5101409064007334,0.862382720067543,1.17008873179923,1.260407246107259,0.5530346153846153,0.7155184567901234,0.8388376811594205,1.0470243640350876,1.2707242380952384
Schonungen,2023-01-04 04:00:00,1.006,0.8159666666666667,0.8159666666666667,1.0153479470615823,0.3155106,0.5492295,0.9416548,1.1921933,1.1975048,0.12318224859023821,0.5101409064007334,0.862382720067543,1.17008873179923,1.2651337966848393,0.5495428205128204,0.7155184567901234,0.8513907986111111,1.0926388708513708,1.3272352412280706
Schonungen,2023-01-04 05:00:00,1.2306,0.8159666666666667,0.8159666666666667,1.0506553123645705,0.31862208,0.7373677,1.1358857,1.3523262,1.390971,0.12318224859023821,0.5320511154274413,1.0877321214429139,1.4131044799466368,1.4809511554172783,0.7398579047619046,0.9221039957264957,1.110694722222222,1.346542803030303,1.5109914962121216
Schonungen,2023-01-04 06:00:00,1.5344,0.8159666666666667,0.8159666666666667,1.0907985751860383,0.35364026,0.7541488,1.1447942,1.4322302,1.5169469,0.12318224859023821,0.5352403711961823,1.0877321214429139,1.4809511554172783,1.4832985942609325,0.8152557142857143,0.9469945926385442,1.12485228143504,1.404096891124871,1.5781466402116402
Schonungen,2023-01-04 07:00:00,1.5714333333333335,0.8159666666666667,0.8159666666666667,1.1518943012700702,0.35806105,0.8171233,1.1693408,1.497246,1.5903627,0.12318224859023821,0.5410316713970678,1.0877321214429139,1.5224399528979045,1.5279676088628151,0.8528359375,0.9567124363327674,1.162299927536232,1.4524116707516337,1.5864274242424243
Schonungen,2023-01-04 08:00:00,1.4746333333333335,0.8159666666666667,0.8159666666666667,1.26946083390151,0.3741989,0.83592254,1.1693408,1.4757605,1.6547588,0.12318224859023821,0.5410316713970678,1.1211324823396458,1.5954593263419818,1.626715741154053,0.8846378298850577,0.9887683333333335,1.1829257352941176,1.4896927307508367,1.6582516714975843
Schonungen,2023-01-04 09:00:00,1.2548666666666666,0.8159666666666667,0.8159666666666667,1.3355024018954866,0.40916863,0.80754477,1.4150339,1.4669225,1.6027017,0.12318224859023821,0.6193984315634852,1.3468523409653752,1.6906271638960626,1.7423984403823136,0.9960566907993967,1.2244251923076923,1.5558940972222226,1.6989281702898549,1.9299926190476189
Schonungen,2023-01-04 10:00:00,1.3651,0.8159666666666667,0.8159666666666667,1.4570675931537447,0.40954825,1.0744166,1.6291536,1.6318042,1.6725116,0.12318224859023821,0.6331447013665245,1.5475536720567602,1.727550029903178,1.7352083165567695,0.9541971129032257,1.196413333333333,1.5303474074074073,1.764906698994253,1.9646817283950615
Schonungen,2023-01-04 11:00:00,1.940733333333333,0.8159666666666667,0.8159666666666667,1.5165737470996405,0.40954825,1.2179258,1.7380041,1.79143,1.9686908,0.12318224859023821,0.6331447013665245,1.6380948538709508,1.9216222398166583,1.9482424110421686,1.1960363333333335,1.4813011904761906,1.8149952861952863,1.9744331481481479,2.009071111111111
Schonungen,2023-01-04 12:00:00,1.7265666666666666,0.8159666666666667,0.8159666666666667,1.334126367134688,0.38249078,1.01063,1.4055326,1.4471393,1.5910985,0.12318224859023821,0.6331447013665245,1.346229660258127,1.674516967743279,1.717190274890103,0.9867445844402277,1.1936714285714287,1.5225304843304843,1.6560235507246377,1.8144060196560197
Schonungen,2023-01-04 13:00:00,1.765,0.8159666666666667,0.8159666666666667,1.4585541474410744,0.40954825,1.0738232,1.6112034,1.6154728,1.6283822,0.12318224859023821,0.6331447013665245,1.5460363378870863,1.7352083165567695,1.735677584046866,0.9500331030303032,1.1692115196078432,1.3925886437908495,1.5932164062499998,1.777304920634921
Schonungen,2023-01-04 14:00:00,1.8018666666666663,0.8159666666666667,0.8159666666666667,1.5360343152233353,0.40954825,1.2173324,1.7163728,1.8213453,1.8962021,0.12318224859023821,0.6331447013665245,1.6567335400103405,1.950459694495318,1.973285040562024,1.182563988095238,1.4256004456327984,1.765959375,1.9764373015873014,2.011758705882353
Schonungen,2023-01-04 15:00:00,1.8035,0.8159666666666667,0.8159666666666667,1.5516895363959087,0.40954825,1.2173324,1.7163728,1.8784901,1.8962021,0.12318224859023821,0.6331447013665245,1.6567335400103405,1.950459694495318,1.973285040562024,1.1949375833333336,1.4428189393939392,1.8151937346437346,1.9764373015873014,2.011758705882353
Schonungen,2023-01-04 16:00:00,1.6701,0.8159666666666667,0.8159666666666667,1.6053337693668177,0.40954825,1.5930015,1.8269081,1.8875333,1.8958101,0.12318224859023821,0.6331447013665245,1.6567335400103405,1.9714027445424982,1.9827797229482358,1.2848516666666665,1.4716780555555555,1.9174092948717945,1.991733446455505,2.011758705882353
Schonungen,2023-01-04 17:00:00,1.6188666666666665,0.8159666666666667,0.8159666666666667,1.7221859886753652,0.41082093,1.6031305,1.8226544,1.8332229,1.8815771,0.12318224859023821,0.6331447013665245,1.6567335400103405,1.8953602592745682,1.895754524498782,1.1398781666666666,1.4381864393939392,1.8440523148148147,1.9832249999999998,2.0059620833333334
Schonungen,2023-01-04 18:00:00,1.8778,0.8159666666666667,0.8159666666666667,1.788301968164316,0.41082093,1.3579862,1.5931957,1.6087517,1.6941259,0.12318224859023821,0.6001949610120927,1.493073206935293,1.7776331359376325,1.8617021922326682,0.8637675084175084,1.1042959956709957,1.5655547222222221,1.9742169642857141,2.0050761363636362
Schonungen,2023-01-04 19:00:00,2.0270333333333332,0.8159666666666667,0.8159666666666667,1.8504077359481377,0.41082093,1.59442,1.6031305,1.6087517,1.6941259,0.12318224859023821,0.6331447013665245,1.493073206935293,1.7776331359376325,1.8617021922326682,0.8199270833333332,1.0493142857142856,1.5349292592592592,1.9723441964285713,2.0050761363636362
Schonungen,2023-01-04 20:00:00,1.9023666666666663,0.8159666666666667,0.8159666666666667,1.9998842402496502,0.40954825,1.5914416,1.5985384,1.6078454,1.7008705,0.12318224859023821,0.6331447013665245,1.4742968290355734,1.7535883576396984,1.8617021922326682,0.8021575,1.0300042207792208,1.4366828787878787,1.9451332561728396,1.9968427272727272
Schonungen,2023-01-04 21:00:00,1.6100333333333332,0.8159666666666667,0.8159666666666667,1.8554397155908386,0.40954825,1.5875208,1.5968007,1.6078454,1.7030526,0.12318224859023821,0.6079408579052334,1.4742968290355734,1.7621493958688648,1.8617021922326682,0.8021575,1.0300042207792208,1.4366828787878787,1.9451332561728396,1.9968427272727272
Schonungen,2023-01-04 22:00:00,1.6794666666666667,0.8159666666666667,0.8159666666666667,2.0995072195969677,0.40954825,1.5875208,1.5895711,1.5968007,1.7044903,0.12318224859023821,0.6079408579052334,1.445159780677883,1.787930689402772,1.8617021922326682,0.8076129166666666,1.0423642857142856,1.449482037037037,1.9451332561728396,1.9968427272727272
Schonungen,2023-01-04 23:00:00,1.7589666666666668,0.8159666666666667,0.8159666666666667,1.6617274578360681,0.40954825,1.2020755,1.4252733,1.5816693,1.6758223,0.12318224859023821,0.6079408579052334,1.445159780677883,1.7745995137229296,1.8293821637797505,0.8076129166666666,1.0423642857142856,1.4025539215686273,1.8749067460317457,1.9872965967365968
Schonungen,2023-01-05 00:00:00,1.2786,1.7589666666666668,1.7589666666666668,1.4379122654605767,0.5679038,1.3529587,1.6306636,1.6307386,1.7128074,0.21287221564309688,0.7856768049034688,1.6111464650762555,1.868909813948446,1.9176321677971555,0.9896506493506495,1.3607384375,1.6285636363636364,1.7875102101183187,1.925886424242424
Schonungen,2023-01-05 01:00:00,1.6440666666666666,1.7589666666666668,1.7589666666666668,1.2861427155778358,0.5679038,1.2600425,1.4001336,1.4952595,1.6617792,0.21287221564309688,0.7856768049034688,1.3716710267741086,1.6813546936701973,1.75056195064119,0.7562506397306398,1.1769380291005291,1.5389333333333335,1.6413291666666667,1.7487909523809524
Schonungen,2023-01-05 02:00:00,0.22876666666666667,1.7589666666666668,1.7589666666666668,1.6143995591624618,0.5679038,1.611401,1.6798291,1.7687186,1.8636798,0.21287221564309688,0.7856768049034688,1.6111464650762555,1.9135875343135083,1.9894327187555774,1.204045,1.5954014880952383,1.847892261904762,1.9564295138888887,2.0056993333333333
Schonungen,2023-01-05 03:00:00,1.0896,1.7589666666666668,1.7589666666666668,1.6683775446315727,0.5687592,1.3502746,1.3964688,1.5973252,1.5982044,0.21287221564309688,0.7856768049034688,1.5893897622053004,1.8110929684914499,1.9135875343135083,1.0992794047619048,1.5839987433862432,1.8562198809523809,1.9520644781144778,2.0022130643274854
Schonungen,2023-01-05 04:00:00,1.274233333333333,1.7589666666666668,1.7589666666666668,1.3934216952505711,0.54287696,1.2473971,1.3371136,1.4955748,1.9089781,0.21287221564309688,0.7856768049034688,1.4316796136401615,1.7221286652731582,1.7710521610425278,0.8387054166666668,1.1376920195810563,1.5274777777777777,1.6797086309523808,1.9058658333333331
Schonungen,2023-01-05 05:00:00,0.5552333333333334,1.7589666666666668,1.7589666666666668,1.2944720947520327,0.54287696,1.2496802,1.3569636,1.4383693,1.9089781,0.21287221564309688,0.7856768049034688,1.3716710267741086,1.6813546936701973,1.8315351017453472,0.9658986011904761,1.1789855769230768,1.512904722222222,1.6289918615984404,1.8135456641604009
Schonungen,2023-01-05 06:00:00,0.9427333333333332,1.7589666666666668,1.7589666666666668,1.2717892428221826,0.54287696,1.2496802,1.3569636,1.4427477,1.6719792,0.21287221564309688,0.7856768049034688,1.3716710267741086,1.6649416507587351,1.6813546936701973,0.9496044583333335,1.1731827724358974,1.512904722222222,1.6358615497076023,1.8322038345864664
Schonungen,2023-01-05 07:00:00,1.2962333333333331,1.7589666666666668,1.7589666666666668,1.2509964174711283,0.54341465,1.2496802,1.3491675,1.3816541,1.6539402,0.21287221564309688,0.7856768049034688,1.3647808373941128,1.6649416507587351,1.6813546936701973,0.9110400303030303,1.1731827724358974,1.512904722222222,1.6375443713450293,1.8322038345864664
Schonungen,2023-01-05 08:00:00,1.3559666666666668,1.7589666666666668,1.7589666666666668,1.1138967336299574,0.43901184,0.8507419,1.0951445,1.4072222,1.4638286,0.21287221564309688,0.6401800629498425,1.0896871419076453,1.4901187779999496,1.5536423500305236,0.3395966666666666,0.7546094623038653,0.9352211044138286,1.1355567857142856,1.3311244444444443
Schonungen,2023-01-05 09:00:00,0.7996333333333333,1.7589666666666668,1.7589666666666668,1.1861816052542244,0.45613712,0.8507419,1.1596119,1.4314934,1.5671875,0.21287221564309688,0.6401800629498425,1.1067641100824446,1.5300011179169144,1.6164363971319542,0.33804166666666663,0.7231865384615384,0.9930042328042328,1.1872118993993994,1.515209523809524
Schonungen,2023-01-05 10:00:00,1.2101666666666668,1.7589666666666668,1.7589666666666668,1.1825129128033478,0.4468424,0.8507419,1.1417303,1.4632382,1.4825548,0.21287221564309688,0.6401800629498425,1.096577331287641,1.4901187779999496,1.5683130949300206,0.33804166666666663,0.7470332927620902,0.9302961182336184,1.1744150106837608,1.4722184523809525
Schonungen,2023-01-05 11:00:00,1.432,1.7589666666666668,1.7589666666666668,1.3198563194182393,0.5600022,1.2459668,1.3388742,1.5198466,1.6455109,0.21287221564309688,0.7856768049034688,1.4316796136401615,1.6801066896235954,1.7109833058785304,0.9896506493506495,1.192586597222222,1.5245533333333334,1.6359150219298246,1.8135456641604009
Schonungen,2023-01-05 12:00:00,1.7631,1.7589666666666668,1.7589666666666668,1.253566285950501,0.5594645,1.2453995,1.3443036,1.3967389,1.6452347,0.21287221564309688,0.7856768049034688,1.3716710267741086,1.6649416507587351,1.6813546936701973,0.9658986011904761,1.1779760416666667,1.4433539189189188,1.6235636996904026,1.7487909523809524
Schonungen,2023-01-05 13:00:00,1.7466333333333335,1.7589666666666668,1.7589666666666668,1.3093443654319674,0.5600022,1.2447356,1.3163416,1.393107,1.6202784,0.21287221564309688,0.7854819747193651,1.329265518850325,1.6649416507587351,1.6813546936701973,0.9619384761904761,1.1661005291005293,1.435481349206349,1.6192936251920123,1.7487909523809524
Schonungen,2023-01-05 14:00:00,1.4172,1.7589666666666668,1.7589666666666668,1.2818891155586833,0.5600022,1.2447356,1.3320085,1.3894835,1.5896566,0.21287221564309688,0.7854819747193651,1.329265518850325,1.6649416507587351,1.6813546936701973,0.9619384761904761,1.1661005291005293,1.435481349206349,1.6192936251920123,1.7487909523809524
Schonungen,2023-01-05 15:00:00,0.8946000000000001,1.7589666666666668,1.7589666666666668,1.0718263557235115,0.4468424,0.8558826,1.099809,1.3428419,1.3660476,0.21287221564309688,0.6399852327657388,1.0875003645614634,1.4779551137815519,1.4896433462805239,0.6386100101010102,0.7890364058355436,1.003453935185185,1.1674787667887667,1.3823181259600616
Schonungen,2023-01-05 16:00:00,0.6009333333333333,1.7589666666666668,1.7589666666666668,0.9720351821093918,0.39501014,0.5411247,0.78057873,0.96807307,1.237427,0.21287221564309688,0.54023038619862,0.8847062498613331,1.1033399621780338,1.3059323228479331,0.6151729999999999,0.688886,0.786302611585945,0.896317191011236,1.0370084836973725
Schonungen,2023-01-05 17:00:00,0.4156666666666667,1.7589666666666668,1.7589666666666668,0.9476761327009158,0.40430486,0.5411247,0.77514935,1.0214628,1.2340821,0.21287221564309688,0.5681791236784246,0.8760071146967454,1.1033399621780338,1.3059323228479331,0.6141360101010102,0.6878411560283688,0.7836562271062271,0.8731122685185186,1.0118560357142856
Schonungen,2023-01-05 18:00:00,0.3049,1.7589666666666668,1.7589666666666668,0.8931305462587937,0.36046582,0.5411247,0.79358685,0.98977447,1.158879,0.21287221564309688,0.5513642872772184,0.8721333393716929,1.1033399621780338,1.2171966561812662,0.6022602813852814,0.6799548771121353,0.7763752255460591,0.8731122685185186,1.022577761904762
Schonungen,2023-01-05 19:00:00,0.26789999999999997,1.7589666666666668,1.7589666666666668,0.7274000317096991,0.2855632,0.3502957,0.57278526,0.58644646,0.6440456,0.20321606300407005,0.41988747883305294,0.6302673465203182,0.7358151537987244,0.809198082287287,0.2641547619047619,0.3844212339743589,0.5362705128205129,0.6955549856674856,0.8359530701754387
Schonungen,2023-01-05 20:00:00,0.16643333333333335,1.7589666666666668,1.7589666666666668,0.616813798191066,0.17900828,0.20997153,0.3119618,0.37085474,0.39342162,0.12668086641245013,0.21490968829314616,0.3453758526934846,0.3910245394572914,0.49069634705228077,0.15558496926456183,0.22489017482085494,0.2670285265049416,0.36053201754385966,0.4210867261904765
Schonungen,2023-01-05 21:00:00,0.27526666666666666,1.7589666666666668,1.7589666666666668,0.62910049634271,0.17926462,0.22458336,0.3119618,0.37633342,0.41984737,0.12668086641245013,0.21490968829314616,0.3453758526934846,0.40467335791059,0.5092543086765338,0.15558496926456183,0.22489017482085494,0.270183211604788,0.36699636127355423,0.451851507936508
Schonungen,2023-01-05 22:00:00,0.19586666666666666,1.7589666666666668,1.7589666666666668,0.5380867549508912,0.14622548,0.1841813,0.22025226,0.2800812,0.3377074,0.08771485092365637,0.12336997006378218,0.21591195380401093,0.2921613801903291,0.42148382266732914,0.12637798561719615,0.14681692185007977,0.23888051750380518,0.30617357859531774,0.3893429927760578
Schonungen,2023-01-05 23:00:00,0.17523333333333332,1.7589666666666668,1.7589666666666668,0.592260916355815,0.17833541,0.22121269,0.26681373,0.30385298,0.34457198,0.10793576514643645,0.1947621764246041,0.29348686094791254,0.3591113505652478,0.4640083188133512,0.14187401077097508,0.16050276178070294,0.24425739457831327,0.31444111111111117,0.39000074346405234
Schonungen,2023-01-06 00:00:00,0.2437666666666667,0.17523333333333332,0.17523333333333332,0.9356503365985186,0.21004888,0.2278563,0.56628484,0.58445966,0.5962672,0.19261002881217806,0.2328675173161723,0.39014590906829644,0.49419230659634117,0.584392286233215,0.23902840085638996,0.3215809090909091,0.4888524305555555,0.6135053819444445,0.6965673333333335
Schonungen,2023-01-06 01:00:00,0.19469999999999998,0.17523333333333332,0.17523333333333332,0.8467005447173891,0.19089735,0.19940116,0.5100267,0.5544873,0.57242525,0.1658907500417774,0.170483753781562,0.3128549726774694,0.45746112251759713,0.548070164723584,0.21136094034378156,0.23859205273892772,0.34222115384615387,0.5044041666666667,0.617553425925926
Schonungen,2023-01-06 02:00:00,0.2964333333333333,0.17523333333333332,0.17523333333333332,0.9436570761395627,0.21077122,0.2228667,0.606945,0.61205184,0.6321145,0.1927725407642814,0.24718585064950563,0.41019654925547844,0.5145092018736805,0.594298930152593,0.23902840085638996,0.3215809090909091,0.4888524305555555,0.6123064814814815,0.6867359047619049
Schonungen,2023-01-06 03:00:00,0.4198,0.17523333333333332,0.17523333333333332,1.0330983899309945,0.22502054,0.26259708,0.76208454,0.7688098,0.77933484,0.25374400292118465,0.32119216219343333,0.5883104299503475,0.6914014497736493,0.7518979733210834,0.3617407065217391,0.49021503623188406,0.5487854166666667,0.6505067708333333,0.8050166666666668
Schonungen,2023-01-06 04:00:00,0.6952,0.17523333333333332,0.17523333333333332,1.095909692026908,0.2216731,0.31605452,0.8542796,0.8572456,1.1451797,0.25374400292118465,0.4084963345572538,0.6599468796253939,0.9889095367513664,1.1312657595419888,0.4510774946236559,0.5461802083333334,0.6294683277962347,0.7432158055555553,0.8866125287356322
Schonungen,2023-01-06 05:00:00,0.8423999999999999,0.17523333333333332,0.17523333333333332,1.1216054352042373,0.2216731,0.34638348,0.9087422,1.2551993,1.4313695,0.25374400292118465,0.5017587147376418,0.731343871001967,1.1193323608169297,1.3252211024119127,0.2489526190476191,0.5178571839080459,0.6574688603988603,0.7641391028109359,0.8913205363984674
Schonungen,2023-01-06 06:00:00,0.8340333333333333,0.17523333333333332,0.17523333333333332,1.2517478881587571,0.29538,0.3751976,0.90111685,1.0833008,1.451349,0.2651865287138705,0.5206781208681767,0.8058657881650907,1.1989243008994044,1.3485698974293931,0.19635766666666665,0.4491522916666666,0.6883134225317695,0.7686773789033687,0.8646952208713273
Schonungen,2023-01-06 07:00:00,0.6197,0.17523333333333332,0.17523333333333332,1.3002877055251978,0.2828608,0.3686223,0.88121456,1.0532478,1.4339147,0.2651865287138705,0.5206781208681767,0.7889955278054884,1.1428352864324547,1.323676341046113,0.19635766666666665,0.4540489912280702,0.6948549102132435,0.8038304079331023,0.9075621138211383
Schonungen,2023-01-06 08:00:00,0.7201333333333333,0.17523333333333332,0.17523333333333332,1.229469255325331,0.2857678,0.34080112,0.85532045,1.0520093,1.4339147,0.2651865287138705,0.5017587147376418,0.7889955278054884,1.1428352864324547,1.3200849031571438,0.2617616111111111,0.5148825284090909,0.7134197390223694,0.8147213929146537,0.9896880952380954
Schonungen,2023-01-06 09:00:00,0.49339999999999995,0.17523333333333332,0.17523333333333332,1.2891492458487908,0.2939705,0.37113202,0.88276964,1.0556848,1.4401101,0.2651865287138705,0.5206781208681767,0.7898219760018563,1.1553541024128473,1.323676341046113,0.31707199999999996,0.5770176016830294,0.7340556712962965,0.8558440957446808,1.0928584149184148
Schonungen,2023-01-06 10:00:00,0.5974333333333333,0.17523333333333332,0.17523333333333332,1.4090217482311789,0.21696119,0.4366927,1.071612,1.3561661,1.6577177,0.11355440930528726,0.5915006945642475,1.040372305012606,1.365447238627406,1.620046571377804,0.34184919413919407,0.7247805218490431,0.8921238302277433,1.142080076923077,1.31116173374613
Schonungen,2023-01-06 11:00:00,0.9342333333333332,0.17523333333333332,0.17523333333333332,1.3832208455603001,0.2656654,0.43007118,1.0699261,1.3032736,1.6589154,0.20447470709308418,0.5915006945642475,1.040372305012606,1.365447238627406,1.606383158167491,0.3185838888888889,0.7122391296496929,0.8921238302277433,1.1389449751773046,1.2866986363636361
Schonungen,2023-01-06 12:00:00,1.0861333333333334,0.17523333333333332,0.17523333333333332,1.1180500515244964,0.26547915,0.35113603,0.90342385,1.0500866,1.3785149,0.26180198917234165,0.5017587147376418,0.769970998987303,1.1428352864324547,1.3200849031571438,0.5276748484848485,0.6884021413734117,0.7539458065810596,0.9264108945583323,1.1505146153846155
Schonungen,2023-01-06 13:00:00,0.6592,0.17523333333333332,0.17523333333333332,1.1543792763041347,0.2599153,0.35113603,0.90270126,1.0316595,1.4269924,0.27324451496502744,0.5017587147376418,0.769970998987303,1.1428352864324547,1.3200849031571438,0.5582559523809524,0.6920889240506329,0.7695305227354101,0.967326797385621,1.1783000442086646
Schonungen,2023-01-06 14:00:00,0.5300666666666667,0.17523333333333332,0.17523333333333332,1.1199808982159398,0.23275901,0.35054898,0.90270126,1.0328295,1.3575417,0.26180198917234165,0.5017587147376418,0.769970998987303,1.1428352864324547,1.3200849031571438,0.5276748484848485,0.6888829928315414,0.7636933415367788,0.9264108945583323,1.1505146153846155
Schonungen,2023-01-06 15:00:00,0.45166666666666666,0.17523333333333332,0.17523333333333332,1.0134336518074942,0.2240356,0.2669996,0.6882845,0.6888786,0.718107,0.26180198917234165,0.31159683662727383,0.5673821007954927,0.6386799015159866,0.7221266997134282,0.32265466666666665,0.40467229166666663,0.5117580790960451,0.6239391935483871,0.7396425326797383
Schonungen,2023-01-06 16:00:00,0.5118666666666667,0.17523333333333332,0.17523333333333332,1.0398824696796551,0.23275901,0.32452142,0.77709174,0.8082846,1.1150463,0.26180198917234165,0.4084963345572538,0.6439030674621595,0.9328205222844167,1.1000281643203182,0.41008147869674183,0.5334532142857142,0.6208197222222223,0.7539335277777779,0.8397600854700856
Schonungen,2023-01-06 17:00:00,0.36823333333333336,0.17523333333333332,0.17523333333333332,0.9950928657475052,0.22389166,0.26571864,0.65931034,0.6864416,0.718107,0.26180198917234165,0.31159683662727383,0.5673821007954927,0.626161085535594,0.7192343638627262,0.3218363636363636,0.39648130952380944,0.5087446663976325,0.6206827777777777,0.7396425326797383
Schonungen,2023-01-06 18:00:00,0.27416666666666667,0.17523333333333332,0.17523333333333332,0.9702871268017538,0.21056274,0.25242612,0.5901772,0.59050673,0.6373027,0.26180198917234165,0.2851402720119607,0.4764124279062634,0.57073534698491,0.711051713828803,0.31805999999999995,0.37620492424242424,0.49868185185185177,0.6135053819444445,0.7029152243589745
Schonungen,2023-01-06 19:00:00,0.44256666666666666,0.17523333333333332,0.17523333333333332,0.9804003555085102,0.22391546,0.24384631,0.5901772,0.59050673,0.64484537,0.26180198917234165,0.2851402720119607,0.47729011687393624,0.57073534698491,0.711051713828803,0.31805999999999995,0.378860606060606,0.5006020238095237,0.6135053819444445,0.7029152243589745
Schonungen,2023-01-06 20:00:00,0.5393666666666667,0.17523333333333332,0.17523333333333332,0.9902568974288551,0.22351323,0.27450362,0.6202622,0.6328635,0.7102316,0.26180198917234165,0.2851402720119607,0.5518625516170143,0.6249875358985256,0.7408229874364581,0.31805999999999995,0.3886640873015873,0.5044404264870932,0.6162994791666667,0.7029152243589745
Schonungen,2023-01-06 21:00:00,0.4459333333333333,0.17523333333333332,0.17523333333333332,0.9689455458934261,0.21094549,0.25242612,0.6050475,0.6129558,0.64484537,0.25453884273737754,0.25582774249859264,0.47729011687393624,0.56791620125991,0.713944049679505,0.31805999999999995,0.3886640873015873,0.5162369135802468,0.6411123076923075,0.7876013257575758
Schonungen,2023-01-06 22:00:00,0.27703333333333335,0.17523333333333332,0.17523333333333332,0.9823600090805936,0.21094549,0.25242612,0.6292748,0.642562,0.64484537,0.25453884273737754,0.25582774249859264,0.47729011687393624,0.5759493141434094,0.7350093260892069,0.32265466666666665,0.40612311403508766,0.5274107142857143,0.6809149999999999,0.8050166666666668
Schonungen,2023-01-06 23:00:00,0.34026666666666666,0.17523333333333332,0.17523333333333332,0.911150182652185,0.21004888,0.2278563,0.5406179,0.58314943,0.58445966,0.19261002881217806,0.2328675173161723,0.3681975157533662,0.47875480159600936,0.5700823045347939,0.23902840085638996,0.3215809090909091,0.49832789351851847,0.6162994791666667,0.6965673333333335
Schonungen,2023-01-07 00:00:00,0.48443333333333327,0.34026666666666666,0.34026666666666666,0.3473635805392252,0.16867775,0.21276733,0.32723233,0.34672144,0.4042079,0.12546614724674549,0.21565249516283733,0.30730867367654047,0.3299686104407887,0.4725515618366009,0.15867313508637762,0.220658918128655,0.2632190636411058,0.3205827651515152,0.381175
Schonungen,2023-01-07 01:00:00,0.5549333333333333,0.34026666666666666,0.34026666666666666,0.3107406352418989,0.16867775,0.20968166,0.33013383,0.3630373,0.4104989,0.1258539292720995,0.2150913548477897,0.30806197568526444,0.3299686104407887,0.4627598844098489,0.15867313508637762,0.220658918128655,0.262484248826291,0.3163961439393939,0.3742243383458647
Schonungen,2023-01-07 02:00:00,0.2902,0.34026666666666666,0.34026666666666666,0.2479457336100494,0.15614209,0.18431127,0.31325468,0.3472863,0.46973622,0.11245533505770709,0.16119938586126756,0.2614536749757596,0.32602962159000565,0.417142409435558,0.13970541290197225,0.16587018766484074,0.23736350419084462,0.27279160237865635,0.3031128542510122
Schonungen,2023-01-07 03:00:00,0.4521,0.34026666666666666,0.34026666666666666,0.2209014357432449,0.1370614,0.18431127,0.3238431,0.33014032,0.4676389,0.11245533505770709,0.1972965268039191,0.2926740005431997,0.32602962159000565,0.417142409435558,0.14583218382157023,0.1761886200716846,0.24630558300395256,0.2806224494949495,0.33948224222585943
Schonungen,2023-01-07 04:00:00,0.32816666666666666,0.34026666666666666,0.34026666666666666,0.11922528773604935,0.08786926,0.10957098,0.17868653,0.19727956,0.36297914,0.08891908135729856,0.11446447323017117,0.15223557361652018,0.21525178560691127,0.39982012216361584,0.05745986216931215,0.11395125513251211,0.14780011021886316,0.2168878418137764,0.26523262962962973
Schonungen,2023-01-07 05:00:00,0.13213333333333332,0.34026666666666666,0.34026666666666666,0.04469566597907684,0.08204117,0.10957098,0.18083628,0.19727956,0.35010073,0.08208108885082369,0.10967806451460663,0.1528249552355197,0.21261460651776462,0.36049854233175727,0.05165385456885456,0.10632450334950336,0.13826951445717403,0.18814616693899783,0.26104480214621056
Schonungen,2023-01-07 06:00:00,0.085,0.34026666666666666,0.34026666666666666,0.0843375512208088,0.08204117,0.106791794,0.16567354,0.21595679,0.3288676,0.08208108885082369,0.10967806451460663,0.14695931035070983,0.21261460651776462,0.3855901413459345,0.056210924242424236,0.11184102564102563,0.1414348428260193,0.19226546840958608,0.2529378363636364
Schonungen,2023-01-07 07:00:00,0.19846666666666668,0.34026666666666666,0.34026666666666666,0.10393195386381215,0.09550437,0.106791794,0.1552271,0.19593102,0.31867477,0.08208108885082369,0.11466973639146347,0.14695931035070983,0.21261460651776462,0.3855901413459345,0.056210924242424236,0.11184102564102563,0.1414348428260193,0.19226546840958608,0.2529378363636364
Schonungen,2023-01-07 08:00:00,0.25926666666666665,0.34026666666666666,0.34026666666666666,0.07507287639537599,0.09550437,0.10799378,0.15829979,0.18930668,0.28883085,0.07887025707045908,0.10988332767589892,0.14695931035070983,0.21261460651776462,0.33708346028697106,0.0517581277056277,0.09676473967490208,0.13303352793994994,0.17010641762452106,0.23959497619047615
Schonungen,2023-01-07 09:00:00,0.2457,0.34026666666666666,0.34026666666666666,0.1335317339554546,0.10330241,0.10799378,0.14649911,0.18930668,0.31867477,0.09132298070708413,0.10479132708537944,0.1463699287317103,0.21525178560691127,0.39982012216361584,0.05745986216931215,0.11333195006747637,0.1465715261124434,0.2055921228070175,0.26104480214621056
Schonungen,2023-01-07 10:00:00,0.336,0.34026666666666666,0.34026666666666666,0.05145565465148272,0.078536384,0.10780071,0.14196023,0.1644006,0.21056578,0.07208979023202328,0.09122820727845171,0.12398655181492624,0.15894187483752445,0.3197882410577404,0.0507292516403368,0.06777058823529412,0.10716363636363635,0.13505788576300082,0.16489264150943397
Schonungen,2023-01-07 11:00:00,0.2161,0.34026666666666666,0.34026666666666666,0.004385122585808587,0.038231272,0.078029394,0.16668466,0.1874509,0.21504253,0.06230575016364456,0.0721661094354363,0.1306857542625184,0.16459402694003988,0.3197882410577404,0.03163244372652536,0.0517428841991342,0.10615080850080852,0.13423172348484846,0.15604515555555562
Schonungen,2023-01-07 12:00:00,0.28026666666666666,0.34026666666666666,0.34026666666666666,0.2711360570412417,0.06618171,0.110252246,0.1661396,0.21055083,0.2994505,0.07588113786775734,0.1154920297506912,0.14620600834198585,0.2216110218073892,0.3931571607075095,0.056210924242424236,0.10632450334950336,0.13826951445717403,0.19226546840958608,0.2529378363636364
Schonungen,2023-01-07 13:00:00,0.39113333333333333,0.34026666666666666,0.34026666666666666,0.3674300023745598,0.14251094,0.19677608,0.35188335,0.37478453,0.50401646,0.12546614724674549,0.21585775832412962,0.31151969462028334,0.33965460108342577,0.48327312804223843,0.15867313508637762,0.21603072634858173,0.25947088790050243,0.31520064393939395,0.39885767518482823
Schonungen,2023-01-07 14:00:00,0.4645666666666667,0.34026666666666666,0.34026666666666666,0.3841876787037305,0.16914341,0.19677608,0.35422796,0.37478453,0.50401646,0.12546614724674549,0.2152077855157683,0.31151969462028334,0.33965460108342577,0.48327312804223843,0.15867313508637762,0.21603072634858173,0.25947088790050243,0.31520064393939395,0.39885767518482823
Schonungen,2023-01-07 15:00:00,0.36710000000000004,0.34026666666666666,0.34026666666666666,0.404455618746842,0.21203119,0.21609376,0.36233693,0.45145774,0.4943742,0.18100249706644558,0.24795211395458056,0.3772928088163874,0.5053981159658065,0.5816554309664189,0.21412485380116958,0.2824324661246613,0.38364976190476185,0.4706725883838384,0.5820260144927537
Schonungen,2023-01-07 16:00:00,0.3412333333333333,0.34026666666666666,0.34026666666666666,0.44729143713987873,0.33536908,0.46747893,0.75636625,0.8712584,1.2528677,0.21521990730302426,0.4820013303385505,0.7518550260982101,0.9534373319573692,1.1093922277649098,0.5709145303030303,0.6794599661489447,0.7813278841341342,0.9371679324894516,1.1158009523809524
Schonungen,2023-01-07 17:00:00,0.43773333333333336,0.34026666666666666,0.34026666666666666,0.5347629081375391,0.3162884,0.46599856,0.80302536,1.0696782,1.3675883,0.21521990730302426,0.4918797396446346,0.8478691665157008,1.113267076103568,1.2630626808996102,0.6686036398467434,0.7260842898134864,0.817058023193096,1.0512479615384618,1.1703571085858586
Schonungen,2023-01-07 18:00:00,0.5075666666666666,0.34026666666666666,0.34026666666666666,0.47376762866968614,0.3162884,0.4662769,0.7856829,1.0720537,1.3073756,0.21521990730302426,0.4916744764833423,0.8478691665157008,1.113267076103568,1.2630626808996102,0.6686036398467434,0.7388479876822525,0.8242561957077159,1.0603441724941727,1.1703571085858586
Schonungen,2023-01-07 19:00:00,0.8851666666666667,0.34026666666666666,0.34026666666666666,0.49272009650348336,0.3162884,0.46599856,0.8035878,0.9125724,1.2517512,0.21521990730302426,0.4916744764833423,0.757788010573544,1.0200188766584115,1.2630626808996102,0.6311174652014652,0.722035981143713,0.8057446416796806,0.987317723080223,1.1341428932178934
Schonungen,2023-01-07 20:00:00,0.9579333333333332,0.34026666666666666,0.34026666666666666,0.43291585456188497,0.23200174,0.39086393,0.59885323,0.71185267,0.74530464,0.21521990730302426,0.36202477418849305,0.5776644958370024,0.7266019257476576,0.7762936643906804,0.3119465,0.3776565052231719,0.4612310457516339,0.5943755208333333,0.7681672727272728
Schonungen,2023-01-07 21:00:00,0.7825666666666667,0.34026666666666666,0.34026666666666666,0.2934519472163376,0.20798483,0.21499467,0.4575282,0.5090272,0.67057776,0.187534605102146,0.2549191114509041,0.40860184347966094,0.5220335003164387,0.660199424129556,0.23906345238095236,0.31002583333333333,0.38680869565217396,0.49625454597701146,0.6001977450980391
Schonungen,2023-01-07 22:00:00,0.7434666666666667,0.34026666666666666,0.34026666666666666,0.16774463005432771,0.14742193,0.19289778,0.35938618,0.37137398,0.52182364,0.12276556729487395,0.20939382027968376,0.31151969462028334,0.33965460108342577,0.4637131777305249,0.15867313508637762,0.220658918128655,0.262484248826291,0.34199186930091185,0.4606213333333334
Schonungen,2023-01-07 23:00:00,0.6768333333333334,0.34026666666666666,0.34026666666666666,0.18848002163107969,0.13737781,0.18417181,0.3269475,0.3286259,0.4663152,0.11992202977486643,0.1972965268039191,0.28408728731476196,0.3241950420748782,0.4725515618366009,0.14781445126751694,0.17857059044882323,0.2495728516978517,0.2835322203325775,0.36596299615877076
Schonungen,2023-01-08 00:00:00,0.5189,0.6768333333333334,0.6768333333333334,0.35433652468172205,0.15932265,0.23014101,0.37636068,0.49785727,0.65443707,0.13127088535582668,0.18265029398600768,0.29833745746638907,0.42297226328876775,0.6222796554938048,0.17102944126620895,0.24952234848484844,0.39069598577235765,0.5002880639097744,0.6012434981684983
Schonungen,2023-01-08 01:00:00,0.30060000000000003,0.6768333333333334,0.6768333333333334,0.3391877565289202,0.1596969,0.23162033,0.38857388,0.51364857,0.6202133,0.12871860936946095,0.18265029398600768,0.3165027591250858,0.42297226328876775,0.6300452751490888,0.17102944126620895,0.24952234848484844,0.39069598577235765,0.5002880639097744,0.6012434981684983
Schonungen,2023-01-08 02:00:00,0.3422333333333333,0.6768333333333334,0.6768333333333334,0.32591473793926806,0.15986529,0.23693074,0.37252188,0.48828024,0.6202133,0.13127088535582668,0.18265029398600768,0.30133251339751216,0.42297226328876775,0.5869039699664711,0.169710009503445,0.2481443181818182,0.3855788616441602,0.48670567233900563,0.543387869254797
Schonungen,2023-01-08 03:00:00,0.2693333333333333,0.6768333333333334,0.6768333333333334,0.27049615940774396,0.14088729,0.14688581,0.2574489,0.39174214,0.41562125,0.1212381083701711,0.13957144970313154,0.23920762263426115,0.3419875690876238,0.42048361734435313,0.10237898268398267,0.12888375874308383,0.18480214814814816,0.25133375816993464,0.3508807225063941
Schonungen,2023-01-08 04:00:00,0.27066666666666667,0.6768333333333334,0.6768333333333334,0.332436709653262,0.16856939,0.23213954,0.37252188,0.4518995,0.57632893,0.13127088535582668,0.18091820368124045,0.29084753391173096,0.3817292328964323,0.5349735824028178,0.13236646552634357,0.18978710585585584,0.3070652159244265,0.42520873477297894,0.5204717272727274
Schonungen,2023-01-08 05:00:00,0.37926666666666664,0.6768333333333334,0.6768333333333334,0.3358961117152972,0.16856939,0.23244001,0.37252188,0.418242,0.57632893,0.13127088535582668,0.18091820368124045,0.29084753391173096,0.3817292328964323,0.5349735824028178,0.13236646552634357,0.18978710585585584,0.3070652159244265,0.42520873477297894,0.5204717272727274
Schonungen,2023-01-08 06:00:00,0.3629333333333333,0.6768333333333334,0.6768333333333334,0.3669738846641848,0.15914068,0.2319208,0.39265487,0.4498277,0.5733755,0.13127088535582668,0.18265029398600768,0.3165027591250858,0.4097880838858317,0.5781148875854355,0.17102944126620895,0.24952234848484844,0.38461760651629073,0.48670567233900563,0.5558663559322032
Schonungen,2023-01-08 07:00:00,0.29996666666666666,0.6768333333333334,0.6768333333333334,0.5372426503979953,0.3444877,0.4820261,0.68219125,0.88648486,1.230462,0.22953181547453952,0.5033316904832782,0.7563955207799612,0.9411280185975617,1.2181909088925256,0.4822958585858585,0.6206125391156462,0.7784235174781524,0.9222067996453901,1.0909664722222223
Schonungen,2023-01-08 08:00:00,0.3663666666666667,0.6768333333333334,0.6768333333333334,0.7187989183727836,0.44086787,0.5269095,0.8016758,1.1268785,1.3640026,0.22953181547453952,0.5352837438733284,0.8450252515448138,1.1094795569310483,1.297752131792877,0.5640063768115943,0.6750889406487235,0.8108200176366844,0.9651117242907803,1.1375998397435898
Schonungen,2023-01-08 09:00:00,0.4553666666666667,0.6768333333333334,0.6768333333333334,0.665861344749408,0.38619736,0.520466,0.78918827,1.1280423,1.3640026,0.22006124066714883,0.5194988281870508,0.8162237950312723,1.1094795569310483,1.2624186752088402,0.5781519869097711,0.6760629036359017,0.8152910455486542,0.9651117242907803,1.1063895870870872
Schonungen,2023-01-08 10:00:00,0.8732000000000001,0.6768333333333334,0.6768333333333334,0.6164759007544527,0.388732,0.5003164,0.78918827,1.1302046,1.300215,0.22006124066714883,0.5117343475841982,0.8162237950312723,1.1094795569310483,1.2624186752088402,0.6584288876096491,0.7733063218390805,0.8866591193684501,1.0601628229665072,1.1393446242263483
Schonungen,2023-01-08 11:00:00,0.7170333333333333,0.6768333333333334,0.6768333333333334,0.6716105306290789,0.38856363,0.5197989,0.7971558,1.1302046,1.3626631,0.22006124066714883,0.5117343475841982,0.8162237950312723,1.1094795569310483,1.2577145606562627,0.6584288876096491,0.7677606957971396,0.8761808715336731,1.0436597288676235,1.1363896982758621
Schonungen,2023-01-08 12:00:00,0.6986333333333333,0.6768333333333334,0.6768333333333334,0.4673334090195478,0.24314901,0.2847759,0.5064522,0.5981241,0.6988434,0.22006124066714883,0.3250745218727197,0.4288506089471399,0.5597098671740237,0.7230775593223367,0.2845222626262626,0.3716589015151516,0.45017042488470216,0.5359605475040258,0.6137778780743066
Schonungen,2023-01-08 13:00:00,0.7375,0.6768333333333334,0.6768333333333334,0.5683375351625687,0.38818938,0.4941054,0.638368,0.87401974,1.223627,0.22006124066714883,0.5033316904832782,0.756476931838244,0.9386977792626725,1.213486794339948,0.5655004508856684,0.6750889406487235,0.8107396604938272,0.9739978142076501,1.100959873873874
Schonungen,2023-01-08 14:00:00,0.7344333333333333,0.6768333333333334,0.6768333333333334,0.5858915369888443,0.38818938,0.50627166,0.56938463,0.86929137,1.1235116,0.22006124066714883,0.4359058247978128,0.6647779370651639,0.9319169333956543,1.0635714530661797,0.3948388835725678,0.5834263993316624,0.7582667938931298,0.9105143278301887,1.073609555555556
Schonungen,2023-01-08 15:00:00,0.7504333333333333,0.6768333333333334,0.6768333333333334,0.5301481231877107,0.38818938,0.44762635,0.5907409,0.86929137,1.1211501,0.22006124066714883,0.4359058247978128,0.6647779370651639,0.9319169333956543,1.0635714530661797,0.40861432112890916,0.5815791666666668,0.7268424177735608,0.9105143278301887,1.073609555555556
Schonungen,2023-01-08 16:00:00,0.6869666666666667,0.6768333333333334,0.6768333333333334,0.5433689337666741,0.38818938,0.47479963,0.6474148,0.8617867,1.2021912,0.22953181547453952,0.5018224188868275,0.7488790562105615,0.9319169333956543,1.2181909088925256,0.4999943137254901,0.6559030934343435,0.8071547920727746,0.9739978142076501,1.1063895870870872
Schonungen,2023-01-08 17:00:00,0.6937666666666666,0.6768333333333334,0.6768333333333334,0.5787338543343491,0.38657105,0.49742082,0.77866304,1.0942225,1.2732837,0.22953181547453952,0.5102250759877476,0.8087073304618726,1.1002684717291407,1.2577145606562627,0.6584288876096491,0.7774206928838953,0.9017287671232876,1.0689972895622897,1.1513758632478632
Schonungen,2023-01-08 18:00:00,0.7058333333333334,0.6768333333333334,0.6768333333333334,0.49585299501354285,0.38657105,0.42459318,0.59096396,0.8616243,1.1028632,0.22953181547453952,0.4359058247978128,0.6647779370651639,0.8840311006101189,1.0181746103492029,0.3918834042961258,0.5151872441520466,0.6829471491228072,0.905769543100259,1.0600634545454546
Schonungen,2023-01-08 19:00:00,0.5181,0.6768333333333334,0.6768333333333334,0.4348466140687077,0.26927602,0.3290656,0.57249403,0.58141404,0.7244221,0.22953181547453952,0.35973910789716435,0.495579395753291,0.5976954649217869,0.7355472935301982,0.32151668212560386,0.38404130579613593,0.4595137899896801,0.5388485615079364,0.6589985714285715
Schonungen,2023-01-08 20:00:00,0.4391333333333333,0.6768333333333334,0.6768333333333334,0.3268103219788847,0.1603271,0.22503652,0.36113983,0.45934787,0.5480584,0.13127088535582668,0.18114102238955707,0.30792125319969654,0.4060988039813428,0.5781148875854355,0.17102944126620895,0.24952234848484844,0.3854055916305916,0.4799285754504504,0.5558663559322032
Schonungen,2023-01-08 21:00:00,0.169,0.6768333333333334,0.6768333333333334,0.3717952689131683,0.22794038,0.26917654,0.483676,0.6567748,0.70471233,0.22953181547453952,0.2754013486497031,0.37660019151782376,0.5560205872695347,0.7422585407428057,0.28589237373737375,0.3835374261603375,0.4595137899896801,0.5387371031746031,0.6445647407407409
Schonungen,2023-01-08 22:00:00,0.15496666666666667,0.6768333333333334,0.6768333333333334,0.3785467561385494,0.22794038,0.25374466,0.44701943,0.63054323,0.6536578,0.22953181547453952,0.2754013486497031,0.37660019151782376,0.5636829613750525,0.7874776810938515,0.28589237373737375,0.3835374261603375,0.47466749999999996,0.5582742231638418,0.6671953095238095
Schonungen,2023-01-08 23:00:00,0.2802,0.6768333333333334,0.6768333333333334,0.4194270188866783,0.2682716,0.33763456,0.5588594,0.68157166,0.79591346,0.22953181547453952,0.343034853213236,0.4935469773340474,0.6121386848943229,0.7874776810938515,0.3468273333333334,0.41307942251461993,0.5065376357560568,0.5860413270637408,0.709188125
Schonungen,2023-01-09 00:00:00,0.41993333333333327,0.2802,0.2802,0.5645981184374708,0.3716656,0.47514072,0.7132918,1.0691545,1.214954,0.253542612325598,0.49744398397720907,0.7754923818641573,1.0187274010078577,1.2413200557841315,0.6207248908765653,0.7138080205627706,0.7869203261927944,0.9946543807435255,1.1315184491978612
Schonungen,2023-01-09 01:00:00,0.8692333333333333,0.2802,0.2802,0.6790763975400959,0.44659287,0.48094952,0.7164503,1.0707345,1.2538567,0.253542612325598,0.49744398397720907,0.7754923818641573,1.0449936153092905,1.302304871529739,0.6302520765398552,0.7169222016432413,0.7910049582719687,0.9983116879734849,1.1700210281923717
Schonungen,2023-01-09 02:00:00,0.8105333333333333,0.2802,0.2802,0.9954990386490312,0.45624673,1.0351652,1.3844602,1.7259629,1.8096182,0.253542612325598,0.7580297266805551,1.3311469258773159,1.66579380955884,1.7979934942420805,1.1866355067567567,1.3501463690476192,1.5290478835978836,1.6344249521072798,1.6903345229924505
Schonungen,2023-01-09 03:00:00,1.0551333333333335,0.2802,0.2802,0.7584059685601431,0.45367453,0.7670141,1.0469928,1.4511495,1.5178357,0.253542612325598,0.6591784196647024,1.0571741751057093,1.4491807750115295,1.4965358733571037,0.8347959810874704,1.0071168482999129,1.2452589430894307,1.454627700096432,1.5542262962962963
Schonungen,2023-01-09 04:00:00,1.5958333333333332,0.2802,0.2802,0.9004390384026772,0.44425365,0.78424567,1.0469928,1.5489287,1.6207494,0.253542612325598,0.6591784196647024,1.0993928652028053,1.4673334642866702,1.6364479992692225,0.8569671084770116,1.0801636363636362,1.345570488505747,1.5045251633986925,1.5897759375000002
Schonungen,2023-01-09 05:00:00,1.8054000000000001,0.2802,0.2802,0.7942049987783939,0.44165224,0.7819893,1.0019311,1.3513031,1.4081765,0.253542612325598,0.6591784196647024,1.0633005516095397,1.3591831166319372,1.4659134393097022,0.7951096797568957,0.9392722029320987,1.0794297157622739,1.2423789701897017,1.405158725718726
Schonungen,2023-01-09 06:00:00,0.9243666666666668,0.2802,0.2802,0.8693174511612738,0.43908003,0.7639691,1.0560553,1.4734833,1.5829865,0.253542612325598,0.6591784196647024,1.059078394501966,1.373823547963623,1.5490037342336476,0.8319335,0.9395199064265536,1.0755429563492063,1.21620703145917,1.4225262820512818
Schonungen,2023-01-09 07:00:00,1.045,0.2802,0.2802,1.0648035425184867,0.43908003,1.0511943,1.395332,1.6273985,1.6758109,0.253542612325598,0.7580297266805551,1.4471472971272885,1.5843907584428611,1.7048570061285975,1.003924399460189,1.2111666503222192,1.3985884615384614,1.625333733974359,1.6791994623655913
Schonungen,2023-01-09 08:00:00,1.4171666666666667,0.2802,0.2802,0.9620554193419917,0.4128456,1.029917,1.4516016,1.6944568,1.6988388,0.253542612325598,0.7580297266805551,1.3377575401653783,1.5722838932357923,1.7048570061285975,1.0029511474632529,1.2045761243386244,1.3885251937984495,1.5819144642857141,1.650097019969278
Schonungen,2023-01-09 09:00:00,0.7787333333333334,0.2802,0.2802,0.8863747542785585,0.42568117,0.7639691,1.0633293,1.543457,1.5729226,0.253542612325598,0.6591784196647024,1.0841930510391415,1.373823547963623,1.602543554251891,0.8432326318223865,0.9760350788288288,1.0859554665242164,1.3098078585271318,1.5121497463768119
Schonungen,2023-01-09 10:00:00,0.9754333333333332,0.2802,0.2802,0.9898067823264569,0.42664972,1.034181,1.4213604,1.6988388,1.7198422,0.253542612325598,0.7580297266805551,1.3377575401653783,1.5722838932357923,1.71945293019266,0.9657791936312274,1.1840722972972972,1.3833885271317832,1.5995400641025639,1.6661709601449275
Schonungen,2023-01-09 11:00:00,0.5825,0.2802,0.2802,0.7679871031117124,0.42568117,0.7639691,1.0015098,1.3860061,1.4021151,0.253542612325598,0.6591784196647024,1.059078394501966,1.3556708586884818,1.4659134393097022,0.8004564746543781,0.9267385900673399,1.0580573291050035,1.2066301348250144,1.436457619047619
Schonungen,2023-01-09 12:00:00,0.5708333333333334,0.2802,0.2802,0.7294798559474115,0.42568117,0.7639691,0.9861901,1.3002684,1.3618703,0.253542612325598,0.6591784196647024,1.059078394501966,1.3180332693570107,1.379495860359205,0.7709100986842105,0.8560193336925288,1.0167470137207424,1.1399024999999998,1.4144202097902099
Schonungen,2023-01-09 13:00:00,0.9658,0.2802,0.2802,0.4896923573707601,0.36128134,0.45565942,0.68525,0.8225272,0.94891053,0.253542612325598,0.45895955850275627,0.6636577966316519,0.846260437972487,1.0625310342007745,0.5068364371184371,0.578977238372093,0.7125404999999998,0.790422887718512,0.9119981677350429
Schonungen,2023-01-09 14:00:00,0.7304666666666667,0.2802,0.2802,0.6880050531035455,0.44007888,0.506536,0.7895557,1.0243429,1.1663455,0.253542612325598,0.4992217515067865,0.791346698539565,0.9985116109658181,1.1964918869748415,0.6278304703525642,0.7090570512820513,0.7707783862810179,0.8520018542615484,1.0021383146853144
Schonungen,2023-01-09 15:00:00,0.5378,0.2802,0.2802,0.6429404486760427,0.4200526,0.50660855,0.74656105,0.94356185,1.1547453,0.253542612325598,0.4992217515067865,0.791346698539565,0.9922466340496078,1.1964918869748415,0.6263897202034885,0.6978125000000002,0.7610320636079673,0.8580252750880282,1.0149386717948718
Schonungen,2023-01-09 16:00:00,0.8282999999999999,0.2802,0.2802,0.7306155674005137,0.42663828,0.7796651,1.0597082,1.2908336,1.3041128,0.253542612325598,0.6574240025604117,1.0573444398332217,1.304195554700007,1.37104520611052,0.7694597767145135,0.8876193221618357,1.0588941472868219,1.2728609393939394,1.436457619047619
Schonungen,2023-01-09 17:00:00,0.6505666666666667,0.2802,0.2802,0.7171136983188988,0.43381494,0.76346934,1.0597082,1.215729,1.3017678,0.25078158059449135,0.6574240025604117,1.053122282725648,1.304195554700007,1.37104520611052,0.7946121816638371,0.9029297622471479,1.0542578464738135,1.2415550813008127,1.4144202097902099
Schonungen,2023-01-09 18:00:00,0.7661333333333333,0.2802,0.2802,0.7318664467427939,0.4328464,0.7617176,1.0269756,1.3883815,1.4399456,0.25078158059449135,0.6574240025604117,1.053122282725648,1.3418331440314781,1.4659134393097022,0.8404311555555556,0.9760350788288288,1.0768458773784357,1.2423789701897017,1.4447120899470907
Schonungen,2023-01-09 19:00:00,0.5634,0.2802,0.2802,0.755554790529756,0.4328464,0.7635206,1.0692508,1.3885164,1.4460069,0.25078158059449135,0.6574240025604117,1.053122282725648,1.3453454019749336,1.4659134393097022,0.8705443958333334,1.0013227846027846,1.0883795189210952,1.2754354444444445,1.4447120899470907
Schonungen,2023-01-09 20:00:00,0.4802666666666667,0.2802,0.2802,0.5539303834375401,0.36866304,0.46102756,0.70925444,0.91669065,1.147218,0.24823098287522408,0.4938705384479755,0.7761468843759012,0.972082689629604,1.1880103737879322,0.5966809617579909,0.695175892857143,0.7695401264901267,0.8616305499664654,1.0100222380952377
Schonungen,2023-01-09 21:00:00,0.29856666666666665,0.2802,0.2802,0.5407214638660177,0.36989522,0.4742856,0.71149707,0.9312615,1.1684866,0.24823098287522408,0.4938705384479755,0.7761468843759012,0.972082689629604,1.2041617872857209,0.5966809617579909,0.6978125000000002,0.7707783862810179,0.8697586525189785,1.0149386717948718
Schonungen,2023-01-09 22:00:00,0.3187,0.2802,0.2802,0.4719777146787837,0.34407362,0.43910995,0.62658393,0.8584632,1.1789154,0.24823098287522408,0.4616639925855747,0.6461250093247211,0.8478350850160612,1.1594386881630416,0.5624714561403508,0.6461438482704401,0.7327080213464696,0.8616305499664654,1.0959453086419755
Schonungen,2023-01-09 23:00:00,0.25366666666666665,0.2802,0.2802,0.42590050825225023,0.31513143,0.44178656,0.5563982,0.84642285,0.8763743,0.23754136385666555,0.43158882316939035,0.6175558585458609,0.7748365131566617,0.8781704331285677,0.3665506060606061,0.5333354480286738,0.6730807244931871,0.7441142419467786,0.9287698606060616
Schonungen,2023-01-10 00:00:00,0.0905,0.25366666666666665,0.25366666666666665,0.5274199479772425,0.3516124,0.44960132,0.6568095,0.7401073,1.1557924,0.28929461961622727,0.476012008500151,0.6655446527118704,0.7988590742430651,1.1105328330093251,0.5169191734417344,0.6114317174692625,0.6693887838869799,0.7685404456307737,0.9078378433438707
Schonungen,2023-01-10 01:00:00,0.2253666666666667,0.25366666666666665,0.25366666666666665,0.6985862641244132,0.3288603,0.4509244,0.70255005,0.80861396,1.1780878,0.28172501242061077,0.476012008500151,0.7098930302779178,0.9642953967517577,1.1749959799901775,0.5993278047433398,0.6338578036053132,0.7173640164452879,0.818737417929293,0.9547911576784799
Schonungen,2023-01-10 02:00:00,0.18886666666666668,0.25366666666666665,0.25366666666666665,0.6642244403497127,0.3288603,0.41687012,0.66744787,0.80156827,1.1780878,0.28172501242061077,0.476012008500151,0.7098930302779178,0.9560955348077679,1.1749959799901775,0.6022666996264557,0.6360152827558742,0.7173640164452879,0.818737417929293,0.94964825974026
Schonungen,2023-01-10 03:00:00,0.2916,0.25366666666666665,0.25366666666666665,0.6652001130942788,0.40404603,0.49094185,0.77975434,0.816758,1.24226,0.29464990912351163,0.49030031617826136,0.7098930302779178,0.9560955348077679,1.165694151719431,0.5510197857142858,0.6119075781250002,0.6991611949280035,0.8032718085106382,0.9547911576784799
Schonungen,2023-01-10 04:00:00,0.3683333333333333,0.25366666666666665,0.25366666666666665,0.5467176871985193,0.32158107,0.48470688,0.6959621,0.73803616,1.3448086,0.28172501242061077,0.47174932394607755,0.7098930302779178,0.8856412348077679,1.243116879954214,0.5487452380952383,0.6107589435253268,0.6728428682499292,0.766914136622391,0.8754433807899973
Schonungen,2023-01-10 05:00:00,0.5267999999999999,0.25366666666666665,0.25366666666666665,0.4919180770002284,0.32158107,0.4348315,0.63136613,0.63519895,1.2402271,0.28172501242061077,0.43362416992501435,0.598673524089271,0.7906592122990753,1.095369431751179,0.38676333333333335,0.5218887073170733,0.6540832030932031,0.7546986731068177,0.8853135230352304
Schonungen,2023-01-10 06:00:00,0.5860333333333333,0.25366666666666665,0.25366666666666665,0.572010217526706,0.32872522,0.44187185,0.64641434,0.7225466,1.1563284,0.28172501242061077,0.43362416992501435,0.598673524089271,0.7844518671422674,1.0350299303117687,0.38676333333333335,0.5357893569844789,0.6602129444444444,0.7546986731068177,0.8853135230352304
Schonungen,2023-01-10 07:00:00,0.4445,0.25366666666666665,0.25366666666666665,0.46176443621379126,0.26707312,0.31575993,0.6125051,0.6885091,0.9151134,0.2581984566640072,0.4060137054774899,0.5676819588523424,0.7844518671422674,0.9718884461937991,0.34436209876543206,0.45306691919191916,0.6348996308399903,0.7532416007383966,0.8591750297888388
Schonungen,2023-01-10 08:00:00,0.29003333333333337,0.25366666666666665,0.25366666666666665,0.4837076870393795,0.32158107,0.4153885,0.61162484,0.67942667,1.0726618,0.28172501242061077,0.43362416992501435,0.598673524089271,0.7844518671422674,1.0266654082457736,0.38635233333333335,0.5218887073170733,0.6572450925925925,0.7602772806634657,0.8853135230352304
Schonungen,2023-01-10 09:00:00,0.37246666666666656,0.25366666666666665,0.25366666666666665,0.43114421386513757,0.27152982,0.36371145,0.52522105,0.5623133,0.66048276,0.2581984566640072,0.3728567737181393,0.48234138087980205,0.5045808095993193,0.6876188126361691,0.2827099166666667,0.33982959406219226,0.41279242424242424,0.4810171794871795,0.6005269734012451
Schonungen,2023-01-10 10:00:00,0.1764,0.25366666666666665,0.25366666666666665,0.5021223638402108,0.32175478,0.42859885,0.6202986,0.6874325,1.1382611,0.28172501242061077,0.43362416992501435,0.598673524089271,0.7844518671422674,1.0881986124999319,0.4763536403508771,0.6031426864364364,0.6678777975074809,0.7664092320261439,0.8757059005260642
Schonungen,2023-01-10 11:00:00,0.34236666666666665,0.25366666666666665,0.25366666666666665,0.4717885520038385,0.27170354,0.38559195,0.6202986,0.6935396,1.0726618,0.2581984566640072,0.4062506734240296,0.5676819588523424,0.7844518671422674,1.0266654082457736,0.34729564102564114,0.46404962121212123,0.6390543974132863,0.7475196428571428,0.8445832560331824
Schonungen,2023-01-10 12:00:00,0.3828333333333333,0.25366666666666665,0.25366666666666665,0.5662805296345748,0.3616371,0.4849836,0.6792445,0.86243206,1.1670659,0.29186021871092377,0.479807328738171,0.7050527160484208,0.94988818965096,1.1526617594807842,0.6022666996264557,0.6361828644349476,0.7090101278830784,0.8016496012101207,0.9075916185757311
Schonungen,2023-01-10 13:00:00,0.4958333333333333,0.25366666666666665,0.25366666666666665,0.5885744246082238,0.36813036,0.49133876,0.6686164,0.7701346,1.1324263,0.29186021871092377,0.479807328738171,0.6994211419624679,0.9417224324248319,1.1526617594807842,0.5996968239987955,0.6345984439619519,0.7090101278830784,0.8016496012101207,0.9075916185757311
Schonungen,2023-01-10 14:00:00,0.43210000000000004,0.25366666666666665,0.25366666666666665,0.4263577003981779,0.24156272,0.24797943,0.3137219,0.48643228,0.6323525,0.2683336629543202,0.36357897305129366,0.44305460487689635,0.45325775426426257,0.6876188126361691,0.3023330683624801,0.3405228027115474,0.4062529761904762,0.46935684156378604,0.5343886111111111
Schonungen,2023-01-10 15:00:00,0.5759666666666667,0.25366666666666665,0.25366666666666665,0.2671053317125398,0.16596816,0.19195256,0.22740613,0.2598794,0.4255411,0.13186878686832518,0.1830606537990676,0.2508701465699718,0.27800506498793504,0.4597028728701746,0.11064427083333335,0.16610555555555556,0.2386667832167832,0.31851725146198834,0.36980150375939863
Schonungen,2023-01-10 16:00:00,0.37026666666666663,0.25366666666666665,0.25366666666666665,0.41116040940716037,0.28870922,0.3887776,0.50855887,0.5614911,0.6628065,0.2657680638596237,0.3716529522685026,0.5202159805396852,0.5272129008823222,0.7062850789568962,0.30969295874822195,0.3608257901169897,0.4435413433908046,0.5212912356321839,0.6093196809448265
Schonungen,2023-01-10 17:00:00,0.6929333333333333,0.25366666666666665,0.25366666666666665,0.536691788219883,0.33047128,0.49914604,0.6963795,0.90575767,1.1530777,0.28172501242061077,0.475045154997054,0.7249047222970362,1.0033461360824893,1.1713280258015106,0.6022666996264557,0.6458952088149175,0.7294691898014267,0.8266694852941174,0.9547911576784799
Schonungen,2023-01-10 18:00:00,1.0309666666666666,0.25366666666666665,0.25366666666666665,0.4574517325041657,0.33047128,0.44876617,0.6298752,0.71686304,1.0513408,0.28172501242061077,0.43265731642191735,0.6143086950296369,0.8379098135737971,1.0453316745665004,0.5284595609756099,0.6092096951714344,0.6728428682499292,0.7678473004694836,0.8955406926406928
Schonungen,2023-01-10 19:00:00,0.9830333333333332,0.25366666666666665,0.25366666666666665,0.48354898217030895,0.33047128,0.49914604,0.69193786,0.73552203,1.1180034,0.28172501242061077,0.475045154997054,0.7116487886114022,0.8807012201839214,1.1545422731104744,0.6022256974869606,0.6402540241034687,0.7092048565121414,0.8053476130952382,0.9257214124293788
Schonungen,2023-01-10 20:00:00,0.8533,0.25366666666666665,0.25366666666666665,0.5236268727951983,0.33047128,0.49914604,0.70696765,0.9506392,1.1777858,0.28172501242061077,0.475045154997054,0.7249047222970362,1.0095534812392972,1.1759958959741628,0.6022666996264557,0.6458952088149175,0.7237705065027434,0.8196483333333333,0.9547911576784799
Schonungen,2023-01-10 21:00:00,0.9768,0.25366666666666665,0.25366666666666665,0.5671892571309028,0.33047128,0.49914604,0.70696765,0.9506392,1.1909845,0.28172501242061077,0.48933346267516437,0.7249047222970362,1.0095534812392972,1.1759958959741628,0.5999476157466838,0.6402540241034687,0.7294691898014267,0.8196483333333333,0.9547911576784799
Schonungen,2023-01-10 22:00:00,1.0841333333333334,0.25366666666666665,0.25366666666666665,0.6599475386765487,0.39413446,0.5327133,0.7414624,0.95982283,1.3332936,0.29464990912351163,0.513180662626438,0.7507880556303694,1.0299803140504538,1.2558472829286993,0.5999476157466838,0.6480379135203165,0.7393304319489391,0.8876427506775069,0.9938390989496956
Schonungen,2023-01-10 23:00:00,0.8244,0.25366666666666665,0.25366666666666665,0.5500752245222317,0.3310543,0.49914604,0.7550596,0.97547144,1.205747,0.28172501242061077,0.47624897644669073,0.7274926643925765,1.0177533431832868,1.193662246310904,0.5999476157466838,0.6402540241034687,0.7351924107142858,0.8503847058891347,0.9730356432748539
Schonungen,2023-01-11 00:00:00,0.14746666666666666,0.8244,0.8244,0.7351678578293188,0.339371,0.5224168,0.82859015,1.0020938,1.0240507,0.2608168775836459,0.49460087795946306,0.6482568974364556,0.9277851126901363,0.9522312957462699,0.38912548611111114,0.5481145363408522,0.697743209876543,0.8789741666666667,0.9976354444444445
Schonungen,2023-01-11 01:00:00,0.0029,0.8244,0.8244,0.7609361862306339,0.37086067,0.56453276,0.9553033,1.0240507,1.1345216,0.2608168775836459,0.5225701990308901,0.771975271801768,0.9277851126901363,1.004930010206899,0.522271038647343,0.6140020855379191,0.7512277298197787,0.9211663636363636,1.0108469932432436
Schonungen,2023-01-11 02:00:00,0.34403333333333336,0.8244,0.8244,0.7801344617692463,0.3691926,0.56453276,0.9491459,1.0523868,1.1332519,0.2608168775836459,0.5225701990308901,0.78011989917716,0.9277851126901363,1.0485378669421739,0.5623131417027416,0.6441970120724345,0.7863991666666666,0.961029880952381,1.031431698717949
Schonungen,2023-01-11 03:00:00,0.05436666666666667,0.8244,0.8244,0.7616764558673621,0.3669236,0.51110125,0.81940585,0.90909815,0.97472984,0.28490094669782484,0.5063076966675231,0.6482568974364556,0.9202410532774333,0.9475555072424154,0.38912548611111114,0.5313114898989899,0.6724400626278118,0.8247571989571186,0.9734810949834478
Schonungen,2023-01-11 04:00:00,0.4012,0.8244,0.8244,0.8553405522680639,0.3985841,0.58252,0.9924334,1.0894314,1.2005458,0.28490094669782484,0.564981187163298,0.8641875417835608,1.0277289135490886,1.191818142261182,0.5351758333333333,0.6137010111512962,0.7443690476190475,0.913225076493086,1.047166420940171
Schonungen,2023-01-11 05:00:00,0.7608666666666667,0.8244,0.8244,0.8698433052704132,0.3985841,0.58252,0.9924334,1.0894314,1.198014,0.28490094669782484,0.564981187163298,0.8641875417835608,1.0277289135490886,1.1898949489359802,0.5214594838709677,0.6089393141945774,0.729573726729891,0.8616512330754352,1.047166420940171
Schonungen,2023-01-11 06:00:00,0.8916000000000001,0.8244,0.8244,0.9576275188932394,0.42372575,0.59727216,1.0200984,1.0887096,1.3056219,0.2980918948877728,0.6016657519811304,0.9153327084502275,1.0277289135490886,1.1898949489359802,0.5113742338709678,0.6105882485750239,0.729573726729891,0.8190640028025622,0.989363477633478
Schonungen,2023-01-11 07:00:00,0.8496666666666667,0.8244,0.8244,1.0510648395680802,0.5418512,0.70014805,1.052983,1.0737691,1.3032925,0.2980918948877728,0.6533143401732229,0.9153327084502275,1.058762455927028,1.2112917798612175,0.52377275,0.6272861419068737,0.7580762767078663,0.9372106164383562,1.1129814871794872
Schonungen,2023-01-11 08:00:00,0.7999333333333333,0.8244,0.8244,1.0439994147954712,0.51498497,0.7083705,1.0675485,1.0736,1.3032925,0.2980918948877728,0.6621641788478483,0.9153327084502275,1.058762455927028,1.2112917798612175,0.52377275,0.6272861419068737,0.7451884711779448,0.8818506429844668,1.0602318085106384
Schonungen,2023-01-11 09:00:00,0.8858666666666667,0.8244,0.8244,1.036931641836401,0.5145447,0.7083705,1.0612419,1.0736,1.3032925,0.2980918948877728,0.6621641788478483,0.9153327084502275,1.058762455927028,1.2112917798612175,0.5506157619047619,0.6311313009073102,0.7582837853562477,0.8965727489177491,1.0602318085106384
Schonungen,2023-01-11 10:00:00,0.7893666666666667,0.8244,0.8244,1.0999157304044775,0.5674212,0.87505275,1.3120248,1.4607546,1.5201364,0.2980918948877728,0.7253293298948392,1.0937799272081044,1.3783826019592742,1.4924154186748702,0.7878911130202365,0.9158692855461394,1.1096435042735042,1.4851220512820513,1.603862518939394
Schonungen,2023-01-11 11:00:00,0.6978,0.8244,0.8244,1.2825718399131318,0.5674212,0.9419088,1.4266367,1.5265081,1.6034503,0.2980918948877728,0.784151851810536,1.2000435930120685,1.51969443901785,1.631075276685881,0.850316336421953,1.0050700668734251,1.2223734031132585,1.4958989463601529,1.603862518939394
Schonungen,2023-01-11 12:00:00,0.8163666666666667,0.8244,0.8244,0.6655319918588525,0.2602708,0.36673397,0.46425414,0.48911148,0.6381037,0.18976262736560873,0.3692429042578994,0.4224580528142161,0.44201825434120373,0.6254529593572037,0.26058010606060605,0.32520760869565213,0.39118583333333334,0.5050150641025641,0.582376678362573
Schonungen,2023-01-11 13:00:00,0.8288333333333334,0.8244,0.8244,0.8267688726241305,0.4230334,0.5689684,0.7442781,0.756455,1.0432703,0.2880743580391988,0.5336606735429341,0.6383310496650807,0.8469207088526891,0.962776030876919,0.35982688596491225,0.49461728041462083,0.6322939196152526,0.745558092414134,0.9185865454545455
Schonungen,2023-01-11 14:00:00,0.8002666666666667,0.8244,0.8244,1.0533555964261643,0.532177,0.6854386,0.8632263,0.915863,1.23036,0.2980918948877728,0.6621641788478483,0.8447643961358735,0.9705991354157921,1.184360389574358,0.6068368046171171,0.6678639241041244,0.7357779043927648,0.8612948456079785,1.0300369732550556
Schonungen,2023-01-11 15:00:00,0.5503666666666667,0.8244,0.8244,1.2710337699602827,0.5848327,0.8668154,1.2913859,1.3036336,1.5001755,0.2980918948877728,0.784151851810536,1.1192513556977142,1.3776470664564826,1.5849828019775436,0.850316336421953,0.9501747638146167,1.1154297195512821,1.3974185526315788,1.6079177676767678
Schonungen,2023-01-11 16:00:00,0.8927,0.8244,0.8244,1.0242620234581872,0.5187117,0.6275011,0.8332881,0.8765267,1.1764504,0.2980918948877728,0.6621641788478483,0.8345404711358735,0.9316191354157921,1.1591585182752167,0.5848627998195506,0.6537102941176471,0.729573726729891,0.8305517031763417,0.9643053273809525
Schonungen,2023-01-11 17:00:00,1.0324666666666666,0.8244,0.8244,0.9955461254921852,0.49157575,0.60340124,0.83467406,0.8809559,1.1610197,0.2980918948877728,0.6512516635390555,0.8345404711358735,0.9316191354157921,1.1591585182752167,0.5797038307743818,0.647178482142857,0.7278697525342875,0.8119611096014494,0.9487943750000001
Schonungen,2023-01-11 18:00:00,0.7492000000000001,0.8244,0.8244,1.025584261917715,0.51892084,0.656386,0.8908624,0.91243446,1.1994624,0.2980918948877728,0.6512516635390555,0.8345404711358735,0.9785455930378528,1.188165429948262,0.5848627998195506,0.6581277369281047,0.7357779043927648,0.8818506429844668,1.0941203627450984
Schonungen,2023-01-11 19:00:00,0.7558666666666667,0.8244,0.8244,1.0207238161430725,0.5202729,0.675705,0.92083216,0.9209585,1.1994624,0.2980918948877728,0.6512516635390555,0.8447643961358735,0.9785455930378528,1.188165429948262,0.5848627998195506,0.6537102941176471,0.7321626565295168,0.8818506429844668,1.0941203627450984
Schonungen,2023-01-11 20:00:00,0.5282,0.8244,0.8244,1.196518927883853,0.53899497,0.824858,1.2581086,1.3368058,1.4759332,0.2949184835463989,0.7144168145860464,1.0352224586999248,1.3069926695945981,1.4739663048824134,0.7848154348773049,0.9530142524509804,1.1107773692810456,1.399617927631579,1.6011279653679655
Schonungen,2023-01-11 21:00:00,1.1412666666666669,0.8244,0.8244,1.119958927523565,0.5330475,0.6635738,0.91333276,0.9551867,1.2677691,0.2949184835463989,0.6512516635390555,0.8447643961358735,0.9785455930378528,1.194907190113624,0.595188516317381,0.6581277369281047,0.7411865029239767,0.908951515151515,1.1074937518853696
Schonungen,2023-01-11 22:00:00,1.2527000000000001,0.8244,0.8244,1.088555135625433,0.51046705,0.6635738,0.93257105,0.99587905,1.3171773,0.2949184835463989,0.6512516635390555,0.8516668879823539,0.9860896524505558,1.194907190113624,0.6098581524122807,0.6702166809515218,0.7605782206632654,0.9281928592011347,1.1215508012820514
Schonungen,2023-01-11 23:00:00,0.729,0.8244,0.8244,1.0828013159726995,0.5420833,0.8474323,1.2904754,1.3216907,1.5754348,0.2949184835463989,0.7164794912202138,1.1055587848444646,1.3974237000530638,1.5103920505132873,0.7875424964625023,0.9689921339444866,1.106594762443439,1.4425038636363634,1.6229867777777778
Schonungen,2023-01-12 00:00:00,0.8080333333333333,0.729,0.729,1.114349742247542,0.51437163,0.69933355,1.0511724,1.2459909,1.5312207,0.3019400570288747,0.7362459780263318,1.021152908245316,1.405569483272309,1.6395415527119241,0.6458463610240336,0.7550588571822444,0.9285982038192475,1.1185724907808239,1.3715683761810595
Schonungen,2023-01-12 01:00:00,1.1999000000000002,0.729,0.729,1.111080870963792,0.5161428,0.69933355,1.0498971,1.1936132,1.5107582,0.3019400570288747,0.7362459780263318,1.021152908245316,1.3673442138129286,1.627688187982812,0.6357363552188552,0.7475730276907001,0.908004362745098,1.0839977367288376,1.281810751964086
Schonungen,2023-01-12 02:00:00,0.9971,0.729,0.729,1.1592738549934825,0.5161428,0.69933355,1.0519432,1.2459909,1.5479863,0.3019400570288747,0.7137499867958794,1.0312956466437222,1.4365512315217381,1.6679097051358882,0.7029040785907861,0.8077115186294078,1.0408015292441761,1.289565438034188,1.5182411285714288
Schonungen,2023-01-12 03:00:00,0.2042,0.729,0.729,1.2040652725592698,0.5161428,0.9649667,1.3564085,1.4076186,1.6570234,0.3019400570288747,0.9279797510794499,1.2694333211627535,1.5471226991632665,1.7184628423588548,0.9936586021505376,1.1801157657657662,1.4367108884746813,1.5861689393939393,1.6717891683569979
Schonungen,2023-01-12 04:00:00,0.003966666666666667,0.729,0.729,1.2965678620091023,0.51882964,1.0604719,1.3564085,1.4720646,1.6557579,0.30803541823941294,0.9279797510794499,1.405798112106669,1.592560315123918,1.7145791887699575,0.9856572232764073,1.1537479166666667,1.3427450502152083,1.5643342982456139,1.738147529761905
Schonungen,2023-01-12 05:00:00,1.2593333333333332,0.729,0.729,1.3609052297767907,0.5327217,1.1166947,1.6010526,1.6029257,1.9386271,0.31356519458125165,0.9428580940452724,1.5365100681181942,1.7595558365417159,1.9551675545110343,1.1154574444444445,1.2914347756410258,1.604252840909091,1.9151410714285713,1.9968580555555555
Schonungen,2023-01-12 06:00:00,1.1280333333333332,0.729,0.729,1.4069991381554137,0.5327217,1.2142022,1.7341958,1.7414575,1.9663606,0.31356519458125165,0.9673879415985603,1.6097903352370122,1.7952280817225368,1.9675387262342938,1.2919955769230769,1.6334981907894737,1.9156582892416225,1.988784201388889,2.019689641025641
Schonungen,2023-01-12 07:00:00,1.5715999999999999,0.729,0.729,1.4133978874094155,0.5327217,1.1980871,1.677768,1.7324876,1.9956363,0.31356519458125165,0.9609211307881568,1.6039498338079405,1.8153243574474278,1.9675387262342938,1.287451328671329,1.6676814730792495,1.9214511904761902,1.991985119047619,2.016574383838384
Schonungen,2023-01-12 08:00:00,1.9401,0.729,0.729,1.4481459731046615,0.5327217,1.1940726,1.6861271,1.7112476,2.0300996,0.31356519458125165,0.9609211307881568,1.6039498338079405,1.830996886685939,1.9675387262342938,1.2919955769230769,1.7389807692307693,1.9445145276292333,1.9935229166666664,2.017099111111111
Schonungen,2023-01-12 09:00:00,2.0755333333333335,0.729,0.729,1.4956044859063327,0.5327217,1.3345351,1.6901538,1.7300948,2.0350418,0.31356519458125165,0.9609211307881568,1.6039498338079405,1.830996886685939,1.9781490807025564,1.2919955769230769,1.7675885897435897,1.9390772549019606,1.99243869047619,2.017099111111111
Schonungen,2023-01-12 10:00:00,2.077266666666667,0.729,0.729,1.609729931877912,0.5327217,1.3345351,1.6901538,1.7300948,2.0467963,0.31356519458125165,0.9609211307881568,1.6039498338079405,1.830996886685939,1.9970297662673788,1.2840296923076926,1.7675885897435897,1.9390772549019606,1.99243869047619,2.017099111111111
Schonungen,2023-01-12 11:00:00,2.1147,0.729,0.729,1.67400591799707,0.5327217,1.3300134,1.6034563,1.7343987,2.0212464,0.31356519458125165,0.9609211307881568,1.6015086115001471,1.810900610961048,1.9917799642629288,1.2840296923076926,1.7389807692307693,1.9390772549019606,1.99243869047619,2.017099111111111
Schonungen,2023-01-12 12:00:00,1.9603,0.729,0.729,1.6120132103426914,0.5327217,1.3500319,1.571332,1.7066213,2.0095255,0.31356519458125165,0.968493936363985,1.6015086115001471,1.7929327029267899,1.9818265473904728,1.220334807017544,1.71127525,1.9156582892416225,1.9872848557692306,2.0163219393939396
Schonungen,2023-01-12 13:00:00,1.9340666666666664,0.729,0.729,1.607269713354393,0.5327217,1.3500319,1.5379186,1.6858817,1.885176,0.31356519458125165,0.968493936363985,1.6015086115001471,1.7323401976096637,1.9220962010674016,1.220334807017544,1.6312267689684568,1.8136609374999997,1.963327976190476,2.012994542124542
Schonungen,2023-01-12 14:00:00,1.8548,0.729,0.729,1.5397102955500541,0.5327217,1.3041679,1.4948384,1.5282286,1.8578081,0.31356519458125165,0.968493936363985,1.6015086115001471,1.6870919621044427,1.9157861407035885,1.199472207602339,1.601670928030303,1.7830014583333331,1.9374619607843133,2.003217777777778
Schonungen,2023-01-12 15:00:00,1.8535,0.729,0.729,1.547537825160226,0.5341858,1.3041679,1.4851547,1.5072352,1.8578081,0.31356519458125165,0.968493936363985,1.6015086115001471,1.6821639320829564,1.9083073800801325,1.2162778070175437,1.5685922438672435,1.772707619047619,1.9035666666666664,1.9892699305555557
Schonungen,2023-01-12 16:00:00,1.9729666666666668,0.729,0.729,1.543770451935925,0.5341858,1.3041679,1.4908116,1.5282286,1.8506418,0.31356519458125165,0.968493936363985,1.6015086115001471,1.6870919621044427,1.9157861407035885,1.2405904444444444,1.6206936758893278,1.7889816666666665,1.9440708248816767,2.0067753333333336
Schonungen,2023-01-12 17:00:00,1.9504333333333328,0.729,0.729,1.526495572937164,0.53669137,1.3500319,1.5338918,1.679799,1.885323,0.31356519458125165,0.968493936363985,1.6015086115001471,1.7323401976096637,1.9157861407035885,1.2734147272727276,1.6312267689684568,1.8136609374999997,1.9643236904761903,2.0138385714285714
Schonungen,2023-01-12 18:00:00,1.9083333333333332,0.729,0.729,1.5283704377296257,0.53669137,1.3500319,1.6349784,1.718839,1.9263614,0.31356519458125165,0.968493936363985,1.6015086115001471,1.8016209278475908,1.9656484786981063,1.2919955769230769,1.7017954259259258,1.8410876876876876,1.9775602272727273,2.0163219393939396
Schonungen,2023-01-12 19:00:00,1.898233333333333,0.729,0.729,1.5523591486123758,0.53669137,1.3500319,1.7241031,1.7267574,1.9264472,0.31356519458125165,0.9504308996211006,1.6015086115001471,1.807516755435523,1.9741779878257888,1.2919955769230769,1.6651883874239348,1.8473455555555554,1.9836810763888888,2.017099111111111
Schonungen,2023-01-12 20:00:00,2.034533333333333,0.729,0.729,1.5261919656071332,0.5341858,1.3500319,1.628287,1.6627588,1.8821262,0.31356519458125165,0.9504308996211006,1.6015086115001471,1.735807078066543,1.921395649831271,1.287451328671329,1.5685922438672435,1.7773189458689458,1.9566420546558705,2.0097987692307693
Schonungen,2023-01-12 21:00:00,2.0654333333333335,0.729,0.729,1.5277821585007882,0.531499,1.30391,1.5282286,1.6029675,1.8619246,0.31356519458125165,0.9504308996211006,1.6015086115001471,1.6702635482110202,1.9227181770000565,1.287451328671329,1.5653939484126984,1.7609535714285711,1.9262731944444444,2.003098484848485
Schonungen,2023-01-12 22:00:00,2.0006,0.729,0.729,1.4041035539598408,0.5300349,1.1960518,1.619794,1.627429,1.8584816,0.31356519458125165,0.9504308996211006,1.6015086115001471,1.6995554805260638,1.9206484425666557,1.2026368070175437,1.5109592592592591,1.7102263888888887,1.865457986111111,1.9886864583333335
Schonungen,2023-01-12 23:00:00,1.6561,0.729,0.729,1.4758579414070585,0.5300349,1.2429395,1.6215731,1.6455264,1.900382,0.31356519458125165,0.9504308996211006,1.6015086115001471,1.7152280097645745,1.9197907006495485,1.220358,1.5363296265328874,1.7363780525030523,1.915755119047619,2.003217777777778
Schonungen,2023-01-13 00:00:00,1.7806666666666668,1.6561,1.6561,1.2376740257506378,0.48703325,0.9970782,1.3155175,1.3396982,1.6751533,0.37597720492130854,0.9905421700670659,1.2980196549825684,1.5692617234126884,1.6974120941105169,0.7511242241379311,1.0219195194471231,1.1732833086648164,1.3718722513743125,1.5834047747747744
Schonungen,2023-01-13 01:00:00,1.7589000000000001,1.6561,1.6561,1.27092496330742,0.4840576,1.0659231,1.2777547,1.3131775,1.6702243,0.37597720492130854,1.0219190822963984,1.3196849275144151,1.562988731614598,1.6974120941105169,0.7423140873015874,0.9914172846889955,1.1939084529505584,1.3689775862068962,1.5834047747747744
Schonungen,2023-01-13 02:00:00,1.6070333333333333,1.6561,1.6561,1.394149026886509,0.48021924,1.3163128,1.3677887,1.4572719,1.8130488,0.37597720492130854,1.0946486604288683,1.6612524833974034,1.7855972080481761,1.9071626736993263,0.9189915824915825,1.1581635416666667,1.4383250582750584,1.8867162878787878,1.9938697916666668
Schonungen,2023-01-13 03:00:00,1.3474000000000002,1.6561,1.6561,1.4595010541547717,0.47837198,1.4216074,1.6326298,1.6327682,1.8322217,0.37597720492130854,1.0946486604288683,1.704349495910845,1.7889540301991893,1.9225213741579312,0.9426027272727272,1.1910027777777776,1.6235944444444446,1.9782609803921567,2.0207870833333335
Schonungen,2023-01-13 04:00:00,1.6595666666666666,1.6561,1.6561,1.4995404797972562,0.47837198,1.4160349,1.6202132,1.6901587,1.8279293,0.37597720492130854,1.0946486604288683,1.704349495910845,1.7901870685899066,1.9294849262495737,0.9189915824915825,1.1910027777777776,1.7551270833333332,1.9785084967320263,2.0206570238095236
Schonungen,2023-01-13 05:00:00,1.9943666666666664,1.6561,1.6561,1.344942049608723,0.47837198,1.36328,1.3663648,1.4950618,1.8002084,0.3774291170858379,1.136961128849849,1.6102005688911607,1.766208529322007,1.9035234684171225,1.0091425595238095,1.1966900673400673,1.4927427442528733,1.7893969444444442,1.9414774035087716
Schonungen,2023-01-13 06:00:00,1.973,1.6561,1.6561,1.2119162255672493,0.47837198,1.1077896,1.3104776,1.366763,1.6664237,0.3774291170858379,0.9905421700670659,1.2865026967410267,1.5379623193976433,1.6654403199798946,0.7972982372881355,1.0295247267759566,1.2024924441786284,1.356789124668435,1.5448107422969188
Schonungen,2023-01-13 07:00:00,1.8416333333333328,1.6561,1.6561,1.1150444870691358,0.47896463,0.79511046,0.9450648,1.1612469,1.643264,0.3774291170858379,0.7118872159257381,1.056115832657072,1.3286869319499943,1.6334245198261101,0.7144539627783317,0.8685567749778959,1.0670824782608697,1.2539383960784312,1.4271083743842368
Schonungen,2023-01-13 08:00:00,1.7619333333333334,1.6561,1.6561,1.134555493718953,0.47896463,1.0011418,1.2493228,1.2642097,1.643264,0.3774291170858379,0.9183053548639278,1.2512384227585853,1.4797099160327818,1.6758569632895317,0.7808967070217917,1.047262806637807,1.2024924441786284,1.3948455974842766,1.557649523809524
Schonungen,2023-01-13 09:00:00,1.0143666666666669,1.6561,1.6561,1.302725360992064,0.47896463,1.2101985,1.3950613,1.3953621,1.7600182,0.3777092801879103,1.0393567479237364,1.4719874881334836,1.6942633804597595,1.89946533674092,0.8881304044444441,1.0787608095238095,1.2793220634920635,1.6094359477124185,1.9144859722222223
Schonungen,2023-01-13 10:00:00,0.9249333333333332,1.6561,1.6561,0.9880194933511385,0.46814802,0.74781644,0.8106788,1.0430193,1.3193787,0.3777092801879103,0.6807862080158367,0.8492388164916626,1.2176297505645166,1.4311021679751341,0.6877167496947496,0.7525230455020424,0.9554298406862747,1.1150266081871343,1.2708867717445127
Schonungen,2023-01-13 11:00:00,0.9689,1.6561,1.6561,1.159614066451474,0.47362518,0.7730231,0.86815506,1.1989648,1.4914522,0.3777092801879103,0.7139301822677031,0.9399025525808803,1.2463952672154825,1.5638713846418006,0.6702383415435139,0.8255997261904762,1.0389807984607984,1.1598544202898553,1.298854056847546
Schonungen,2023-01-13 12:00:00,1.6554,1.6561,1.6561,1.0847523342848326,0.48060068,0.792802,0.8818591,1.1450691,1.5566169,0.3777092801879103,0.7139301822677031,0.9490644134527447,1.2463952672154825,1.5683399949200607,0.6906690879741728,0.8255997261904762,1.0389807984607984,1.1548858506944446,1.2866697553002706
Schonungen,2023-01-13 13:00:00,1.4804000000000002,1.6561,1.6561,1.2922937381517827,0.4606214,0.97190475,1.1997874,1.3243498,1.6746207,0.3777092801879103,0.9183053548639278,1.1759203906413829,1.4109061814142991,1.6360329612077142,0.7751960714285716,1.0522824074074077,1.2087270559210523,1.3429600854700856,1.5027751666666664
Schonungen,2023-01-13 14:00:00,1.2567666666666668,1.6561,1.6561,1.538895825120144,0.47901836,1.1417484,1.2777594,1.489298,1.6956055,0.3777092801879103,1.110213642046081,1.5913009808630871,1.635524193000334,1.7426926616941643,0.9482602142857142,1.1826392857142856,1.410435714285714,1.8263257051282051,1.9057002083333332
Schonungen,2023-01-13 15:00:00,0.9811333333333332,1.6561,1.6561,1.4235448163626816,0.47366092,1.0678066,1.2288234,1.3495151,1.6299732,0.3777092801879103,1.110213642046081,1.5692247615659114,1.6321673708493207,1.7175114946505512,0.9482602142857142,1.1826392857142856,1.410435714285714,1.7952920238095238,1.901832386363636
Schonungen,2023-01-13 16:00:00,1.2518666666666665,1.6561,1.6561,1.217300885520865,0.46982786,0.9802702,1.1250587,1.1821886,1.5509375,0.36697219817129584,0.9164326708538026,1.1759203906413829,1.4109061814142991,1.6256163178980771,0.7423140873015874,0.9630869078947368,1.164614536340852,1.3029002583979332,1.499179683908046
Schonungen,2023-01-13 17:00:00,1.5749333333333333,1.6561,1.6561,1.0904680105397864,0.47499666,0.77004194,0.89486253,1.1042404,1.5748521,0.35522778841578223,0.7364598101258412,1.030723950285867,1.284911173810553,1.5977218198204914,0.7182563972169512,0.8632597475771919,1.09936976184549,1.2539383960784312,1.4184828352490422
Schonungen,2023-01-13 18:00:00,1.7565333333333333,1.6561,1.6561,1.2268506265442118,0.47475237,1.0657401,1.1632359,1.1828984,1.5579807,0.35522778841578223,1.0166803974034309,1.2251055985613502,1.4605249535683973,1.6256163178980771,0.7550196428571427,0.9399904166666668,1.1515276041666669,1.286646586345381,1.4262560969515246
Schonungen,2023-01-13 19:00:00,1.7855999999999999,1.6561,1.6561,1.0642389562648726,0.47475237,0.76045406,0.8575415,1.1222903,1.5696634,0.35522778841578223,0.7066485310327707,0.9431572442009594,1.279366354993799,1.5977218198204914,0.6903979057081631,0.802256112012987,1.0326601305798029,1.185462469671519,1.3348549501173708
Schonungen,2023-01-13 20:00:00,1.9684666666666666,1.6561,1.6561,1.1479491361142298,0.45436028,0.7642192,0.8575415,1.1432412,1.5686607,0.3540560393533253,0.7066485310327707,0.9807978005398693,1.2829630939371024,1.5977218198204914,0.6580062028386633,0.7820588629943502,1.0536328282828284,1.2277943022226292,1.395091320754717
Schonungen,2023-01-13 21:00:00,1.1615666666666666,1.6561,1.6561,1.084059719746429,0.46230364,0.7821214,0.8575415,1.1332172,1.5079321,0.3540560393533253,0.6912538317473975,0.935674866752784,1.2508137526551477,1.5929140571584368,0.6531964855072461,0.7749269791666669,1.0412612457912458,1.2123824969362742,1.348433986111111
Schonungen,2023-01-13 22:00:00,1.2408333333333332,1.6561,1.6561,1.0252192022516082,0.4608267,0.7821214,0.84859514,1.1396227,1.5176823,0.3540560393533253,0.6912538317473975,0.9499084578713529,1.2508137526551477,1.589825848191537,0.6287622335890878,0.7597938166311302,1.0389807984607984,1.2077150630482454,1.3348549501173708
Schonungen,2023-01-13 23:00:00,0.7836666666666666,1.6561,1.6561,1.0068072963499186,0.46630096,0.76585793,0.84954363,1.1402105,1.5247651,0.3540560393533253,0.6931265157575227,0.9225534436261712,1.2508137526551477,1.6132647530845576,0.6531964855072461,0.7820588629943502,1.0412612457912458,1.185462469671519,1.3348549501173708
Schonungen,2023-01-14 00:00:00,1.2103,0.7836666666666666,0.7836666666666666,1.1285323943848764,0.49995834,0.77815866,0.9226638,1.2884108,1.569709,0.3787661208549549,0.7151224064283622,1.0222233911514929,1.344293314357142,1.6831173535808057,0.11968344155844154,0.5627252272727273,0.7897063034188034,1.0869706343404808,1.3695748461538468
Schonungen,2023-01-14 01:00:00,1.3762333333333332,0.7836666666666666,0.7836666666666666,1.0683228921067534,0.50938135,0.8266214,0.93916804,1.3289555,1.5910177,0.37961827085495486,0.698619708316354,0.9889069058468373,1.3055584935238087,1.625036328136836,0.18226043055555555,0.5782219696969696,0.7726180569239189,1.0845738238870184,1.3695748461538468
Schonungen,2023-01-14 02:00:00,1.2459666666666667,0.7836666666666666,0.7836666666666666,1.0391125670924957,0.37044773,0.7549472,0.8366384,1.3905156,1.5052494,0.3468962408502231,0.667292241402003,0.9174383468603603,1.2448072130658112,1.5495181197948704,0.18619059294871795,0.5782219696969696,0.7693382033096927,1.0728489391091365,1.3698560000000006
Schonungen,2023-01-14 03:00:00,0.5952666666666666,0.7836666666666666,0.7836666666666666,0.9401758890750245,0.3594631,0.7611379,0.79403675,1.335399,1.6324545,0.3437527609396568,0.6800421374608252,0.9500407999712978,1.2404365363244858,1.59188095103456,0.18226043055555555,0.584558014354067,0.7715607046780559,1.0644088586851743,1.303845444444445
Schonungen,2023-01-14 04:00:00,0.3728666666666667,0.7836666666666666,0.7836666666666666,0.8955823975544566,0.3594631,0.7687989,0.8113493,1.335399,1.498761,0.33687619486186643,0.6524240601180822,0.9230465079270035,1.2448072130658112,1.543037439306951,0.18721751602564102,0.5785560606060605,0.7651654255319149,1.0644088586851743,1.363156497890296
Schonungen,2023-01-14 05:00:00,0.9896333333333333,0.7836666666666666,0.7836666666666666,0.7962258632141288,0.33185726,0.7019615,0.7782364,0.86982125,1.0938977,0.3202539377085983,0.550226036873207,0.8450678242187094,0.9750758139447322,1.235273822828529,0.42251090425531906,0.5410395105419636,0.6335409824561404,0.741568701923077,0.8436629947519892
Schonungen,2023-01-14 06:00:00,1.0661666666666667,0.7836666666666666,0.7836666666666666,0.7932856251916671,0.2758021,0.66029847,0.8342796,0.9492029,1.149797,0.3188525131469069,0.550226036873207,0.8814455474860041,0.9940997916359772,1.248286509379095,0.44667805798915305,0.5579271043417365,0.6397671144781145,0.7553432577268195,0.867992707317073
Schonungen,2023-01-14 07:00:00,1.1572,0.7836666666666666,0.7836666666666666,0.7337413920405051,0.35043105,0.6337837,0.75101066,0.94517964,1.1199894,0.2915064206389571,0.4870875061023901,0.8516636601768415,0.9847213140637646,1.2520543741669046,0.47534153086419756,0.5429087141002504,0.6384506519174042,0.7553432577268195,0.867992707317073
Schonungen,2023-01-14 08:00:00,1.2796666666666667,0.7836666666666666,0.7836666666666666,0.7223461906137474,0.35518584,0.5913796,0.75101066,0.9395905,1.1010543,0.2915064206389571,0.45818344560408397,0.8516636601768415,0.9847213140637646,1.2520543741669046,0.5152696753246754,0.5770748462064251,0.6605547742447588,0.7483567810457518,0.8715970000000003
Schonungen,2023-01-14 09:00:00,0.9439,0.7836666666666666,0.7836666666666666,0.7516571524642154,0.36574113,0.6400719,0.78090656,0.9461977,1.1010543,0.29888701594481554,0.4947733006277093,0.8516636601768415,0.9871664891479381,1.2520543741669046,0.5241229160266258,0.5947972115155188,0.6884026687598116,0.7793297242747672,0.8845986222222223
Schonungen,2023-01-14 10:00:00,1.0271,0.7836666666666666,0.7836666666666666,0.8149518408353393,0.45572227,0.7122552,0.85545313,0.9461977,1.0975878,0.36170573873772827,0.5688036077287356,0.8780753268435082,0.9871664891479381,1.2520543741669046,0.557668261314443,0.6239268036383093,0.7141376543209876,0.8157201309523812,0.9331878611111118
Schonungen,2023-01-14 11:00:00,1.3415333333333332,0.7836666666666666,0.7836666666666666,0.8229783869450457,0.5224842,0.65271896,0.8419868,0.9461977,1.0975878,0.3584536867673299,0.5073624694958879,0.8780753268435082,0.9871664891479381,1.2520543741669046,0.5928886122787282,0.6398283383838383,0.7262472264734889,0.826139692982456,0.9078081309523809
Schonungen,2023-01-14 12:00:00,1.4065,0.7836666666666666,0.7836666666666666,0.9711260515468589,0.60340434,0.8118985,1.032892,1.3735565,1.6712003,0.3948730526705452,0.7112088771845326,1.0615042084442852,1.2957826192164,1.63601836222197,0.6245673333333334,0.735128336940837,0.8769156060606061,1.0920471334586466,1.4072358829734422
Schonungen,2023-01-14 13:00:00,1.1424666666666667,0.7836666666666666,0.7836666666666666,0.9571793402785267,0.6569542,0.811482,1.0391428,1.2770288,1.5075006,0.40800322051084265,0.6819666566836644,1.0289017553333482,1.2964044865297248,1.578237828498821,0.6307580350877193,0.7424192074592075,0.8769156060606061,1.0793521193415638,1.3695748461538468
Schonungen,2023-01-14 14:00:00,1.0790333333333333,0.7836666666666666,0.7836666666666666,0.9837959165171042,0.6569542,0.811482,1.0396048,1.2770288,1.5075006,0.40800322051084265,0.6968348379675853,1.0289017553333482,1.2964044865297248,1.578237828498821,0.6307580350877193,0.7429289772727272,0.903831111111111,1.086680643738977,1.3899711132749109
Schonungen,2023-01-14 15:00:00,1.4854666666666667,0.7836666666666666,0.7836666666666666,1.0581984388278904,0.6734479,0.7908549,1.1343958,1.3595177,1.6458328,0.4071510705108427,0.7277115752965411,1.1089166584122967,1.3996393972490562,1.6962429505029932,0.6079604711779449,0.7536242584745763,0.9331348397435898,1.1038694444444446,1.4514205952380954
Schonungen,2023-01-14 16:00:00,1.7845666666666666,0.7836666666666666,0.7836666666666666,1.339053808132393,0.6734479,1.0860449,1.4635129,1.7370042,1.8554783,0.4071510705108427,1.0629816423386678,1.552730060546708,1.7729952691219517,1.8678801375219363,0.8459767045454545,1.1105727272727273,1.4472985714285713,1.6323194895199458,1.7056574074074076
Schonungen,2023-01-14 17:00:00,1.8871,0.7836666666666666,0.7836666666666666,1.340449102147125,0.6805777,1.0860449,1.4063315,1.7370042,1.8492776,0.4071510705108427,1.0644149463691128,1.552730060546708,1.7626936657071695,1.9690898163829613,0.8786858080808082,1.1105727272727273,1.4472985714285713,1.6323194895199458,1.7056574074074076
Schonungen,2023-01-14 18:00:00,1.9046666666666667,0.7836666666666666,0.7836666666666666,1.4771663789722114,0.90019315,1.5237484,1.6129321,1.8408284,1.9360262,0.4071510705108427,1.2009905059053698,1.6919489646679193,1.8938334874532998,2.0098299161467845,1.2108136250000001,1.4044305555555554,1.6549976190476188,1.830400641025641,1.9137433449883443
Schonungen,2023-01-14 19:00:00,2.0125666666666664,0.7836666666666666,0.7836666666666666,1.315612136939628,0.6805777,1.0860449,1.401835,1.7338636,1.8186066,0.40580189479230294,1.0345050710109183,1.468062196733444,1.7089419795109027,1.8646527103678865,0.7331608110516936,1.0451386904761906,1.4051230691616214,1.6154028998779,1.68991125
Schonungen,2023-01-14 20:00:00,1.8583,0.7836666666666666,0.7836666666666666,1.2387658447857575,0.6379327,1.073225,1.3673096,1.7392884,1.8248073,0.40580189479230294,0.9747950149376746,1.4316502407852476,1.6776715110840028,1.8646527103678865,0.6664522435897436,0.8255697916666667,1.244268425925926,1.578966731016731,1.6802036944444445
Schonungen,2023-01-14 21:00:00,1.3728,0.7836666666666666,0.7836666666666666,1.321427343712394,0.63895804,1.0777894,1.3961987,1.7777035,1.8499001,0.40529786556423486,1.031447623822348,1.468062196733444,1.706496804426729,1.8608848455800768,0.7079346732026144,1.0717707176595335,1.4666036130536129,1.6361924446974625,1.6934233333333333
Schonungen,2023-01-14 22:00:00,1.5365666666666666,0.7836666666666666,0.7836666666666666,1.3780884570301715,0.63895804,1.0777894,1.3961987,1.8398645,1.8765513,0.40529786556423486,1.0872933228032746,1.552730060546708,1.7805011508718696,1.9721583682285955,0.8167256944444445,1.1105727272727273,1.53596626984127,1.6646197619047618,1.7739945217391304
Schonungen,2023-01-14 23:00:00,1.9477333333333329,0.7836666666666666,0.7836666666666666,1.4679418014038943,0.5806046,1.4149697,1.5988585,1.8387647,1.8411847,0.40529786556423486,1.1550125180636857,1.6806164509987984,1.8880593449628957,2.0042397063131414,1.0920701566416036,1.445370625,1.6514763575605678,1.7755052083333331,1.8852797179487182
Schonungen,2023-01-15 00:00:00,1.9845,1.9477333333333329,1.9477333333333329,1.3409624322811684,0.6885449,1.1304538,1.4729679,1.8469979,1.9325751,0.44193235895554567,1.0745658422894122,1.559598113609597,1.770111014485624,1.8205066256427311,1.2046577011494253,1.3980715196078433,1.5538468983957219,1.6673561234817815,1.7877275057471265
Schonungen,2023-01-15 01:00:00,2.0477,1.9477333333333329,1.9477333333333329,1.5715555477696563,1.0917935,1.5759689,1.6021454,2.0269842,2.028027,0.44193235895554567,1.264506522101167,1.7588962754882314,1.9627476775567463,2.0264231863801747,1.5321755833333333,1.7002349747474748,1.823461235605353,1.9074094919786093,1.9470304469854467
Schonungen,2023-01-15 02:00:00,2.0909,1.9477333333333329,1.9477333333333329,1.5005258302679905,0.7755023,1.5229257,1.6149459,2.0064487,2.0314033,0.44193235895554567,1.2703642434829154,1.7315750616511645,1.9564049242242527,2.014083984933638,1.4264508201058197,1.618754861111111,1.7897914583333332,1.894595689655172,1.9371715384615384
Schonungen,2023-01-15 03:00:00,2.1255,1.9477333333333329,1.9477333333333329,1.4240208577371019,0.77846134,1.1119353,1.4469476,1.8966075,2.0623202,0.44193235895554567,1.1777711376440347,1.5843398320873647,1.888639375964145,1.9938481964807557,1.2049506641123882,1.4568721306471302,1.5801548443370905,1.7391242099567097,1.8378536984126985
Schonungen,2023-01-15 04:00:00,2.0384,1.9477333333333329,1.9477333333333329,1.534333135370669,0.94322217,1.5414188,1.6182063,1.98507,1.9936062,0.44438854206551914,1.2413977117969885,1.7253870482030753,1.9303940955249228,2.0127841105478232,1.4353311904761905,1.66242,1.823461235605353,1.9047500754147815,1.9398000452488684
Schonungen,2023-01-15 05:00:00,1.1398666666666666,1.9477333333333329,1.9477333333333329,1.3240187488311572,0.6266854,1.040442,1.3072947,1.6748866,1.8040844,0.4405542860555485,1.011008438675864,1.3713820458070798,1.5658011582537805,1.906221699137042,0.9967306165413534,1.2002769539337472,1.431480238331678,1.5746328985507247,1.7037106402439024
Schonungen,2023-01-15 06:00:00,1.0292666666666668,1.9477333333333329,1.9477333333333329,0.7150300568263452,0.284879,0.4527457,0.58738506,1.2074376,1.3097532,0.2937919397677452,0.44698303504079967,0.7007900376989201,0.870863492678498,1.4038206850903086,0.39361245293466224,0.49658750000000007,0.6806039821765999,0.9245482323232321,1.0636154187192117
Schonungen,2023-01-15 07:00:00,0.4073,1.9477333333333329,1.9477333333333329,0.47743556106967516,0.14529616,0.27626944,0.28871664,0.7632263,0.83426,0.16164560862265126,0.2158245569891401,0.3167323497087664,0.43688255612678006,0.8995127266841397,0.20250447957839265,0.3209696714888486,0.39586922083084874,0.5069084497929607,0.5607256262626263
Schonungen,2023-01-15 08:00:00,0.1446,1.9477333333333329,1.9477333333333329,0.21981838583382074,0.023725875,0.09770025,0.11120901,0.23060687,0.5562621,0.08014257497844182,0.09535017094612477,0.17265676342212483,0.27996910265422825,0.5115610832925909,0.13903382616487459,0.1650388888888889,0.19197332096147052,0.2393531746031746,0.32920858333333336
Schonungen,2023-01-15 09:00:00,0.22453333333333333,1.9477333333333329,1.9477333333333329,0.6193240030531109,0.30926532,0.36636588,0.47889587,0.6604813,0.8344997,0.2804225927055025,0.35814829876052007,0.6187634988824776,0.7257833312826765,0.9221782678337778,0.3652868431372548,0.41666230158730155,0.5451771583202921,0.7494343790849672,1.0449501739618405
Schonungen,2023-01-15 10:00:00,0.3505,1.9477333333333329,1.9477333333333329,1.324718889760224,0.65368605,1.0116321,1.259056,1.589175,1.8043314,0.4320915687756449,0.9997431328303863,1.3839495041773808,1.5734050135891124,1.7688694084277332,0.9486091552511416,1.167216851851852,1.3683682539682538,1.5525891354723707,1.648138484848485
Schonungen,2023-01-15 11:00:00,0.5013666666666666,1.9477333333333329,1.9477333333333329,1.3281599285719037,0.6453805,1.0296406,1.2750992,1.57231,1.7772514,0.4320915687756449,1.0027618049348728,1.3713820458070798,1.5734050135891124,1.7688694084277332,0.9486091552511416,1.1973392753623187,1.4304915443745634,1.5626826388888888,1.6656835020242917
Schonungen,2023-01-15 12:00:00,1.0972,1.9477333333333329,1.9477333333333329,0.9311485813739124,0.4568973,0.49125287,0.8264127,1.1438495,1.4621402,0.41255277501132714,0.5578501886362356,0.8960503501674028,1.1570957438087137,1.490635187331047,0.7425585814536342,0.8796715090090089,0.9987459863945578,1.20960916005291,1.4304721482952667
Schonungen,2023-01-15 13:00:00,0.347,1.9477333333333329,1.9477333333333329,0.9721076814483365,0.52385706,0.5811979,0.9115567,1.2326996,1.6647023,0.4156262805717582,0.5933719159796521,1.024597828038388,1.2398253669055,1.547899478960878,0.7754851663641864,0.9193349603174604,1.0145809854497356,1.2761466074681238,1.471945059101655
Schonungen,2023-01-15 14:00:00,0.7918999999999999,1.9477333333333329,1.9477333333333329,1.3320262988192182,0.50070536,0.9945807,1.3709733,1.7721174,1.9037075,0.41299342877474465,0.9581166709306271,1.4916366446752627,1.7061259270398226,1.8314481935947997,0.9957589999999998,1.2817581262939959,1.4653023696949226,1.5747244565217393,1.7161170666666667
Schonungen,2023-01-15 15:00:00,0.9875,1.9477333333333329,1.9477333333333329,1.4748095659739828,0.6486226,1.0436114,1.4035492,1.8708444,1.9794911,0.41299342877474465,0.9892208329433188,1.5843398320873647,1.8756860646328102,1.9985406456095516,1.162094761904762,1.3542449193548387,1.550995173453997,1.7172706666666668,1.7897421818181818
Schonungen,2023-01-15 16:00:00,1.3948333333333331,1.9477333333333329,1.9477333333333329,1.5031140632540807,0.6334438,1.0377043,1.3751781,1.8193026,1.9250187,0.41299342877474465,0.9892208329433188,1.5812295730525032,1.8340251797640463,1.9955262182178426,1.1378811255411256,1.3505415267719991,1.5639243135011438,1.7243148628048777,1.8036069961519965
Schonungen,2023-01-15 17:00:00,1.2793333333333332,1.9477333333333329,1.9477333333333329,1.4535582307414163,0.6949532,1.026129,1.3901352,1.8036523,1.917984,0.41299342877474465,0.9892208329433188,1.5703054967550978,1.825905741788441,1.9527323974261785,1.1378811255411256,1.3505415267719991,1.550995173453997,1.7243148628048777,1.7978497335423196
Schonungen,2023-01-15 18:00:00,1.3666666666666667,1.9477333333333329,1.9477333333333329,1.4121615361003181,0.6949532,1.0470113,1.3922355,1.8250644,1.9290245,0.41299342877474465,0.9892208329433188,1.5703054967550978,1.8469784910953813,1.9925093104117393,1.1378811255411256,1.3505415267719991,1.5561856138107415,1.7243148628048777,1.7978497335423196
Schonungen,2023-01-15 19:00:00,1.1502333333333332,1.9477333333333329,1.9477333333333329,1.425995979172583,0.690331,1.043002,1.3922355,1.8299427,1.9311845,0.41299342877474465,0.9830858329433187,1.5703054967550978,1.8469784910953813,1.9955262182178426,1.1378811255411256,1.3505415267719991,1.550995173453997,1.7232987916666667,1.7892108390804597
Schonungen,2023-01-15 20:00:00,0.8516,1.9477333333333329,1.9477333333333329,1.3653064136871254,0.6240486,1.0302545,1.382145,1.8392684,1.935328,0.41299342877474465,1.0736655491144675,1.5812295730525032,1.8469784910953813,1.9925093104117393,1.1089922727272725,1.338549523294166,1.550995173453997,1.7243148628048777,1.8036069961519965
Schonungen,2023-01-15 21:00:00,0.9753,1.9477333333333329,1.9477333333333329,1.3559472641093238,0.4814463,1.0012641,1.3591107,1.7595146,1.8835632,0.4105372456647712,0.9519592071516065,1.491465014637802,1.6723973788814337,1.7923244904286169,1.0225245731707318,1.2436681481481482,1.4698257890070923,1.5885548333333328,1.7266417257945303
Schonungen,2023-01-15 22:00:00,1.015966666666667,1.9477333333333329,1.9477333333333329,1.1010681813895857,0.5463948,0.6603313,1.090228,1.5360686,1.6990129,0.4105372456647712,0.7072829979485753,1.152286790874733,1.4542762217088099,1.6425170512525766,0.8508206086956522,0.9832574711596843,1.1931601851851852,1.4573988116458707,1.5654317105263158
Schonungen,2023-01-15 23:00:00,1.1726333333333334,1.9477333333333329,1.9477333333333329,1.0415292485731689,0.53986114,0.6607698,1.1677914,1.5909964,1.7326938,0.4105372456647712,0.7072829979485753,1.1663211262070003,1.4161726515595026,1.6461871844252085,0.8619283744614179,1.0571990196078431,1.316110119047619,1.4876719444444446,1.6349431428571426
Schonungen,2023-01-16 00:00:00,1.1895,1.1726333333333334,1.1726333333333334,0.9256502019591972,0.36569154,0.8396383,1.2223465,1.5106148,1.6109811,0.38846377356072276,0.7453847195354738,1.1697913732559633,1.5050091979772762,1.545599850262079,0.9108283333333332,1.0442318492534626,1.1960773176291792,1.4024447916666665,1.561196111111111
Schonungen,2023-01-16 01:00:00,1.2738333333333332,1.1726333333333334,1.1726333333333334,0.9419659311164776,0.37045035,0.8396383,1.2215512,1.5175055,1.6109811,0.38846377356072276,0.7453847195354738,1.1697913732559633,1.5050091979772762,1.545599850262079,0.9118356666666667,1.0520256194295903,1.1960773176291792,1.4024447916666665,1.561196111111111
Schonungen,2023-01-16 02:00:00,1.318733333333333,1.1726333333333334,1.1726333333333334,0.8461678723544794,0.3957637,0.67357576,0.90194017,1.1348917,1.2746236,0.4090472959661913,0.6154030915509581,0.8315324401047781,1.076635143873173,1.2229690048284816,0.4826869743589744,0.6711502815315316,0.8843734175270401,1.0855052824858757,1.2186455715811968
Schonungen,2023-01-16 03:00:00,1.2526333333333335,1.1726333333333334,1.1726333333333334,0.9492913602258898,0.41743183,0.70000005,1.0730276,1.3670869,1.4082834,0.41047627731464026,0.6622871979795177,0.991109349142727,1.3678189463222394,1.4113165378609307,0.776640984848485,0.9768181644880174,1.145696657633243,1.3227422784810123,1.4379595241385668
Schonungen,2023-01-16 04:00:00,0.7006333333333333,1.1726333333333334,1.1726333333333334,0.7608762491280342,0.26746625,0.5572801,0.86542827,1.0127141,1.112824,0.27891321740060465,0.525444813244832,0.8315324401047781,1.0643404039582403,1.1451992673795555,0.455804913003663,0.6099630698880699,0.756750285463329,0.9859625758636789,1.1329110119047618
Schonungen,2023-01-16 05:00:00,0.6843666666666667,1.1726333333333334,1.1726333333333334,0.7298002512830195,0.3012375,0.5372686,0.8389141,1.0204391,1.110324,0.2793120572929954,0.5179296265526091,0.8196527606394667,0.9716600802517266,1.1451992673795555,0.455804913003663,0.6099630698880699,0.7612662878787879,0.9859625758636789,1.1329110119047618
Schonungen,2023-01-16 06:00:00,0.6663,1.1726333333333334,1.1726333333333334,0.7473320380752496,0.31654903,0.49410787,0.8389141,0.9963418,1.1301908,0.2678007278586417,0.45623604890687397,0.8006823732895206,0.9791440843956414,1.1489777072738827,0.43568491995073894,0.6063828702702703,0.756750285463329,1.0007851785714288,1.1329110119047618
Schonungen,2023-01-16 07:00:00,0.7444333333333333,1.1726333333333334,1.1726333333333334,0.788223603651488,0.37267327,0.61259377,0.78582805,0.9598123,0.96153617,0.36317276883977717,0.5527934828791228,0.773755274664138,0.923923508453093,1.0984372882467566,0.4859148834498834,0.6711502815315316,0.8559386217948718,1.0861865476190475,1.2410434410774411
Schonungen,2023-01-16 08:00:00,0.4284333333333333,1.1726333333333334,1.1726333333333334,0.8353492994700124,0.3684208,0.54754776,0.8964179,1.0619895,1.236239,0.3851277160495549,0.5492151862258976,0.9048125580367019,1.2500128047918857,1.2585949889964119,0.7580959761904762,0.953877602339181,1.1216238056897478,1.323259444444444,1.4379595241385668
Schonungen,2023-01-16 09:00:00,0.49023333333333335,1.1726333333333334,1.1726333333333334,1.17599720837185,0.40627232,0.7640205,1.1289449,1.588014,1.6503816,0.3851277160495549,0.8006535560357351,1.273879465401777,1.6095333880854512,1.706595737007801,0.9003463492063493,1.1004932760141093,1.3980419337606835,1.5398242754975122,1.6440289814814817
Schonungen,2023-01-16 10:00:00,0.6979333333333333,1.1726333333333334,1.1726333333333334,0.6978176099107873,0.23717904,0.2741775,0.7345603,0.78087926,0.89911056,0.28232330557812113,0.3613648372605459,0.7547848873141919,0.883103308416304,1.0204479013652474,0.4469554195702671,0.6099630698880699,0.7701606506238861,0.9986318452380955,1.1368642063492067
Schonungen,2023-01-16 11:00:00,0.7751333333333333,1.1726333333333334,1.1726333333333334,0.8283676834148248,0.4479268,0.48119134,0.7892427,0.86580217,0.8906334,0.39964792585176223,0.5467684041365508,0.773755274664138,0.9152783084163041,1.037679925745168,0.6043863296969697,0.7258496904761904,0.8973463829966326,1.0789187348668279,1.2071161205073997
Schonungen,2023-01-16 12:00:00,1.0464,1.1726333333333334,1.1726333333333334,1.0892728987970464,0.5349962,0.63676214,1.0474846,1.4184915,1.4984404,0.44114273485407074,0.7222177738533611,1.0788360135055752,1.405315647427701,1.465627120847844,0.8886251921568624,1.010643531746032,1.1657126344086022,1.3879921474358972,1.561196111111111
Schonungen,2023-01-16 13:00:00,0.9278333333333334,1.1726333333333334,1.1726333333333334,1.2635088150585698,0.53034186,0.79649997,1.1131359,1.5779468,1.6022719,0.4349965817847927,0.9370549836448661,1.3245311292212767,1.6054014969877597,1.7102012163420497,0.9003463492063493,1.1058348214285716,1.4128445454545457,1.5629344362745097,1.6620669696969697
Schonungen,2023-01-16 14:00:00,1.7085,1.1726333333333334,1.1726333333333334,1.079136224024978,0.4545641,0.64235884,1.0009345,1.4137344,1.4269679,0.4193671919553156,0.7443455588970973,1.0788360135055752,1.3876310285696265,1.4932092975145108,0.9095791629629628,1.0311360833333332,1.1759458333333335,1.4013088194444443,1.561196111111111
Schonungen,2023-01-16 15:00:00,1.5379,1.1726333333333334,1.1726333333333334,1.0760706945466696,0.45300534,0.64235884,1.010743,1.4191345,1.4269679,0.42120552411893947,0.6816654664736201,1.0788360135055752,1.3876310285696265,1.4932092975145108,0.9118356666666667,1.0373933516819571,1.179080277777778,1.4013088194444443,1.561196111111111
Schonungen,2023-01-16 16:00:00,1.0365666666666666,1.1726333333333334,1.1726333333333334,1.2388133649004596,0.44144887,0.71231157,1.0932093,1.5779468,1.6291616,0.4221831958666175,0.8935394431645872,1.3245311292212767,1.6054014969877597,1.7102012163420497,0.913192380952381,1.1060520833333334,1.4208970624613484,1.5629344362745097,1.6748360606060602
Schonungen,2023-01-16 17:00:00,1.3903666666666665,1.1726333333333334,1.1726333333333334,1.3812630522158582,0.64630616,1.1767993,1.4559823,1.6725817,1.8191499,0.42120552411893947,1.0887063926032914,1.5983942101082773,1.8485022767394998,1.9121532553770173,1.0044159047619048,1.4385979166666665,1.7421702469135798,1.8880125478927199,1.9581238166814028
Schonungen,2023-01-16 18:00:00,1.727766666666667,1.1726333333333334,1.1726333333333334,1.4655880934180596,0.8044449,1.2832487,1.5969867,1.744001,1.8397187,0.4221831958666175,1.174588347707212,1.7479136982779513,1.875949830981425,1.93843651267169,1.0301589047619046,1.6857632936507936,1.8230386666666663,1.933013811728395,1.9907326243634933
Schonungen,2023-01-16 19:00:00,1.9958333333333333,1.1726333333333334,1.1726333333333334,1.4406396954551883,0.7909341,1.3484948,1.7073231,1.8600059,1.9057372,0.4221831958666175,1.1841225507213908,1.7766808947853103,1.9584377501840058,2.019672597011405,1.0301589047619046,1.6857632936507936,1.8230386666666663,1.933013811728395,1.9907326243634933
Schonungen,2023-01-16 20:00:00,1.9816333333333327,1.1726333333333334,1.1726333333333334,1.4836832371177215,0.7836445,1.5392503,1.708915,1.9006848,1.9057047,0.4208066842265487,1.2141086658292832,1.7918344277487674,1.971986516016549,2.052582476320592,0.9543792997198879,1.6675007936507935,1.8230386666666663,1.9363214947089948,1.9907326243634933
Schonungen,2023-01-16 21:00:00,1.9920333333333333,1.1726333333333334,1.1726333333333334,1.4925455714670224,0.72958374,1.5031248,1.6998107,1.9019212,1.9442288,0.39120706230922725,1.2141086658292832,1.7780522591005692,1.971986516016549,2.052582476320592,0.9543792997198879,1.6189050595238095,1.8142346875,1.933013811728395,1.9907326243634933
Schonungen,2023-01-16 22:00:00,2.0111666666666665,1.1726333333333334,1.1726333333333334,1.5722124405208202,0.72164994,1.2357827,1.5672032,1.840707,1.9065454,0.39120706230922725,1.2098587541102577,1.7057726772162813,1.9173829887277352,2.0245721957826226,0.9523052910052909,1.5258483333333333,1.806032222222222,1.9226346969696966,1.9907326243634933
Schonungen,2023-01-16 23:00:00,2.001233333333333,1.1726333333333334,1.1726333333333334,1.7755265290087954,0.7763878,1.2653097,1.5723141,1.840707,1.8595039,0.4188805738466261,1.204542897936921,1.7057726772162813,1.9173829887277352,2.0322978432574783,0.9926019047619046,1.5258483333333333,1.7985602222222221,1.9074014784946234,1.9691356410256413
Schonungen,2023-01-17 00:00:00,1.8436,2.001233333333333,2.001233333333333,1.4702648638534632,0.80448675,1.5528158,1.7690853,1.9115661,1.9956919,0.4760395787150925,1.4451581993157512,1.7091468026811223,1.9248316513417478,2.004944148455463,1.3972800000000003,1.7091222431077693,1.8992659356725143,1.9548435877261998,1.9988206666666664
Schonungen,2023-01-17 01:00:00,1.8013666666666666,2.001233333333333,2.001233333333333,1.504809301265008,0.7973941,1.6108708,1.7912893,1.9489034,2.035523,0.4760395787150925,1.4451581993157512,1.7467190839227704,1.930229053501726,2.0220976186506228,1.5541109090909089,1.8370249433106571,1.9360658680555551,1.9656913770053472,2.019558174962292
Schonungen,2023-01-17 02:00:00,1.3559666666666668,2.001233333333333,2.001233333333333,1.31590774645194,0.769657,1.0136726,1.3221275,1.4991168,1.7744913,0.4768439053445083,0.8974635741430879,1.3425066898613334,1.6446911971005838,1.7819957227544094,0.9030136785714287,1.004303491902834,1.1586691550925923,1.2823911705709576,1.4027857692307695
Schonungen,2023-01-17 03:00:00,1.4988666666666666,2.001233333333333,2.001233333333333,1.3392127818195951,0.76580226,1.0002122,1.2501951,1.4793359,1.912816,0.4760395787150925,0.9811904594089502,1.3242587647588138,1.5838938051477038,1.955019189842253,0.907492888888889,1.0360587137681159,1.2057781603773585,1.4936647727272727,1.759935724637681
Schonungen,2023-01-17 04:00:00,1.6942000000000002,2.001233333333333,2.001233333333333,1.3022981136306466,0.48993924,0.9524135,1.0999786,1.4281124,1.7412002,0.47161448011856183,0.8968214446356696,1.183512086735348,1.5544179048245477,1.7389014411266892,0.8798428978494621,0.9923672508169934,1.1378180394508866,1.2609319543828263,1.3827986174373132
Schonungen,2023-01-17 05:00:00,1.575766666666667,2.001233333333333,2.001233333333333,1.0458297487321455,0.562183,0.88755065,1.0492684,1.1773666,1.4994615,0.475517462008622,0.7990579070507099,0.9773556035637466,1.2993459242710694,1.579560763693767,0.8762526500896058,0.9710279539800994,1.117651859402026,1.2295551414695942,1.3854062218890557
Schonungen,2023-01-17 06:00:00,1.0201333333333331,2.001233333333333,2.001233333333333,0.7823925535782029,0.45428276,0.6398809,0.75571626,0.93424404,0.9594725,0.42557914826249726,0.6318960947855806,0.7033469283741438,0.8826559782041715,1.1114719269421618,0.5635291711711711,0.626248092105263,0.7802221518987342,0.9091280934343434,1.080676369047619
Schonungen,2023-01-17 07:00:00,0.6675,2.001233333333333,2.001233333333333,0.6228491709861522,0.27285334,0.51182747,0.6317589,0.8540672,0.88447493,0.3279319745766678,0.47877597110851483,0.629952146944832,0.8347546320667055,1.0694872459162121,0.47421944444444447,0.5816986814906685,0.6666405555555557,0.8976328857630007,1.0659711111111112
Schonungen,2023-01-17 08:00:00,0.3975,2.001233333333333,2.001233333333333,0.328194186461754,0.21545866,0.2594314,0.32787216,0.3758432,0.415622,0.17234828324440343,0.2650481514992254,0.2793395503042575,0.41372200411412,0.5481616256475313,0.20695076121794867,0.31279721887550194,0.36968802994170635,0.4556534356725146,0.5072820971867009
Schonungen,2023-01-17 09:00:00,0.1551,2.001233333333333,2.001233333333333,0.2400156264880991,0.1788319,0.18039192,0.3211262,0.3379715,0.3565145,0.15902525434675202,0.19117369054904104,0.2365203478461864,0.3590497682645803,0.5115525511975053,0.1745481286549708,0.2422901374113475,0.34176128724878724,0.4112574724641139,0.4917279507246377
Schonungen,2023-01-17 10:00:00,0.0443,2.001233333333333,2.001233333333333,0.08250934931504328,0.13237882,0.13479267,0.18566032,0.26382953,0.35859662,0.09410254784783166,0.13113223032916227,0.16132771911634733,0.3259430912389652,0.5115525511975053,0.1187322463768116,0.1558270562770563,0.21588687423687425,0.28358593749999994,0.3659892985232069
Schonungen,2023-01-17 11:00:00,0.035333333333333335,2.001233333333333,2.001233333333333,0.0,0.1455522,0.14695928,0.18829791,0.27943268,0.36762202,0.09703988009620794,0.1349625200626432,0.18237964017918487,0.36072846265866315,0.5115525511975053,0.11121871794871795,0.14613936243936243,0.20867754289215684,0.28358593749999994,0.3659892985232069
Schonungen,2023-01-17 12:00:00,0.08633333333333333,2.001233333333333,2.001233333333333,0.0,0.17929694,0.19138032,0.19973405,0.32910368,0.4218141,0.10118075660685395,0.12009063623687519,0.22192123522668547,0.39193226912305074,0.5083711827492319,0.10317614814814816,0.13497149122807017,0.19110677257525083,0.28358593749999994,0.3659892985232069
Schonungen,2023-01-17 13:00:00,0.0057,2.001233333333333,2.001233333333333,0.0,0.14004423,0.18726337,0.22219563,0.32063416,0.4027256,0.10334054910330337,0.12009063623687519,0.20744931121406227,0.3580002784502813,0.4941274691164406,0.08818145833333334,0.11382135416666668,0.16295822109988775,0.27987075459813554,0.3718002222222222
Schonungen,2023-01-17 14:00:00,0.03753333333333333,2.001233333333333,2.001233333333333,0.0,0.09222946,0.15758157,0.17671245,0.22250451,0.23009364,0.10253622247388752,0.11551422417401971,0.11921042404934545,0.22893974137859183,0.4345664516870614,0.08431852216748767,0.11286486378205128,0.16295822109988775,0.26266464803312634,0.36990575000000003
Schonungen,2023-01-17 15:00:00,0.015333333333333334,2.001233333333333,2.001233333333333,0.0166479400390816,0.068662904,0.15546414,0.16901542,0.22531722,0.22731437,0.09963509399509689,0.11124302714730851,0.11161704073576623,0.22893974137859183,0.4345664516870614,0.08431852216748767,0.11286486378205128,0.16295822109988775,0.2641958400429415,0.3718002222222222
Schonungen,2023-01-17 16:00:00,0.02623333333333333,2.001233333333333,2.001233333333333,0.3320276134294019,0.047834173,0.12602545,0.22912654,0.23121144,0.23322438,0.10018834078897092,0.10755531939697001,0.14786404604402015,0.24519907979093183,0.4345664516870614,0.09474190883190885,0.12064949999999999,0.18378120471014492,0.34528725000000005,0.4194191428571429
Schonungen,2023-01-17 17:00:00,0.07446666666666667,2.001233333333333,2.001233333333333,0.38099669774373324,0.1299855,0.18781057,0.22549358,0.27377522,0.30173647,0.16059293229115007,0.17682784805789284,0.1778686059169482,0.2590622750676341,0.4345664516870614,0.14163134279798875,0.1750272940851299,0.34654316666666674,0.4337937037037036,0.5024996358543418
Schonungen,2023-01-17 18:00:00,0.08183333333333333,2.001233333333333,2.001233333333333,0.36147123219275035,0.07177924,0.17398673,0.23573245,0.24048717,0.24900766,0.11733123438387426,0.15255793790229194,0.16756123910575277,0.24971080201072332,0.4360164516870613,0.11390354166666669,0.1511159226190476,0.25359857549857545,0.36102594982078845,0.42308551322751325
Schonungen,2023-01-17 19:00:00,0.20463333333333333,2.001233333333333,2.001233333333333,0.4252588099314948,0.1368903,0.19454446,0.26475853,0.29475847,0.30332625,0.1625743841021024,0.17828778799018227,0.2039753400743457,0.27615673628391085,0.44689517929006106,0.16294275689223056,0.2695694055944056,0.3708568137254902,0.4614716450216451,0.5169162848297214
Schonungen,2023-01-17 20:00:00,0.2995,2.001233333333333,2.001233333333333,0.5941550709825756,0.21263285,0.21505624,0.28197423,0.42668125,0.44122812,0.2591039451360148,0.26276133568214144,0.3186248470355632,0.34062623986497403,0.5957530423703274,0.1503177304964539,0.3267634963768117,0.4312286531986532,0.5182042043740572,0.6610371336553947
Schonungen,2023-01-17 21:00:00,0.4050666666666667,2.001233333333333,2.001233333333333,0.6332208391307143,0.23326856,0.28900182,0.32725734,0.43667412,0.5906767,0.2595468750510387,0.34062623986497403,0.34097083654886917,0.3698053510991017,0.6792466056091097,0.15316848484848483,0.36199901433691756,0.47341064935064936,0.6067497222222222,0.7043985119047621
Schonungen,2023-01-17 22:00:00,0.40243333333333325,2.001233333333333,2.001233333333333,0.5809595280080003,0.17689914,0.22043295,0.27682316,0.4202182,0.4651599,0.1998433580377455,0.2150290158635791,0.2248977199976732,0.32382033804605087,0.6051049363374844,0.1503177304964539,0.2667051282051282,0.3927729759509437,0.480488277565686,0.5497619797596458
Schonungen,2023-01-17 23:00:00,0.3949333333333333,2.001233333333333,2.001233333333333,0.5044088567955157,0.18269455,0.2145322,0.27682316,0.30696535,0.4119908,0.16549775279466838,0.20204521980563633,0.20669597129559628,0.2902943137738028,0.5131208199295777,0.1624156140350877,0.26981723484848485,0.4076414284589337,0.4919611811594203,0.5638222698412699
Schonungen,2023-01-18 00:00:00,0.42506666666666665,0.3949333333333333,0.3949333333333333,0.6775539124600336,0.3280162,0.51143837,0.6786227,0.70230895,0.773962,0.15370598507927635,0.3164435126519005,0.45481985083324844,0.6129811313735605,0.8618238242448016,0.11005785185185187,0.2204985,0.3773637239979707,0.5088394565217391,0.5874921428571428
Schonungen,2023-01-18 01:00:00,0.4869333333333333,0.3949333333333333,0.3949333333333333,0.6400200909908091,0.29753548,0.38165286,0.7067329,0.7541768,0.7638179,0.12344284494974352,0.25563298476582397,0.4283271080113256,0.6052462601365853,0.8198675090364083,0.07765842490842488,0.13260745614035085,0.29071162280701757,0.43299184027777765,0.5791022380952382
Schonungen,2023-01-18 02:00:00,0.6293,0.3949333333333333,0.3949333333333333,0.9247135573166249,0.39957887,0.6487091,0.80946225,0.99772936,1.0499412,0.3215359635526777,0.48441518264755273,0.7721300486731673,0.9376986842647992,1.236993780813864,0.38391349999999996,0.5460691666666667,0.7555038915727319,0.9278460573476703,1.0776775757575758
Schonungen,2023-01-18 03:00:00,0.2626,0.3949333333333333,0.3949333333333333,0.7400007021667182,0.33456331,0.35665047,0.6282052,0.6406825,0.9003304,0.17163515045439331,0.329674925878534,0.4720009500772568,0.5742868260761251,0.9240593935502288,0.11787421978021977,0.2720426136363636,0.3698285000310424,0.4901329527803665,0.5874921428571428
Schonungen,2023-01-18 04:00:00,0.1282333333333333,0.3949333333333333,0.3949333333333333,0.544369200162839,0.23088197,0.2314874,0.5532631,0.5693431,0.67610407,0.07864189528993333,0.2132372439671226,0.3945453898202836,0.5230927517917525,0.7416878886550723,0.06176664361001317,0.07363279096045199,0.11829692307692305,0.26893510416666666,0.371916451663528
Schonungen,2023-01-18 05:00:00,0.42006666666666664,0.3949333333333333,0.3949333333333333,0.5900250587714599,0.26970193,0.27546927,0.56510824,0.5668016,0.67610407,0.10513472698128419,0.22736879036146693,0.40356788524958925,0.523970472888736,0.7416878886550723,0.06781444340212633,0.1177644139194139,0.18097385185185183,0.2789658492822967,0.3813084994926435
Schonungen,2023-01-18 06:00:00,0.9003333333333333,0.3949333333333333,0.3949333333333333,0.7693283379446325,0.33490807,0.39902234,0.6635631,0.73901606,0.9196228,0.16078390055052527,0.3329964390606068,0.49812983419503487,0.5908423017644873,0.9256385565218853,0.11787421978021977,0.26984356060606063,0.36945319478073707,0.474165542763158,0.5636271111111112
Schonungen,2023-01-18 07:00:00,0.7898999999999999,0.3949333333333333,0.3949333333333333,0.771606516943637,0.3318289,0.39902234,0.64904594,0.7274392,0.9272078,0.16078390055052527,0.3329964390606068,0.4936637704130417,0.5878114606582954,0.9240593935502288,0.11772302564102564,0.26984356060606063,0.36945319478073707,0.474165542763158,0.5636271111111112
Schonungen,2023-01-18 08:00:00,0.5224666666666667,0.3949333333333333,0.3949333333333333,0.727974886469259,0.34233356,0.38526717,0.64904594,0.72903335,0.9272078,0.1511152541415577,0.32793570374225206,0.4903487374573127,0.5878114606582954,0.9240593935502288,0.11772302564102564,0.26984356060606063,0.36945319478073707,0.474165542763158,0.5636271111111112
Schonungen,2023-01-18 09:00:00,0.5504333333333333,0.3949333333333333,0.3949333333333333,0.4171626775281321,0.3084337,0.31805664,0.68453497,0.7469895,1.1104124,0.0817739066381524,0.23002522481024334,0.4522173704146206,0.6224885756379728,0.8958402988444035,0.11783319413919413,0.27182310606060606,0.3499088725490196,0.38907575090334234,0.5204873821548823
Schonungen,2023-01-18 10:00:00,0.3233666666666667,0.3949333333333333,0.3949333333333333,0.49437256349621594,0.30933666,0.5827082,0.7319806,0.7877458,1.2602446,0.10432638333236188,0.28316681927354365,0.485280116981737,0.6402345346212359,1.0123606668684635,0.1857842857142857,0.30390040368386895,0.35799815789473677,0.40756115800865794,0.5507473211900425
Schonungen,2023-01-18 11:00:00,0.17383333333333334,0.3949333333333333,0.3949333333333333,0.4911684562935015,0.30992392,0.5827082,0.75781393,0.7877458,1.2723268,0.10432638333236188,0.28316681927354365,0.485280116981737,0.6402345346212359,1.0123606668684635,0.1857842857142857,0.3058625094268477,0.35988674418604644,0.41198773989898985,0.5636271111111112
Schonungen,2023-01-18 12:00:00,0.34876666666666667,0.3949333333333333,0.3949333333333333,0.6087023672372586,0.37608415,0.6432599,0.86344147,0.9659606,1.3702236,0.19051931555852855,0.38543389895839614,0.5826522969064019,0.7069277015025848,1.0362525578761055,0.2698425974025974,0.3417149198717949,0.3864558333333332,0.5643522222222223,0.8908480034722221
Schonungen,2023-01-18 13:00:00,0.3569,0.3949333333333333,0.3949333333333333,0.3924937790909917,0.26304415,0.38653696,0.6175709,0.62321436,0.99685025,0.046745356431763405,0.16060738162984617,0.371775135464623,0.576643730607723,0.843733682994134,0.07058511904761905,0.11574205128205126,0.17392708333333332,0.2785355407523511,0.3813084994926435
Schonungen,2023-01-18 14:00:00,0.08783333333333333,0.3949333333333333,0.3949333333333333,0.10722939908287096,0.1815806,0.31455207,0.52247953,0.601796,0.9717179,0.0,0.11389921319715651,0.35386165056687696,0.5614573267318941,0.843733682994134,0.05715218750000001,0.06906762345679011,0.08895726320582878,0.16459409722222224,0.2774495454545456
Schonungen,2023-01-18 15:00:00,0.05543333333333333,0.3949333333333333,0.3949333333333333,0.22139928251386748,0.18664923,0.31125787,0.52980083,0.57433546,0.9717179,0.0,0.11523507326855625,0.3584997331237849,0.5614573267318941,0.843733682994134,0.05715218750000001,0.06906762345679011,0.08895726320582878,0.16459409722222224,0.2774495454545456
Schonungen,2023-01-18 16:00:00,0.06996666666666666,0.3949333333333333,0.3949333333333333,0.40611561580267663,0.11681466,0.3000422,0.57539237,0.6026979,0.9747036,0.04357616007156229,0.15894527612923065,0.371775135464623,0.576643730607723,0.843733682994134,0.07058511904761905,0.11574205128205126,0.17296270833333333,0.2785355407523511,0.3813084994926435
Schonungen,2023-01-18 17:00:00,0.12409999999999999,0.3949333333333333,0.3949333333333333,0.48363100185603036,0.14147428,0.39754432,0.56749016,0.80301255,0.98172057,0.04357616007156229,0.16068449826551257,0.3953863697322489,0.580229120364778,0.843733682994134,0.07058511904761905,0.11574205128205126,0.17392708333333332,0.2969649561403509,0.4035424393939395
Schonungen,2023-01-18 18:00:00,0.15213333333333331,0.3949333333333333,0.3949333333333333,0.3643370660870221,0.082388684,0.35917225,0.59093183,0.64611495,0.9769297,0.0,0.11958668950358108,0.3676350315990217,0.564488167838086,0.843733682994134,0.0606472619047619,0.07156474358974359,0.09906559139784946,0.20701895604395604,0.371916451663528
Schonungen,2023-01-18 19:00:00,0.1501333333333333,0.3949333333333333,0.3949333333333333,0.4672510531797559,0.14915442,0.40423867,0.8574962,0.9220249,1.0787588,0.043330003814943514,0.17961080042869676,0.42309568794373636,0.6402232282658922,0.8897448052952341,0.07772653679653677,0.12311630036630038,0.28627096188747736,0.3697036016949152,0.488626730523627
Schonungen,2023-01-18 20:00:00,0.19396666666666668,0.3949333333333333,0.3949333333333333,0.3445736643523375,0.08192366,0.3436156,0.5042241,0.6726886,0.7248434,0.0,0.11796471420265524,0.3676350315990217,0.5670925800808981,0.7427487189166454,0.0606472619047619,0.07156474358974359,0.09650959677419355,0.16768485576923076,0.28957000000000005
Schonungen,2023-01-18 21:00:00,0.15306666666666666,0.3949333333333333,0.3949333333333333,0.33419059894713865,0.2153422,0.4177585,0.49375156,0.597859,0.7029301,0.043704870066429875,0.11632515100134656,0.3676350315990217,0.5670925800808981,0.7427487189166454,0.05715218750000001,0.06915113095238096,0.09020122549019607,0.16459409722222224,0.29058333333333347
Schonungen,2023-01-18 22:00:00,0.1863333333333333,0.3949333333333333,0.3949333333333333,0.2999064657267658,0.21816306,0.32296297,0.54633915,0.67462397,0.73212314,0.0565632907475656,0.1747317497256088,0.3699983649323551,0.6133519419117888,0.7618988245405671,0.05439994720965311,0.06895005787037037,0.09020122549019607,0.16459409722222224,0.29058333333333347
Schonungen,2023-01-18 23:00:00,0.3016666666666667,0.3949333333333333,0.3949333333333333,0.3435726480646539,0.3649307,0.36951524,0.52598184,0.6938299,0.7557018,0.0565632907475656,0.1763938552262243,0.38548983529495573,0.6369018318357944,0.7618988245405671,0.05439994720965311,0.06895005787037037,0.09216557734204792,0.16768485576923076,0.3133004761904763
Schonungen,2023-01-19 00:00:00,0.15806666666666666,0.3016666666666667,0.3016666666666667,0.09227385969739577,0.020468505,0.1470034,0.20309477,0.24701479,0.33289722,0.05494230881528676,0.09940282634859647,0.19682278646406948,0.24647171057915693,0.5072325893413285,0.05798411111111112,0.08388361240310076,0.14586727053140097,0.21303246732026146,0.2988449137931035
Schonungen,2023-01-19 01:00:00,0.24306666666666663,0.3016666666666667,0.3016666666666667,0.06916750318106993,0.061491083,0.09567579,0.1786941,0.29403138,0.30244195,0.07510093949308688,0.12195113317487166,0.23880837157579515,0.2862208752877748,0.4776003707167891,0.10322328054298643,0.14321666666666666,0.20621344696969696,0.28804668911335574,0.32769952380952383
Schonungen,2023-01-19 02:00:00,0.31210000000000004,0.3016666666666667,0.3016666666666667,0.17257329424177714,0.15848032,0.2396322,0.29160982,0.3919022,0.46687466,0.1534722033524215,0.23662288179239724,0.27542315461213684,0.3346493004439082,0.5387925196231582,0.25201488888888884,0.3090758838383839,0.3498542592592593,0.4148168906810036,0.47760775000000005
Schonungen,2023-01-19 03:00:00,0.27316666666666667,0.3016666666666667,0.3016666666666667,0.08820523311763834,0.15284485,0.2752747,0.30351424,0.32260332,0.46886042,0.1534722033524215,0.25936558625155,0.32387588757759955,0.40173835824951076,0.5745373543382283,0.2754583908045977,0.3310328240740741,0.3815656654151022,0.4311971256684492,0.4963067881192881
Schonungen,2023-01-19 04:00:00,0.20063333333333333,0.3016666666666667,0.3016666666666667,0.15245207180470385,0.1514453,0.22939388,0.28821766,0.44833818,0.47043476,0.1534722033524215,0.26260218659690254,0.3652648510997002,0.41969523500378975,0.5766104309218676,0.28079865497076023,0.3310328240740741,0.3815656654151022,0.4311971256684492,0.4963067881192881
Schonungen,2023-01-19 05:00:00,0.21813333333333332,0.3016666666666667,0.3016666666666667,0.15383762934068548,0.15488178,0.32983857,0.36239716,0.4407172,0.69735116,0.1542396175975567,0.3116906679272965,0.420975241313746,0.473817136179527,0.6753248979013122,0.28079865497076023,0.332738630952381,0.38220322043711097,0.4419840387139108,0.5043967149758454
Schonungen,2023-01-19 06:00:00,0.27543333333333336,0.3016666666666667,0.3016666666666667,0.355127727141649,0.19067681,0.4170073,0.53730386,0.5548366,0.7391051,0.23145190453762302,0.3912650977196887,0.47417371652748574,0.5939108927206724,0.7242021922259633,0.2961031862126944,0.34490165584415583,0.4013684587197984,0.48256309523809526,0.5471972591857002
Schonungen,2023-01-19 07:00:00,0.21616666666666662,0.3016666666666667,0.3016666666666667,0.3513270715523837,0.18179247,0.39703235,0.47066367,0.5246288,0.69563115,0.2355951488945799,0.3854534024328086,0.4965618596226724,0.5891120081924879,0.7449622629093787,0.2961031862126944,0.3459510317460317,0.4029567000513611,0.49221014295781723,0.5765193354037266
Schonungen,2023-01-19 08:00:00,0.27846666666666664,0.3016666666666667,0.3016666666666667,0.4300773052020059,0.17930904,0.34487742,0.7349044,0.7365914,0.90372276,0.25043797464098383,0.3589735223480833,0.7077420202311631,0.7922455212219294,0.9522933055310835,0.37947435748792274,0.47990722049689444,0.5637843137254901,0.6969289124345389,0.9507812740384615
Schonungen,2023-01-19 09:00:00,0.3396,0.3016666666666667,0.3016666666666667,0.5233490776406806,0.19904858,0.4007117,0.77312744,0.775191,1.0115209,0.2793187392216336,0.447018917220698,0.7304715937732131,0.8301919210194153,1.0877944806608815,0.4712471739130435,0.5449731518817204,0.6317373825208606,0.8039127306494127,0.9926061666666671
Schonungen,2023-01-19 10:00:00,0.40026666666666666,0.3016666666666667,0.3016666666666667,0.6590195716801126,0.2884541,0.46866187,0.73820376,0.8045425,1.004418,0.34910432314680606,0.49204520855471445,0.7947349683133038,0.8463652116678798,1.079053719786513,0.537754193298969,0.6013966653175034,0.6942164766525167,0.8576156565656566,0.9926061666666671
Schonungen,2023-01-19 11:00:00,0.46373333333333333,0.3016666666666667,0.3016666666666667,0.6053041728414899,0.28494808,0.47515276,0.7155179,0.81656444,1.004418,0.34869389799605777,0.4870531517714013,0.7273544658670641,0.8463652116678798,1.0717582874142417,0.5455379078947369,0.6024745882352942,0.6942164766525167,0.859518361581921,1.017206277777778
Schonungen,2023-01-19 12:00:00,0.40843333333333326,0.3016666666666667,0.3016666666666667,0.5125575220632603,0.20983881,0.40011427,0.5868205,0.68288344,0.8610568,0.27924415653288237,0.41505326615961413,0.6554939642683899,0.7160717155244462,0.9442183863134869,0.4790112915601022,0.5500148684210526,0.6383179412546515,0.8139320707070706,0.9756264102564105
Schonungen,2023-01-19 13:00:00,0.5039666666666666,0.3016666666666667,0.3016666666666667,0.5378860325139572,0.2132842,0.41507816,0.8306532,0.88912183,1.1185745,0.27924415653288237,0.4244995507320476,0.7898015017370965,0.8766650693127325,1.1115434681345788,0.4858552590194264,0.5715440586745463,0.6585343819723337,0.8576156565656566,1.0180368333333336
Schonungen,2023-01-19 14:00:00,0.7617,0.3016666666666667,0.3016666666666667,0.5828671101825091,0.23734957,0.4196172,0.7554197,0.8145912,1.0095352,0.29380437845301366,0.47265228036294693,0.7445599214434808,0.8544798779650526,1.1039278352538608,0.5242895896907216,0.600394793697206,0.6802611259259259,0.8318357467532467,0.9756264102564105
Schonungen,2023-01-19 15:00:00,0.9207666666666667,0.3016666666666667,0.3016666666666667,0.33251309342809215,0.15294033,0.25686574,0.38680008,0.4691967,0.6014171,0.18217424273643254,0.2716588201782338,0.37844554297621413,0.5331679618497779,0.7028586690395129,0.27375400000000005,0.3277016865079365,0.3815656654151022,0.4348227904040404,0.5060686166007906
Schonungen,2023-01-19 16:00:00,0.6090333333333333,0.3016666666666667,0.3016666666666667,0.261441107962286,0.13972321,0.25686574,0.36312184,0.37774375,0.5903189,0.15778377504012028,0.2716588201782338,0.393068558838387,0.4398444049612884,0.6714246171265094,0.2413340601503759,0.3203114697802198,0.3797220289855072,0.43030131254687665,0.4963067881192881
Schonungen,2023-01-19 17:00:00,0.4739666666666666,0.3016666666666667,0.3016666666666667,0.18691156917495694,0.10287359,0.14464349,0.1860127,0.2755614,0.45392832,0.12829323223454323,0.14017377536727368,0.2937983404119995,0.34842568153520803,0.5349198738232059,0.11649736111111113,0.16183292735042734,0.2936624084249084,0.36715999828942864,0.41990590909090914
Schonungen,2023-01-19 18:00:00,0.2539333333333333,0.3016666666666667,0.3016666666666667,0.09979541124475838,0.054719042,0.12281888,0.14261578,0.17212828,0.27847973,0.075044686195951,0.10017050838186882,0.171996258770783,0.2606851444802818,0.4671809870477215,0.07024461873638345,0.10915462962962963,0.13804969696969696,0.18985164473684207,0.2891535930735932
Schonungen,2023-01-19 19:00:00,0.17473333333333332,0.3016666666666667,0.3016666666666667,0.0011199165351029189,0.021185296,0.0850295,0.13067153,0.15392737,0.23480411,0.052670761598248565,0.0723525905056092,0.13323943509074676,0.21346906476137967,0.4671809870477215,0.05703794871794871,0.07819816323613493,0.1259239766081871,0.14911291666666665,0.18426727272727295
Schonungen,2023-01-19 20:00:00,0.1019,0.3016666666666667,0.3016666666666667,0.0,0.0,0.06431495,0.12393522,0.15490533,0.23617612,0.051903347353113374,0.06281635235747088,0.13323943509074676,0.21346906476137967,0.47294586332618505,0.05703794871794871,0.07583825757575757,0.12529425438596492,0.14764382246376812,0.18426727272727295
Schonungen,2023-01-19 21:00:00,0.036899999999999995,0.3016666666666667,0.3016666666666667,0.0,0.0,0.055095777,0.11524904,0.12120392,0.24727432,0.050057182191939165,0.057328286214204514,0.13323943509074676,0.21346906476137967,0.47294586332618505,0.05703794871794871,0.07583825757575757,0.12529425438596492,0.14764382246376812,0.18426727272727295
Schonungen,2023-01-19 22:00:00,0.0064,0.3016666666666667,0.3016666666666667,0.0,0.0,0.05758919,0.114990704,0.13274935,0.24727432,0.035380048689334594,0.041419068054103336,0.15761158443800727,0.22021567868882402,0.4776003707167891,0.05703794871794871,0.07583825757575757,0.12529425438596492,0.14764382246376812,0.18426727272727295
Schonungen,2023-01-19 23:00:00,0.009,0.3016666666666667,0.3016666666666667,0.0,0.0,0.083046734,0.10522442,0.17794687,0.26075208,0.029636899997976893,0.05805587268898468,0.19400082932127366,0.22514390764529163,0.4841471085859046,0.05667732820512821,0.07819816323613493,0.13259770562770562,0.17443610023918238,0.273467261904762
Schonungen,2023-01-20 00:00:00,0.0047666666666666664,0.009,0.009,0.0,0.087991305,0.09919759,0.16294578,0.17123206,0.18872128,0.034718153441991764,0.0774646471645692,0.10876373838353172,0.20851308308927782,0.490937656474385,0.05190164682539684,0.06276206349206351,0.10122041093032955,0.18536263095238092,0.26386776021080394
Schonungen,2023-01-20 01:00:00,0.0021333333333333334,0.009,0.009,0.0,0.05613285,0.0580235,0.1507398,0.1885651,0.18872128,0.025638958321548177,0.0634812830204497,0.13933106058251066,0.21995374468161252,0.4971778265581523,0.052333968253968265,0.06907467948717949,0.10699303030303031,0.20525546171171172,0.3119089583333334
Schonungen,2023-01-20 02:00:00,0.0,0.009,0.009,0.0,0.06526157,0.06709322,0.15456417,0.18872128,0.22745459,0.022937535188186833,0.05617821350535761,0.1322027097741299,0.20851308308927782,0.4804793231410518,0.052333968253968265,0.08242013888888888,0.13272679516250943,0.21607277881329606,0.3119089583333334
Schonungen,2023-01-20 03:00:00,0.0,0.009,0.009,0.0,0.0624079,0.08356072,0.13908675,0.18872128,0.22533384,0.02315498696336437,0.06832034785684107,0.13768027497051477,0.20851308308927782,0.47775954345006055,0.052333968253968265,0.08242013888888888,0.13272679516250943,0.21607277881329606,0.3119089583333334
Schonungen,2023-01-20 04:00:00,0.0,0.009,0.009,0.0,0.044598326,0.08383818,0.120988175,0.18872128,0.22088824,0.0,0.031184214952618316,0.14357451417166697,0.20851308308927782,0.47775954345006055,0.052333968253968265,0.08242013888888888,0.12604537037037034,0.20525546171171172,0.3074645721583652
Schonungen,2023-01-20 05:00:00,0.0,0.009,0.009,0.0,0.08484249,0.10353986,0.19224454,0.23253554,0.2446553,0.0,0.03120978290606342,0.14357451417166697,0.20851308308927782,0.48075744921247054,0.052333968253968265,0.08242013888888888,0.12604537037037034,0.20525546171171172,0.3074645721583652
Schonungen,2023-01-20 06:00:00,0.0,0.009,0.009,0.0,0.040926885,0.120351344,0.24791825,0.26036474,0.27350712,0.0,0.05348334905505473,0.14357451417166697,0.21559654097664774,0.5152866883741675,0.05497380952380952,0.08665123836891078,0.11928571071071072,0.19062134408602152,0.3037254985754986
Schonungen,2023-01-20 07:00:00,0.0,0.009,0.009,0.0,0.08230003,0.120634906,0.23055035,0.23253554,0.28097507,0.0,0.032127820803517365,0.14357451417166697,0.20736018202688328,0.48075744921247054,0.052333968253968265,0.07524278146742568,0.10699303030303031,0.19062134408602152,0.3037254985754986
Schonungen,2023-01-20 08:00:00,0.018566666666666662,0.009,0.009,0.0,0.08151192,0.10003688,0.22461079,0.23058349,0.2661487,0.0,0.032127820803517365,0.13177375850023948,0.20736018202688328,0.48075744921247054,0.052333968253968265,0.07524278146742568,0.10699303030303031,0.19062134408602152,0.3037254985754986
Schonungen,2023-01-20 09:00:00,0.0582,0.009,0.009,0.0,0.07246675,0.10234183,0.23058349,0.24008463,0.32639912,0.0,0.023848609623462472,0.13177375850023948,0.20736018202688328,0.48075744921247054,0.052333968253968265,0.07524278146742568,0.10699303030303031,0.19062134408602152,0.3037254985754986
Schonungen,2023-01-20 10:00:00,0.04693333333333333,0.009,0.009,0.0,0.06761417,0.083872706,0.16621852,0.18872128,0.32744953,0.0,0.02346045972066615,0.1262961933038546,0.20736018202688328,0.47775954345006055,0.052333968253968265,0.07524278146742568,0.10699303030303031,0.19062134408602152,0.3037254985754986
Schonungen,2023-01-20 11:00:00,0.004633333333333334,0.009,0.009,0.0,0.04525691,0.08933015,0.23858671,0.2524367,0.29561493,0.0,0.02710062378121567,0.09751223758016604,0.22359798599232938,0.48075744921247054,0.052333968253968265,0.06907467948717949,0.09980270655270654,0.1900734418767507,0.3037254985754986
Schonungen,2023-01-20 12:00:00,0.0021333333333333334,0.009,0.009,0.0,0.068799675,0.077529825,0.22781788,0.27076423,0.308871,0.02921233772827376,0.0651775506616212,0.0780345922004506,0.22359798599232938,0.47775954345006055,0.05190164682539684,0.06160517127799736,0.09080706686930093,0.13356272360796168,0.23764490043290062
Schonungen,2023-01-20 13:00:00,0.0003333333333333333,0.009,0.009,0.0,0.019693347,0.063736826,0.16695146,0.23345716,0.24086347,0.043988020686402805,0.0780345922004506,0.08560142186918661,0.22359798599232938,0.48399971353382787,0.04234530303030303,0.05869768907563024,0.09080706686930093,0.13356272360796168,0.23764490043290062
Schonungen,2023-01-20 14:00:00,6.66666666666666e-05,0.009,0.009,0.0,0.07697327,0.08701496,0.19577983,0.22169505,0.24086347,0.047825992104662325,0.08236974276737495,0.10568186111207985,0.22359798599232938,0.48399971353382787,0.0399089696969697,0.057465533625730994,0.08931181623931622,0.14728083333333333,0.22541885057471267
Schonungen,2023-01-20 15:00:00,0.0002666666666666666,0.009,0.009,0.0,0.07231944,0.08372772,0.21191968,0.2297787,0.24086347,0.04151711955128077,0.08236974276737495,0.14440559570580264,0.24466113250562765,0.48399971353382787,0.0399089696969697,0.057465533625730994,0.08931181623931622,0.13356272360796168,0.22541885057471267
Schonungen,2023-01-20 16:00:00,0.009800000000000001,0.009,0.009,0.0,0.07693779,0.087353304,0.19202939,0.22677322,0.24086347,0.04692557029996954,0.08236974276737495,0.12856001633364778,0.23503864758466408,0.48399971353382787,0.0399089696969697,0.057465533625730994,0.08931181623931622,0.14728083333333333,0.22541885057471267
Schonungen,2023-01-20 17:00:00,0.0037,0.009,0.009,0.0,0.07942844,0.08923163,0.20727305,0.2364897,0.24086347,0.03584429864385029,0.04898907988470902,0.12337685598465957,0.22359798599232938,0.47775954345006055,0.0399089696969697,0.057465533625730994,0.09017361111111111,0.14828833333333333,0.22404839080459774
Schonungen,2023-01-20 18:00:00,0.00036666666666666656,0.009,0.009,0.0,0.08117253,0.102195874,0.17522383,0.18872128,0.19147529,0.05126972493215145,0.08236974276737495,0.11748261678350733,0.20851308308927782,0.48399971353382787,0.0399089696969697,0.057465533625730994,0.09072694444444446,0.14828833333333333,0.22541885057471267
Schonungen,2023-01-20 19:00:00,0.0036666666666666666,0.009,0.009,0.0,0.054587547,0.10023947,0.120868556,0.17200866,0.26004127,0.05192329832331884,0.06503178944438694,0.15960844413040515,0.27418186957147356,0.4942312598775073,0.0399089696969697,0.0570765625,0.0921561111111111,0.17446770833333333,0.22541885057471267
Schonungen,2023-01-20 20:00:00,0.0005333333333333334,0.009,0.009,0.0,0.085219696,0.11293836,0.14155951,0.25034314,0.27275467,0.04810584961675087,0.08575102990861942,0.18276065966884344,0.27169058250648354,0.4942312598775073,0.0399089696969697,0.057465533625730994,0.09318555555555555,0.17446770833333333,0.22541885057471267
Schonungen,2023-01-20 21:00:00,0.017233333333333333,0.009,0.009,0.0,0.086105004,0.11293836,0.18246903,0.25034314,0.27275467,0.04810584961675087,0.08575102990861942,0.16986777581035323,0.27169058250648354,0.4942312598775073,0.0399089696969697,0.057465533625730994,0.09318555555555555,0.17446770833333333,0.22541885057471267
Schonungen,2023-01-20 22:00:00,0.065,0.009,0.009,0.0,0.06678312,0.10329785,0.15806328,0.2063024,0.21177249,0.041849143691136945,0.07107678088939164,0.14939641055490724,0.2609798508303549,0.49695103956849856,0.0399089696969697,0.0570765625,0.09080706686930093,0.1403996052631579,0.22541885057471267
Schonungen,2023-01-20 23:00:00,0.052533333333333335,0.009,0.009,0.0,0.08151782,0.0895943,0.16637759,0.2063024,0.25731146,0.04464159407757021,0.08325048128961664,0.15640587797449956,0.2609798508303549,0.5074093729018317,0.04234530303030303,0.05869768907563024,0.09694344348282191,0.18017836700336698,0.2867317482517484
Schonungen,2023-01-21 00:00:00,0.11013333333333333,0.052533333333333335,0.052533333333333335,0.43994808401082053,0.09418994,0.14276347,0.17438813,0.25553858,0.31028196,0.08548172337008676,0.10148968685040774,0.10829739196040644,0.22281955460809919,0.48658070563310035,0.1068716,0.13204942200760902,0.16420602073365226,0.2664049876847291,0.34093818376068374
Schonungen,2023-01-21 01:00:00,0.08896666666666667,0.052533333333333335,0.052533333333333335,0.527062592096582,0.10372661,0.16201685,0.17197874,0.25553858,0.3301528,0.09399131580411411,0.10148968685040774,0.1478675773462148,0.25681636545702236,0.48658070563310035,0.11471247727272725,0.1347907581699346,0.19834542540792535,0.2945342435897436,0.35334647369925687
Schonungen,2023-01-21 02:00:00,0.0549,0.052533333333333335,0.052533333333333335,0.6218090845975356,0.17351931,0.2709597,0.28679228,0.47454026,0.5843359,0.18885071551336696,0.22608969759900915,0.29279855405994254,0.3591548576272636,0.6388057144803108,0.16098727272727273,0.27241564986737404,0.3397746242263483,0.4372376838235295,0.5529074304573318
Schonungen,2023-01-21 03:00:00,0.14063333333333333,0.052533333333333335,0.052533333333333335,0.5891068284857788,0.1457269,0.19910978,0.55705976,0.571948,0.62384427,0.1990681574402044,0.22289325858126857,0.3090572036301413,0.485167476979423,0.7762584468277829,0.15081172222222222,0.2670405397022333,0.3495602020202021,0.4745180729166666,0.5806204523809526
Schonungen,2023-01-21 04:00:00,0.43326666666666663,0.052533333333333335,0.052533333333333335,0.6687709171109185,0.18555896,0.24527079,0.44804475,0.55524546,0.62384427,0.24423749576032194,0.25335031578070677,0.3194501390789794,0.484668255277046,0.7766837701850791,0.15178345454545455,0.27241564986737404,0.3502978703703704,0.474607383362676,0.5806204523809526
Schonungen,2023-01-21 05:00:00,1.0382,0.052533333333333335,0.052533333333333335,0.6130525123666605,0.15106829,0.19866723,0.52690154,0.5505724,0.7485884,0.19737397902271964,0.2328551664875186,0.3090572036301413,0.484668255277046,0.7766837701850791,0.15081172222222222,0.27241564986737404,0.35234751683501686,0.4440928431372549,0.5771468650793651
Schonungen,2023-01-21 06:00:00,1.0413666666666666,0.052533333333333335,0.052533333333333335,0.7043846359673936,0.2030099,0.24796923,0.52868867,0.5597403,0.7588548,0.24423749576032194,0.2633122236869567,0.3194501390789794,0.5058554681860323,0.7766837701850791,0.15178345454545455,0.2747993599791013,0.3533665925925926,0.474607383362676,0.5806204523809526
Schonungen,2023-01-21 07:00:00,0.9996666666666666,0.052533333333333335,0.052533333333333335,0.8806397421291177,0.3280573,0.3708335,0.80060506,0.8776385,1.0700824,0.29496201939458855,0.4093490578203302,0.6191452794638543,0.8697165081068607,1.112881440993994,0.4381904516866781,0.5109922151149018,0.5949818735827666,0.7129133699633701,0.852506851851852
Schonungen,2023-01-21 08:00:00,1.0540666666666667,0.052533333333333335,0.052533333333333335,0.9334982654864212,0.3280573,0.3615575,0.7303533,0.7745159,1.0435052,0.33964497740989275,0.4193109657265803,0.6353218428600524,0.8697165081068607,1.112881440993994,0.4381904516866781,0.5070065873015872,0.596372393608606,0.7373917613636363,0.8720331111111113
Schonungen,2023-01-21 09:00:00,0.9470666666666668,0.052533333333333335,0.052533333333333335,0.9438367401720147,0.33273843,0.3615575,0.7350926,0.7745159,1.0435052,0.33964497740989275,0.4193109657265803,0.6353218428600524,0.8697165081068607,1.112881440993994,0.4381904516866781,0.5070065873015872,0.6169320874861571,0.7424562218468469,0.8720331111111113
Schonungen,2023-01-21 10:00:00,0.8423333333333334,0.052533333333333335,0.052533333333333335,0.9138183521128103,0.33273843,0.3615575,0.76134294,0.8019777,1.0119821,0.33964497740989275,0.4193109657265803,0.6353218428600524,0.8697165081068607,1.1124561176366976,0.49613190775681354,0.565189806547619,0.6548857460317461,0.758842331730769,0.8720331111111113
Schonungen,2023-01-21 11:00:00,1.1642666666666668,0.052533333333333335,0.052533333333333335,0.9735188980772818,0.42861998,0.506245,0.78395385,0.8019777,1.0119821,0.38365943988779283,0.5568604734338765,0.7010834276335989,0.8697165081068607,1.112881440993994,0.5115589755981995,0.5878360371267153,0.7141225480367588,0.8316023307515779,0.9478641151515156
Schonungen,2023-01-21 12:00:00,1.0166333333333333,0.052533333333333335,0.052533333333333335,1.0882309375919577,0.42706978,0.4963167,0.96401364,1.1419808,1.2370043,0.39995211520843865,0.5780559247950132,0.8414169889389318,1.1610898553888354,1.3931838726845998,0.7200688649572651,0.887839235377026,1.1259314814814818,1.2918000431140673,1.4773610859657391
Schonungen,2023-01-21 13:00:00,0.8329,0.052533333333333335,0.052533333333333335,1.0099350334856974,0.42861998,0.5160391,0.6846599,0.8580296,1.0677485,0.38365943988779283,0.5741104629862146,0.7033362351920998,0.8697165081068607,1.112881440993994,0.5221686330483506,0.591522160601529,0.718605643274854,0.837171385706492,0.9776575999999999
Schonungen,2023-01-21 14:00:00,1.1682000000000001,0.052533333333333335,0.052533333333333335,0.7244926704005753,0.27233708,0.3576434,0.7079331,0.83169144,0.8410531,0.35407096446798325,0.4291751522153988,0.6536743835753778,0.8562306661723527,1.089417679618308,0.39575609090909086,0.5109922151149018,0.5994494684385381,0.7354787752525254,0.8537455303030302
Schonungen,2023-01-21 15:00:00,0.8377666666666667,0.052533333333333335,0.052533333333333335,0.6315698811972371,0.28104544,0.34198216,0.7079331,0.7692168,0.82517475,0.2925008402971411,0.4291751522153988,0.5958909553496705,0.8562306661723527,1.0706495455477754,0.37539891495601174,0.4994242467043316,0.58599209344115,0.6792093730407521,0.8081468196745786
Schonungen,2023-01-21 16:00:00,0.6493666666666666,0.052533333333333335,0.052533333333333335,1.0973794558876653,0.43359816,0.49540517,0.90405405,0.970774,1.2477605,0.39995211520843865,0.5741104629862146,0.7739024203269838,1.1610898553888354,1.3619480335987655,0.6855147780054645,0.8389409827760892,1.009920280310706,1.2918000431140673,1.4438540880106514
Schonungen,2023-01-21 17:00:00,0.3554333333333333,0.052533333333333335,0.052533333333333335,0.8637451034669417,0.31445727,0.31678137,0.5566222,0.79601085,0.88798195,0.2660601049095356,0.333160359376575,0.5493410747866625,0.6869322704244936,1.0199128609326338,0.3505685333333333,0.4985931612318841,0.592894119981326,0.7299913403263404,0.8509211700336701
Schonungen,2023-01-21 18:00:00,0.2578333333333333,0.052533333333333335,0.052533333333333335,0.7287123682829275,0.22118725,0.26548883,0.34864175,0.68042505,0.73685926,0.24423749576032194,0.28056221323929487,0.3218279466374802,0.49448556811333017,0.8379175152080527,0.15178345454545455,0.28958138916583587,0.37674458184599685,0.4992276348039216,0.6042775970695972
Schonungen,2023-01-21 19:00:00,0.2632,0.052533333333333335,0.052533333333333335,0.5439161722862305,0.22495297,0.23310675,0.4873855,0.70219564,0.7101023,0.2635989258120881,0.3185319489253145,0.4857018920204214,0.6276554448166962,0.9489849468630969,0.3153830293501048,0.37038641789684706,0.44078060931899643,0.5751474097769029,0.6766636112852663
Schonungen,2023-01-21 20:00:00,0.5538666666666667,0.052533333333333335,0.052533333333333335,0.7108476345987178,0.27834702,0.34118113,0.7237143,0.8697206,0.9111003,0.32619125349725864,0.4291751522153988,0.6202761169534725,0.8756673111831275,1.089417679618308,0.39575609090909086,0.5059504649595687,0.592894119981326,0.7229348577235772,0.847013611967129
Schonungen,2023-01-21 21:00:00,1.0630666666666666,0.052533333333333335,0.052533333333333335,1.0246461758738585,0.43089974,0.4995403,0.735076,0.88306236,1.1193631,0.38365943988779283,0.5741104629862146,0.7074405342959018,0.894682015749364,1.1255819838515055,0.5221686330483506,0.5878360371267153,0.718605643274854,0.8561240530303028,0.9958454545454547
Schonungen,2023-01-21 22:00:00,1.6925999999999999,0.052533333333333335,0.052533333333333335,1.0259322774425306,0.5101438,0.5214422,0.7441117,0.88306236,1.1220994,0.38365943988779283,0.5741104629862146,0.7074405342959018,0.894682015749364,1.128966013742558,0.5221686330483506,0.5929997584033614,0.7281536898061288,0.8681534420289854,0.9958454545454547
Schonungen,2023-01-21 23:00:00,1.8026,0.052533333333333335,0.052533333333333335,0.9358500345154885,0.39744285,0.42556068,0.75278413,0.85004604,1.1220994,0.3327729036897269,0.4365609552789184,0.6215047536890219,0.894682015749364,1.128966013742558,0.49613190775681354,0.5682125214041096,0.6548857460317461,0.7697326286764706,0.8929577142857145
Schonungen,2023-01-22 00:00:00,1.4749666666666668,1.8026,1.8026,0.6167915003177284,0.26252934,0.40814647,0.7200936,0.8135794,1.2819453,0.2584896677190141,0.3449440428039564,0.6090663015248843,0.8341628768766576,1.3726550462906464,0.3166680496453901,0.4076158068783068,0.5947776281987122,0.7000465204678363,0.9483951666666666
Schonungen,2023-01-22 01:00:00,0.9053333333333333,1.8026,1.8026,0.5219617751179049,0.22379932,0.31549263,0.70283484,0.7769486,1.3314066,0.23131987709656632,0.26026821330470107,0.49961108279046296,0.7593134996609774,1.38321419964806,0.1922789166666667,0.34772902236652237,0.47236289459604064,0.6783438979223126,0.803119657210402
Schonungen,2023-01-22 02:00:00,0.5791666666666666,1.8026,1.8026,0.511390453089235,0.21299617,0.2819796,0.6696453,0.7769486,1.0063806,0.23131987709656632,0.26026821330470107,0.49961108279046296,0.7593134996609774,1.0718922068993872,0.1922789166666667,0.3354302525252524,0.4692271803103264,0.6783438979223126,0.803119657210402
Schonungen,2023-01-22 03:00:00,0.7084666666666667,1.8026,1.8026,0.5411756614826622,0.22041401,0.3244165,0.558448,0.5693412,0.93810445,0.24546299929257154,0.3038250854411656,0.5444624065914814,0.68113032152998,1.0029611567471435,0.19658075980392156,0.34772902236652237,0.43957456828885394,0.6000987082362081,0.7187808146341463
Schonungen,2023-01-22 04:00:00,0.5113333333333333,1.8026,1.8026,0.36811310411135034,0.16496207,0.2097853,0.34538385,0.4711936,0.73413396,0.1809529468101883,0.2383842687843919,0.3749589731594092,0.5643764833254019,0.7630036002185511,0.17698927272727275,0.28942564484126987,0.36970186237373737,0.47680130300876566,0.5756224643962848
Schonungen,2023-01-22 05:00:00,0.3536,1.8026,1.8026,0.24412918821959873,0.1210947,0.1570605,0.24755536,0.2906801,0.5566376,0.11169778372349909,0.14540191302052144,0.2689550708374628,0.3970391322551337,0.569838135299786,0.12128528282828284,0.1712020202020202,0.28343680555555556,0.3628881696428572,0.4769278731343284
Schonungen,2023-01-22 06:00:00,0.17836666666666667,1.8026,1.8026,0.08875212417993372,0.034169517,0.05795714,0.08097247,0.08240833,0.2659381,0.05577457185927982,0.07354039204277027,0.1289895717312356,0.18180173826956056,0.47613653315008025,0.06987161403508772,0.09876838235294118,0.13031632059800663,0.16145626161278331,0.22294416256157643
Schonungen,2023-01-22 07:00:00,0.14366666666666666,1.8026,1.8026,0.07304966574276195,0.034425415,0.051619094,0.06311833,0.07889299,0.25536078,0.05577457185927982,0.07354039204277027,0.12248046432713548,0.1522758997063518,0.47613653315008025,0.06987161403508772,0.09876838235294118,0.13031632059800663,0.16145626161278331,0.22294416256157643
Schonungen,2023-01-22 08:00:00,0.22023333333333328,1.8026,1.8026,0.15818183144950526,0.059163425,0.0878712,0.09818833,0.1255206,0.2932158,0.07477727328783852,0.07981284664063598,0.17886729495421805,0.22495889772330804,0.49565465170766326,0.07308400000000001,0.1012140952872377,0.13031632059800663,0.17407485980537687,0.2691121250000001
Schonungen,2023-01-22 09:00:00,0.2532333333333333,1.8026,1.8026,0.07116978627354864,0.034019224,0.037969567,0.04383999,0.08176866,0.24890147,0.05577457185927982,0.07354039204277027,0.12248046432713548,0.1774677851778017,0.47613653315008025,0.06713322239422084,0.09691805555555556,0.12983514891880865,0.15192259793052473,0.2176077239057239
Schonungen,2023-01-22 10:00:00,0.19593333333333332,1.8026,1.8026,0.13342678547600384,0.032106586,0.032513734,0.033713352,0.087776996,0.31033212,0.056628278849455385,0.07354039204277027,0.12025728075342733,0.21012646741845317,0.47613653315008025,0.07308400000000001,0.1012140952872377,0.13131845238095236,0.16597302651865556,0.22958810291858678
Schonungen,2023-01-22 11:00:00,0.18973333333333328,1.8026,1.8026,0.11207730433390772,0.013705086,0.025562378,0.032513734,0.033713352,0.31033212,0.05577457185927982,0.07354039204277027,0.11621503840038798,0.18180173826956056,0.47613653315008025,0.06987161403508772,0.09826628787878788,0.1277979553403282,0.14730198055028465,0.2176077239057239
Schonungen,2023-01-22 12:00:00,0.1362,1.8026,1.8026,0.0,0.0025529962,0.0147464145,0.038215097,0.042249653,0.31326547,0.012938003984822762,0.023075233332179475,0.047107552410105856,0.17086443030181775,0.47613653315008025,0.017919100743745774,0.030820370370370373,0.05261428571428571,0.11877489935587761,0.1457440483870968
Schonungen,2023-01-22 13:00:00,0.09263333333333335,1.8026,1.8026,0.05680187593635999,0.02587133,0.029004518,0.035769723,0.041148376,0.3062151,0.03641315954296215,0.06752730287939451,0.10684964336403387,0.17327204232555513,0.47613653315008025,0.04001095934959349,0.08835067016317016,0.1210961111111111,0.13958820804195807,0.17160903073286063
Schonungen,2023-01-22 14:00:00,0.11863333333333334,1.8026,1.8026,0.14605973033847364,0.0023204777,0.02911081,0.033713352,0.13722397,0.31033212,0.05577457185927982,0.07256785481673325,0.12368757457423178,0.18180173826956056,0.47613653315008025,0.06987161403508772,0.09826628787878788,0.12128095959595961,0.13851354978354977,0.16509500770891153
Schonungen,2023-01-22 15:00:00,0.1436,1.8026,1.8026,0.10237270043295388,0.011808857,0.025545316,0.07266291,0.15993659,0.31033212,0.05577457185927982,0.07256785481673325,0.11717846717013164,0.1774677851778017,0.47613653315008025,0.06713322239422084,0.09691805555555556,0.11980736231884057,0.1366535606060606,0.14996632113821137
Schonungen,2023-01-22 16:00:00,0.16626666666666667,1.8026,1.8026,0.1416989809581679,0.025683228,0.0637995,0.14064658,0.35988924,0.50470227,0.05577457185927982,0.07256785481673325,0.1902865726256517,0.28770298953644374,0.6507459945329735,0.06987161403508772,0.09826628787878788,0.11980736231884057,0.1366535606060606,0.14996632113821137
Schonungen,2023-01-22 17:00:00,0.19433333333333327,1.8026,1.8026,0.23827674026094703,0.05044599,0.060153704,0.10859066,0.30368617,0.4314498,0.07981284664063598,0.08814586415739102,0.2120144770014885,0.29866246721588696,0.49565465170766326,0.08750023076923077,0.1062957390648567,0.13031632059800663,0.16597302651865556,0.2349804615384616
Schonungen,2023-01-22 18:00:00,0.12353333333333331,1.8026,1.8026,0.33282013159591206,0.15290897,0.17375009,0.23905843,0.44041747,0.7024681,0.17217583146790486,0.2383842687843919,0.31747661027430507,0.43036944255336723,0.7267068473876915,0.16424685606060607,0.28153910984848485,0.35710070233585856,0.44700872549019594,0.5578515726703055
Schonungen,2023-01-22 19:00:00,0.15643333333333334,1.8026,1.8026,0.3028413205555234,0.14539018,0.17568877,0.20168322,0.37585074,0.61072665,0.17217583146790486,0.2383842687843919,0.2987544951080171,0.3970391322551337,0.6288078904813118,0.15666203463203462,0.2634872961956522,0.3426801914580264,0.4351729627678258,0.520522218007981
Schonungen,2023-01-22 20:00:00,0.26676666666666665,1.8026,1.8026,0.2023045264254495,0.055158444,0.09398751,0.10859066,0.2648955,0.434896,0.07197480759614258,0.08814586415739102,0.17884386085261167,0.26683076479439316,0.49565465170766326,0.08841208624708626,0.10925641025641025,0.1334598484848485,0.1782435908084164,0.2349804615384616
Schonungen,2023-01-22 21:00:00,0.22783333333333328,1.8026,1.8026,0.25987625571302364,0.09765834,0.11373922,0.29327005,0.3796891,0.54424965,0.11169778372349909,0.133675072398879,0.2676953160334982,0.3970391322551337,0.5583458137049332,0.11889289215686273,0.1517815476190476,0.23578230769230774,0.39382136150234737,0.49391462242380835
Schonungen,2023-01-22 22:00:00,0.3542666666666667,1.8026,1.8026,0.24602574921436338,0.09801688,0.11373922,0.12536474,0.18535794,0.31917876,0.09627613340855087,0.09659289480060369,0.1919309607869179,0.29074182871333365,0.5071476732801768,0.08841208624708626,0.1126273725490196,0.1362523737373737,0.1906810714285714,0.24177282051282095
Schonungen,2023-01-22 23:00:00,0.4399333333333333,1.8026,1.8026,0.22444002166039834,0.05822046,0.07868986,0.11533844,0.17989665,0.379485,0.06808600601899353,0.09659289480060369,0.17884386085261167,0.28288524704064055,0.5051026732801768,0.08841208624708626,0.1126273725490196,0.1371121212121212,0.207529,0.24989901960784347
Schonungen,2023-01-23 00:00:00,0.5185,0.4399333333333333,0.4399333333333333,0.41954627258459753,0.032681126,0.16900118,0.24165012,0.3533566,0.37791294,0.11919556494535744,0.144675054392353,0.2375279556973907,0.37682018496887393,0.43644485394106775,0.10161279166666666,0.129041307814992,0.19670393939393943,0.24175530303030301,0.2997167948717949
Schonungen,2023-01-23 01:00:00,0.5571666666666666,0.4399333333333333,0.4399333333333333,0.4636850899891275,0.09903483,0.26528773,0.30209672,0.3415865,0.40952048,0.15816910287667205,0.22306402398088893,0.3326324133347432,0.45105771368705483,0.5208748151533109,0.22868050705467377,0.28492555260831126,0.3562319019019019,0.44636464743589743,0.5191261645021644
Schonungen,2023-01-23 02:00:00,0.5577333333333333,0.4399333333333333,0.4399333333333333,0.563233975047597,0.10975619,0.26122546,0.3494646,0.4798135,0.5773466,0.1899871540684072,0.24955082231886447,0.411079867158678,0.6281848299643547,0.7396483798721806,0.2759114424860853,0.3234947010869565,0.39553133532338314,0.46905290658602156,0.5569422522522524
Schonungen,2023-01-23 03:00:00,0.4854333333333333,0.4399333333333333,0.4399333333333333,0.6159659435094242,0.17371593,0.29720747,0.3494646,0.5217886,0.55358475,0.23160284606013873,0.2734081104609026,0.4105320711406342,0.6237037921741111,0.7645815825292942,0.2803839489489489,0.33055761062661493,0.41062198358151963,0.5073253296803653,0.5951079469696972
Schonungen,2023-01-23 04:00:00,0.3904666666666666,0.4399333333333333,0.4399333333333333,0.7622026041906869,0.18766047,0.3635442,0.6504202,0.72263885,0.7703118,0.2464433316820476,0.34557342383803463,0.6050984893528584,0.764903314559003,0.9702638204417076,0.4062475510509547,0.5275261255411255,0.6216183573961498,0.7945692857142856,0.9432353333333334
Schonungen,2023-01-23 05:00:00,0.43606666666666666,0.4399333333333333,0.4399333333333333,0.8183983086541975,0.24557152,0.5147506,0.7180009,0.99170274,0.99457073,0.2629802798662808,0.4713321451312406,0.7074201601714689,1.0359008836992467,1.1733403346305684,0.5395923095025026,0.6178876650432898,0.7315145622351505,0.8632934640522874,1.081210128968254
Schonungen,2023-01-23 06:00:00,0.2519,0.4399333333333333,0.4399333333333333,0.8234940638361634,0.25039107,0.5107771,0.76719636,0.9958807,1.0277826,0.30494294020089985,0.4963251485480636,0.7147365916655486,1.0359008836992467,1.2210570265498375,0.5509063634300804,0.634844149612092,0.7404874794900922,0.8799943055555556,1.0857914348370927
Schonungen,2023-01-23 07:00:00,0.3989333333333333,0.4399333333333333,0.4399333333333333,0.8570952766214175,0.24557152,0.50511795,0.70935905,0.9452761,1.0233818,0.30494294020089985,0.4963251485480636,0.7147365916655486,1.0359008836992467,1.2212697408307676,0.5509063634300804,0.634844149612092,0.7404874794900922,0.8741194444444443,1.0542677083333336
Schonungen,2023-01-23 08:00:00,0.492,0.4399333333333333,0.4399333333333333,0.660526638589882,0.1741363,0.30511203,0.48748064,0.64662766,0.6723943,0.23896125197793752,0.28815447800470123,0.5425191385774839,0.764903314559003,0.9470046205528501,0.3709831524103972,0.41695823863636355,0.5462008148193991,0.6923037760416666,0.869873763888889
Schonungen,2023-01-23 09:00:00,0.2596,0.4399333333333333,0.4399333333333333,0.6905671053319009,0.19116023,0.33430934,0.6266894,0.7312192,0.7998145,0.23896125197793752,0.32478580643834515,0.5619570848424627,0.7701954982608088,0.9470046205528501,0.37289017316017314,0.46602873263888894,0.5916639082264081,0.7423602293513434,0.9432353333333334
Schonungen,2023-01-23 10:00:00,0.35669999999999996,0.4399333333333333,0.4399333333333333,0.6294582521032395,0.1733,0.27086708,0.37061578,0.56399775,0.7196655,0.23160284606013873,0.2837513530756883,0.42712451781458544,0.6289959758759169,0.8798695195980302,0.2981710343757756,0.37136863414634147,0.4262938933873144,0.5558361413043478,0.659344918699187
Schonungen,2023-01-23 11:00:00,0.4741,0.4399333333333333,0.4399333333333333,0.6384052816270476,0.16991863,0.29650226,0.35217065,0.5268864,0.62276244,0.23160284606013873,0.27457218676932105,0.40801610396140314,0.6289959758759169,0.7626014987741743,0.2986724073647871,0.36850613156852763,0.42026769656625435,0.5243338675213675,0.6317984972601468
Schonungen,2023-01-23 12:00:00,0.5293666666666667,0.4399333333333333,0.4399333333333333,0.7963801684460505,0.18444416,0.3444379,0.64504516,0.7247954,0.9285767,0.2464433316820476,0.34558247310501183,0.6025825221736272,0.7701954982608088,0.9682837366865876,0.4062475510509547,0.5311777777777777,0.6280229645390071,0.7863432236842105,0.9723679166666669
Schonungen,2023-01-23 13:00:00,0.7747666666666666,0.4399333333333333,0.4399333333333333,0.8637179094316882,0.3041372,0.47032267,0.7137516,0.9649997,1.1477023,0.30494294020089985,0.4963341978150408,0.7074201601714689,1.0383951022809026,1.2212697408307676,0.5860965882294166,0.6829269696969696,0.779534513084513,0.9251346861471862,1.118091916666667
Schonungen,2023-01-23 14:00:00,1.5304333333333333,0.4399333333333333,0.4399333333333333,1.067160920445594,0.3441662,0.5445628,0.8481168,1.2028017,1.3878995,0.386882971612197,0.5842313579913817,0.9351258534069801,1.2792463472403588,1.485613649872304,0.7337771708683474,0.8265328303152247,0.9372728156469491,1.1056144752220667,1.2795988961851155
Schonungen,2023-01-23 15:00:00,1.7261,0.4399333333333333,0.4399333333333333,0.9610294098894172,0.35506108,0.5496869,0.7046129,0.98403764,1.2481102,0.35895909039486806,0.5620088246561202,0.7684083533271651,1.0501487499176965,1.2904581217131,0.6173456338383839,0.7212172739892417,0.802604759485095,0.9251346861471862,1.1269564880952383
Schonungen,2023-01-23 16:00:00,0.6029666666666667,0.4399333333333333,0.4399333333333333,0.9781379513692872,0.36113217,0.5364883,0.7270272,0.97166723,1.2394924,0.35895909039486806,0.5620088246561202,0.7684083533271651,1.0688223303024809,1.2904581217131,0.6173456338383839,0.7212172739892417,0.802604759485095,0.9246334588744588,1.118091916666667
Schonungen,2023-01-23 17:00:00,0.4447,0.4399333333333333,0.4399333333333333,0.998335274131297,0.3523239,0.52096033,0.7011024,0.9637879,1.2256114,0.35895909039486806,0.5620088246561202,0.7684083533271651,1.0688223303024809,1.2904581217131,0.6382319741232552,0.7246049410029498,0.8048958964646465,0.9290081034889202,1.1404841388888889
Schonungen,2023-01-23 18:00:00,0.6830666666666667,0.4399333333333333,0.4399333333333333,1.0307122591966476,0.3523239,0.54448515,0.69769615,1.143715,1.2446471,0.37149329108990287,0.5842313579913817,0.7684083533271651,1.2425941515218704,1.3880034180946397,0.6384170303030303,0.7364528615762853,0.8659066045066046,1.079395134920635,1.2197334841628962
Schonungen,2023-01-23 19:00:00,1.5928666666666667,0.4399333333333333,0.4399333333333333,1.059043217923406,0.3493263,0.5912349,0.7890977,1.2337838,1.3741945,0.386882971612197,0.5842313579913817,0.9326098862277489,1.27637415152187,1.4894692631969009,0.728872979617379,0.8347226086956522,0.9729139682539683,1.1417323152772443,1.3442507224958948
Schonungen,2023-01-23 20:00:00,1.4616333333333333,0.4399333333333333,0.4399333333333333,1.0974117612829661,0.3498943,0.6700049,0.86692154,1.4625125,1.4725418,0.40452668405370257,0.6410988724699468,1.054985780363066,1.45347129316792,1.6009097532741774,0.7783225210084033,0.8903250785818714,1.0297187037037037,1.1983019638242896,1.367495294396961
Schonungen,2023-01-23 21:00:00,1.4053333333333333,0.4399333333333333,0.4399333333333333,0.9634659130690151,0.35734227,0.5693679,0.71545815,1.0379292,1.2376648,0.35895909039486806,0.5620088246561202,0.7658923861479339,1.0688223303024809,1.2943137350376968,0.6382319741232552,0.7246049410029498,0.8087027777777778,0.945404292929293,1.166791794871795
Schonungen,2023-01-23 22:00:00,1.1653,0.4399333333333333,0.4399333333333333,0.8818459986795197,0.25397912,0.474428,0.69286096,1.0641544,1.1275371,0.30494294020089985,0.49208539295326575,0.7147365916655486,1.0428761400711462,1.2232498245858874,0.5682550649350651,0.6480943154298564,0.7820789575289576,1.0597102182539682,1.2734994545454545
Schonungen,2023-01-23 23:00:00,0.9151333333333332,0.4399333333333333,0.4399333333333333,0.876468070165838,0.25564608,0.4760788,0.70739794,1.0641544,1.1357075,0.3059013613263373,0.4986167397899914,0.7147365916655486,1.0428761400711462,1.2232498245858874,0.5682550649350651,0.6480943154298564,0.7820789575289576,1.0510931944444444,1.253786223776224
Schonungen,2023-01-24 00:00:00,0.6668,0.9151333333333332,0.9151333333333332,0.7601286586346959,0.32423124,0.5183762,0.7162132,1.0515656,1.2203884,0.33052958669024146,0.4646896502897763,0.7189770511946864,1.0030697593362121,1.2003314026052379,0.5691977440464988,0.6517685165229884,0.7546647916666667,0.9154413012048193,1.0906872307692306
Schonungen,2023-01-24 01:00:00,0.45163333333333333,0.9151333333333332,0.9151333333333332,0.7761914320574842,0.31318972,0.5183762,0.7162132,1.0515656,1.2203884,0.33052958669024146,0.46277917864073165,0.7189770511946864,1.0030697593362121,1.2003314026052379,0.556884860374393,0.6530267708333335,0.7645564583333333,0.9154413012048193,1.0678653862433864
Schonungen,2023-01-24 02:00:00,0.5352666666666667,0.9151333333333332,0.9151333333333332,0.9092640700311448,0.3978554,0.661446,0.76495343,1.2138159,1.3422616,0.4021025655295879,0.6249148776689177,0.7504135748701489,1.1406120326557352,1.3917368569322774,0.6774276543323513,0.7435581143162394,0.862403774928775,1.0878867178881007,1.238166875
Schonungen,2023-01-24 03:00:00,0.6929,0.9151333333333332,0.9151333333333332,0.7837281724045814,0.29471695,0.4723609,0.6978892,0.97243077,1.2181023,0.32909434985469066,0.46277917864073165,0.7189770511946864,0.9936224592472852,1.2003314026052379,0.5254842424242424,0.5931400129282483,0.7356591706067769,0.8531933333333332,1.0185010606060607
Schonungen,2023-01-24 04:00:00,0.549,0.9151333333333332,0.9151333333333332,0.7077663676075477,0.29287392,0.46567756,0.6903007,0.97650105,1.2181023,0.32909434985469066,0.46277917864073165,0.7151533891986316,0.9936224592472852,1.2003314026052379,0.5037046451860376,0.5754398790001987,0.6924997785921515,0.8055332732447817,0.9444450211176088
Schonungen,2023-01-24 05:00:00,0.5235,0.9151333333333332,0.9151333333333332,0.6810132388414668,0.2840343,0.4670874,0.6978892,0.8721595,1.0723875,0.3034591191855316,0.45229905881852644,0.7123217588223655,0.8846754835472984,1.0784825549210075,0.4379942156862746,0.5456419225563593,0.6560201608187135,0.7891975589225589,0.8982397950626034
Schonungen,2023-01-24 06:00:00,0.4417,0.9151333333333332,0.9151333333333332,0.6977359865620364,0.2841471,0.51114655,0.7165896,0.97698766,1.0723875,0.3034591191855316,0.45229905881852644,0.715994701978189,0.9871887015550437,1.2003314026052379,0.5011484288537549,0.5755083867521368,0.711882390600816,0.8366711986863711,0.9841558791208792
Schonungen,2023-01-24 07:00:00,0.48173333333333335,0.9151333333333332,0.9151333333333332,0.6996518784941471,0.29471695,0.51114655,0.692019,0.952312,1.0600193,0.3034591191855316,0.45229905881852644,0.7134758366993269,0.9871887015550437,1.1987674259862602,0.5011484288537549,0.5755083867521368,0.711882390600816,0.8366711986863711,0.9841558791208792
Schonungen,2023-01-24 08:00:00,0.5997666666666667,0.9151333333333332,0.9151333333333332,0.6691049372159715,0.25734895,0.43931252,0.6347397,0.84607154,1.0600193,0.3034591191855316,0.40513771022088646,0.6950329559134548,0.8846754835472984,1.0769185783020299,0.36054184313725485,0.48241012050653587,0.5821324774672423,0.7365211045834656,0.8346590476190477
Schonungen,2023-01-24 09:00:00,0.40736666666666665,0.9151333333333332,0.9151333333333332,0.5765080428384536,0.19122763,0.3050707,0.45467693,0.7071396,0.86699295,0.23523894206082724,0.2873138982526721,0.5121698397481352,0.672407973498098,0.8868795539043038,0.3073987379896526,0.3710325175052922,0.45859960317460335,0.546173596899225,0.5956121808176099
Schonungen,2023-01-24 10:00:00,0.30796666666666667,0.9151333333333332,0.9151333333333332,0.533658864248449,0.20316903,0.33685106,0.35916966,0.6074585,0.8101854,0.23613266476725436,0.2873138982526721,0.4283900974655751,0.5540829117216394,0.8003586288039066,0.3034230844155844,0.36073568304343395,0.4480033069359681,0.5322759259259259,0.5956121808176099
Schonungen,2023-01-24 11:00:00,0.338,0.9151333333333332,0.9151333333333332,0.49288017980925614,0.15141311,0.19039166,0.35472256,0.54285264,0.77607524,0.19811735815178003,0.2640189866365003,0.41638671460607857,0.5540829117216394,0.7325608329787201,0.2852403133468835,0.3302361925383078,0.4159316666666667,0.4740060399681847,0.5474194039215687
Schonungen,2023-01-24 12:00:00,0.26663333333333333,0.9151333333333332,0.9151333333333332,0.34605768838250917,0.13050392,0.18134908,0.23172975,0.33441213,0.47459388,0.15289620359186953,0.23970344703334487,0.2701211588105997,0.36085593747955713,0.46978044687024884,0.15622270308123248,0.22149330305147913,0.3121039523809524,0.4075114548572487,0.4618242222222223
Schonungen,2023-01-24 13:00:00,0.2745,0.9151333333333332,0.9151333333333332,0.3285991939623236,0.06283004,0.14845863,0.2245515,0.31644082,0.37514243,0.104216821774116,0.16120552564416418,0.2329675030955372,0.31610715613399054,0.41607716399680733,0.10595219770114941,0.1352015040106952,0.16281400462962964,0.2503853968253968,0.3385387186147186
Schonungen,2023-01-24 14:00:00,0.20216666666666663,0.9151333333333332,0.9151333333333332,0.3219458277072983,0.058820583,0.16515703,0.21978316,0.27437058,0.3157541,0.104216821774116,0.16120552564416418,0.22398812651947847,0.30166115200735,0.3856219771317823,0.10062791666666666,0.1313329831932773,0.15706352287581699,0.22196785714285716,0.30024555555555554
Schonungen,2023-01-24 15:00:00,0.1807333333333333,0.9151333333333332,0.9151333333333332,0.4462819825582476,0.1197918,0.20028396,0.3224143,0.4718088,0.6484643,0.1572930959019109,0.25724280144425743,0.35332148107653016,0.46315136863687967,0.6674685730303065,0.22990853658536586,0.303313961038961,0.3686097403245942,0.4498714684684683,0.524575236980038
Schonungen,2023-01-24 16:00:00,0.21196666666666666,0.9151333333333332,0.9151333333333332,0.46009095644387044,0.13108121,0.18645787,0.31444252,0.4718088,0.64351577,0.1653847091156949,0.25724280144425743,0.35332148107653016,0.4607948891323157,0.6674685730303065,0.2250503492923818,0.2989820370370371,0.36774135185185186,0.44513235628618686,0.5230740437158469
Schonungen,2023-01-24 17:00:00,0.13453333333333334,0.9151333333333332,0.9151333333333332,0.4882272265759484,0.12670445,0.1684941,0.3488191,0.54599714,0.70103174,0.1872866795939229,0.265929458285545,0.40389374117705423,0.5517264322170753,0.6820495402726867,0.24133115267947422,0.3212537208624707,0.3886193993506493,0.46379671717171717,0.5459461829457366
Schonungen,2023-01-24 18:00:00,0.2477333333333333,0.9151333333333332,0.9151333333333332,0.486187745709568,0.12670445,0.1684941,0.37064776,0.5483541,0.7133998,0.1872866795939229,0.265929458285545,0.4064126064559163,0.5517264322170753,0.6836135168916644,0.24133115267947422,0.3212537208624707,0.3886193993506493,0.46379671717171717,0.5459461829457366
Schonungen,2023-01-24 19:00:00,0.1621,0.9151333333333332,0.9151333333333332,0.40241252159310203,0.11048704,0.1684941,0.31459585,0.4581092,0.59981734,0.1513416977643792,0.25724280144425743,0.335934168186617,0.43373983434568275,0.6095310729120018,0.2032827668845316,0.28592328017510943,0.3599285194250925,0.4289417156862744,0.5091295238095239
Schonungen,2023-01-24 20:00:00,0.17816666666666667,0.9151333333333332,0.9151333333333332,0.4047675126757132,0.1148638,0.18645787,0.31459585,0.4581092,0.5971941,0.1488148927663621,0.25724280144425743,0.346401028905223,0.4401735920379242,0.6095310729120018,0.20708277777777775,0.2870646102343376,0.3599285194250925,0.4289417156862744,0.5091295238095239
Schonungen,2023-01-24 21:00:00,0.1303666666666667,0.9151333333333332,0.9151333333333332,0.3679985798439336,0.1197918,0.18216747,0.32868022,0.41748,0.5190497,0.1488148927663621,0.24242987183339437,0.326912584338292,0.42927279946573443,0.5405800073424241,0.20705407407407406,0.28270738866396755,0.3392480555555556,0.41819802377003856,0.4676865443912815
Schonungen,2023-01-24 22:00:00,0.06163333333333333,0.9151333333333332,0.9151333333333332,0.3110394773092565,0.058173124,0.13848922,0.24623236,0.31291693,0.35663533,0.10169001677609889,0.16120552564416418,0.22566567901878307,0.301332855361045,0.3856219771317823,0.1056186717752235,0.13719273041474656,0.1839250992063492,0.2617397222222222,0.307725420875421
Schonungen,2023-01-24 23:00:00,0.04296666666666667,0.9151333333333332,0.9151333333333332,0.27792365362796667,0.057542965,0.12143863,0.18136118,0.2610888,0.2700353,0.10169001677609889,0.13820309395093489,0.17075065350483912,0.26388169025385405,0.3785158012316223,0.08593535256410256,0.1291071946169772,0.17312361111111108,0.2543824675324675,0.3007913333333334
Schonungen,2023-01-25 00:00:00,0.05486666666666667,0.04296666666666667,0.04296666666666667,0.20538225470751525,0.020628648,0.08939689,0.22950172,0.2351689,0.33412904,0.07015730568628926,0.09556784402117262,0.15857016710901137,0.24896089681004976,0.45459020321832777,0.12917805555555553,0.1413118827160494,0.16029330345710624,0.20482282475490193,0.23504748575498577
Schonungen,2023-01-25 01:00:00,0.055766666666666666,0.04296666666666667,0.04296666666666667,0.16470691233065238,0.008447806,0.068922825,0.17990124,0.24018365,0.33412904,0.038081797905906406,0.08093217402745619,0.11877928938850917,0.21119405335683544,0.45459020321832777,0.08265950757575759,0.13119743404118403,0.1560178989139515,0.20482282475490193,0.2308673801169591
Schonungen,2023-01-25 02:00:00,0.06976666666666667,0.04296666666666667,0.04296666666666667,0.18179696009735158,0.0048510223,0.08723242,0.1946827,0.25233725,0.3089324,0.07015730568628926,0.09556784402117262,0.16283759290571828,0.22010113720268476,0.45459020321832777,0.13127573037323037,0.14665527274342569,0.1782183083717358,0.22075231481481478,0.25340964133738597
Schonungen,2023-01-25 03:00:00,0.07973333333333334,0.04296666666666667,0.04296666666666667,0.19160713777000482,0.034983914,0.04437632,0.2006894,0.24867612,0.31398156,0.07208713754540098,0.09996696955540928,0.16283759290571828,0.2120625126695481,0.45459020321832777,0.1349939633173844,0.1481445932539682,0.18274257215619694,0.22075231481481478,0.24653638095238103
Schonungen,2023-01-25 04:00:00,0.08943333333333334,0.04296666666666667,0.04296666666666667,0.08587911065389736,0.010262004,0.080151334,0.16357177,0.19027194,0.3089324,0.03879136449902475,0.07820946495082738,0.12408218467139309,0.20578542882369877,0.45459020321832777,0.056732037037037046,0.11104041666666667,0.14772787698412693,0.2035023958333333,0.22903840310077517
Schonungen,2023-01-25 05:00:00,0.04446666666666667,0.04296666666666667,0.04296666666666667,0.0,0.03826483,0.09134997,0.12832516,0.14936438,0.26985618,0.021646303774399533,0.06203806827555611,0.10123581311144168,0.20578542882369877,0.448457657116943,0.011658266666666665,0.03471134259259259,0.12831736111111108,0.1716969551282051,0.22136492907801417
Schonungen,2023-01-25 06:00:00,0.015966666666666667,0.04296666666666667,0.04296666666666667,0.0,0.04509157,0.08510836,0.1199085,0.13396564,0.26985618,0.018862710688214056,0.054171148921416966,0.10128960030307176,0.2100821589530794,0.448457657116943,0.007166862745098038,0.023510166666666665,0.09074652777777778,0.169243543144208,0.21806775308641976
Schonungen,2023-01-25 07:00:00,0.011333333333333334,0.04296666666666667,0.04296666666666667,0.0,0.025104646,0.091396526,0.11809011,0.14726517,0.26985618,0.020467407282883026,0.05483534721056127,0.10128960030307176,0.20038385472675385,0.448457657116943,0.009497236842105261,0.02798857142857143,0.11340833333333332,0.17020979609929077,0.22065944444444444
Schonungen,2023-01-25 08:00:00,0.0067,0.04296666666666667,0.04296666666666667,0.0,0.0,0.091396526,0.12036881,0.14240444,0.26985618,0.019229040684336323,0.06203806827555611,0.09967128042624741,0.20038385472675385,0.448457657116943,0.013376626984126986,0.03391361111111111,0.12831736111111108,0.1716969551282051,0.22065944444444444
Schonungen,2023-01-25 09:00:00,0.010733333333333333,0.04296666666666667,0.04296666666666667,0.0,0.0,0.09131578,0.118690886,0.1270057,0.27136493,0.016896496495369704,0.05362516003385749,0.10128960030307176,0.20038385472675385,0.448457657116943,0.013376626984126986,0.02798857142857143,0.09074652777777778,0.169243543144208,0.21806775308641976
Schonungen,2023-01-25 10:00:00,0.014266666666666667,0.04296666666666667,0.04296666666666667,0.0,0.0007998417,0.09091042,0.13298798,0.13412884,0.27136493,0.017998718061938184,0.05387331958985347,0.10128960030307176,0.20038385472675385,0.448457657116943,0.0136629,0.028572380952380953,0.09074652777777778,0.169243543144208,0.21806775308641976
Schonungen,2023-01-25 11:00:00,0.0088,0.04296666666666667,0.04296666666666667,0.0,0.006129726,0.099409096,0.11129337,0.123393826,0.2716661,0.02040866809457371,0.06132350841007562,0.09702217450636487,0.20038385472675385,0.448457657116943,0.014058024242424241,0.028572380952380953,0.09074652777777778,0.16441504629629627,0.21309826388888883
Schonungen,2023-01-25 12:00:00,0.0007666666666666667,0.04296666666666667,0.04296666666666667,0.0,0.011334117,0.099456206,0.11608316,0.1234488,0.29932258,0.01797419517606434,0.05660397799670559,0.09972974506419667,0.20038385472675385,0.448457657116943,0.017996153846153846,0.028572380952380953,0.09074652777777778,0.14917813218390805,0.18627604636591474
Schonungen,2023-01-25 13:00:00,0.0003333333333333333,0.04296666666666667,0.04296666666666667,0.0,0.0013818981,0.096212864,0.103615366,0.11039585,0.2716661,0.01797419517606434,0.05660397799670559,0.09702217450636487,0.20038385472675385,0.448457657116943,0.014335283605283604,0.028572380952380953,0.09074652777777778,0.14917813218390805,0.18627604636591474
Schonungen,2023-01-25 14:00:00,6.66666666666666e-05,0.04296666666666667,0.04296666666666667,0.0,0.0,0.089322045,0.11039585,0.116927855,0.2716661,0.01797419517606434,0.05417702240258076,0.09702217450636487,0.20038385472675385,0.448457657116943,0.014058024242424241,0.02827666666666667,0.09074652777777778,0.14371214470284238,0.17325079133510168
Schonungen,2023-01-25 15:00:00,0.0,0.04296666666666667,0.04296666666666667,0.0,0.0,0.07434164,0.08316987,0.10814892,0.2716661,0.01783518137327483,0.05417702240258076,0.09702217450636487,0.20038385472675385,0.448457657116943,0.0136629,0.027419270833333335,0.09074652777777778,0.14343187474500202,0.17143378205128204
Schonungen,2023-01-25 16:00:00,0.0,0.04296666666666667,0.04296666666666667,0.0,0.0,0.06792292,0.081434205,0.10358987,0.27015737,0.01785662492605305,0.054163689069247435,0.09702217450636487,0.20038385472675385,0.448457657116943,0.011010266666666666,0.02513366666666667,0.09074652777777778,0.14343187474500202,0.17143378205128204
Schonungen,2023-01-25 17:00:00,0.00036666666666666656,0.04296666666666667,0.04296666666666667,0.0,0.0,0.06456406,0.08856698,0.10358987,0.27015737,0.01782237456182797,0.054163689069247435,0.09702217450636487,0.20038385472675385,0.448457657116943,0.007957058823529413,0.02513366666666667,0.09074652777777778,0.14343187474500202,0.17143378205128204
Schonungen,2023-01-25 18:00:00,0.0,0.04296666666666667,0.04296666666666667,0.0,0.0,0.06717099,0.088574745,0.101074435,0.27015737,0.01782237456182797,0.05436918576149189,0.09702217450636487,0.2033736238094424,0.448457657116943,0.007957058823529413,0.02513366666666667,0.09074652777777778,0.14343187474500202,0.17143378205128204
Schonungen,2023-01-25 19:00:00,0.0,0.04296666666666667,0.04296666666666667,0.0,0.0,0.070687115,0.08992318,0.105195686,0.27062657,0.026414054318557863,0.06493997150628811,0.10898107497656055,0.20578542882369877,0.448457657116943,0.007957058823529413,0.02513366666666667,0.09074652777777778,0.14343187474500202,0.17143378205128204
Schonungen,2023-01-25 20:00:00,0.0,0.04296666666666667,0.04296666666666667,0.0,0.0,0.07116252,0.09694577,0.10278419,0.26816875,0.026414054318557863,0.06958680640799043,0.11980043406464759,0.20535891771162887,0.45459020321832777,0.007957058823529413,0.02513366666666667,0.09074652777777778,0.14343187474500202,0.17396180727874283
Schonungen,2023-01-25 21:00:00,0.0,0.04296666666666667,0.04296666666666667,0.0,0.00793334,0.021453697,0.089403726,0.1176484,0.3577083,0.0141052438455688,0.04008941309088429,0.0805864248865215,0.1808583861246872,0.45113843429193484,0.004824388714733543,0.010620315789473683,0.09074652777777778,0.14341859649122804,0.17143378205128204
Schonungen,2023-01-25 22:00:00,0.0002,0.04296666666666667,0.04296666666666667,0.0,0.00793334,0.021675846,0.108346604,0.27923724,0.3580734,0.014567986000974408,0.055864043611490326,0.0805864248865215,0.18889701065782388,0.45113843429193484,0.004824388714733543,0.009473391812865495,0.09074652777777778,0.14343187474500202,0.17396180727874283
Schonungen,2023-01-25 23:00:00,0.0,0.04296666666666667,0.04296666666666667,0.0,0.009785296,0.021675846,0.14649276,0.27923724,0.38296887,0.014567986000974408,0.055864043611490326,0.0805864248865215,0.1862670106578238,0.45113843429193484,0.004824388714733543,0.010620315789473683,0.09074652777777778,0.14917813218390805,0.19066345350052252
Schonungen,2023-01-26 00:00:00,0.0,0.0,0.0,0.0,0.0,0.0039889356,0.009976014,0.11593567,0.14456815,0.0,0.00011981408280072547,0.0018521297546729577,0.0725752029570831,0.4728974939991721,0.004255060606060605,0.006856191936083239,0.01057125,0.018938075657894737,0.08800894409937891
Schonungen,2023-01-26 01:00:00,0.0,0.0,0.0,0.0,0.0,0.0,0.0038443164,0.11580001,0.14456815,0.0,0.00032423162276585204,0.0012250081457871982,0.06654511804968667,0.4728974939991721,0.004572368421052631,0.007370770975056688,0.010887727272727271,0.01951252670940171,0.08800894409937891
Schonungen,2023-01-26 02:00:00,0.0,0.0,0.0,0.0,0.0,0.0,0.0,0.07746471,0.15619293,0.0,0.0,0.0009996433440657944,0.06654511804968667,0.4728974939991721,0.005457092731829573,0.008438141025641024,0.012415624999999998,0.02134914215686274,0.08800894409937891
Schonungen,2023-01-26 03:00:00,0.0001,0.0,0.0,0.0,0.0,0.0,0.0,0.076858655,0.1350902,0.0,0.0,0.0009996433440657944,0.06654511804968667,0.4728974939991721,0.005513080357142856,0.008547485500610498,0.012454761904761904,0.022219899425287352,0.08800894409937891
Schonungen,2023-01-26 04:00:00,0.0006666666666666666,0.0,0.0,0.0,0.0,0.0,0.0,0.077436924,0.1350902,0.0,0.0,0.0009996433440657944,0.06654511804968667,0.4728974939991721,0.005513080357142856,0.008547485500610498,0.012454761904761904,0.022219899425287352,0.08800894409937891
Schonungen,2023-01-26 05:00:00,0.0011,0.0,0.0,0.0,0.0,0.0,0.00020562347,0.09778948,0.18923226,0.0,0.0009996433440657944,0.0024411980243273265,0.06654511804968667,0.4728974939991721,0.005297082823337413,0.008051241582491582,0.012437053571428571,0.022219899425287352,0.08800894409937891
Schonungen,2023-01-26 06:00:00,0.0003,0.0,0.0,0.0,0.0,0.00031802972,0.0027458735,0.132115,0.18923226,0.0,0.0009996433440657944,0.003139404847726969,0.06654511804968667,0.4724916739729685,0.005297082823337413,0.008051241582491582,0.012437053571428571,0.022219899425287352,0.08800894409937891
Schonungen,2023-01-26 07:00:00,0.0,0.0,0.0,0.0,0.0,0.00013968309,0.0031453248,0.10481987,0.18923226,0.0,0.0009996433440657944,0.00214410645840779,0.06654511804968667,0.4728974939991721,0.005297082823337413,0.008051241582491582,0.012437053571428571,0.022219899425287352,0.08800894409937891
Schonungen,2023-01-26 08:00:00,0.0,0.0,0.0,0.0,0.0033293806,0.004025325,0.016549649,0.104584076,0.1350902,0.0,0.0009996433440657944,0.0022175106666074357,0.06654511804968667,0.4728974939991721,0.005297082823337413,0.008051241582491582,0.012437053571428571,0.022219899425287352,0.08800894409937891
Schonungen,2023-01-26 09:00:00,0.0,0.0,0.0,0.0,0.0033293806,0.0042997925,0.016894419,0.0997017,0.1350902,0.0,0.0009996433440657944,0.0025146022325269724,0.06654511804968667,0.4728974939991721,0.00532735618115055,0.00810820707070707,0.012551587301587303,0.023164559386973177,0.08800894409937891
Schonungen,2023-01-26 10:00:00,0.0134,0.0,0.0,0.0,0.0,0.00014810008,0.0089383125,0.09367241,0.1350902,0.0,0.0,0.0009996433440657944,0.06654511804968667,0.4728974939991721,0.005513080357142856,0.008547485500610498,0.012551587301587303,0.023164559386973177,0.08800894409937891
Schonungen,2023-01-26 11:00:00,0.017466666666666665,0.0,0.0,0.0017162631217648716,0.0,0.0006564536,0.002543392,0.092341036,0.1350902,0.0,0.0,0.0,0.06654511804968667,0.4728974939991721,0.005283281653746769,0.008051241582491582,0.012415624999999998,0.03414047619047619,0.08800894409937891
Schonungen,2023-01-26 12:00:00,0.0066,0.0,0.0,0.0,0.0,0.0038143576,0.03224272,0.11118484,0.15190196,0.0,0.0,0.002950652847463336,0.06654511804968667,0.4728974939991721,0.004923070175438596,0.007837852937240732,0.01173685927306617,0.02134914215686274,0.08800894409937891
Schonungen,2023-01-26 13:00:00,0.016633333333333333,0.0,0.0,0.0,0.0,0.0010922011,0.0069371476,0.09293499,0.1350902,0.0,0.0,0.000287565194268549,0.06654511804968667,0.4728974939991721,0.0047154385964912286,0.0077973101539526015,0.011422816294555426,0.020817583333333334,0.08800894409937891
Schonungen,2023-01-26 14:00:00,0.0095,0.0,0.0,0.0,0.0,0.0,0.0,0.09010474,0.1350902,0.0,0.0,0.0,0.06654511804968667,0.4728974939991721,0.004572368421052631,0.007741603432700992,0.011258619983619983,0.020817583333333334,0.08800894409937891
Schonungen,2023-01-26 15:00:00,0.015833333333333335,0.0,0.0,0.08196191343212972,0.0,0.0,0.0,0.07144624,0.1350902,0.0,0.0,0.0,0.06654511804968667,0.4728974939991721,0.004923070175438596,0.007930096960167714,0.013139470749699775,0.05741991758241758,0.09103484126984128
Schonungen,2023-01-26 16:00:00,0.0135,0.0,0.0,0.03302239430668463,0.0,0.0,0.0,0.035803776,0.1350902,0.0,0.0,0.0,0.06654511804968667,0.4728974939991721,0.004255060606060605,0.007175972345459922,0.010887727272727271,0.02581713875205254,0.08800894409937891
Schonungen,2023-01-26 17:00:00,0.0308,0.0,0.0,0.15002113607412065,0.0,0.0022070892,0.030519715,0.1762924,0.40799087,0.001208653288407973,0.004783410985605079,0.02914890891015377,0.297671556757482,0.6554225923702057,0.005285848703555199,0.008438141025641024,0.013139470749699775,0.03542926587301587,0.08800894409937891
Schonungen,2023-01-26 18:00:00,0.02623333333333333,0.0,0.0,0.10813045860229947,0.0,0.0,0.0,0.04820851,0.15937878,0.0,0.0,0.0005558833031910591,0.06654511804968667,0.4728974939991721,0.004967547892720307,0.008051241582491582,0.013635323016457871,0.06670050724637681,0.09320844322344325
Schonungen,2023-01-26 19:00:00,0.037666666666666654,0.0,0.0,0.28326642923179757,0.0,0.014042804,0.017660618,0.07483745,0.16398133,0.0,0.04133688878582898,0.05057549877216912,0.08324482774008957,0.4728974939991721,0.06476804487179487,0.08588763888888888,0.12327969416785206,0.14251938172043013,0.19485847883597882
Schonungen,2023-01-26 20:00:00,0.0282,0.0,0.0,0.49667012492700535,0.030357715,0.0459935,0.11073865,0.20303756,0.25950685,0.0683588904718044,0.07588557418787348,0.12096767195425394,0.17083389049542907,0.5154010396289057,0.06738371212121212,0.10294900914634146,0.13097242424242425,0.1668840909090909,0.22493145348837212
Schonungen,2023-01-26 21:00:00,0.03943333333333333,0.0,0.0,0.5031633754348532,0.060682405,0.1284957,0.18166757,0.20277289,0.24909213,0.0683588904718044,0.12898719520720747,0.14295683366856812,0.16574279125719138,0.4705499943165206,0.06770172222222222,0.11633216991341991,0.1565270634920635,0.27853916666666667,0.35411636798088497
Schonungen,2023-01-26 22:00:00,0.04153333333333333,0.0,0.0,0.3729243796847951,0.018993238,0.034648743,0.048546325,0.11241689,0.19314615,0.03205121751461456,0.05419710579055531,0.07708356246324526,0.09344620063378149,0.4705499943165206,0.06476804487179487,0.08103558823529412,0.12238182665424045,0.14160882075471698,0.19485847883597882
Schonungen,2023-01-26 23:00:00,0.07486666666666666,0.0,0.0,0.31769428012702816,0.009914024,0.016479136,0.038325954,0.13310924,0.17423606,0.028850606419930196,0.044770988016761826,0.045221913000127914,0.08475009328380495,0.4705499943165206,0.05305,0.07067077850877193,0.09457991452991452,0.12883583333333332,0.14522545343883145
Schonungen,2023-01-27 00:00:00,0.11446666666666669,0.07486666666666666,0.07486666666666666,0.22724366331085116,0.0,0.0,0.019945132,0.19770327,0.24102609,0.0,0.010830103956529407,0.02374840616704729,0.12630070250700381,0.46710535386922236,0.00915805148256761,0.020214268044573908,0.05001130952380952,0.09016111111111111,0.13690675132275137
Schonungen,2023-01-27 01:00:00,0.11253333333333332,0.07486666666666666,0.07486666666666666,0.19518844985895378,0.0,0.0,0.019945132,0.19740002,0.24102609,0.0,0.010830103956529407,0.02374840616704729,0.12630070250700381,0.46710535386922236,0.00915805148256761,0.020214268044573908,0.05001130952380952,0.09016111111111111,0.14757940740740746
Schonungen,2023-01-27 02:00:00,0.07073333333333333,0.07486666666666666,0.07486666666666666,0.07585462736146215,0.0,0.0,0.0,0.15937603,0.20273864,0.0,0.00529819817552667,0.008473470151489049,0.10559595875784707,0.46710535386922236,0.006625850763143018,0.008967664306658085,0.011658045729076793,0.036478273809523815,0.08670654054054071
Schonungen,2023-01-27 03:00:00,0.05016666666666666,0.07486666666666666,0.07486666666666666,0.046195342730081385,0.0,0.0,0.0,0.15844108,0.20273864,0.0,0.004624036310889451,0.008614456162207173,0.10559595875784707,0.46710535386922236,0.006043870370370371,0.008520443722943721,0.01074126720455624,0.036478273809523815,0.08712988888888909
Schonungen,2023-01-27 04:00:00,0.05816666666666666,0.07486666666666666,0.07486666666666666,0.15760862231244022,0.0,0.0,0.015244644,0.23002385,0.25342697,0.0,0.009300408779178674,0.015053563639994706,0.10505920875784705,0.46710535386922236,0.00815147619047619,0.01020460638776428,0.032621296296296294,0.053861904761904764,0.09381388888888904
Schonungen,2023-01-27 05:00:00,0.03423333333333333,0.07486666666666666,0.07486666666666666,0.27086880225916804,0.0,0.0,0.009398128,0.23895176,0.29771096,0.0,0.02836676433288669,0.043342048536471486,0.13082893462898942,0.46710535386922236,0.04268083333333333,0.05361666666666666,0.07301977124183007,0.11941503400717927,0.1695523710944988
Schonungen,2023-01-27 06:00:00,0.0395,0.07486666666666666,0.07486666666666666,0.3044695631018026,0.0,0.0,0.0200549,0.23321103,0.29626822,0.0,0.032214192437070924,0.048656614437697004,0.15805906600647723,0.46710535386922236,0.04885394444444444,0.056261458333333327,0.07752011278195489,0.12486344466936573,0.1717699774774775
Schonungen,2023-01-27 07:00:00,0.020066666666666663,0.07486666666666666,0.07486666666666666,0.2773371022743612,0.0,0.0,0.017009811,0.25438654,0.3324085,3.761428283927809e-05,0.02836676433288669,0.043342048536471486,0.13082893462898942,0.46710535386922236,0.04268083333333333,0.05361666666666666,0.07301977124183007,0.11941503400717927,0.1695523710944988
Schonungen,2023-01-27 08:00:00,0.09140000000000001,0.07486666666666666,0.07486666666666666,0.3228444896916376,0.0,0.0,0.069446765,0.24763663,0.2668746,0.0061066753714266175,0.032214192437070924,0.05239005043645102,0.1682673947217217,0.46710535386922236,0.05019220779220779,0.05901825657894737,0.08380796296296296,0.13530902777777779,0.18118793650793658
Schonungen,2023-01-27 09:00:00,0.058233333333333324,0.07486666666666666,0.07486666666666666,0.40638884593811964,0.0,0.021892501,0.09567975,0.25628775,0.2668746,0.018703651297599835,0.0899547702288929,0.09228710433931327,0.18251473541052254,0.46710535386922236,0.05019220779220779,0.06041666666666666,0.09814175824175825,0.14886617021276594,0.20330724768518518
Schonungen,2023-01-27 10:00:00,0.0725,0.07486666666666666,0.07486666666666666,0.5292937241995703,0.058217183,0.13698463,0.34993374,0.4979588,0.525177,0.09758825413284425,0.2097727287281542,0.29319616739687226,0.38981313810922785,0.6628731490244248,0.24371693939393935,0.345425,0.4463265625,0.5155628947368421,0.6021569047619049
Schonungen,2023-01-27 11:00:00,0.08159999999999999,0.07486666666666666,0.07486666666666666,0.5678746591221436,0.057511732,0.14708732,0.34993374,0.5266806,0.5872874,0.09758825413284425,0.21322731374284717,0.30580385875669747,0.4118665135513812,0.7427018483299986,0.26505382352941176,0.36301140176775704,0.4635096428571428,0.5418897916666666,0.6077486666666666
Schonungen,2023-01-27 12:00:00,0.168,0.07486666666666666,0.07486666666666666,0.6580249568300213,0.06754311,0.19951996,0.4000916,0.6258085,0.7670708,0.12877291594952645,0.2579753812199305,0.3534940554661004,0.49254974539631086,0.9256524795403253,0.30233374331550805,0.3645810796939157,0.4508189684139785,0.545499809937551,0.6092307101449276
Schonungen,2023-01-27 13:00:00,0.20372,0.07486666666666666,0.07486666666666666,0.7140473447575253,0.080414504,0.19961663,0.4000916,0.62958455,0.73804164,0.12877291594952645,0.2579753812199305,0.3534940554661004,0.4857115817914394,0.9256524795403253,0.3137721479500892,0.36700482522796357,0.4508189684139785,0.5479310549722952,0.6139454682274249
Schonungen,2023-01-27 14:00:00,0.14753333333333332,0.07486666666666666,0.07486666666666666,0.6693064106340343,0.06407284,0.19583596,0.3416397,0.60576403,0.7569275,0.123736811436083,0.24081572872815402,0.32232219209003077,0.47832768455758895,0.8883372000276263,0.2765610666666667,0.3702708333333333,0.4635096428571428,0.5436325,0.6077486666666666
Schonungen,2023-01-27 15:00:00,0.2798,0.07486666666666666,0.07486666666666666,0.5779412083971049,0.014157931,0.12864213,0.32289392,0.4787625,0.5166233,0.07842667675151788,0.2038727896557622,0.2490853517718721,0.34721317697113113,0.601226335364257,0.06797266233766233,0.18275160256410258,0.3735394444444444,0.4996111111111112,0.5754072916666667
Schonungen,2023-01-27 16:00:00,0.17533333333333334,0.07486666666666666,0.07486666666666666,0.618571097615185,0.05089252,0.113034606,0.30955166,0.5004538,0.56887853,0.09758825413284425,0.2097727287281542,0.29319616739687226,0.40611402750506503,0.7427018483299986,0.19212527777777777,0.3338119363929146,0.4557742673992674,0.5354008333333333,0.6077486666666666
Schonungen,2023-01-27 17:00:00,0.22016666666666662,0.07486666666666666,0.07486666666666666,0.6281676379477221,0.042122435,0.12987207,0.27999252,0.5531492,0.6374415,0.09758825413284425,0.2097727287281542,0.30580385875669747,0.4118665135513812,0.7427018483299986,0.25099143939393936,0.3476287137681159,0.4597422435897436,0.5436325,0.6092307101449276
Schonungen,2023-01-27 18:00:00,0.08783333333333333,0.07486666666666666,0.07486666666666666,0.586506570828847,0.0,0.12987207,0.2804348,0.4787625,0.48411205,0.07610211831950658,0.2038727896557622,0.29319616739687226,0.38981313810922785,0.6590144326615047,0.11140783950617283,0.2140561111111111,0.41357824074074073,0.5047246405228758,0.5908944841269842
Schonungen,2023-01-27 19:00:00,0.06316666666666666,0.07486666666666666,0.07486666666666666,0.6493729686489419,0.042122435,0.13008426,0.28034753,0.586467,0.6788487,0.09860512336849322,0.2097727287281542,0.32232219209003077,0.45834398591458275,0.8883372000276263,0.25099143939393936,0.35266661934890764,0.4597422435897436,0.5436325,0.6092307101449276
Schonungen,2023-01-27 20:00:00,0.0493,0.07486666666666666,0.07486666666666666,0.707329953713421,0.06505579,0.18740162,0.36436194,0.5869192,0.71932507,0.12298454898664207,0.25452079620523754,0.3534940554661004,0.4857115817914394,0.9256524795403253,0.3137721479500892,0.36700482522796357,0.4508189684139785,0.5479310549722952,0.6092307101449276
Schonungen,2023-01-27 21:00:00,0.10796666666666668,0.07486666666666666,0.07486666666666666,0.774033828972741,0.12598608,0.25779936,0.37782377,0.5751984,0.74613786,0.15332802923676037,0.29744227075072255,0.3534940554661004,0.5028891300210473,0.9223121569921139,0.30233374331550805,0.3561351466352448,0.44127252735398365,0.545222985849595,0.6092307101449276
Schonungen,2023-01-27 22:00:00,0.1928666666666667,0.07486666666666666,0.07486666666666666,0.6308576551673442,0.04533359,0.12579054,0.32766593,0.5749079,0.6819675,0.0925035173627872,0.2097727287281542,0.32232219209003077,0.45834398591458275,0.8883372000276263,0.2765610666666667,0.36700482522796357,0.47192526990553313,0.5463364682539682,0.6077486666666666
Schonungen,2023-01-27 23:00:00,0.24016666666666664,0.07486666666666666,0.07486666666666666,0.45989222595395585,0.0,0.017835882,0.09314544,0.2748016,0.28823537,0.013618914527542814,0.0899547702288929,0.09228710433931327,0.18251473541052254,0.46710535386922236,0.04878988095238095,0.05823273237179487,0.09540215924426451,0.13593038648813147,0.19867008173690937
Schonungen,2023-01-28 00:00:00,0.29636666666666667,0.24016666666666664,0.24016666666666664,0.3789609799372563,0.049320463,0.23625642,0.2729205,0.33683354,0.35794348,0.09434652564685203,0.13337485954417128,0.278475154819535,0.32563804811303454,0.49034983445366703,0.1093211111111111,0.13211037037037038,0.17773674718196458,0.21819099171842646,0.3078442545109211
Schonungen,2023-01-28 01:00:00,0.33443333333333336,0.24016666666666664,0.24016666666666664,0.44341468209390755,0.09485402,0.16597414,0.22660787,0.39418623,0.5468417,0.12763121553225354,0.1429258422272905,0.278475154819535,0.4021380691006774,0.6572445661363863,0.12269305555555557,0.14415724415204678,0.1925542780748663,0.24507000644745328,0.32579339273927393
Schonungen,2023-01-28 02:00:00,0.36526666666666663,0.24016666666666664,0.24016666666666664,0.0979617584197987,0.0,0.054824468,0.08463905,0.10299323,0.17555077,0.005599330867847047,0.03534193872627438,0.09065844367881867,0.11259517408072806,0.29510412761933846,0.014696623376623376,0.04530561403508772,0.06279239040529364,0.08091375,0.11193784883720934
Schonungen,2023-01-28 03:00:00,0.26426666666666665,0.24016666666666664,0.24016666666666664,0.29455799459463206,0.016496358,0.109449275,0.16134885,0.17939879,0.24439234,0.04640484162574088,0.11285654327463189,0.17043693162860296,0.1740042625739014,0.29784523172982424,0.05382035256410256,0.07207719298245616,0.10728293460925038,0.14677275413711582,0.2134929981884058
Schonungen,2023-01-28 04:00:00,0.2049,0.24016666666666664,0.24016666666666664,0.5394485173699375,0.1320096,0.28232384,0.32332113,0.46350694,0.6067377,0.1941844706746484,0.22833893668461247,0.371657356567735,0.46610316742193625,0.8163453362143572,0.1253062777777778,0.17573948412698412,0.27149584766214174,0.4256598866033755,0.6823853333333333
Schonungen,2023-01-28 05:00:00,0.18346666666666667,0.24016666666666664,0.24016666666666664,0.4958290463479489,0.080566816,0.17008796,0.32150337,0.42228866,0.6067377,0.15547672651263394,0.17088856618627618,0.3684142125597243,0.44668174507230296,0.758516822017136,0.12269305555555557,0.16488738095238095,0.25549683932346723,0.3817038559837729,0.5196121333333338
Schonungen,2023-01-28 06:00:00,0.29086666666666666,0.24016666666666664,0.24016666666666664,0.4487030422455627,0.080566816,0.17008796,0.1757784,0.42228866,0.52882785,0.1420939625956203,0.17088856618627618,0.32193456175068835,0.4092466681452964,0.7239895469673111,0.11764641025641027,0.142948679337232,0.20848219298245613,0.32519978319783194,0.49357087285223383
Schonungen,2023-01-28 07:00:00,0.32180000000000003,0.24016666666666664,0.24016666666666664,0.40173022542070647,0.06493307,0.17008796,0.17168836,0.35392904,0.5205374,0.1206263052529218,0.1429258422272905,0.2769736288783773,0.39432188923089206,0.6572445661363863,0.11316708333333335,0.13729796474358974,0.1941117424242424,0.2812267514124294,0.4250646612244898
Schonungen,2023-01-28 08:00:00,0.2775,0.24016666666666664,0.24016666666666664,0.3569988659399913,0.060760107,0.14633787,0.1797048,0.29417917,0.33165988,0.09434652564685203,0.13337485954417128,0.2788188902595599,0.3178218682432492,0.4993600552889785,0.10287776515151517,0.12549972222222222,0.1878980506822612,0.24519560606060606,0.3078442545109211
Schonungen,2023-01-28 09:00:00,0.3468,0.24016666666666664,0.24016666666666664,0.3500711467024128,0.05000765,0.12327175,0.1797048,0.29417917,0.33165988,0.09434652564685203,0.13337485954417128,0.23619644463455977,0.275696085512112,0.4441541944475016,0.10256416666666668,0.12549972222222222,0.18226052927927927,0.23410644491129787,0.30065976894266777
Schonungen,2023-01-28 10:00:00,0.24919999999999998,0.24016666666666664,0.24016666666666664,0.38158273679278365,0.09233206,0.15008116,0.18001407,0.2664247,0.39837915,0.1206263052529218,0.1429258422272905,0.2788188902595599,0.33266585729022413,0.567082837577577,0.11155611111111109,0.13384961843711843,0.18726219883040934,0.23410644491129787,0.319140122605364
Schonungen,2023-01-28 11:00:00,0.16676666666666667,0.24016666666666664,0.24016666666666664,0.24187774672553852,0.01407553,0.08247893,0.10304432,0.11805103,0.24388565,0.04640484162574088,0.08823074124090123,0.11916441240806876,0.154954506200974,0.29510412761933846,0.04997392045454545,0.06285506912442396,0.10140905982905983,0.13892405405405406,0.19041566964285717
Schonungen,2023-01-28 12:00:00,0.225,0.24016666666666664,0.24016666666666664,0.2118295904939259,0.019404653,0.09216509,0.12005185,0.19400436,0.23212187,0.04640484162574088,0.08823074124090123,0.11916441240806876,0.16317476396672115,0.29784523172982424,0.04997392045454545,0.06128603174603174,0.1025582945736434,0.1428336310887158,0.19041566964285717
Schonungen,2023-01-28 13:00:00,0.1432,0.24016666666666664,0.24016666666666664,0.16254754730738086,0.0,0.076011054,0.13245423,0.13530558,0.17209236,0.005599330867847047,0.0332759354570271,0.11091294485756208,0.12120086444600436,0.29784523172982424,0.030141022222222223,0.049918892045454535,0.06552338217338217,0.08840560064935066,0.12609320590207923
Schonungen,2023-01-28 14:00:00,0.2041,0.24016666666666664,0.24016666666666664,0.27833653286634663,0.031234547,0.1587428,0.18763922,0.27775156,0.31329933,0.04640484162574088,0.08334664557931933,0.14461183259155946,0.26151393903417103,0.35242478074653766,0.04997392045454545,0.06128603174603174,0.1025582945736434,0.14504256769920124,0.19041566964285717
Schonungen,2023-01-28 15:00:00,0.19119999999999998,0.24016666666666664,0.24016666666666664,0.2666944119976904,0.01152955,0.15166405,0.16517745,0.27305764,0.31329933,0.04640484162574088,0.08334664557931933,0.13746056845977248,0.26151393903417103,0.35242478074653766,0.04997392045454545,0.05890396825396825,0.0982675925925926,0.13367777777777776,0.1787225454545455
Schonungen,2023-01-28 16:00:00,0.2013,0.24016666666666664,0.24016666666666664,0.14430356109055686,0.0,0.025690097,0.07545271,0.08246022,0.16644928,0.005599330867847047,0.0332759354570271,0.08971982646678099,0.12120086444600436,0.29784523172982424,0.030141022222222223,0.049918892045454535,0.06411104594330401,0.08451805555555555,0.11843097933513029
Schonungen,2023-01-28 17:00:00,0.09023333333333332,0.24016666666666664,0.24016666666666664,0.1896007986989401,0.0,0.042752393,0.061197773,0.07653385,0.23083341,0.044704305205103295,0.08334664557931933,0.11687785996056327,0.1562869282719805,0.29784523172982424,0.04997392045454545,0.05887619047619047,0.09077285714285714,0.12798408004778972,0.1785608225108225
Schonungen,2023-01-28 18:00:00,0.0461,0.24016666666666664,0.24016666666666664,0.23793520695858572,0.00852434,0.035219885,0.03701407,0.0688733,0.241124,0.044704305205103295,0.08334664557931933,0.11687785996056327,0.16141285558395777,0.29784523172982424,0.04997392045454545,0.05887619047619047,0.08945469696969696,0.12640052227342552,0.17686935064935064
Schonungen,2023-01-28 19:00:00,0.0238,0.24016666666666664,0.24016666666666664,0.12690844192182238,0.0,0.002223404,0.0074042142,0.08462859,0.16852482,0.003898794447209463,0.03568875151097202,0.08757438805412615,0.11044783309843553,0.29510412761933846,0.030141022222222223,0.049918892045454535,0.06346800356506238,0.08081166666666667,0.11644337763012183
Schonungen,2023-01-28 20:00:00,0.04746666666666667,0.24016666666666664,0.24016666666666664,0.16213842294180092,0.0,0.011602247,0.05413447,0.0968334,0.2313401,0.044704305205103295,0.08334664557931933,0.11687785996056327,0.15280716521868146,0.29510412761933846,0.0500723106060606,0.05890396825396825,0.09077285714285714,0.12640052227342552,0.17686935064935064
Schonungen,2023-01-28 21:00:00,0.039,0.24016666666666664,0.24016666666666664,0.10579243419305628,0.0,0.0,0.005646658,0.084049635,0.16852482,0.0,0.0,0.10761674947987518,0.15798066962207222,0.29510412761933846,0.03727757575757575,0.05217788461538461,0.06488738626964434,0.08452815656565657,0.11644337763012183
Schonungen,2023-01-28 22:00:00,0.006933333333333334,0.24016666666666664,0.24016666666666664,0.0362050092717765,0.0,0.0,0.0029127663,0.11463491,0.17426232,0.0,0.0,0.10772041661255516,0.16469598741060007,0.29510412761933846,0.007825071585419409,0.02970486891385768,0.06488738626964434,0.08452815656565657,0.11644337763012183
Schonungen,2023-01-28 23:00:00,0.0036666666666666666,0.24016666666666664,0.24016666666666664,0.0,0.0,0.03421348,0.050497446,0.0955719,0.10201769,0.0,0.0,0.08238158784918082,0.154497831674238,0.29510412761933846,0.006004619948090471,0.00787188131313131,0.012389988425925924,0.02552614232209738,0.06276611528822063
Schonungen,2023-01-29 00:00:00,0.004333333333333333,0.0036666666666666666,0.0036666666666666666,0.0,0.0056295153,0.029504163,0.04421316,0.04967329,0.07579787,0.0,0.02460054534406634,0.05565301851333551,0.07444082999770034,0.2615460457801193,0.005262803921568628,0.006921084541062801,0.00890329861111111,0.014844081196581196,0.11017952380952391
Schonungen,2023-01-29 01:00:00,0.0023666666666666667,0.0036666666666666666,0.0036666666666666666,0.0,0.0040279888,0.015780041,0.022305252,0.039936844,0.0693936,0.0,0.023461756192186458,0.03411321518258233,0.07181188724172395,0.2615460457801193,0.0039739379310344825,0.006795384399551066,0.008716481481481481,0.014696915064102565,0.12051500000000004
Schonungen,2023-01-29 02:00:00,0.0061333333333333335,0.0036666666666666666,0.0036666666666666666,0.0,0.003813182,0.015823212,0.019914415,0.030973345,0.052881956,0.00027554587551464335,0.02425128461987017,0.03373084856086676,0.058662536276020576,0.2615460457801193,0.0039739379310344825,0.006597672501268391,0.008624920634920633,0.01423911931818182,0.12051500000000004
Schonungen,2023-01-29 03:00:00,0.0,0.0036666666666666666,0.0036666666666666666,0.0,0.003813182,0.013085447,0.021671565,0.030286292,0.060123168,0.00027554587551464335,0.024436299474284252,0.03373084856086676,0.058662536276020576,0.258980998039552,0.004256494252873564,0.006795384399551066,0.008716481481481481,0.014696915064102565,0.12051500000000004
Schonungen,2023-01-29 04:00:00,0.0,0.0036666666666666666,0.0036666666666666666,0.0,0.00387379,0.012601911,0.021885335,0.022481183,0.048211537,0.00024443101661561766,0.02364677104660054,0.055788208642037165,0.06270784148224992,0.258980998039552,0.004256494252873564,0.006795384399551066,0.008716481481481481,0.014696915064102565,0.12051500000000004
Schonungen,2023-01-29 05:00:00,0.0,0.0036666666666666666,0.0036666666666666666,0.0,0.0,0.015114998,0.03027868,0.031144744,0.058084555,0.0012228877657408,0.02364677104660054,0.05601397074458349,0.0728217954114098,0.258980998039552,0.004256494252873564,0.006795384399551066,0.008716481481481481,0.014696915064102565,0.12051500000000004
Schonungen,2023-01-29 06:00:00,0.0,0.0036666666666666666,0.0036666666666666666,0.0,0.0,0.025876721,0.032523878,0.039537944,0.07579787,0.0,0.02144450186950009,0.03810054379431361,0.0729541926661694,0.258980998039552,0.005748311965811964,0.007777903189577716,0.010936601142473116,0.020386044973544973,0.12051500000000004
Schonungen,2023-01-29 07:00:00,0.0016,0.0036666666666666666,0.0036666666666666666,0.0,0.0,0.024807623,0.033339396,0.064737745,0.19872004,0.018611956568835176,0.04556102771517021,0.08097277648201016,0.09953531467227554,0.258980998039552,0.009118473769168686,0.0419405303030303,0.07111656862745099,0.11679744212962961,0.1452341666666667
Schonungen,2023-01-29 08:00:00,0.002966666666666667,0.0036666666666666666,0.0036666666666666666,0.0,0.0,0.041995972,0.048866216,0.05998216,0.19489452,0.018003867864568028,0.04556102771517021,0.08074701437946384,0.09664983278143757,0.258980998039552,0.009118473769168686,0.04552716666666667,0.07228690134099618,0.11786705729166666,0.14845852564102577
Schonungen,2023-01-29 09:00:00,0.019933333333333334,0.0036666666666666666,0.0036666666666666666,0.0,0.0,0.007795207,0.030997865,0.03245517,0.07629677,0.0,0.022256777066204454,0.03062112569848133,0.060257872037446696,0.258980998039552,0.005748311965811964,0.007777903189577716,0.010936601142473116,0.020386044973544973,0.12051500000000004
Schonungen,2023-01-29 10:00:00,0.02556666666666666,0.0036666666666666666,0.0036666666666666666,0.0,0.0,0.006907475,0.022870023,0.050380606,0.07629677,0.0,0.022256777066204454,0.037242466211559064,0.060257872037446696,0.258980998039552,0.005748311965811964,0.007653835446953293,0.010739851762820512,0.019905317460317457,0.12051500000000004
Schonungen,2023-01-29 11:00:00,0.0147,0.0036666666666666666,0.0036666666666666666,0.0,0.0,0.020747447,0.03603429,0.051909488,0.07629677,0.0,0.020369001069750196,0.03596800702693277,0.060257872037446696,0.258980998039552,0.005650833333333332,0.0074476143790849665,0.010450588343445486,0.017083661971830984,0.12051500000000004
Schonungen,2023-01-29 12:00:00,0.022699999999999998,0.0036666666666666666,0.0036666666666666666,0.0,0.0,0.021233061,0.040051714,0.05620851,0.079793334,0.0,0.022256777066204454,0.038105111456704234,0.06703613646499919,0.258980998039552,0.005748311965811964,0.007653835446953293,0.010739851762820512,0.019905317460317457,0.11017952380952391
Schonungen,2023-01-29 13:00:00,0.05106666666666667,0.0036666666666666666,0.0036666666666666666,0.029614464183733258,0.006843302,0.056061104,0.08174395,0.08626743,0.20178966,0.02329930784191726,0.04556102771517021,0.08587163066393878,0.11059452725786381,0.258980998039552,0.009118473769168686,0.0419405303030303,0.07189944219066938,0.11679744212962961,0.1399289743589744
Schonungen,2023-01-29 14:00:00,0.08066666666666668,0.0036666666666666666,0.0036666666666666666,0.11502462785699774,0.016457856,0.056792483,0.07691358,0.07943649,0.19168279,0.022691219137650112,0.04556102771517021,0.08474270297806617,0.0988934351819378,0.258980998039552,0.0218713125,0.06150516304347826,0.07986993564993566,0.11883484848484849,0.1452341666666667
Schonungen,2023-01-29 15:00:00,0.14043333333333333,0.0036666666666666666,0.0036666666666666666,0.09719423369159674,0.014092111,0.088894986,0.09531899,0.09585971,0.19168279,0.022691219137650112,0.04556102771517021,0.08512506959978176,0.10747521616829578,0.258980998039552,0.0176247386541471,0.06150516304347826,0.07986993564993566,0.11861439393939395,0.1447263247863248
Schonungen,2023-01-29 16:00:00,0.15363333333333332,0.0036666666666666666,0.0036666666666666666,0.22929641159989023,0.02888428,0.09638483,0.10012979,0.12166795,0.19277291,0.06629999378697671,0.09042248150718331,0.13165781866977527,0.15147166781287524,0.258980998039552,0.05582764411027569,0.07623698752228165,0.10746374584717609,0.13054263888888887,0.1781625641025641
Schonungen,2023-01-29 17:00:00,0.18363333333333332,0.0036666666666666666,0.0036666666666666666,0.3329966533210038,0.07293182,0.14295486,0.14905033,0.2088308,0.26776272,0.10425612122084504,0.124633005952638,0.24895507188668012,0.3413524795916882,0.4166406479571025,0.14080355555555554,0.17650833333333335,0.21995596171802054,0.2778288475975975,0.3780968253968254
Schonungen,2023-01-29 18:00:00,0.15256666666666666,0.0036666666666666666,0.0036666666666666666,0.37736316245660206,0.11109308,0.1433758,0.16890621,0.24803953,0.4497031,0.14015677973272922,0.14278643780421474,0.27652621706479574,0.3644999992974855,0.6342830131035471,0.16164650735294114,0.20124962445175443,0.24402000265816054,0.30083277116402113,0.391805207373272
Schonungen,2023-01-29 19:00:00,0.209,0.0036666666666666666,0.0036666666666666666,0.373294242717638,0.111482665,0.11858501,0.12540677,0.27535224,0.43029815,0.1273125099700826,0.13929727618732,0.2936371108314626,0.40548892841911177,0.6501724805281051,0.16462414565826328,0.211279568288854,0.2533050724637681,0.3371991058201058,0.4076973320951176
Schonungen,2023-01-29 20:00:00,0.3237333333333333,0.0036666666666666666,0.0036666666666666666,0.432111748364432,0.1220204,0.14301707,0.22497083,0.28796035,0.4485094,0.1606780377718931,0.1613441147863135,0.30793519708661576,0.4314101659345941,0.6964716946078608,0.16170557932263813,0.20739301392301393,0.25627445532435733,0.3588465072463768,0.4176274666666668
Schonungen,2023-01-29 21:00:00,0.42656666666666665,0.0036666666666666666,0.0036666666666666666,0.5074550608499001,0.15010303,0.2223828,0.23543046,0.3183508,0.5142239,0.19636085288810456,0.205296874868169,0.3348023597194366,0.4747256345031039,0.7085524078405985,0.15784637037037036,0.20631224747474744,0.2679963888888889,0.37492776237989645,0.43375201619937703
Schonungen,2023-01-29 22:00:00,0.3965666666666667,0.0036666666666666666,0.0036666666666666666,0.6002543032554656,0.19874248,0.29644722,0.4363882,0.5250212,0.6670386,0.24016686942303456,0.2906838762488909,0.5474012953752435,0.6084119218772213,0.9093684095481672,0.18722244444444444,0.32400410401002505,0.5289906779661018,0.6627599257317606,0.7994510988505746
Schonungen,2023-01-29 23:00:00,0.7786333333333333,0.0036666666666666666,0.0036666666666666666,0.6502678038242206,0.25439993,0.40137553,0.5640998,0.6565526,0.75808585,0.2773979067007654,0.3783357234465352,0.587695579379836,0.8215953987043345,1.0147817552657106,0.3944148521974307,0.5017225462962963,0.6594757365319865,0.7928928365384615,0.91355901835093
Schonungen,2023-01-30 00:00:00,0.6565333333333333,0.7786333333333333,0.7786333333333333,0.6904299703141682,0.3284124,0.42069212,0.6585586,0.763251,0.9835777,0.31791023098009713,0.41914095056342116,0.639137520514278,0.8396331076341135,1.0353905070441856,0.42808999999999997,0.5832179979630437,0.6881421101774043,0.8841208333333332,1.067424862155389
Schonungen,2023-01-30 01:00:00,0.3733,0.7786333333333333,0.7786333333333333,0.6814200279117238,0.26541317,0.4011248,0.5248881,0.6303004,0.7754026,0.29251975738825436,0.40820116134279333,0.639137520514278,0.6393666637513832,0.9180801772912434,0.36121681818181817,0.44401959949712644,0.5956691574839301,0.731284869281046,0.8885341971544716
Schonungen,2023-01-30 02:00:00,0.35336666666666666,0.7786333333333333,0.7786333333333333,0.7360493515125367,0.2926881,0.42854646,0.63201547,0.7308279,0.99608123,0.3247635974795787,0.42566279581033106,0.6429155078139068,0.8429694132062457,1.0324881857785553,0.42808999999999997,0.56364637345679,0.691312388888889,0.8720474450274863,0.9966059963768117
Schonungen,2023-01-30 03:00:00,0.4044,0.7786333333333333,0.7786333333333333,0.9153820502361204,0.34967536,0.58337367,0.8014314,1.0284988,1.3798071,0.34957027652190814,0.5981435094943122,0.8709925642736901,1.045951427619027,1.3913118288461117,0.5239230189701897,0.7417847222222222,0.8735420164917542,1.0756560329394917,1.2425709077380955
Schonungen,2023-01-30 04:00:00,0.30956666666666666,0.7786333333333333,0.7786333333333333,1.0153664060339924,0.37928542,0.6455792,1.0163385,1.154186,1.4501023,0.34957027652190814,0.7258739639146294,1.0179888669324486,1.3182872923940665,1.4464078517554322,0.5221516717479675,0.7574843787335723,0.9687344696969696,1.2158992063492065,1.4822479166666669
Schonungen,2023-01-30 05:00:00,0.3773,0.7786333333333333,0.7786333333333333,1.1140465768264805,0.3794297,0.7330627,1.140939,1.4409022,1.6503888,0.350767335411326,0.7919071736137837,1.1247068771534687,1.5225197808230548,1.684718043286293,0.6783388729508198,0.8132008423837369,0.9774832051282051,1.3481895568663034,1.595630265151515
Schonungen,2023-01-30 06:00:00,0.5473333333333333,0.7786333333333333,0.7786333333333333,1.1662627068624163,0.3828362,0.7330627,1.1570767,1.4395019,1.6591835,0.350767335411326,0.7919071736137837,1.1247068771534687,1.50993305744858,1.7244539766196265,0.6783388729508198,0.8132008423837369,0.9774832051282051,1.3481895568663034,1.5908775757575757
Schonungen,2023-01-30 07:00:00,0.5965333333333332,0.7786333333333333,0.7786333333333333,1.2655776148374698,0.6925069,0.96878064,1.4252992,1.4585663,1.6749545,0.350767335411326,1.0505781484037562,1.3160660061133111,1.5531124896600381,1.7244539766196265,0.8304744444444443,1.00112,1.3094174242424241,1.6231964583333331,1.8388515
Schonungen,2023-01-30 08:00:00,0.6504666666666667,0.7786333333333333,0.7786333333333333,1.4052325802224153,0.7455263,1.4003364,1.6067306,1.6364456,1.672574,0.350767335411326,1.1799148059456477,1.5806196520735614,1.711559998672876,1.8401282425466272,0.9457866522366521,1.2558928571428574,1.578207783882784,1.8799781586021502,1.9673657649667409
Schonungen,2023-01-30 09:00:00,0.7755,0.7786333333333333,0.7786333333333333,1.4101437891915714,0.74767417,1.3754193,1.5570078,1.5913327,1.6723531,0.3524235533109165,1.17055675583743,1.5806196520735614,1.6761013291136044,1.8191539269206667,0.9457866522366521,1.2558928571428574,1.6007274074074074,1.9019377334267031,1.9676601683501682
Schonungen,2023-01-30 10:00:00,1.0032999999999999,0.7786333333333333,0.7786333333333333,1.3603353760883166,0.7042281,1.2007437,1.4872035,1.520017,1.6723531,0.3524235533109165,1.1719244336213035,1.4600266042973589,1.599758628677436,1.815018473004,0.9108190043290043,1.143476282051282,1.4157844444444443,1.7921469818614333,1.92724991339696
Schonungen,2023-01-30 11:00:00,0.9800333333333332,0.7786333333333333,0.7786333333333333,1.435588039048795,0.77314276,1.3799728,1.591988,1.61284,1.6700736,0.3524235533109165,1.1719244336213035,1.5806196520735614,1.682056780527915,1.8191539269206667,1.1312788333333332,1.376239722222222,1.7518433862433862,1.9080249999999996,1.9706608333333333
Schonungen,2023-01-30 12:00:00,0.9445666666666669,0.7786333333333333,0.7786333333333333,1.1746179410250077,0.47361642,0.73571557,1.1356801,1.3772935,1.757057,0.3524235533109165,0.7762896286520539,1.1053909760496698,1.4630011865637753,1.6947410246178403,0.6920138095238095,0.8342855461393593,1.1346785671191555,1.4288630434782608,1.6298526833333338
Schonungen,2023-01-30 13:00:00,1.3526333333333334,0.7786333333333333,0.7786333333333333,1.0321058252288196,0.46473667,0.56823736,1.0013819,1.1180892,1.4220779,0.3524235533109165,0.6086972428150949,0.9986729658286498,1.2408055589018465,1.4276173847660525,0.6397714545454546,0.7993379724770643,1.0120397435897432,1.2158992063492065,1.4826838888888891
Schonungen,2023-01-30 14:00:00,1.7830666666666666,0.7786333333333333,0.7786333333333333,1.290436889511628,0.44323567,0.7172334,1.1356801,1.2139866,1.5930593,0.3524235533109165,0.8109371630390049,1.245643105682772,1.4018976574743645,1.672012277323868,0.8077622629969419,1.0097428030303028,1.2209741959064329,1.3562785919540228,1.6298526833333338
Schonungen,2023-01-30 15:00:00,1.7200666666666666,0.7786333333333333,0.7786333333333333,1.3746880388397122,0.8245789,1.1931483,1.3099668,1.5192317,1.6700736,0.3524235533109165,1.164297260983918,1.4280542046857425,1.5470924011459395,1.8266741299151914,0.9217945454545454,1.143476282051282,1.4140791666666666,1.7844438636363638,1.9209919755911515
Schonungen,2023-01-30 16:00:00,1.0961666666666667,0.7786333333333333,0.7786333333333333,1.3609741992859599,0.8171174,1.1038805,1.2560582,1.3457778,1.5316604,0.350767335411326,1.164297260983918,1.44071070319356,1.4780470146367233,1.7652952706446163,0.9457866522366521,1.1434540598290597,1.2476566666666666,1.3987197089947088,1.7364932142857146
Schonungen,2023-01-30 17:00:00,1.1889666666666667,0.7786333333333333,0.7786333333333333,1.2489006860070098,0.45616832,0.7033836,1.1445276,1.2173681,1.6348596,0.350767335411326,0.7762896286520539,1.1053909760496698,1.4353124176924268,1.702508177323868,0.688284418423107,0.8342855461393593,1.1221165909090907,1.4069091269841267,1.6298526833333338
Schonungen,2023-01-30 18:00:00,1.4564000000000001,0.7786333333333333,0.7786333333333333,1.168327736172301,0.45185858,0.7033836,1.1417964,1.2940603,1.6575135,0.350767335411326,0.7762896286520539,1.1053909760496698,1.3587182252629064,1.6627722439905344,0.6783388729508198,0.8287937552565181,1.1221165909090907,1.3919300653594773,1.6132032484848489
Schonungen,2023-01-30 19:00:00,1.2635666666666665,0.7786333333333333,0.7786333333333333,1.1289300310917225,0.45616832,0.61590016,1.0223173,1.1279813,1.4568557,0.350767335411326,0.7102564189528998,0.9986729658286498,1.2651085884674675,1.465623805182719,0.6186376470588235,0.7387970238095238,0.9721097222222224,1.1813000000000002,1.4826838888888891
Schonungen,2023-01-30 20:00:00,0.8598333333333333,0.7786333333333333,0.7786333333333333,1.1775908509673951,0.45232284,0.7033836,1.150275,1.3138194,1.6397706,0.34957027652190814,0.7762896286520539,1.1053909760496698,1.4353124176924268,1.6627722439905344,0.688284418423107,0.8132008423837369,1.10473537414966,1.4068990196078432,1.6373733333333336
Schonungen,2023-01-30 21:00:00,1.6045999999999998,0.7786333333333333,0.7786333333333333,1.1914921664325622,0.43499956,0.7033836,1.150275,1.309972,1.6207012,0.34957027652190814,0.7762896286520539,1.1053909760496698,1.3587182252629064,1.6627722439905344,0.6783388729508198,0.8132008423837369,1.1128149999999999,1.4020020619358855,1.6373733333333336
Schonungen,2023-01-30 22:00:00,1.7173666666666665,0.7786333333333333,0.7786333333333333,1.2149703537409362,0.43499956,0.70557415,1.150275,1.2341008,1.6474422,0.34957027652190814,0.7762896286520539,1.1053909760496698,1.4353124176924268,1.666405467277173,0.688284418423107,0.8132008423837369,1.100083333333333,1.4020020619358855,1.6373733333333336
Schonungen,2023-01-30 23:00:00,2.0541,0.7786333333333333,0.7786333333333333,1.2094295247628875,0.4402408,0.70557415,1.1604584,1.2341008,1.6474422,0.34957027652190814,0.7762896286520539,1.1053909760496698,1.4388438922319102,1.7068598732395561,0.6783388729508198,0.8070667686034658,1.100083333333333,1.4020020619358855,1.6373733333333336
Schonungen,2023-01-31 00:00:00,1.7471333333333334,2.0541,2.0541,1.2164722221869142,0.9477503,1.1690496,1.2701991,1.5195786,1.7416651,0.4032108529701342,1.0537666123019307,1.238055440786076,1.6333897937630695,1.7874474942842677,0.9342039999999998,1.0845,1.3311203703703702,1.5718571428571428,1.6861032034632037
Schonungen,2023-01-31 01:00:00,1.1589,2.0541,2.0541,1.0370864102382429,0.5665086,0.85752434,1.1634864,1.452029,1.5998911,0.4032108529701342,0.8066979765504226,1.021431917731045,1.4244510884213601,1.7865669741680368,0.7784051864801865,1.072824043062201,1.2976795717592595,1.5409370370370372,1.640476
Schonungen,2023-01-31 02:00:00,0.7791,2.0541,2.0541,0.8943190943363414,0.36979973,0.531223,0.83462894,1.3554144,1.4689,0.37823692067657766,0.7261892286340398,0.912318212612208,1.2129887052543433,1.5183070490077457,0.4680758888888888,0.7245106209150327,0.9673432748538012,1.2112665559772298,1.4984120445344131
Schonungen,2023-01-31 03:00:00,1.5052333333333332,2.0541,2.0541,0.808402254881729,0.36832505,0.5760905,0.87324333,1.334629,1.3864987,0.3822100784946726,0.5789105636525087,0.912318212612208,1.2186634325533483,1.4611279240014003,0.47458915384615386,0.7245106209150327,0.9363037436188315,1.1597301879699249,1.3799151707317074
Schonungen,2023-01-31 04:00:00,0.8539666666666667,2.0541,2.0541,0.5734813700426423,0.34753856,0.4514803,0.51237303,0.8364976,1.0352561,0.33125786674946095,0.44802922177589244,0.5676166452731405,0.8355536939553548,1.0820140172295794,0.4379407450980392,0.581571130952381,0.749943106060606,0.9285552777777778,1.1332927777777777
Schonungen,2023-01-31 05:00:00,0.6009666666666666,2.0541,2.0541,0.5993508924109884,0.3604606,0.45757508,0.5028588,0.8293411,1.0352561,0.3317408526497589,0.44802922177589244,0.5676166452731405,0.8355536939553548,1.0820140172295794,0.45436733230134163,0.5994216681184668,0.7565048976608189,0.9137677611367128,1.077150520590521
Schonungen,2023-01-31 06:00:00,0.9833999999999999,2.0541,2.0541,0.6228564292940081,0.38695496,0.6001608,0.65371215,0.96639454,1.0352561,0.38269306439497053,0.5789105636525087,0.7079108846366821,0.9797622840501474,1.1002017071198378,0.5404607843137256,0.6903837399417907,0.8019125239188674,0.9830875126262626,1.1381586574074074
Schonungen,2023-01-31 07:00:00,0.5741,2.0541,2.0541,0.5731821472450226,0.3589598,0.4483348,0.5157302,0.81897235,1.0352561,0.33270314171119425,0.44802922177589244,0.5676166452731405,0.8355536939553548,1.0783516887020823,0.4715435109114249,0.6069668151969981,0.7547736616161616,0.922513558201058,1.077150520590521
Schonungen,2023-01-31 08:00:00,0.3594333333333333,2.0541,2.0541,0.5784113220082242,0.3633995,0.4568077,0.49935335,0.80454034,1.0352561,0.33270314171119425,0.470727754389334,0.5676166452731405,0.834230911930106,1.0783516887020823,0.4842360519480519,0.6100526555347483,0.7547736616161616,0.9079578232283975,1.0522805944055946
Schonungen,2023-01-31 09:00:00,0.3123333333333333,2.0541,2.0541,0.6335094362377353,0.37235358,0.47813013,0.5288853,0.8193865,1.0556923,0.33270314171119425,0.470727754389334,0.5676166452731405,0.8542479090528251,1.0783516887020823,0.4997032955404383,0.6377136263736265,0.7982621941504492,0.9902703282828283,1.199505420875421
Schonungen,2023-01-31 10:00:00,0.49776666666666664,2.0541,2.0541,0.8255095763559358,0.41729534,0.65978444,0.88439685,1.1467301,1.4517329,0.38409747806611577,0.6076906398896931,0.9167667955478369,1.2220244959860938,1.4574655954739033,0.6955170033296336,0.8011105769230769,0.9515158463995355,1.1564400937500003,1.3821357897793267
Schonungen,2023-01-31 11:00:00,0.6473666666666666,2.0541,2.0541,1.1368844491748114,0.49387845,0.85221547,1.1375648,1.2825083,1.5493591,0.4046561279318675,0.885751093833633,1.0955175590935078,1.5393504877792616,1.8330785587467895,0.8277298106060605,0.9561873024664009,1.1940501515151514,1.4480069444444443,1.640970142857143
Schonungen,2023-01-31 12:00:00,1.3841333333333334,2.0541,2.0541,1.1548037152000243,0.6313755,0.9114604,1.1408267,1.3891852,1.6839917,0.4046561279318675,0.9320511591621089,1.1487690110265298,1.5460316791319049,1.8416942846530395,0.8604674999999998,0.9791055331541215,1.234197186147186,1.4890584999999998,1.644296731182796
Schonungen,2023-01-31 13:00:00,1.5566666666666666,2.0541,2.0541,1.1139888208149253,0.73724765,0.9254467,1.1587802,1.3943084,1.7588397,0.4050982525415774,0.889471156305253,1.099966142029137,1.5249888815685808,1.7799223123801229,0.9165870607553367,1.1162791666666667,1.3133916666666665,1.5389291184041183,1.6751900000000002
Schonungen,2023-01-31 14:00:00,1.5610333333333333,2.0541,2.0541,1.1461406183391571,0.73921865,0.9254467,1.158928,1.3943084,1.7563396,0.4050982525415774,0.889471156305253,1.099966142029137,1.5393504877792616,1.830096225486373,0.9165870607553367,1.1330285714285715,1.339129166666667,1.5690896929824558,1.701634476010101
Schonungen,2023-01-31 15:00:00,1.7018,2.0541,2.0541,1.0641396812462314,0.7391848,0.9239736,1.1149734,1.3943084,1.6664418,0.4050982525415774,0.793791653426836,1.025880500666674,1.5249888815685808,1.6625363607972985,0.906678677977215,1.1108298701298702,1.3173314814814814,1.5428862612612613,1.6452247311827957
Schonungen,2023-01-31 16:00:00,1.4450333333333334,2.0541,2.0541,0.9901799721324792,0.59639794,0.7532852,1.0270053,1.1717346,1.515251,0.38409747806611577,0.7338606414246454,0.9194995189015731,1.2598333687589927,1.5198647473147218,0.8019605404014412,0.9163350191570885,1.1419714545454545,1.3596953252032522,1.5385094987468673
Schonungen,2023-01-31 17:00:00,1.1979000000000002,2.0541,2.0541,1.0778180687799708,0.72856563,0.8913548,1.1724304,1.3809079,1.6318612,0.4046561279318675,0.7900715909552161,1.021431917731045,1.5249888815685808,1.6625363607972985,0.9165870607553367,1.135693181818182,1.3184749999999998,1.5297960069444443,1.6325327058823533
Schonungen,2023-01-31 18:00:00,1.3674333333333335,2.0541,2.0541,1.1286207301089188,0.7178349,0.8965347,1.1781207,1.5619093,1.721759,0.40369383887043214,0.8555143084725819,1.0955175590935078,1.5249888815685808,1.7799223123801229,0.9327568253968253,1.1330285714285715,1.3173314814814814,1.5350081453634083,1.6541179973118283
Schonungen,2023-01-31 19:00:00,1.2424333333333335,2.0541,2.0541,0.9322403237942191,0.39648363,0.6562817,1.0441871,1.3760297,1.4450517,0.38269306439497053,0.6016090962659504,0.9150509359659442,1.2708145751499609,1.4663479508358734,0.7718797372841497,0.908794978752218,1.1179289586144847,1.3049510416666665,1.4669858571428571
Schonungen,2023-01-31 20:00:00,1.2666666666666668,2.0541,2.0541,1.1451217849862956,0.7040165,0.9072204,1.1657745,1.4051114,1.7312113,0.4036529775798441,0.8871096751531302,1.099966142029137,1.5299403708307746,1.78358464090762,0.938962328042328,1.160362722567288,1.3551434108527132,1.5692979166666667,1.6779743492063492
Schonungen,2023-01-31 21:00:00,1.1733333333333333,2.0541,2.0541,1.250162607108345,0.9440693,1.1123443,1.2547518,1.3938401,1.7396867,0.4036529775798441,1.0574866747735507,1.242504023721705,1.6394195108918443,1.8499666131805366,0.8939181818181816,1.0555491666666663,1.3286895833333334,1.6017749999999997,1.7025367676767673
Schonungen,2023-01-31 22:00:00,0.6600666666666667,2.0541,2.0541,1.2516547810716392,0.9350601,1.1326549,1.265052,1.3266094,1.7027103,0.4032108529701342,1.0537666123019307,1.238055440786076,1.6394195108918443,1.7839575614550605,0.9170517272727272,1.0743975,1.3221043981481482,1.6017749999999997,1.7025367676767673
Schonungen,2023-01-31 23:00:00,0.6223666666666666,2.0541,2.0541,0.9925640377821005,0.6878136,0.69433415,1.064828,1.2378223,1.4986721,0.3822100784946726,0.7301405789530254,0.9506020813171918,1.403082627733171,1.58521558784682,0.7686429423975093,0.9309489641807005,1.1839958525345622,1.4326366522366518,1.5843629583333334
Schonungen,2023-02-01 00:00:00,1.0374666666666668,0.6223666666666666,0.6223666666666666,1.2437162008176674,0.6082274,0.8914933,1.1618636,1.6497741,1.8020881,0.5333328158552535,0.869465938695524,1.1587765810376087,1.5565950648110363,1.7766913021328274,1.064229874921826,1.1756968027210883,1.298161344537815,1.3939619486768242,1.580250050125313
Schonungen,2023-02-01 01:00:00,0.6998666666666666,0.6223666666666666,0.6223666666666666,1.1116240033242621,0.62648994,0.83984137,1.0345856,1.4382758,1.5787536,0.5333328158552535,0.7918464811954881,1.0464755914897097,1.398401203674697,1.5821165121697665,0.8222935416666667,0.9823596825396826,1.16122375,1.2988895102339184,1.3834523535851124
Schonungen,2023-02-01 02:00:00,1.1162,0.6223666666666666,0.6223666666666666,0.9789069683700958,0.5194107,0.5694127,0.680127,1.4577456,1.528705,0.5198951503958803,0.6511878193416455,0.9555921328855427,1.3628163099067838,1.5698434539996386,0.7229401190476191,0.8496129370629371,1.1022848557692309,1.2380084523809525,1.368914403036577
Schonungen,2023-02-01 03:00:00,1.0536666666666668,0.6223666666666666,0.6223666666666666,0.9663055086101876,0.5194107,0.55696666,0.680127,1.4138052,1.5260985,0.5198951503958803,0.6130000514503103,0.8389827963091272,1.3246707675441627,1.562136467809639,0.6464221786492376,0.7683030303030303,1.002873463356974,1.2061284632034632,1.3458982735042735
Schonungen,2023-02-01 04:00:00,0.9484,0.6223666666666666,0.6223666666666666,0.9321787416278285,0.41586742,0.55696666,0.6830072,1.3149686,1.4587884,0.4666353299612614,0.6130000514503103,0.8225150132713291,1.1609948306806839,1.4948784397723196,0.6282883182503772,0.7516955439814815,0.989691426319937,1.2115936729936727,1.3099885096153847
Schonungen,2023-02-01 05:00:00,1.0720999999999998,0.6223666666666666,0.6223666666666666,0.9428258320833484,0.43513227,0.5556672,0.7198227,1.3378613,1.4809036,0.46729508016342586,0.6130000514503103,0.8225150132713291,1.1609948306806839,1.4948784397723196,0.6365742156862744,0.7534142901234568,1.014788888888889,1.2115936729936727,1.3099885096153847
Schonungen,2023-02-01 06:00:00,0.5593666666666667,0.6223666666666666,0.6223666666666666,1.1440515380209124,0.55202407,0.7740317,1.0469003,1.3882985,1.6909486,0.5339925660574181,0.8355872763635397,1.1379958357323017,1.4738422550730355,1.7180863573885132,0.8409067272727274,1.0486649292149293,1.1921652428371767,1.348016089166089,1.4612984893048135
Schonungen,2023-02-01 07:00:00,0.4939333333333333,0.6223666666666666,0.6223666666666666,1.1481386243995688,0.53242344,0.77145034,1.0161271,1.3564031,1.7531127,0.5339925660574181,0.8355872763635397,1.1379958357323017,1.4665264672990466,1.7180863573885132,0.7842648888888889,1.0486649292149293,1.182672380952381,1.3275095588235293,1.4518368169934641
Schonungen,2023-02-01 08:00:00,1.5015999999999998,0.6223666666666666,0.6223666666666666,1.3131243522155494,0.7309946,0.9465096,1.1179048,1.45557,1.7255596,0.5766056938863745,0.9903491563690067,1.265241590896967,1.5288177704511252,1.7110881261617517,0.7713323809523809,1.014743292682927,1.1976511111111112,1.3194371148459383,1.444658634538152
Schonungen,2023-02-01 09:00:00,1.8925333333333334,0.6223666666666666,0.6223666666666666,1.4210049091657733,0.6938967,0.9321817,1.2047012,1.4569075,1.6784998,0.5721533478293979,1.043020838123149,1.4636975252589126,1.661231741916123,1.7484703004741198,0.7618954901960784,0.9610516081871345,1.1715588888888888,1.3363101449275363,1.7786107977207977
Schonungen,2023-02-01 10:00:00,1.7525,0.6223666666666666,0.6223666666666666,1.4852022089673356,0.7033137,1.0994962,1.22077,1.4658439,1.7556325,0.5721533478293979,1.043020838123149,1.5506041761870017,1.7194595957694832,1.805801114910852,0.7618954901960784,0.9720524720893142,1.2455821969696972,1.7240722793311405,1.8820329971988798
Schonungen,2023-02-01 11:00:00,1.6237000000000001,0.6223666666666666,0.6223666666666666,1.5763720899955507,0.7805851,1.1880326,1.3335327,1.4716177,1.7556325,0.5558630020061728,1.043020838123149,1.5506041761870017,1.776777061171638,1.8061127815775186,0.8810379953379952,1.0306619047619048,1.2950325925925925,1.7773685439560438,1.8820329971988798
Schonungen,2023-02-01 12:00:00,1.7507666666666668,0.6223666666666666,0.6223666666666666,1.4103681423073495,0.7831954,1.070246,1.3442602,1.7503917,1.7509325,0.5721533478293979,1.043020838123149,1.4289319310307191,1.72476639322187,1.8083334062432994,0.9640163742690059,1.1479802522746072,1.326716746031746,1.5827801587301586,1.8587927796052628
Schonungen,2023-02-01 13:00:00,1.7024000000000001,0.6223666666666666,0.6223666666666666,1.7703204708663436,0.83909696,1.2483679,1.3902504,1.7292583,1.8367832,0.5716058029399462,1.043020838123149,1.5506041761870017,1.789458877134079,1.8084669801460087,0.9912513988095238,1.1828161375661377,1.4180994401378122,1.8004638888888889,1.8957199404761906
Schonungen,2023-02-01 14:00:00,1.8729333333333327,0.6223666666666666,0.6223666666666666,1.6799359790013253,0.8291322,1.2404454,1.3782711,1.719943,1.7884876,0.5687362891203898,1.043020838123149,1.5506041761870017,1.789458877134079,1.8084669801460087,1.0231209523809524,1.1854005952380953,1.4080441798941798,1.8004638888888889,1.8957199404761906
Schonungen,2023-02-01 15:00:00,2.09,0.6223666666666666,0.6223666666666666,1.6349100536170789,0.82549715,1.2365273,1.3782711,1.6663992,1.6783118,0.5687362891203898,1.043020838123149,1.5506041761870017,1.749062601521972,1.789458877134079,0.9738362689393939,1.1479802522746072,1.3095642857142857,1.5874238095238093,1.8957199404761906
Schonungen,2023-02-01 16:00:00,2.1115333333333335,0.6223666666666666,0.6223666666666666,1.5812598612847082,0.7775021,1.2301077,1.3902023,1.6663992,1.685941,0.5721533478293979,1.043020838123149,1.5506041761870017,1.749062601521972,1.789458877134079,0.9738362689393939,1.1479802522746072,1.314738888888889,1.6393466131907308,1.8957199404761906
Schonungen,2023-02-01 17:00:00,2.1243000000000003,0.6223666666666666,0.6223666666666666,1.7218363564844683,0.7775021,1.2365273,1.3902023,1.6990371,1.8390894,0.5558630020061728,1.043020838123149,1.5506041761870017,1.789458877134079,1.8084669801460087,1.0231209523809524,1.1854005952380953,1.3859273182957395,1.8004638888888889,1.8957199404761906
Schonungen,2023-02-01 18:00:00,1.9869666666666668,0.6223666666666666,0.6223666666666666,1.7002294384768804,0.7775021,1.2391087,1.3902023,1.6990371,1.7851678,0.5558630020061728,1.043020838123149,1.5506041761870017,1.7967746649080678,1.8084669801460087,1.0231209523809524,1.1854005952380953,1.4080441798941798,1.8004638888888889,1.8957199404761906
Schonungen,2023-02-01 19:00:00,1.8936666666666668,0.6223666666666666,0.6223666666666666,1.5409070885032237,0.7775021,1.2470312,1.3741031,1.7322714,1.7884121,0.5721533478293979,1.043020838123149,1.5506041761870017,1.798389350654924,1.8084669801460087,1.0231209523809524,1.200786029411765,1.4333494401378122,1.8004638888888889,1.8957199404761906
Schonungen,2023-02-01 20:00:00,1.8765,0.6223666666666666,0.6223666666666666,1.4360171267344741,0.77783793,1.0473914,1.295924,1.776149,1.801499,0.5759459436842099,1.043020838123149,1.4062486016199038,1.7284823599014247,1.8117754018667835,0.9912513988095238,1.1828161375661377,1.3451436231884057,1.6105914215686272,1.8566269407894735
Schonungen,2023-02-01 21:00:00,1.9489666666666667,0.6223666666666666,0.6223666666666666,1.6186589394441557,0.7758136,1.2406116,1.3869197,1.7521658,1.7917318,0.5552032518040082,1.043020838123149,1.5506041761870017,1.798389350654924,1.8120088415166615,1.0231209523809524,1.2245493055555559,1.4507333333333334,1.8004638888888889,1.8957199404761906
Schonungen,2023-02-01 22:00:00,1.8041666666666667,0.6223666666666666,0.6223666666666666,1.4582608362777187,0.7758136,1.0533175,1.3547517,1.7673557,1.7957116,0.5714935976272333,1.043020838123149,1.4636975252589126,1.7401614968015644,1.8150876796294353,1.0231209523809524,1.2245493055555559,1.4180994401378122,1.7384604166666666,1.8653710283687943
Schonungen,2023-02-01 23:00:00,0.9155333333333332,0.6223666666666666,0.6223666666666666,1.2977860694151326,0.627828,0.89388555,1.1960495,1.6819823,1.8577858,0.5333328158552535,0.8809222426260935,1.1779101877088083,1.545456222184487,1.7756171408585046,1.0852975706214691,1.2235710768398271,1.3595459595959594,1.4899883522727273,1.6164604509803921
