timestamp,day_label,window_days,y_true,persistence_24h,elastic_net,random_forest,gradient_boosting,xgboost,arima,quantile_regression_q10,quantile_regression_q25,quantile_regression_q50,quantile_regression_q75,quantile_regression_q90,qrf_q10,qrf_q25,qrf_q50,qrf_q75,qrf_q90,qgb_q10,qgb_q25,qgb_q50,qgb_q75,qgb_q90,qxgb_q10,qxgb_q25,qxgb_q50,qxgb_q75,qxgb_q90
2022-04-07 00:00:00,Fruehling_windig,30,784.7333333333333,889.3333333333334,835.0280996432335,831.5450737515785,796.7568103562425,844.9025,630.5004767291236,202.60988279400766,365.6546100391398,742.9744210953985,1159.2863308491492,1710.5660469008408,522.9348148148148,645.3763392857143,876.1111111111111,1059.28625,1151.0902380952382,232.5194720829038,620.3420708199781,684.979775157117,1173.9071441070446,1177.0816967145486,124.621544,565.76935,849.3258,1188.3839,1212.29
2022-04-07 01:00:00,Fruehling_windig,30,849.1666666666666,833.7,780.8465195991848,712.1290715426984,722.0954225114618,785.4787,598.3829624565515,173.77770455621803,347.1408170482174,681.2487866866184,1061.0078110587206,1568.0118152666175,366.1384444444446,562.5440476190477,740.1179738562091,978.0552083333332,1111.5442962962961,215.2551768089873,392.1677588050888,605.2338687174444,1015.5261516436468,852.3027444715078,124.621544,381.6775,535.53455,971.79156,822.79474
2022-04-07 02:00:00,Fruehling_windig,30,1021.2333333333332,630.0666666666667,717.4404646093742,612.5077632353024,649.263470102,715.23016,598.8438919915842,165.68767336464754,299.6069232732622,601.9130921070539,952.9372514388264,1497.7668100867068,142.07251515151512,273.9923611111111,610.8568376068376,918.2460714285713,1107.7181666666668,215.2551768089873,368.9526032918792,590.817772094378,1007.4312008448599,613.6474201860979,124.91301,363.98935,533.23517,933.8125,664.14844
2022-04-07 03:00:00,Fruehling_windig,30,1126.3,786.4,739.651803387464,706.6597081625919,722.0954225114618,785.114,582.5542390975448,172.70864542615703,325.0971901661494,649.1826439291464,1010.7597144507124,1475.423109928006,326.33552380952386,567.8958333333334,763.2481481481482,980.8857142857142,1111.5442962962961,213.6140768666042,388.1368299528726,649.9757290894389,1061.2207388524355,874.5286790571847,124.91301,394.1927,599.7109,1022.8684,833.52026
2022-04-07 04:00:00,Fruehling_windig,30,1172.3,1087.2666666666669,796.7238987757526,786.4388276539986,737.0582021464948,822.7117,576.4865619759994,188.88459514493334,375.34708533897987,756.7167720957646,1166.116343360045,1495.2973997272422,550.40525,674.8269688644689,833.8847222222223,962.9209401709401,1062.5384775641028,207.35932143596207,474.4172084715058,724.5587067997621,1128.7122138112545,824.9901139282742,140.71495,455.8172,738.543,1044.5471,912.4558
2022-04-07 05:00:00,Fruehling_windig,30,1487.3,675.3666666666667,696.8074498252516,684.674152528652,680.977176762425,704.3349,565.7859954287914,179.31960181347816,281.564155767795,618.1585596916161,979.3627010167658,1431.9611403161105,203.86545454545455,448.1066666666667,707.7074074074075,948.5115319865321,1114.4607692307693,224.31340503692755,476.90459391318853,688.5532783546679,1082.8130651806196,600.6152135983434,121.585205,491.6529,607.6927,999.30176,709.7875
2022-04-07 06:00:00,Fruehling_windig,30,2213.6,717.1,675.1521420793291,664.0137680320696,612.5530659071758,729.1418,558.5337699110671,157.8979211468041,275.4795136054953,606.0491984705259,954.0452155171499,1338.9891524414743,194.11016666666666,451.8253246753247,694.1576190476192,938.9194444444444,1083.4010714285719,155.3904942437003,313.94826732861026,619.0034325698551,1012.1879506135875,509.2765805421322,121.585205,334.4353,540.6014,909.8754,579.9612
2022-04-07 07:00:00,Fruehling_windig,30,2186.5333333333333,811.1666666666666,656.8141283495561,657.4798946501757,588.4217928333749,707.5651,550.2405538182371,127.97984965222338,276.4475042929138,604.5842874384834,948.6020157795588,1232.4737425996052,126.91960317460321,398.01388888888886,650.231216931217,915.0028409090909,1078.9318095238095,135.08065464572053,298.46373888236724,530.7755393339468,939.7321613404507,484.5119974290157,103.62654,296.14078,508.24786,840.88104,673.7085
2022-04-07 08:00:00,Fruehling_windig,30,2117.6,703.8666666666667,606.600233192545,649.5433997744134,539.8842424686496,664.06506,543.3125921915016,97.01791874982774,241.33923897725447,540.6188418737584,850.0868380976787,1131.213489236786,93.77211111111113,369.7616666666667,651.5874074074075,918.2460714285713,1068.339777777778,116.49930081448173,286.3118775767035,510.7254641101152,610.135567690738,300.96067958071274,98.22725,287.41156,451.379,824.6662,566.53217
2022-04-07 09:00:00,Fruehling_windig,30,1833.6,503.96666666666664,542.9948481763481,394.13342523235826,393.59245464054214,425.10736,536.3792167030009,68.20719566175475,186.85337527097514,458.6204023004359,745.4042370580075,1064.8445267197735,22.570075757575754,90.30868055555555,239.55462962962963,531.015625,918.282619047619,110.73855558214717,245.10485220774834,457.31350445303053,415.3656113038309,554.7163620120842,87.441444,235.27138,362.69052,310.58655,610.1767
2022-04-07 10:00:00,Fruehling_windig,30,1868.8333333333333,572.4333333333333,567.9879432508485,654.8155966121203,585.9763273295526,596.30414,530.1437707360927,70.83414665466088,194.81531309906796,495.1082892996734,803.0098914798813,1113.6608099965908,43.6888888888889,201.89343434343434,585.4971380471379,917.8331060606059,1101.143619047619,117.08214227747469,255.1132419584807,483.7773931447293,504.76788193935465,299.6869745066383,98.35586,264.1109,392.7143,557.1271,499.4195
2022-04-07 11:00:00,Fruehling_windig,30,1885.5333333333333,324.1,503.64136369256244,196.17862305412052,175.6893118617199,238.21118,524.1756441399248,44.988732254160915,133.742343886276,408.1791704474613,705.5882128987588,1087.4495114678286,9.29760942760943,31.98800505050505,107.26777777777778,227.80734126984126,507.37714285714327,21.675060444630947,35.84558991739003,103.00949698589508,398.3316461239928,194.98443841187188,6.845101,22.121624,80.11334,297.67593,364.87625
2022-04-07 12:00:00,Fruehling_windig,30,1887.0666666666664,282.03333333333336,516.6570373345132,201.1387577492103,125.77894146984016,224.64456,518.6688272957196,52.30893528248057,125.08145459928593,418.01719087013487,733.5393594825191,1165.3662916581181,14.818666666666665,38.463034188034186,115.01349206349205,240.3670634920635,507.0348148148152,23.14457993343727,35.381828591497595,122.44612153222377,355.3087012159722,201.3662066682538,11.951121,28.247581,122.94809,283.14505,354.06024
2022-04-07 13:00:00,Fruehling_windig,30,1887.9333333333336,989.4333333333332,709.6959394312227,616.8868041591162,694.4396869775371,729.35443,513.477601189375,89.6343749723711,276.8636006410444,684.5969798047137,1091.3115425795745,1339.9584885799595,193.7204761904762,462.03055555555557,662.0547619047619,950.1194444444444,1110.5702222222221,114.09005914410622,264.21487773683054,541.8719866749907,427.54189508644157,526.4562707664348,80.99134,284.17398,510.62866,389.912,614.03436
2022-04-07 14:00:00,Fruehling_windig,30,1886.1666666666667,824.5666666666667,688.6472985581705,684.2312498814847,736.7987449411954,758.86127,508.64504048794197,79.66537898863392,248.67201418474974,632.3296629153874,1019.2438007853268,1364.1490875611478,179.92285714285717,460.1614583333333,679.6743055555555,991.8600793650792,1122.5600000000002,121.79820546474667,279.03032803693986,531.436688083865,544.9117833827776,560.1651558632929,99.592316,282.28333,515.69806,446.91983,694.0133
2022-04-07 15:00:00,Fruehling_windig,30,1886.7666666666669,1177.3,778.2188497262296,730.9300478569935,695.1999177788807,711.8243,504.11309847235634,83.70794476474448,325.8707812717945,752.2705303736844,1183.1649221840262,1432.5583789644475,208.0011904761905,431.39378063725496,786.1205555555555,979.5605555555555,1094.3130555555556,120.6275078732615,376.3102499461057,625.7061488272977,407.4772633260531,555.0923225298117,109.31284,340.50214,574.18835,390.84293,756.8687
2022-04-07 16:00:00,Fruehling_windig,30,1875.8,1009.2,764.672793314668,768.8640636226872,718.6337929010997,755.49634,499.88139758163476,83.82178525996079,302.1706761268814,707.364226846262,1125.6092204328197,1486.0285286917624,205.46385714285714,473.9439583333333,848.875641025641,1022.1136904761903,1115.3183333333334,124.18128695864554,384.90753440574326,604.4487415768045,440.38990464269403,571.8108205231124,112.15961,366.45377,646.65027,344.07846,696.3048
2022-04-07 17:00:00,Fruehling_windig,30,1756.4666666666667,1306.3333333333333,846.1219992184783,797.4573164348142,788.0695173329989,778.5571,495.92002865314,94.53556455214189,371.8215881589573,813.7963132854646,1274.660944375028,1565.564535490416,237.35083333333338,544.65,859.7989417989418,1009.4174242424242,1111.5742222222223,111.78637848482063,438.82403872863813,640.4632372812988,429.9681858228992,554.0214529671882,108.27553,419.65967,630.79736,373.1723,756.8687
2022-04-07 18:00:00,Fruehling_windig,30,1338.3,1400.8666666666666,881.2667175835268,796.796798117402,747.7352248837476,753.33954,492.2172233963631,100.2996427842291,401.3634792317647,848.7884649248826,1323.5192765119355,1615.067163880391,252.49233333333333,565.4145833333334,857.653125,1006.8405303030303,1114.7836111111112,109.14043166073951,440.5143747362261,646.2774655934926,429.87027940530754,738.4438540255679,110.98592,402.03442,640.1194,375.2712,833.123
2022-04-07 19:00:00,Fruehling_windig,30,1808.1666666666667,916.9,788.0015711381359,830.2401028131791,740.6894818143993,805.9714,488.7530918272561,90.27529646484643,314.8667772421585,687.9013430510099,1105.966212104674,1605.6918874164883,261.30555555555554,567.8025,877.7416666666667,1050.323611111111,1150.0283333333336,170.38366765532064,287.9766725086076,552.1473690067484,474.71514384100976,670.8926838003235,92.52769,297.89307,554.3236,359.28568,748.09894
2022-04-07 20:00:00,Fruehling_windig,30,1822.3666666666663,1550.5333333333333,931.5126312890393,791.0147777221166,893.459079143191,836.8204,485.5139025113856,110.02883628868577,451.07442130731283,901.0294239347768,1400.388866833956,1690.3259605178569,336.3156296296297,637.0984848484848,837.5787698412698,984.5107142857142,1098.3213095238095,182.2282282609968,530.3849089717361,685.3240283465525,511.73012868856665,915.7730759309065,117.772285,503.8363,711.3368,406.21243,913.13226
2022-04-07 21:00:00,Fruehling_windig,30,1882.5,1279.9333333333334,871.1736811083274,774.445379396831,835.7327096547874,829.9872,482.48414300127,100.34493294473589,404.5376109866127,798.2096654106645,1252.4773096436775,1650.5892959593202,336.3156296296297,627.1669372294373,852.1668803418804,971.8791666666666,1085.0340259740262,185.65081686685946,506.63096839813744,630.0564526873103,515.6172960487777,882.6054238286418,115.98401,469.46313,550.5183,414.71658,899.19977
2022-04-07 22:00:00,Fruehling_windig,30,1890.5,481.5,664.5526848877125,287.5329093503246,308.70354860741077,397.2348,479.6507693592965,53.53881658027185,241.8031948804837,494.9957098811107,842.2020826120062,1482.9931543298221,5.135454545454546,21.76474358974359,93.17291666666667,251.63472222222225,640.1847619047622,158.6318633226725,219.9987982802308,371.76453408864165,313.7715539924492,599.4805862252525,60.762028,250.77798,228.17372,274.32916,577.2926
2022-04-07 23:00:00,Fruehling_windig,30,1878.0,612.2666666666667,718.1682559450542,621.9359026548184,681.7746171412331,672.11646,477.00077974706556,91.16841327629453,278.3199687013187,567.0281594800085,942.5925384644839,1575.2054399799044,49.114722222222234,166.03333333333333,541.9288888888889,905.4127083333334,1082.6436666666673,198.69417891725388,337.04826177536756,454.588408379584,445.93326344171015,602.3818989266341,107.77854,325.60593,383.1619,431.4768,588.85675
2025-03-05 00:00:00,Fruehling_ruhig,30,0.3333333333333333,17.566666666666666,367.07104301308743,127.57913847372876,164.29069325658853,177.04716,20.246402848996865,3.7719551665745836,25.84926520573776,207.81761136265234,796.9822544185173,1145.9796386368114,2.27439393939394,7.1327991452991455,61.96765873015873,191.66984126984127,353.2350000000001,27.928970627810507,154.92250013392396,168.5741288045608,244.88296241840033,467.44649356187733,18.97662,134.42522,221.94173,278.17654,457.89893
2025-03-05 01:00:00,Fruehling_ruhig,30,0.0,40.266666666666666,381.9669607014947,228.5074487986256,182.7018731768713,207.13173,37.79507811749872,4.384957693013444,27.991955883724657,212.67081324936748,803.7714611672482,1163.7249486076485,4.726190476190477,33.75059523809523,213.70934343434345,466.2455357142857,582.1745000000001,51.231526092766934,201.98213185673757,393.5422434994307,365.28293271765256,586.6544790276206,27.722294,293.7852,423.1542,423.44855,567.46893
2025-03-05 02:00:00,Fruehling_ruhig,30,0.0,39.766666666666666,374.6420239178667,306.20792017181554,190.39853384825452,200.46524,51.639751345762846,4.357158130907385,27.718468928398067,203.78544958981973,791.282318042089,1149.1609113147056,4.726190476190477,40.57857142857143,237.2725641025641,487.10456349206345,592.353,51.231526092766934,201.98213185673757,402.7928223283343,358.13203414751496,656.4620573120717,27.7318,334.94144,417.78122,451.23682,629.19604
2025-03-05 03:00:00,Fruehling_ruhig,30,0.0,39.43333333333333,362.70091680229166,305.63190969391576,190.39853384825452,200.46524,64.28150516413481,4.2850279930817,26.952623083855908,193.1421644575887,770.8449252144239,1120.952952160342,4.4031746031746035,31.737896825396824,224.46397435897435,486.62698412698415,589.9922121212121,51.106180751796835,201.98213185673757,402.7928223283343,358.13203414751496,656.4620573120717,27.7318,334.88345,417.78122,451.23682,628.77466
2025-03-05 04:00:00,Fruehling_ruhig,30,0.0,17.4,335.8338633783891,272.976981235168,183.62716629688057,176.05725,75.98929685103451,3.871632679872107,24.792110147431636,177.52660960626866,740.8431584221773,1071.324596350508,1.3844444444444446,16.141666666666666,131.7537037037037,471.1912202380952,583.145,31.196166388823485,154.88799127527147,361.0425265864779,347.83702375885736,584.6304782040546,18.9808,180.20119,356.69943,448.6792,622.9064
2025-03-05 05:00:00,Fruehling_ruhig,30,0.1333333333333333,1.2333333333333334,297.0639669005453,53.56465792158352,16.56183664278472,17.516558,86.84571549678853,4.299536564205297,23.420393497951448,154.2506839530933,699.3235251268472,1001.3848165306254,0.18942857142857145,0.682804232804233,6.000793650793651,45.91047008547009,94.9964285714286,0.0,0.0,2.0127950653623428,71.75264342141118,424.12802791651933,0.0,0.35849097,1.7586159,109.92312,582.599
2025-03-05 06:00:00,Fruehling_ruhig,30,3.7,0.0,231.56623323558057,73.83660720174342,39.76919979596261,105.25179,96.91377883082504,7.519480813081646,25.994045564156515,117.52740240192504,640.933683069155,896.526225745966,0.07527568922305765,0.6881613756613758,16.420833333333334,51.38541666666667,169.12190476190523,487.2862731652747,9.312202724655183,33.34238050233251,82.40036607822874,381.1322689183677,6.927438,0.0,72.00832,160.76016,424.9124
2025-03-05 07:00:00,Fruehling_ruhig,30,1.6,0.0,233.26523135866432,51.17935577823358,48.18507107010921,120.66852,106.25082456442975,5.603207694133882,21.555385083455818,109.957688127989,623.2387001807493,871.7941045720364,0.007333333333333327,0.05594405594405594,1.2834757834757833,48.517929292929296,164.93291666666732,1.7291647913247652,11.98082569680896,46.499654835594995,98.56119016347573,298.9962115768484,6.6521473,0.0,47.830437,121.73623,401.97726
2025-03-05 08:00:00,Fruehling_ruhig,30,0.0,0.0,209.58293548779744,65.10807083846858,43.363848645926666,110.18056,114.90993743879959,5.444385495306088,19.24669570795163,90.15384044788726,590.3798710939174,816.9919471476387,0.0060101010101010054,0.04953703703703703,0.6767316017316016,48.517929292929296,219.69233100233103,1.7632581810342935,12.567142057550674,43.551231912002336,102.50174058646401,271.9681720303634,5.6647115,0.0,102.66229,170.91585,398.92166
2025-03-05 09:00:00,Fruehling_ruhig,30,0.4333333333333333,0.0,215.66957857605482,46.937576513861586,26.145015551240903,80.58823,122.94034057479925,3.38606986226981,14.630396483349571,85.4368598162497,579.5541239287878,801.3122253765794,0.004761904761904757,0.03560606060606061,0.3122863247863248,45.87045454545455,199.85006349206353,1.5289371576264819,12.821550298212369,41.95146783868394,99.34367981179403,252.606799060036,5.577501,1.9853204,31.99028,121.65113,271.96957
2025-03-05 10:00:00,Fruehling_ruhig,30,0.2,0.0,202.69093151598562,38.19145511170253,39.69500529901248,131.10925,130.38768256958616,2.8591745059079106,12.102972032422088,72.4316115465619,559.1915979304929,766.0045453925736,0.004761904761904757,0.038257575757575754,0.32013888888888886,45.41527777777778,192.81847619047636,1.513856425469104,12.821550298212369,49.49777370045743,87.19772334146917,227.07730645331424,5.515207,3.909963,54.770615,137.48688,305.0566
2025-03-05 11:00:00,Fruehling_ruhig,30,0.0,0.0,214.7776357426389,31.36424097580673,20.640255658965536,79.29442,137.29429757754133,1.0181896493377298,8.328671940541042,73.01551477697478,561.0335812690307,768.3554680044293,0.004166666666666662,0.025,0.20555555555555555,39.05250000000001,177.05944444444452,2.5036140000562614,13.026584165198067,20.446013671593597,86.56727442123749,237.78468460750116,5.356723,2.8620079,58.149437,78.68057,260.8953
2025-03-05 12:00:00,Fruehling_ruhig,30,0.0,0.0,220.67856682198726,38.08884507633582,20.640255658965536,79.29442,143.69944600551668,0.1272327372017088,6.28946392269814,72.2981635086256,565.9159971443686,771.7194498596482,0.004120370370370367,0.02333333333333333,0.15897435897435894,39.05250000000001,182.55033333333358,2.6271741231499925,12.993270294845145,19.09469723377598,86.56727442123749,236.69344847875226,5.4379954,2.8620079,56.6117,73.51543,259.62936
2025-03-05 13:00:00,Fruehling_ruhig,30,0.2,0.9333333333333332,230.87376711974883,37.22286227210302,16.68688018705434,60.22179,149.6395376911429,0.0,5.176603724277065,75.82629182859533,578.9470499844588,787.4600374536753,0.0030050505050505027,0.021969696969696965,0.10336538461538461,41.486666666666665,182.55033333333358,2.493252475290724,0.0,3.8902889641781675,54.253316173762194,235.88000505852386,2.5978365,1.2183286,54.881485,68.384285,256.51968
2025-03-05 14:00:00,Fruehling_ruhig,30,4.6,0.0,225.28151815482153,44.00705769658595,20.640255658965536,86.054726,155.1483388735711,0.7151220553114008,7.279791666085352,73.09785225603537,597.035093021815,801.1922037482409,0.004166666666666662,0.030303030303030304,0.3025641025641026,46.55972222222223,199.85006349206353,2.6271741231499925,15.102958231173675,48.58418342243071,87.88838700144628,241.82935321275528,5.2996464,3.9672797,35.113045,79.837975,261.89978
2025-03-05 15:00:00,Fruehling_ruhig,30,5.3,0.0,226.07117043598544,74.85999891553766,58.407280727133084,150.13966,160.2571641364803,2.268851189580161,10.734522712031193,75.45257834619896,630.3011600511429,835.5181944351102,0.004166666666666662,0.030303030303030304,0.3122863247863248,52.82083333333334,250.24444444444444,500.5380484365677,15.102958231173675,56.30523514583979,134.0435660806827,311.1255857893896,7.9093223,2.0202398,99.71693,172.02805,387.36523
2025-03-05 16:00:00,Fruehling_ruhig,30,1.7333333333333334,0.1,282.78903957455935,70.33486894154203,35.27174035329504,91.14674,164.99505441471217,0.4126743609460739,10.439541603195362,106.67035617394234,703.7410834681759,943.9607330693284,0.004120370370370367,0.030227272727272728,0.28506944444444443,45.85883838383839,183.3154761904766,13.01236164895069,21.456908945266164,33.804060464734135,52.4543326375577,282.907827848342,7.9528365,23.805216,59.324707,77.14673,292.05634
2025-03-05 17:00:00,Fruehling_ruhig,30,0.8333333333333334,0.0,312.90937208593573,80.93078102225444,34.592448762234234,82.44319,169.38894207642906,0.7392406828821976,13.381265669410439,126.53943432529678,763.7366460885912,1025.5963879665892,0.002756410256410254,0.029949494949494948,0.36586538461538454,46.805411255411265,155.65181818181827,13.033735884805946,12.738516314291909,51.379580718076525,85.75974144857372,363.9069793032923,8.236411,20.9056,81.337685,62.200405,339.93683
2025-03-05 18:00:00,Fruehling_ruhig,30,0.0,0.0,338.6628408658653,71.1278488961673,48.6632717859519,69.55138,173.46380401919924,1.6767203851041543,17.53353080033945,145.2701582948706,824.3018750212524,1106.6778560980433,0.03303030303030303,0.34573863636363633,32.80166666666668,54.951041666666676,115.85943589743593,12.814649791891467,21.431048809602764,26.400403584387767,72.47377970369709,448.8905894549573,8.306931,23.668343,57.697212,58.679928,410.09192
2025-03-05 19:00:00,Fruehling_ruhig,30,0.4333333333333333,0.0,370.05974345392076,133.05563130175514,49.05050856038873,148.3024,177.24280365027965,2.370248402579314,21.636815557344995,167.3511452956675,889.2314991700177,1196.2378804746695,0.0988888888888889,0.7199404761904763,40.13407407407408,69.60333333333334,286.1029761904766,12.814649791891467,13.288685568825782,27.883079071535597,277.34079598499375,497.3991293084623,8.368835,19.009245,55.441334,112.06178,570.88904
2025-03-05 20:00:00,Fruehling_ruhig,30,12.133333333333333,0.0,393.6766267560304,131.482601847814,44.180649394141795,126.52321,180.7474225581775,3.518892507578185,26.373817190225516,185.94979940420964,947.7469503271684,1275.566461259269,0.30000000000000004,15.286904761904761,43.57777777777778,70.44833333333332,371.87142857142857,12.80835628819359,23.26033752710929,27.215872582396337,276.33523657191665,440.03939794321934,8.349401,21.789278,57.933517,115.728935,556.9118
2025-03-05 21:00:00,Fruehling_ruhig,30,7.233333333333333,0.0,422.8010076162084,82.45403064052914,22.696431250794898,35.50752,183.99758262397344,3.7230719395341367,29.49985047215524,203.6497351361395,1004.8461181941341,1358.4442529961232,0.46131907308377906,24.62029914529915,47.15674603174604,100.9827380952381,344.24,10.44530270909945,13.076392115130894,27.146832559409685,242.54458307948147,433.1071699051974,11.394197,19.108372,39.211357,80.68296,381.95734
2025-03-05 22:00:00,Fruehling_ruhig,30,0.7333333333333333,0.2666666666666666,443.29981308410345,113.72909612838731,40.999238117068444,14.020743,187.0117592665434,4.501364322959782,33.29635311729436,219.98207994783655,1050.2453845452885,1422.1828410195412,4.886074074074075,38.3891339869281,69.70500000000001,212.90898268398269,505.8569487179488,10.629917718302334,0.24662975077033103,11.014305212992547,45.58816614203884,332.06470753589974,8.754583,18.47026,36.7366,75.890114,358.55157
2025-03-05 23:00:00,Fruehling_ruhig,30,0.6,3.433333333333333,478.16551279436067,98.673591007601,40.999238117068444,17.546122,189.80708646541763,3.998115547723989,35.05046427129459,243.35687358168292,1093.6698040855706,1490.344301877417,9.337083333333334,40.81295518207283,75.85476190476192,196.68078703703702,470.3026666666669,10.325029792945687,0.7449828968489527,5.038426398829757,44.02425299938874,332.06470753589974,6.2596283,18.066765,34.163937,80.412636,326.03833
2020-08-26 00:00:00,Sommer_windig,30,1181.5,0.0,148.76319545371032,138.27428110085316,449.4079986303385,368.57477,974.3854413828454,0.0,0.0,45.42249722179807,273.72522241235106,558.0994286227661,2.8512500000000003,13.71547619047619,113.17916666666667,266.068287037037,402.94962962962967,0.0,0.0,22.966427813441776,158.4608222364623,597.6380295057281,0.0,0.4802156,67.451,408.1524,609.0544
2020-08-26 01:00:00,Sommer_windig,30,1195.0,0.0,136.03952540384498,114.54467184419671,413.10263469271354,245.19553,795.0474148681213,0.0,0.0,42.82182511809201,257.0404103152533,537.6297349721698,2.8512500000000003,9.922916666666667,73.7186507936508,229.92014652014652,390.73363636363644,0.0,0.0,22.808069840274143,98.94741172762882,499.9257137574285,0.0,0.0,52.710564,220.80682,560.3369
2020-08-26 02:00:00,Sommer_windig,30,1545.3333333333333,0.0,132.9561226321342,98.75712013938718,277.8781125300591,174.91757,654.643841659455,0.0,0.0,49.363542964988575,263.9558138640518,476.03871044240657,1.3622281639928702,9.096875,92.66904761904763,227.41284722222224,378.00904761904775,0.0,5.026459033777353,22.035488428967028,64.56124666160206,305.04475903116685,0.0,0.0,59.49367,230.46217,344.6916
2020-08-26 03:00:00,Sommer_windig,30,1643.1666666666667,0.0,123.40334417069323,67.08141790349033,279.5528060537874,82.52664,546.4917571375446,0.0,0.0,46.593654485117085,239.65913798698625,450.70154723993517,0.591619047619048,5.164027777777777,25.634722222222223,160.2176282051282,340.217196969697,0.0,0.5178597986830085,13.738597216314037,75.37303691528861,266.6088406136528,0.0,0.0,43.493217,184.99773,291.36957
2020-08-26 04:00:00,Sommer_windig,30,1761.4,0.0,109.05203510051022,57.582434296520944,293.88831811737623,86.8758,462.7871410868572,0.0,0.0,47.00161293972013,213.4154314650678,410.07152249827953,1.6748205128205131,6.400378787878788,23.80625,109.85611111111112,260.61191666666696,0.0,0.2633922466499816,24.680321682620214,60.31458837854323,268.21266107758635,0.0,1.007063,8.987482,142.86374,258.32523
2020-08-26 05:00:00,Sommer_windig,30,2009.7,1.7666666666666666,104.01547300179078,60.4407145291899,322.266978688736,67.8682,398.09362388793454,0.10044448924745542,2.3001852921623414,50.918550475114586,199.57476863043968,362.5218879028887,2.3980606060606067,9.095312499999999,44.245416666666664,131.0075,258.46552380952386,0.0,2.821638470441099,33.50483603455661,72.01274427834952,244.41674718493576,1.3217956,4.1125603,36.138103,199.41353,286.6317
2020-08-26 06:00:00,Sommer_windig,30,1605.1666666666667,2.5,97.21131177878202,50.77118168573306,326.81113163212854,88.42893,348.07304637549265,0.11995765951902593,3.6065642884084603,48.071306113506544,167.37478358750224,349.09171611919584,4.141038961038961,7.967083333333333,22.758974358974356,76.790625,211.9550606060607,0.0,9.344792241944306,34.22553561221753,70.53786227569897,300.1637188044557,1.813697,8.623937,41.46893,180.27573,311.90585
2020-08-26 07:00:00,Sommer_windig,30,2123.133333333333,39.06666666666667,107.62966402724764,64.97216259765123,308.5349160443777,67.71851,309.40208895933716,1.2959195824394505,8.697488667287146,59.65537881155621,173.56756247777025,323.02553677173603,7.524952380952382,17.186309523809523,34.516666666666666,114.1875,252.1883333333334,0.0,10.006196019539315,30.825373710630526,63.449861237044644,205.55205916935896,2.767266,10.94291,41.16683,191.59778,160.0287
2020-08-26 08:00:00,Sommer_windig,30,2140.633333333333,14.366666666666667,102.68884761532405,42.917124811814375,59.55436079824883,45.790714,279.50449140801106,1.727507492963471,10.77003244223657,57.42007379143382,148.3115212195221,300.26579164373663,5.041833333333334,8.250277777777779,22.358888888888888,62.309583333333336,155.2330952380954,0.0,10.901210214830714,21.802165680139424,51.09574203631155,204.29976895946518,2.7500587,11.148548,25.59075,124.545105,182.81454
2020-08-26 09:00:00,Sommer_windig,30,2285.766666666667,0.2,94.82411606244264,47.56687652957944,62.2434781172152,49.688396,256.3900595151032,2.337789071613512,14.289308768230082,57.03769626916825,124.30726119463358,286.49616261217466,3.4635511982570812,5.777777777777778,16.477777777777774,59.72284722222223,180.53500000000003,0.0,9.263921846996379,16.630294573227463,57.37769812642119,204.7602617365466,1.3067434,8.220916,19.725254,26.19873,206.95357
2020-08-26 10:00:00,Sommer_windig,30,2340.266666666667,15.0,107.90073188592194,47.242152473373245,61.46319178130151,43.54044,238.5197755050551,3.2658567702803345,18.082379714420327,64.39929761913287,134.92973249264037,278.62126299211377,3.695,7.266765873015874,21.802254901960787,62.309583333333336,189.51655303030356,0.0,9.225347804708269,15.304277618082812,48.760959428778094,195.52645020223056,0.98432446,6.7049966,21.182873,29.808384,193.44847
2020-08-26 11:00:00,Sommer_windig,30,2280.8,93.36666666666666,133.7112194461301,83.14395036611779,63.35999743257281,42.67476,224.70387155307014,4.5125620175818275,24.14679649989853,81.78389345287215,171.07952851034196,298.88724898235387,6.471515151515152,24.030952380952378,77.37820512820511,197.83806818181816,284.15148148148154,0.0,21.548530128871423,43.183736954046736,45.51857023118092,209.22796342147527,1.8278588,13.786236,33.38281,60.438213,257.5873
2020-08-26 12:00:00,Sommer_windig,30,2328.5333333333333,220.9,167.6628326008634,72.38855864662668,89.55775625137767,69.55681,214.022493973696,5.266782669931127,29.621914728882597,101.11217162900931,214.0549464535622,368.3769845367639,7.437386363636364,14.640873015873016,33.15119047619048,155.40888888888887,247.15462500000012,0.0,22.394721914025027,45.3859721610903,95.25736161530268,212.17905450700928,5.8511586,18.589537,50.918232,81.70358,193.8828
2020-08-26 13:00:00,Sommer_windig,30,2347.8,342.7,199.76754813580595,107.87867080452139,124.53956626230631,130.9931,205.7644879234724,5.395051443090157,32.84229615643972,115.22199054559243,250.65188517810418,459.14779889428763,11.244250000000003,32.581875000000004,108.15138888888889,196.31145833333335,263.7690235690236,0.0,39.37515330177419,105.04765553750937,175.73543346946187,243.0762724141562,13.803138,82.237816,104.464806,133.37213,220.46307
2020-08-26 14:00:00,Sommer_windig,30,2298.8333333333335,320.23333333333335,209.66558844185468,98.76150407424277,130.85157515455302,146.51016,199.3800431345344,4.9396807707666035,30.543397828454403,109.44676916128944,257.30035574448675,492.79480244983426,10.04152380952381,24.548390151515154,80.70476190476191,186.52916666666664,259.57466666666676,0.0,33.82513337354616,99.06383049308369,175.73543346946187,285.9085012716706,11.306083,49.745605,107.21422,123.803375,322.72675
2020-08-26 15:00:00,Sommer_windig,30,2295.366666666667,418.8,227.39434111409423,115.42768105642062,129.72120387556146,161.03607,194.4440894972305,4.9017425795846625,33.158974227749994,119.44877369927215,287.50384420454253,574.8197810799186,17.558095238095238,46.52521367521368,127.56055555555557,192.51638888888888,234.07750000000007,0.0,105.13531548000644,157.09676453628856,177.7083318814572,242.0268924015373,24.725107,137.70828,187.87697,162.17052,258.2642
2020-08-26 16:00:00,Sommer_windig,30,2321.4666666666667,714.6666666666666,272.28869291168866,134.12330519977814,169.2079117760716,208.06125,190.6279959822896,4.7745422470531675,40.065851924977885,150.55096408872515,355.30949458618744,759.7151883329941,35.406666666666666,85.82645502645504,156.03958333333333,193.96971153846152,224.3978571428572,0.0,93.38593341314797,187.9491734064205,192.52928256756633,207.49066964487957,25.140955,154.03091,221.94765,183.98367,244.1518
2020-08-26 17:00:00,Sommer_windig,30,2323.0666666666666,594.0333333333333,265.2473942674467,132.19652108113212,169.2079117760716,229.69493,187.67769077750148,3.9604429836405153,33.30487457356544,133.76514337475348,354.1819905157346,741.2095483068279,34.999901960784314,81.87666666666667,152.23194444444442,194.12892628205128,227.55800000000005,0.0,102.28595595297439,189.61989569105305,172.6981937840867,209.22905223131437,24.922972,149.07718,226.0594,174.51645,263.07755
2020-08-26 18:00:00,Sommer_windig,30,2158.366666666667,351.6333333333333,233.20777814368353,105.19129374773543,123.88709621544743,123.48333,185.3967454157779,2.78403687889034,22.75782797805029,100.49655807845403,320.03249649812625,664.0995947600913,10.655034965034966,31.225595238095238,96.91279761904762,175.075,239.38309523809525,0.0,16.105340570572622,107.32188425559396,182.88716199004296,276.1089656585686,10.621696,59.998543,103.73999,161.57219,249.93764
2020-08-26 19:00:00,Sommer_windig,30,1765.1,210.8,214.9086108179252,74.37283761429968,90.39812482465895,78.40446,183.6332967615579,1.5971737482118935,14.454729510787006,78.22866680822548,304.27655850216246,631.2274854914083,7.389846491228071,16.351262626262624,34.62450980392157,100.9233630952381,202.41707692307696,0.0,10.782740422367906,46.88558782347611,101.47348566239117,234.02770464943947,4.6685877,15.944186,31.717506,87.56268,216.75363
2020-08-26 20:00:00,Sommer_windig,30,1193.4,578.6333333333333,251.380644069935,97.42872616068895,147.36087301633262,137.3888,182.26993610930464,1.931762022673936,24.99341871655515,120.90621909702134,381.34707400962907,810.1338648142854,8.206,21.15375,81.09333333333333,187.12111111111108,239.8861904761905,0.0,6.523882349182577,93.33600209368703,170.0490809707562,224.76975946632552,3.8507147,41.497585,109.99691,159.87328,260.47495
2020-08-26 21:00:00,Sommer_windig,30,944.5,677.3333333333334,259.84898627946717,102.20499260515491,141.71060905579867,155.17204,181.2158922256584,1.4840738789286045,25.144123415223568,130.2406846257058,409.6090284122844,863.8710760724039,7.656428571428571,18.304513888888888,83.13703703703703,193.73423076923075,241.1441666666667,0.0,5.864235340222868,94.31421052445884,162.14727383562663,234.8491091295661,3.5710218,28.124285,115.50408,154.98384,258.97842
2020-08-26 22:00:00,Sommer_windig,30,665.2333333333333,1116.3333333333333,305.91724916375165,105.16238106050088,121.07289179091445,141.81277,180.40098788848448,1.178730541340492,35.06996924298437,175.71011008580007,482.4024368123895,1087.682722628584,7.046645021645022,21.360555555555553,93.53796296296295,200.6590909090909,324.41567099567123,0.0,10.526306954525127,75.91512631241753,161.1708212016549,274.56833519632414,14.694936,35.32316,99.40643,198.42674,232.17485
2020-08-26 23:00:00,Sommer_windig,30,1330.7666666666669,1198.6,307.97346068897787,145.15567769364515,125.11167800533809,163.54031,179.77096755532014,0.7269392376846058,34.9874928921418,182.95568545997435,495.17379195751585,1121.4305282931118,7.201388888888888,22.471874999999997,88.62923076923079,229.5665750915751,383.97269841269855,0.0,2.5595450401138318,63.92706945624717,169.99248345434418,373.5202852186646,108.49921,35.32316,95.50342,214.21184,429.2331
2021-06-10 00:00:00,Sommer_ruhig,30,0.0,0.1666666666666666,170.71432298938703,185.66191855978593,163.46173455571048,180.9105,36.03125861204728,0.0,0.0,52.30964511360338,218.91340467706402,460.303636302453,3.2820833333333335,9.168386243386244,35.45,180.52050264550263,502.9018333333336,17.533372285867042,23.27734769686711,97.02043510639056,356.7096762572325,548.7945690949537,6.9532657,41.644047,123.161514,393.28485,467.38168
2021-06-10 01:00:00,Sommer_ruhig,30,0.0,0.0,124.04566519389041,120.43281416084183,99.29917675871906,128.3174,68.84374719022497,0.0,0.0,56.50465773148994,154.04143118512638,365.00924926986625,2.7045,8.489502164502165,25.665934065934067,136.4385281385281,283.0327380952382,17.512911547909514,15.690418423616073,85.27379843619833,305.9335654160719,394.40370171985785,4.8966923,31.77291,111.96474,250.46396,331.87936
2021-06-10 02:00:00,Sommer_ruhig,30,0.0,2.3666666666666667,134.89535685033024,113.80828383244497,99.60640038906735,106.52295,95.89510810018436,0.0,0.0,52.01457399181095,168.17201184480496,362.04533987685676,3.0178787878787885,8.626666666666667,30.859523809523807,143.86559523809524,261.11614285714296,6.488301840213064,13.181141478235006,80.2926489272419,274.2094694478658,356.0017247003115,12.2785,28.48516,77.307175,254.93564,343.12637
2021-06-10 03:00:00,Sommer_ruhig,30,0.0,3.0,116.72197032077912,111.9705558675284,99.60640038906735,97.225204,120.59261390833217,0.0,0.0,47.64521842800741,137.82523261629262,308.60581457484216,4.916142857142858,10.696666666666667,44.86388888888889,156.49845238095236,249.77937728937732,6.467841102255538,17.250412262681486,80.2926489272419,247.58052903791872,382.9418195323707,17.161278,36.798367,76.556335,231.43474,335.39374
2021-06-10 04:00:00,Sommer_ruhig,30,0.0,58.4,162.51083138738716,128.79394104725273,140.93832757409638,137.2099,142.9898170967579,0.0,6.928634717354896,73.60249926075988,185.45127953245878,389.2449411434749,12.072380952380954,32.895833333333336,61.27458333333334,158.20119047619048,241.14441287878807,19.53116743695953,40.106844965282086,72.05302727900904,210.04057383539356,368.67495242667206,16.090752,57.086266,100.87638,191.11787,352.84424
2021-06-10 05:00:00,Sommer_ruhig,30,0.0,176.03333333333333,192.9314218891251,283.095065302005,150.8763147378391,163.4809,163.30959013349337,0.0,27.94820131237509,102.62406417023547,226.6126092530336,412.8556179262716,33.798347578347574,59.44960317460318,141.375,253.71388888888893,388.1246666666671,21.651792028889677,69.72277855723947,144.28948538113548,203.055993833971,367.05539758237194,16.894585,90.845146,147.49434,206.30832,386.23282
2021-06-10 06:00:00,Sommer_ruhig,30,0.0,499.23333333333335,297.43564894306064,781.5910736769797,223.51868969395377,243.65924,181.74412793069828,13.770877890071544,83.70147080583307,199.5542305614398,387.2182665445897,554.9088200732921,94.1776893939394,226.78055555555557,429.70238095238096,1376.3020833333335,1621.8420000000008,39.667698184864186,143.023437747058,331.1131088569407,244.41715082471666,455.148337185528,35.09859,202.3509,277.65213,281.41724,478.3605
2021-06-10 07:00:00,Sommer_ruhig,30,0.0,318.56666666666666,279.72283520524644,1059.3916622398385,799.2926219813623,775.5854,198.4683679273415,6.970723961290744,54.34170958150929,144.2070643462401,321.8928459372616,549.6012159796521,127.18476190476191,305.2230952380952,1158.9844444444443,1586.4845588235294,1723.5171428571432,40.3177535417206,140.80413808039486,409.75061561235964,491.81759304183953,871.2365223882417,40.49208,194.49419,280.29974,454.52005,897.7122
2021-06-10 08:00:00,Sommer_ruhig,30,0.0,71.36666666666666,209.4833858034409,655.0399098431855,208.10460990522608,211.0547,213.64098448543575,0.0,16.250595544695017,65.69727501658585,177.8197484951437,458.6095249452343,22.424857142857146,44.858333333333334,166.61630036630038,1383.1584935897436,1643.8983173076922,34.75289039945724,121.59672225268969,281.4272231365833,236.02557194083482,389.73126845033227,33.271645,157.67433,214.65642,196.83157,431.00986
2021-06-10 09:00:00,Sommer_ruhig,30,0.0,39.96666666666667,215.36040875334672,113.4574207398544,106.21807504086632,102.07715,227.4059325386204,0.0,14.676441293477694,61.02821304997465,157.33208510313443,493.28469349041103,8.27065476190476,15.130416666666667,31.800694444444446,70.79967532467532,177.14388888888888,17.196442488713163,55.302605293278184,71.4923558842085,187.5413299637352,585.7625567336867,15.663096,25.061783,68.62379,131.47694,506.5403
2021-06-10 10:00:00,Sommer_ruhig,30,0.0,29.633333333333333,232.07497670660493,100.32201449849121,100.28144646540824,115.668274,239.89381121794997,0.3313636080914648,14.313911162512184,59.87637342500216,159.53687695440573,543.1219961235325,6.659305555555555,11.8234126984127,20.083333333333336,35.84444444444445,85.77886111111128,6.864524949702875,21.14074076100283,71.4923558842085,182.44044439932918,390.29019824764003,7.335511,18.034986,79.726295,120.63199,385.92004
2021-06-10 11:00:00,Sommer_ruhig,30,0.0,16.6,248.5900197785644,104.35659902489476,96.096353464597,182.98978,251.22310307661496,1.5221445830408769,13.973055992534569,61.91079532464107,162.20954100776868,601.3275560839645,2.6498148148148144,6.188392857142858,12.753703703703703,27.847800925925924,103.19984848484854,7.040435099380461,22.966469492095285,75.52491484285792,182.44044439932918,406.2544790607718,6.5815506,21.493956,61.317406,121.94316,341.00098
2021-06-10 12:00:00,Sommer_ruhig,30,0.4,3.533333333333333,237.71562756169197,115.92691580841905,37.28903309773563,105.2687,261.501298222044,2.381583954642238,14.560975248203121,61.51280290900968,132.66229111434473,608.2089880635081,2.7049999999999996,6.35029761904762,13.703613053613054,70.12239583333333,155.88376190476197,7.690985343119172,5.210481701154276,17.821444033532273,222.05773394520094,359.8346594701055,4.522679,6.5789576,0.0,195.60468,315.56516
2021-06-10 13:00:00,Sommer_ruhig,30,1.1333333333333333,0.8,220.28092165530208,115.56639749777698,110.10178674616833,208.0157,270.8259141614538,2.823323659396909,15.832716548672309,61.83680425839401,101.7551932310148,598.7314272588203,3.3225185185185184,6.6661363636363635,15.91456043956044,116.54249999999999,186.76041666666677,2.630450250516432,34.859729114487884,48.275418037046435,246.69421183420644,391.88329609317066,3.4366167,17.914251,66.23299,204.18504,345.68106
2021-06-10 14:00:00,Sommer_ruhig,30,1.2333333333333334,0.1333333333333333,208.91487177943435,119.89653983098079,183.8081037821754,233.65242,279.2854210288791,0.8755272018602085,12.326041906965784,53.57675729873563,91.0067658175912,585.0200856607797,5.52904761904762,10.36875,28.106277056277058,120.93564814814815,198.26513725490202,1.4550940170956546,36.12123059619871,57.32782165016763,285.458333629697,432.5547683590446,40.32266,23.530935,59.232914,291.96445,362.96976
2021-06-10 15:00:00,Sommer_ruhig,30,43.8,584.2333333333333,380.14754835829365,593.9655918800743,388.79079390674656,477.13287,286.96008097251917,27.136519831974724,102.91116734368154,223.2900737768639,403.7805680029312,819.4251712688394,47.49416666666667,124.53189393939395,262.68148148148146,568.5458333333333,1481.2668333333338,22.87246974711286,49.474249661021844,121.63985100704885,371.59322588546604,728.0290673454081,28.122147,69.79975,140.8559,401.16934,853.5546
2021-06-10 16:00:00,Sommer_ruhig,30,99.0,359.2,371.9361087178115,599.8790311919319,325.0452454737557,451.82257,293.92270966631673,8.113843771798138,49.187297379993275,134.78371121300435,396.0067250283965,813.8375483754972,46.93558333333335,115.30272727272727,261.2914351851852,567.3760416666667,1512.4700378787882,20.498146779026513,43.954705112053254,115.9819126337431,347.76434197600423,784.9097776147132,25.923956,70.1152,146.01614,396.06128,859.3701
2021-06-10 17:00:00,Sommer_ruhig,30,360.9,55.86666666666667,270.6001195986111,60.68035056961308,60.22378362381177,79.61798,300.2393671708446,0.0,3.8211740767722375,61.920619172222416,224.8570942679412,707.5799664433677,10.848518518518517,21.44419191919192,34.28492063492064,59.06538461538462,138.45222222222267,15.516397183708769,11.912777441837967,31.323541527266027,105.37996638101484,403.1425130700693,8.864269,5.2180676,23.694677,86.28205,458.54926
2021-06-10 18:00:00,Sommer_ruhig,30,471.46666666666664,33.0,241.64693489729072,54.31323687968579,35.005005901625765,58.917343,305.96998469825235,0.0,5.203076598239207,74.58669338846829,185.63482576374463,690.9116907117367,7.599870129870129,15.899404761904762,28.611250000000005,51.12083333333334,104.20583333333343,3.8226877765073866,10.414929066338772,31.86461149912701,239.2200017821469,291.477938681377,2.719369,9.179256,15.401403,30.221218,253.61095
2021-06-10 19:00:00,Sommer_ruhig,30,4.033333333333333,13.833333333333334,222.64444519675936,58.68968302237524,78.10096483658613,69.7572,311.16893322789673,0.0,0.9496558487038129,74.1248300747956,172.32893262151066,664.9279960046905,3.5714814814814813,8.514285714285714,28.21484848484849,88.81249999999999,140.35111111111112,0.49167194985209844,6.232226087825922,11.349612527081284,122.21718868862605,293.6820431014051,0.0,5.8305907,7.198135,139.11392,264.0342
2021-06-10 20:00:00,Sommer_ruhig,30,0.0333333333333333,0.4666666666666667,136.09451876584973,71.82071241590796,87.33711106050455,57.813435,315.88553936757023,0.0,6.415856553000566,79.00437270804744,60.77595210733705,520.1227996463942,3.587314814814815,10.323842592592593,56.88414141414141,133.03670634920633,196.3690909090909,0.0,1.6476844769112013,16.02139655034968,44.117225290928,244.75405217139502,0.22195369,2.730528,0.0,122.28165,212.93857
2021-06-10 21:00:00,Sommer_ruhig,30,0.0,0.0,144.16869072758965,70.44677429253493,61.504825664150765,23.34817,320.1645533547172,0.0,0.0,71.22037168440534,90.07512764269029,517.5381943759351,5.907619047619049,25.578819444444445,74.30888888888887,127.07999999999998,163.2019696969698,0.0,2.8305494447995456,3.4229231831373235,142.87400922656397,216.50622248088152,19.42314,12.1426115,0.0,126.12341,185.6835
2021-06-10 22:00:00,Sommer_ruhig,30,0.0,0.0,117.06738609661664,70.50490490549699,61.504825664150765,24.23331,324.04657363794297,0.0,0.0,67.47643689653296,65.7242462188392,453.29657324626305,7.119291666666668,30.621296296296293,82.48333333333335,132.5876893939394,167.66738095238097,2.717720431670312,21.40391089029065,14.456614163144335,142.87400922656397,169.86122909826034,20.836582,24.857367,0.0,125.43099,127.63628
2021-06-10 23:00:00,Sommer_ruhig,30,0.0,0.0,96.55185445910757,72.01595941802779,68.44202064240966,58.359383,327.56843206716115,0.0,0.0,54.158438098532656,54.42502070754057,382.70040607219573,9.70438888888889,32.816035353535355,85.9233630952381,139.45454545454547,180.7653333333334,3.150272332700239,21.90669410768535,34.92901147216231,133.83733066195163,196.5779342512891,2.321261,35.293255,42.288204,162.61569,102.63409
2021-10-21 00:00:00,Herbst_windig,30,1426.2666666666669,385.1,471.0955012139483,391.2197757797405,568.3262295066522,239.55196,834.7136284818632,2.470971781395265,95.29131869349291,268.37199674614476,827.1545356824788,1247.1899692543416,46.13121212121214,95.36578282828283,314.2345238095238,780.5875000000001,947.4130769230769,0.0,60.61929657446016,393.24379280464285,802.2908046294256,566.4555544122949,20.06784,79.48252,335.67038,490.7932,577.3473
2021-10-21 01:00:00,Herbst_windig,30,1632.1666666666667,303.56666666666666,455.25931293624694,364.3622633205407,569.7377050820161,234.13237,841.6837790574093,2.7881366281994717,97.03828243446534,266.68965178792723,792.4614119679313,1202.3353876956598,57.38207407407408,118.07242424242425,334.6675757575758,665.6664682539682,892.2945714285715,0.0,81.26080445230774,400.34987766095395,793.8340912138098,521.2964257524901,23.242558,105.61494,348.64365,510.20987,509.89377
2021-10-21 02:00:00,Herbst_windig,30,1271.1333333333334,226.43333333333337,437.4379418382624,353.0826341179355,569.7377050820161,234.13237,831.1826558427808,3.182668107334094,97.38971459702933,263.47002795953017,758.0131014439057,1157.45225996223,64.65996825396826,111.86805555555554,293.9421717171716,620.0134848484848,888.2484523809525,0.0,100.3351016317963,343.79792522105987,750.3281043043644,464.5698736500176,34.40353,115.036095,356.81757,509.54703,466.6801
2021-10-21 03:00:00,Herbst_windig,30,1503.7333333333331,527.5666666666667,441.92591622531415,233.64350884890848,194.532827374461,205.66362,811.9727204567444,4.1019030612854355,107.06231633328682,265.8580984710827,808.7202019046807,1194.3716479195614,40.297916666666666,69.66666666666669,120.5513468013468,230.78854166666667,455.2133333333341,0.0,88.60072193926683,270.2257786356817,470.0793485974717,476.722001391239,49.519577,103.21879,342.37106,464.28543,475.73087
2021-10-21 04:00:00,Herbst_windig,30,2262.733333333333,997.9,464.53033929533717,177.18030178425613,140.8555157056695,134.52896,788.7492932852053,5.560700573340471,126.43873935228171,274.2513563606136,900.6716110909503,1262.6057451888414,40.297916666666666,65.20625000000001,118.91578282828283,189.67738095238093,253.8216931216931,0.0,119.69105352027806,250.56340281441948,316.5150818918624,476.7190377516617,45.59522,108.23881,309.56277,321.3859,397.91443
2021-10-21 05:00:00,Herbst_windig,30,2363.266666666667,1148.8666666666666,470.19761968350883,172.9027472421832,128.4687071663743,81.2064,764.0130315920751,6.714730629397234,137.49660332832835,278.11283221637837,924.9848145265486,1262.8215156912815,39.919047619047625,72.93645833333333,133.62060606060606,194.86057692307693,258.4856084656085,0.0,121.38827618979363,136.11964510959183,285.79731842628047,471.56838076533495,48.27598,108.08154,144.38818,314.55707,397.32675
2021-10-21 06:00:00,Herbst_windig,30,2358.866666666667,777.5333333333333,422.91914454718176,171.15115234357134,128.4687071663743,89.6493,739.081107098634,6.346114797113421,115.87372130181555,263.0253620246418,832.0399889152952,1174.4293215227203,55.90456140350879,103.52666666666667,158.57006033182503,235.9637700534759,284.76097902097905,0.0,107.39145817232065,136.04332393526207,285.0798787310564,471.56838076533495,51.02599,97.96652,125.790405,282.31,397.32675
2021-10-21 07:00:00,Herbst_windig,30,2351.0666666666666,918.5,427.6444902071638,172.1448832228646,139.32382384097124,99.50047,714.6332238088098,7.225547935305361,122.0356314331622,263.2442382444252,855.8560712897237,1182.2214637447069,55.90456140350879,103.52666666666667,161.2269047619048,243.2270833333333,293.76442424242424,0.0,105.27643011232495,136.04332393526207,285.0798787310564,471.56838076533495,49.246704,95.46522,109.82447,282.61475,473.9079
2021-10-21 08:00:00,Herbst_windig,30,2358.8333333333335,681.2666666666667,402.24493551347666,149.02116919774718,179.91906289544207,122.89488,691.0064205358684,7.212786252456851,109.84231569464166,253.6158375123106,797.3738948298591,1119.565290915596,68.48028205128205,111.05486111111111,178.69094551282052,246.86335227272727,307.78200000000004,0.0,99.76669410983467,123.84400691006077,263.51570735264835,457.9410388350454,46.847496,95.24811,113.781906,229.08257,454.52432
2021-10-21 09:00:00,Herbst_windig,30,2032.1,1108.7666666666669,435.8275690760405,142.5603269350542,26.1670298054177,0.0,668.3542033916442,8.51539268351681,127.49299021019507,263.21408839815126,892.6418999644034,1186.5502291053012,35.397202380952386,76.7429487179487,138.67314814814813,233.48030303030302,306.0878571428571,0.0,108.97463139529678,92.84597522996877,196.26291225451882,362.49991059257763,41.687706,93.43347,79.91473,226.17577,384.19543
2021-10-21 10:00:00,Herbst_windig,30,1869.8,992.7666666666668,413.39467759111665,114.83720240568898,2.7464523665468668,0.0,646.7324108212506,8.41486558932974,114.26013581435132,255.80372511644634,857.9293819559678,1133.281931551703,5.15452380952381,31.325291375291375,81.87979797979798,150.471626984127,240.74257142857144,0.0,96.12716871145803,81.80583912101234,182.60769015374035,353.55556955518904,62.331295,99.45814,63.39504,213.58617,374.5494
2021-10-21 11:00:00,Herbst_windig,30,1887.0666666666664,639.4666666666667,383.35143852365104,110.36896371411895,41.77760832981242,18.154465,626.1455128832652,7.869243108871922,96.1206321153541,245.18374502824264,775.3634453921243,1042.9699406946434,0.9369391025641026,28.58032407407407,80.03452380952382,150.97583333333333,247.52500000000006,0.0,92.59596564279832,85.9379703419445,171.50189862458106,497.1823101790807,40.947575,91.25577,71.490776,239.46075,432.3705
2021-10-21 12:00:00,Herbst_windig,30,2114.1666666666665,583.2,394.3840652611741,135.51537494264815,47.65736507673402,4.8911138,606.5715459311748,7.603596317535995,94.1542480098719,245.6067545803757,781.7828855809224,1063.3743961141881,1.2763636363636368,25.787500000000005,72.60833333333335,151.15249999999997,300.5477777777783,0.0,88.4747711964587,81.70292153980303,196.87441731400426,547.0812077467256,42.636345,83.349144,57.91117,204.57709,417.94952
2021-10-21 13:00:00,Herbst_windig,30,2317.4,1150.3,453.11250101509995,193.9944914040467,41.36959684749262,0.0,587.9755124458914,8.428553604299275,117.17091353242827,263.0915788010518,927.8321886902401,1199.2106114474004,1.9644871794871799,20.274791666666665,81.85317460317461,211.91363636363636,639.6517424242426,0.0,113.3978531081229,77.48209170071766,355.83412314954614,620.0788044744683,65.205475,101.30264,81.412,351.81586,556.5781
2021-10-21 14:00:00,Herbst_windig,30,2293.4,1176.3666666666666,458.55988048577547,232.8968894250487,241.99087962320104,172.65965,570.316554613529,7.901210590861304,111.89455551175942,265.528886972023,947.4056483476124,1221.7076667322099,4.400615384615385,8.972435897435897,18.77409090909091,495.2775,869.3626666666665,0.0,112.25949379621483,195.59889475976917,648.8505376390502,772.0710664705995,62.82825,100.06,202.30562,639.9795,751.04565
2021-10-21 15:00:00,Herbst_windig,30,2255.733333333333,1633.6666666666667,534.9241092341467,228.1731434590837,241.58161227555306,154.93596,553.5517685005073,8.688745167661281,143.94176284435903,292.27927835107914,1092.5855726249006,1368.3650807570918,4.408,8.879285714285714,16.786309523809525,447.325,788.9375686274511,0.0,123.78335019399537,201.06187699833586,668.9826383531348,738.8703050656703,54.565918,110.51221,203.67633,634.86304,761.8229
2021-10-21 16:00:00,Herbst_windig,30,2253.633333333333,1789.6333333333334,565.0446404270238,200.81164256067575,162.4020606590881,139.03166,537.6382069693145,8.470472999662219,152.17894843369274,306.54791117690445,1156.939519125333,1436.844141722758,3.89623015873016,8.000520833333333,16.469841269841268,431.97521367521364,780.6857142857143,0.0,121.78839044072868,235.86016066364738,533.2038695432557,624.1325996717549,56.75175,110.616776,224.74542,552.6773,668.55237
2021-10-21 17:00:00,Herbst_windig,30,2215.366666666667,1688.5,578.1264772132272,187.46449873075096,157.9432882662971,121.828636,522.5339072884376,7.723215653430168,152.00468568633062,315.9431307178908,1167.1086850930442,1465.9171966282493,2.7530555555555565,6.470571095571097,14.420454545454545,134.79222222222222,776.5041666666667,0.0,112.51241007868596,236.2191079115584,498.75253560829987,605.2323279427331,54.402016,115.95924,220.66252,445.14252,662.6598
2021-10-21 18:00:00,Herbst_windig,30,2240.0,1627.5333333333333,568.0317098058267,175.96458963260923,139.81064295810495,68.43557,508.1983947638287,7.431119706452849,149.7767251284116,321.74371399379487,1145.2676891346782,1408.664065882556,2.4276666666666666,6.589583333333334,14.930555555555557,159.0442765567766,859.9651282051283,0.0,112.28115120462478,234.30797016657584,498.7979761762191,576.2023331003214,22.170254,42.53651,224.1688,425.1673,640.89923
2021-10-21 19:00:00,Herbst_windig,30,2059.8333333333335,1903.2333333333331,607.0817664846329,121.54152792021438,102.61752871426918,89.77756,494.5929060008693,7.568271703166317,167.40737138926872,341.61348960322096,1234.2660259318186,1499.487524125911,2.2487619047619054,6.28125,14.426406926406926,68.74166666666666,463.87515151515186,0.0,35.61202653727243,213.02497838637487,466.3965269543142,583.1923784744139,22.173603,39.86605,203.2512,428.5419,663.0173
2021-10-21 20:00:00,Herbst_windig,30,1537.1,1361.4,567.0781190280982,187.96683937288927,129.70076300419234,109.155136,481.6804632299595,6.052747728979719,145.94355378249372,336.60504648747417,1126.3049483619616,1412.6445638041748,3.455185185185185,9.389787581699345,23.87708333333333,426.5894230769231,686.1027489177493,0.0,55.180216374380066,187.60807008633128,461.4570781261048,595.5731358655503,22.435385,38.69526,135.5221,432.94928,666.12933
2021-10-21 21:00:00,Herbst_windig,30,542.1666666666666,1165.6333333333334,550.8925553510126,359.9627338424018,156.13354389786676,218.80406,469.4258705525882,5.523900329481911,141.97619090738672,338.4114242179911,1081.7703624170135,1367.470274453512,7.007792207792209,17.30041666666667,349.7197802197802,688.78375,823.5843703703705,0.0,57.24297877813244,204.91269144034038,491.847835483363,622.3516413361622,27.48258,54.38411,198.94177,461.80847,728.1893
2021-10-21 22:00:00,Herbst_windig,30,483.6333333333333,1007.7666666666668,530.4347465176126,390.96400148126963,233.56373169480594,241.83292,457.7956702556136,5.150452583926622,137.8596597019888,338.33165957635197,1037.5475078360605,1318.6852807930688,8.193333333333333,21.5025,451.51476190476194,724.9734374999999,840.0977222222223,0.0,57.62463167009332,203.64746579257465,460.0412035880504,655.3767269513194,32.152485,50.96267,247.76306,409.78793,715.6591
2021-10-21 23:00:00,Herbst_windig,30,306.1666666666667,845.6666666666666,524.7067881121111,418.12446601734956,294.69697168821284,259.34073,446.7580796823086,4.696702070650545,137.58046407068107,339.81917584666144,1014.1175496232793,1326.5437106290503,8.330666666666668,21.192857142857143,409.9104761904762,735.229356060606,850.2320476190476,0.0,54.62964215608856,228.43056787839149,438.9227354810058,669.942478262334,10.504385,50.45107,200.66182,397.98038,807.0783
2023-09-10 00:00:00,Herbst_ruhig,30,0.0,21.433333333333337,98.642110131115,18.788202123668384,24.42948130940957,26.74211,28.91938392281145,0.0,0.0,15.990367308396564,205.4828436742316,261.2704061865363,0.0,0.0,0.22499999999999998,11.534722222222223,26.39941666666668,0.0,0.0,6.112384690850154,99.55747588871506,298.5697105049507,0.0,3.896751,6.1555967,59.566277,199.90761
2023-09-10 01:00:00,Herbst_ruhig,30,0.0,0.0,89.78215824787398,22.755989956440175,56.54921300883806,36.073647,56.589360254917636,0.0,0.0,12.327851187079062,198.67938761236087,249.8695700847893,0.0,0.0,0.012087912087912076,13.1625,40.36777777777779,0.0,0.0,3.7522429869122362,96.4526020384922,248.93131134915598,0.0,2.838653,4.7472434,82.80021,219.8338
2023-09-10 02:00:00,Herbst_ruhig,30,0.0,0.0,94.67142698535473,24.59932802599478,65.33093195870498,41.455654,77.57222111658231,0.0,0.0,14.323419243276213,201.34584936052875,270.85911332369426,0.0,0.0,0.0,1.8560185185185185,15.839166666666708,0.0,0.0,4.706544839324718,101.91507640203814,289.917574222953,0.0,0.76052153,3.2699654,84.65413,206.3421
2023-09-10 03:00:00,Herbst_ruhig,30,0.0,0.0,93.27996230276169,21.48610010172162,104.9411813530093,75.09809,93.48445049526893,0.0,0.0,16.70395551499567,197.06558829686642,277.92406280699964,0.0,0.0,0.0,0.47824074074074074,5.58344444444446,0.0,0.0,4.706544839324718,115.5852877440208,272.94313208118115,0.0,4.861239,6.7607703,101.71073,199.50243
2023-09-10 04:00:00,Herbst_ruhig,30,0.0,0.0,90.40370885702092,22.220122849225607,92.06246463570061,72.070305,105.55177335642644,0.0,0.0,20.727608932137812,190.1941867146887,283.0039639149312,0.0,0.0,0.0,1.4141666666666666,18.27121212121216,0.0,0.0,4.706544839324718,107.53520830092988,244.57042109204357,0.0,4.359167,8.757988,96.620056,161.03525
2023-09-10 05:00:00,Herbst_ruhig,30,0.0,0.0,85.68039616115279,25.247039352251562,94.68607850918242,91.22485,114.70361540983805,0.0,0.9179469192261767,21.006662843684104,172.58212948055882,271.6679852520035,0.0,0.0,1.8043650793650796,15.2625,56.98285714285714,0.0,0.24833291349804634,14.667476144389216,103.89169161617964,287.05849420566693,0.0,6.1763105,24.247221,96.148544,180.81087
2023-09-10 06:00:00,Herbst_ruhig,30,0.0,4.066666666666666,83.34902837090269,33.82309718597109,80.04754948615314,89.24542,121.64472873215392,0.0,2.7171498412417128,28.51305697832859,165.21880222395862,278.99201775725726,0.15884848484848488,4.070833333333334,21.486894586894586,45.12626262626263,64.42200000000001,0.0,4.499795855495798,18.939831636870867,102.67047869554366,275.44949254023294,0.9215724,10.154604,23.323353,96.7934,159.88902
2023-09-10 07:00:00,Herbst_ruhig,30,0.0,15.033333333333331,75.87673894199894,37.43910476890512,59.77491623577616,73.204384,126.9095030361458,0.08013521615192648,4.078294591068767,24.9975394110987,136.58482645442865,243.80614922529514,1.423333333333334,13.786363636363639,38.22631578947369,54.64484126984127,64.80416666666666,0.0,4.499795855495798,15.472743569156696,99.95456348070948,226.08318762156972,0.88615733,11.6413555,19.1534,65.56303,137.75102
2023-09-10 08:00:00,Herbst_ruhig,30,0.0,12.066666666666666,71.7831695011947,36.54458815779648,57.687585800753844,42.01668,130.90314805578484,0.17213915300370078,5.517317795104376,22.51414723718719,110.47347266688439,219.59867810079248,0.9733333333333333,6.9067460317460325,36.59047619047619,54.64484126984127,68.6429120879121,0.0,6.236865720902574,5.64865448527119,84.4086130653928,210.07088810635756,1.3695009,11.490881,8.710445,63.07326,134.65755
2023-09-10 09:00:00,Herbst_ruhig,30,0.0,17.2,67.7377621107508,32.28740058462198,57.687585800753844,41.1704,133.9329207457598,0.2530398383113937,6.785750147764091,20.56124246900827,86.87531738327957,193.3873095932169,0.960952380952381,4.879662698412698,35.55972222222222,52.30424107142857,64.45541666666666,0.0,7.883245627958558,3.645764955045755,76.37521501504185,174.91471134054026,0.9736808,12.857596,3.9375691,40.134495,102.25532
2023-09-10 10:00:00,Herbst_ruhig,30,0.0,0.5333333333333333,64.05092889251384,58.21442716782539,31.085726279462083,24.658484,136.23180380296614,0.3145214475994307,8.26692925345756,28.65591839055871,82.2430225033797,198.8030925704615,13.940333333333333,29.564304812834227,51.23796296296297,67.84930555555555,101.02666666666669,0.0,5.7244328931383235,6.490269703431981,59.5339442389995,131.706424841079,1.4906255,10.526909,7.807173,37.526215,83.17386
2023-09-10 11:00:00,Herbst_ruhig,30,0.0,0.3333333333333333,61.08474774655572,58.23469213429777,19.53861423825659,12.01138,137.9764602826354,0.3592611109145569,9.024508765421496,27.951529636874326,67.47894970538485,179.1633314891577,13.324444444444447,30.008974358974356,51.62040598290598,67.95625,96.77208333333337,0.0,5.7244328931383235,5.638081917028614,55.012676626798275,88.30208116085176,1.4848527,10.488383,5.6259375,28.87769,37.566185
2023-09-10 12:00:00,Herbst_ruhig,30,0.0,0.2,60.22101742176602,63.96166052442328,17.86597605875676,12.01138,139.3008479720476,0.38376357237475267,9.661089555708115,32.668667592334444,66.53491666383641,179.25547684493773,19.594444444444445,40.45953703703703,58.958194444444445,77.725,108.06277777777777,0.0,5.40318311614102,9.282664625361955,72.10907913116536,99.67292379338426,1.0779172,9.534993,5.3185296,51.93615,63.701836
2023-09-10 13:00:00,Herbst_ruhig,30,0.1666666666666666,2.5,62.474965000398626,58.389045528735195,26.497410840112565,19.88164,140.30654270629452,0.39276271228296317,9.552373888030795,27.96737191759712,56.2318677295778,162.82944016308295,13.061111111111114,28.89978632478632,49.816544117647055,65.5125,96.2663690476191,0.0,5.7244328931383235,7.764363825460911,63.70904157643195,84.66421355207396,1.5154535,10.96447,5.6259375,34.871296,42.24614
2023-09-10 14:00:00,Herbst_ruhig,30,3.566666666666667,0.3666666666666666,66.62382720085236,64.06025952005258,41.2430445413371,41.664116,141.0705661869289,0.3754965868478117,9.449126349398192,33.15065006222139,68.10096592364786,179.22988785900378,14.704038461538463,31.647083333333335,54.26322751322752,71.99761904761905,102.20607692307698,0.0,6.013265758744009,6.490269703431981,68.2303091886332,151.92478185893538,1.644472,12.020176,7.499765,64.61065,102.38794
2023-09-10 15:00:00,Herbst_ruhig,30,7.0,0.1666666666666666,71.77071038432817,73.01785307713672,82.28707351799363,74.52292,141.65132155017483,0.3376636892317916,8.924155837975778,36.91145726400256,82.94202584335031,196.73548815168874,21.695454545454545,41.13916666666667,59.05416666666666,78.39861111111111,109.61859259259258,0.0,7.585631355874933,11.028660984478005,104.52558298236569,210.72742187475993,1.4024941,12.932596,7.4784126,105.00787,146.92085
2023-09-10 16:00:00,Herbst_ruhig,30,1.0333333333333334,5.733333333333333,80.93028461731276,56.62857765846236,77.62970814874629,67.300385,142.0930941061013,0.2904394602261354,7.568151601019377,27.82988805943944,83.0521412614456,190.58767085887177,11.374761904761908,29.27361111111111,47.20857142857143,62.86936553030303,80.14385714285714,0.0,7.906881132872237,7.68698781860452,94.40167477490856,185.65853463234095,2.257509,12.94583,8.714264,82.99552,130.99323
2023-09-10 17:00:00,Herbst_ruhig,30,0.7666666666666667,0.6333333333333333,91.76054755333934,85.88260794297523,67.81419644639914,67.18195,142.4294640958219,0.22399435184366648,6.882061055890945,40.54674416612322,122.91213075329593,250.06607819936582,19.16601851851852,38.99940476190477,62.811471861471865,119.5672619047619,212.23933333333335,0.0,7.14379155304353,13.934502318785565,131.5525893864367,203.9390804216051,2.7528296,13.562053,15.463198,105.891106,136.54291
2023-09-10 18:00:00,Herbst_ruhig,30,0.0,0.0,103.42189237355919,96.73897857826469,61.9350283542274,57.324425,142.68589446903243,0.15323153762801955,5.777106551896998,46.474675019755146,154.57375135349872,295.94663561015443,6.601794871794873,34.119859307359306,77.1375,162.90674242424242,243.29256410256434,0.0,7.966969367912927,17.68143148545222,186.5764161764174,231.7323796459996,2.7955852,14.040914,16.295181,121.54366,206.80588
2023-09-10 19:00:00,Herbst_ruhig,30,0.0,0.0,113.00443495007349,85.34195555956246,50.7998184408287,55.42151,142.8816931075776,0.08076657513424551,4.0065441420566525,37.81189194870469,163.6244805447603,302.8735993953376,2.1590000000000007,6.939444444444444,33.31865079365079,141.3686011904762,252.92374358974376,0.0,3.3418480239851105,4.93987116233438,135.21232357106933,232.33535477862472,1.2690824,9.851416,19.436272,98.45894,212.44017
2023-09-10 20:00:00,Herbst_ruhig,30,0.0,0.0,121.5918934132703,91.1161973684901,47.74592978582919,63.393864,143.031500712755,0.006271490960250453,2.5768392358698726,37.19115301926391,186.00492536360514,330.4538504548344,2.1490952380952386,6.939444444444444,35.68722222222223,148.72694805194806,291.64895622895637,0.0,0.48550967979646437,4.101826771178216,141.84581144617593,232.33535477862472,1.1278654,9.681882,14.51512,98.572876,214.15105
2023-09-10 21:00:00,Herbst_ruhig,30,0.0,0.0,128.26479761835702,177.51933699098038,179.72955314523813,149.696,143.1464190195911,0.0,1.798748232966192,49.61289596885307,228.11662599348003,389.39960947740576,6.503613053613055,37.48418803418804,213.43516483516484,346.0332621082621,451.4650000000001,0.0,10.009125327441673,12.055955674990827,204.3854888561693,234.32239818798521,3.5326066,21.378418,53.13913,167.55634,266.4239
2023-09-10 22:00:00,Herbst_ruhig,30,0.0,0.0,132.05099131784385,241.9940236248234,245.71448310093825,200.67802,143.23486628331477,0.0,1.151091435876455,58.23608197234094,258.68626414337746,433.64322525223423,44.68494017094018,179.8837301587302,301.3420634920635,410.59694444444443,503.998,0.0,9.516752169403567,97.43253205727986,317.43334713371036,245.89095625890573,3.6793659,35.08505,139.99088,268.0161,306.5234
2023-09-10 23:00:00,Herbst_ruhig,30,0.0,0.0,126.37440760691439,300.288946426092,371.32426793666065,322.68765,143.30322596562957,0.0,0.7897369007960782,66.83913982466765,281.535092675486,459.8774667088692,128.64305194805198,227.16587301587302,314.14935064935065,404.3759259259259,483.4820303030307,0.0,12.896446917891007,211.74824120371164,519.1652993990683,476.394702260796,3.661051,31.68993,180.62738,479.2664,547.3385
2020-02-10 00:00:00,Winter_windig,30,2278.5666666666666,58.06666666666667,490.85342475139936,1903.9432361918546,1652.3438474885143,1627.1984,2111.30047545743,14.768297990694322,93.21064458581486,263.7109616752899,736.8991488946974,1175.8476631445524,808.4878571428571,1431.6530952380954,2042.3247474747475,2195.4785714285713,2248.7512121212117,0.0,331.2455863031325,1188.614558229321,1715.2212347770026,1638.8217113970463,159.91835,148.45958,959.13416,1804.9883,1782.7466
2020-02-10 01:00:00,Winter_windig,30,2352.4666666666667,52.2,455.0056722068081,1642.1574212362152,1212.3061631553735,1147.6813,2024.7354483777954,14.548761272850491,83.3575202799388,238.9811645795955,686.3532162303511,1108.7181228624054,669.1638095238096,1327.9519345238093,1945.2531565656568,2188.1560416666666,2240.2257142857147,0.0,271.1166501304984,1072.022624179413,656.3830749940142,1625.8072826610157,30.710398,128.66756,849.5713,1309.7529,1584.4596
2020-02-10 02:00:00,Winter_windig,30,2292.5333333333333,84.0,466.18015936361263,1680.75052880173,1431.0688665498383,1187.2659,1953.174344824782,19.094908521302294,92.72899457565805,255.17477114399622,690.2689993597196,1105.590558196829,603.5876785714287,1327.9519345238093,1945.2531565656568,2187.5599999999995,2240.2257142857147,0.0,337.4296706462293,571.42296056355,1401.7405368542607,1004.7389815755247,157.80263,149.95145,868.30615,1310.2944,1246.3828
2020-02-10 03:00:00,Winter_windig,30,2320.4666666666667,223.83333333333337,530.4376019696622,1594.0164559614675,1408.9346946559497,1166.0217,1892.9672943826572,36.64108456467832,122.93847288015178,286.8663153466605,760.2157551119951,1273.0422606981617,338.372380952381,1195.917234848485,1894.624074074074,2186.5257575757573,2237.0703703703707,0.0,361.4003084362571,609.3648352663571,1401.7405368542607,1031.9665910846074,159.98402,216.85873,913.19037,1258.7203,1266.8115
2020-02-10 04:00:00,Winter_windig,30,2208.8333333333335,435.4,589.6085514603169,1499.361869640552,1240.8009858095745,1217.721,1841.3857166562561,63.79549904046943,161.1144232875143,322.88872049523764,822.2184087991767,1358.442555209867,286.4603333333334,988.82,1758.2447619047618,2170.740064102564,2234.93425,0.0,325.5083254820674,1058.7535287095563,658.2851946412937,1667.9785617397827,60.49308,177.39435,1182.7864,1096.692,1846.5227
2020-02-10 05:00:00,Winter_windig,30,2355.8,527.1,622.0468451120289,1272.7185868838696,1244.0392669150128,1335.8619,1796.3890134951753,75.1049249492356,180.02405502153897,349.1102867205728,856.2158372306259,1388.7460886456506,146.30420833333332,421.2008333333334,1438.8107142857143,2120.9771825396824,2219.6622857142856,0.0,377.91128123851155,1204.9984397115124,700.317970728843,1660.3579408386158,61.888596,207.24156,1051.5947,1286.0675,1889.6245
2020-02-10 06:00:00,Winter_windig,30,2361.1666666666665,441.76666666666665,587.2194554371001,1436.5323243595367,1275.2014622177662,1285.3041,1756.450360736973,62.6332650840578,158.7636190879129,326.1456072335005,816.131921331076,1326.41370265897,303.212380952381,1041.4438446969698,1704.7238095238095,2157.795909090909,2229.7258974358974,0.0,330.1896003798178,1105.9416211966072,695.0308702774385,1660.3579408386158,57.639282,137.72115,1007.6047,1270.1022,1882.3271
2020-02-10 07:00:00,Winter_windig,30,2314.9,598.9333333333333,636.7138564458351,960.843375126243,945.5141961330118,1270.4803,1720.4266285260674,82.06781632213927,187.33181932898887,357.7912454287148,875.1431456597342,1387.0813574431602,103.84865800865802,202.4605769230769,1036.3179166666669,1565.7094696969693,1957.7218981481485,0.0,375.26805328364475,1150.7842870123036,748.4321463649877,1671.1432561094418,64.904205,158.18782,973.0822,1086.7521,1834.342
2020-02-10 08:00:00,Winter_windig,30,2350.7,893.9,727.0371930689003,588.4623803506446,668.0833263019041,1185.4125,1687.4612516750403,120.2847056926999,245.37121102797317,427.22741265796753,982.2774023531387,1455.272990538896,74.18955555555554,105.98226495726495,327.08124999999995,1457.4416666666666,1656.6765,0.0,357.96185903007046,991.0250102922197,804.5025082245903,1580.163104315611,78.73224,183.9135,1041.4926,956.76373,1685.1174
2020-02-10 09:00:00,Winter_windig,30,2328.0,1351.9333333333334,861.3440355326927,528.1249770521524,429.72491430291404,808.75336,1656.9117032590657,181.07209348683406,338.0467246386718,541.1417059885629,1141.6257433779022,1515.9975769057974,55.98794871794872,86.84166666666667,228.5339393939394,1244.2605158730157,1593.1032142857146,0.0,340.9938783480267,824.9674986878233,652.2035840253551,1369.0625011315326,151.0036,194.05257,785.1321,703.8273,1541.6741
2020-02-10 10:00:00,Winter_windig,30,2293.866666666667,1668.8666666666666,964.05305178499,513.0408549551042,383.94524674222964,722.17676,1628.2953390312537,223.22584072004935,404.65742733038917,627.4438376098572,1272.2602539744375,1590.3932724660008,47.365,71.32310606060607,197.8488888888889,1228.9529304029304,1593.1032142857146,0.0,172.57681286031772,566.6511722712328,655.9996740200082,1195.7526326013108,159.59471,211.13486,767.79755,676.2898,1377.7474
2020-02-10 11:00:00,Winter_windig,30,2325.133333333333,922.4666666666668,787.4078879682625,556.516541162307,370.92613922065146,726.6616,1601.2489590287805,121.27330265292619,255.69656884314747,456.12162240255395,1099.8443428704807,1661.617116969846,40.85912698412699,56.74272486772487,182.79444444444445,1392.0380952380954,1643.6108333333332,0.0,123.32069533442406,417.6518921041391,646.6150701084497,882.7269425444097,63.936203,145.18803,709.2803,650.16693,839.9159
2020-02-10 12:00:00,Winter_windig,30,2358.9666666666667,1186.4,885.1163767101103,453.22154804217956,182.03139614390957,270.71893,1575.4986115876886,155.7586977215343,311.87749850332847,525.2546918523744,1221.164832925428,1780.5171540028884,36.789722222222224,54.14479166666666,95.73408119658119,738.3233456486041,1617.1997435897435,0.0,128.83335965263865,336.70428680246704,742.2083290188285,766.167665759409,72.86178,114.356705,475.50647,470.08673,822.09985
2020-02-10 13:00:00,Winter_windig,30,2309.233333333333,1833.5,1096.667726094312,321.7161826996152,364.90404021560323,385.5817,1550.8370452087624,242.2003601210076,448.2761474158174,689.3117761184828,1467.8945889414863,1966.9677838330704,33.64142857142857,47.86277777777777,75.07,291.46214285714285,1225.16402930403,0.0,265.6891301478949,479.6046166207709,519.5378552902847,980.8612286714639,219.57672,271.75055,525.1213,408.01096,982.6437
2020-02-10 14:00:00,Winter_windig,30,2329.733333333333,1956.0,1140.3920063567537,321.6471955536175,304.18370387335744,441.62402,1527.1068709645965,259.4550021522002,477.1976770470952,730.723744426178,1530.5248664447988,1996.406009579013,39.510000000000005,55.087393162393155,89.99761904761905,253.63573232323233,1224.9457142857148,0.0,243.45561380137926,277.6146302511,481.61937347313534,1007.1089273331131,199.94135,305.38153,300.17593,293.93808,1037.1179
2020-02-10 15:00:00,Winter_windig,30,2296.8333333333335,2123.5666666666666,1209.9950194665853,348.4980418796807,311.4542258699125,619.94775,1504.1879888929957,282.8910833722483,518.0285301293012,785.4823614061645,1623.7388682788055,2100.554274411559,53.39363492063492,78.51514423076924,130.91861111111112,262.2025,1347.1361771561778,0.0,276.600272398131,210.94287796437308,492.4310907496572,1027.540531537858,214.15549,313.54584,297.18292,332.6874,1097.4635
2020-02-10 16:00:00,Winter_windig,30,2247.633333333333,2222.6,1288.5834953650174,350.5451562842978,310.9087256692111,509.54517,1481.9881982597312,296.68203216417714,549.4454383647821,827.8641800278112,1731.0723416147048,2341.7711164774223,75.41466666666668,102.2781045751634,169.63095238095235,279.4125,1375.7733333333335,0.0,287.5635216981252,200.70355946128865,478.3952694806156,1145.8685330057995,226.90521,339.18274,288.4513,301.53006,1108.879
2020-02-10 17:00:00,Winter_windig,30,2314.6,2087.5333333333333,1217.4210818926617,396.3659418646824,274.8908678137758,477.92755,1460.4361851862411,281.7414268182692,523.3148089936824,806.7232867253501,1655.6844494521079,2143.735247881524,87.79246753246753,151.1920634920635,240.16814814814816,349.1241666666667,1397.2543809523809,0.0,292.6936840736654,200.70355946128865,478.3952694806156,1143.9275858884478,231.59508,294.08258,281.31396,301.53006,1095.0558
2020-02-10 18:00:00,Winter_windig,30,2173.5666666666666,2268.866666666667,1291.5500088136728,435.00302869117564,248.6733815728522,475.3808,1439.4762854394294,308.07634870876217,569.4578307271714,867.2350780065576,1749.2259458329838,2267.0976899840816,97.53830303030304,172.72351190476192,261.119696969697,371.39708333333334,1385.8822510822515,0.0,292.9022089274728,212.82877031824574,488.56347355929347,1143.9275858884478,231.16333,303.77823,298.5728,321.67868,1094.414
2020-02-10 19:00:00,Winter_windig,30,1484.2666666666669,2289.0666666666666,1306.2769562055819,408.8516682429047,294.24609091517294,458.6253,1419.0645727290075,313.3124210990514,581.8972541806183,890.1414390430015,1771.8365772966213,2299.3060614101023,97.53830303030304,171.64513888888888,261.119696969697,366.740625,1334.296969696971,0.0,291.9179395884373,212.82877031824574,489.1151039685596,1150.4220598928928,245.79233,327.8531,296.01358,300.79907,1098.1796
2020-02-10 20:00:00,Winter_windig,30,1318.9,2351.0333333333333,1408.1510226858838,367.60681336757625,332.11642512621955,461.52316,1399.1659367628924,321.83179341621116,612.4866324547784,930.5140137670458,1900.535485333752,2711.400777551842,104.38264705882352,165.67291666666665,252.1919696969697,352.75091575091574,1049.045833333334,0.0,399.98655401283605,260.83649177127853,521.6041863173944,1148.121344866071,265.83936,463.65915,306.7595,338.01093,1090.6558
2020-02-10 21:00:00,Winter_windig,30,2326.9666666666667,2353.9333333333334,1355.7892386817566,317.1121937565112,363.52198622056335,477.2674,1379.7519003620296,326.53235472864566,614.9514264341506,948.1939523909466,1828.7257338729053,2411.774877203347,120.98797979797978,175.05547008547006,255.41518518518518,352.75091575091574,574.595329768271,0.0,444.27632531665483,363.54180449609885,509.6288199336107,1199.7434026425385,278.1345,505.51816,459.45047,525.3889,1169.1752
2020-02-10 22:00:00,Winter_windig,30,2167.866666666667,2231.3333333333335,1255.1672501126595,317.84845599772143,203.1118300417882,426.93262,1360.798988441971,314.28019476255594,587.3168049043396,924.30304670985,1704.1260175028083,2083.5733195283133,112.67379220779223,201.79027777777776,301.8490028490029,380.7494318181818,524.0488921085689,0.0,411.109599288475,250.6414901834404,509.6288199336107,1148.5652127738524,276.4987,475.4841,289.15335,458.24982,1060.8396
2020-02-10 23:00:00,Winter_windig,30,2270.766666666667,2202.766666666667,1240.354615842764,331.3079688179252,190.83169776909128,373.09424,1342.2875090872933,312.8808573815483,586.5454468642896,930.5297395651602,1685.6844998128354,2057.5224418870775,112.67379220779223,214.7885185185185,314.95550505050505,392.5149947753396,535.8279788838622,0.0,411.109599288475,246.5687297065844,509.6288199336107,1121.253074573162,262.6964,495.12805,286.52667,448.25854,973.6614
2020-01-25 00:00:00,Winter_ruhig,30,0.0,0.0,9.483608721095948,25.159776774510696,0.0,0.0,20.318120115703863,1.5855579391063763,0.0,0.0,0.0,0.0,0.0030050505050505027,0.02222222222222222,0.42833333333333334,3.747916666666667,17.466785714285766,0.0,0.0,104.70823408511527,4.988888064353116,129.3663445146734,0.0,0.0,141.75839,0.0,400.55093
2020-01-25 01:00:00,Winter_ruhig,30,0.0,0.0,0.0,28.129717108238403,0.0,0.0,42.42971961652728,0.0,0.0,0.0,0.0,0.0,0.0033333333333333296,0.030128205128205122,0.8769980506822612,5.853819444444444,23.67757575757577,0.0,0.0,103.26554319309122,0.0,129.3663445146734,0.0,0.0,148.44583,0.0,400.55093
2020-01-25 02:00:00,Winter_ruhig,30,0.0,9.1,75.57562303615893,47.16069536051809,17.383899683495603,30.33629,61.28822208238074,8.476842294276674,0.0,0.0,0.0,0.0,0.05200320512820511,1.4511140819964348,7.0018518518518515,24.660416666666666,138.54090909090914,0.0,0.0,132.5027726148915,59.39620740820827,227.11074333408519,0.0,0.0,186.53639,98.52799,517.20233
2020-01-25 03:00:00,Winter_ruhig,30,0.0,18.566666666666663,68.53767647690469,48.57027796585926,7.413289523230647,0.0,77.55784563738757,7.768705105593391,0.0,0.0,0.0,0.0,0.6476190476190478,2.855514705882353,11.920238095238094,30.958148148148148,103.81723076923096,0.0,0.0,123.69872985537228,37.73252886990553,220.34559037670513,0.0,0.0,166.11006,55.97458,511.49533
2020-01-25 04:00:00,Winter_ruhig,30,0.0,4.233333333333333,48.330197491720526,76.6736181997784,10.48699244230376,1.5631646,91.75177028176103,5.530573676772674,0.0,0.0,0.0,0.0,0.0712878787878788,2.705,44.52509157509158,67.21289682539683,129.7855555555557,0.0,0.0,125.81803454398263,37.78763156678058,230.37233137866758,0.0,0.0,164.92574,60.876274,531.34296
2020-01-25 05:00:00,Winter_ruhig,30,0.1,12.4,74.60038606739212,81.78271594952234,5.613878382419278,0.0,104.2674055837247,6.208318890000216,0.0,0.0,0.0,0.0,2.056060606060606,6.126515151515151,49.62538126361655,67.75575396825397,201.32800000000003,0.0,9.293711624167418,130.64934423547757,56.05239039825592,246.96908958508456,0.0,0.0,167.92982,52.497086,522.4678
2020-01-25 06:00:00,Winter_ruhig,30,0.0,13.033333333333331,76.8950365574176,96.47407174173088,1.3820332283355252,0.0,115.41337370630035,4.48696565136507,0.0,0.0,0.0,0.0,2.0957575757575757,6.481770833333333,45.306734006734004,68.49971988795517,207.17758333333336,0.0,8.884498466147315,127.99785008275232,39.632367738574764,246.96908958508456,0.0,0.0,167.87465,40.483856,519.75635
2020-01-25 07:00:00,Winter_ruhig,30,0.0,55.5,130.638410934612,135.50204920316042,31.58734696766633,0.0,125.43015649896478,5.518347160904527,0.0,0.0,36.70473396478053,100.70559838405109,7.009523809523809,19.782500000000002,46.02708333333334,80.97836700336701,524.5773397435901,1.776342810938822,22.19582771333236,147.10476080653277,45.52465554486886,257.0836984962117,1.0225801,1.7864487,177.85025,50.835606,580.3176
2020-01-25 08:00:00,Winter_ruhig,30,0.0,46.6,130.97139138792335,152.23898206343517,31.58734696766633,0.0,134.50589686628612,2.8200741655039856,0.0,0.0,48.59403702525947,100.92013475162526,6.3207852564102565,17.40327380952381,46.274702380952384,76.60972222222222,620.5737037037046,1.776342810938822,22.71729335352269,145.56571891357063,52.39028738964771,253.96184273440673,0.9372585,0.9363916,176.16824,52.366436,580.3805
2020-01-25 09:00:00,Winter_ruhig,30,0.0,43.233333333333334,149.62297526769157,168.9136273987936,33.3867581084777,0.35640085,142.78849399973217,2.306428969759052,0.0,0.0,75.30017345960556,148.75917531625248,7.232051282051283,20.72093253968254,48.951307189542476,85.56483957219251,798.7312820512825,0.8694032203887453,22.78447017424006,154.40778897573404,53.32764671514158,253.96184273440673,1.2543119,0.8435322,176.57071,124.866455,579.57574
2020-01-25 10:00:00,Winter_ruhig,30,0.0,49.5,175.13523271275707,171.45341782260545,24.224163901676455,0.0,150.39486393691462,2.0868166652534796,0.0,0.0,109.03705989082215,211.4873169827108,8.54709090909091,21.992878787878787,46.800000000000004,85.23529411764706,759.3916883116885,0.6779947739603113,22.848409492076925,151.95634875837672,53.32764671514158,253.96184273440673,0.85701716,0.591704,175.15935,122.626205,574.1833
2020-01-25 11:00:00,Winter_ruhig,30,0.0,35.43333333333333,162.34010240263098,170.20298570387706,26.643253192493535,34.143433,157.41803188065808,0.0,0.0,0.0,83.2401763813262,183.1034374687216,5.230303030303031,9.073809523809523,37.8698717948718,72.1280303030303,679.7037500000007,0.2719421273820404,20.90165655643086,132.65665328692435,53.32764671514158,248.29608440455337,0.17232326,0.0,172.66713,131.57516,590.3701
2020-01-25 12:00:00,Winter_ruhig,30,0.0,16.633333333333333,144.27385930895127,160.84270432694746,0.0,1.6110156,163.93256592281585,0.0,0.0,0.0,36.56313891847259,147.47706014291055,1.9316666666666664,5.766666666666667,35.12061965811966,73.31888888888889,505.24908333333354,0.0,12.828309093734863,117.16655649214998,67.62904001862547,297.8031817533502,0.0,0.0,172.93297,130.95493,573.7871
2020-01-25 13:00:00,Winter_ruhig,30,0.0,19.066666666666663,163.55374634854323,126.33666439859982,0.0,0.0,169.99874192238116,0.0,0.0,0.0,41.56256973886144,197.32414343371238,1.5011586452762924,4.937184343434344,25.489545454545453,65.40916666666668,390.53916666666714,0.0,12.828309093734863,117.16655649214998,58.9836518262474,247.67346968837492,0.0,0.0,172.1656,130.95493,535.64606
2020-01-25 14:00:00,Winter_ruhig,30,0.0,7.6,155.9509639083723,110.02752075111505,15.674736454180808,40.465626,175.66573760315853,0.0,0.0,0.0,3.559939690512124,186.4528093245532,0.24509523809523814,1.8771103896103896,21.96333333333334,66.10732323232324,513.4079487179489,0.0,13.010663992594797,129.92307673903895,81.47952506686093,225.60128596198277,0.0,0.0,171.1272,161.68907,510.6116
2020-01-25 15:00:00,Winter_ruhig,30,0.0,2.6,139.44338856618558,79.55035308037324,16.52980924606155,36.12003,180.97408382478426,0.0,0.0,0.0,0.0,151.32481891768532,0.004761904761904757,0.057638888888888885,1.6902777777777778,16.364379084967318,238.01936507936588,0.0,14.376712549477784,127.27918127210823,76.89898309337453,177.0287711266916,0.0,3.5436385,174.20607,88.23596,472.70163
2020-01-25 16:00:00,Winter_ruhig,30,0.0,0.1666666666666666,115.20459879293199,48.25574923214952,9.554390631137695,50.230152,185.95754736599105,0.0,0.0,0.0,0.0,95.08746985940627,0.004761904761904757,0.047619047619047616,1.3861111111111108,12.042708333333334,148.61380952380966,0.0,15.091126391902186,127.92009562516814,61.72322123762178,238.39855470091055,0.0,1.142546,153.94559,93.38951,486.77652
2020-01-25 17:00:00,Winter_ruhig,30,0.0,0.1333333333333333,109.62810976699535,48.027323844848304,9.554390631137695,49.003994,190.64457855895554,0.0,0.0,0.0,0.0,81.22083521255468,0.004761904761904757,0.049404761904761896,1.6428571428571428,10.536071428571429,139.7521212121213,0.0,14.439282389975276,158.4275537351448,76.32839653660393,250.22289730552438,0.0,10.710897,210.35254,180.36285,487.3188
2020-01-25 18:00:00,Winter_ruhig,30,0.4,0.0333333333333333,116.95083175707671,36.268213900125005,0.0,0.9317232,195.059425760015,0.0,0.0,0.0,0.0,99.3018200806157,0.004761904761904757,0.053720238095238085,1.4847494553376905,4.951515151515152,12.752272727272747,0.0,5.203896980136601,102.77248159409038,280.93646726226336,419.66610450987883,0.0,4.9382863,169.14897,174.95518,654.4388
2020-01-25 19:00:00,Winter_ruhig,30,1.7333333333333334,8.033333333333333,166.37209288331275,55.84488099954969,63.86790045649828,83.61791,199.2229946651332,3.236685663540257,0.0,0.0,0.0,215.16777043592958,0.008333333333333325,0.3452777777777778,2.415151515151515,6.954166666666666,190.12285714285724,0.0,11.247642461342528,148.47150500392115,162.61318032259126,278.477734413237,0.0,4.8457236,245.87074,176.93109,527.954
2020-01-25 20:00:00,Winter_ruhig,30,0.4,0.0,69.67077733589608,13.807586001699113,0.0,0.0,203.15351214249802,0.0,0.0,0.0,0.0,0.0,0.004120370370370367,0.026793981481481474,0.5153846153846153,2.9006410256410255,5.790879629629631,0.0,0.0,98.70443928298684,9.504332917829446,149.12088971982726,0.0,0.0,143.58229,0.0,425.6617
2020-01-25 21:00:00,Winter_ruhig,30,0.0,0.0,60.03997944183908,13.6206450660266,0.0,0.0,206.86704023223362,0.0,0.0,0.0,0.0,0.0,0.0037037037037037,0.027604166666666666,0.34404761904761905,2.608333333333333,5.761916666666668,0.0,0.0,98.46918778886433,3.96642128049102,130.95280970346502,0.0,0.0,144.40147,0.0,400.29117
2020-01-25 22:00:00,Winter_ruhig,30,0.0,0.0,63.155566023340754,13.586665899359934,0.0,0.0,210.3778752394341,1.9673492220749278,0.0,0.0,0.0,0.0,0.002777777777777775,0.02121212121212121,0.27642857142857147,2.467897727272727,5.790879629629631,0.0,0.0,98.04582000212277,4.988888064353116,128.74372979849497,0.0,0.0,142.70741,0.0,399.26315
2020-01-25 23:00:00,Winter_ruhig,30,0.0,0.0,85.00449823778553,18.31289184496653,0.0,0.0,213.6988586454205,5.72637975087064,0.0,0.0,0.0,32.74098890346477,0.0033030303030303,0.02548076923076923,0.4,3.4847222222222216,12.593068783068786,0.0,0.0,97.9285169278128,5.913464774030539,135.4135786931947,0.0,0.0,136.76508,0.0,399.90848
2022-04-07 00:00:00,Fruehling_windig,90,784.7333333333333,889.3333333333334,927.6397691456098,928.3704632183709,1185.8509744667067,1040.9601,689.4917658108889,200.7342371177637,390.0900675653813,774.6137061032296,1464.9845582572661,2103.82491102191,253.66892857142855,421.9510416666667,867.7603418803419,1413.7583333333332,1988.2536666666663,146.288782634486,371.20738454572285,600.469613074872,1172.5682935142427,1966.6070815753385,168.90376,379.8689,736.27466,1365.1763,1868.896
2022-04-07 01:00:00,Fruehling_windig,90,849.1666666666666,833.7,866.8935592578393,939.5583785135121,1208.050375402521,1076.5171,697.5969914620636,177.82155731748117,360.64092592734687,706.2422497972599,1336.2709700167213,1931.851157461905,253.46761904761902,385.87833333333333,780.031746031746,1403.2166666666667,1986.6711666666667,146.288782634486,360.7717807252247,609.5130267294801,1136.5499175818388,1928.762907836375,161.28311,373.26517,739.63885,1337.7067,1866.0266
2022-04-07 02:00:00,Fruehling_windig,90,1021.2333333333332,630.0666666666667,802.662369288933,829.1792239689364,1197.6219254146245,1071.7534,697.3868248329568,166.48985089928678,320.5263161951914,622.2316652676321,1224.3323797394294,1876.6263198086658,239.20454545454544,365.97298611111114,627.7407407407406,1134.1224537037037,1708.845555555556,151.12593668402246,358.26456506315066,602.0638356717526,1079.273504019787,1927.0259489767277,165.83493,383.8964,729.7862,1242.6019,1843.092
2022-04-07 03:00:00,Fruehling_windig,90,1126.3,786.4,841.5002498164883,857.036544567654,1197.6219254146245,1074.586,694.6904042461645,176.53828974252644,354.49195038209274,681.501284543799,1288.4797048062685,1915.483431036459,238.38300699300697,349.37182539682533,623.9104166666667,1157.8937500000002,1886.0923412698414,172.2517743521361,389.92720339648406,609.5130267294801,1097.0381446965255,1928.762907836375,162.80162,374.98715,739.63885,1286.7142,1866.0266
2022-04-07 04:00:00,Fruehling_windig,90,1172.3,1087.2666666666669,917.5568777973916,1426.4646805476482,1402.0041841492218,1347.2433,691.3201031137673,194.138550773262,419.96985880149646,806.5375728465056,1430.5725972377052,1946.6944703409217,316.0417857142857,584.3683333333333,1266.9652777777778,2279.9704166666666,2337.049476190476,180.0153194654525,428.5926745136581,706.0142457349646,1221.5188502119152,1994.737762324678,180.58577,402.33582,861.9789,1499.7162,1917.3795
2022-04-07 05:00:00,Fruehling_windig,90,1487.3,675.3666666666667,826.0417300329975,821.3483389368112,1169.849288948559,1080.1558,687.8368016506222,182.75583912989825,344.84748506884944,664.0762723863841,1276.4421475129234,1974.5395886523797,250.50533333333334,390.36331018518524,658.9124999999999,1081.579365079365,1708.845555555556,184.7166583514609,393.3974009619695,602.0638356717526,1069.5668367937,1922.5584836973362,178.44138,418.02368,750.3331,1246.0946,1841.2668
2022-04-07 06:00:00,Fruehling_windig,90,2213.6,717.1,817.7119697268209,833.7589563527863,1106.199068478647,1075.9275,684.411555706375,173.75376904066644,340.055126085628,657.4589965759067,1245.8281088221866,1922.461864727131,250.50533333333334,404.5914682539683,615.3282051282051,1049.2348039215688,1723.2184848484846,184.7166583514609,389.92720339648406,602.0638356717526,1055.4245816030618,1925.3708674751656,178.63539,390.9335,726.72723,1246.0946,1864.2014
2022-04-07 07:00:00,Fruehling_windig,90,2186.5333333333333,811.1666666666666,807.778740714713,852.6346844000923,1104.4248534625697,1121.4968,681.0940921014528,158.6861030185237,338.027187694473,659.5979855908668,1211.397622611782,1799.1423850114766,247.53493506493507,387.3,662.0434523809524,1135.7629166666666,1924.504761904762,167.5232016945288,389.92720339648406,609.5130267294801,1099.9625707375367,1929.838332754557,158.26315,378.28998,739.63885,1343.4376,1864.2014
2022-04-07 08:00:00,Fruehling_windig,90,2117.6,703.8666666666667,767.9487398757419,819.1175020222581,1079.1718927814306,991.6897,677.8964678716362,142.40757663026355,301.3354186612968,595.8411785692539,1121.3921027200322,1752.2114089810661,294.80666666666673,440.4486383442266,702.6,1093.8083333333334,1746.7986580086576,167.5773274193984,346.72019794770756,571.3488224438439,1046.9201352376979,1929.838332754557,153.31229,340.11972,710.70734,1228.0455,1864.2014
2022-04-07 09:00:00,Fruehling_windig,90,1833.6,503.96666666666664,704.8475204828864,761.6193266455002,953.4109375027957,898.7705,674.8191337215935,122.19943377276105,249.50954210557194,507.6169858755177,1004.7670282802065,1666.8996714660143,347.2309523809524,546.0221801346801,765.1670634920636,1037.7157407407408,1387.9438375350142,171.11337134465452,342.1097829418703,587.535239788445,903.1314658773979,1845.940513271601,147.16525,335.5768,712.00726,1133.7213,1746.2316
2022-04-07 10:00:00,Fruehling_windig,90,1868.8333333333333,572.4333333333333,743.3970582566712,821.6553807943873,980.4526500487808,912.2036,671.8590504965259,130.9313982777083,266.39358872831724,551.8984314498566,1075.1501954893301,1745.039960059416,335.2945751633987,552.2944444444444,806.7362499999999,1066.1795454545454,1559.9070454545458,169.96792645719916,346.72019794770756,571.3488224438439,1209.5018603182366,1845.940513271601,151.39348,333.81943,719.87585,1204.9286,1800.5591
2022-04-07 11:00:00,Fruehling_windig,90,1885.5333333333333,324.1,667.1678841826499,741.9749522690926,902.6091451960475,835.6654,669.0122134635969,107.9025390934048,206.74044507148838,451.93063252108686,946.5039848083136,1623.1075383304326,374.96099999999996,598.325625,785.7701851851853,960.7949891067537,1346.8646296296297,106.56258680658054,309.8099927216419,474.5697803271298,1087.1745035889792,1799.9632735666687,92.63309,305.14743,661.3873,1102.8096,1740.5149
2022-04-07 12:00:00,Fruehling_windig,90,1887.0666666666664,282.03333333333336,682.9721860949505,746.1307931494312,944.2055982718384,822.17224,666.2744342206178,114.61541423856119,205.8183233508482,462.83379446613935,986.6893165262248,1696.6038590380017,452.5942222222223,614.7143939393939,793.2397222222222,959.1245475113121,1273.3251851851853,107.06248426324032,357.5567966235718,505.2847935550387,1093.9519994196162,1835.3741273186204,94.78349,343.2424,611.2001,1123.4338,1752.4976
2022-04-07 13:00:00,Fruehling_windig,90,1887.9333333333336,989.4333333333332,903.963089594404,995.5076707941276,1402.570568216345,1171.1027,663.6415798503506,161.92801076023352,356.8084259544512,759.261916795301,1369.6853762839696,1926.7068366709063,242.24231372549025,402.60148809523815,835.7097222222221,1570.5711309523808,2076.5294444444444,161.91650259277276,356.8121428759531,629.4217494250355,1516.9192536411929,1972.149971772912,151.36884,375.35583,649.62585,1555.9032,1930.705
2022-04-07 14:00:00,Fruehling_windig,90,1886.1666666666667,824.5666666666667,876.8049498942744,671.7616493730908,961.7102581739244,723.8692,661.1096431216208,154.98192685985367,322.74331817249424,699.5607309868325,1315.5622709484558,1947.0707161146026,143.1052777777778,318.5603641456583,574.1888888888889,934.2357142857144,1385.6492592592592,165.93647865126323,350.2628120449456,588.4417851314898,1302.2964716337538,1532.9901222447459,145.5922,351.56454,606.19824,1224.8527,1737.6763
2022-04-07 15:00:00,Fruehling_windig,90,1886.7666666666669,1177.3,965.295025428936,510.1163847615793,759.0773317296882,674.0169,658.6747602092596,165.67026990231227,387.0949726070799,826.0329752501262,1461.6856940580574,1946.0533136918102,69.39833333333337,248.66369047619045,388.8038888888889,648.4270833333334,1124.6149603174606,160.03244508542502,325.86313338154434,585.9066092466951,1175.602310996829,1598.9649767330488,138.41617,317.87488,579.59094,1241.9331,1555.5831
2022-04-07 16:00:00,Fruehling_windig,90,1875.8,1009.2,939.8347136186467,588.8487835917439,806.0353142775105,638.65717,656.3332122198844,162.27828368804174,358.4655321807528,771.880865503577,1417.5469334484333,1968.9938510025788,91.06940740740743,272.47794871794866,450.75694444444446,824.0677083333334,1216.52375,162.1590516857651,337.8871410439306,580.8762647069959,1160.844733588791,1598.9649767330488,166.13663,356.13266,578.9844,1201.8066,1581.7733
2022-04-07 17:00:00,Fruehling_windig,90,1756.4666666666667,1306.3333333333333,1014.1954404551993,534.1691088627795,725.7364101168549,682.66833,654.0814218246585,173.20529727612754,416.9066649820925,881.6676070128991,1545.1117638179767,1959.089671303946,122.78054545454548,265.2790277777778,379.63111111111107,635.293125,1133.02946969697,159.5641892258567,342.8468815572846,619.1545874473577,1177.6746563120682,1629.2504469879916,163.62169,333.42422,590.5184,1200.6533,1590.8335
2022-04-07 18:00:00,Fruehling_windig,90,1338.3,1400.8666666666666,1038.3409807478733,510.68789607517897,749.2604759316049,656.9039,651.9159485146554,176.31285465680634,436.8403358132289,914.121264618691,1584.553163361978,1939.6419386226676,170.07428030303032,278.1201388888889,401.3069597069598,649.4167467948719,1205.8882222222226,174.6665488331945,325.5179652184963,600.8595715353132,1177.6746563120682,1629.2504469879916,167.28635,333.87762,617.0511,1200.6533,1590.8335
2022-04-07 19:00:00,Fruehling_windig,90,1808.1666666666667,916.9,920.9854422498586,604.4609962653345,486.62096807071083,417.13678,649.8334835686736,156.10240460136586,345.56267295410913,731.1598883104577,1379.4224339513814,1893.8630481753376,202.88083333333338,280.52440476190475,424.02491582491575,692.2842361111111,1040.6398214285718,176.01921693433425,296.5798952420178,497.46942381358014,1030.7911926539782,1538.815482592967,173.13246,303.61606,484.85553,1012.83984,1542.4022
2022-04-07 20:00:00,Fruehling_windig,90,1822.3666666666663,1550.5333333333333,1061.5375710427434,456.13077920275975,598.2609164852616,543.0572,647.8308450676737,177.02261549371565,468.42840822312104,956.6355296152906,1619.4079310705224,1846.4176769503015,174.35229166666667,267.0229166666667,348.6261904761905,554.2805555555555,793.5611038961039,174.6665488331945,296.9964116983593,600.8595715353132,1228.8138655476066,1629.2504469879916,189.4121,328.9688,615.9146,1213.5408,1592.6587
2022-04-07 21:00:00,Fruehling_windig,90,1882.5,1279.9333333333334,985.985883203178,419.41895022561795,529.2365825435313,514.09686,645.9049730547438,162.2167183786151,414.9673420170252,840.6876054524433,1477.933536831857,1788.5437395256308,166.26797979797982,250.31388888888887,338.74285714285713,461.1591666666667,626.0881547619049,184.39336320269865,334.4403610236444,612.922437806249,1228.8138655476066,1629.2504469879916,177.25078,319.05014,591.42737,1187.1189,1566.4685
2022-04-07 22:00:00,Fruehling_windig,90,1890.5,481.5,739.216173436407,699.431284668557,587.9673070183807,581.50336,644.0529248663944,106.01193458105058,242.5568784064567,498.67779523068293,1038.7233299420518,1517.0222797705387,260.72541666666666,409.03065476190477,701.3992063492065,1034.0365909090908,1456.0950000000003,189.09470208870704,345.2527056138684,519.5828716317286,829.8736606584469,1474.1684378543205,176.92534,313.9599,492.104,842.54,1411.4922
2022-04-07 23:00:00,Fruehling_windig,90,1878.0,612.2666666666667,800.3755408988197,622.9657078094149,452.373655343208,436.6513,642.2718706383913,131.95871754515295,291.1681232855491,580.4960956385771,1160.9926664747138,1653.5772045993922,224.67796703296705,285.3354166666667,395.3280448717949,614.1966783216783,951.2845454545454,189.8839074269969,305.1408848953149,536.1844183780182,963.4369014367414,1530.1777384669165,181.8026,308.72684,513.0332,931.1489,1477.0004
2025-03-05 00:00:00,Fruehling_ruhig,90,0.3333333333333333,17.566666666666666,269.43521904529644,68.70248017471064,38.841634784508564,51.305256,23.66051058665704,0.0,12.875027668881145,107.60223376520722,347.11743643985693,762.6997409832993,0.6107738095238096,3.6910984848484842,33.22116402116402,93.13416666666666,147.5154615384616,1.2353636167995259,43.1159396171243,64.49681214511918,44.83976983401136,132.05724511221618,1.539551,34.379284,57.45593,61.447674,145.81969
2025-03-05 01:00:00,Fruehling_ruhig,90,0.0,40.266666666666666,299.04646444979187,114.43296506621533,78.258354046455,126.735985,44.20368527453519,0.0,17.594216292958535,121.50857861991406,398.38349359839526,850.9130284847544,4.662341269841271,35.18333333333334,87.38111111111111,169.97847222222222,287.14700000000005,1.6646507331371763,39.36554491161006,90.43324528193298,154.18402162623417,570.0262358266442,1.6535413,36.782135,80.08156,165.8602,520.09235
2025-03-05 02:00:00,Fruehling_ruhig,90,0.0,39.766666666666666,290.32224364030935,131.72787810466514,89.98242943989193,133.28944,61.84223572218832,0.0,16.965334721526432,110.83523690494059,379.0270938366175,808.720953558885,11.82057142857143,57.00416666666667,120.62256944444444,192.25892857142856,319.75073232323234,1.6208467707933476,40.20433095842107,76.99013687541077,136.29991053175695,570.0262358266442,1.625265,39.088844,81.38048,164.63242,566.3602
2025-03-05 03:00:00,Fruehling_ruhig,90,0.0,39.43333333333333,280.5720315403903,129.91670403734358,89.98242943989193,133.28944,77.89602274514448,0.0,16.01416697273818,99.74746029883588,359.962642377608,772.176758946052,12.215714285714286,56.41729166666666,108.53148148148148,169.97847222222222,288.5843333333336,1.2653959074902124,40.20433095842107,76.99013687541077,136.29991053175695,570.0262358266442,1.2633239,36.43138,73.72684,169.16522,519.7841
2025-03-05 04:00:00,Fruehling_ruhig,90,0.0,17.4,241.0663290378457,73.5184146975981,75.8303920521675,91.60624,92.91953565286974,0.0,10.391631526133537,70.49006254842806,288.55864913595906,644.3560374439115,0.4891481481481482,5.487619047619049,56.54692307692308,132.73722222222221,189.81687830687835,1.0926116770982781,26.395040010942935,63.77962526510311,112.36253483962494,263.32023358009,0.55639863,28.322552,53.22888,146.46463,293.717
2025-03-05 05:00:00,Fruehling_ruhig,90,0.1333333333333333,1.2333333333333334,182.66185480980846,55.24655061744249,40.1473827628396,39.027626,107.15511061478333,0.0,4.328671503243939,32.02558022361467,183.26922999354633,445.8757032311946,0.12,0.6762499999999999,9.228484848484849,72.41132478632478,159.04523809523815,0.47168862533569167,2.3646077855165664,44.584878637952464,31.01130009151144,124.56953819905331,0.008167502,1.2693747,24.050304,52.303486,106.34667
2025-03-05 06:00:00,Fruehling_ruhig,90,3.7,0.0,72.63233337872248,73.85536886714755,39.032690104652794,28.936697,120.71735659629678,0.0,0.0,0.0,0.0,40.76609119452314,8.837738095238096,29.796561771561773,81.30732323232324,159.89166666666668,205.3093333333334,0.6145195888530749,2.922534977346057,45.358992247287745,15.309794674794892,70.69606674598167,0.6092796,4.9163465,47.693443,31.18934,47.48326
2025-03-05 07:00:00,Fruehling_ruhig,90,1.6,0.0,98.67516769300897,56.636859420988124,53.4115362967811,39.81707,133.6682210440764,0.0,0.0,0.0,40.598612690378445,181.06401155454432,18.053630952380956,37.42791666666667,85.23916083916086,155.45758928571428,198.26119047619054,0.5717802487049622,4.357002700916117,45.2190034952797,110.04258507038365,93.06141076756754,0.5330144,4.8064284,54.437206,106.268936,103.28264
2025-03-05 08:00:00,Fruehling_ruhig,90,0.0,0.0,73.96043802920758,58.90277862303692,54.247362691661735,35.461967,146.04756073112833,0.0,0.0,0.0,2.648738964998074,121.1132007399707,17.572202380952383,37.42791666666667,81.11496212121213,161.16805555555555,205.3100000000001,0.6047025834547739,4.016024973766829,40.9192978619973,110.04258507038365,99.4496200618421,0.41545624,5.0167,52.357037,112.127335,103.28264
2025-03-05 09:00:00,Fruehling_ruhig,90,0.4333333333333333,0.0,104.29038262313276,55.94880470171824,71.9159287605036,69.387375,157.88560846255433,0.0,0.0,0.0,68.51617235176559,282.41183898883094,17.524583333333336,35.93730158730159,69.87791666666666,152.0775925925926,200.07784313725494,0.3758650560141735,3.669189710938138,37.317276697630675,110.04258507038365,165.60993777382927,0.23141453,4.786056,36.2809,126.529465,171.38956
2025-03-05 10:00:00,Fruehling_ruhig,90,0.2,0.0,93.76435279489704,68.80028923296271,77.7061043043607,100.04638,169.2080728161917,0.0,0.0,0.0,57.020881870770836,277.5316990299858,13.177692307692311,33.572435897435895,67.43685897435898,174.8785037878788,251.43933333333342,0.3691216944650213,5.648962923150885,21.874247570650304,120.13024583675436,165.60993777382927,0.22805583,4.773644,35.431396,137.16426,212.20978
2025-03-05 11:00:00,Fruehling_ruhig,90,0.0,0.0,125.26621371548794,74.55643370988773,63.93586390520846,99.08448,180.0382394166072,0.0,0.0,0.0,124.374300146476,437.3498207963921,11.932307692307692,30.043910256410257,64.3821212121212,175.58020833333336,290.29947089947115,0.29837889142651475,2.831671743113599,21.665655284160046,63.34555780968559,182.6550544492525,0.08843838,1.7431086,30.274914,138.39204,213.49124
2025-03-05 12:00:00,Fruehling_ruhig,90,0.0,0.0,136.2036508806557,74.95061601599568,60.17416909612315,87.00855,190.39785112819152,0.0,0.0,1.6112195765162767,152.76470332648307,509.4313003123209,3.548333333333334,24.827097902097908,59.231018518518525,194.9375,434.07350000000014,0.22258426536929277,2.831671743113599,21.665655284160046,72.5257043188804,182.6550544492525,0.0,1.6696323,30.274914,89.079056,199.99153
2025-03-05 13:00:00,Fruehling_ruhig,90,0.2,0.9333333333333332,148.73484274882173,95.81440867495552,67.63620009084518,111.684326,200.30749035067487,0.0,0.0,12.866037330735082,182.53701887930617,579.2258460873977,1.3257948717948718,22.509974747474747,57.29150793650795,215.10357142857146,514.92375,0.0,1.568752995625194,26.354980189605417,110.17163550549749,182.6550544492525,0.0,0.0,25.88513,131.15398,217.25404
2025-03-05 14:00:00,Fruehling_ruhig,90,4.6,0.0,113.9135830197556,112.3984998551667,84.76016333238927,116.725235,209.7867576935406,0.0,0.0,1.5078153200429085,126.19900165881307,456.44474338404893,14.298398268398268,28.11841736694678,52.33833333333334,153.17537037037036,456.2466666666667,0.23741600580971164,2.918617877073047,24.5671602142107,65.79499894535404,292.9903815321932,0.0,1.8674163,44.826797,87.01558,316.44278
2025-03-05 15:00:00,Fruehling_ruhig,90,5.3,0.0,79.66498033472453,68.95028196585723,102.14056900782641,110.40638,218.85436680200843,0.0,0.0,0.0,71.92894717814158,328.90049582311894,10.217285714285717,22.63950216450217,38.686458333333334,65.4301851851852,195.17142857142878,0.0,1.5744432530532608,42.72403333802774,116.65229532771005,292.9903815321932,0.0,2.1623623,67.339874,116.338425,278.6978
2025-03-05 16:00:00,Fruehling_ruhig,90,1.7333333333333334,0.1,149.3359575064154,49.433751907319966,64.30226621243662,76.34819,227.5282041080037,0.0,0.0,38.15138666174579,210.71638417521694,608.0302773425797,3.807037037037038,15.428165064102567,34.026666666666664,62.00555555555555,116.945777777778,0.0,1.3837284051503072,42.62485219079521,146.14703689682403,143.53906595645728,0.0,0.33899495,34.87441,129.95049,151.65465
2025-03-05 17:00:00,Fruehling_ruhig,90,0.8333333333333334,0.0,162.8907731313614,42.64114119815249,63.119662907868594,71.313774,235.82537339142587,0.0,0.0,54.330287549189876,242.64392114872038,653.770031344862,0.31222222222222235,13.301767676767676,35.141452991452994,59.73238636363636,96.72407407407408,0.0,1.497650389777924,46.92455782407761,133.14017925869297,88.81487877057303,0.0,2.2147715,53.04212,131.21642,194.43512
2025-03-05 18:00:00,Fruehling_ruhig,90,0.0,0.0,164.1289065178351,40.88587969695411,45.60628156419607,72.579735,243.7622332820235,0.0,0.0,63.80091146424161,250.6325969642109,643.5545002726558,0.6870000000000002,14.045454545454545,35.66309523809524,64.11193181818183,115.75908333333334,0.0,1.3719173006695486,48.47491149195394,186.35723618911115,88.81487877057303,0.0,2.169288,88.13127,150.34622,181.96603
2025-03-05 19:00:00,Fruehling_ruhig,90,0.4333333333333333,0.0,175.49180757823873,37.687702120632686,52.681519553220824,73.06381,251.35443104790068,0.0,0.0,77.83101135492001,276.5737773800361,668.7076197239755,1.064352941176471,12.34225589225589,29.35757575757576,54.71395833333334,78.88858333333336,0.07696878255691494,1.3719173006695486,48.47491149195394,180.842777890092,88.81487877057303,0.0,2.169288,88.13127,158.65997,181.96603
2025-03-05 20:00:00,Fruehling_ruhig,90,12.133333333333333,0.0,174.63627578422597,36.37468448928618,41.487775829408946,53.99042,258.61693406852345,0.0,3.4573809618721185,84.59921230372285,278.75966632443937,640.6640704182555,3.3569047619047625,10.804415954415955,25.426363636363636,52.56928571428571,76.21871794871798,0.07696878255691494,1.3502462285118635,48.47491149195394,181.3789372039132,88.81487877057303,0.0,2.169288,80.99188,123.370056,99.2824
2025-03-05 21:00:00,Fruehling_ruhig,90,7.233333333333333,0.0,190.84830498792792,35.23089300118429,21.34206003348091,44.666985,265.5640595958967,0.0,7.677242179493206,98.56686119386151,311.4146555847268,676.561632822262,4.710211161387633,11.319772727272728,31.783982683982686,100.02527777777777,232.0419230769231,0.031377993639246524,1.368068967832919,52.01612104876705,75.84850317985662,81.8964093084362,0.0,2.199612,47.228596,100.16382,124.91787
2025-03-05 22:00:00,Fruehling_ruhig,90,0.7333333333333333,0.2666666666666666,197.3630505178611,34.339059138789224,14.093672209924794,14.825854,272.20950308294414,0.6128387734715801,11.442342214890061,105.95920963850418,325.118938868517,675.9208332167539,1.7369523809523808,6.60719696969697,31.80386904761905,118.07604166666667,232.0419230769231,0.34787640579367385,1.022876434300578,51.60610755386693,47.89644195877568,66.82075107178856,0.0,0.4982684,34.74427,77.54074,110.4425
2025-03-05 23:00:00,Fruehling_ruhig,90,0.6,3.433333333333333,244.0499523622113,31.628504844684862,9.682388359197565,9.725705,278.56636522459206,0.5826303557750165,16.318970237197945,132.4094814111551,411.9368707813093,836.0259733852619,0.0,0.17023809523809524,6.551388888888889,93.55187500000001,188.21717948717964,0.0,1.9638543763683132,43.94613781797693,71.35977287370481,90.89083997204224,0.0,0.0,27.767658,61.218647,88.617676
2020-08-26 00:00:00,Sommer_windig,90,1181.5,0.0,202.07922595771407,459.2343074726744,742.8815398388517,515.53937,1031.8960949282286,0.0,0.0,84.03233382951971,378.0665537263988,660.0820094774958,19.89311111111112,249.20958333333334,631.4915242165242,955.9208333333332,1060.6339523809522,0.0,0.0,92.10174277121577,375.5451301154675,977.3802133933317,0.0,43.341003,161.37909,597.7169,1013.40173
2020-08-26 01:00:00,Sommer_windig,90,1195.0,0.0,187.24353598983902,415.0882899828118,768.4875934419839,518.8428,872.2704990534712,0.0,0.0,88.3375440336321,361.0848986126221,627.0871657250266,16.47233333333333,215.49126984126985,449.69884259259265,926.649621212121,1041.5477777777778,0.0,0.0,92.10174277121577,337.56719750368916,930.123666823749,0.0,43.153843,143.81932,534.59064,1021.71075
2020-08-26 02:00:00,Sommer_windig,90,1545.3333333333333,0.0,189.8294149731197,419.85093316185305,556.1027325651091,518.5418,752.3183419387018,0.0,0.0,85.25267582188789,337.12094767923486,592.1308075931111,7.739722222222222,151.54460227272725,475.7423611111111,932.5448863636364,1048.472727272727,0.0,0.0,92.10174277121577,337.17423602102787,868.7024755536024,0.0,22.651253,134.35902,496.7872,991.95276
2020-08-26 03:00:00,Sommer_windig,90,1643.1666666666667,0.0,169.12651504528088,349.44348961498645,370.6647663767303,387.70068,661.5285536499293,0.0,0.0,82.59161686254532,303.627062899178,544.0036912924577,7.093190476190477,58.12291666666667,326.8727272727273,609.5735416666666,954.226746031746,0.0,0.0,92.10174277121577,294.6610443615553,721.1166567645137,0.0,24.763142,103.10243,440.28052,833.4183
2020-08-26 04:00:00,Sommer_windig,90,1761.4,0.0,159.73131067753403,350.5672841270738,398.9102721523266,428.05698,592.2198626368508,0.0,1.2234345307168901,88.32213283762644,288.1340749792334,518.1385407497019,7.702738095238097,115.75257352941176,352.74410256410255,572.5056547619048,819.9965367965369,0.0,0.0,92.10174277121577,305.29023417735846,691.6335654287869,0.0,23.323118,103.10243,393.8282,753.24677
2020-08-26 05:00:00,Sommer_windig,90,2009.7,1.7666666666666666,155.34036106356982,309.4619685740423,328.43936847051873,317.03098,538.776035619567,0.0,3.413879298113457,86.2658096432117,264.02815469117513,486.6625540691544,7.176130952380952,51.49444444444445,260.425925925926,514.9535714285714,766.3763333333335,1.616203062281213,12.814928802612847,112.48141516232474,294.75306785798006,591.7412959380033,1.1694174,32.181572,119.50064,309.52863,671.29297
2020-08-26 06:00:00,Sommer_windig,90,1605.1666666666667,2.5,133.23142396780128,291.4552846336534,311.60778477330297,297.47296,497.08798223307514,0.47096139060427866,6.728503478235179,82.64139023358044,233.4833486536707,441.98098260813174,12.263333333333334,71.72630952380952,244.57083333333335,492.53229166666665,782.907777777778,1.7370691299072627,13.164548301172742,105.60871500284118,326.0818939779925,561.2161537069851,1.5404805,12.755961,107.93016,304.95923,617.6945
2020-08-26 07:00:00,Sommer_windig,90,2123.133333333333,39.06666666666667,144.3567344350315,224.4563275610484,238.7791135022771,220.65926,464.1467564267656,2.20005275876855,12.127874234490701,84.74846822727176,223.38585790113441,432.5065155306878,5.819,29.88402777777778,138.05297619047622,353.7612580128205,613.4592857142858,1.7791724675485832,17.47854916913275,105.12804203077589,245.68310138755933,508.2997713899576,1.5773625,15.987061,104.49483,210.3315,559.2356
2020-08-26 08:00:00,Sommer_windig,90,2140.633333333333,14.366666666666667,130.32032910474874,163.48164691904498,102.69673495438997,134.58037,437.74662971374335,2.931311817776243,12.526931254814475,74.47909066517376,199.55076259934668,401.85881161392024,10.016785714285717,31.045694444444447,77.20537037037037,277.62694444444446,461.67400000000026,1.7334328963450323,15.628643669152217,56.76025322521696,180.85082364163432,476.07484048531404,1.6820229,13.152293,32.70517,133.9029,444.146
2020-08-26 09:00:00,Sommer_windig,90,2285.766666666667,0.2,127.27962304881476,150.41282889844967,122.49296679148516,138.35207,416.268457191207,3.6586435182713894,14.097402303594205,76.69980108715629,202.99730092617855,402.7685892195765,6.439603174603175,21.713986013986013,76.97944444444445,299.2162698412699,458.52595238095245,1.4990749030583304,8.270388660666875,52.57125797610142,194.06337246634763,512.8844822157811,2.161655,6.731821,28.540558,158.06927,461.21704
2020-08-26 10:00:00,Sommer_windig,90,2340.266666666667,15.0,139.79190970571221,129.04704853693354,115.31856375836438,128.92415,398.52161441095694,4.834234751004621,16.72311137969545,72.47999521938219,202.8367629707372,409.1956542907837,4.315185185185185,15.9453125,47.757222222222225,205.10000000000002,352.53516666666684,1.7334328963450323,15.628643669152217,52.57125797610142,171.766945174011,425.1436074217466,1.9464841,12.179848,32.965042,136.24829,390.62946
2020-08-26 11:00:00,Sommer_windig,90,2280.8,93.36666666666666,177.83499878518472,125.67018415836748,121.12841495107038,126.3173,383.6286603150727,6.792582821340276,24.71469532803026,88.02833268734803,237.67433595125613,462.6507100363926,4.739318181818182,11.389930555555555,29.63214285714286,116.23263888888889,290.84648809523816,1.7791724675485832,17.469161920222863,60.045353115598196,212.9904124823083,430.9914869223499,2.4587045,16.419891,38.518295,142.8289,400.17783
2020-08-26 12:00:00,Sommer_windig,90,2328.5333333333333,220.9,220.79749375759263,128.3518975187001,117.2556964137127,127.73911,370.94116841619734,9.272136284259043,37.278537962780916,117.3521777932105,291.97561298694666,541.1217641624442,8.553190476190476,17.793496732026146,45.98008658008658,147.93666666666667,286.409696969697,4.546175375603555,17.469161920222863,60.7436028772527,248.2163409625025,494.36291485547866,4.962958,14.294557,40.038837,150.26248,445.82748
2020-08-26 13:00:00,Sommer_windig,90,2347.8,342.7,254.65583565709454,212.14354428913953,169.22796837200977,203.61237,359.97829544852175,11.385199587507831,49.05726092656258,145.23740614991107,344.976130147342,617.1528410607368,15.585833333333337,30.28194444444444,113.97373737373736,252.51388888888889,425.07428571428574,13.925676677178597,44.982334233931695,139.96234504608964,368.7533883335057,556.2776137897196,9.744758,46.537212,126.026886,298.1162,474.33163
2020-08-26 14:00:00,Sommer_windig,90,2298.8333333333335,320.23333333333335,252.94207021956515,235.62936448045755,250.47958851528904,244.36884,350.3819376840787,11.064435576178102,45.98932822936886,130.72790502745485,345.67269369470745,631.6998653347487,17.33010101010101,44.191435185185185,182.79036796536798,361.54647435897436,547.8419230769232,13.925676677178597,43.164378640844,142.26721645952722,368.5722924211217,568.4539943028207,9.271554,45.185757,133.08228,303.87006,470.36102
2020-08-26 15:00:00,Sommer_windig,90,2295.366666666667,418.8,290.4766412609443,248.4690765534261,257.0820201844861,226.862,341.8839889230312,12.151964718713621,54.77246017615842,167.0040274799109,420.5451968085101,731.3406805458682,24.061904761904763,69.45009157509158,168.3187074829932,355.5005291005291,610.1862962962963,13.925676677178597,58.87092223389492,158.87314458297143,360.67587218707314,561.8348756890813,11.394624,64.18091,141.13316,340.50348,478.04977
2020-08-26 16:00:00,Sommer_windig,90,2321.4666666666667,714.6666666666666,367.92647689600324,367.0205942559777,341.29471579717057,285.50204,334.2824278098436,15.924894957084522,82.90772896301957,262.9060673053754,568.6914998799725,915.7708195516616,149.79421212121213,216.98107142857143,362.072619047619,546.5209595959595,659.9690873015873,28.636247363358187,74.60148535033665,244.53206203892452,462.2293500823935,672.5151056729176,31.269135,86.28022,214.63489,481.16632,611.94025
2020-08-26 17:00:00,Sommer_windig,90,2323.0666666666666,594.0333333333333,347.13012932622473,307.23876196049156,280.7001079066285,263.32346,327.42384740224037,13.27002278500926,68.35026429502092,222.93978682781938,538.0957981934298,885.3717100385434,96.13266666666668,165.18794191919193,280.26023809523815,490.68708333333336,588.8764583333335,19.538933931407307,62.798274946282405,221.52513187017607,404.37991005403495,669.2815750078383,18.099588,72.03171,197.28563,388.7807,578.3906
2020-08-26 18:00:00,Sommer_windig,90,2158.366666666667,351.6333333333333,295.90131649418646,198.3324691115834,169.22796837200977,193.36487,321.1906856731017,8.611778370460545,41.8379624949245,152.43889539788853,466.3211540277014,803.3425112577726,15.782592592592593,35.21944444444445,83.98920634920634,192.03324175824173,350.30812121212125,12.37717724894691,40.85671103022249,147.97023976261912,358.54652988210427,535.8556150318041,8.327207,37.75778,122.92367,320.91437,457.75665
2020-08-26 19:00:00,Sommer_windig,90,1765.1,210.8,263.372075125561,149.1126107362162,130.8639098476312,116.509766,315.4918866640866,5.434817305506617,25.326591023923015,110.56516570406211,424.36095516926383,756.5748085460464,6.099722222222222,18.018541666666668,59.31958333333333,189.8325,302.5950000000001,3.0883270970423164,14.78868127408542,66.04858937261321,284.343411571873,484.8161566921258,3.538372,11.705818,40.946957,237.0171,420.51123
2020-08-26 20:00:00,Sommer_windig,90,1193.4,578.6333333333333,364.6287200893903,266.7053015910962,278.75375582737956,261.74203,310.2560656060738,9.604429088573255,60.414798904575264,247.00353261958162,618.1157391037902,980.2111517184596,40.73194805194805,107.72000000000001,200.95458333333332,326.9145833333333,527.8776666666668,9.5775395585158,36.82096266726049,212.82510536029008,395.9006602086642,635.8078854505345,7.3819194,42.632336,186.59239,393.8092,603.4306
2020-08-26 21:00:00,Sommer_windig,90,944.5,677.3333333333334,388.765212217329,287.1005127322421,255.159988005678,277.83936,305.4265019572298,9.944729951082904,68.23631385159727,284.11368791874867,668.8679673251554,1034.210224626967,29.317291666666666,98.28888888888889,216.1840740740741,398.5541666666667,571.3149999999999,1.0095401096590644e-05,37.459482573351295,212.82510536029008,395.9006602086642,635.8078854505345,5.2676253,40.01151,182.09166,405.99683,628.4166
2020-08-26 22:00:00,Sommer_windig,90,665.2333333333333,1116.3333333333333,479.26593026239243,287.51808456037213,279.81024399672117,286.79694,300.95746713669377,15.41417548988964,111.52765382809724,432.36862264622283,853.2053150791894,1238.6339918445806,44.83803030303031,154.94479166666667,276.94444444444446,415.027067669173,555.258888888889,1.0095401096590644e-05,95.07184997415982,249.84479159044764,514.7580616392916,743.7500632093482,18.234724,47.550167,234.34134,466.55444,732.68176
2020-08-26 23:00:00,Sommer_windig,90,1330.7666666666669,1198.6,488.04644923276146,330.4147794042846,365.9639660197114,400.68134,296.8115270971374,15.757453930514732,118.93809398824598,463.26344413619563,880.288159193238,1253.9229293272297,67.25277777777778,185.04666666666665,314.8835185185185,461.27416666666664,630.4176666666667,1.0095401096590644e-05,95.07184997415982,200.34191841612477,528.2829295903788,841.696058231575,17.95231,71.93464,265.99622,520.54047,922.1867
2021-06-10 00:00:00,Sommer_ruhig,90,0.0,0.1666666666666666,256.7473661707803,237.43887647293542,270.3218065939244,228.56903,33.28291172352641,0.0,23.364638380184118,132.15847909965447,330.8444429719551,572.2500438268547,27.034277777777778,82.88030303030304,194.37738095238097,341.9983957219251,566.0470000000004,0.0,30.448845205026323,216.74476954552014,400.07603836081927,760.2208922079558,1.7926499,29.633387,218.60266,351.89255,684.49646
2021-06-10 01:00:00,Sommer_ruhig,90,0.0,0.0,232.16113713119978,169.25157809932597,193.42583552165192,157.77441,63.74631229403428,0.0,22.648928701818377,127.61356522880476,288.2266571409125,506.788355113463,8.08095238095238,40.15202380952381,129.1375420875421,268.67166666666674,449.48526315789474,0.537335141673404,30.98509004443188,128.6844850174343,353.36060318201424,661.6470988510181,1.5769145,26.641321,114.576904,298.90408,585.13916
2021-06-10 02:00:00,Sommer_ruhig,90,0.0,2.3666666666666667,235.20394766955567,174.10404024806255,142.94651689403696,146.22302,89.02420744066472,0.0,24.41044626773379,124.1490723857282,279.58900049739935,501.8080848894537,10.544761904761906,45.22202380952381,155.8316287878788,294.32512626262627,454.59094696969754,4.054315638963197,20.327712009450124,163.7449913771748,352.05808088115117,661.6470988510181,6.8809733,27.250162,146.52515,309.15347,509.9126
2021-06-10 03:00:00,Sommer_ruhig,90,0.0,3.0,228.3063270278222,170.51027137804354,160.11363573456487,140.3956,111.35347733339228,0.0,24.765396116268988,118.99403862620119,254.58703913334554,479.70685595122353,13.541166666666667,46.852500000000006,147.88041958041958,286.1286111111111,454.59094696969754,3.892753778094023,32.17976864939485,129.05022464050788,342.79941195535287,661.6470988510181,7.23996,29.46514,114.90851,289.22293,501.40778
2021-06-10 04:00:00,Sommer_ruhig,90,0.0,58.4,230.44811083998727,187.65539710044374,205.04460920511605,207.27371,131.63797796126724,0.0,26.00819165569169,116.5321351384016,251.62777244176334,480.0563010817598,23.675714285714285,48.795138888888886,117.5571225071225,223.328125,373.42464646464646,8.087915333993243,33.382160173294174,155.44971584294336,301.4397909911367,661.6470988510181,6.9294367,35.098644,138.78963,282.5436,511.98657
2021-06-10 05:00:00,Sommer_ruhig,90,0.0,176.03333333333333,270.2197430034685,247.55695879534073,276.1500102697823,245.73756,150.28241279400746,0.0,41.49622089557798,147.56667395503825,299.7642121299786,552.2864421080941,46.96098484848484,93.24839743589743,136.3366666666667,261.024375,450.73518939393944,8.087915333993243,54.984562625577674,203.55831674285446,320.73665224433125,678.5593746315624,30.664288,58.448902,186.64546,311.51953,566.88104
2021-06-10 06:00:00,Sommer_ruhig,90,0.0,499.23333333333335,380.4586922536782,325.226477816382,308.9297907234493,292.96805,167.50151153245105,11.942341237799797,83.96662426900352,243.78503664506198,464.8082551981956,751.4445090089837,62.09192982456142,149.48346153846154,300.1465811965812,489.7915501165501,672.262905982906,9.01217027293183,73.13622317083393,248.8475993494887,353.5692330538359,708.8565866517375,8.485732,86.05463,243.64001,371.44275,598.9335
2021-06-10 07:00:00,Sommer_ruhig,90,0.0,318.56666666666666,316.8827708502904,282.16359831585373,284.15959122288075,264.77908,183.4348925970803,4.108769132609055,54.06328210891575,168.82609692234635,351.6922245433989,655.2389215759601,51.49285714285715,84.605,184.13272727272727,314.2622685185185,505.8695833333335,8.831970888371353,61.06445777265216,202.81412641305982,341.95029545316305,644.104099679702,8.485732,67.34602,195.78314,335.1856,588.34033
2021-06-10 08:00:00,Sommer_ruhig,90,0.0,71.36666666666666,225.52278277219276,235.93471822130476,219.6465336527401,217.36005,198.18994530731945,0.0,15.37424486998816,75.80919871576012,196.45272650180272,513.7678863057082,19.047985347985346,34.12692307692308,81.709477124183,184.7508333333333,375.4785185185188,9.133850901310726,31.34579189073817,113.4589174545894,296.48815502479164,681.8185625428623,6.9294367,24.07224,106.83981,269.43488,623.0132
2021-06-10 09:00:00,Sommer_ruhig,90,0.0,39.96666666666667,203.68173751580153,189.9312835019449,205.04460920511605,193.04523,211.8580330467778,0.0,4.063696444935374,50.22547353226497,161.30932334308153,495.5638475037501,11.562083333333334,23.86787037037037,47.06464646464647,136.40651515151515,344.24358974359023,6.54545377255572,19.442253369671732,86.91789321271284,259.0493298509069,601.7444843344686,3.6336656,12.218124,74.44113,241.86392,557.1925
2021-06-10 10:00:00,Sommer_ruhig,90,0.0,29.633333333333333,198.1256548914422,193.35769293910644,203.42760743651564,168.90642,224.5207937272878,0.0,0.0,36.830596269991815,153.0156128407521,508.4195427223906,10.644848484848486,19.36367521367521,44.08666666666666,138.6197619047619,583.0728095238103,2.87613675058149,15.93033480595159,81.31596220428295,234.36710153764935,601.7444843344686,1.465005,11.682065,71.558136,219.49281,554.6609
2021-06-10 11:00:00,Sommer_ruhig,90,0.0,16.6,188.16266997647628,257.3866310875769,214.21013603122094,272.01636,236.2527513325028,0.0,0.0,22.650127041905705,143.63527096803756,513.2092399638926,5.121777777777777,13.714871794871794,53.4021978021978,297.4583333333333,824.3258333333339,2.681971680045215,12.72678083581251,69.5975358703894,213.74401304690187,792.9855990600589,1.996035,9.536384,65.15015,212.57666,575.24176
2021-06-10 12:00:00,Sommer_ruhig,90,0.4,3.533333333333333,176.29090634158317,278.61049227150767,197.2903929154178,215.40584,247.12254103846473,0.0,0.0,14.76310439897793,134.41987600383595,513.556418052945,5.121777777777777,16.35535714285714,82.54999999999998,398.15325854700853,853.4445833333336,3.870454241609711,31.902419862939762,66.75941867489564,234.01254356155079,646.0353177570831,1.5496143,28.311605,62.493176,214.26895,552.1953
2021-06-10 13:00:00,Sommer_ruhig,90,1.1333333333333333,0.8,171.3732859513762,268.03649088404757,276.20536442071466,334.70508,257.1936019969752,0.0,0.0,16.148162878687003,138.1754444088079,524.7487157926536,5.165666666666667,15.683333333333334,77.88499999999999,475.446992481203,940.4227777777784,1.726472565382925,23.06029534172991,72.5737511708645,277.37149386138714,846.766866354755,1.0677686,22.299053,66.59137,244.39198,646.19196
2021-06-10 14:00:00,Sommer_ruhig,90,1.2333333333333334,0.1333333333333333,184.72743098409185,234.20499639129295,241.64866995658903,289.97665,266.52465543099675,0.0,0.0,27.642468869315707,166.96635408390205,567.6298014412332,8.072222222222223,27.660119047619048,116.2197619047619,510.7691666666667,827.995,1.9290725116998058,28.282281211892172,96.70813955514996,280.1562731048502,618.0699650778477,0.08444446,33.94954,83.826355,265.80917,597.1841
2021-06-10 15:00:00,Sommer_ruhig,90,43.8,584.2333333333333,413.8792856977711,421.0858653177345,506.1239829684877,441.69934,275.170086954119,18.820077240834753,72.15027790741462,239.46961367108986,542.4814822416589,980.2388446687315,52.62061904761905,101.65699404761905,276.5174603174603,716.4353896103896,1195.732507936509,6.322028754460655,60.83230297110498,196.8118475769849,417.9529469951911,739.1846977087092,5.0204983,48.2924,185.01808,399.0778,809.51337
2021-06-10 16:00:00,Sommer_ruhig,90,99.0,359.2,391.11964742242367,359.9752409123384,344.10882733659247,455.56467,283.1802783417189,8.196525927927585,50.42194417421398,187.59910522599588,500.9523560978782,954.6072803724109,46.678030303030305,100.82619047619046,258.83196078431376,589.277619047619,1280.744545454546,9.060509871155395,49.597401715694055,202.44241770140994,425.29520823176244,793.3505646864148,6.414777,42.578293,184.68008,418.88144,842.36005
2021-06-10 17:00:00,Sommer_ruhig,90,360.9,55.86666666666667,258.1704228966807,214.4522342862695,239.15802096862356,320.7429,290.601906609272,0.0,2.3939149195841765,82.92538975567905,313.82124292125707,716.8608400773393,34.936313131313135,78.79458333333332,208.83748114630467,428.23227272727274,586.441785714286,6.6408952704069275,28.62936747078895,155.72676578864164,350.6407632335497,754.4866579809727,4.6398296,30.942133,148.0065,369.55307,682.1293
2021-06-10 18:00:00,Sommer_ruhig,90,471.46666666666664,33.0,221.03322261131518,207.6253505288285,341.091390903915,317.69727,297.4782180363085,0.0,0.0,71.93591989664839,280.71443222669836,639.408090048017,29.74517482517482,67.63218954248366,226.95194444444442,446.41077441077437,610.5289743589744,3.6248598404810166,23.811250407658424,141.74105739424363,317.57843044340234,658.9944488292623,3.0684326,29.40298,127.86469,345.61078,612.1047
2021-06-10 19:00:00,Sommer_ruhig,90,4.033333333333333,13.833333333333334,208.94965982089337,222.85285026258987,239.39320071386132,283.47467,303.8492809158654,0.0,0.0,71.61112499664645,275.4583538365514,604.2175821936744,40.91085714285715,94.95130952380953,217.31493506493507,422.65470085470076,560.7959722222223,3.0946702072423755,22.55760060351294,133.20744673496014,324.1507197983615,607.4300624053141,1.6366377,26.191305,104.780846,335.48132,631.8837
2021-06-10 20:00:00,Sommer_ruhig,90,0.0333333333333333,0.4666666666666667,170.25849935764285,146.39552719802373,176.0536840473652,182.33163,309.7522193105758,0.0,0.0,72.15290999169127,232.6967722545141,516.602722761519,13.815367965367967,33.36758658008658,95.285,207.97839743589742,333.80583333333357,0.9371458487092507,16.85618838556163,117.02012085545991,308.27856161647003,458.0902574536082,0.12187878,15.766587,108.955246,291.4043,527.8756
2021-06-10 21:00:00,Sommer_ruhig,90,0.0,0.0,183.87631728189552,142.03178561448811,147.7775107762738,177.0851,315.22142947681436,0.0,0.0,82.55648597465847,256.0413985465874,530.7101886995163,6.094444444444444,23.467261904761905,69.80555555555554,160.16250000000002,300.70375,14.107861695414762,13.662735641441865,124.68644010588065,326.193369149286,653.0403560696004,0.0,24.867796,102.36604,389.55212,606.86334
2021-06-10 22:00:00,Sommer_ruhig,90,0.0,0.0,179.63982125047517,126.29157312189709,119.83352685848752,141.72205,320.28878032883375,0.0,0.0,89.08246177871499,251.63715014378846,506.9956286534417,5.81447619047619,16.726357466063348,59.087698412698415,140.7524038461538,263.89523809523814,16.628473539556257,13.662735641441865,95.55709804778272,249.36581000457403,653.0403560696004,0.0,26.869154,73.76338,248.68546,531.12476
2021-06-10 23:00:00,Sommer_ruhig,90,0.0,0.0,190.1999715335121,108.53431133738059,183.01040161714164,194.05919,324.9837991520317,0.0,4.241077996368773,99.09069136106257,260.0755398313307,509.381654633073,11.49320512820513,27.495000000000005,45.916666666666664,79.29770833333333,181.86180555555558,5.614302220698256,34.40852120734378,118.26483107716246,284.1179377084026,618.5300415377715,9.249827,39.78571,110.60474,265.69156,513.48083
2021-10-21 00:00:00,Herbst_windig,90,1426.2666666666669,385.1,299.79957135191853,312.6626329933702,452.3117687420005,398.85968,798.7712884891953,0.618016813328026,39.594970752469855,205.5412241314059,524.017091403538,872.8116503914259,13.632380952380954,54.04742063492064,191.43240740740742,493.0892857142857,755.1295873015874,0.0,14.476672162025798,165.08568328795596,426.44836401406604,675.3521423492184,4.3373747,41.436234,134.29503,468.6653,666.79034
2021-10-21 01:00:00,Herbst_windig,90,1632.1666666666667,303.56666666666666,276.41986807495573,340.2099428698905,442.9175353108493,402.28384,765.6567300386118,0.4716594501176551,32.72355511953108,186.45871742508376,485.5865397586378,830.984769128522,8.594175824175824,35.743287037037035,208.36562500000002,561.6770833333334,791.5745454545458,0.0,9.96862600619028,208.56604648829892,391.39956451136743,636.7415961967962,3.6543322,24.344648,204.95586,598.85834,602.6009
2021-10-21 02:00:00,Herbst_windig,90,1271.1333333333334,226.43333333333337,255.48215189796838,251.63089343351282,239.6052186423339,221.4487,733.9096100753995,0.46824578968390485,26.687498478539766,168.86316729545166,449.5817266322138,793.0860100117922,5.25059829059829,24.569444444444443,128.8471212121212,425.1976851851852,705.3480303030307,0.0,9.96862600619028,209.83017900711678,386.32953504262895,636.7415961967962,0.14960933,22.446304,207.11948,446.2363,632.1551
2021-10-21 03:00:00,Herbst_windig,90,1503.7333333333331,527.5666666666667,295.05228010956523,191.10268196894216,230.7125529585284,258.1684,703.6174013684105,1.2131368889816851,53.18958079495652,221.26661617419532,503.7502094862406,793.7614771594933,27.042045454545452,59.45479797979797,142.77685185185186,298.7726325757576,578.3138888888889,0.0,15.6584148404986,196.34952512484054,435.0225444541474,724.9125577798026,8.435821,50.96218,198.52104,530.8591,696.333
2021-10-21 04:00:00,Herbst_windig,90,2262.733333333333,997.9,360.42083673271134,263.7605231323781,231.39262674309117,245.85287,674.8138676808446,2.193076547877768,94.43441383719342,303.6506955608242,590.6174193037534,801.6016751616185,69.08743589743592,114.21702380952381,180.1901388888889,424.48425925925926,675.7191212121212,0.0,86.71855557161717,194.20939850628415,511.2028036672651,741.5849182871436,33.034634,117.19084,227.54756,521.37396,735.4034
2021-10-21 05:00:00,Herbst_windig,90,2363.266666666667,1148.8666666666666,377.7257700180596,299.44079825543065,299.8951520994422,338.50726,647.4962684326001,2.682328048341079,108.80651444696458,328.4577077304546,604.3550190167377,784.005462077233,71.53494505494506,113.77333333333334,171.78463203463204,413.5769230769231,743.6775,0.0,118.54617062153248,199.50376782721995,511.2028036672651,773.2015342075323,24.371199,124.74686,226.00026,518.7464,741.4146
2021-10-21 06:00:00,Herbst_windig,90,2358.866666666667,777.5333333333333,319.11770539171044,289.50105773969955,301.5579057096977,339.66153,621.6374892319745,2.7692233017990517,78.51822394167779,261.4408083560134,523.2371144347362,756.65365194552,50.28580357142858,98.46904761904763,164.22333333333333,352.54583333333335,735.6340196078432,0.0,128.53788325223604,199.50376782721995,511.2028036672651,787.4950003552849,18.382828,109.292625,226.00026,570.54974,745.3498
2021-10-21 07:00:00,Herbst_windig,90,2351.0666666666666,918.5,338.19599782850696,279.0225185721372,222.8190375882396,245.23051,597.1945715650131,3.3431970983084285,91.92424408592908,284.0885590874133,540.8043665391185,748.8668872821588,47.47025000000001,99.35648148148148,162.31196078431373,300.2962962962963,565.291435897436,0.0,129.95564599985974,194.8006467631844,415.3077630626973,572.68031866324,20.596283,108.02948,225.73729,419.26953,576.65533
2021-10-21 08:00:00,Herbst_windig,90,2358.8333333333335,681.2666666666667,305.08282562199616,213.25410119644886,226.60973216134943,217.74442,574.1146884964385,3.4455852686791477,73.19946392956689,242.75930104957325,487.81575060273974,734.3576442717102,22.708571428571428,60.71485042735043,157.1439393939394,241.64166666666665,444.5351515151516,0.0,95.83141000252203,196.54908595550708,408.76790849485803,519.003520994866,12.692312,84.49804,211.781,404.0287,553.62115
2021-10-21 09:00:00,Herbst_windig,90,2032.1,1108.7666666666669,381.37982693144096,238.97444033174844,178.67891351634754,175.58012,552.3393101521192,4.30930657923304,111.550867250318,327.826718232911,584.6988534973638,779.722586671734,69.06361111111111,124.61180555555556,182.3345238095238,264.3857638888889,545.3594444444444,0.0,147.52541524726868,204.36175222490292,250.1259185965006,355.7290366084274,36.4687,125.39022,249.19086,251.29492,290.13016
2021-10-21 10:00:00,Herbst_windig,90,1869.8,992.7666666666668,391.87982616744193,219.6835114916711,179.7148093767565,169.09033,531.8070873437093,4.556138378565947,104.28584902549036,331.97876557593804,593.6005416354906,839.2952165549209,57.61000000000001,114.20564814814814,178.3292592592593,258.3204166666667,495.37142857142874,0.0,135.33239748570915,200.40635952271535,265.4477226596626,365.2675946629675,33.89268,107.4485,246.2349,240.46895,303.54877
2021-10-21 11:00:00,Herbst_windig,90,1887.0666666666664,639.4666666666667,357.96075926006927,166.4758826098682,213.8193848520807,172.51192,512.455828603675,4.268119699768734,75.82478141897549,284.3130394807155,538.3420494805018,859.7853366756906,11.898363636363639,43.84329836829837,130.17185185185187,213.48907828282827,314.91783333333353,0.0,83.25350652488021,119.39358142663248,264.54237297524014,348.2798565776446,8.041567,63.42746,164.64159,274.4884,298.31833
2021-10-21 12:00:00,Herbst_windig,90,2114.1666666666665,583.2,343.140562726886,198.20665179001514,286.70088737336965,133.53882,494.2238370995096,4.224613890077945,70.18916318714143,263.4883031606942,521.5717569314269,846.2208044633956,12.583333333333336,36.58005050505051,100.97333333333333,202.89083333333335,347.26333333333366,17.15762998789747,35.85588724477738,106.93541970734528,250.2339632856999,350.91326007960123,7.963323,41.045124,144.88008,281.47467,290.44293
2021-10-21 13:00:00,Herbst_windig,90,2317.4,1150.3,435.11138846346785,187.72910254699698,233.96615470095858,183.89456,477.05079657842737,4.921082568249695,118.22233779568225,367.28248424267514,654.7809135185363,903.6691105511278,39.85928571428572,102.40148809523811,171.99333333333334,260.89629629629627,367.18316239316255,0.0,108.90370204992419,226.5338391039586,293.9484220300971,523.8770759309906,33.572044,104.697075,266.00162,296.80005,493.56238
2021-10-21 14:00:00,Herbst_windig,90,2293.4,1176.3666666666666,453.07583533062393,195.3157389796101,388.38025091902495,407.51617,460.8783405523358,4.9451585936893405,120.27905564559683,384.00040195549565,691.0264552328396,956.1844091810415,24.834,87.96770833333333,187.19615384615383,287.99375000000003,407.68979166666674,0.0,100.05474068926898,332.61608526319463,438.89436086572937,746.5634780545754,31.895144,86.50327,408.83264,421.95065,719.8345
2021-10-21 15:00:00,Herbst_windig,90,2255.733333333333,1633.6666666666667,503.8894296864913,243.2507494080313,283.1146041020688,321.84906,445.65039989508807,5.0526671079965615,156.8309573878393,447.05234075733506,771.7899068846893,950.1272139208239,24.36733333333334,91.83152680652681,212.67248677248676,355.88666666666666,525.3262500000001,0.0,109.78516484271778,273.2160813494226,384.84875483813653,684.0641014078587,29.598892,173.60945,342.25525,394.83984,681.97614
2021-10-21 16:00:00,Herbst_windig,90,2253.633333333333,1789.6333333333334,527.1748944540906,250.4734468008419,250.49293633031982,365.90533,431.3133962895598,4.957447246653892,168.6369660095873,476.65542326555743,821.9744851219066,981.6188747049509,15.816296296296297,78.35214285714285,203.75281385281386,350.7019444444444,496.6943333333334,0.0,109.78516484271778,418.3384104581143,472.91422997097226,688.9763729441473,28.957138,167.12383,402.68884,466.16193,644.57697
2021-10-21 17:00:00,Herbst_windig,90,2215.366666666667,1688.5,498.8657052509142,269.23905714538336,263.0845142792836,373.79492,417.816329261121,4.441003071010696,157.505349634289,449.48905229863755,803.987087597844,969.2060624170322,24.36733333333334,103.11685606060605,238.21080586080586,379.69166666666666,540.3348888888889,0.0,140.46598925681027,349.02425714708386,481.6040077244576,679.3763729441473,29.278759,201.97899,398.32993,449.89655,646.43945
2021-10-21 18:00:00,Herbst_windig,90,2240.0,1627.5333333333333,524.6430229337141,292.77087276383776,358.63936042776754,424.65305,405.1107905424771,3.9378322482430446,153.64769173470822,478.49042461568257,838.4065512042407,1053.743707039726,63.873541666666675,136.10727513227513,283.9866666666667,425.2555555555556,542.0367948717949,0.0,140.2890117615339,422.22448253457526,548.1973344582628,727.666142797873,29.281837,199.35976,493.57126,543.76575,687.15564
2021-10-21 19:00:00,Herbst_windig,90,2059.8333333333335,1903.2333333333331,554.0554316976356,309.36176134576135,278.60049308724683,382.99713,393.15092958072455,3.860506909873821,174.93109169509077,522.321728139286,899.2307319902297,1063.2528702275267,82.96075757575757,186.95965608465607,322.5546969696969,429.4076388888889,540.2543333333333,0.0,137.27980423869494,498.09972602517547,530.1394650579019,715.026235079112,27.046814,199.61246,500.98434,519.4918,681.2333
2021-10-21 20:00:00,Herbst_windig,90,1537.1,1361.4,462.2946834537703,272.66858633917474,296.04210937487943,335.91754,381.89338694668925,2.8426881318908226,126.87027358049468,423.9537489160855,791.3429910077342,1029.7444577438,59.856948717948725,168.66324074074072,292.9060185185185,400.9733333333333,486.412925925926,0.0,118.2260119272191,421.2364507193519,517.6454764721453,726.5595760954424,26.465841,103.304276,465.1367,498.1188,668.0397
2021-10-21 21:00:00,Herbst_windig,90,542.1666666666666,1165.6333333333334,425.50484936697234,279.68801528907323,257.93053531372726,322.1001,371.297207404686,2.2205952610208377,108.89887164219785,390.2280127934742,748.3831181194205,1008.6525131402078,56.70708333333333,178.27440476190475,297.3884615384615,400.9733333333333,503.88146825396836,0.0,83.89802647901534,373.6967694700269,527.6550730449344,699.8037651044808,26.571949,101.88916,394.65488,478.9818,664.5022
2021-10-21 22:00:00,Herbst_windig,90,483.6333333333333,1007.7666666666668,395.9426899091583,285.36465667190214,257.93053531372726,289.87924,361.3237408546306,1.7557945550278566,94.60362279339594,365.1170463202577,713.0122441751992,990.3103607674532,52.63274074074075,159.3422794117647,304.07592592592596,418.2319444444445,534.6529545454546,0.0,66.24411766039809,251.7818976324669,519.6105880033143,644.3602564168899,11.06488,84.80716,309.06235,468.3569,646.5685
2021-10-21 23:00:00,Herbst_windig,90,306.1666666666667,845.6666666666666,326.6417501350482,273.43984575951805,201.62577717690553,219.58617,351.9365368464031,1.3504210505677476,77.29179290236965,300.45162055471127,634.512434451663,886.2018614362835,36.700427350427354,126.07426470588234,264.36111111111114,377.4020833333334,506.3102857142859,0.0,77.78819331944558,192.1892450062995,436.9179950945537,614.4686051222833,9.586014,99.843506,228.51859,388.13327,556.66345
2023-09-10 00:00:00,Herbst_ruhig,90,0.0,21.433333333333337,229.13041249807856,48.57883643594883,70.00573442544258,67.05844,28.068230133186574,0.0,1.9539804780243593,110.82143056652217,319.22573142582553,568.253192021383,0.0,0.0,0.45944444444444443,9.286666666666665,47.82033333333336,0.0,0.0,2.3292381624475262,146.12778914330065,435.4431791662947,0.0,0.0,0.0,152.24945,440.64008
2023-09-10 01:00:00,Herbst_ruhig,90,0.0,0.0,215.68780264313028,45.63657220171539,88.14227413306122,91.38882,52.50818402724849,0.0,0.25169965115659565,104.55377643479919,298.36617400041473,525.3911468142487,0.0,0.0,0.49444444444444446,13.218181818181819,88.01214285714309,0.0,0.0,7.7909035669607,147.97826219819052,454.7232075238779,0.0,0.0,0.0,152.65213,431.91037
2023-09-10 02:00:00,Herbst_ruhig,90,0.0,0.0,205.57099386925847,50.73678669729086,65.55840420771132,85.74626,71.76110013636475,0.0,0.0,102.56221609658668,285.4951895621622,510.0774844251587,0.0,0.0,0.3303571428571429,7.5842261904761905,51.231616161616266,0.0,0.0,10.042621733983063,139.09275531228752,413.471686402877,0.0,0.0,0.84918886,138.58324,412.6278
2023-09-10 03:00:00,Herbst_ruhig,90,0.0,0.0,192.5611904102595,38.951608191185336,77.35875569926525,80.64266,88.30275251249537,0.0,0.12093695077732391,99.37443155412458,262.4350680651132,481.8991154650554,0.0,0.0,0.5666666666666667,8.897619047619049,41.84660714285715,0.0,0.0,9.938195157437955,124.55296828707074,413.471686402877,0.0,0.0,1.9639182,131.20338,412.6278
2023-09-10 04:00:00,Herbst_ruhig,90,0.0,0.0,176.40909729302908,43.14707093140926,68.0100551605638,57.755203,103.12605488610944,0.0,1.2832727362651788,95.66373430482412,230.87333506780317,444.56417337948125,0.0,0.0,6.269444444444445,26.855555555555554,73.95866666666667,0.0,0.0,13.862339490944178,95.34423716800427,332.55246070618523,0.0,0.0,4.4038153,98.86375,270.49243
2023-09-10 05:00:00,Herbst_ruhig,90,0.0,0.0,172.30076315715274,40.53478261497143,68.04406733176744,57.48766,116.65855231737777,0.18310597139669338,3.353141295213824,93.07691986351772,215.1165487486855,445.4954399183311,0.0,1.526388888888889,15.107962962962965,33.178333333333335,69.18452380952387,0.0,0.0,25.253957231792935,95.34423716800427,332.55246070618523,0.0,0.0,8.588804,85.509476,295.7135
2023-09-10 06:00:00,Herbst_ruhig,90,0.0,4.066666666666666,153.94549854589786,44.21451367727373,73.35618683514205,45.651016,129.1099553139843,0.6580092487141227,5.937941002973179,90.1892678330868,175.3333833595755,401.48950759413856,1.0440476190476193,10.409722222222221,29.45,55.44444444444444,82.55533333333334,0.0,3.28210462086499,26.295003426235947,97.29170928451299,332.55246070618523,0.0,3.661344,12.408422,87.91479,280.34628
2023-09-10 07:00:00,Herbst_ruhig,90,0.0,15.033333333333331,169.51287654128322,44.65416675071967,80.96375780503814,65.64545,140.6039524065148,1.4181637708637462,9.593875520298978,91.75852560221067,185.32592615177697,457.2390166377079,8.129833333333332,20.079365079365083,39.407936507936505,62.96619047619047,87.50000000000001,0.0,3.28210462086499,33.50160006492822,95.34423716800427,332.55246070618523,0.0,4.6250687,18.226696,77.98961,286.8307
2023-09-10 08:00:00,Herbst_ruhig,90,0.0,12.066666666666666,179.4559594836987,42.13682877632736,64.94023706393209,53.465755,151.2283621106208,2.1085775690377444,12.96473309031678,91.0060571238703,188.19498535541953,501.220942198194,4.537,16.2875,36.46628787878788,59.73535714285714,93.9166666666667,0.0,3.6694307692204036,17.71618840703601,79.94265295616425,332.55246070618523,0.0,4.9091644,8.589549,83.27005,287.4165
2023-09-10 09:00:00,Herbst_ruhig,90,0.0,17.2,193.43319854558573,43.40002183379724,75.09863004512684,54.88301,161.05436071289802,2.786962434412628,16.538235396457274,92.27441505827788,197.2742713883639,552.3664101827603,3.3250349650349658,14.769940476190477,29.710606060606057,55.989646464646455,83.11095238095238,0.0,3.6694307692204036,14.817009115379472,57.30605800612509,346.0713373335556,0.11732495,7.5962467,10.045043,83.78676,292.5715
2023-09-10 10:00:00,Herbst_ruhig,90,0.0,0.5333333333333333,170.40860132153188,54.541512656089054,89.21535736703765,87.403,170.1439883792525,3.178409779585681,18.90533679809495,87.07563047055363,149.24627543190562,484.7144468427113,3.274250000000001,17.7,41.32089947089948,72.01748251748252,116.36666666666675,1.3659405062369128,0.0,13.561789000088972,77.31303541627096,349.0862508403005,0.098680824,3.2551205,4.7414894,101.89606,320.4844
2023-09-10 11:00:00,Herbst_ruhig,90,0.0,0.3333333333333333,180.64024996308726,49.91030672973524,87.00405106107839,86.9695,178.55320208106446,3.6404381714902203,21.596897684182174,88.16844680412167,155.45699066143789,516.7434212920425,2.859703703703704,18.566815476190477,42.32395833333333,71.9176406926407,103.62375000000019,1.3659405062369128,0.0,13.561789000088972,77.31303541627096,351.6715147532845,0.2376519,3.5520418,4.7414894,99.83258,329.49673
2023-09-10 12:00:00,Herbst_ruhig,90,0.0,0.2,175.34575678745807,47.46114426156172,100.41672545148491,80.19178,186.33322735536927,3.854371100355734,23.233286438560306,87.16458008888839,141.57464617389343,500.7327013404271,8.17701923076923,29.79863636363636,52.29575757575756,74.67885101010101,103.52000000000005,1.3659405062369128,0.0,11.176989208422299,116.52904180346297,355.7823283825744,0.18199226,3.6675968,4.7554235,99.83258,354.3944
2023-09-10 13:00:00,Herbst_ruhig,90,0.1666666666666666,2.5,198.16696517784754,56.53186050223055,89.96881320712642,115.785484,193.53125157602776,4.035855664521024,24.42508919989487,89.65652205272576,176.8708001358663,575.8257049006452,7.283674242424243,21.668154761904763,46.449603174603176,73.01116071428572,111.50847222222224,1.3659405062369128,7.741926137729528,13.561789000088972,74.13797848678945,346.9959352787756,1.3841791,9.339774,24.600315,98.16539,317.29938
2023-09-10 14:00:00,Herbst_ruhig,90,3.566666666666667,0.3666666666666666,190.34490491134204,62.18716188290406,104.0927761159846,119.84492,200.1908544315116,3.871422615026617,24.2068809637591,88.48709470939794,167.74666116345193,551.8405699930124,4.2553333333333345,20.171666666666667,46.63727272727272,73.01116071428572,104.51920454545457,0.0,1.173191625338836,11.176989208422299,74.13797848678945,346.9959352787756,0.7175222,6.08238,24.614252,90.93139,350.80396
2023-09-10 15:00:00,Herbst_ruhig,90,7.0,0.1666666666666666,185.3888093780266,43.26339505822509,95.87745053719154,117.74371,206.35232637527253,3.556814504802382,23.10351316323215,87.65638688716791,167.21594609386204,536.5571821167144,7.091515151515151,21.318571428571428,47.53151515151515,73.51346153846153,97.55541666666669,0.0,1.173191625338836,14.460643192330803,58.915032677330785,370.57904034547346,1.5313677,4.7739844,25.11981,75.318054,287.00644
2023-09-10 16:00:00,Herbst_ruhig,90,1.0333333333333334,5.733333333333333,219.71941781123422,45.56841143657942,106.19565260210216,129.08946,212.05293304599064,3.281311910544698,21.856992706365286,92.57655227523941,233.02662254802846,647.6791029349761,7.222857142857143,19.33939393939394,41.3797619047619,71.9176406926407,93.66966666666667,0.0,7.741926137729528,20.851428982463098,78.75789953608518,370.57904034547346,2.4012241,11.530774,29.83134,74.83988,289.33084
2023-09-10 17:00:00,Herbst_ruhig,90,0.7666666666666667,0.6333333333333333,184.9285723339347,58.35262715558065,201.49930285041668,149.50017,217.32714847672025,2.489536585186399,18.539112345537056,87.9011973879478,193.9320043782824,542.4770391856657,5.766500000000002,21.888446969696968,56.91984848484849,83.0537037037037,124.64875,3.263786382064023,1.173191625338836,15.563931879178728,113.59800786805647,370.57904034547346,1.5295457,5.86758,28.98435,114.31846,322.07684
2023-09-10 18:00:00,Herbst_ruhig,90,0.0,0.0,168.83745292628413,64.60555707608185,107.06007299550745,93.16455,222.20686653378704,1.7087863767038665,14.901565973144612,85.39495283875955,187.2485509212773,499.01536374138004,0.4909166666666668,8.697821969696971,36.71805555555555,85.34791666666668,142.68793650793663,1.3873895138931047,3.5599294397451455,22.456641427595716,113.59800786805647,373.0843266817984,2.0190396,5.991552,10.817789,120.048836,307.9629
2023-09-10 19:00:00,Herbst_ruhig,90,0.0,0.0,191.59301943768776,72.03814362705504,115.14383340965938,92.475,226.72159490316056,1.1257167490130162,11.53023380514654,87.37026315656101,241.6189130616433,575.126119280876,0.07548076923076927,2.313203463203463,11.496666666666666,59.07416666666666,157.23095238095254,0.0,3.195732969750483,7.829037457585845,104.37012681644092,373.0843266817984,0.34061688,3.9043176,4.745998,114.46597,306.9482
2023-09-10 20:00:00,Herbst_ruhig,90,0.0,0.0,189.41555966908487,76.25853802871133,116.22121432443512,100.94595,230.89863394748411,0.41847348109116544,7.696085733226411,86.64789150510211,256.1220166432243,569.6884867757132,0.05555555555555555,2.7006944444444443,18.13737373737374,75.41222943722944,165.31161111111115,0.0,2.928525131172793,14.86388708506675,101.5763987251561,373.0843266817984,0.32673037,1.2139537,0.0,124.67377,302.23526
2023-09-10 21:00:00,Herbst_ruhig,90,0.0,0.0,147.5596137576167,181.13653132186084,190.12349536729525,184.55025,234.7632419505697,0.0,3.3276889562099043,80.99803874863392,206.86188586169777,436.85126520112635,3.110507936507938,17.03611111111111,114.66851851851851,324.995,548.580396825397,0.0,3.1198886781179254,16.79268046939351,126.44243349846055,475.4457782691254,0.18067236,1.5260545,10.831002,176.56203,498.74753
2023-09-10 22:00:00,Herbst_ruhig,90,0.0,0.0,111.9889224947407,205.99812346334718,196.16910961234018,170.70502,238.33878791330642,0.0,0.0,74.2883551991153,166.93158355410483,332.90773274041356,10.837111111111112,46.09761904761905,163.76071428571427,371.2239898989899,559.689166666667,0.0,0.0,21.904266763893798,162.62391212762836,558.8431958402764,0.0,1.6140208,34.56061,183.61967,483.44836
2023-09-10 23:00:00,Herbst_ruhig,90,0.0,0.0,69.63888424614834,290.7327829441534,273.9267131573078,265.45627,241.64689288726748,0.0,0.0,64.84994920899244,111.39589111823466,203.61164791943918,37.43107744107744,153.03023809523808,268.7140151515151,397.4916666666666,606.0422500000001,0.0,0.8094716013778767,31.458674078055278,258.9635757510019,623.3219234298695,0.0,5.471946,43.850506,256.406,589.9686
2020-02-10 00:00:00,Winter_windig,90,2278.5666666666666,58.06666666666667,370.5030651436938,852.3199527355548,987.0845985476324,905.8647,2104.4831718290206,4.358977611726509,36.84407904234962,146.42803363466822,597.7457315909433,1136.7405547152737,17.26974358974359,53.06666666666666,440.8722222222222,1760.3208333333334,2088.5385833333335,11.770870951832116,84.22001945931179,307.70577034465646,909.606253330447,1595.849074323145,8.099469,51.350697,299.0809,1174.3512,1700.5393
2020-02-10 01:00:00,Winter_windig,90,2352.4666666666667,52.2,359.7967024226035,522.5023010152946,716.3070740973326,588.62604,2008.903653800061,11.340531941565438,44.420620373691094,152.27222608161895,583.9052703989685,1090.267977015737,17.296886446886447,39.87765567765568,191.70324074074074,901.6760416666666,2007.3133333333333,14.85203211084371,99.09230087192849,195.7376925253113,844.6971625271699,1428.1367536766052,13.332371,32.522106,190.7512,1054.1948,1632.3754
2020-02-10 02:00:00,Winter_windig,90,2292.5333333333333,84.0,380.4656349570233,929.4763926248295,638.8542264352692,811.7396,1926.8794884217866,11.947713000345274,45.85909075478862,172.0614977640095,632.5393522079869,1143.098785271353,36.38348148148148,88.50423076923077,507.59916666666675,1927.3010683760685,2134.1500000000005,20.32769246865748,104.67063820273702,327.6935852822833,903.4540078854918,1307.6693400333277,16.31049,51.43664,352.05368,1192.8601,1758.9225
2020-02-10 03:00:00,Winter_windig,90,2320.4666666666667,223.83333333333337,469.57975358927547,1299.8652708253635,1014.7071311165663,1061.6104,1855.1699135775361,23.152614471744712,67.60707395929595,254.41365449063045,807.1887535530034,1373.6004814185803,36.38348148148148,282.8209706959707,1773.2278138528136,2000.2034226190476,2163.7052380952387,24.031420944458024,127.04102227872608,402.44888531752355,1254.9222889001362,1773.9048344918538,27.279337,75.89637,415.90872,1552.3969,2058.8757
2020-02-10 04:00:00,Winter_windig,90,2208.8333333333335,435.4,546.9459816378641,1253.6381289309375,1194.765231396724,1193.421,1791.3993598635361,41.43254841063698,102.26833939244051,336.5921793677031,933.3169569167878,1501.1207377680528,39.56664141414142,183.16215277777778,1743.4848484848485,1997.5929166666667,2164.0330357142852,40.76508759029222,184.30450937323704,440.03844232476615,1368.05529261065,1970.678362700763,45.37495,107.46911,480.01022,1616.6666,2025.3961
2020-02-10 05:00:00,Winter_windig,90,2355.8,527.1,583.6064445862149,992.169413459247,1153.914671857304,1150.6605,1733.8227907570604,46.03471247848752,111.60051941106586,372.61954938407376,1002.8322059748436,1570.013235775254,46.32258169934641,177.787012987013,1044.6765476190476,1710.899880952381,1987.7990909090913,53.16265311389155,157.67855782751252,482.9218082495201,1396.3133298641985,1843.3700091653361,45.997322,101.03704,590.4614,1660.1688,1859.6067
2020-02-10 06:00:00,Winter_windig,90,2361.1666666666665,441.76666666666665,552.8796959333877,1241.602501284254,1194.765231396724,1142.4423,1681.154821811001,39.12969269126603,94.73048853939824,346.6914660027393,971.1417192023368,1516.4935469375728,36.048095238095236,170.8661616161616,1718.5103174603175,1987.2444444444445,2163.5090476190476,36.406059240648254,130.73714877280432,440.03844232476615,1355.335096777317,1910.6869305816435,41.65176,81.43017,500.21313,1628.2485,1991.7898
2020-02-10 07:00:00,Winter_windig,90,2314.9,598.9333333333333,603.8444677984138,816.9533352018628,914.8567082211172,893.9466,1632.4452793434416,50.183556852900864,116.48716936984898,399.08389427436094,1051.2950017389298,1590.1527528204988,153.21966666666665,280.2446428571428,710.0886363636364,1298.5346064814817,1617.8025021645024,64.96182315072168,163.26576830402692,458.0742733558877,1440.1405228679403,1453.7697185818704,70.19754,103.332596,609.25903,1594.3657,1747.0404
2020-02-10 08:00:00,Winter_windig,90,2350.7,893.9,682.5464453690246,640.2752994209926,516.2811897119848,647.6619,1586.9885733414153,69.752401835802,158.07136604744596,479.5476456921923,1151.271756399326,1666.492628518622,142.64809523809524,232.40079365079364,366.5541666666667,1104.4489583333334,1450.2895918367346,64.30436504569657,132.84058138155154,517.7264347441154,1145.6057425630152,1406.5875565821846,67.495735,135.87738,512.7567,1086.7753,1402.3226
2020-02-10 09:00:00,Winter_windig,90,2328.0,1351.9333333333334,789.7777394972753,501.1291243742071,387.79154698454573,501.32648,1544.2576918377958,99.97210218685996,223.86393475255815,590.9482081119073,1265.7987459733336,1729.6176799928653,153.82171428571428,228.2956349206349,329.9719696969697,721.1824494949494,1418.841626984127,80.03142082446824,187.94429163830682,487.97960808930037,1074.5182231539734,1398.446706938598,88.8827,180.03165,569.48157,1054.0238,1391.3727
2020-02-10 10:00:00,Winter_windig,90,2293.866666666667,1668.8666666666666,867.4797373130715,779.0464650052736,745.4906397925589,698.03406,1503.8561233210567,120.74079030193008,269.3648510355164,669.7400800902798,1354.2520954820545,1790.373587560773,187.79555555555555,272.93611111111113,465.01575757575756,1270.568353174603,1555.618666666667,80.77070421318862,279.9392536480148,512.9422294431,1159.8282075676857,1368.4700399371307,109.56671,271.91827,585.79,1090.0431,1419.5931
2020-02-10 11:00:00,Winter_windig,90,2325.133333333333,922.4666666666668,717.4141242868523,486.20997032844366,460.78044986569734,510.29013,1465.4828335286932,70.17518191377258,157.83579246387959,505.43846664220587,1239.6381890625582,1793.9824293607098,120.21934731934732,190.59338624338625,289.05873015873016,533.7033779761905,1120.155,62.2373544106356,108.65057767917835,461.45918689020056,1095.9531608720254,1368.4700399371307,63.98269,103.585335,534.8799,1057.8098,1330.5974
2020-02-10 12:00:00,Winter_windig,90,2358.9666666666667,1186.4,793.6522634973492,425.56556746112807,474.5688369833792,614.0246,1428.9067480016984,87.00438665389619,196.50334857593919,576.2796996546329,1328.8303872688696,1887.8154989486043,125.99473039215688,205.97833333333332,319.9837121212121,504.4903571428572,913.2933333333339,72.48571837215722,113.47950549767918,531.6878393483107,976.8879122051839,1408.708110708571,72.38396,117.92181,490.62018,993.8257,1369.0582
2020-02-10 13:00:00,Winter_windig,90,2309.233333333333,1833.5,968.711959856275,833.686403353511,804.5028231218358,889.59174,1393.9481565562778,130.41314130810466,294.09709401505245,747.0134571938726,1524.1902643969297,2065.811447067623,223.93190476190472,349.3385416666667,722.7484848484848,1308.0793560606062,1549.3191904761904,184.3711510910519,372.653280504497,715.5339451622577,1099.311388823281,1564.6273525431106,239.38162,387.87088,684.6072,1178.3982,1548.9835
2020-02-10 14:00:00,Winter_windig,90,2329.733333333333,1956.0,987.3090487835989,814.9718443958491,726.5097173864334,861.1347,1360.4651583042348,139.11319330152986,314.6003897180914,766.5180794649409,1521.4493479181556,2048.081166297818,225.35943722943725,362.6147435897436,722.7484848484848,1285.1612103174605,1547.7311904761905,184.61078571075947,377.0724705588904,719.106701872606,1089.2654965151344,1483.9798764374364,242.12878,365.06296,676.63837,1126.895,1508.6786
2020-02-10 15:00:00,Winter_windig,90,2296.8333333333335,2123.5666666666666,1037.209406107852,770.8251023871039,580.7838910877518,819.76654,1328.3437773402902,151.86848616626958,343.88388765173204,813.2037038687549,1575.528445443444,2115.6552375743136,218.91666666666666,387.396875,738.1397435897436,1265.6151041666667,1573.2223809523812,218.7568638468993,358.85315687628975,701.4822742684531,1089.2654965151344,1483.9798764374364,239.82472,418.88693,684.7434,1139.7545,1469.7007
2020-02-10 16:00:00,Winter_windig,90,2247.633333333333,2222.6,1113.2047767409306,693.1902948643836,566.2242123113622,603.64795,1297.4907516389621,160.97597608030665,365.0907731556555,875.4161171666068,1709.6738228334361,2335.768659719807,225.35943722943725,375.9439285714286,674.1711111111111,1122.7816964285714,1481.2591666666665,218.7568638468993,462.7838314522669,820.7403832846305,919.2558888286284,1510.1489289781,241.21532,400.6545,761.15247,1026.9161,1547.7839
2020-02-10 17:00:00,Winter_windig,90,2314.6,2087.5333333333333,1017.1978303389915,653.6681468899507,623.577484753296,687.7102,1267.8282688738618,153.82248512325538,349.6748089557916,795.0895331334414,1520.80063019222,2073.5302116509492,225.35943722943725,364.2820512820513,553.5930555555556,1022.8166666666666,1435.3213333333338,220.66156565132965,379.97708399204873,595.0672785791152,919.781996727499,1510.1489289781,242.68007,403.88284,621.7347,1024.8296,1531.2733
2020-02-10 18:00:00,Winter_windig,90,2173.5666666666666,2268.866666666667,1082.242000630128,642.8490974503339,611.9058377646421,578.46893,1239.2901203173155,169.5382218648943,384.3901760477365,857.6264596293357,1606.2151629936998,2186.02833426313,224.10234920634917,362.76089743589745,533.9511904761905,997.5281249999999,1385.4267045454549,221.66408639498118,470.44516541668156,587.0432284495163,919.781996727499,1510.1489289781,227.39018,410.897,547.383,1024.8296,1535.2277
2020-02-10 19:00:00,Winter_windig,90,1484.2666666666669,2289.0666666666666,1091.03659947795,627.2500104353393,653.3821481930412,609.7416,1211.8188877425123,174.00297509953865,394.29957036692804,868.0680573033594,1613.1008571553812,2205.232754920161,247.50722943722948,391.75583333333327,618.2444444444445,997.5281249999999,1319.6736111111113,223.44048424574729,470.44516541668156,658.487839175717,919.781996727499,1510.1489289781,237.7307,411.5083,542.45905,1024.8296,1535.097
2020-02-10 20:00:00,Winter_windig,90,1318.9,2351.0333333333333,1220.8069484472553,691.4475727763063,646.3641488392933,719.8753,1185.363882928615,181.88104489331778,412.23687741759534,971.7298314916551,1885.6572742968622,2655.814267134133,320.82466666666676,456.1247685185185,688.0656084656085,1050.8083333333334,1348.0243452380955,233.83172241499477,485.9192943548231,690.3374601773199,982.3093271923441,1558.262907672179,241.75235,427.24896,698.07715,1042.9077,1566.4545
2020-02-10 21:00:00,Winter_windig,90,2326.9666666666667,2353.9333333333334,1140.0000665883106,766.8301615113801,751.1837627072198,715.68365,1159.8796355881618,182.67664607188095,414.73752315163006,914.6454302968957,1695.1071517218604,2340.8968729860617,389.49304761904756,549.6390476190476,821.9222222222222,1176.7165301724137,1418.7870769230772,229.61056146480072,484.3566383779214,690.3374601773199,1011.1277508628668,1511.616673584824,213.03658,417.32278,725.0714,1127.1597,1386.5851
2020-02-10 22:00:00,Winter_windig,90,2167.866666666667,2231.3333333333335,1025.3969478503489,692.4888560588882,754.9470684000063,727.6328,1135.324781033145,178.41616142900077,402.21063470323134,829.8735186448051,1470.6071993405153,1990.1570667868493,270.7711282051282,456.7289772727272,747.5670833333332,1138.5179112554113,1403.8608333333336,237.58854678230432,371.21861704658704,617.9988806509573,991.3708092352683,1456.5119921199114,227.32968,416.98874,626.35834,1040.8257,1377.0211
2020-02-10 23:00:00,Winter_windig,90,2270.766666666667,2202.766666666667,1019.2746289416718,672.4617895310429,754.9061905145236,723.6638,1111.661239305212,180.72403209768467,404.27927440006613,832.4642710394007,1470.9725943711123,1984.9752996660998,232.10097222222225,416.2487980769231,681.9210437710437,1117.856875,1431.367365079365,239.20413722843242,393.48829213004313,617.9988806509573,983.2414193114997,1442.1864636414728,234.43555,416.98874,613.98413,1038.6011,1353.0972
2020-01-25 00:00:00,Winter_ruhig,90,0.0,0.0,302.5429500103777,268.4587549888465,0.0,451.55453,26.507913777107092,5.0700812552976515,26.186143710052697,36.84240855640468,316.90492921320964,1016.4572499822631,0.004166666666666662,1.040625,3.6492424242424244,103.89583333333334,912.4583333333336,226.15820297839392,636.7611720614561,89.4988855104371,327.29772614402896,796.1952592814118,139.35867,551.73926,514.91284,401.13132,900.3881
2020-01-25 01:00:00,Winter_ruhig,90,0.0,0.0,267.06581721299557,284.480159938989,0.0,488.93448,53.308646765947344,3.904549179091706,19.761995043465163,7.687752179738766,238.3101752516326,912.8380033386849,0.004166666666666662,1.0541666666666667,4.04040404040404,103.89583333333334,912.4583333333336,226.1528173533939,637.3055886589613,89.4988855104371,324.90089452268853,812.8075157419751,140.61823,593.0582,609.8729,443.09097,898.13025
2020-01-25 02:00:00,Winter_ruhig,90,0.0,9.1,389.4527532744999,314.072075517392,509.1318644672016,783.00323,76.61098741477048,10.060724809826207,31.14372603794348,95.973556334754,533.0165716301838,1292.718878779976,0.03027272727272726,2.0564814814814816,6.280186480186481,168.46785714285716,934.1910833333344,254.04007055232137,640.214103989922,89.4988855104371,717.5176847327926,1116.1340878976018,280.14505,694.13074,733.8462,855.6848,1202.8928
2020-01-25 03:00:00,Winter_ruhig,90,0.0,18.566666666666663,390.40407222848785,303.65176179084074,509.1318644672016,815.6729,97.212108223408,9.572786368415002,27.059095859043147,93.9114077063575,542.6175364921412,1299.4675129423006,0.05043771043771044,2.6258333333333335,7.437777777777777,147.82842902711326,928.0957435897436,253.865944863829,640.8821855837929,89.4988855104371,803.4976679902586,1252.463378983546,280.14505,694.6471,747.6675,949.0963,1289.2737
2020-01-25 04:00:00,Winter_ruhig,90,0.0,4.233333333333333,375.0150836407031,238.92258737636644,494.60593850108967,817.48065,115.69018294393487,6.8700547390480615,17.966552805351967,78.59365846458499,521.2011877679638,1264.7452866393535,0.004702380952380949,1.3366586538461538,4.84920634920635,100.88888888888889,845.0923389355743,255.4801278711044,635.6322618681959,89.4988855104371,762.6577222134222,1240.5433106195328,280.35532,696.456,745.1499,953.17773,1291.7932
2020-01-25 05:00:00,Winter_ruhig,90,0.1,12.4,402.11420179269476,321.7524991244867,550.914681480458,825.26666,132.46689642590843,6.355223080892408,14.955199507752127,94.8909803970707,594.9023207299311,1356.005591290615,1.6080606060606062,3.7395021645021647,8.827777777777776,287.35611111111115,1091.4977083333338,254.94038058456536,637.9510034126955,94.82811948908294,943.320117308914,1299.9535929798067,281.95657,695.42596,750.5262,1100.029,1317.0254
2020-01-25 06:00:00,Winter_ruhig,90,0.0,13.033333333333331,403.33519933937794,303.5907884635299,537.9094948635905,761.122,147.85198968485463,3.786432495387693,7.87640649075135,91.36171282715478,609.1788017180263,1370.8176669924358,1.6080606060606062,3.746969696969697,8.910416666666666,250.2537878787879,1077.9540909090913,254.94038058456536,637.9510034126955,94.82811948908294,943.320117308914,1244.6779393685672,281.49796,694.46466,750.5262,1129.1631,1249.5803
2020-01-25 07:00:00,Winter_ruhig,90,0.0,55.5,456.85967802050993,759.2239306446135,656.8482187938172,773.70404,162.07500924629977,3.380630838135385,9.03929895483779,125.11048039472044,735.605478202539,1534.7959402078413,5.508249999999999,12.442129629629632,832.6677083333334,1087.9833333333333,1257.3401212121214,231.30394383180047,497.7559778873215,210.5487371596791,1050.6450275036009,1409.903412664876,254.73065,623.6234,810.8331,1231.9867,1459.8181
2020-01-25 08:00:00,Winter_ruhig,90,0.0,46.6,451.4802368491645,589.4147678907203,618.1991118301748,826.3638,175.30794220708228,0.0,0.7542536916199509,116.23820880747397,734.2320340398907,1530.6133836669496,3.4302380952380953,6.358058608058608,110.94212962962963,1074.4234848484848,1268.7172222222225,261.99247665691985,632.5302431914164,99.48235255814795,1026.7924783791677,1420.0763838517892,285.96695,706.4645,738.15826,1264.7927,1503.0916
2020-01-25 09:00:00,Winter_ruhig,90,0.0,43.233333333333334,455.8675433316899,633.0774463358864,586.8054725275734,821.1986,187.6813589823571,0.0,0.0,119.01787345911546,751.5064255724787,1553.0154058383544,4.414000000000001,8.42871212121212,725.2349358974359,1086.7430871212123,1237.8265151515154,264.41438755484313,496.9974003519184,124.58511208707769,1043.0610610738631,1327.1133475030606,265.498,622.99786,751.2284,1268.2393,1340.5331
2020-01-25 10:00:00,Winter_ruhig,90,0.0,49.5,467.0239016995073,611.6189967271229,574.7634375954719,784.62177,199.29593115112863,0.0,0.0,127.096620196776,779.6729065874657,1590.4347990816905,5.011969696969697,9.082291666666666,748.3712121212122,1085.966452991453,1218.2794139194143,264.41438755484313,496.3824946372466,121.23458719905238,914.836592569069,1233.5243341157486,265.59775,594.5896,718.8624,1098.3079,1301.9484
2020-01-25 11:00:00,Winter_ruhig,90,0.0,35.43333333333333,443.8557448248663,341.60439100081146,24.37602253553058,443.27313,210.23065441889054,0.0,0.0,107.61952733618946,729.3344499751613,1527.3316190646096,2.588571428571429,5.115934065934066,12.03470695970696,650.9590277777777,1069.129370370371,262.03232126095594,435.09586758287116,89.12181098872101,645.4927893111006,828.9735931415555,283.94226,488.82895,650.5365,818.89307,927.9584
2020-01-25 12:00:00,Winter_ruhig,90,0.0,16.633333333333333,410.2083990699247,248.2775257729708,13.347852381660248,406.23322,220.5487239832373,0.0,0.0,84.52627747568852,651.7481830034255,1431.0983329481605,1.5748333333333333,3.5796875,8.388333333333332,287.35611111111115,1001.6743333333338,258.1850301260921,439.60294301273467,84.467577919656,542.3673627830038,789.9133655986953,279.90924,444.4591,606.12994,643.5586,962.2215
2020-01-25 13:00:00,Winter_ruhig,90,0.0,19.066666666666663,413.1173282335069,238.51210930202078,8.431252994591174,403.0055,230.30173700505108,0.0,0.0,90.66037941954329,652.026355302612,1438.3521211333546,1.606666666666667,3.5796875,8.318614718614718,229.65757575757573,951.0657619047638,258.1850301260921,438.6992999417114,84.467577919656,541.6621695508536,789.9133655986953,280.11212,446.83337,608.1097,643.7741,941.8693
2020-01-25 14:00:00,Winter_ruhig,90,0.0,7.6,391.09749470308066,260.306142376605,63.34629525424232,490.8553,239.53270275272533,0.0,0.0,79.07179131206655,594.475022857678,1369.6884120418476,0.008333333333333325,1.6391666666666667,5.033333333333333,344.54886363636365,980.1960606060615,258.1740919734293,633.7293488968716,88.52576938731295,547.3237445326822,861.9297487736387,281.16077,579.1117,665.6679,706.56903,1161.652
2020-01-25 15:00:00,Winter_ruhig,90,0.0,2.6,366.773111866986,266.0920508762924,19.397614781541563,515.7049,248.27820272229243,0.0,0.0,64.44057028867803,528.2115725578894,1289.4591276858896,0.004702380952380949,1.040625,3.6492424242424244,254.8425925925926,975.3804166666666,260.00105283200963,637.2325535190585,86.5470602966925,339.4653866527644,814.1371147189682,282.2677,598.85614,668.17645,542.1034,1051.2223
2020-01-25 16:00:00,Winter_ruhig,90,0.0,0.1666666666666666,340.50309606847895,262.0156761005851,37.95222814717196,530.6256,256.5699445626251,0.0,0.0,47.375495245026855,455.6061574784742,1201.6782508036106,0.004166666666666662,1.0302083333333334,3.5370940170940166,227.04974747474748,929.784,219.9814443806158,633.9852508086742,89.4988855104371,341.02844720004117,802.3451944756653,142.05525,552.95886,610.5288,557.78784,1073.7756
2020-01-25 17:00:00,Winter_ruhig,90,0.0,0.1333333333333333,335.43755674446317,247.65878165614066,37.95222814717196,543.7982,264.43588350020207,0.0,1.2255612686521147,46.38482829221397,432.0320356273759,1176.383519099173,0.004166666666666662,1.0072916666666667,3.4575490196078427,147.82842902711326,919.9675641025643,227.18744762031514,634.8028161572873,92.77804475956587,341.02844720004117,839.9141653107301,142.05525,552.909,603.6642,621.4115,1159.5436
2020-01-25 18:00:00,Winter_ruhig,90,0.4,0.0333333333333333,343.62371053942354,295.6686631496473,38.67826099871008,516.8434,271.90103500629243,0.0,9.300154542976571,56.81500500945444,439.91321061567726,1189.4528344211317,0.004166666666666662,1.0072916666666667,3.4178571428571427,134.7909226190476,912.4583333333336,218.99090975252454,634.8028161572873,92.77804475956587,348.74692632312383,899.80540746143,141.5977,553.33344,581.5981,527.8832,1061.9443
2020-01-25 19:00:00,Winter_ruhig,90,1.7333333333333334,8.033333333333333,395.6170949580546,286.77256570313233,69.63202188171755,563.92737,278.98806687215193,0.0,22.505756776211783,99.90237102460367,550.5683564619096,1330.1846555412233,0.006666666666666659,1.3366586538461538,3.965909090909091,203.73146464646464,912.4583333333336,252.5625048361663,633.9509456600371,92.77804475956587,424.8883933778461,908.7141346013707,278.694,598.50433,638.0938,613.55237,1150.9749
2020-01-25 20:00:00,Winter_ruhig,90,0.4,0.0,309.2762147051256,274.90413276662434,16.663142557469968,507.51254,285.7177335180363,0.0,17.983570298362764,39.87968500803012,339.9368146159436,1052.62458795665,0.004166666666666662,1.0072916666666667,3.311538461538461,115.76354166666667,912.4583333333336,226.24241581398414,633.6998494906206,89.4988855104371,344.6839680985805,795.1809745763018,139.58269,552.9979,572.8832,446.43002,870.9597
2020-01-25 21:00:00,Winter_ruhig,90,0.0,0.0,309.62350053000137,268.22759665551325,0.25930449168358305,449.1191,292.1091973132158,0.3302975205741667,22.87665886849566,43.11454656059499,334.5742146251996,1042.0074449720476,0.004166666666666662,0.9920138888888889,3.2358974358974355,115.76354166666667,912.4583333333336,226.24241581398414,636.9894334078564,89.4988855104371,347.4920484106566,783.940460197529,139.49872,552.74994,572.0886,410.03476,859.2645
2020-01-25 22:00:00,Winter_ruhig,90,0.0,0.0,323.1667137560222,268.26517902266295,0.25930449168358305,446.37485,298.1802688283887,3.098871881404669,28.02868930526884,55.65916934873752,363.1620129939811,1073.6328112403626,0.004166666666666662,1.0302083333333334,3.496538461538461,105.83583333333334,912.4583333333336,226.22937194955063,636.7611720614561,89.4988855104371,347.4920484106566,787.713454898079,139.21782,551.4325,557.1582,410.03476,873.4233
2020-01-25 23:00:00,Winter_ruhig,90,0.0,0.0,355.17294717686485,268.7439907031323,0.0,436.70273,303.94758878449545,6.461526570620993,33.76517923317512,81.0504817847854,438.37844509308076,1165.1027317865678,0.004166666666666662,1.0302083333333334,3.5370940170940166,93.53729166666668,912.4583333333336,254.5737251606214,637.8641387281228,89.4988855104371,347.4920484106566,802.9439472028639,279.2502,585.68396,550.69684,410.03476,876.17535
