timestamp,y_true,persistence_24h,elastic_net,random_forest,gradient_boosting,quantile_regression_q10,quantile_regression_q25,quantile_regression_q50,quantile_regression_q75,quantile_regression_q90,qrf_q10,qrf_q25,qrf_q50,qrf_q75,qrf_q90,qgb_q10,qgb_q25,qgb_q50,qgb_q75,qgb_q90,qnn_q10,qnn_q25,qnn_q50,qnn_q75,qnn_q90
2016-11-08 11:00:00,0.691,0.204,0.37884397427018207,0.5500772272927691,0.3767609640335316,0.00045868449739356405,0.019220326101093733,0.12113261820910608,0.5074528288388125,1.1288643181278728,0.17068166666666668,0.3147326388888889,0.5109464285714285,0.7179722222222223,1.1959984848484861,0.0,0.024389493591410127,0.14723756556873308,0.5652805105013075,1.1860095823609706,0.0,0.04662591,0.13956581,0.3579188,0.7212493
2016-11-08 12:00:00,0.8915,0.16316666666666665,0.3695159755713391,0.5718594715608468,0.39020371388671266,0.00023824454071008725,0.020119031849350304,0.12667604050342962,0.5005727827996049,1.1281656331278465,0.09678055555555555,0.27774305555555556,0.48777513227513225,0.6729902777777778,1.143951984126985,0.0,0.015866954813619567,0.14155237754771974,0.5776969983910827,1.1953219805025599,0.009405294,0.04515068,0.1402367,0.35449955,0.7294841
2016-11-08 13:00:00,0.5536666666666666,0.3288333333333333,0.3844426120035395,0.6350964543650794,0.39020371388671266,0.0005423802043707608,0.027349114079305088,0.15206103464160503,0.5548656957178859,1.1990623066615673,0.08931041666666671,0.273349537037037,0.5159785714285714,0.7119444444444445,1.3252766666666687,0.0,0.024389493591410127,0.14723756556873308,0.5776969983910827,1.2540366222121457,0.00021736042,0.046089455,0.14374432,0.3698422,0.7658378
2016-11-08 14:00:00,0.3878333333333333,0.0305,0.3568334622965573,0.6108933988095238,0.35949718725492713,0.00010429124683795747,0.019665257742372516,0.12398744513410062,0.4742171078475072,1.1559326096435936,0.045967222222222236,0.21036296296296297,0.4698888888888889,0.775720238095238,1.217636851851852,0.0,0.012388441238308383,0.12668684719870496,0.4872982463521981,1.2382720728800354,0.0,0.04340977,0.14041425,0.30187646,0.71888924
2016-11-08 15:00:00,0.3066666666666667,0.037,0.36266577417123286,0.3994956944444445,0.3418712473680873,0.00032957070253080973,0.02335307876048159,0.12317215840329526,0.4336738675712673,1.0464872156468528,0.021013782051282053,0.1536309523809524,0.32884848484848483,0.5279723958333333,0.8132253561253564,0.0,0.012662827433558418,0.12668684719870496,0.4872982463521981,1.0555471415898539,0.0,0.048010334,0.12821274,0.26142853,0.69069433
2016-11-08 16:00:00,0.45366666666666666,0.16433333333333333,0.3872916691337219,0.55666528968254,0.3869410780196924,0.0007145615099793469,0.03590485968279024,0.1702550707623589,0.5147695164370849,1.0797218006294447,0.03327341269841271,0.18898888888888887,0.4521534391534391,0.676061858974359,1.1295491666666673,0.0,0.03889728663199948,0.1548596904961878,0.5776969983910827,1.0555471415898539,0.024528794,0.05593424,0.15533577,0.30643153,0.7162095
2016-11-08 17:00:00,0.32466666666666666,1.0291666666666668,0.43692251039688823,0.5995495886243387,0.39118232477933385,0.002551357871335077,0.07530938404317403,0.28202265800235493,0.6959014564110437,1.1877908598458191,0.05295555555555557,0.20547916666666668,0.4787113095238096,0.6986230158730159,1.1765764102564114,0.0,0.044298452068414665,0.1895860537355185,0.5833636066532024,1.09857342049568,0.043455366,0.08339874,0.20959094,0.50615376,0.97061414
2016-11-08 18:00:00,0.27,0.723,0.43791021852744516,0.522071334656085,0.3928656467872914,0.0021234623445494237,0.06839725334622877,0.27423184498629627,0.6770136191647489,1.198776498380968,0.020742803030303035,0.15149107142857146,0.4354380341880342,0.6415416666666667,0.9140297348484849,0.0,0.045834786524495005,0.19445896875243257,0.523649886656732,1.0838997624045326,0.04854281,0.073321655,0.20821394,0.43429145,0.8858351
2016-11-08 19:00:00,0.35233333333333333,1.1931666666666667,0.4600240506324504,0.46047892724867734,0.46143890385697733,0.0032203166701625157,0.09126418364147088,0.3338514052545514,0.7498778768430767,1.2060944400848759,0.0438959090909091,0.13807754629629632,0.3957092490842491,0.6316517094017093,0.9115842803030304,0.0,0.045834786524495005,0.25061405407606496,0.5777585043770261,1.1141264399591246,0.054663062,0.11191964,0.23528828,0.57464457,1.066563
2016-11-08 20:00:00,0.1315,1.3906666666666667,0.4732331992539637,0.5361507632275135,0.5043740270108292,0.003814766333164051,0.10521430884643325,0.3757856066036007,0.8101251365059184,1.2191450390464764,0.04328040404040404,0.12225881410256412,0.4086458333333334,0.6889441137566138,1.0926425000000004,0.0,0.051007708952609,0.2884790309189472,0.5865001353402018,1.1429166762546938,0.047154214,0.15125045,0.26945913,0.73387325,1.2678428
2016-11-08 21:00:00,0.273,1.049,0.468524228004541,0.46443342239858926,0.4090775805054366,0.0034027822204210586,0.09517649399656587,0.3605237788677037,0.7839328867678037,1.2306901664819019,0.04308762626262627,0.12499330357142857,0.3372083333333334,0.6099933035714286,0.9873515873015875,0.0,0.051007708952609,0.24371640251041807,0.5705580705818498,1.0956307916623877,0.059078448,0.124435924,0.25385293,0.5966335,1.1050318
2016-11-08 22:00:00,0.09533333333333331,0.6966666666666667,0.4613865316610348,0.48372071649029974,0.3869372860774456,0.0032446007095197904,0.09169398344373073,0.3558445675417943,0.8045690392329308,1.2695080611343026,0.029780092592592594,0.14186488970588235,0.3249002849002849,0.5935453125,0.9305706250000002,0.0,0.051007708952609,0.24371640251041807,0.5705580705818498,1.1237908868930662,0.051207267,0.109797224,0.27448124,0.5988812,1.1232964
2016-11-08 23:00:00,0.24683333333333338,0.7273333333333334,0.4593113411375517,0.4206043904320989,0.3928391274230712,0.0032997859223247742,0.09142188982073471,0.36083551240106304,0.7892993081814696,1.2172739440366536,0.009204545454545457,0.12023269230769232,0.2592986111111111,0.5122916666666667,0.9052604166666669,0.0,0.051007708952609,0.24371640251041807,0.5621434646090169,1.0747957549503666,0.038763985,0.10400692,0.2752244,0.5965232,1.1274416
2016-11-09 00:00:00,0.3606666666666667,0.7778333333333334,0.46824619318835886,0.37739433818342166,0.3935204549404909,0.0033885511459381765,0.09604230982070716,0.36502180618508023,0.8130445060498435,1.1548239529324689,0.015399595959595967,0.12265416666666668,0.2548161375661375,0.4837744391025641,0.74930625,0.0,0.051007708952609,0.24371640251041807,0.5621434646090169,1.1279815438591085,0.005858179,0.123889364,0.3292364,0.83902466,1.4250234
2016-11-09 02:00:00,0.42033333333333334,1.0293333333333332,0.4777311254554852,0.31764043672839515,0.38590132788508036,0.0035401852851186487,0.09764603923359758,0.35545040130676064,0.744830351785057,0.9425819898076818,0.013943333333333334,0.10817202380952382,0.20253148148148148,0.36238988095238095,0.59192,0.0,0.051007708952609,0.24371640251041807,0.5561463388248915,1.0998769925467977,0.0,0.0938328,0.2553344,0.79785705,1.3079
2016-11-09 03:00:00,0.6018333333333333,0.9781666666666666,0.4658806260082808,0.29143423148148145,0.38590132788508036,0.0029392348173932006,0.08520439559996355,0.3177469757519509,0.6396654090121918,0.8048653201212073,0.012518529411764706,0.10619166666666667,0.20113095238095238,0.34570357142857144,0.5463842857142859,0.0,0.051007708952609,0.24371640251041807,0.5561463388248915,1.0738051958890307,0.0,0.045147426,0.19502401,0.66180027,1.101911
2016-11-09 04:00:00,0.483,0.5845,0.45253468532918906,0.22906613117283917,0.3760325473229867,0.0022977604456631264,0.07142216944447155,0.27429390624057454,0.6096896356350493,0.8131980559157983,0.008009469696969697,0.09054427083333333,0.17605871212121213,0.30093452380952385,0.4251940476190476,0.0,0.051007708952609,0.22650189400084197,0.5026766493824233,1.1159421274274601,0.0,0.01431665,0.15187514,0.57530594,0.970145
2016-11-09 05:00:00,0.8091666666666666,0.265,0.423775610196945,0.14740653020282182,0.36489947075770035,0.0011242935282334034,0.0422618207086406,0.19936423633190453,0.44373132643789304,0.7069921118349098,0.0003520833333333334,0.01418360805860806,0.0783888888888889,0.22205000000000003,0.40472952380952393,0.0,0.045834786524495005,0.20256287296756736,0.4970100411203036,1.0503566545507312,0.0,0.012239446,0.15220031,0.3681351,0.6802854
2016-11-09 06:00:00,0.6103333333333334,0.4413333333333333,0.4289624836739301,0.14646433443562604,0.36310622530388986,0.0012555179310787706,0.04444939496595094,0.2010400231137206,0.46087469408746656,0.7149167835073019,0.0006451388888888889,0.01603030303030303,0.06924421296296296,0.22150416666666672,0.4133248106060607,0.0,0.045834786524495005,0.19445896875243257,0.4809844786923292,1.0503566545507312,0.0,0.037711293,0.15502608,0.43497473,0.74136895
2016-11-09 07:00:00,0.4836666666666667,0.5438333333333334,0.4269955721767669,0.1291156893738977,0.34592917063756723,0.001077402430980695,0.04229213428817406,0.19019890207893125,0.4318138582765845,0.6356674313226514,0.00021568627450980406,0.012602746212121211,0.06053409090909091,0.20117361111111112,0.40472952380952393,0.0,0.044298452068414665,0.1895860537355185,0.4809844786923292,1.0347687045491958,0.0,0.036817055,0.1326046,0.46190766,0.75247717
2016-11-09 08:00:00,0.6715,0.8013333333333333,0.422759335583951,0.15651317614638444,0.32695791589266504,0.001201266475354564,0.043369875267024946,0.18302550411689425,0.40410698572526726,0.5843043698663487,0.00022991452991452993,0.011359523809523809,0.06041666666666667,0.20744166666666666,0.4105417748917749,0.0,0.043609141285924184,0.16054487851720114,0.4866510869544489,0.9618049939835057,0.0,0.043106575,0.119763,0.46520463,0.7465948
2016-11-09 09:00:00,0.5355,0.6048333333333333,0.40100319603692713,0.1768362996031744,0.32100915671406033,0.0007070678392583744,0.032747978659778854,0.1380275644231862,0.3338120717220998,0.5002705730511576,0.0006222222222222226,0.025430158730158726,0.1378406862745098,0.27208653846153846,0.41075494505494514,0.0,0.02466387978666016,0.14723756556873308,0.4866510869544489,0.9618049939835057,0.0,0.007982862,0.094414555,0.43493393,0.70946634
2016-11-09 10:00:00,0.513,0.7098333333333333,0.3940191693059928,0.1301836805555556,0.3056565501357108,0.0004345050493281043,0.02640989215984372,0.1198242697113141,0.26199625890009687,0.417466497416921,0.0,0.0074131944444444445,0.05253645833333333,0.18383611111111112,0.36545476190476195,0.0,0.024389493591410127,0.14723756556873308,0.4866510869544489,0.902594318528752,0.0,0.026638037,0.09762974,0.39213496,0.6476364
2016-11-09 11:00:00,0.231,0.41,0.3748645702663105,0.11148624294532623,0.3056565501357108,0.0,0.011804557057678834,0.07915849594317839,0.19168160541257723,0.3884222860092339,0.0,0.00601388888888889,0.036863095238095236,0.1431666666666667,0.3776083333333334,0.0,0.024389493591410127,0.14723756556873308,0.4809844786923292,0.902594318528752,0.0023087196,0.050758034,0.12559994,0.31307942,0.53004044
2016-11-09 12:00:00,0.0965,0.691,0.3853487961722664,0.1299284715608466,0.30956181515150955,0.0002882273797105324,0.020156288327032694,0.0923113315213096,0.2100503126822919,0.38667479054784526,7.500000000000017e-05,0.007672619047619047,0.04326041666666666,0.15951190476190474,0.39496500000000034,0.0,0.024389493591410127,0.14723756556873308,0.4866510869544489,0.9119067166703414,0.011693422,0.043563403,0.10381633,0.33216107,0.586947
2016-11-09 13:00:00,0.043833333333333335,0.8915,0.3994342975840607,0.18043839285714272,0.3102431426689293,0.0006929937586283183,0.028421410264181605,0.1161943344423995,0.26138259894073873,0.4359933346589894,0.00022000000000000003,0.009576785714285715,0.05660075757575758,0.2499102564102564,0.5034995833333333,0.0,0.024389493591410127,0.14723756556873308,0.4866510869544489,1.0146876051713405,0.0,0.046988532,0.120535016,0.4335244,0.73287785
2016-11-09 14:00:00,0.0575,0.5536666666666666,0.38635398299670215,0.17177435317460307,0.3102431426689293,0.00018995559357527368,0.019020362438802733,0.08835464302990237,0.22918623429892904,0.4322115992074167,0.00018711484593837542,0.011857638888888888,0.08860657051282052,0.220296875,0.4999252976190477,0.0,0.024389493591410127,0.14723756556873308,0.4866510869544489,0.9588229678923976,0.0,0.045916833,0.10255487,0.3606657,0.6510225
2016-11-09 15:00:00,0.13116666666666665,0.3878333333333333,0.3808542586500209,0.17573059722222223,0.30070565783154696,0.00013357053720424632,0.011935000283941864,0.06171202509831725,0.1898180189723534,0.42040532576319956,0.0004998474446987037,0.014051091269841269,0.08199404761904762,0.2655401785714286,0.5070858796296299,0.0,0.022901878973617583,0.14723756556873308,0.4685679908025536,0.9588229678923976,0.0,0.067429475,0.114623845,0.29859948,0.60784185
2016-11-09 16:00:00,0.3403333333333333,0.3066666666666667,0.3787691043670045,0.1842770132275133,0.31555764983026946,0.0,0.008956352980288095,0.06147192887517744,0.18755989229114234,0.45129635062564355,0.0005826210826210828,0.01358008658008658,0.07922222222222222,0.2654270833333333,0.49135060728744945,0.0,0.0418471404728816,0.16054487851720114,0.4685679908025536,0.9151169054298117,0.0,0.05983616,0.12861215,0.26577666,0.5906703
2016-11-09 17:00:00,0.7238333333333333,0.45366666666666666,0.3991463601082101,0.20348165806878304,0.34243387858639784,0.0001420168481159603,0.02005606566780031,0.11188178547446222,0.2741658676308461,0.5382720906669655,0.0011266666666666673,0.024166666666666663,0.09313359788359787,0.27609230324074074,0.49135060728744945,0.0,0.04253645125537208,0.1895860537355185,0.4809844786923292,0.9966973938106497,0.0,0.04162506,0.14321561,0.34019464,0.7182459
2016-11-09 18:00:00,0.9431666666666666,0.32466666666666666,0.4112073927157913,0.26394433156966474,0.3596109332527205,0.0006019476309312924,0.03476840916976008,0.15578222126553015,0.3730118063843233,0.5687105531470746,0.012013848039215692,0.09020572916666668,0.194989417989418,0.33948365231259964,0.49135060728744945,0.0,0.04407278571145242,0.19445896875243257,0.4809844786923292,0.9966973938106497,0.000112625756,0.05059593,0.19060437,0.52032745,0.8980892
2016-11-09 19:00:00,1.4856666666666667,0.27,0.4056845852284236,0.251306272707231,0.36140417870653097,0.00037235649950255315,0.030647902205574725,0.16280009503121048,0.35099778013140126,0.6118593298434462,0.0036397435897435903,0.0718625,0.18787003968253968,0.339181798245614,0.49135060728744945,0.0,0.04407278571145242,0.20256287296756736,0.4970100411203036,0.9966973938106497,0.011602994,0.03313521,0.19738278,0.39769885,0.77400595
2016-11-09 20:00:00,1.5311666666666668,0.35233333333333333,0.4262924671155966,0.3086695286596116,0.3683239090677971,0.0014893039594522277,0.05264724472993935,0.1931599702965772,0.46060716906899196,0.6583936704583848,0.021716666666666665,0.10948044871794871,0.2122372685185185,0.352296875,0.5040645833333335,0.0,0.04924570813956641,0.21273546632583606,0.4970100411203036,0.9966973938106497,0.0,0.03164141,0.2056802,0.65148425,1.0819705
2016-11-09 21:00:00,1.4925,0.1315,0.42766548491895695,0.2983305394620812,0.4216866621007429,0.0016332131058425746,0.0565933621385058,0.21278272166465972,0.48959421337940706,0.6535537827585058,0.017040833333333335,0.09906123737373738,0.20670112179487182,0.3536904761904762,0.6076881481481484,0.0,0.04072316936177586,0.25179764216441064,0.5870362398347866,1.0524695082829834,0.0,0.061489772,0.239416,0.7073317,1.1715018
2016-11-09 22:00:00,1.679,0.273,0.4354844405515913,0.2997695659171075,0.4157456422223501,0.0015605240003742267,0.05625895256201394,0.23554575576875303,0.49841309765880254,0.6895230558709872,0.04458166666666667,0.12039481351981353,0.20734695512820514,0.3628247354497354,0.5999717592592593,0.0,0.04924570813956641,0.257482830185424,0.5634621684343393,1.0524695082829834,0.0,0.028455872,0.2322949,0.5949564,1.0332249
2016-11-09 23:00:00,1.91,0.09533333333333331,0.4238190507837241,0.2888951814373896,0.4120006452565231,0.0014669548671102876,0.05244593736455126,0.2314406955835028,0.47006538705084905,0.7009185585211637,0.027468749999999993,0.10392628205128207,0.2348148148148148,0.37944791666666666,0.6426430555555559,0.0,0.04072316936177586,0.25179764216441064,0.5634621684343393,1.0524695082829834,0.0044573653,0.030220736,0.23615183,0.49580353,0.93067604
2016-11-10 00:00:00,1.4296666666666666,0.24683333333333338,0.4469072517562346,0.299640137786596,0.421591221313892,0.0019959352428880143,0.057234781293776196,0.24632326715935016,0.5265135758953708,0.7141023103285045,0.02758181818181818,0.1153301282051282,0.2409088319088319,0.40006018518518516,0.6820612500000001,0.0,0.04599000207175054,0.257482830185424,0.5870362398347866,1.0524695082829834,0.0,0.048152786,0.2167364,0.6632221,1.1240665
2016-11-10 01:00:00,2.4976666666666665,0.3606666666666667,0.47462438269938784,0.3148430524691355,0.4243957008742047,0.0028628830435966724,0.07472687547257381,0.28395309449263473,0.6390185474982378,0.7466295365471376,0.03556250000000001,0.11730898268398267,0.25218582887700536,0.3979166666666667,0.6881145833333334,0.0,0.04599000207175054,0.257482830185424,0.5870362398347866,1.0524695082829834,0.0,0.05834978,0.2249172,0.86310726,1.3583226
2016-11-10 02:00:00,2.9268333333333336,0.42033333333333334,0.46629115974489177,0.2863943295855376,0.4243957008742047,0.0026499996385701816,0.07048611840350065,0.2938595646646705,0.6481817641737789,0.7765092158335071,0.04107916666666667,0.1153301282051282,0.21320833333333333,0.35431944444444446,0.6229290476190477,0.0,0.04599000207175054,0.257482830185424,0.5870362398347866,1.0524695082829834,0.0,0.05849761,0.22890809,0.84100753,1.3430153
2016-11-10 03:00:00,2.4806666666666666,0.6018333333333333,0.4587516814690591,0.25719415277777763,0.4243957008742047,0.0023127737517141794,0.06294630581541594,0.2741237434490446,0.563231968980033,0.6380477255182186,0.02770409090909091,0.095828125,0.18327430555555557,0.3106111111111111,0.4989954761904763,0.0,0.04599000207175054,0.257482830185424,0.5927028480969063,1.0524695082829834,0.0,0.047197178,0.19396237,0.77293146,1.2376833
2016-11-10 04:00:00,2.1968333333333336,0.483,0.43873740695326185,0.17555324537037023,0.37150129707945206,0.0014561581660113448,0.043810366093992865,0.2228401103650734,0.4485116633567292,0.5447715806894668,3.4615384615384666e-05,0.03171590909090909,0.11034343434343433,0.23619722222222223,0.4043513888888889,0.0,0.04599000207175054,0.22650189400084197,0.4970100411203036,1.028943572915074,0.0,0.022134485,0.15959378,0.6296467,1.0448254
2016-11-10 05:00:00,1.2811666666666668,0.8091666666666666,0.42010215559461545,0.1378354477513229,0.36200073134032185,0.0009670682081813388,0.030747065581610472,0.18953022035195236,0.30094690921891876,0.38846632865485764,0.0,0.0004642857142857143,0.05477777777777778,0.18785984848484846,0.34199761904761966,0.0,0.040817079643636546,0.20256287296756736,0.5026766493824233,0.8983038111856477,0.0,0.0028728931,0.16683038,0.4821735,0.86803955
2016-11-10 06:00:00,1.2286666666666668,0.6103333333333334,0.4021536109484671,0.1571402671957672,0.35733817906307785,0.0004451631491577874,0.018590878235388967,0.152823347670767,0.2520804665970177,0.34909018522292334,0.0,0.003077380952380953,0.05631439393939394,0.23453888888888885,0.37756962962962975,0.0,0.040817079643636546,0.19445896875243257,0.4866510869544489,0.8983038111856477,0.0,0.0,0.1409855,0.42179242,0.7844685
2016-11-10 07:00:00,1.1025,0.4836666666666667,0.3932665265320423,0.15534404298941795,0.34511178243364443,0.00015202672323057177,0.013108182858027825,0.1387800669450962,0.26211323353422694,0.38874440545766176,0.0,0.007678571428571428,0.0723361111111111,0.20919940476190477,0.36005925925925936,0.0,0.039280745187556206,0.1895860537355185,0.48698160447645455,0.9750756121187896,0.0,0.012001732,0.1381595,0.43878582,0.78952765
2016-11-10 08:00:00,1.3361666666666667,0.6715,0.3957126754941937,0.21045876807760128,0.32900983451217575,0.0004578799884533836,0.019383648585507625,0.14368049051718904,0.27985982036802903,0.3632352508722958,0.0002458333333333334,0.01988958333333333,0.1332847222222222,0.24960882352941177,0.3988930555555556,0.0,0.038591434405065725,0.1575241686170777,0.4985431129216598,0.9099088527324449,0.0,0.0338929,0.14403301,0.5253033,0.85211825
2016-11-10 09:00:00,0.9606666666666667,0.5355,0.39365744136422387,0.14323109656084645,0.3046759342330294,0.00021549074612688406,0.015106672206131634,0.11855688066883438,0.25640220847341594,0.3220031427628446,0.0,0.006517857142857143,0.077,0.1998482142857143,0.3397204260651629,0.0,0.019646172905801715,0.14421685566860962,0.4809844786923292,0.8903943894726555,0.0,0.044952504,0.12185963,0.5395373,0.83512634
2016-11-10 10:00:00,0.7395,0.513,0.37983103976778665,0.17559426124338617,0.3164779064705257,0.0,0.007846352834627555,0.09381311807960385,0.1995995373618475,0.26638686370709175,0.00013035714285714284,0.017062121212121212,0.11536111111111111,0.24320102813852817,0.3641195767195768,0.0,0.019371786710551682,0.14421685566860962,0.4809844786923292,0.8903943894726555,0.0,0.04882272,0.11889564,0.5039533,0.7853704
2016-11-10 11:00:00,0.5936666666666667,0.231,0.35707659729196817,0.13833466547619033,0.30838979627264124,0.0,0.0,0.054793655572916405,0.13607429551814337,0.29434103819076074,0.0,0.00025,0.02382467532467533,0.14884523809523809,0.31069583333333356,0.0,0.019371786710551682,0.14421685566860962,0.48698160447645455,0.9021119015530996,0.0,0.04794741,0.12403227,0.39430827,0.66007286
2016-11-10 12:00:00,0.13383333333333333,0.0965,0.3417522695442903,0.19982115489417981,0.32899068479334587,0.0,0.0,0.04539879151988052,0.12120642126637188,0.3062923751341202,8.240740740740741e-05,0.008809343434343433,0.08593863636363636,0.22216587301587298,0.37322310606060627,0.0,0.010849247932761125,0.13853166764759628,0.5466953244729249,0.8784356451264868,0.0,0.04188533,0.13813615,0.36245185,0.6288332
2016-11-10 13:00:00,0.22266666666666662,0.043833333333333335,0.3295676571713132,0.2360042823192238,0.3079868166402151,0.0,0.0,0.0551385858290743,0.15332483149272857,0.4055399076664574,0.0006373397435897437,0.022708333333333334,0.13171590909090908,0.3091064814814815,0.5478666666666668,0.0,0.007370734357449937,0.12366613729858146,0.4337639382067606,0.9371502868360725,0.0,0.04663858,0.14938533,0.35263312,0.64172685
2016-11-10 14:00:00,0.19566666666666663,0.0575,0.339292091436349,0.24720945052910034,0.30783022169986485,0.0,0.0013014325506723948,0.07788500338648993,0.21035803232100048,0.5259257423932501,8.05555555555556e-05,0.008878787878787878,0.11925457875457876,0.2890212542087542,0.49484928571428594,0.0,0.007370734357449937,0.1251451203159383,0.48590438471825764,0.9609883503676638,0.0056468844,0.03263249,0.14489971,0.3370828,0.6334887
2016-11-10 15:00:00,0.4151666666666667,0.13116666666666665,0.3449771483459133,0.16315622830687826,0.33828728451045487,0.0,0.004294262895664154,0.08218836126357867,0.19474549347145903,0.5003582418173277,0.0,0.0007760416666666666,0.022676190476190475,0.16662767094017095,0.3602190476190477,0.0,0.011123634128011158,0.13853166764759628,0.5466953244729249,0.9530564383968073,0.0,0.057060774,0.121031806,0.25624898,0.5540112
2016-11-10 16:00:00,0.11216666666666669,0.3403333333333333,0.36440133551510995,0.1377067665343915,0.3632990429708753,0.00036034669263359576,0.017804154888207625,0.13115354833439422,0.3060014997683003,0.6714127758223278,0.0,0.0006145833333333333,0.021395833333333336,0.12325351731601732,0.2986645833333336,0.0,0.038591434405065725,0.1575241686170777,0.5466953244729249,0.9530564383968073,0.0055936286,0.07197961,0.13694857,0.305952,0.64519584
2016-11-10 17:00:00,0.24283333333333337,0.7238333333333333,0.3975071263046303,0.17876391600529098,0.3645202650812452,0.0011746856922913809,0.03808128357036095,0.19740337988518042,0.41589095111233,0.7421991247564166,2.000000000000004e-05,0.008829545454545455,0.05220436507936508,0.209225,0.4841073809523811,0.0,0.039280745187556206,0.1895860537355185,0.5523619327350446,0.9960827173026326,0.021530947,0.08193575,0.17264715,0.4185635,0.7775729
2016-11-10 18:00:00,0.7213333333333334,0.9431666666666666,0.43587258394912826,0.21671676851851832,0.3935117238302739,0.0023788505271315494,0.065182905829022,0.27423574432131587,0.6136354461134266,0.970113421769856,0.0006517543859649126,0.02099404761904762,0.10775291375291375,0.2381431818181818,0.5492354166666669,0.0,0.040817079643636546,0.20822539642743848,0.5523619327350446,1.0545356538563346,0.0,0.061099384,0.20529076,0.55266297,0.99567986
2016-11-10 19:00:00,0.498,1.4856666666666667,0.4567601003654452,0.40547938955026464,0.49690705213779685,0.003289340528254945,0.08417681549151709,0.33967004045099586,0.7016767209898633,1.1000422901585138,0.0011017543859649136,0.026857843137254905,0.173375,0.6359291666666667,0.9531539393939396,0.0,0.040817079643636546,0.2783064375606785,0.6508516658696676,1.0747490552040946,0.0,0.068675935,0.24784264,0.6718181,1.1781509
2016-11-10 20:00:00,0.7923333333333333,1.5311666666666668,0.48421123312058,0.48266646891534387,0.5080401287030831,0.004138685101272835,0.10274221603483406,0.39361316299641025,0.8490896936891239,1.2559545171477948,0.005135714285714286,0.04229166666666667,0.25950833333333334,0.6863527777777777,1.024902746212121,0.0,0.04775200288479312,0.30224545859395313,0.6620580435471574,1.2387839411585804,0.0,0.063458346,0.2584728,0.761833,1.2884327
2016-11-10 21:00:00,0.5503333333333333,1.4925,0.4952454236798112,0.4952787665343912,0.6015061105970799,0.0045605446690887945,0.10784212986631547,0.4067790624483374,0.8982676339227659,1.3385193141920737,0.007214814814814819,0.049979166666666665,0.3174618055555556,0.7263513888888888,1.1681566666666672,0.0,0.04775200288479312,0.3332263947785351,0.7362842613340725,1.2623098765264897,0.0,0.053979166,0.25528887,0.76888186,1.3337735
2016-11-10 22:00:00,0.7301666666666666,1.679,0.49456597557477533,0.4583192590388007,0.5376305972155232,0.0043256171652576916,0.10546776382433512,0.40807969736979144,0.8242664479135142,1.2023921099201151,0.0013825757575757585,0.04365277777777778,0.28607407407407404,0.7090460737179487,1.0319615384615386,0.0,0.04775200288479312,0.3332263947785351,0.7127101899336252,1.1487960151548495,0.0060381237,0.050784487,0.2773223,0.76745254,1.334006
2016-11-10 23:00:00,0.7088333333333334,1.91,0.4952965546644686,0.38287653681657874,0.4993951519575403,0.004485935480155764,0.10290730285784659,0.39088593311268305,0.7397604195689622,1.0693251504194383,0.00022991452991452993,0.042291666666666665,0.21089583333333334,0.6259553571428572,0.9381268518518523,0.0,0.04775200288479312,0.31945996710352914,0.6505025354987509,1.1041564777294277,0.0059950445,0.0453227,0.3116671,0.77678394,1.363701
2016-11-11 00:00:00,0.4358333333333333,1.4296666666666666,0.4840597035447477,0.3243782098765432,0.4993951519575403,0.004201147509683806,0.08624680200346002,0.36126217355726764,0.7173014740761365,1.0429269889652293,0.00022142857142857142,0.028180735930735938,0.1718101851851852,0.49435476190476185,0.8663261904761906,0.0,0.04775200288479312,0.31945996710352914,0.6505025354987509,1.0968889806148898,0.0011051311,0.06807546,0.2831924,0.6924575,1.2200618
2016-11-11 02:00:00,0.4201666666666667,2.4976666666666665,0.5327085487369464,0.36040097508818353,0.502199631517853,0.005802769168654916,0.11877985814498529,0.442356474020815,0.811942927516074,0.9828527413501504,0.00042870370370370404,0.06016506410256411,0.20044444444444445,0.4930777777777777,0.8349416666666667,0.0,0.04775200288479312,0.31945996710352914,0.6445054097146256,1.0875658280002876,0.0,0.06985077,0.36347875,1.099211,1.7613568
2016-11-11 03:00:00,0.2586666666666667,2.9268333333333336,0.5586555746048453,0.41177914969135804,0.5757777277736233,0.006752203038976659,0.13678969556153553,0.4843776379026148,0.9107364737987034,1.0684674369462956,0.00381,0.0778939393939394,0.21686805555555555,0.4877713068181818,0.9303488888888894,0.0,0.04775200288479312,0.3332263947785351,0.657487847586193,1.4009827858934463,0.0,0.08343731,0.40161857,1.3213047,2.0806339
2016-11-11 04:00:00,0.081,2.4806666666666666,0.535171071527205,0.4003242367724869,0.5283559946190702,0.005870477372294802,0.11589198315487785,0.4148042412078373,0.7966179652990761,0.9374309381298255,0.012104901960784318,0.07233125000000001,0.1951590909090909,0.4877713068181818,0.9295188888888893,0.0,0.05839771523865452,0.30224545859395313,0.6076256624333568,1.2090318836370972,0.0,0.07494656,0.33699158,1.1707884,1.864732
2016-11-11 05:00:00,0.10333333333333332,2.1968333333333336,0.5080202971140777,0.38503157956549633,0.5065644604116752,0.004813231428900092,0.09083910215437675,0.3413277410786407,0.6492772300971443,0.8068396173222916,0.0031952380952380965,0.07006089743589744,0.18625,0.4585104166666667,0.8350240740740742,0.0,0.05322479281054053,0.2783064375606785,0.6076256624333568,1.2090318836370972,0.0,0.061456975,0.3052762,1.0444287,1.6964289
2016-11-11 06:00:00,0.3856666666666667,1.2811666666666668,0.4609281479709906,0.35304599977954165,0.5019019081344313,0.0031074202912751026,0.0530875731629629,0.23764653370691569,0.5024085941671885,0.7046176396263416,0.018768333333333335,0.08701858974358975,0.1890356060606061,0.4154864718614719,0.6889240740740742,0.0,0.05322479281054053,0.2702025333455437,0.5916001000053823,1.2090318836370972,0.0,0.047232967,0.23338157,0.8049787,1.3706192
2016-11-11 07:00:00,0.3451666666666667,1.2286666666666668,0.4609546635139171,0.31660189395943567,0.44465903713769034,0.0029006962349921667,0.048246983466796706,0.21697250156660106,0.4879159231369226,0.6878884958341505,0.005297745098039216,0.050807291666666664,0.15415833333333334,0.40054464285714286,0.6538651515151515,0.0,0.05168845835446019,0.2376372348440162,0.5828584690422066,1.1934439336355618,0.0,0.05878008,0.22290383,0.80461925,1.3369997
2016-11-11 08:00:00,0.5556666666666666,1.1025,0.45099636140373367,0.2843679794973547,0.3523246019138674,0.002583111017600434,0.040535663889116676,0.1906125967749591,0.46627357669323416,0.7023977394828089,0.0006895833333333335,0.03690773809523809,0.1224397435897436,0.3476572916666667,0.5951166666666671,0.0,0.05099914757196971,0.16054487851720114,0.5032410291156483,1.0497457971392656,0.0,0.064365126,0.21548617,0.7880879,1.3047794
2016-11-11 09:00:00,0.7483333333333334,1.3361666666666667,0.4639504361281741,0.39830721274250486,0.43730746034683293,0.0031247960936798525,0.05180066009755477,0.2077676376286171,0.5199508914811681,0.7161112103594315,0.03222261904761905,0.11110694444444444,0.20792361111111113,0.4538681818181818,0.8313666666666666,0.0,0.03205388607270569,0.22298113016184443,0.5916001000053823,1.1204802230698712,0.0,0.086017825,0.21657467,0.9057662,1.451809
2016-11-11 10:00:00,0.7293333333333334,0.9606666666666667,0.43732541063040703,0.28725251388888895,0.31579035333960936,0.002319435810226179,0.033206096816400174,0.15603943313026494,0.44594653137079193,0.7254731581042604,0.0006208333333333336,0.02678301282051282,0.12076082251082251,0.3462795454545454,0.6160215277777779,0.0,0.03177949987745566,0.14723756556873308,0.5151330550828592,1.0778503484515765,0.0,0.061212186,0.201763,0.77304083,1.2943182
2016-11-11 11:00:00,0.7755,0.7395,0.4284798863995549,0.3039975945767196,0.34940152137951663,0.0021326968333972916,0.028943460345405014,0.14549105594406464,0.4744962930840689,0.8376662220764666,0.00064375,0.01665451388888889,0.11957859848484848,0.35943928571428574,0.7033261904761909,0.0,0.03177949987745566,0.14723756556873308,0.5689518748962441,1.1021190315567269,0.0,0.04799464,0.20779885,0.73218477,1.2668173
2016-11-11 12:00:00,0.867,0.5936666666666667,0.4100376615814098,0.27383444532627865,0.3465970418192039,0.0015043191553685885,0.014552224620551737,0.10305918798851363,0.3668147625363992,0.7602163486782045,0.0,0.0062268518518518515,0.09731060606060607,0.3479463541666667,0.7033261904761909,0.0,0.03177949987745566,0.14723756556873308,0.5689518748962441,1.111431429698316,0.0,0.046037853,0.20172834,0.6398805,1.154435
2016-11-11 13:00:00,1.6476666666666668,0.13383333333333333,0.3915911564240301,0.37891820723104064,0.2997033919760873,0.0009778144979786674,0.0021946867752520097,0.05425370235022023,0.28987500323717186,0.6980503501706807,0.0003333333333333333,0.015229166666666667,0.13037037037037036,0.4904346064814815,0.8586145833333343,0.0,0.023256961099665095,0.14155237754771974,0.4970499589309643,1.1046611629816447,0.0,0.0073791617,0.19414462,0.57653487,1.0693725
2016-11-11 14:00:00,2.4261666666666666,0.22266666666666662,0.40753236515488006,0.3157410171957672,0.3370595569818216,0.0015891103187726668,0.012646241806690134,0.08115651481121991,0.387384462485293,0.8386202037940635,0.00032916666666666673,0.01783258928571429,0.11386363636363636,0.39679687500000005,0.7262559523809525,0.0,0.03177949987745566,0.14723756556873308,0.5508687787443491,1.1289298460867951,0.0,0.017870462,0.20353375,0.59785694,1.10422
2016-11-11 15:00:00,2.485,0.19566666666666663,0.3992727651453344,0.30744412676366845,0.30344838894191434,0.0011148655256092593,0.004752883816185126,0.06789720650232586,0.3146597229869693,0.7605206568140831,0.0002902777777777778,0.01947037037037037,0.12093349358974359,0.3936609375,0.7228535714285715,0.0,0.03205388607270569,0.14723756556873308,0.4970499589309643,1.1046611629816447,0.0,0.018353295,0.19348194,0.54390144,1.0739343
2016-11-11 16:00:00,2.1453333333333333,0.4151666666666667,0.411073216101583,0.3136843648589066,0.35902832585437017,0.0016280087814034535,0.017580546228129032,0.12846560408669416,0.4621265166112574,1.0444858149336307,0.0006143518518518521,0.021822916666666668,0.136515873015873,0.38968923611111117,0.7200380952380954,0.0,0.05099914757196971,0.16054487851720114,0.5508687787443491,1.252293212626178,0.0,0.035468265,0.21760166,0.56599486,1.13684
2016-11-11 17:00:00,1.415,0.11216666666666669,0.39365699946860394,0.39117128020282194,0.39442874650676923,0.001267212004204128,0.01201583192920256,0.11913326384243515,0.42643706178295293,1.0412993418958734,0.004524867724867728,0.03944419642857143,0.18515773809523808,0.5082974759615384,0.9288022222222222,0.0,0.04316591957666964,0.18390086571450517,0.5632852666341244,1.2953194915320043,0.0,0.03001311,0.21822561,0.5030606,1.0709407
2016-11-11 18:00:00,1.3961666666666668,0.24283333333333337,0.41748235444262033,0.3205746069223985,0.4077453332861899,0.0017797671339856336,0.027130609200779372,0.166700768591644,0.491112152910993,1.0122239862182605,0.012964438502673797,0.09157892628205129,0.1731739926739927,0.3547529761904762,0.6653564285714286,0.0,0.05322479281054053,0.19445896875243257,0.5632852666341244,1.1875440749941568,0.031516608,0.054294612,0.24949142,0.5684233,1.1398673
2016-11-11 19:00:00,1.3358333333333332,0.7213333333333334,0.4407148961446797,0.3123761920194003,0.4095385787400004,0.0027882605347699773,0.048145301047824655,0.22772489282412897,0.5626019110226519,1.0265648066999156,0.01957476190476191,0.11107638888888888,0.18919102564102563,0.3117723214285714,0.6099130952380954,0.0,0.05322479281054053,0.20256287296756736,0.579082537141133,1.1875440749941568,0.038883377,0.07387582,0.26006877,0.63679004,1.2614653
2016-11-11 20:00:00,0.7706666666666666,0.498,0.4364858646951249,0.3219954032186948,0.4008782111851568,0.0030059722160197507,0.05225420361196807,0.2453590032047272,0.6114551264521121,1.0763969382006235,0.029645833333333337,0.10651984126984126,0.19269560185185186,0.33836309523809527,0.6657510582010583,0.0,0.05839771523865452,0.21273546632583606,0.5734159288790133,1.097514973265485,0.021707602,0.08050259,0.2920727,0.69604456,1.3525548
2016-11-11 21:00:00,0.5835,0.7923333333333333,0.45344716071688357,0.2857569742063492,0.40846353434597,0.003467329736961697,0.06419778212198014,0.27507640948083484,0.5991338280779801,0.9398078455300316,0.02120307692307693,0.09884642857142857,0.19336467236467236,0.33321875,0.6236725,0.0,0.05839771523865452,0.24371640251041807,0.5561463388248915,1.169013496159329,0.021449918,0.082952105,0.29047135,0.73342913,1.3918087
2016-11-11 22:00:00,0.6666666666666666,0.5503333333333333,0.441726864028693,0.2746957083333334,0.39980316679112643,0.003115271008413801,0.05532006374989658,0.2542674981632409,0.5305558438055392,0.8449137384237209,0.029645833333333337,0.10076354166666666,0.2022642857142857,0.3370000000000001,0.5681192640692642,0.0,0.05839771523865452,0.24371640251041807,0.5504797305627718,1.0012934605402612,0.009087217,0.063448176,0.27177215,0.64853203,1.2824942
2016-11-11 23:00:00,0.20733333333333337,0.7301666666666666,0.45620887235409646,0.2689221706349205,0.40846353434597,0.003728600033304783,0.06754591966390783,0.28631801958771746,0.5836129795232182,0.8346806933316671,0.03313424836601308,0.10757777777777777,0.2011607142857143,0.3281458333333333,0.6059190476190476,0.0,0.05839771523865452,0.24371640251041807,0.5561463388248915,1.0913225622689333,0.0011724987,0.066243984,0.27951658,0.72552884,1.3657774
2016-11-12 00:00:00,0.13516666666666666,0.7088333333333334,0.45036481871130746,0.2613091565055313,0.4069710610184502,0.004745459522551011,0.07686858006584103,0.30723954698720507,0.6153440561453017,0.7983195113067019,0.033636274509803915,0.09228125000000001,0.18238939393939396,0.31224905303030304,0.5685595238095239,0.0,0.0616534213064704,0.24371640251041807,0.5561463388248915,0.9369035865438822,0.0,0.09970715,0.27395937,0.75742024,1.3957722
2016-11-12 01:00:00,0.05383333333333334,0.4358333333333333,0.44507396364396834,0.2566954628627544,0.40306579600265147,0.004147046007504663,0.06577150161126394,0.29429663694281405,0.6019472556423436,0.833755549913368,0.023848397435897443,0.08876041666666666,0.17358531746031747,0.31698376623376623,0.5559558441558444,0.0,0.0616534213064704,0.24371640251041807,0.5504797305627718,0.9369035865438822,0.0,0.059650917,0.2477732,0.64541423,1.2408
2016-11-12 02:00:00,0.07433333333333333,0.4201666666666667,0.4446553523510601,0.2876404578723743,0.3892287843597262,0.004304915788840182,0.07191097720664053,0.30302401698723025,0.6221566122266974,0.7038472494500081,0.038037731481481485,0.09863541666666666,0.17427597402597403,0.33403720238095236,0.7066804487179488,0.0,0.0616534213064704,0.24371640251041807,0.5504797305627718,1.0840550651543954,0.0,0.08149693,0.30381072,0.8928455,1.5503182
2016-11-12 03:00:00,0.07683333333333332,0.2586666666666667,0.4255639603906676,0.26839619927449054,0.3892287843597262,0.0037732956467245553,0.061202691204882816,0.25730959290790545,0.4535224691942693,0.5080125426302466,0.018592261904761907,0.09508125,0.17932575757575758,0.314280303030303,0.622421666666667,0.0,0.0616534213064704,0.24371640251041807,0.5504797305627718,1.022186058656402,0.0,0.0618103,0.32058936,0.9636065,1.6090411
2016-11-12 04:00:00,0.09216666666666669,0.081,0.4001504313930881,0.28709538375420857,0.36448193026651915,0.0032442063914347938,0.04802627070036737,0.20422450023084393,0.3160151539201018,0.385627219306734,0.012181764705882355,0.08922853535353534,0.18736931818181818,0.30184464285714285,0.6446757575757577,0.0,0.05313088252867985,0.20705027830482273,0.513599983281503,1.0049758639280195,0.0,0.031723,0.2856292,0.8424407,1.4149013
2016-11-12 05:00:00,0.4608333333333333,0.10333333333333332,0.38991799512095987,0.23256077423039898,0.36448193026651915,0.003006563088058067,0.04103425984885582,0.17804028018309437,0.2651650142633457,0.336059351448496,0.02000833333333334,0.08830291005291006,0.1780616883116883,0.2778409090909091,0.44165916666666666,0.0,0.047957960100565855,0.19687768494655403,0.4970100411203036,0.9789040672702528,0.0,0.03253831,0.22695169,0.7402578,1.2444161
2016-11-12 06:00:00,0.3836666666666667,0.3856666666666667,0.4180827608896934,0.21369569047619041,0.3664336817785357,0.003214774660416914,0.04593374278286667,0.19231926552623388,0.29092649897182266,0.37747396600491323,0.01892797619047619,0.08953472222222221,0.16094642857142855,0.26313749999999997,0.35212142857142864,0.0,0.056480498878356405,0.19445896875243257,0.4809844786923292,0.9789040672702528,0.0,0.060757406,0.15975918,0.6857147,1.0821546
2016-11-12 07:00:00,0.2215,0.3451666666666667,0.39975729134711474,0.20494366422158086,0.34925662711221306,0.0025910017253160506,0.03422110816445846,0.16519437796951342,0.24045981590541687,0.31178153196156283,0.017886580086580086,0.08498055555555555,0.15928690476190477,0.2560544871794872,0.34715555555555566,0.0,0.05318216360923348,0.1895860537355185,0.4809844786923292,0.9789040672702528,0.0,0.054301485,0.14500459,0.6135717,0.9756404
2016-11-12 08:00:00,0.12183333333333332,0.5556666666666666,0.39801084444409024,0.19609736329565494,0.33028537236731087,0.0026528317146066074,0.034426197903727036,0.14802632150837106,0.1663706367566341,0.2721047490453973,0.018592261904761907,0.08319328703703703,0.15645357142857144,0.25081355218855217,0.3321369047619048,0.0,0.052492852826743,0.16054487851720114,0.4809844786923292,0.9059403567045629,0.0,0.07008659,0.103495315,0.6193644,0.9640763
2016-11-12 09:00:00,0.13083333333333333,0.7483333333333334,0.40394489161923547,0.21243624424803592,0.32433661318870616,0.002789656891687626,0.03936172152394785,0.08602170101066897,0.15426361604248495,0.2720289726264772,0.02234035087719298,0.10615,0.17337142857142857,0.26538541666666665,0.3623059523809524,0.0,0.033547591327478976,0.14421685566860962,0.4866510869544489,0.9059403567045629,0.0,0.10655592,0.108090304,0.7346747,1.0827589
2016-11-12 10:00:00,0.073,0.7293333333333334,0.39512674223561206,0.19301084477713631,0.31980536294517153,0.0024799194843454766,0.03219444180589073,0.14867297811477032,0.15915467037118736,0.26202822149652805,0.016564375000000003,0.09629444444444445,0.17400476190476188,0.26313749999999997,0.35393452380952384,0.0,0.03327320513222894,0.14421685566860962,0.4866510869544489,0.9059403567045629,0.0,0.103262,0.11033439,0.6147696,0.9194123
2016-11-12 11:00:00,0.036166666666666666,0.7755,0.3951410452933767,0.19806883706108694,0.31980536294517153,0.002428450093882425,0.031095560781979243,0.1464463995766525,0.16260714248223973,0.25092604252603185,0.017233333333333337,0.0870140625,0.17750198412698415,0.28101728219696964,0.3655462962962963,0.0,0.03327320513222894,0.14421685566860962,0.4866510869544489,0.8903943894726555,0.0,0.103548095,0.1136237,0.5851631,0.88133425
2016-11-12 12:00:00,0.007333333333333333,0.867,0.3912337890537167,0.20453861772486762,0.34975615205446214,0.002749685530945137,0.03578039886089088,0.17749935958552623,0.3477445353592896,0.42908148793570244,0.0014721611721611723,0.025537946428571434,0.13772569444444444,0.2892537878787879,0.4650062500000001,0.0,0.03327320513222894,0.14421685566860962,0.5523619327350446,0.8784356451264868,0.0,0.10474986,0.13777292,0.5429443,0.8736241
2016-11-12 13:00:00,0.0,1.6476666666666668,0.41722237064069356,0.3062193842592592,0.4514922467867656,0.004175022606787064,0.06235152441203026,0.2442339616544765,0.4471029461493122,0.5856488613684252,0.007161111111111111,0.03145833333333334,0.2000530303030303,0.47751458333333335,0.8367279761904765,0.0,0.03327320513222894,0.22298113016184443,0.6051837447746654,1.0078847127666775,0.0,0.089483455,0.18480107,0.69358873,1.1410973
2016-11-12 14:00:00,0.012,2.4261666666666666,0.45213761312673406,0.31703133862433835,0.4691181866736054,0.005852797385792426,0.09851097889109268,0.34731896002746576,0.6366509508216819,0.8354214631115175,0.006037916666666667,0.03201388888888889,0.22958928571428572,0.4791875,0.7816433333333339,0.0,0.03503520594527153,0.22298113016184443,0.6217736869358649,1.227905376247446,0.0,0.10516413,0.25567812,0.9560984,1.528846
2016-11-12 15:00:00,0.0415,2.485,0.46073839561010316,0.3160862208994707,0.4545122714360371,0.00616876254179987,0.10484574431236768,0.3643123145135444,0.6657603641871674,0.9000553977188032,0.007091666666666668,0.04326785714285714,0.23690073529411765,0.45141250000000005,0.6833279202279204,0.0,0.03530959214052156,0.22298113016184443,0.6217736869358649,1.0451804449572644,0.0,0.10760402,0.27707523,0.9783633,1.5945861
2016-11-12 16:00:00,0.036166666666666666,2.1453333333333333,0.4600965762265297,0.31876995568783056,0.46585555080658514,0.005808709972531807,0.09844691897905775,0.3505343163600211,0.6443449414425818,0.8672835345560562,0.009105238095238097,0.05136607142857143,0.23343434343434344,0.4405910714285714,0.7200523809523811,0.0,0.06327897984872112,0.2362884431103125,0.6217736869358649,1.0451804449572644,0.0047424957,0.1222678,0.2626785,0.88698095,1.4828795
2016-11-12 17:00:00,0.013333333333333334,1.415,0.4463125193170991,0.29966495326278664,0.4700967975662266,0.00507842870707367,0.07878173291054402,0.3005129003677882,0.6108031985692491,0.9271318586226464,0.009335714285714286,0.04605357142857143,0.1552541666666667,0.3853189102564103,0.7223586309523816,0.0,0.0639682906312116,0.2653296183286297,0.6217736869358649,1.0882067238630906,0.038783297,0.10152993,0.21335948,0.6730133,1.2366706
2016-11-12 18:00:00,0.004166666666666667,1.3961666666666668,0.4620964050171027,0.2950532605820105,0.48376794360367353,0.005289452827005437,0.08658657278322214,0.3291441204933867,0.6682302556015771,0.9693939800986403,0.010264285714285714,0.05136607142857143,0.16459696969696969,0.4269517857142858,0.8347785714285715,0.0,0.06550462508729193,0.2702025333455437,0.6034921259725933,1.0869462830010452,0.03173569,0.12005601,0.26468474,0.7546175,1.3300734
2016-11-12 19:00:00,0.043666666666666666,1.3358333333333332,0.4753004436559026,0.3281229193121695,0.4897404732154101,0.005805681601816251,0.09806164351522278,0.3632291212172966,0.7528313824302066,1.029624195964348,0.04744000000000001,0.11110694444444444,0.19883994708994707,0.3842115384615385,0.7997333333333335,0.0,0.06550462508729193,0.2783064375606785,0.6136227882174822,1.0869462830010452,0.026529947,0.14017992,0.29906794,0.8336452,1.4111917
2016-11-12 20:00:00,0.1355,0.7706666666666666,0.4769950241718021,0.2900492645502645,0.4049537826803467,0.005467735976265665,0.09012185656387149,0.33787576260555857,0.7445888132970123,1.0137594250277777,0.012114542483660133,0.07705555555555554,0.16416666666666668,0.36383627946127944,0.6307421296296306,0.0,0.07067754751540593,0.22650189400084197,0.5428406629440701,1.1516165169746349,0.033125587,0.13051976,0.28621185,0.7522346,1.3169873
2016-11-12 21:00:00,0.078,0.5835,0.47541070893495174,0.3087076131954464,0.4481621696308795,0.005524597516074809,0.09120678195887788,0.3472706289114901,0.7746269180447913,1.050234667203746,0.05973367003367004,0.11946448863636364,0.22645740740740744,0.3975512820512821,0.6941875000000002,0.0,0.07067754751540593,0.257482830185424,0.5927028480969063,1.1751424523425442,0.018271353,0.131256,0.301548,0.7844889,1.3583465
2016-11-12 22:00:00,0.063,0.6666666666666666,0.481468634353182,0.3359358504088501,0.4481621696308795,0.005568447942244764,0.09205025763485292,0.3547789185736204,0.7554350707920665,1.0112888799158797,0.033769607843137255,0.08665482954545455,0.17595241477272727,0.45636458333333335,0.7283000000000003,0.0,0.07067754751540593,0.257482830185424,0.5927028480969063,1.1751424523425442,0.0157894,0.12538058,0.29378447,0.756865,1.3215271
2016-11-12 23:00:00,0.11833333333333332,0.20733333333333337,0.46468226747203506,0.3457703340067338,0.4481621696308795,0.005193572303532452,0.08374372429720392,0.32996651172599223,0.7299542683599649,0.995722315692985,0.05845370370370371,0.11470370370370371,0.21360714285714288,0.43753882575757574,0.7792284090909092,0.0,0.07067754751540593,0.257482830185424,0.5870362398347866,1.1751424523425442,0.0,0.10756225,0.30575264,0.7489375,1.2954638
2016-11-13 00:00:00,0.194,0.13516666666666666,0.4649252211572332,0.3757211999559081,0.4444171726650525,0.005682096938914803,0.09447799167973643,0.3438833312528089,0.7506623493529706,0.9467921173629297,0.043407142857142866,0.10701274509803924,0.2471166666666667,0.4436125000000001,0.8645785714285719,0.0,0.06215500873761539,0.25179764216441064,0.5870362398347866,1.1751424523425442,0.01089048,0.101827696,0.29477265,0.7351338,1.2684488
2016-11-13 01:00:00,0.206,0.05383333333333334,0.4397304523672629,0.4546888797619048,0.4243962305112675,0.005030805242378532,0.08026480942399403,0.32068014118206406,0.6645163932469222,0.9328691600165634,0.020286666666666668,0.09340795454545453,0.2850595238095238,0.7411532738095239,1.1662972222222223,0.0,0.05867649516230419,0.23140657333275266,0.5597716198504976,1.2370114588405376,0.009247748,0.078568675,0.27256683,0.5888211,1.0514427
2016-11-13 02:00:00,0.18883333333333338,0.07433333333333333,0.47103736542349306,0.4109338150352734,0.44338121447268725,0.005919551119163794,0.09940316631459398,0.34939193094999954,0.7909113454399828,0.9746025437945096,0.022786666666666677,0.09072619047619047,0.2248703703703704,0.4640114583333333,0.9001131944444445,0.0,0.06215500873761539,0.25179764216441064,0.5870362398347866,1.2370114588405376,0.0059566796,0.08898935,0.29693073,0.82095546,1.3678086
2016-11-13 03:00:00,0.073,0.07683333333333332,0.4826213541046446,0.34872551653439143,0.44338121447268725,0.006343197400133829,0.10524350537402119,0.34867473663117876,0.8376074928849868,0.9937015082835816,0.008523051948051948,0.06526515151515151,0.1687537878787879,0.4168440476190476,0.8393095238095244,0.0,0.06215500873761539,0.25179764216441064,0.5870362398347866,1.252557426072445,0.0,0.089836836,0.28807786,0.88672477,1.4408634
2016-11-13 04:00:00,0.19566666666666663,0.09216666666666669,0.46619098023135175,0.31901497641093457,0.3906353426847721,0.00600806487771717,0.09213582077770163,0.3026193084566034,0.7297829099745807,0.8681008228758262,0.005277083333333335,0.05337234848484848,0.15750781249999998,0.4130952380952382,0.7086059523809528,0.0,0.06215500873761539,0.22081670597982864,0.5247575667921751,1.2290314907045357,0.020646185,0.088772155,0.23834363,0.74016064,1.2364328
2016-11-13 05:00:00,0.5316666666666666,0.4608333333333333,0.4800883434042117,0.2815007131834214,0.39438033965059915,0.0061270019674899215,0.09460838839081422,0.30930756873861925,0.7404047801937376,0.8280924221803778,0.005118039215686275,0.051503125,0.13765384615384615,0.35459085648148153,0.6440773809523815,0.0,0.06550462508729193,0.21632930064257327,0.5247575667921751,1.2290314907045357,0.035078596,0.12119677,0.19615057,0.7386747,1.2290181
2016-11-13 06:00:00,0.5986666666666667,0.3836666666666667,0.4402850406013228,0.2254843143738977,0.39243856218995116,0.004585830536030199,0.06736788036367675,0.2556622663950236,0.5588717472732263,0.6464796538748383,0.0060875,0.04990625,0.11608958333333333,0.26591482843137254,0.4498666666666669,0.0,0.06550462508729193,0.20822539642743848,0.49757442085352865,1.2290314907045357,0.018844282,0.087487325,0.16548602,0.6113361,1.0371895
2016-11-13 07:00:00,0.3615,0.2215,0.42327475707141354,0.22168572795414468,0.3752615075236285,0.004054221489934588,0.05490691805723307,0.2068583749798441,0.4761162454449443,0.549000442122252,0.00457857142857143,0.04227884615384615,0.12145192307692308,0.3010875,0.5527621212121216,0.0,0.0639682906312116,0.20335248141052442,0.49757442085352865,1.2290314907045357,0.025929421,0.082715094,0.16118796,0.5713267,0.97602355
2016-11-13 08:00:00,0.5828333333333334,0.12183333333333332,0.40459271517230516,0.23582373126102282,0.348661822987397,0.003650570750290455,0.04695779160862186,0.17573245408290405,0.4198044086271209,0.4850890868735708,0.007967857142857145,0.05278973214285714,0.13480303030303029,0.31013203463203465,0.5244500000000003,0.0,0.05475644107093058,0.16862611817119372,0.49757442085352865,1.1395989652667897,0.01835929,0.07072517,0.16108517,0.5614382,0.94955736
2016-11-13 09:00:00,0.66,0.13083333333333333,0.4068711075364547,0.2636836816578482,0.34821979649508605,0.00379935907984519,0.051219356197351615,0.182323611658511,0.46392095203750183,0.5199483798473588,0.019108095238095243,0.07630729166666667,0.15489583333333334,0.3290402777777778,0.5693126190476195,0.0,0.03581117957166655,0.15531880522272565,0.5211484922539759,1.1395989652667897,0.008086034,0.076991424,0.1768516,0.65379786,1.0666665
2016-11-13 10:00:00,0.2425,0.073,0.38423619095423395,0.32561862213403864,0.33432043344684603,0.0032789132991766627,0.041099568933852235,0.15679799388378052,0.385070787902394,0.47646195372766365,0.02665598290598291,0.0884465909090909,0.1698467365967366,0.3539593253968254,0.7272017857142861,0.0,0.03553679337641652,0.15531880522272565,0.49757442085352865,0.9938811598603221,0.013978719,0.06261063,0.17049523,0.5684923,0.97122693
2016-11-13 11:00:00,0.22133333333333338,0.036166666666666666,0.37070842646932634,0.3459136997354499,0.27682315518959955,0.0030751591992873315,0.03818404910963423,0.1516410517116284,0.37032136158168705,0.5146843502494157,0.013571153846153847,0.08233119658119659,0.20881944444444445,0.41331527777777777,0.8296968434343439,0.0,0.03205827980110534,0.12668684719870496,0.3904366876027407,0.9938811598603221,0.011123494,0.05618525,0.16873242,0.53623194,0.9481889
2016-11-13 12:00:00,0.15283333333333335,0.007333333333333333,0.3586458406414557,0.34932214219576724,0.2844422822450101,0.0031079623970532797,0.039791531843216744,0.15674565626771247,0.3849278254247415,0.5961844647282164,0.013571153846153847,0.10599479166666667,0.23754433760683763,0.4393166666666667,0.9189553872053876,0.0,0.02289378930071156,0.12668684719870496,0.39643381338686606,1.0227080212617012,0.006304328,0.04769729,0.17300497,0.5141465,0.94440365
2016-11-13 13:00:00,0.13683333333333333,0.0,0.3400725141365966,0.4130716296296298,0.2323453381295303,0.003343301266428427,0.043998667497874365,0.1574139454495358,0.367591766017945,0.5579012738481157,0.0006919467787114849,0.10045075757575758,0.2913263888888889,0.6712693452380951,1.0112390849673203,0.0,0.02289378930071156,0.1516263522662554,0.3601930631052812,0.854409497596272,0.0,0.061983462,0.20339996,0.5540423,1.0416695
2016-11-13 14:00:00,0.13966666666666666,0.012,0.34698679970856977,0.44503098719336226,0.2691987458271212,0.003649941000202004,0.05236079318363773,0.16210317846560746,0.3510628714895786,0.3706257485691,0.011766666666666672,0.08593728632478632,0.25574722222222224,0.5778809523809524,1.0493436507936507,0.0,0.02289378930071156,0.12668684719870496,0.3904366876027407,0.9248192592637744,0.0,0.079517394,0.25137907,0.70580286,1.2501587
2016-11-13 15:00:00,0.16283333333333333,0.0415,0.35154880996667287,0.3461825356541606,0.2691987458271212,0.003854128368915494,0.05661295554350083,0.17866378763644775,0.36672491674750873,0.367100612472127,0.00696388888888889,0.058963068181818186,0.18265064102564102,0.4185217592592592,0.7570011904761905,0.0,0.03233266599635536,0.12668684719870496,0.3904366876027407,0.9248192592637744,0.0,0.106488705,0.2571057,0.68570906,1.2127166
2016-11-13 16:00:00,0.18166666666666662,0.036166666666666666,0.3598881527258849,0.3115489770121852,0.2838078725605695,0.003894162260113142,0.059741927626346523,0.19585267817032453,0.3902300145438466,0.4098892036187779,0.009614583333333334,0.0629534632034632,0.1829128787878788,0.40691785714285716,0.7604690476190479,0.0,0.05127792749561938,0.13658341563137302,0.3904366876027407,0.9327511712346311,0.029048735,0.12958306,0.25636864,0.6395927,1.1187155
2016-11-13 17:00:00,0.3963333333333333,0.013333333333333334,0.3475654388607638,0.30912636501923996,0.28851767130140615,0.00356536609521408,0.05319798644987325,0.19375348749148147,0.3459364629285299,0.4857909155706327,0.008703703703703705,0.06280952380952382,0.17795241477272727,0.40691785714285716,0.758351666666667,0.0,0.0428027477777161,0.1620308138654904,0.3765496709653074,0.8855383154041829,0.056027118,0.14001417,0.194112,0.40314057,0.7888731
2016-11-13 18:00:00,0.45866666666666667,0.004166666666666667,0.35060443141357633,0.3714647800925925,0.2946522909290094,0.0036658299593876407,0.05706182343315777,0.20131038646383376,0.3368869825457367,0.45465012115673475,0.02209867424242425,0.10479440235690235,0.23569570707070708,0.5805,1.043168414918415,0.0,0.04433908223379644,0.16690372888240446,0.3653432932878177,0.9465171251348259,0.06421972,0.12830366,0.19026661,0.43520308,0.8450711
2016-11-13 19:00:00,0.2573333333333333,0.043666666666666666,0.3774519442905901,0.407781367263909,0.30510590393766346,0.004247711161093744,0.07085121223359475,0.24220960294612426,0.4577030880901012,0.5751252898721523,0.04546240740740741,0.12810477582846003,0.28724242424242424,0.6536643518518519,1.1319944444444445,0.0,0.0535035727341902,0.17500763309753925,0.3622724832825304,0.9649228146555181,0.072637066,0.13798505,0.20419216,0.5169797,0.9574551
2016-11-13 20:00:00,0.24316666666666664,0.1355,0.3950201482781282,0.2792737779982362,0.3408978192664043,0.004055547468644907,0.06816845003222359,0.2654851892283097,0.47598679565017155,0.6268481072590455,0.01714464285714286,0.07587499999999998,0.1913982683982684,0.32838598901098903,0.5674498484848486,0.0,0.060393007924572806,0.20705027830482273,0.46941021653331777,0.9649228146555181,0.06685186,0.128042,0.18186289,0.43348113,0.8127121
2016-11-13 21:00:00,0.246,0.078,0.3992485658120483,0.2482658472222223,0.3578479469614221,0.004233354288650808,0.07173186766277442,0.27067851104792356,0.5056280832539255,0.681069467439088,0.01090227272727273,0.05768939393939394,0.14056730769230769,0.29765288461538464,0.5440476923076923,0.0,0.060393007924572806,0.23803121448940473,0.5055412332613979,0.9883713559938174,0.055551603,0.10471317,0.19624117,0.46310142,0.8642015
2016-11-13 22:00:00,0.17983333333333335,0.063,0.3940072031397922,0.3756517303791887,0.3308026695124488,0.003964550822596758,0.06628848607545842,0.2553454181803904,0.4582463009802344,0.6120242076702271,0.03615245726495726,0.0967937271062271,0.21225357142857143,0.40839732142857144,1.0306527777777783,0.0,0.060393007924572806,0.23803121448940473,0.44475029350673023,0.9883713559938174,0.036496423,0.08013194,0.20028421,0.5056303,0.92669636
2016-11-13 23:00:00,0.21233333333333337,0.11833333333333332,0.40924198676216766,0.23225643276014116,0.35331669671788746,0.004217928459352814,0.06899547137697425,0.271490035535106,0.4994662956219893,0.670737686049796,0.0258037037037037,0.0540375,0.1140642857142857,0.2657901785714286,0.549194848484849,0.0,0.060393007924572806,0.23803121448940473,0.5055412332613979,0.9883713559938174,0.033884082,0.06598995,0.18645498,0.45293856,0.8543229
2016-11-14 00:00:00,0.18733333333333338,0.194,0.41751012686959105,0.28255892691798956,0.34419675237168634,0.004115012148837072,0.07469250819618689,0.2807500056255222,0.5149541452910791,0.6659328063005339,0.027471428571428567,0.05396805555555556,0.13541761363636362,0.30276136363636363,0.7307983333333342,0.0,0.06420369204843865,0.23803121448940473,0.49312474537162254,0.9811038588792796,0.03174263,0.039277133,0.17606017,0.413989,0.795883
2016-11-14 01:00:00,0.16166666666666665,0.206,0.40988863263638586,0.25911252612433877,0.34769204442285573,0.004031364117866073,0.06884325405705678,0.2593430608141345,0.4596376575486425,0.5950359738263802,0.02199017857142857,0.05122863247863248,0.12636263736263736,0.27745624999999996,0.5593064102564124,0.0,0.06758701595461605,0.24371640251041807,0.49312474537162254,0.9811038588792796,0.022364158,0.029669965,0.18681698,0.4099415,0.78227633
2016-11-14 02:00:00,0.18933333333333338,0.18883333333333338,0.4025470585165974,0.2624037334656085,0.34769204442285573,0.004011906328373897,0.06662041487655491,0.23859707721397652,0.4442312328046571,0.5842027325043315,0.023052083333333338,0.044632154882154884,0.11922800925925926,0.26941369047619046,0.5389250641025644,0.0,0.060393007924572806,0.23803121448940473,0.49312474537162254,0.9811038588792796,0.0045571355,0.0077281534,0.18094306,0.46185285,0.8486117
2016-11-14 03:00:00,0.349,0.073,0.3813594239731967,0.260373578813933,0.3410777406335952,0.0033554491464582933,0.05287006592887718,0.2004589774673169,0.342174195574497,0.46332951098912933,0.02185892857142857,0.04738419913419913,0.12297685185185186,0.258103021978022,0.5419410052910072,0.0,0.060393007924572806,0.23803121448940473,0.49312474537162254,0.9811038588792796,0.0,0.020135999,0.1700353,0.381465,0.73542815
2016-11-14 04:00:00,0.3581666666666667,0.19566666666666663,0.38439246415719397,0.26169108553791914,0.31921224234956086,0.0032573946845250498,0.04968024692005489,0.19091644907239827,0.30015490554899915,0.34440761667557696,0.013762962962962966,0.037255208333333345,0.13021643518518516,0.27926904761904764,0.5076805555555557,0.0,0.060393007924572806,0.20705027830482273,0.4569937286435426,0.8926010286882823,0.0042137117,0.012176948,0.14938302,0.3319458,0.6482654
2016-11-14 05:00:00,0.307,0.5316666666666666,0.4032505754680603,0.27866864704585537,0.3287497271869432,0.0033470506693619685,0.057375653282105185,0.22497885795113987,0.29302163598506026,0.3453704082211301,0.01091964285714286,0.038098958333333335,0.14602777777777776,0.27852529761904765,0.5443602564102565,0.0,0.06374262427424936,0.20256287296756736,0.46941021653331777,0.8926010286882823,0.0023188286,0.004501037,0.14617148,0.36704043,0.67932725
2016-11-14 06:00:00,0.182,0.5986666666666667,0.41037025342270256,0.24116398280423273,0.33848615611140975,0.0034696672110523124,0.06025293887520203,0.2502334384384465,0.4275331896632478,0.4295078684063306,0.003425000000000001,0.02373065476190476,0.09825505050505051,0.2528175925925926,0.5504597435897437,0.0,0.06374262427424936,0.19445896875243257,0.459051262367463,0.95765531754098,0.01088128,0.03285637,0.1746609,0.37778816,0.6927104
2016-11-14 07:00:00,0.18083333333333337,0.3615,0.40365216461977643,0.2278139378306878,0.329482229660373,0.0031159985202513334,0.049881803813739314,0.21841735194503933,0.3921131148911231,0.393794619213065,0.0011334415584415586,0.013173032407407408,0.07863194444444446,0.2480871212121212,0.7408583333333336,0.0,0.062206289818169024,0.1895860537355185,0.459051262367463,0.9420673675394449,0.016777355,0.07080047,0.16754724,0.34865358,0.63268596
2016-11-14 08:00:00,0.2601666666666667,0.5828333333333334,0.4022699116428981,0.1999093373015872,0.30849270575325527,0.0034415340847068292,0.05501767449133437,0.20747667259616326,0.3007430368306011,0.35598446660002814,0.0001288235294117648,0.011013888888888889,0.06215740740740741,0.20817083333333336,0.44235976190476206,0.0,0.06327897984872112,0.1575241686170777,0.44663477447768773,0.8979391150564069,0.021451637,0.07038747,0.14997105,0.3631688,0.644476
2016-11-14 09:00:00,0.17833333333333334,0.66,0.4038310604311355,0.2027693578042327,0.29074197433715426,0.003663774436358084,0.05943285884407888,0.20743580861642746,0.3228554636787224,0.37725840050621096,0.0002133333333333335,0.009752164502164502,0.08121481481481482,0.26817951388888883,0.4528234126984128,0.0,0.04433371834945712,0.14421685566860962,0.44663477447768773,0.8979391150564069,0.028553253,0.085858144,0.12206326,0.38310105,0.65799916
2016-11-14 10:00:00,0.07616666666666667,0.2425,0.37670348142411814,0.1775282665343915,0.29074197433715426,0.0029788458414453252,0.04232398127994271,0.13899020511933363,0.23694264191601921,0.27091005190177897,0.00026222222222222234,0.01092361111111111,0.0695974025974026,0.2381118233618234,0.42691577380952406,0.0,0.044059332154207084,0.14421685566860962,0.44096816621556795,0.8979391150564069,0.058203585,0.07545051,0.078674324,0.23462017,0.4633521
2016-11-14 11:00:00,0.024333333333333332,0.22133333333333338,0.3741335691510563,0.17094877116402116,0.29074197433715426,0.0029448332734870013,0.04111033335876851,0.13457323226476994,0.2552626431034757,0.2699759128333035,0.00026222222222222234,0.011741477272727271,0.07443452380952381,0.25529166666666664,0.44972038690476196,0.0,0.042730801406459774,0.14421685566860962,0.44096816621556795,0.8979391150564069,0.058096286,0.08242758,0.0986573,0.2645052,0.49663797
2016-11-14 12:00:00,0.0185,0.15283333333333335,0.3723176308924686,0.16558194091710757,0.2917779325295195,0.0029747925479108764,0.04060626451173928,0.1301664553306599,0.27767443477541576,0.2879114188876549,0.0006517543859649126,0.017722222222222223,0.08069761904761905,0.23166057692307696,0.4342764880952381,0.0,0.03934747750028237,0.13853166764759628,0.44096816621556795,0.9072515131979962,0.058714256,0.08339312,0.10459524,0.30111074,0.5538115
2016-11-14 13:00:00,0.036833333333333336,0.13683333333333333,0.3935070460196768,0.20987629475308647,0.30467274481527257,0.003753716883806806,0.05641833998992118,0.15960539454170142,0.396151353817747,0.4044891957819644,0.006335185185185188,0.023977083333333336,0.10469940476190476,0.3127797619047619,0.4983904761904764,0.0,0.03553679337641652,0.1522980953226022,0.4645422376160152,0.9665990904766112,0.015222439,0.08957253,0.12828842,0.45847887,0.7933316
2016-11-14 14:00:00,0.035,0.13966666666666666,0.4199891269197658,0.2503869243827161,0.30467274481527257,0.0044996226736299,0.07482942117406836,0.20959610064928205,0.5595085300802367,0.6010955114632328,0.00874357142857143,0.03973363095238095,0.1524388888888889,0.35391592261904764,0.5537499999999999,0.0,0.03553679337641652,0.1522980953226022,0.4645422376160152,0.9665990904766112,0.0,0.069192894,0.18499894,0.64921826,1.0661556
2016-11-14 15:00:00,0.02366666666666667,0.16283333333333333,0.42962991765927544,0.2493342896825396,0.3084177417810996,0.004595567136673151,0.07950326452418766,0.22280293771561616,0.5683287781345523,0.5843319763968258,0.007246428571428572,0.030075980392156865,0.1381445868945869,0.3563452380952381,0.5560950000000003,0.0,0.03785986288248982,0.1522980953226022,0.4645422376160152,0.9665990904766112,0.0,0.07480265,0.2056316,0.66295654,1.089034
2016-11-14 16:00:00,0.025833333333333333,0.18166666666666662,0.42410997736171585,0.22188050793650788,0.3760823921638253,0.004630488678315172,0.08101338154244483,0.2546647552641793,0.6397441433617913,0.8109389520164367,0.009125446428571429,0.027828703703703703,0.10469940476190476,0.33942401960784313,0.4995475925925927,0.0,0.056805124381753835,0.16560540827107026,0.557852907983597,1.075041252641825,0.0,0.06363709,0.17757083,0.57974124,1.0133471
2016-11-14 17:00:00,0.0,0.3963333333333333,0.420326236935073,0.21978679761904757,0.3803236389234667,0.0045674277436464905,0.0783969840777774,0.26058075631009364,0.5871326127483484,0.7797120423067156,0.009638095238095239,0.03329583333333333,0.09706902356902355,0.2649930555555556,0.5421570833333335,0.0,0.062206289818169024,0.20335248141052442,0.557852907983597,1.1057008883370534,0.030264597,0.0798748,0.16696167,0.46228614,0.8857702
2016-11-14 18:00:00,0.004333333333333333,0.45866666666666667,0.42882973320903833,0.23165428571428565,0.37542379206837895,0.0046506674020314765,0.0801886528270114,0.2619722590805196,0.552240720908886,0.6848005612371602,0.009466666666666665,0.04028690476190476,0.1127,0.3253720238095238,0.5554785714285716,0.0,0.06374262427424936,0.20822539642743848,0.4921420622030012,1.1159421274274601,0.028387183,0.09954422,0.17605816,0.48499176,0.9146653
2016-11-14 19:00:00,0.021666666666666667,0.2573333333333333,0.42313017512584333,0.2336760088183423,0.3726857872786548,0.004147215417939447,0.07262925943474771,0.23557908173320508,0.48140474434904423,0.5834557609316497,0.00836818181818182,0.04424905303030303,0.12502248677248678,0.31678459821428573,0.494961904761905,0.0,0.06374262427424936,0.21632930064257327,0.5081676246309756,1.1159421274274601,0.013532015,0.08260583,0.19532703,0.47168824,0.85387117
2016-11-14 20:00:00,0.33766666666666667,0.24316666666666664,0.4125969302756407,0.1844560861992946,0.35186669386914865,0.0034040539471935326,0.06277832982731246,0.24341257611368614,0.42341419200009334,0.5532465855649757,0.003944444444444445,0.035932738095238094,0.10331458333333333,0.25770386904761905,0.42953928571428585,0.0,0.06891554670236336,0.21273546632583606,0.48459355323052833,1.0576241516652691,0.046688303,0.08841814,0.17616095,0.38430488,0.74800074
2016-11-14 21:00:00,0.45716666666666667,0.246,0.4140917078072242,0.21097521693121696,0.37286855099652866,0.0035431148754072267,0.06260478999127522,0.23859707189032175,0.4135704466380316,0.5480378790669155,0.007916666666666667,0.04353796296296296,0.11787927350427349,0.31879861111111113,0.47605178571428586,0.0,0.06891554670236336,0.24371640251041807,0.5380632426729965,1.0810726930035686,0.030138211,0.074061476,0.1675638,0.37945846,0.7219323
2016-11-14 22:00:00,0.3001666666666667,0.17983333333333335,0.4124568821943917,0.2286340445326279,0.37286855099652866,0.0034967401652593053,0.061418706565309886,0.23510107725407317,0.4081702239919633,0.5455290599589134,0.012218518518518521,0.04980357142857143,0.12814136904761905,0.3243584656084656,0.5192971861471865,0.0,0.060393007924572806,0.23803121448940473,0.5380632426729965,1.0810726930035686,0.02428669,0.05069952,0.17445458,0.3760435,0.72254544
2016-11-14 23:00:00,0.29,0.21233333333333337,0.40198946736383795,0.21977495921516763,0.36652202178526094,0.0029868752993701493,0.05192453068109442,0.2241858679276664,0.32060566385222716,0.424783978098094,0.0025897727272727283,0.033457291666666666,0.12226851851851853,0.3155684523809524,0.5120190476190477,0.0,0.060393007924572806,0.23803121448940473,0.5380632426729965,1.0572346294719777,0.03362591,0.05283033,0.16112322,0.3328183,0.6721762
2016-11-15 00:00:00,0.41183333333333333,0.18733333333333338,0.39954354958778604,0.23865087742504415,0.37605950662264326,0.0020050870643445193,0.04442721895739291,0.21634321691624417,0.2894633883154764,0.4212703965845608,0.009184848484848485,0.03809375,0.13011111111111112,0.3176443452380952,0.6273595238095239,0.0,0.060393007924572806,0.23803121448940473,0.5504797305627718,1.008750907036333,0.046345595,0.06587486,0.17348766,0.25318262,0.61024576
2016-11-15 01:00:00,0.317,0.16166666666666665,0.3931635132444461,0.21859368276014113,0.3721542416068445,0.0017847110735846102,0.03894182151602186,0.195983663501618,0.23136074903980774,0.31370685013382393,0.010602380952380955,0.037335470085470085,0.12820791245791247,0.30229707792207794,0.5688565476190477,0.0,0.060393007924572806,0.23803121448940473,0.5504797305627718,1.008750907036333,0.026846794,0.050471716,0.16638775,0.23254967,0.5868861
2016-11-15 02:00:00,0.2755,0.18933333333333338,0.39558429262608513,0.2117706205908289,0.3721542416068445,0.0017715175371345341,0.037407838151822026,0.18855167235113454,0.23426671658347775,0.29064792731303435,0.008204761904761911,0.03195833333333333,0.11947685185185185,0.2841597985347985,0.5188992063492065,0.0,0.06420369204843865,0.23803121448940473,0.5504797305627718,1.008750907036333,0.015970783,0.03768363,0.1719195,0.2236311,0.5656804
2016-11-15 03:00:00,0.4903333333333333,0.349,0.40684587245435927,0.21132895304232804,0.3626167567694622,0.0019441444469303465,0.03811774278908488,0.18121320117436526,0.24045540233781437,0.24682557442236464,0.008422527472527473,0.03195833333333333,0.10171153846153846,0.2759823232323233,0.500576190476191,0.0,0.05989142049342781,0.24371640251041807,0.5380632426729965,1.008750907036333,0.009463811,0.01152307,0.19871864,0.2795991,0.59584874
2016-11-15 04:00:00,0.7121666666666666,0.3581666666666667,0.4017011588662976,0.16842069841269838,0.3511523844794645,0.0015574827264463083,0.03260869559180227,0.1690537527632443,0.18767385201023445,0.21414695612772328,0.004481666666666667,0.025114583333333336,0.08998611111111111,0.22843668831168834,0.3787859788359789,0.0,0.05989142049342781,0.21273546632583606,0.4970100411203036,0.9138497784175551,0.005657353,0.0097241895,0.16972673,0.2577214,0.5609606
2016-11-15 05:00:00,0.8281666666666666,0.307,0.4023931046311356,0.1848603424122174,0.3603682205141657,0.0011752899359525897,0.030210328175244158,0.17294789128097018,0.17336885501681554,0.23981620220779148,0.00795297619047619,0.03716631054131054,0.1217890442890443,0.23626388888888888,0.37919780219780236,0.0,0.05471849806531382,0.20256287296756736,0.4970100411203036,0.9789040672702528,0.004622357,0.02083032,0.15452597,0.3237608,0.6359494
2016-11-15 06:00:00,0.5668333333333334,0.182,0.37773045244966647,0.17613043147747295,0.35857497506035524,0.0005259312161169549,0.0171620268128665,0.08322963451063736,0.1336271814597937,0.15171131455965858,0.0022194444444444445,0.019732407407407407,0.08697147950089126,0.21748579545454547,0.36363571428571434,0.0,0.04619595928752327,0.18877378073141923,0.4809844786923292,0.9789040672702528,0.010464682,0.02175849,0.16420849,0.31750593,0.6006539
2016-11-15 07:00:00,0.5943333333333334,0.18083333333333337,0.3665409112652859,0.1716443529541444,0.3321820843593314,0.0,0.005396014758442945,0.04695457505934386,0.09318768227892482,0.10345257995199683,0.0018708333333333333,0.015420833333333332,0.06434558823529413,0.19276785714285713,0.31906944444444446,0.0,0.04465962483144293,0.18390086571450517,0.4809844786923292,0.9138497784175551,0.012118307,0.019704433,0.14968614,0.27223155,0.52335495
2016-11-15 08:00:00,0.5375,0.2601666666666667,0.36806863625733116,0.20628838650392808,0.3132108296144292,0.0,3.6098123271813363e-06,0.005501664028794505,0.07890917269359232,0.08477276968747821,0.002610256410256411,0.02505088141025641,0.11234920634920637,0.23504166666666668,0.3507164021164025,0.0,0.052492852826743,0.1575241686170777,0.4809844786923292,0.8408860678518646,0.0007812592,0.026632585,0.1323546,0.2809552,0.5008054
2016-11-15 09:00:00,0.3696666666666667,0.17833333333333334,0.3524573743647703,0.24896290237694402,0.3072620704358245,0.0,0.0,0.0,0.021155570866542406,0.048343670172656755,0.005592857142857145,0.04189345238095238,0.14040277777777777,0.28592211538461537,0.46210291666666714,0.0,0.028835736673554276,0.13853166764759628,0.4809844786923292,0.8408860678518646,0.0054739024,0.020310238,0.11439855,0.2739144,0.4870735
2016-11-15 10:00:00,0.3195,0.07616666666666667,0.3353747500203315,0.20856811320546723,0.28783166840699886,0.0,0.0,0.0,0.0,0.012140283120679496,0.003940740740740741,0.02755902777777778,0.11064583333333333,0.24806160968660967,0.4536700000000002,0.0,0.024750666354438386,0.13853166764759628,0.4809844786923292,0.8408860678518646,0.017845383,0.05397603,0.105933085,0.19413142,0.37319466
2016-11-15 11:00:00,0.2723333333333333,0.024333333333333332,0.32339911501171886,0.2300419675925925,0.2479466401992216,0.0,0.0,0.0,0.0,0.0,0.006723611111111111,0.038835416666666664,0.11204861111111111,0.27047738095238094,0.6313000000000004,0.0,0.021272152779127196,0.09207276072440398,0.37384674544154134,0.8967507051308073,0.023545358,0.059978113,0.08559491,0.155667,0.32750738
2016-11-15 12:00:00,0.10716666666666669,0.0185,0.31963844785482254,0.24970485207231016,0.24231442037763803,0.0,0.0,0.0,0.0,0.0009604082763804145,0.006975925925925926,0.03734848484848485,0.11444128787878786,0.2809270833333333,0.47569809523809603,0.0,0.012107662278733437,0.07431270703276106,0.3423338851185042,0.9060631032723967,0.016013855,0.06914745,0.071691215,0.12693098,0.31812432
2016-11-15 13:00:00,0.0,0.036833333333333336,0.3246744206457112,0.24162997045855372,0.24231442037763803,0.0,0.0,0.0,0.0,0.005430307472777424,0.011090740740740743,0.044032051282051274,0.1359363425925926,0.28936631944444446,0.46372846153846176,0.0,0.021272152779127196,0.07431270703276106,0.3423338851185042,0.9647777449819828,0.014445231,0.05691331,0.08463452,0.13308223,0.31991756
2016-11-15 14:00:00,0.0,0.035,0.3280735669036275,0.24705434611992932,0.24231442037763803,0.0,0.0,0.00043444359962108853,0.014676487208103994,0.01916817735096349,0.008150396825396826,0.03968465909090909,0.1409642857142857,0.2925416666666667,0.5100561904761906,0.0,0.021272152779127196,0.07431270703276106,0.3423338851185042,0.9806838965427171,0.01794989,0.052941617,0.09391892,0.13178635,0.31512934
2016-11-15 15:00:00,0.0,0.02366666666666667,0.3295160134933491,0.2510541829805996,0.24292417991299284,0.0,0.00337693939867445,0.004010060551795133,0.040333437408579725,0.07562152839845848,0.005849047619047622,0.033980158730158735,0.13180671296296295,0.2856325757575758,0.6200444444444446,0.0,0.02154653897437723,0.09207276072440398,0.3462469208545558,0.9168180176156188,0.018254414,0.05668465,0.09500116,0.12587678,0.3427338
2016-11-15 16:00:00,0.15666666666666665,0.025833333333333333,0.33296006165641195,0.19714953657607814,0.26289232322905265,0.00029207516774548757,0.010843944209294729,0.05478041967984382,0.06645844880919502,0.1806910009399173,0.006360277777777779,0.03141666666666667,0.11142361111111113,0.227720695970696,0.34902976190476237,0.0,0.04049180047364125,0.10196932915707203,0.3462469208545558,0.9168180176156188,0.023153564,0.06608384,0.096635856,0.13396572,0.38891038
2016-11-15 17:00:00,0.6436666666666666,0.0,0.33038586635073336,0.2324934285714286,0.24175363826612417,0.0005892467951819019,0.018421074357561153,0.08462150380289513,0.0894664505670219,0.23876905440413054,0.005619166666666666,0.046889520202020196,0.15194722222222223,0.25718541666666667,0.4217481481481487,0.0,0.032016620755737954,0.09483708979841214,0.3041112703898852,0.8511471516742898,0.034764245,0.07816592,0.09936992,0.14088525,0.40449667
2016-11-15 18:00:00,0.7023333333333334,0.004333333333333333,0.3375732810687777,0.25635407958553796,0.2913248344543636,0.0009765713896900876,0.026712312900915962,0.11186015007836378,0.12324498146038732,0.2879446701765682,0.011178095238095239,0.06399242424242424,0.1828611111111111,0.31669375000000005,0.5095380952380952,0.0,0.033552955211818294,0.13531035230822694,0.3462469208545558,0.9465171251348259,0.05449649,0.087756224,0.10146544,0.15861176,0.41555268
2016-11-15 19:00:00,0.8006666666666666,0.021666666666666667,0.35375777089057664,0.28892267658730175,0.29311807990817407,0.00120125480659915,0.03185436001268137,0.14188333320455035,0.18976121099158044,0.3940573576638444,0.014552500000000005,0.050824404761904765,0.15778124999999998,0.32834943181818177,0.5778208333333341,0.0,0.042717445712212074,0.14341425652336173,0.3622724832825304,0.9569909026846616,0.06545533,0.09302539,0.11676959,0.16862291,0.45988014
2016-11-15 20:00:00,0.6891666666666666,0.33766666666666667,0.3935620931167707,0.20944734281305125,0.3326549922027419,0.0019399543502385504,0.04924616489276412,0.21370302350757958,0.34456709154457504,0.5505520386219177,0.013475000000000008,0.03939180871212122,0.11055208333333333,0.24751826923076922,0.4804666666666669,0.0,0.05989142049342781,0.21273546632583606,0.46941021653331777,0.9569909026846616,0.09603088,0.11616076,0.12484002,0.21549217,0.5223961
2016-11-15 21:00:00,0.9685,0.45716666666666667,0.40460834581513766,0.19960548629148625,0.3496051198977597,0.002234419790236152,0.055523606062247946,0.2355787087211878,0.37057020331723795,0.5571180204970763,0.011133333333333334,0.03668598484848485,0.09937820512820514,0.27577916666666663,0.5134890476190477,0.0,0.05989142049342781,0.24371640251041807,0.5055412332613979,0.980439444022961,0.09323378,0.105865814,0.13445526,0.23128502,0.53724945
2016-11-15 22:00:00,1.1338333333333332,0.3001666666666667,0.403163812185184,0.24200090145502648,0.3496051198977597,0.002212560679708101,0.05271898236077062,0.23814149892463504,0.3939368306085763,0.6249516828629831,0.009653333333333335,0.03230555555555555,0.09433888888888889,0.24282302188552188,0.634442261904762,0.0,0.05989142049342781,0.24371640251041807,0.5055412332613979,0.980439444022961,0.09750601,0.1044015,0.16050689,0.23086227,0.57298994
2016-11-15 23:00:00,0.7986666666666666,0.29,0.40945316410997856,0.18446097132034628,0.3496051198977597,0.0022060058780530374,0.0523851772258261,0.23657796159802713,0.3752580207129117,0.5440459227351868,0.010925414781297136,0.03479583333333333,0.09046527777777777,0.20788194444444444,0.6218336309523813,0.0,0.04924570813956641,0.24371640251041807,0.5055412332613979,0.9645332924622263,0.083985016,0.08481873,0.1715974,0.25016388,0.59506315
2016-11-16 00:00:00,0.6091666666666666,0.41183333333333333,0.41932330438040244,0.24508698785473793,0.35618828876080505,0.001971569525161792,0.05104328628070082,0.24893233026754819,0.42321871803162353,0.6711522101889318,0.007831481481481484,0.035296717171717173,0.09915384615384618,0.30726742424242426,0.7471203869047621,0.0,0.04924570813956641,0.24371640251041807,0.5115383590455232,0.9441541213388921,0.07652698,0.07909492,0.2238906,0.2766457,0.6645795
2016-11-16 01:00:00,0.694,0.317,0.41549382753380837,0.18330023631152806,0.345699854881961,0.0016952365648270793,0.043806005045445184,0.21958187954878564,0.34368379837293317,0.5086662122152326,0.00620654761904762,0.03278645833333334,0.08682659313725491,0.26421992481203005,0.5496443722943727,0.0,0.051007708952609,0.24371640251041807,0.5055412332613979,0.9160495700265815,0.058883484,0.07008144,0.23117678,0.28110555,0.6517856
2016-11-16 02:00:00,0.5613333333333334,0.2755,0.41073787802206413,0.16803571470658982,0.345699854881961,0.0014417212913431618,0.03845121216586955,0.2011533437737417,0.2984704733566392,0.41769471669160607,0.004751111111111112,0.025489583333333333,0.06602777777777777,0.24178598484848485,0.5365790043290046,0.0,0.051007708952609,0.24371640251041807,0.5055412332613979,0.9160495700265815,0.042621147,0.057826318,0.21706742,0.27393076,0.63591605
2016-11-16 03:00:00,0.5316666666666666,0.4903333333333333,0.4138338238979036,0.1812292416025332,0.345699854881961,0.0014148939426792424,0.040023113317402784,0.20550227170193303,0.28281607924944574,0.33746062324601966,0.0021825396825396826,0.017296875,0.06381666666666667,0.21464285714285714,0.4924354761904763,0.0,0.051007708952609,0.24371640251041807,0.5055412332613979,0.9160495700265815,0.019044466,0.033102065,0.20198186,0.30247813,0.6605491
2016-11-16 04:00:00,0.6285,0.7121666666666666,0.4194336335367244,0.15725059764309765,0.3287497271869432,0.0015822773548705862,0.043819039776434816,0.20786461392529537,0.2923980817400819,0.3099312279186708,0.000813257575757576,0.013625000000000002,0.05585648148148148,0.20778952991452992,0.38406923076923083,0.0,0.051007708952609,0.21273546632583606,0.47507682479543756,0.8926010286882823,0.011005183,0.026630001,0.19681685,0.3501418,0.6882221
2016-11-16 05:00:00,0.7698333333333334,0.8281666666666666,0.428264888336614,0.17476284830447333,0.34027940156522024,0.001764929523736946,0.04789343438794803,0.21489800533697972,0.3346965724821207,0.3379487949970721,0.0005064144736842108,0.017460714285714288,0.07785119047619048,0.2179295343137255,0.4245927083333334,0.0,0.045834786524495005,0.20256287296756736,0.4941731972286997,0.95765531754098,0.0288375,0.03030063,0.18527594,0.42598155,0.7463918
2016-11-16 06:00:00,0.438,0.5668333333333334,0.4169348706775842,0.16547456192881188,0.33848615611140975,0.001508078793405378,0.0372941651644631,0.16404903365746046,0.2756144794276668,0.2810987245275046,0.0003520833333333334,0.015370580808080809,0.05507142857142857,0.2088184523809524,0.48510619047619086,0.0,0.045834786524495005,0.19445896875243257,0.4781476348007252,0.95765531754098,0.035069816,0.052593496,0.14532544,0.3805565,0.6564568
2016-11-16 07:00:00,0.7331666666666666,0.5943333333333334,0.4042956165863176,0.15927808838383842,0.3323515364838065,0.0010283427155804194,0.027615605634460576,0.14031627962879012,0.2074474122014519,0.21602133843725752,0.0003398550724637682,0.011602272727272725,0.04595634920634921,0.24432980769230767,0.4997712698412699,0.0,0.044298452068414665,0.1895860537355185,0.4781476348007252,0.9420673675394449,0.044721458,0.06956323,0.1500313,0.3679593,0.6267937
2016-11-16 08:00:00,0.6516666666666666,0.5375,0.40406410440650664,0.14244610822510834,0.3180301905906376,0.0009385277316600764,0.02734889861580039,0.13382607780332648,0.20148508986295866,0.22678350489677418,0.00035280797101449284,0.011958333333333333,0.04506709956709956,0.2022611111111111,0.38767492877492926,0.0,0.043609141285924184,0.1575241686170777,0.4781476348007252,0.8979391150564069,0.03230389,0.068638496,0.12189007,0.3708624,0.6024565
2016-11-16 09:00:00,1.16,0.3696666666666667,0.38953665285287165,0.128704700487013,0.30920718447656403,0.0006969038826734752,0.019480169354542692,0.09236256424434894,0.153228897419739,0.17182344149125622,0.0003398550724637682,0.011197089947089948,0.04503882575757576,0.21414828431372548,0.39363375000000006,0.0,0.02466387978666016,0.14421685566860962,0.4809844786923292,0.9618049939835057,0.026183756,0.07056875,0.10608145,0.3131998,0.5090781
2016-11-16 10:00:00,1.5528333333333333,0.3195,0.3724445159870161,0.10469030167748922,0.28814002526090465,0.0003434186513707753,0.008587858722638002,0.05741322343559008,0.09349857878573731,0.1010954928395591,0.00019568627450980403,0.006067708333333333,0.02864861111111111,0.1681956845238095,0.36551785714285717,0.0,0.024389493591410127,0.14421685566860962,0.4685679908025536,0.8967507051308073,0.03975913,0.094278194,0.11778953,0.23716782,0.4154372
2016-11-16 11:00:00,1.4948333333333332,0.2723333333333333,0.36844825466565456,0.11185142612634283,0.28814002526090465,0.00028681967807277957,0.005351858438816318,0.039967497616781394,0.07186979179123454,0.08671923757034872,0.0004653079710144931,0.00959375,0.036682692307692305,0.16140104166666666,0.3495348484848486,0.0,0.024389493591410127,0.14421685566860962,0.4685679908025536,0.8967507051308073,0.033023234,0.105391726,0.11672977,0.22931091,0.40943006
2016-11-16 12:00:00,0.9565,0.10716666666666669,0.37283213269456916,0.14702945313251556,0.28830029331087637,0.00014178074114571271,0.0018635767434812406,0.040845965425547415,0.10421510420516161,0.15415859541585997,0.0009715277777777779,0.011991898148148147,0.0453701388888889,0.1853861111111111,0.4268250000000002,0.0,0.024389493591410127,0.14421685566860962,0.4685679908025536,0.9060631032723967,0.024080822,0.118044496,0.11984136,0.25702462,0.4598915
2016-11-16 13:00:00,0.9623333333333334,0.0,0.3824795095293127,0.23470212610229269,0.21156185740550817,0.00018448193281289963,0.004027667519083032,0.060748911227145624,0.17360708128873653,0.2717240432660254,0.0,0.016663194444444446,0.12460185185185188,0.42156363636363636,0.706145,0.0,0.01174648951570518,0.09263407353678363,0.3773051346294607,0.8967132336034263,0.01510877,0.11874918,0.11890954,0.28098917,0.51268744
2016-11-16 14:00:00,0.7541666666666667,0.0,0.3894135261642099,0.2905974226190476,0.24925234689383272,0.00044394433081671554,0.0101889213180935,0.08752736474365663,0.24357914479129572,0.40435913300324,0.0005810924369747903,0.02555654761904762,0.1958324915824916,0.5111608974358974,0.749960641025641,0.0,0.01174648951570518,0.09263407353678363,0.41266121630326025,0.9532751075011785,0.015920652,0.1198545,0.1220592,0.29275084,0.5605072
2016-11-16 15:00:00,0.7828333333333334,0.0,0.3906082327733711,0.2978047916666665,0.24925234689383272,0.0005558070177202552,0.013062028613877015,0.09561490264267172,0.24173696394744282,0.4103655027031706,0.0014520146520146519,0.03591314935064935,0.2255625,0.5192633928571428,0.7503554761904763,0.0,0.012020875710955215,0.09263407353678363,0.41266121630326025,0.9532751075011785,0.0140361395,0.11623913,0.12954162,0.27439752,0.5762981
2016-11-16 16:00:00,1.5398333333333332,0.15666666666666665,0.3930903595270432,0.1670294230599647,0.31637919055584973,0.0007697687422583002,0.018871407920542607,0.10655547076002751,0.21243901389945308,0.3476395658424395,0.0007875457875457881,0.013926091269841269,0.05311580086580085,0.1910381016042781,0.4994119047619047,0.0,0.043609141285924184,0.1575241686170777,0.48023172484879895,0.9924014086231614,0.019835677,0.118611224,0.13496284,0.24855915,0.56431365
2016-11-16 17:00:00,1.8578333333333332,0.6436666666666666,0.40611017037181535,0.17508494420394405,0.33742764399255015,0.001525738093718595,0.035650621689431866,0.13969906974205104,0.22613451108626503,0.322870447622559,0.005509166666666667,0.027944444444444442,0.09005324074074073,0.21312179487179486,0.4347823593073595,0.0,0.04253645125537208,0.1895860537355185,0.4742345990646736,1.0420362016637337,0.024922824,0.11723605,0.14412552,0.28546518,0.63140166
2016-11-16 18:00:00,2.1378333333333335,0.7023333333333334,0.4192224945661654,0.20989195699054022,0.35007344841533816,0.0014844716195326325,0.03731398303330154,0.14571240387013581,0.23055084009726023,0.2990036048342778,0.008618571428571432,0.0312724358974359,0.10585000000000001,0.25184334935897434,0.43757373737373806,0.0,0.04407278571145242,0.19445896875243257,0.4742345990646736,1.0576241516652691,0.0,0.09990523,0.13720894,0.3168194,0.6603757
2016-11-16 19:00:00,2.442,0.8006666666666666,0.42005961130601005,0.20653526477072312,0.34552016465788093,0.0011792218587151242,0.03510797582621141,0.1558545869235725,0.23235211483112667,0.3448214188099471,0.004943968253968257,0.029552777777777775,0.09362710437710439,0.26062847222222224,0.42615185185185184,0.0,0.04407278571145242,0.20256287296756736,0.4902601614926482,1.049692239694413,0.0,0.077094965,0.14483894,0.3127068,0.67525625
2016-11-16 20:00:00,2.9726666666666666,0.6891666666666666,0.42344729599540476,0.23596738139329793,0.35505764949526325,0.0009626785244579001,0.03656809819383633,0.1727907192899656,0.2682023838159198,0.3920080371752266,0.003862962962962964,0.0293287037037037,0.11353282828282829,0.2654270833333333,0.414658181818182,0.0,0.04924570813956641,0.21273546632583606,0.5026766493824233,1.049692239694413,0.0,0.043911517,0.14993021,0.35938025,0.7130543
2016-11-16 21:00:00,2.9925,0.9685,0.437980742459452,0.2738355934744268,0.37605950662264326,0.0014372221329471873,0.048220570479549286,0.21019529874767948,0.30646307078500423,0.396469818309401,0.010523310023310025,0.03713141025641026,0.12051730769230769,0.2786686507936508,0.5282195833333333,0.0,0.04924570813956641,0.24371640251041807,0.5561463388248915,1.0731407810327125,0.0,0.034440525,0.15969005,0.43251476,0.80664617
2016-11-16 22:00:00,2.6296666666666666,1.1338333333333332,0.4527050200525247,0.26485616953262797,0.37605950662264326,0.001784124638112132,0.05500787883613658,0.23874709351539858,0.3500279255356717,0.4483790991471881,0.01002323717948718,0.041030952380952376,0.12269523809523811,0.34041190476190475,0.5297651515151516,0.0,0.04924570813956641,0.24371640251041807,0.5561463388248915,1.0731407810327125,0.0,0.042370055,0.16167091,0.44939104,0.83674026
2016-11-16 23:00:00,2.7883333333333336,0.7986666666666666,0.440696007920155,0.27054423086018936,0.37605950662264326,0.0013011558511271401,0.044462402826603936,0.2135176169347019,0.3259604038731957,0.46420611912840704,0.01585384615384616,0.04872395833333333,0.11917222222222222,0.3333833333333333,0.5347679487179489,0.0,0.04924570813956641,0.24371640251041807,0.5561463388248915,1.0572346294719777,0.0,0.017011438,0.16777198,0.39221266,0.78063613
2016-11-17 00:00:00,2.6451666666666664,0.6091666666666666,0.4361669026934326,0.26044655092592595,0.3722190688699653,0.0010964441392006614,0.03277644333220544,0.1864243726442752,0.3011548668894131,0.44939225351283896,0.00023041958041958042,0.029465034965034963,0.13435416666666666,0.31862083333333335,0.5232103174603174,0.0,0.04599000207175054,0.24371640251041807,0.5561463388248915,1.008750907036333,0.0,0.0,0.20109214,0.50729054,0.9310869
2016-11-17 01:00:00,1.6768333333333332,0.694,0.436669260318554,0.24050336574074072,0.3721542416068445,0.0009203097558457177,0.029214505732247133,0.1849918411152372,0.2641939133284365,0.37347564403248124,0.0,0.018117216117216117,0.11838888888888888,0.3094472853535354,0.5175555555555559,0.0,0.04599000207175054,0.24371640251041807,0.5561463388248915,1.008750907036333,0.0,0.0,0.19658093,0.47061965,0.87270856
2016-11-17 02:00:00,1.4728333333333332,0.5613333333333334,0.42986258411905454,0.23719944753086428,0.3721542416068445,0.0006233198045338586,0.02122973318829766,0.14020907337058092,0.20289007426953576,0.27163849699738096,0.0,0.012225,0.11105833333333334,0.3059577922077922,0.5061573593073594,0.0,0.04599000207175054,0.24371640251041807,0.5561463388248915,1.008750907036333,0.0,0.0,0.19613862,0.6018852,1.0306946
2016-11-17 03:00:00,1.8506666666666667,0.5316666666666666,0.42845720568079393,0.26293183840388,0.37850077081811223,0.0005607623627362029,0.020317171480014485,0.12814827375090646,0.20726709713186042,0.24257690942544752,0.0009416666666666671,0.03966666666666667,0.14023958333333333,0.3077320075757576,0.4925737980769231,0.0,0.04599000207175054,0.24371640251041807,0.5504797305627718,1.0738051958890307,0.0,0.0,0.18692228,0.6952049,1.1507491
2016-11-17 04:00:00,1.9275,0.6285,0.4299098801170309,0.28255549188311674,0.3603682205141657,0.0006466049893095003,0.02132982153864331,0.13342707404712195,0.22128649843473147,0.22261815080616204,0.012160098039215689,0.07616666666666666,0.18306666666666668,0.312280303030303,0.44862370370370386,0.0,0.04599000207175054,0.21273546632583606,0.5026766493824233,1.0503566545507312,0.0,0.0,0.16803356,0.67853624,1.1122181
2016-11-17 05:00:00,1.8773333333333333,0.7698333333333334,0.42410004684626035,0.2673850957190954,0.3574989136907322,0.0006176220936511692,0.020216698194807148,0.12639810909937263,0.1537050017511925,0.19327118593763837,0.012115336134453784,0.07806944444444444,0.1756583333333333,0.30018576388888885,0.4195166666666667,0.0,0.040817079643636546,0.20256287296756736,0.5026766493824233,1.0503566545507312,0.0,0.0,0.14387263,0.6641929,1.0739696
2016-11-17 06:00:00,2.3988333333333336,0.438,0.39949770536925505,0.1893993900312651,0.349359139025654,0.0,0.0,0.03776773003346556,0.072226026388573,0.07527698213873563,0.00021883116883116902,0.019376984126984128,0.10247916666666668,0.22026562500000002,0.35303703703703726,0.0,0.040817079643636546,0.19445896875243257,0.4809844786923292,0.9853023656980333,0.0,0.0,0.12523478,0.47202954,0.8335395
2016-11-17 07:00:00,2.7338333333333336,0.7331666666666666,0.41036274795884226,0.21069953288840787,0.3321820843593314,0.0,0.0,0.0031794523987288617,0.08300935113730967,0.08384196825152224,0.00010208333333333337,0.018309027777777778,0.10921062271062273,0.23335851648351652,0.36373148148148154,0.0,0.039280745187556206,0.1895860537355185,0.4866510869544489,0.9697144156964981,0.0,0.0,0.111556076,0.51758575,0.84612244
2016-11-17 08:00:00,2.9965,0.6516666666666666,0.40099840060314756,0.19821054413179406,0.3195573588256969,0.0,0.0,0.0,0.060501654898743706,0.06346866785248181,0.0001455357142857143,0.019376984126984128,0.10585714285714287,0.21609970238095239,0.3783718750000004,0.0,0.038591434405065725,0.16054487851720114,0.4866510869544489,0.9618049939835057,0.0,0.0,0.10227671,0.50231177,0.81542283
2016-11-17 09:00:00,2.9963333333333333,1.16,0.4113211335216226,0.2654137202380952,0.36882327867724896,0.0,1.765411234915578e-05,0.006786381802033413,0.06371222554404121,0.07479173779891868,0.00021285714285714292,0.016375356125356125,0.12204914529914529,0.3267210648148148,0.5739820512820516,0.0,0.030291885259663105,0.19528874667723076,0.5307312680308939,0.9386948947658438,0.0,0.019529363,0.06911576,0.5746078,0.9056551
2016-11-17 10:00:00,3.0268333333333333,1.5528333333333333,0.423079840376167,0.24129938558201056,0.4117584018311008,0.0005044692602346888,0.017259908952819265,0.02508123644273752,0.10563298828964572,0.10946702733617758,0.00016428571428571433,0.01416923076923077,0.13652678571428573,0.3538645833333333,0.6470041666666667,0.0,0.030017499064413075,0.22298113016184443,0.5394728989940696,0.9674851310614128,0.0,0.034926843,0.09207979,0.6626151,1.0322455
2016-11-17 11:00:00,2.9061666666666666,1.4948333333333332,0.4197094847633872,0.2142921865079365,0.4117584018311008,0.00034856576037006347,0.013859612144305249,0.05781578379725971,0.09629230209730247,0.10393590408179304,7.373737373737376e-05,0.011806439393939395,0.12538078703703703,0.3267210648148148,0.5785465277777783,0.0,0.039041625273348625,0.22298113016184443,0.556062841155269,0.9733287444593575,0.0,0.028207745,0.09880176,0.64063734,1.0286953
2016-11-17 12:00:00,3.0086666666666666,0.9565,0.39717658239764264,0.17351805158730157,0.28598744062406667,0.0,0.0,0.04775370660461664,0.0525895611904699,0.10322163884756175,2.5000000000000052e-05,0.008712121212121213,0.07195833333333333,0.21037499999999998,0.3936362121212122,0.0,0.039041625273348625,0.14723756556873308,0.4854409767421635,0.9119067166703414,0.0,0.021093108,0.106528714,0.49788642,0.8651793
2016-11-17 13:00:00,3.0395,0.9623333333333334,0.3988599528110297,0.18178287566137555,0.28598744062406667,0.0,0.0,0.07786700371463548,0.1078929123788091,0.27307878076390024,0.0006333333333333336,0.01428125,0.08510277777777778,0.21820833333333334,0.427919047619048,0.0,0.039041625273348625,0.14723756556873308,0.4742345990646736,0.9706213583799272,0.0011401584,0.012705379,0.16279879,0.531751,0.9392402
2016-11-17 14:00:00,2.574,0.7541666666666667,0.39076177670365286,0.170223324074074,0.28598744062406667,0.0,0.0,0.05660715718504589,0.0658956205209551,0.24964052047519092,0.0006942857142857144,0.01538095238095238,0.07345555555555557,0.23024464285714286,0.4387838095238097,0.0,0.039041625273348625,0.14723756556873308,0.4742345990646736,0.986527509940662,0.012036963,0.015104885,0.1635271,0.48173743,0.8795449
2016-11-17 15:00:00,1.8793333333333333,0.7828333333333334,0.39265702993727747,0.18701152513227504,0.28598744062406667,0.0,0.0,0.06235306674038604,0.0747578086850722,0.2800183065437539,0.0006333333333333336,0.01570138888888889,0.07767929292929293,0.23481309523809527,0.4464666666666667,0.0,0.03931601146859866,0.14723756556873308,0.4742345990646736,0.986527509940662,0.01946215,0.019799946,0.17544298,0.46814966,0.8792673
2016-11-17 16:00:00,2.663,1.5398333333333332,0.42593866619236137,0.2748574239417991,0.4295739605103226,0.0004052422714181025,0.019533780379103218,0.1317331318604012,0.17096065240387426,0.3192704910261923,0.0035541666666666686,0.038711742424242426,0.17511979166666666,0.41915277777777776,0.6662600000000004,0.0,0.05826127296786267,0.2362884431103125,0.5394728989940696,1.0572619358712676,0.010224366,0.015582769,0.19049402,0.5985832,1.0832895
2016-11-17 17:00:00,2.1573333333333333,1.8578333333333332,0.4448000204175704,0.3403785751763669,0.4485452152552248,0.0018498465282424479,0.04390726043324132,0.19072928238777698,0.3053177807041623,0.469733678058164,0.00473910984848485,0.0435545634920635,0.21143421052631584,0.4120166666666667,0.7371344444444449,0.0,0.05895058375035315,0.2653296183286297,0.545470024778195,1.122399841101872,0.0,0.05603667,0.2678327,0.7765092,1.3067111
2016-11-17 18:00:00,2.5621666666666667,2.1378333333333335,0.470492047299122,0.3354393403880072,0.4679396818215062,0.0026246755658778514,0.06080354065338312,0.2401729108786697,0.3786560924878737,0.5237099256333012,0.0069027777777777785,0.06468055555555556,0.21681439393939395,0.41041666666666665,0.8347785714285715,0.0,0.06048691820643349,0.2702025333455437,0.556062841155269,1.1262702790229633,0.0,0.07504342,0.28972584,0.8681144,1.4489274
2016-11-17 19:00:00,3.0005,2.442,0.4917838992975204,0.37206458002645487,0.4697329272753167,0.0035541449396653125,0.07878578311728561,0.2828149078376987,0.4551912172732029,0.6015768274347675,0.009022222222222225,0.08446369047619047,0.22965593434343434,0.4444145833333334,0.8616602564102566,0.0,0.06224891901947607,0.2783064375606785,0.5720884035832435,1.1262702790229633,0.0,0.093347654,0.30478406,0.9422419,1.5483737
2016-11-17 20:00:00,2.7108333333333334,2.9726666666666666,0.5279245453375799,0.3643335041887125,0.4697329272753167,0.004602379997731883,0.1027570537144421,0.3638177195624732,0.5981710799059105,0.7754897260287354,0.05340669642857143,0.12954305555555556,0.2640972222222222,0.45471969696969694,0.8926822916666669,0.0,0.06742184144759006,0.2884790309189472,0.5720884035832435,1.1262702790229633,0.0,0.09745811,0.39065495,1.1910474,1.9517219
2016-11-17 21:00:00,2.8775,2.9925,0.5489014291997649,0.3737391164021163,0.4993951519575403,0.005293274143922205,0.11467631938600717,0.3936692547688632,0.693266761609092,0.871190562343349,0.06889999999999999,0.1373235294117647,0.25266266025641027,0.4083340773809524,0.8770386363636367,0.0,0.06742184144759006,0.31945996710352914,0.6445054097146256,1.2255165008695312,0.0,0.12705302,0.39418635,1.2494879,2.0108116
2016-11-17 22:00:00,2.5146666666666664,2.6296666666666666,0.5369207804338301,0.37910426322751306,0.5161014704238991,0.0046503112292635256,0.10134967204624704,0.3718893090048356,0.6502607199450445,0.8583054066825727,0.05737708333333334,0.14237436868686867,0.26550694444444445,0.45270833333333327,0.8864583333333333,0.0,0.06742184144759006,0.31945996710352914,0.6089681508645123,1.1354873991408594,0.0,0.110702895,0.3682984,1.1712718,1.9606563
2016-11-17 23:00:00,2.7225,2.7883333333333336,0.5439654038300946,0.37954657142857157,0.5161014704238991,0.004779939856444924,0.10133139606622865,0.37022981874655747,0.6336304151773258,0.856408104291131,0.07125222222222223,0.1373235294117647,0.2539775132275132,0.44364898989898993,0.8768951178451181,0.0,0.06742184144759006,0.31945996710352914,0.627806527480129,1.2255165008695312,0.0,0.08462626,0.3858045,1.1837976,2.005902
2016-11-18 00:00:00,2.9488333333333334,2.6451666666666664,0.551872068331366,0.366819496031746,0.4174133009228025,0.005153722163154035,0.09547690505051085,0.3637269120103538,0.6554183607490539,0.878165141722447,0.033549999999999996,0.10934583333333332,0.2163229166666667,0.4344909722222222,0.8713348484848487,0.0,0.06742184144759006,0.31945996710352914,0.627806527480129,1.2182490037549933,0.0,0.093642905,0.39256546,1.199988,2.0383947
2016-11-18 01:00:00,3.0338333333333334,1.6768333333333332,0.5106802753909744,0.37334570021645014,0.4173484736596817,0.0033986277128901323,0.056318439103363954,0.26163664724826163,0.4967156215278674,0.7517672911771618,0.058985416666666665,0.11748333333333333,0.20673450854700853,0.4070121527777778,0.8881416666666668,0.0,0.06742184144759006,0.31945996710352914,0.627806527480129,1.2182490037549933,0.0,0.03380275,0.3285586,0.9182044,1.685991
2016-11-18 02:00:00,2.9213333333333336,1.4728333333333332,0.5000560133279116,0.3211201248196249,0.4173484736596817,0.002717063199008376,0.04084490728120767,0.21992291356271715,0.42432654014733695,0.6640975482602347,0.02502351190476191,0.08792447916666667,0.18423106060606062,0.3776157407407407,0.8647756410256412,0.0,0.06742184144759006,0.31945996710352914,0.627806527480129,1.2182490037549933,0.0,0.011496405,0.31966072,0.86476254,1.6018795
2016-11-18 03:00:00,2.952,1.8506666666666667,0.5152981934548057,0.32233275992063476,0.4202177804831152,0.0031604138702740958,0.04971209758103745,0.24343071157400709,0.4811004129045902,0.6945154939553887,0.02502351190476191,0.08171560846560846,0.18186439393939396,0.41531481481481475,0.7689625000000002,0.0,0.06742184144759006,0.31945996710352914,0.627806527480129,1.2182490037549933,0.0,0.029822338,0.3369876,1.0432744,1.8427683
2016-11-18 04:00:00,2.2655,1.9275,0.5119285138071173,0.3750738326719577,0.3992159233557352,0.003185337360606084,0.04982921379010302,0.24298721988004224,0.5212562203505018,0.7717280301037666,0.04645454545454546,0.11207916666666667,0.22066071428571427,0.4922208333333333,1.0009129464285718,0.0,0.06742184144759006,0.2884790309189472,0.5969239059829856,1.2229050137290047,0.0,0.03396367,0.34102973,1.119654,1.9548223
2016-11-18 05:00:00,3.0268333333333333,1.8773333333333333,0.5092303502125087,0.38594297288359786,0.3992159233557352,0.002946487272577557,0.04298058154930208,0.2106189859367802,0.48356037297770643,0.6782425139100432,0.07461250000000001,0.12324122807017543,0.22036309523809525,0.46021875,0.9449378571428577,0.0,0.06224891901947607,0.2783064375606785,0.5969239059829856,1.2229050137290047,0.0,0.049010657,0.32092452,1.1522477,1.9596828
2016-11-18 06:00:00,3.0318333333333336,2.3988333333333336,0.5128246029580698,0.286306712121212,0.3610791493703256,0.0027290048565855977,0.037203831508025434,0.17824566724793578,0.34564630921464645,0.43650603573617897,0.004639285714285715,0.07829398148148148,0.17897619047619048,0.3742094907407407,0.6512398989898996,0.0,0.06224891901947607,0.2702025333455437,0.5749012177708858,1.194800462416694,0.0,0.06866503,0.33020738,1.2636783,2.0957727
2016-11-18 07:00:00,2.791,2.7338333333333336,0.5208683404423897,0.34602065542328053,0.34390209470400296,0.002909360629903839,0.04162240105016726,0.18445312555832685,0.3581863743918456,0.41032212328074713,0.058985416666666665,0.11542757936507936,0.19857323232323232,0.40417013888888886,0.8647756410256412,0.0,0.06071258456339573,0.2653296183286297,0.5749012177708858,1.1792125124151585,0.0,0.09059352,0.3398891,1.4223757,2.3041892
2016-11-18 08:00:00,2.8698333333333337,2.9965,0.5245748208513968,0.35245081397306405,0.32493083995910077,0.0029152320120162797,0.03911330155882213,0.16254846150459262,0.3144961260171726,0.345829329974065,0.04810714285714287,0.11542757936507936,0.2060486111111111,0.4212824074074074,0.8647756410256412,0.0,0.06002327378090525,0.2362884431103125,0.5749012177708858,1.1062488018494678,0.0,0.10299094,0.3654291,1.5048398,2.414899
2016-11-18 09:00:00,3.0036666666666667,2.9963333333333333,0.5193067183075732,0.3588842228835979,0.2853643982081506,0.002862725228587857,0.03546842600278243,0.133976525731979,0.26376319061060693,0.2768850611181187,0.0481436507936508,0.12414718782249741,0.2060486111111111,0.40111458333333333,0.7689625000000002,0.0,0.04107801228164124,0.22298113016184443,0.5749012177708858,1.1062488018494678,0.0,0.11877288,0.3546519,1.5450693,2.4486358
2016-11-18 10:00:00,3.0308333333333333,3.0268333333333333,0.5235048611838304,0.3790052619047621,0.2824950913847171,0.002953417056768041,0.03725067715651676,0.13250630409183248,0.25964800593554893,0.29074660428958793,0.06020208333333335,0.13457093253968253,0.20911111111111114,0.40111458333333333,0.7835877777777788,0.0,0.04080362608639121,0.22298113016184443,0.5749012177708858,1.1062488018494678,0.0,0.14006351,0.36194205,1.6329726,2.5626707
2016-11-18 11:00:00,1.846,2.9061666666666666,0.5139216157904045,0.36022132473544993,0.3362768071912213,0.002585417967854305,0.02910118406324045,0.10423581377172257,0.23907203754019768,0.24158017296969347,0.08683048433048433,0.1486008547008547,0.2298756613756614,0.43359947916666663,0.7017104166666668,0.0,0.045446902944659064,0.25872770166986014,0.6006867202618401,1.185222709694016,0.0,0.13360257,0.35839403,1.5870223,2.5200403
2016-11-18 12:00:00,0.0,3.0086666666666666,0.5239053313014901,0.3675334925044093,0.36995931702668755,0.0023477631315265528,0.02367376875098257,0.09933944186738156,0.22876236034646097,0.30953748534477976,0.08280757575757575,0.15192948717948718,0.24591666666666667,0.45368560606060604,0.7638783333333335,0.0,0.05263655165686745,0.25872770166986014,0.6006867202618401,1.1945351078356052,0.0,0.12894228,0.37989002,1.6002665,2.598634
2016-11-18 13:00:00,0.0,3.0395,0.5451921995158855,0.4376395182980599,0.36995931702668755,0.0027470228174890157,0.031245866170603927,0.11872423760964405,0.3180858195933749,0.4696838519379629,0.03943851851851852,0.15097222222222223,0.2883854166666667,0.5485424242424243,0.8986041666666672,0.0,0.05263655165686745,0.25872770166986014,0.6006867202618401,1.1501645177260909,0.0,0.15296762,0.40503845,1.6646992,2.658723
2016-11-18 14:00:00,0.0,2.574,0.5010585582209315,0.4376311845238095,0.36995931702668755,0.0017195020361754044,0.007715954441880057,0.03127783487664415,0.1498151959034329,0.4036822123132232,0.03943851851851852,0.16097546296296295,0.3366380952380953,0.5879654761904761,0.9249316666666667,0.0,0.05263655165686745,0.25872770166986014,0.6006867202618401,1.1501645177260909,0.0,0.13219619,0.3604517,1.4229692,2.3536515
2016-11-18 15:00:00,0.0,1.8793333333333333,0.4944303737458224,0.40902771891534395,0.36995931702668755,0.0,0.0,0.0008520896545308091,0.14112277511183824,0.4716717038844732,0.05599761904761906,0.16097546296296295,0.3037805555555556,0.5407110805860804,0.8591525252525255,0.0,0.052910937852117486,0.25872770166986014,0.6006867202618401,1.1501645177260909,0.0,0.12216219,0.32129171,1.2727044,2.1533234
2016-11-18 16:00:00,0.0,2.663,0.5149894147024362,0.3640072700617282,0.37590807620529226,0.002352786292707856,0.021356888901352837,0.06496617628032345,0.21054981515599763,0.43587034248795387,0.0680604797979798,0.1475625,0.25437037037037036,0.497776388888889,0.8249500000000003,0.0,0.07185619935138145,0.2720350146183281,0.6006867202618401,1.1501645177260909,0.0,0.16023836,0.39117852,1.5106785,2.4718602
2016-11-18 17:00:00,1.4528333333333332,2.1573333333333333,0.5078715061475291,0.4261838145943561,0.4026457433613744,0.002337955515818182,0.020199216353472507,0.060101829660870354,0.22300207300025765,0.4445148403063651,0.08007370370370372,0.15418425324675325,0.25360648148148146,0.5741711309523809,0.8951358823529414,0.0,0.07254551013387192,0.30107618983664536,0.6158146117343869,1.271862514071251,0.0,0.13631229,0.3997282,1.37413,2.338436
2016-11-18 18:00:00,2.8138333333333336,2.5621666666666667,0.531732002082798,0.4700011415343912,0.419822798027697,0.003263961934075847,0.041720613330869544,0.1278920951221332,0.32740957260825115,0.5354169659007443,0.06887222222222224,0.15652178030303032,0.2899039351851852,0.5985866228070176,0.9449313888888898,0.0,0.07408184458995226,0.30594910485355936,0.6158146117343869,1.2874504640727864,0.0,0.16271712,0.45113936,1.5393248,2.558676
2016-11-18 19:00:00,2.6658333333333335,3.0005,0.5901608186666456,0.49805103505291026,0.4216160434815075,0.004877959650737096,0.07497077054268063,0.22972207061333674,0.5406683192877182,0.690864240262461,0.0674404761904762,0.1609451058201058,0.3028483796296296,0.6815677083333332,1.0753350000000002,0.0,0.07899376646828846,0.3140530090686941,0.6318401741623614,1.2874504640727864,0.0,0.22092533,0.51293373,1.7963339,2.8861809
2016-11-18 20:00:00,2.4588333333333336,2.7108333333333334,0.5722243513132649,0.5001677343474425,0.4216160434815075,0.00476571332371129,0.07167946304305625,0.22623737257551704,0.4976535279201772,0.6353996062296041,0.06136666666666668,0.15388154761904763,0.30053285256410256,0.7185327380952381,1.1595176136363645,0.0,0.08416668889640244,0.38005813614021106,0.6538818742516832,1.2933537812038154,0.0,0.20426391,0.5155172,1.7534056,2.8903763
2016-11-18 21:00:00,1.7488333333333332,2.8775,0.5790670830728902,0.5552003544973545,0.47174416079330644,0.005268891545022724,0.08400635876643975,0.26462961138294233,0.5364041606672743,0.6721375161954167,0.06894545454545456,0.168036858974359,0.43252777777777784,0.8201561771561772,1.2616530092592593,0.0,0.08416668889640244,0.42480549999979905,0.7037440594045195,1.383521385887471,0.0,0.20028593,0.5383223,1.7946286,2.9733787
2016-11-18 22:00:00,2.2063333333333337,2.5146666666666664,0.5767023217027946,0.7043727394179895,0.495378749379635,0.004957714152461672,0.07602206024379096,0.25090621918097383,0.5321331556755707,0.7210245110661486,0.12027962962962963,0.24174305555555556,0.5936041666666667,1.0203260416666668,1.420937728937729,0.0,0.08416668889640244,0.42480549999979905,0.7932724293382024,1.4550823434366198,0.0,0.15988064,0.5141205,1.65509,2.7953284
2016-11-18 23:00:00,1.785,2.7225,0.5731006045508851,0.6390945105820106,0.6742538948834461,0.005274918165317935,0.08026227056841123,0.2747651510744577,0.535861243504701,0.7380672390771644,0.1156575,0.21869062500000003,0.4810277777777778,0.8380798368298368,1.3343306547619052,0.0,0.08416668889640244,0.4110390723247931,0.8397268263035963,1.3772056452479442,0.0,0.15454215,0.53300583,1.7236884,2.9490542
2016-11-19 00:00:00,2.1725,2.9488333333333334,0.5864576459009417,0.6554779413580247,0.7062052654641893,0.006232935994218253,0.09215450257439967,0.3268523687436557,0.6240336098875701,0.8220675287045117,0.10262976190476192,0.20098642676767675,0.46161388888888893,0.9390781250000001,1.5168904761904765,0.0,0.08742239496421833,0.4110390723247931,0.8619813373954486,1.5006148841051465,0.0,0.18306932,0.54538584,1.7863795,3.0357225
2016-11-19 01:00:00,1.413,3.0338333333333334,0.5919371638156892,0.6359180582010583,0.706737689666722,0.006063163430208563,0.08558198830030352,0.3209074127500692,0.6188965553598379,0.9202069990893993,0.10262976190476192,0.20960984848484848,0.46241540404040404,0.9176565476190477,1.3820611111111112,0.0,0.08742239496421833,0.4110390723247931,0.8998284332597921,1.5499722152544217,0.0,0.15988919,0.5662009,1.7434851,3.0100582
2016-11-19 02:00:00,1.2015,2.9213333333333336,0.572562144984671,0.5900801668871252,0.706737689666722,0.005261453269639034,0.06717528058194895,0.2697961831504167,0.4952406942752705,0.8003679150008639,0.09508303571428572,0.22264962121212117,0.42153125,0.8120999999999999,1.2986733333333331,0.0,0.08742239496421833,0.4110390723247931,0.8998284332597921,1.5499722152544217,0.0,0.13630058,0.54824173,1.6929921,2.949751
2016-11-19 03:00:00,1.3085,2.952,0.5654243650612465,0.5440757998236333,0.7051693072718239,0.00510419910020652,0.06238761291276324,0.24684562002993926,0.44149155816065705,0.6772882389800707,0.09568214285714284,0.22518939393939386,0.4065479166666667,0.8120999999999999,1.297393732193732,0.0,0.08742239496421833,0.4110390723247931,0.8619813373954486,1.5499722152544217,0.0,0.13648355,0.5395813,1.7373594,2.9882023
2016-11-19 04:00:00,1.6863333333333332,2.2655,0.5457282005016757,0.6424263302469141,0.6841674501444439,0.004137992006918697,0.038230121329675015,0.17422983966008843,0.3698114021247012,0.6041846513050142,0.1013335978835979,0.25643154761904763,0.5067135416666666,0.9441458333333335,1.3527916666666668,0.0,0.08566039415117575,0.38005813614021106,0.8085116479529804,1.512649105055306,0.0,0.115987964,0.48632807,1.6207826,2.7890515
2016-11-19 05:00:00,1.9895,3.0268333333333333,0.5831088409830829,0.6984514660894668,0.6841674501444439,0.005070893534790563,0.05795906847069071,0.20962770461703908,0.3931016503571707,0.466499099127484,0.11823184523809525,0.2975863095238095,0.5706601731601731,1.0509322916666666,1.4167870370370368,0.0,0.08048747172306177,0.36988554278194236,0.8085116479529804,1.484544553742995,0.0,0.16891736,0.52479345,1.842243,3.018542
2016-11-19 06:00:00,1.0318333333333332,3.0318333333333336,0.5537936548063565,0.6465864543650796,0.6823742046906334,0.004699870913533239,0.048607211802495554,0.17066011834061082,0.29113649155006505,0.33817250325769976,0.11439910714285718,0.2500115740740741,0.420885582010582,0.8678124999999999,1.2876613553113556,0.0,0.08048747172306177,0.3617816385668076,0.7924860855250059,1.484544553742995,0.0,0.15564051,0.5284134,1.8705181,3.0574183
2016-11-19 07:00:00,1.2613333333333332,2.791,0.5512602465921164,0.8783195906084668,0.665197150024311,0.004594468523311312,0.04622278317808541,0.15914994188261267,0.3255246079620757,0.3651068331768048,0.14420568181818183,0.3673072916666667,0.7221472222222223,1.1803770833333334,1.5051982142857145,0.0,0.07895113726698143,0.3569087235498936,0.7924860855250059,1.4689566037414596,0.0,0.18239559,0.52422696,1.9319919,3.0931451
2016-11-19 08:00:00,1.5916666666666668,2.8698333333333337,0.5432533465869245,0.8730755615079372,0.646225895279409,0.004715284632337181,0.047907999430303806,0.15648139317740262,0.32447693399460426,0.3628135040262339,0.1558266233766234,0.3552916666666667,0.7117416666666667,1.123815277777778,1.4202255681818192,0.0,0.07826182648449095,0.32786754833157633,0.7924860855250059,1.4077104052562133,0.0,0.19382067,0.53576344,1.987338,3.158468
2016-11-19 09:00:00,2.376,3.0036666666666667,0.5610736677501416,0.9769434662698417,0.6666521708904729,0.005304574501650633,0.06087618670917381,0.18034256759795453,0.4087019622158744,0.42635895025172754,0.20845625,0.49922202797202797,0.8458594276094277,1.2090799242424242,1.519264583333334,0.0,0.059316564985226965,0.3283266630581142,0.8820144554586888,1.4700700450478446,0.0,0.24037725,0.5548608,2.10577,3.2585375
2016-11-19 10:00:00,1.5058333333333334,3.0308333333333333,0.591676914462622,1.0409595667989424,0.7608113958372912,0.005940848736401001,0.07584441281735964,0.2280364725252884,0.5772415076909505,0.6282095514419814,0.3115869047619048,0.5640173611111111,0.9695856060606061,1.321717803030303,1.6288263888888892,0.0,0.05904217878997693,0.3283266630581142,0.9539241261566433,1.502928816205516,0.0,0.26992038,0.58225703,2.2239385,3.3930342
2016-11-19 11:00:00,1.6788333333333332,1.846,0.5958055616917202,1.0227560205026465,0.7608113958372912,0.00496142293372614,0.05447153814475767,0.1933680456059689,0.6739227707195632,0.8583179035828791,0.32252987012987017,0.5640173611111111,0.9299202380952382,1.2693333333333334,1.5916333333333332,0.0,0.060804179603019516,0.3283266630581142,0.9539241261566433,1.502928816205516,0.0,0.2053306,0.55283684,1.9919547,3.0987916
2016-11-19 12:00:00,1.0925,0.0,0.4998208886160355,1.1516148099647274,0.8806599643417272,0.0,0.0017769656791006168,0.053769453918794285,0.48516641644564207,0.9326108334176743,0.2398558201058201,0.5727288961038961,1.0695857142857144,1.3443578869047619,1.7199227272727273,0.0,0.04816117552731456,0.23026109791840926,1.060735214767403,1.5237265443940655,0.0,0.10349911,0.45620343,1.625975,2.6669426
2016-11-19 13:00:00,1.1463333333333332,0.0,0.48435911454740643,1.0705392782186955,0.8985517928371279,0.0016590703756853638,0.003640601590938007,0.09351542921338607,0.5378091645726144,1.0889920967775988,0.24813617424242426,0.46602662037037035,0.9791890756302521,1.353775641025641,1.7199227272727273,0.0,0.04816117552731456,0.24402752559341517,1.060735214767403,1.6129434724482807,0.0,0.093217,0.49323788,1.6406301,2.7289038
2016-11-19 14:00:00,0.9435,0.0,0.48954294424267014,1.0013428253968264,0.8779195181383871,0.002361993258113084,0.012241486881812216,0.10438605791075814,0.5619279099165339,1.141257742880723,0.22251000000000004,0.47998477564102565,0.9672564814814815,1.3917916666666665,1.7802346153846156,0.0,0.04816117552731456,0.23026109791840926,1.060735214767403,1.603093967280538,0.0,0.0970057,0.4527085,1.5085148,2.5376627
2016-11-19 15:00:00,0.8035,0.0,0.4991175685140782,0.908270802910053,0.8779195181383871,0.0021392158131280513,0.016107901707775235,0.14036563264463553,0.6033466465784117,1.2636336684323464,0.1473559523809524,0.4029375,0.8549302083333332,1.3593660714285714,1.8105660714285712,0.0,0.04843556172256459,0.23026109791840926,1.060735214767403,1.603093967280538,0.0,0.081466384,0.44001043,1.421552,2.426326
2016-11-19 16:00:00,1.2346666666666668,0.0,0.5457971735334756,0.8912644285714286,0.9470603125316162,0.003990720990297712,0.05330821524256302,0.22427550916232195,0.8620861944804227,1.4202536969432293,0.20530791666666667,0.4343055555555556,0.8750520833333333,1.3583828125,1.7718627039627042,0.0,0.0673808232218286,0.24762690496545764,1.1502635847010856,1.7469903061800798,0.0,0.109634906,0.5141619,1.6316099,2.6880155
2016-11-19 17:00:00,1.5071666666666668,1.4528333333333332,0.5894518034191414,0.8932897519841273,0.8130677065968785,0.006603813049235841,0.10847676602516325,0.364907690328657,1.0304973215542934,1.5895600733516209,0.27188666666666667,0.4631791666666667,0.8567226190476189,1.2829708333333336,1.7553334615384624,0.0,0.080713138080024,0.3706751512248996,0.9705140683178428,1.7404373812987153,0.0,0.12102308,0.55321443,1.7205404,2.830045
2016-11-19 18:00:00,2.4938333333333333,2.8138333333333336,0.6385912316945028,0.9852680998677249,0.8332647859124725,0.009167837595162468,0.16494333309227505,0.5135431007724125,1.235419973910776,1.7231523466021752,0.3531966666666666,0.5965647435897435,0.9797124542124542,1.4882559523809522,1.8643318181818183,0.0,0.08224947253610435,0.3755480662418136,0.9705140683178428,1.7653455161541305,0.0,0.18909955,0.6663346,2.1148982,3.3704107
2016-11-19 19:00:00,1.3711666666666666,2.6658333333333335,0.6399290455781835,0.9809983710317465,0.8320380067170114,0.008740948028337381,0.1668568579245162,0.5362928741735314,1.2515582354520014,1.7070308480047371,0.3410677777777778,0.5918108974358973,0.9833682983682984,1.4961994047619047,1.8931934523809535,0.0,0.08224947253610435,0.3836519704569483,0.9806447305627317,1.7653455161541305,0.0,0.18814738,0.7150637,2.1966252,3.4973512
2016-11-19 20:00:00,1.0843333333333331,2.4588333333333336,0.6591322666319017,1.076986717592593,0.8198717305332921,0.009197974934211017,0.17242617009515765,0.5358740529533403,1.270713685218527,1.660752370626883,0.373753125,0.6743398268398269,1.0851885521885523,1.5205788461538465,1.8643318181818183,0.0,0.08742239496421833,0.393824563815217,0.9382040314483101,1.742880859240793,0.0,0.18778108,0.73284847,2.1834116,3.4049459
2016-11-19 21:00:00,1.3883333333333332,1.7488333333333332,0.6400392317978748,1.0724157043650804,0.8646484998787233,0.008903973785774628,0.16061661422815593,0.5049773158458238,1.270051677274866,1.7228852614342962,0.3623913888888889,0.6490856481481481,1.0930850168350168,1.5272977272727273,1.8718946969696972,0.0,0.08742239496421833,0.42480549999979905,1.02591331246549,1.7951097981319568,0.0,0.17710327,0.7178704,2.094865,3.2742624
2016-11-19 22:00:00,0.637,2.2063333333333337,0.6471034563704812,1.0566224808201063,0.8646484998787233,0.009327371048667897,0.16920545770968448,0.5411739839802763,1.2636130977198712,1.728958706761183,0.36990104166666665,0.6360994047619049,1.0930850168350168,1.5205788461538465,1.874351190476191,0.0,0.08742239496421833,0.42480549999979905,1.02591331246549,1.7951097981319568,0.0,0.15956752,0.68760204,2.0047867,3.1871839
2016-11-19 23:00:00,1.2123333333333333,1.785,0.6396410989979548,1.0679124437830696,0.8630801174838252,0.009283571671830018,0.16510862021669634,0.5211480058237512,1.242696122581319,1.6611418495615813,0.348235,0.6217083333333334,1.0979259259259257,1.5301709595959596,1.8774476190476195,0.0,0.08742239496421833,0.42480549999979905,0.9880662166011464,1.7726451412186193,0.0,0.15856376,0.6779153,1.9836597,3.1261966
2016-11-20 00:00:00,1.1506666666666667,2.1725,0.6461846951908675,1.0288425866402118,0.8630801174838252,0.009987863036373178,0.1838809543029368,0.5753605090603925,1.2776985081786925,1.600761433786281,0.35123417508417504,0.5843049242424243,1.0784175925925927,1.556101388888889,1.991916550116551,0.0,0.08742239496421833,0.42480549999979905,1.1059619579308215,2.028999783112282,0.0,0.18793584,0.6914788,2.0763068,3.2504673
2016-11-20 01:00:00,1.36,1.413,0.5999130480386643,0.9599836492504407,0.8620441592914598,0.008285359864567314,0.14562325502170703,0.4892771863853038,1.092083167134372,1.4457079733965044,0.31501777777777773,0.5215315656565656,0.9693499999999999,1.4855416666666668,1.8727250000000002,0.0,0.08742239496421833,0.42480549999979905,1.1059619579308215,2.019679598258402,0.0,0.16036877,0.5715194,1.7946903,2.8999312
2016-11-20 02:00:00,1.325,1.2015,0.5767571720018123,0.9819084642857138,0.8878672630211544,0.008048449709722589,0.13657347376309037,0.46071715120156026,1.0233347910213568,1.3881613933973254,0.30271969696969697,0.5048323717948718,0.9556833333333332,1.4712734374999998,1.8274690476190476,0.0,0.08742239496421833,0.39711311651518544,1.097220326967646,2.019679598258402,0.0,0.14277464,0.5301828,1.6787856,2.7306037
2016-11-20 03:00:00,0.9638333333333333,1.3085,0.5902367239745367,1.0424612669753086,0.8636125416863579,0.008828279433250834,0.15088549596878026,0.4962517215448977,1.125524442402921,1.468014733991834,0.3216895454545454,0.5814375,1.0784175925925927,1.5797561188811189,2.032990922619048,0.0,0.08742239496421833,0.42480549999979905,1.1438090537951653,2.0538617672521835,0.0,0.1459941,0.5525196,1.7541355,2.809317
2016-11-20 04:00:00,0.9461666666666666,1.6863333333333332,0.5967046746896028,1.025827053571429,0.8188357723409267,0.008934041405164116,0.15468782264554753,0.5032810603416403,1.0785900075167059,1.3799831342029785,0.3216895454545454,0.5739958333333335,1.087446127946128,1.5649204545454545,1.991916550116551,0.0,0.08742239496421833,0.393824563815217,1.0560997727779855,1.9899153162805756,0.0,0.13118082,0.5237272,1.6747122,2.6362543
2016-11-20 05:00:00,1.46,1.9895,0.5937851642533326,1.0245780302429055,0.8188357723409267,0.009022887533073629,0.16102449545759145,0.5042490750377528,1.031810618098057,1.170728161407312,0.3209583333333334,0.5814375,1.0876174242424241,1.5637488636363637,2.0256160633484166,0.0,0.08224947253610435,0.3836519704569483,1.0560997727779855,1.9899153162805756,0.0,0.16619347,0.52578115,1.8614705,2.840209
2016-11-20 06:00:00,1.5276666666666667,1.0318333333333332,0.5724863261394777,0.9784799636243385,0.7909065944182754,0.00840431539661544,0.14167161396268807,0.4260499518352877,0.9885249908607368,1.1106614567888236,0.21856586538461542,0.48850000000000005,1.0784175925925927,1.5272977272727273,1.8614791666666668,0.0,0.08224947253610435,0.29980450164870237,1.0107972216947738,1.9977842849074112,0.0,0.117690355,0.53029454,1.7580875,2.671654
2016-11-20 07:00:00,1.3216666666666668,1.2613333333333332,0.5815601493119696,1.0299082678571434,0.8256885759504884,0.008674439809617117,0.14924757959481888,0.4394092025058218,0.9837495894202528,1.0269071642050522,0.30271969696969697,0.5612797619047619,1.0991759259259257,1.5594829545454545,2.0256160633484166,0.0,0.080713138080024,0.3706751512248996,1.0313325793868353,1.98364755113292,0.0,0.13292606,0.54948163,1.8488301,2.7422426
2016-11-20 08:00:00,1.5048333333333332,1.5916666666666668,0.5910983909902073,1.0239052996031748,0.7808942174758918,0.009607956184701016,0.16710580179402454,0.47227442448893764,1.075409326766373,1.114557070751035,0.26612962962962966,0.5630081845238096,1.0925454545454545,1.5637488636363637,2.029143837535014,0.0,0.08002382729753353,0.3416339760065823,1.040074210350011,1.894215025695174,0.0,0.15410382,0.55385166,1.916108,2.8023453
2016-11-20 09:00:00,2.2763333333333335,2.376,0.6045293989650112,1.007978632936508,0.7665426204118282,0.010631643318288827,0.18999161473156156,0.5245936490779481,1.1187269310318275,1.1277266744428425,0.20431273148148152,0.5403818681318682,1.0793703703703703,1.5594829545454545,2.029143837535014,0.0,0.06107856579826955,0.3283266630581142,1.040074210350011,1.9734076571927048,0.0,0.2078185,0.56959075,2.0764127,2.9847589
2016-11-20 10:00:00,0.4755,1.5058333333333334,0.5805704197600204,1.113309365079365,0.7665426204118282,0.00878427643741852,0.15879706073183736,0.4760216830260283,1.1077900062195467,1.2062903308470827,0.24917962962962967,0.5612797619047619,1.0767535714285714,1.518636574074074,1.9621545454545462,0.0,0.060804179603019516,0.3283266630581142,1.040074210350011,1.9734076571927048,0.0,0.15184839,0.585637,1.990475,2.9131258
2016-11-20 11:00:00,0.01966666666666667,1.6788333333333332,0.5730951647348596,1.125881445767196,0.806023785201569,0.006777572946485228,0.1361959669890205,0.47121814579764115,1.057295491864219,1.3402789054363393,0.314035,0.6221654761904762,1.1079257575757575,1.520824074074074,1.9621545454545462,0.0,0.05904217878997693,0.3283266630581142,1.040074210350011,1.9734076571927048,0.0,0.11554039,0.57503057,1.8367143,2.7171335
2016-11-20 12:00:00,0.0,1.0925,0.5573509329875675,1.1456407063492073,0.7595843538502149,0.005728323315535246,0.10446741803145132,0.38656011550746694,0.9533449018618008,1.445296501299138,0.31734,0.6077651515151516,1.0991759259259257,1.4809293154761904,2.0256160633484166,0.0,0.05904217878997693,0.2525830984650031,0.9983807338049985,1.98126883910725,0.0,0.08757395,0.54298365,1.5292197,2.338244
2016-11-20 13:00:00,0.0,1.1463333333333332,0.5580802342651896,1.2433450694444441,0.8210808748861327,0.006080310357164036,0.10495966479891992,0.3747647905400401,0.9569735894710376,1.4688176946277884,0.37536250000000004,0.6716638257575758,1.2241782407407409,1.6225097222222222,2.104256666666667,0.0,0.05904217878997693,0.2717974728383463,0.9983807338049985,1.991499758381191,0.0,0.11064019,0.5464405,1.5622934,2.40667
2016-11-20 14:00:00,0.02366666666666667,0.9435,0.5338398155423275,1.2451100469576715,0.7595843538502149,0.005582010141424504,0.09171789052483026,0.3319039138487785,0.8373766489416459,1.364178934823268,0.31734,0.6758779761904763,1.171241341991342,1.6150972222222222,2.0557783333333335,0.0,0.05904217878997693,0.2525830984650031,0.9983807338049985,1.9296307518831977,0.0,0.09827535,0.52965933,1.3867074,2.1733468
2016-11-20 15:00:00,1.5446666666666666,0.8035,0.5092440361474406,1.2052133214285714,0.7447125500040859,0.004694397086962685,0.07319840110689188,0.2973863101929856,0.7151969271414722,1.294513096728755,0.1910791666666667,0.623299715909091,1.198660101010101,1.7025194128787877,1.9667911111111114,0.0,0.059316564985226965,0.2525830984650031,0.9983807338049985,1.8330296044814038,0.0,0.10085397,0.49653938,1.281667,2.0622225
2016-11-20 16:00:00,3.0193333333333334,1.2346666666666668,0.5496888485078416,1.0742138392857143,0.8069959543203612,0.006072753247014704,0.10460746446290267,0.37721247686377607,0.8794564035144727,1.4218833727453477,0.20705625000000003,0.6155403439153438,1.1334520202020202,1.514039393939394,1.8579283333333336,0.0,0.07826182648449095,0.3139415925219687,1.0313325793868353,1.834480820708448,0.0,0.12602217,0.5705339,1.4190016,2.2511008
2016-11-20 17:00:00,3.0396666666666663,1.5071666666666668,0.5478399398804531,1.0360800315255736,0.8001441053355687,0.007383652654203765,0.12359070732665008,0.3930332693617624,0.8879239005620392,1.2769094177936122,0.20871041666666668,0.6241442099567099,1.1345529100529101,1.484761904761905,1.739944047619048,0.0,0.07895113726698143,0.3706751512248996,1.040074210350011,1.9043700287306635,0.0,0.16779597,0.56014645,1.4664443,2.293587
2016-11-20 18:00:00,3.0391666666666666,2.4938333333333333,0.6072429382277617,1.0156903921957674,0.817321160001891,0.010402979065090563,0.18298947534009988,0.5285663300998534,1.1476873996932118,1.3289705165744607,0.20871041666666668,0.5665617424242424,1.092733164983165,1.4703660714285713,1.7365461904761905,0.0,0.08048747172306177,0.3755480662418136,1.040074210350011,1.919957978732199,0.0,0.28037843,0.62685335,1.9365703,2.887338
2016-11-20 19:00:00,3.0406666666666666,1.3711666666666666,0.5815734353463201,0.991125078042328,0.8191144054557016,0.009245443430840473,0.15712091760083496,0.47476118889769187,1.125229055594295,1.4171435219939008,0.22200593434343435,0.6241442099567099,1.1079257575757575,1.49125,1.7392790476190476,0.0,0.08048747172306177,0.3836519704569483,1.0560997727779855,1.919957978732199,0.0,0.2226487,0.64368993,1.8083038,2.7559717
2016-11-20 20:00:00,3.0408333333333335,1.0843333333333331,0.5636500034615897,1.0295259290123457,0.7929784729868607,0.008746936543118151,0.146963540325673,0.4592326889807341,1.0566046240162774,1.38493431512184,0.18182619047619053,0.5346209077380952,1.102736111111111,1.5316477272727271,1.7973899999999998,0.0,0.08566039415117575,0.31808099922210575,1.0268227841227482,1.9185067625051548,0.0,0.19359314,0.61801475,1.6279808,2.5173538
2016-11-20 21:00:00,3.035,1.3883333333333332,0.5853422305870851,1.0381354239417988,0.8623227924062347,0.009451838331514573,0.16067898167023847,0.5027196919943883,1.1076281240912444,1.4491360761251155,0.22879708624708625,0.658272619047619,1.0967424242424242,1.486434935897436,1.7361645833333337,0.0,0.08566039415117575,0.42480549999979905,1.1059619579308215,1.9497222607100253,0.0,0.1885642,0.5917663,1.557894,2.4292674
2016-11-20 22:00:00,2.9985,0.637,0.5512589002679449,1.0851344503968248,0.8361868599373938,0.008601050940442128,0.14051574317601773,0.4572904284633511,1.041509176131528,1.417016439091581,0.22130166666666667,0.5665617424242424,1.1481705128205126,1.5389961484593837,1.818334523809524,0.0,0.08566039415117575,0.3490619354066878,1.0766849692755842,1.9482710444829812,0.0,0.16493931,0.5724037,1.4675438,2.2939227
2016-11-20 23:00:00,2.8961666666666663,1.2123333333333333,0.5773764144271687,1.0914365853174601,0.8881458961359292,0.00968257184646627,0.16299076681552294,0.5206470318977499,1.1224374896813634,1.4742551839196123,0.35154848484848494,0.6559722222222222,1.1399214285714283,1.51455,1.8049489583333336,0.0,0.08566039415117575,0.39711311651518544,1.097220326967646,1.9497222607100253,0.0,0.16442208,0.5692914,1.4781554,2.315755
2016-11-21 00:00:00,1.2016,1.1506666666666667,0.5841540065654216,1.0858389285714294,0.8848184396612834,0.009698848275190197,0.17294446223202978,0.5428919873782744,1.1748593671109115,1.4698594269501082,0.3537319444444445,0.6151365327380951,1.0545704365079365,1.4703660714285713,1.705291025641026,0.0,0.08566039415117575,0.3682763097800312,1.0749658158757938,1.7112160705353352,0.0,0.15590954,0.56427115,1.5351863,2.3925428
2016-11-21 01:00:00,0.125,1.36,0.5989041677675944,1.0693555767195766,0.8579593777392235,0.009655381669896735,0.17478771565080006,0.5695758061550458,1.2098028726618766,1.5529945324930465,0.36844823717948716,0.6559722222222222,1.049029761904762,1.477732142857143,1.7332687500000004,0.0,0.08566039415117575,0.42480549999979905,1.0837074468389691,1.7624804450242513,0.0,0.13701963,0.5534309,1.522723,2.388511
2016-11-21 02:00:00,0.3235,1.325,0.5895366394484247,1.0802272592592592,0.8579593777392235,0.009499825910101145,0.16761480091499656,0.5399231996209087,1.1330932546683674,1.439931169850354,0.3519395833333334,0.6446166666666666,1.0377812499999999,1.477732142857143,1.7510895833333335,0.0,0.08566039415117575,0.42480549999979905,1.0837074468389691,1.7624804450242513,0.0,0.12865746,0.5356829,1.4778082,2.3161929
2016-11-21 03:00:00,0.10583333333333332,0.9638333333333333,0.5667274623663353,1.0205410030864197,0.8185420523479056,0.008762429357307004,0.15181667870403842,0.48352638670822934,1.0138637584955146,1.2518707885976799,0.23549166666666668,0.4945848214285714,0.9738676470588237,1.4298630952380953,1.7023441287878789,0.0,0.08566039415117575,0.3490619354066878,1.054430458183732,1.6976179770346715,0.0,0.122443296,0.5091361,1.4221708,2.2054436
2016-11-21 04:00:00,0.035333333333333335,0.9461666666666666,0.5430112758780442,1.0009677037037035,0.7851676252786374,0.00820326069509047,0.13852656393098872,0.449655967560028,0.9141210998509826,1.1163359950919973,0.2054816666666667,0.48454166666666665,0.9607676767676767,1.4298630952380953,1.6894625,0.0,0.08566039415117575,0.31808099922210575,1.0045682730308958,1.6678536950568452,0.0,0.13471816,0.45651,1.3618958,2.0787594
2016-11-21 05:00:00,0.1625,1.46,0.5732757111577742,1.1016822301587306,0.9220995278446307,0.00959036021755711,0.16722576999469474,0.5078618440646719,1.054840645655249,1.1571592326048115,0.37004027777777776,0.6832569444444445,1.0969577020202022,1.4882756410256412,1.7273339285714289,0.0,0.08048747172306177,0.3836519704569483,1.0338452616861333,1.7191180695457613,0.0,0.15939799,0.48843697,1.6213404,2.4050183
2016-11-21 06:00:00,0.2565,1.5276666666666667,0.569524667258866,1.100815764550265,0.9203062823908201,0.00927018186856604,0.15960282026422506,0.49558305013862936,1.0433027926086778,1.2584570898689127,0.36920512820512824,0.6620536458333333,1.089742424242424,1.486434935897436,1.7361645833333337,0.0,0.08048747172306177,0.3755480662418136,1.0178196992581587,1.7191180695457613,0.0,0.14364243,0.48338142,1.5409822,2.3354344
2016-11-21 07:00:00,0.446,1.3216666666666668,0.5498838908458938,1.0774651234567905,0.9031292277244978,0.008700332456454705,0.1465674217353169,0.4545065852310508,0.9758411494185213,1.183762287748143,0.3537319444444445,0.6559722222222222,1.1079257575757575,1.485325,1.7320134920634922,0.0,0.07895113726698143,0.3706751512248996,1.0178196992581587,1.7035301195442258,0.0,0.13731973,0.46365318,1.4874203,2.2335455
2016-11-21 08:00:00,0.22516666666666663,1.5048333333333332,0.5512705254869248,1.090668217372134,0.8796267227360611,0.009018118848704583,0.15253309127412515,0.4488139796756282,0.9533113229529045,1.060648244277474,0.373753125,0.663114393939394,1.1050410353535354,1.479502976190476,1.7320134920634922,0.0,0.07826182648449095,0.3416339760065823,1.0178196992581587,1.61409759410648,0.0,0.15948996,0.45548323,1.5588435,2.293489
2016-11-21 09:00:00,0.3283333333333333,2.2763333333333335,0.5768864747627398,1.0944800383597884,0.8951730619367344,0.010803982463622783,0.1876286098120042,0.5229133699329045,1.0911974350107347,1.097571040811755,0.39734087301587295,0.663114393939394,1.0619520202020203,1.4174623842592593,1.6884375000000003,0.0,0.059316564985226965,0.3283266630581142,1.012436134774449,1.61409759410648,0.0,0.21355884,0.4761228,1.8123921,2.5959973
2016-11-21 10:00:00,0.2668333333333333,0.4755,0.5619189950182673,0.9560559563492061,0.7437397635715589,0.008027317670440261,0.13273880871652832,0.43223102021022997,1.1119632963618078,1.3656268216341045,0.11729469696969698,0.46486875,0.9187135416666667,1.3790650252525252,1.6608136904761908,0.0,0.05904217878997693,0.2525830984650031,0.9694444107860071,1.581817421914419,0.0,0.14515401,0.4915174,1.5541849,2.2874281
2016-11-21 11:00:00,0.14283333333333334,0.01966666666666667,0.5234296607446436,0.9537670544532622,0.8355549208227586,0.006410065530268388,0.10092598812339731,0.38668951259972295,1.0107911732641037,1.3951692988899738,0.23337499999999997,0.5241559523809525,0.9040746527777779,1.3801121031746033,1.659823611111111,0.0,0.05092684878148477,0.23146920856503556,1.2778187523649862,1.581817421914419,0.0,0.13177954,0.43089688,1.390888,2.0829716
2016-11-21 12:00:00,0.12533333333333332,0.0,0.5285359830897225,0.8815414433421513,0.9747805540666608,0.006112880036367577,0.09158981615722513,0.4062363697476259,0.9716666525209604,1.4401079110218116,0.07813,0.36225520833333336,0.7687857142857143,1.195431818181818,1.469871428571429,0.0,0.04816117552731456,0.23026109791840926,1.4344468159815258,1.526468578281133,0.0,0.22918606,0.28796548,1.215608,1.8972508
2016-11-21 13:00:00,0.051166666666666666,0.0,0.5569071848095067,0.8958056750440918,0.9880619469891379,0.007630230874454226,0.12073294961590561,0.47621630255967207,1.0923903797707946,1.5152774868254666,0.09956944444444446,0.3190583333333334,0.8169791666666666,1.2330796296296296,1.6498870098039216,0.0,0.04816117552731456,0.23026109791840926,1.4344468159815258,1.6073782464321476,0.0,0.29582158,0.3118769,1.2734898,1.9941597
2016-11-21 14:00:00,0.11216666666666669,0.02366666666666667,0.5384240840372083,0.9305475202821871,0.7778142478837546,0.007938485949495148,0.1284908278107212,0.48961605279701415,1.0417802348492606,1.5073811940323925,0.08454904761904763,0.3353922619047619,0.8726258012820514,1.2914,1.6917437500000003,0.0,0.057325666027708326,0.21770278089002965,1.174581619558309,1.5491991963997371,0.0,0.28619403,0.3066536,1.1877398,1.8863329
2016-11-21 15:00:00,0.21316666666666662,1.5446666666666666,0.5259531844044223,0.837659005872215,0.6849735257409205,0.009794432758620469,0.17110167734193743,0.5783018315415746,0.991979341574676,1.457764292120542,0.05120196078431373,0.20497544642857143,0.7064583333333332,1.2105898268398267,1.82821875,0.0,0.06107856579826955,0.3145602353831083,0.9379249657489891,1.5413302277729015,0.0,0.22955827,0.39088172,1.3031626,2.1394923
2016-11-21 16:00:00,0.215,3.0193333333333334,0.5597408093526909,0.8602783743386245,0.6663917252295745,0.01209560111880243,0.22402371484136857,0.7186388944601716,1.1491716085866437,1.5917129237361551,0.07376025641025641,0.26359722222222226,0.7664642857142857,1.2476500000000001,1.7745932870370371,0.0,0.08002382729753353,0.32786754833157633,0.9379249657489891,1.603199234270895,0.0,0.22285703,0.51280993,1.6913654,2.708993
2016-11-21 17:00:00,0.135,3.0396666666666663,0.6313931774368989,1.070273895061728,0.8206731714496076,0.014589678091729338,0.27388031739779356,0.836787689085557,1.5358492319823387,1.9733053832245533,0.29243121693121693,0.5843049242424243,1.0540652680652682,1.5143203463203463,2.0814083333333335,0.0,0.080713138080024,0.3706751512248996,1.0661552985556662,1.884188454997198,0.0,0.26921695,0.56449044,1.8591119,2.9076056
2016-11-21 18:00:00,0.0038333333333333336,3.0391666666666666,0.6904763188846936,1.0851982599206345,0.83785022611593,0.016931485863521376,0.32433245182098924,0.9530734989646125,1.8654697527752218,2.198389200337938,0.3410677777777778,0.6154277389277389,1.0561980519480518,1.5153988095238096,2.055452083333334,0.0,0.08224947253610435,0.3755480662418136,1.0661552985556662,1.8997764049987333,0.0,0.33011392,0.6555502,2.1779263,3.273373
2016-11-21 19:00:00,0.0645,3.0406666666666666,0.7194370635075319,0.9865428141534396,0.8320380067170114,0.017343639411655124,0.33085787728916816,0.9904840764429981,1.924248625099024,2.3625563392524,0.30043914141414146,0.5612797619047619,0.9800243589743589,1.5319908008658008,2.1000878205128206,0.0,0.08224947253610435,0.3836519704569483,1.076285960800555,1.8997764049987333,0.0031783662,0.29960358,0.67668396,2.0982623,3.2303298
2016-11-21 20:00:00,0.1215,3.0408333333333335,0.7020648953537333,1.030424634259259,0.8165442740586463,0.01703803134025554,0.3242678267737668,0.9610404867150466,1.7747280209423515,2.2008432633404285,0.3209583333333334,0.593719696969697,1.013111111111111,1.6671423611111114,2.094607142857143,0.0,0.08742239496421833,0.393824563815217,1.0338452616861333,1.8911863169462122,0.012394061,0.28850755,0.6676961,1.9905345,3.1046677
2016-11-21 21:00:00,0.4998333333333333,3.035,0.6758305137468119,0.9722671507936508,0.8597526610091794,0.016573478258858312,0.3146371159429237,0.9412768801931184,1.6615393323938137,2.111175027504217,0.262097619047619,0.5216111111111111,0.9053923611111111,1.3924560185185184,2.030491203703704,0.0,0.08742239496421833,0.42480549999979905,1.0837074468389691,1.9116304140701588,0.0,0.2887418,0.6396051,1.9251574,3.0555022
2016-11-21 22:00:00,0.6125,2.9985,0.665585660481668,1.064827187169312,0.8597526610091794,0.016250782686112204,0.3075136700443583,0.9209524576123597,1.6017767731425554,2.1290747310230227,0.35326106060606055,0.6260875,1.0701021825396824,1.7613333333333332,2.1283974025974026,0.0,0.08742239496421833,0.42480549999979905,1.0837074468389691,1.9209505989240385,0.0,0.21375683,0.66233784,1.8677152,3.0277803
2016-11-21 23:00:00,0.684,2.8961666666666663,0.6535052502440761,0.9691322791005289,0.8597526610091794,0.01587947718629321,0.29796469351114563,0.8981769383540915,1.5432056647180976,2.031700101620409,0.30232594696969695,0.5442107142857143,0.9210658508158509,1.4003628472222223,2.02892181372549,0.0,0.08742239496421833,0.42480549999979905,1.0837074468389691,1.9116304140701588,0.0,0.22722253,0.6237869,1.8629853,3.0100024
2016-11-22 00:00:00,0.409,1.2016,0.6055426554229694,1.0108815467772967,0.8855757647388739,0.01288405180068419,0.24481466049728015,0.752511611361412,1.3778931089331474,1.9693532111125478,0.34624277777777784,0.5702636904761905,0.9791214285714285,1.514039393939394,1.9905152680652687,0.0,0.08742239496421833,0.39711311651518544,1.0749658158757938,1.9116304140701588,0.0,0.1604282,0.5144697,1.5588356,2.5895925
2016-11-22 01:00:00,0.2065,0.125,0.5212383891146998,0.895568492063491,0.8325807703479732,0.010616869740109553,0.1971077762850484,0.6315693685309268,1.099424707931174,1.7771017159957596,0.2912428571428572,0.5158381944444443,0.924976851851852,1.3254595959595958,1.7894841666666665,0.0,0.07889985618642781,0.3433767473856745,1.054430458183732,1.9194993826969944,0.0,0.12980308,0.4920554,1.3400154,2.26465
2016-11-22 02:00:00,0.028666666666666667,0.3235,0.5324404636861964,0.8064554126984124,0.8228947535037534,0.011087151931375614,0.20457953865577924,0.6539080928928741,1.1302397123076018,1.7630180545397165,0.21856586538461542,0.44317135416666664,0.8121904761904761,1.2104886363636362,1.6563478021978024,0.0,0.08742239496421833,0.3490619354066878,1.0308563867832847,1.9194993826969944,0.0,0.14087032,0.4749247,1.3535018,2.2960806
2016-11-22 03:00:00,0.0,0.10583333333333332,0.5117985962687512,0.91124575440917,0.8228947535037534,0.010864130337043863,0.19656618291155353,0.6139818582325883,1.0503459136650586,1.695691153521616,0.26198125,0.5117782051282052,0.9602499999999998,1.3833125,1.8976063247863253,0.0,0.07889985618642781,0.3433767473856745,1.0308563867832847,1.9194993826969944,0.0,0.11697083,0.47402683,1.2933536,2.1848304
2016-11-22 04:00:00,0.0,0.035333333333333335,0.5097015215915607,0.9532550537918861,0.851669485487769,0.01126201241952602,0.2038859023402915,0.614708403684962,1.080996574159999,1.7144022498721978,0.2699161111111111,0.5168090277777777,0.9693027777777776,1.3900069444444443,1.9526533333333338,0.0,0.07542134261111662,0.2827984167837682,1.4688262399562904,1.889735100719168,0.0,0.11513473,0.47409013,1.3044227,2.1924417
2016-11-22 05:00:00,0.06783333333333333,0.1625,0.5280246682690742,0.9035444695767189,0.7893723833974401,0.012296140978595127,0.22305940782612205,0.6455179198389865,1.187220525498585,1.7234618320681063,0.26205277777777775,0.5117782051282052,0.9635305555555553,1.3727063492063492,1.7197165384615394,0.0,0.07372693375831382,0.30222321784282374,1.0045682730308958,1.889735100719168,0.0,0.14038633,0.4636303,1.4059426,2.3333611
2016-11-22 06:00:00,0.0645,0.2565,0.5038280644026132,0.835683502645502,0.7778931210994098,0.011588509968646812,0.2081221477203249,0.6187839416195707,1.0612684975238231,1.5818581538905074,0.15538888888888888,0.41586904761904764,0.844249074074074,1.2294941724941724,1.7095929487179489,0.0,0.08224947253610435,0.29980450164870237,0.9649686392024741,1.889735100719168,0.0,0.15001407,0.42345706,1.3539096,2.2773795
2016-11-22 07:00:00,0.0075,0.446,0.5178749918344926,0.8006933377425042,0.7607160664330874,0.012029571805731231,0.21735755144798746,0.6383619170181383,1.1175649738608244,1.6145338964590403,0.16391833333333336,0.41006477272727265,0.8287546296296295,1.2106011904761906,1.6031472222222225,0.0,0.080713138080024,0.29493158663178837,0.9649686392024741,1.8741471507176326,0.0,0.16594379,0.4100872,1.3842756,2.3052797
2016-11-22 08:00:00,0.0,0.22516666666666663,0.5038972029002219,0.8602895185185179,0.7514308285324052,0.012090412903823268,0.2179284218185109,0.6189542552122944,1.1020246334473658,1.5720259391280433,0.1870666666666667,0.4387013888888889,0.9203009259259259,1.2759470238095236,1.704767948717949,0.0,0.07531197264360884,0.26020522339245783,0.9885427106029214,1.7847146252798867,0.0,0.15491205,0.42826885,1.4109919,2.3445117
2016-11-22 09:00:00,0.0,0.3283333333333333,0.5344076905905046,0.874156500881834,0.7370792314683415,0.013616421215452602,0.2493343172044085,0.6831320371808083,1.3055843990414284,1.6711723639867,0.14311071428571429,0.4312261904761905,0.9517611111111112,1.3891416666666667,1.612017777777778,0.0,0.06107856579826955,0.2525830984650031,0.9885427106029214,1.7847146252798867,0.0,0.14051068,0.43451163,1.6057391,2.6251464
2016-11-22 10:00:00,0.0,0.2668333333333333,0.4985154999317053,0.8496005008818338,0.7252772592308453,0.010820521466555037,0.2078501274597187,0.6451166368900698,1.108951554858019,1.7343054869722976,0.16391833333333336,0.3985590277777778,0.8137196969696969,1.2783035714285713,1.7727258333333338,0.0,0.060804179603019516,0.2525830984650031,0.9885427106029214,1.7847146252798867,0.0,0.14535064,0.4363006,1.3627248,2.295238
2016-11-22 11:00:00,0.0,0.14283333333333334,0.4874457159731356,0.9233607336860659,0.7157397743934629,0.01035280808889465,0.20111039033524963,0.6269807622278332,1.0742904525961805,1.7656137004261736,0.1948791666666667,0.44042795138888885,0.9350435185185186,1.3938576388888888,2.0451000000000006,0.0,0.05228164082522896,0.24689791044398976,0.9761262227131462,1.7847146252798867,0.0,0.13294157,0.45767424,1.318795,2.2525554
2016-11-22 12:00:00,0.0,0.12533333333333332,0.46734118764984434,0.9665869889770715,0.7032062829161062,0.008205087416691867,0.17685693429406274,0.6157971176886289,0.9568032144319052,1.6978745488484344,0.22826818181818181,0.5216111111111111,0.9764652777777778,1.3938576388888888,2.0394944444444447,0.0,0.05228164082522896,0.24689791044398976,0.9525521513126989,1.794027023421476,0.0,0.10872361,0.47426632,1.3246274,2.2922385
2016-11-22 13:00:00,0.0,0.051166666666666666,0.4581137868119465,0.9963639611992939,0.8008914369171395,0.007140082543949353,0.16522247724306716,0.5965296933792736,0.9047604478670344,1.6681038047173993,0.31327958333333333,0.6064987373737374,1.0563455710955711,1.413309375,2.0394944444444447,0.0,0.04880312724991776,0.22578402054402222,1.416810118238093,1.804257942695417,0.0,0.08175575,0.49618396,1.3464819,2.3302412
2016-11-22 14:00:00,0.0006666666666666666,0.11216666666666669,0.46340302590700627,1.094577384479717,0.7014406090700493,0.007471553300757987,0.1655355410139593,0.5798533987330989,0.9147400994434594,1.6861262722557067,0.3364884920634921,0.6258102564102566,1.0830765993265994,1.4863327380952382,1.9669437500000002,0.0,0.05228164082522896,0.23313148276898385,0.8630237813790159,1.6525646526165298,0.0,0.113883026,0.5017163,1.3378589,2.3233507
2016-11-22 15:00:00,0.045,0.21316666666666662,0.4755385223720887,1.03549829717813,0.7364974588516952,0.009832866379540547,0.19314472185655068,0.5877993519754069,1.0314600606089044,1.651620531933287,0.33852638888888886,0.606249074074074,1.0488187500000001,1.4090821759259258,1.6729354166666672,0.0,0.06107856579826955,0.2388166707899972,0.8754402692687911,1.6525646526165298,0.0,0.16783245,0.4463097,1.4476166,2.4843042
2016-11-22 16:00:00,0.009333333333333334,0.215,0.48831260121747877,1.0337826097883593,0.7920958945515565,0.011759207833632507,0.2252892039332016,0.634212325254339,1.2020789834872492,1.7035600859624862,0.3987819444444445,0.661213888888889,1.0854166666666667,1.389829166666667,1.6143380952380957,0.0,0.07869529654978621,0.2658904114134712,0.9649686392024741,1.804257942695417,0.0,0.1624822,0.4409036,1.6335549,2.7386403
2016-11-22 17:00:00,0.0835,0.135,0.49272098756612415,1.0551182301587294,0.8207531661406783,0.011951734575084976,0.23533468406422792,0.6781185383014211,1.332656056769915,1.9364862342612463,0.3987819444444445,0.6838962962962963,1.115959090909091,1.4269305555555556,1.7189548717948726,0.0,0.07219059930223348,0.28924639861077506,0.9885427106029214,1.8741471507176326,0.0,0.16201334,0.4583511,1.6098084,2.668515
2016-11-22 18:00:00,0.2708333333333333,0.0038333333333333336,0.49791723588616427,1.1508236483686063,0.9002273228973295,0.012200504698531164,0.24756942398466703,0.7073332698110424,1.411018066320104,2.0160793637038714,0.46793461538461545,0.7663854166666666,1.1827420343137254,1.5426294871794872,1.8013434981684984,0.0,0.061083929682608874,0.2645219192103649,1.4528006775283158,1.8792613231693323,0.0,0.13774426,0.55184865,1.7287841,2.800847
2016-11-22 19:00:00,0.14216666666666666,0.0645,0.4840287353689671,1.0881537597001754,0.8852136369838189,0.010612586441097709,0.2250234695807726,0.7012940684743428,1.3395407202763487,2.015722614926389,0.45968333333333333,0.730276515151515,1.1253583333333332,1.4763180555555555,1.7813186904761904,0.0,0.07372693375831382,0.30222321784282374,1.0045682730308958,1.889735100719168,0.0,0.16436118,0.4844962,1.557569,2.5241792
2016-11-22 20:00:00,0.093,0.1215,0.48714834728696255,1.079253539682539,0.8300374494165914,0.010496663941926056,0.21962955666348355,0.6896281294227184,1.3139604892628163,1.9547686381149112,0.45968333333333333,0.7482579365079366,1.1352121212121213,1.4884586038961038,1.8174833333333336,0.0,0.07889985618642781,0.31239581120109244,0.9809942016304486,1.875797095803271,0.0,0.18438208,0.47520328,1.4693207,2.3626363
2016-11-22 21:00:00,0.043833333333333335,0.4998333333333333,0.5239008950474916,1.1052970604056431,0.8829318532113443,0.01126500126736857,0.23468145257185127,0.7300682002708665,1.4256244273257155,1.992693483659739,0.4129266233766234,0.7250049603174603,1.1025011904761906,1.4639591750841752,1.6550619047619048,0.0,0.08742239496421833,0.3490619354066878,1.054430458183732,1.9055613777810974,0.0,0.18788068,0.46956322,1.4756951,2.3263037
2016-11-22 22:00:00,0.0375,0.6125,0.503670885580664,1.0376213227513218,0.7802464977290454,0.010963959308455413,0.21962257242423716,0.6771663000685979,1.2408262731798474,1.7119577649737665,0.41336590909090903,0.6641392857142857,0.9708898148148148,1.2798125,1.6023020833333337,0.0,0.08742239496421833,0.3352955077316818,0.9283455789780344,1.6692145256926345,0.0,0.19651376,0.4009838,1.3057644,2.060051
2016-11-22 23:00:00,0.0575,0.684,0.5104376857591605,1.0081954689153434,0.8330073464997931,0.0109120117713593,0.21849458149194237,0.6758689169426388,1.212043721755184,1.5853011151763043,0.3733949404761905,0.6440138888888889,0.9907833333333333,1.3505347222222224,1.6744600000000003,0.0,0.08742239496421833,0.3490619354066878,1.0308563867832847,1.74709122388131,0.0,0.16402502,0.39777553,1.336687,2.1225927
2016-11-23 00:00:00,0.049666666666666665,0.409,0.49385647916192876,0.9447720257936506,0.8330073464997931,0.008781514913870966,0.17854293699120177,0.5963605211631,1.0189412315015256,1.5482873608592438,0.24878988095238097,0.5210104166666667,0.8907777777777779,1.230747329059829,1.5215282051282055,0.0,0.08566039415117575,0.3490619354066878,0.9129606454536092,1.4501836118245504,0.0,0.07449112,0.39941144,1.1015679,1.8546768
2016-11-23 01:00:00,0.11683333333333332,0.2065,0.4906476047495957,0.9111420820105811,0.8321199203142652,0.008645389743087066,0.16690500970110278,0.5540721113870318,0.9692972020536771,1.5668199724335734,0.22472976190476188,0.49588136574074076,0.8945590277777777,1.2632060185185185,1.6300095238095238,0.0,0.08566039415117575,0.3490619354066878,0.9241182289642813,1.4501836118245504,0.0,0.05984376,0.45471627,0.98260844,1.7420571
2016-11-23 02:00:00,0.095,0.028666666666666667,0.4563233430548051,0.9397196746031746,0.8774615590304355,0.00788610321166225,0.15477538867958654,0.5180746221560346,0.857609654286512,1.459759767369386,0.2698716666666667,0.49146821581196576,0.8913863636363637,1.2522701923076924,1.640697916666667,0.0,0.07365934179807404,0.3137793529683502,1.3436922926086252,1.4501836118245504,0.0,0.017627437,0.44984457,0.98372996,1.7418514
2016-11-23 03:00:00,0.01616666666666667,0.0,0.42351716515706345,0.895658922839506,0.9667419445274172,0.007691720148741534,0.14472517451535594,0.46837715705565697,0.7222120326925723,1.3502684818906263,0.2044282738095238,0.47654375000000004,0.8500729166666667,1.24135,1.565579166666667,0.0,0.06625685211072287,0.23327840949960155,1.2640331488938794,1.3827857210662282,0.0,0.0,0.45953533,0.89329726,1.6373758
2016-11-23 04:00:00,0.0625,0.0,0.42383491043234417,0.8721667826278657,0.9311543804865214,0.007717960079222859,0.14251189367862346,0.4493012046312204,0.7030285998553576,1.30765022760038,0.13021939393939394,0.443139880952381,0.8538705357142857,1.2295426587301586,1.565579166666667,0.0,0.06625685211072287,0.19646441160127417,1.2201060795952945,1.353021439088402,0.0,0.0,0.46343777,0.8987321,1.627386
2016-11-23 05:00:00,0.014,0.06783333333333333,0.46451582516655376,0.9265505740740734,0.977982849037767,0.00824226493950758,0.15568674827979867,0.48813093840000354,0.8738789490882909,1.4294587353274486,0.19635499999999997,0.49146821581196576,0.958993686868687,1.2590197916666668,1.588666666666667,0.0,0.07372693375831382,0.30222321784282374,0.8893106152401553,1.4639413704261375,0.0,0.025661284,0.43038002,0.96253836,1.6774803
2016-11-23 06:00:00,0.077,0.0645,0.4569278297991781,0.926326976190476,1.0216797743069643,0.007876303482957947,0.15075034583212088,0.47718342269056013,0.8553121813281619,1.4046141263368903,0.22148958333333338,0.48334374999999996,0.9514027777777778,1.2576351449275363,1.5747291666666667,0.0,0.07372693375831382,0.29411931362768906,0.8732850528121808,1.4639413704261375,0.0,0.026740594,0.43888432,0.9922324,1.6858203
2016-11-23 07:00:00,0.13716666666666666,0.0075,0.4314637647737589,0.8748556269841269,1.0058591378351416,0.007138535308878084,0.13830140469179814,0.4289767278956369,0.7364520091040282,1.2557702115036362,0.20693809523809523,0.40163333333333334,0.8500729166666667,1.1977705026455026,1.4958748717948729,0.0,0.059547595226528534,0.2596490041934509,1.2804426285667498,1.448353420424602,0.0,0.013463792,0.39384338,0.9716942,1.6294787
2016-11-23 08:00:00,0.063,0.0,0.42738424625075616,0.8819748650793648,0.9359113234727776,0.007275174949273735,0.13814589174259018,0.41106134355705326,0.7363127133630089,1.2834964888355815,0.16531904761904764,0.39885069444444443,0.8790347222222223,1.254229236343367,1.5622501424501427,0.0,0.05885828444403805,0.18651447390330064,1.3060253749907782,1.366138653945296,0.0,0.029997556,0.40396053,0.9617179,1.6065292
2016-11-23 09:00:00,0.17566666666666667,0.0,0.427422751627448,0.9708630476791729,0.93512444019242,0.007745361095740845,0.15166479851339582,0.4173911155365997,0.805146602418565,1.372900868440533,0.20961666666666667,0.4001923611111111,0.9728463203463203,1.3117213203463203,1.589131944444445,0.0,0.039913022944774036,0.18291509453125818,1.3060253749907782,1.3556648763954602,0.0,0.02755099,0.3666848,1.0474403,1.6925199
2016-11-23 10:00:00,0.19583333333333336,0.0,0.3709928416617854,0.9298328435345515,0.9129627516067716,0.005758509710083418,0.11303717659529089,0.3420937741721145,0.564111089582193,1.2800551189962843,0.20551041666666667,0.40085069444444443,0.9472598484848485,1.2937016025641026,1.565579166666667,0.0,0.039638636749524,0.16914866685625227,1.2164970050570951,1.293305236603829,0.0,0.056443404,0.3380487,0.91494155,1.5052643
2016-11-23 11:00:00,0.12633333333333333,0.0,0.3539985528982491,0.9408262480759976,0.8927895475347759,0.005421192508184019,0.10529935330492396,0.3204221839284148,0.5085395065436992,1.301003251267074,0.09016874999999999,0.3670840773809524,0.9516159090909091,1.337281994047619,1.6703444444444446,0.0,0.039638636749524,0.15138861316460933,1.1889526256947731,1.225027633408829,0.0,0.07932115,0.3455674,0.88823646,1.458085
2016-11-23 12:00:00,0.07033333333333333,0.0,0.359532464960988,0.9888516097883588,0.8966948125505747,0.0049703001341212735,0.1027119022301366,0.35082420930386093,0.5888462722785116,1.5047109665961513,0.0978891203703704,0.45704166666666673,1.0052104166666667,1.3981041666666667,1.749488888888889,0.0,0.039638636749524,0.15138861316460933,1.1889526256947731,1.2343400315504183,0.0,0.12078815,0.3996998,0.9776265,1.5875268
2016-11-23 13:00:00,0.1345,0.0,0.37014096850642364,1.0346872142857138,0.8966948125505747,0.005144628229836355,0.10687753835905987,0.3686308366184743,0.6593253381754789,1.6450302780840944,0.09932329545454545,0.4553263888888889,1.0324583333333335,1.4871192307692307,1.8627495238095237,0.0,0.039638636749524,0.15138861316460933,1.1889526256947731,1.2518384479388973,0.0,0.14512734,0.40484113,1.0074401,1.6446656
2016-11-23 14:00:00,0.223,0.0006666666666666666,0.38604575706771027,1.0096027508818337,0.9401313891112107,0.005545512585187158,0.11711656893657126,0.4019895301771843,0.7477697136605056,1.760994867535211,0.08534494047619047,0.46540972222222227,1.0167534722222222,1.4025989583333334,1.773914814814815,0.0,0.039638636749524,0.18975784625989311,1.1633698792707448,1.2839299246129463,0.0,0.16224624,0.3994516,0.98524725,1.615706
2016-11-23 15:00:00,0.2748333333333333,0.045,0.44471634746080185,0.9665110992063494,0.9934963379936614,0.007773814488664186,0.16278166525030432,0.48594499181047457,1.0307191443601469,1.9634735038610094,0.18802613636363644,0.48098842592592594,0.9927333333333334,1.3643875661375662,1.688523148148148,0.0,0.049077513445167795,0.22128432762654196,1.3040166999671972,1.4072996704850396,0.0,0.14060731,0.39416033,1.070288,1.7400618
2016-11-23 16:00:00,0.16016666666666665,0.009333333333333334,0.48745669377460377,0.9902151898749401,0.994283221274019,0.009661999275396483,0.20026703983074737,0.5401635621835141,1.2624295074282674,2.1670216604291355,0.2056277777777778,0.47241132478632475,1.004276388888889,1.3917916666666665,1.688523148148148,0.0,0.05885828444403805,0.23118089605921002,1.3040166999671972,1.4072996704850396,0.019704795,0.09805058,0.4377243,1.2263929,1.9722207
2016-11-23 17:00:00,0.3476666666666667,0.0835,0.5110574740028104,1.0387662467532464,0.9615534573113363,0.010043087340843469,0.2090449673700474,0.5764749811444214,1.3656205404272386,2.3160086120255663,0.21525505952380955,0.5154479166666667,1.0353761904761904,1.4611951121794873,1.7526250000000005,0.0,0.07219059930223348,0.28924639861077506,0.8608685649224056,1.448353420424602,0.02244937,0.104260966,0.4829746,1.2871449,2.0551615
2016-11-23 18:00:00,0.5113333333333333,0.2708333333333333,0.5375988076019784,1.0554018737373734,0.9676880769389394,0.01102839215238189,0.22290127089999426,0.6040756004871676,1.4303663119029406,2.3523960540864897,0.22406190476190474,0.4954066506410256,1.0427108262108262,1.4888958333333333,1.8679100000000002,0.0,0.08224947253610435,0.29980450164870237,0.8608685649224056,1.4639413704261375,0.028168488,0.120666385,0.5212281,1.3478408,2.133153
2016-11-23 19:00:00,0.29483333333333334,0.14216666666666666,0.532010469718156,1.0823502784992776,0.96948132239275,0.010549974810276974,0.21935856985288976,0.6153802245287211,1.4377894199314936,2.4255735557149576,0.23443111111111112,0.5162291666666667,1.071188888888889,1.5260321428571428,1.9081766666666669,0.0,0.07372693375831382,0.30222321784282374,0.8768941273503801,1.4639413704261375,0.028351791,0.09345063,0.5406988,1.3617249,2.176686
2016-11-23 20:00:00,0.424,0.093,0.5336659527793342,1.059258102573352,0.96948132239275,0.01082012156489749,0.2251844852592865,0.6253948353259443,1.4663023797333363,2.476450370800513,0.24442809523809528,0.5217490530303031,1.0372935185185184,1.4905916666666665,1.773914814814815,0.0,0.07889985618642781,0.31239581120109244,0.8768941273503801,1.4639413704261375,0.020761484,0.07937959,0.53039247,1.3436826,2.1488783
2016-11-23 21:00:00,0.268,0.043833333333333335,0.531156215759127,1.0119764683140933,1.0636656354713112,0.010527526869622472,0.22451914221230493,0.628908721428992,1.4394129235068023,2.3947994033466387,0.2776424242424242,0.5026837797619048,0.9791890756302521,1.3827986111111112,1.6496453525641026,0.0,0.07542134261111662,0.3137793529683502,1.3691557169948185,1.4937056524039638,0.014985324,0.07761412,0.5179466,1.3823755,2.2138274
2016-11-23 22:00:00,0.051333333333333335,0.0375,0.5295035752879524,1.0002550324675321,1.0636656354713112,0.010497410484057222,0.22400764111035806,0.628637844411126,1.419524325263226,2.344227706423581,0.27457380952380955,0.4949882478632478,0.958993686868687,1.3734201388888891,1.6512824786324787,0.0,0.07542134261111662,0.3060778799683502,1.3691557169948185,1.4937056524039638,0.015473503,0.082275465,0.48591143,1.3622923,2.201251
2016-11-23 23:00:00,0.09216666666666669,0.0575,0.5327117096965461,1.0121586415945163,1.0636656354713112,0.010421782784149292,0.22170799752189546,0.6264349338246251,1.4247791551666464,2.3418639331044084,0.2698716666666667,0.5327654428904429,0.9784666053921569,1.3734201388888891,1.6514787749287752,0.0,0.07542134261111662,0.2821859763941727,1.3691557169948185,1.4937056524039638,0.0067237807,0.0712529,0.48054022,1.3679626,2.1971505
2016-11-24 00:00:00,0.2638333333333333,0.049666666666666665,0.48129292276344926,0.9979202896825397,1.0501391808744134,0.0085013289091359,0.17425387144305413,0.5273335569939687,1.0930984152227805,2.0484065294459897,0.3327736111111111,0.5559047619047619,0.9267685185185186,1.3131401515151513,1.640697916666667,0.0,0.07216563654330073,0.2821859763941727,1.3455816455943712,1.4937056524039638,0.0,0.052285437,0.39366984,1.1398898,1.8846021
2016-11-24 01:00:00,0.5793333333333334,0.11683333333333332,0.4592852058348566,0.7369790747354492,0.9317870055750866,0.00751596635210588,0.15190333357037955,0.4955456562561762,0.9414111241602842,1.9049796263794376,0.15152559523809522,0.3311559210526316,0.5949375,1.1546116898148149,1.419943750000001,0.0,0.07388214930556934,0.3296103197106685,0.8118918492362049,1.292123030827279,0.0,0.039216198,0.3572063,1.0151578,1.7533087
2016-11-24 02:00:00,0.1015,0.095,0.46134924299733454,0.7579005793650788,0.9345194368689748,0.00781451425818713,0.15045016060784866,0.47423901730103796,0.9202245607031307,1.8437988567681982,0.19327227272727274,0.3647075892857143,0.7349641203703705,1.1770412087912088,1.4717764285714288,0.0,0.07564415011861192,0.3296103197106685,0.7999227027443296,1.3402838539057504,0.0,0.038544197,0.4110947,1.0273141,1.7579573
2016-11-24 03:00:00,0.09266666666666669,0.01616666666666667,0.4372893029042441,0.7550392733686067,0.9623350039994271,0.0077371121319533415,0.14066163813813876,0.411365754506817,0.7911193896714609,1.670143440809122,0.14462002164502166,0.31266161616161614,0.5883782051282052,1.1620705128205129,1.4588616666666667,0.0,0.06123914522986441,0.25065949502752405,1.2155264584267989,1.2690057533905719,0.0,0.030907376,0.3859871,0.99826485,1.6903545
2016-11-24 04:00:00,0.16883333333333334,0.0625,0.4413612296265343,0.7310856582892414,0.9453848763044091,0.007672496282337146,0.13908388230238145,0.40849782460823525,0.8065637731969613,1.6766921820556302,0.13608503787878787,0.32442297149122806,0.5949375,1.1632001748251748,1.4091770833333335,0.0,0.07388214930556934,0.2986293835260865,0.9810711172378827,1.2455572120522724,0.0,0.036345653,0.36869094,1.0031242,1.6693605
2016-11-24 05:00:00,0.259,0.014,0.4286107856158495,0.7534437217813051,0.9453848763044091,0.006621469350975464,0.12775672481787181,0.3939451461771937,0.7542543199117933,1.6230139968818473,0.15359544159544158,0.33324166666666666,0.6050873015873016,1.1715535714285716,1.4717764285714288,0.0,0.056066222801750415,0.20950596548467335,1.1793954416987193,1.2455572120522724,0.0,0.011422212,0.35588568,1.009578,1.6857396
2016-11-24 06:00:00,0.117,0.077,0.4393920746602032,0.7614175127865959,0.8981014601275908,0.006793450067222845,0.12951713531984022,0.3850678765660467,0.7898026026354226,1.6343081029223792,0.19950890151515152,0.35639464285714284,0.6921388888888889,1.1794463141025642,1.419943750000001,0.0,0.06870922687745536,0.2803528859526831,0.7326382321157285,1.2455572120522724,0.0,0.029742194,0.33595455,1.0500349,1.6895144
2016-11-24 07:00:00,1.8463333333333332,0.13716666666666666,0.44607565143412997,0.806210169312169,0.9202771633271566,0.007121265463621428,0.1321720514014713,0.36993847185592243,0.8022260454133291,1.6130659512305083,0.19852445887445885,0.3763975694444444,0.8092761904761905,1.1715535714285716,1.3908833333333335,0.0,0.06717289242137502,0.27547997093576904,0.7477661235882753,1.3695249657609154,0.0,0.047253754,0.34859037,1.0909802,1.6888595
2016-11-24 08:00:00,0.9788333333333333,0.063,0.4248635946233315,0.7514517945326277,0.9192522325043245,0.006777184707433942,0.1221070511592838,0.3207715490619044,0.7009046498182512,1.4988140514999024,0.1700821428571429,0.32442297149122806,0.6569027777777778,1.1715535714285716,1.4091770833333335,0.0,0.06648358163888454,0.24341808581732846,0.9650455548099082,1.1858410095676994,0.0,0.05330471,0.32322928,1.067663,1.6209993
2016-11-24 09:00:00,2.184,0.17566666666666667,0.4357464586639314,0.7326429947089942,0.898712499076943,0.007139234351633439,0.12490942191607382,0.3108125250212993,0.711329456534565,1.460281886323099,0.15126666666666666,0.3248656798245614,0.686063492063492,1.160840277777778,1.3813027777777782,0.0,0.04753832013962053,0.2301107728688604,0.7477661235882753,1.257119110082878,0.0,0.06843608,0.34240878,1.0960131,1.6217611
2016-11-24 10:00:00,0.8326666666666667,0.19583333333333336,0.43342369907135425,0.7332745701058198,0.8810378954843875,0.006875258611806646,0.11987492937282852,0.28860299640039555,0.6573272629321979,1.3643081549029634,0.13366212121212123,0.31558828671328676,0.6607944444444445,1.1620705128205129,1.3908833333333335,0.0,0.05445794197441375,0.23579596088987373,0.7326382321157285,1.1858410095676994,0.0,0.07594535,0.33168006,1.0908493,1.5847738
2016-11-24 11:00:00,0.4518333333333333,0.12633333333333333,0.42093417185723925,0.7158387142857134,0.8771544626588852,0.006477492750414199,0.1115789985506727,0.261836905912862,0.605579848430901,1.3324452727965006,0.11749315476190478,0.30370297619047615,0.5829895833333334,1.1546116898148149,1.3974645833333335,0.0,0.0472639339443705,0.2301107728688604,0.7326382321157285,1.1858410095676994,0.0,0.07804942,0.3210193,1.0490328,1.5110822
2016-11-24 12:00:00,0.4431666666666667,0.07033333333333333,0.409106212957433,0.7358437574955901,0.8750018780220471,0.005837408817499518,0.10239795699761467,0.23132777566152096,0.5128037909150205,1.2131884517684333,0.13355871212121215,0.3178738636363636,0.627702380952381,1.1702332251082253,1.3974645833333335,0.0,0.0472639339443705,0.2301107728688604,0.7326382321157285,1.1951534077092887,0.0,0.0648046,0.3071839,1.0515004,1.5126578
2016-11-24 13:00:00,0.7245,0.1345,0.4184859260061379,0.730423297619047,0.8750018780220471,0.005486946588203985,0.09958684498825189,0.2229484659745059,0.44630750295994587,1.0483147883790087,0.11741107142857145,0.3324229166666667,0.6571277777777778,1.173396103896104,1.3974645833333335,0.0,0.0472639339443705,0.2301107728688604,0.7326382321157285,1.2538680494188745,0.0,0.062647685,0.30255407,1.0800114,1.5327688
2016-11-24 14:00:00,0.698,0.223,0.42908962851085786,0.7337597724867718,0.8788853108475494,0.005739162885574951,0.10964413740363078,0.288301495853939,0.6220380949665083,1.4060777633138248,0.13473181818181817,0.32606286549707597,0.6500865384615384,1.1702332251082253,1.3974645833333335,0.0,0.05107461806823635,0.2301107728688604,0.7326382321157285,1.2697742009796094,0.0,0.090679765,0.31919566,1.0417982,1.5017086
2016-11-24 15:00:00,0.7551666666666667,0.2748333333333333,0.4491701241528048,0.7568698267195764,0.8788853108475494,0.005689424658274059,0.11380432484171779,0.32149038155352966,0.633451009174174,1.3469289938751259,0.15488035714285717,0.3465104166666667,0.6569027777777778,1.166217261904762,1.3974645833333335,0.0,0.05606085891741109,0.23579596088987373,0.7326382321157285,1.2697742009796094,0.0,0.12675966,0.33061332,1.0587894,1.5392175
2016-11-24 16:00:00,1.4061666666666668,0.16016666666666665,0.4373298079381531,0.7540418187830683,0.8716094771444787,0.005953667865276393,0.11664672614687747,0.31624033205667623,0.6730202999998759,1.5153160898513625,0.20379613095238094,0.3629107142857143,0.686063492063492,1.173396103896104,1.3974645833333335,0.0,0.06648358163888454,0.24341808581732846,0.7326382321157285,1.2697742009796094,0.0,0.07832305,0.32773304,1.0170504,1.5006928
2016-11-24 17:00:00,0.7278333333333333,0.3476666666666667,0.4579830658239933,0.7572126970899465,0.8898142558631497,0.006257083125806187,0.12825155419542805,0.38227634662897586,0.789242337522455,1.6875031123487128,0.18494878787878788,0.3703938301282051,0.6419972527472528,1.1620705128205129,1.396375,0.0,0.07569543119916554,0.28116515895678235,0.7326382321157285,1.2943591360471165,0.0,0.11379015,0.3325838,1.0050336,1.5083762
2016-11-24 18:00:00,1.468,0.5113333333333333,0.4705794938193225,0.7830727817460312,0.9054863603281351,0.006720117791784433,0.1405897947794533,0.41613005126354036,0.8355245365272196,1.7170596997615406,0.17036250000000006,0.3871056547619048,0.6569027777777778,1.1702332251082253,1.396375,0.0,0.07723176565524588,0.2860380739736964,0.7450547200055038,1.309947086048652,0.0,0.08781176,0.3335553,1.0039401,1.510034
2016-11-24 19:00:00,0.2703333333333333,0.29483333333333334,0.4686917527300017,0.7341696785714281,0.8977421209445633,0.0062358684652392155,0.1303563957202482,0.3722366938391803,0.6975390693844429,1.4606249657998513,0.19323437500000007,0.3736304450757576,0.65425,1.165745670995671,1.396375,0.0,0.07723176565524588,0.2941419781888311,0.748663794543703,1.309947086048652,0.0,0.060839128,0.33409187,1.0497156,1.5855445
2016-11-24 20:00:00,1.5513333333333332,0.424,0.4856084846717157,0.7548544894179892,0.8999595328445221,0.006736518301912214,0.14101393499853987,0.4210980774845585,0.8086045463220564,1.635615523048057,0.15406693121693124,0.3730262419871795,0.6419972527472528,1.1702332251082253,1.4043506944444446,0.0,0.08240468808335986,0.3043145715470998,0.748663794543703,1.309947086048652,0.0,0.07527874,0.3541902,1.0314146,1.5793401
2016-11-24 21:00:00,1.79,0.268,0.4906931974158938,0.8178335057319218,0.9423506765432754,0.0069714444175520505,0.14508858336612107,0.4369983980588966,0.900888488501687,1.8115468978232652,0.24102589743589745,0.42851041666666667,0.84428125,1.1905000000000001,1.4088500000000002,0.0,0.08240468808335986,0.3352955077316818,0.7999227027443296,1.4158289542152882,0.0,0.059180524,0.37594903,1.0360581,1.6089689
2016-11-24 22:00:00,1.5538333333333332,0.051333333333333335,0.47304118315683935,0.8651034294532624,0.9878408472662832,0.006498641558491308,0.13548354572862648,0.41179805136850467,0.8279444113819245,1.7422652354786006,0.23443111111111112,0.4658694444444445,0.8292361111111111,1.2050107323232322,1.4717764285714288,0.0,0.07040363573025815,0.25065949502752405,1.2306543498993456,1.4158289542152882,0.0,0.05917315,0.37099454,1.0200241,1.6245763
2016-11-24 23:00:00,1.097,0.09216666666666669,0.4863298844652135,0.8825681309523803,0.9378194262997408,0.0066045155388164516,0.13917038287082328,0.4289759031478988,0.8844192206995023,1.7979868871592914,0.2613517647058823,0.4846270833333333,0.8913863636363637,1.239989898989899,1.4787828571428576,0.0,0.07388214930556934,0.3296103197106685,0.7999227027443296,1.4158289542152882,0.0,0.043861076,0.3821954,1.0372185,1.6384044
2016-11-25 00:00:00,1.1573333333333333,0.2638333333333333,0.4939758030838163,0.8083224814814808,0.9378194262997408,0.007155563660445603,0.13748968655841876,0.42541870087466677,0.8504983455545262,1.6634683627615783,0.2019104166666667,0.3952425925925926,0.8092761904761905,1.1801287707390649,1.396375,0.0,0.08240468808335986,0.3352955077316818,0.7999227027443296,1.4085614571007503,0.0,0.032068923,0.3975959,1.0843129,1.6566486
2016-11-25 01:00:00,1.2535,0.5793333333333334,0.5044081580337832,0.7641195820105817,0.9168448332764193,0.0073026391548761446,0.1424770330680999,0.44713906387499724,0.8598965592452061,1.629756895401917,0.12667333333333336,0.32606286549707597,0.6042571428571428,1.1537528935185186,1.3813027777777782,0.0,0.08240468808335986,0.3352955077316818,0.7847948112717829,1.2690057533905719,0.0,0.039923612,0.38591594,1.1158103,1.699215
2016-11-25 02:00:00,1.4826666666666668,0.1015,0.4648569242621015,0.694527693121693,0.9168448332764193,0.006408804104323552,0.12004628256208978,0.37370875083110805,0.7223618150862213,1.5208811390470474,0.13416666666666668,0.33708541666666664,0.5828653846153846,1.1365610795454546,1.3808625000000003,0.0,0.07388214930556934,0.3296103197106685,0.7847948112717829,1.2690057533905719,0.0,0.010410704,0.347145,1.021786,1.5999001
2016-11-25 03:00:00,1.3666666666666667,0.09266666666666669,0.4607168469384576,0.6947632120811286,0.9146274213764605,0.006455719432189802,0.11536536436699026,0.3413641344131416,0.6782175496400223,1.4346669442645053,0.14462002164502166,0.33708541666666664,0.575234375,1.1427157738095237,1.3863152777777779,0.0,0.07388214930556934,0.3296103197106685,0.7847948112717829,1.2690057533905719,0.0,0.008067328,0.34423208,1.0139686,1.5690345
2016-11-25 04:00:00,1.3621666666666667,0.16883333333333334,0.46307388251982756,0.6953131388888889,0.8976772936814426,0.005816737062265884,0.10670911701052074,0.333907735433071,0.6239656125956012,1.2999624642346896,0.140269696969697,0.32442297149122806,0.5669198179271708,1.1525225694444443,1.3908833333333335,0.0,0.07388214930556934,0.2986293835260865,0.748663794543703,1.2455572120522724,0.0,0.018510623,0.3270435,0.99935305,1.565678
2016-11-25 05:00:00,1.735,0.259,0.4677953606938544,0.6988244206349205,0.71814346284479,0.005521868358301115,0.09964471369795949,0.29589244615979426,0.5664735077223984,1.1596930787775195,0.10941083333333336,0.31174356060606057,0.5669198179271708,1.1427157738095237,1.3813027777777782,0.0,0.07723176565524588,0.2941419781888311,0.7294357688435685,1.202035171472859,0.0,0.01438116,0.34600368,1.0885565,1.5975097
2016-11-25 06:00:00,1.9453333333333334,0.117,0.4470050987075816,0.7005272420634917,0.7163502173909795,0.004837245748030093,0.088493172068447,0.26885240324223425,0.5413654472136298,1.1973020932761682,0.11578958333333332,0.3178738636363636,0.571264678030303,1.1427157738095237,1.3863152777777779,0.0,0.06870922687745536,0.2803528859526831,0.713410206415594,1.202035171472859,0.0,0.0,0.3149089,1.0263585,1.5435302
2016-11-25 07:00:00,2.1911666666666667,1.8463333333333332,0.5232979199133758,0.6544530198412698,0.7803890725681775,0.007608757284132317,0.1500594163869519,0.43612314686637144,0.8037604455077842,1.349711075775372,0.09130555555555556,0.2691541666666667,0.46235714285714286,0.970235119047619,1.2593392592592594,0.0,0.07569543119916554,0.3569087235498936,0.7362653063449901,1.207413710927141,0.0,0.10713417,0.373187,1.292795,1.827608
2016-11-25 08:00:00,1.5233333333333332,0.9788333333333333,0.48045289653892803,0.7166768452380949,0.6824193198797139,0.006150516749705756,0.11608466960692565,0.32822186837018275,0.6697814515026943,1.2872110163815826,0.09644119047619049,0.2758638888888889,0.5669198179271708,1.1074458333333335,1.3444159722222224,0.0,0.07676812122971764,0.25212398373846523,0.713410206415594,1.142318968988286,0.0,0.07912484,0.32541257,1.0890692,1.5523796
2016-11-25 09:00:00,1.543,2.184,0.527265118192532,0.6162451044973546,0.7648102187008439,0.00813003471375758,0.16003933737127182,0.4338887934840796,0.8324961248338325,1.3738982240423332,0.07497486772486772,0.19695498511904763,0.41235,0.9002574404761905,1.2722928571428573,0.0,0.057822859730453674,0.3145602353831083,0.7528552485061896,1.1344500003614504,0.0,0.13373598,0.36085334,1.3021014,1.798347
2016-11-25 10:00:00,1.4165,0.8326666666666667,0.4724506653150009,0.7114716917989415,0.6953492055946647,0.00558531887956752,0.10715544174304298,0.27678067337417545,0.5707492421883943,1.0980237995714877,0.09644119047619049,0.2696708333333333,0.5557663690476191,1.1135019841269842,1.3584383333333334,0.0,0.05754847353520364,0.2388166707899972,0.7424166364665687,1.142318968988286,0.0,0.06835429,0.28536806,1.034763,1.4730198
2016-11-25 11:00:00,2.3888333333333334,0.4518333333333333,0.4592434402024926,0.7024061269841265,0.6858117207572824,0.004098165236005357,0.07898083808406589,0.19525305832879594,0.30300571155646105,0.6019329522625431,0.08846041666666668,0.2476500946969697,0.5270023809523809,1.1151130952380952,1.35985,0.0,0.05754847353520364,0.2388166707899972,0.7300001485767935,1.142318968988286,0.0,0.09875176,0.2972552,1.0097963,1.4406973
2016-11-25 12:00:00,1.8788333333333334,0.4431666666666667,0.45496714062439136,0.6799152076719579,0.6858765480204031,0.0039458212611533025,0.07602665638035117,0.22684841557387853,0.38078398030459765,0.8138260603218375,0.07743166666666669,0.2476500946969697,0.5010141369047618,1.1003909090909092,1.3320383333333337,0.0,0.05754847353520364,0.2388166707899972,0.7300001485767935,1.1516313671298752,0.0,0.1568785,0.35976258,1.0242205,1.5293634
2016-11-25 13:00:00,1.5968333333333333,0.7245,0.47570046108745767,0.6883784206349206,0.6858765480204031,0.004531604593133526,0.09069566829136216,0.2910777524276701,0.5568570742633566,1.1012407221166312,0.07760025641025643,0.2522833333333333,0.4833124999999999,1.0870166666666665,1.3151166666666672,0.0,0.05754847353520364,0.2388166707899972,0.7300001485767935,1.1873021773945382,0.0,0.16124094,0.35684907,1.0076586,1.5184418
2016-11-25 14:00:00,1.7228333333333332,0.698,0.4679835086766627,0.6930072010582006,0.6954140328577855,0.00422635833082541,0.0875979636026166,0.2851379967017435,0.5226893791828557,1.0790676838047712,0.08522460317460318,0.2553958333333333,0.5110260416666665,1.0952217948717948,1.3151166666666672,0.0,0.05754847353520364,0.2388166707899972,0.7424166364665687,1.203208328955273,0.0,0.16149077,0.3648473,0.9837742,1.4867418
2016-11-25 15:00:00,2.0993333333333335,0.7551666666666667,0.47549302752008,0.699750874338624,0.6954140328577855,0.00416902807125721,0.09105944007871014,0.3088697854772689,0.5567552537648309,1.135574493926011,0.09620458333333336,0.291135016025641,0.5218607142857143,1.0952217948717948,1.3115088383838382,0.0,0.057822859730453674,0.2388166707899972,0.7424166364665687,1.203208328955273,0.0,0.16401584,0.37649173,0.98287034,1.4969014
2016-11-25 16:00:00,0.8335,1.4061666666666668,0.49966551647752094,0.6371044629629627,0.7614826450863962,0.005257681442549714,0.1114440836340457,0.34647806397194486,0.5547860900763288,1.0353600254580617,0.05487857142857144,0.24162037037037037,0.46172083333333336,0.8920309343434344,1.252816826923077,0.0,0.07676812122971764,0.32786754833157633,0.7528552485061896,1.1953393603284375,0.0,0.18968822,0.43130353,1.0928292,1.6647232
2016-11-25 17:00:00,0.6858333333333334,0.7278333333333333,0.48588642426134504,0.7469625013227512,0.7109928867251191,0.004805461233482005,0.10301039879892815,0.3269575228912347,0.6623875833856331,1.3528025909398038,0.140269696969697,0.35833617424242425,0.5684322638146168,1.1003909090909092,1.3320383333333337,0.0,0.07745743201220812,0.28116515895678235,0.7424166364665687,1.2566287221054333,0.0,0.13398208,0.3504525,0.92488325,1.4203135
2016-11-25 18:00:00,0.9748333333333333,1.468,0.5361276911717877,0.6835739365079361,0.7976309544976206,0.006811652633314673,0.1456346793085525,0.4375853989475724,0.9373191445488122,1.6876191473589177,0.11582291666666666,0.27467857142857144,0.46442708333333327,0.8972725694444443,1.2573888405797102,0.0,0.07899376646828846,0.3617816385668076,0.7528552485061896,1.2701913168780778,0.007520748,0.14342223,0.39065105,1.065786,1.6225194
2016-11-25 19:00:00,0.8636666666666666,0.2703333333333333,0.5292079891738128,0.7703130496031744,0.729963186845252,0.005626867832127536,0.11658529014277094,0.38757492049178965,0.9569643221694145,1.819063283546191,0.0955504166666667,0.28471056547619045,0.5597321428571429,1.1026509324009324,1.4870119047619053,0.0,0.07899376646828846,0.2941419781888311,0.7584421988945432,1.2780602855049135,8.25132e-05,0.1254351,0.3546646,0.95347756,1.4934647
2016-11-25 20:00:00,0.4936666666666667,1.5513333333333332,0.5360208502392256,0.7304214298941797,0.7994241999514311,0.007107567060673951,0.15155107580275828,0.47103108002280647,0.9369701942289868,1.7143391814187408,0.09848708333333335,0.2757400793650794,0.5055677083333332,0.9497729166666667,1.6071666666666669,0.0,0.08416668889640244,0.38005813614021106,0.768880810934164,1.2701913168780778,0.016089937,0.13424073,0.41499385,1.0212842,1.6001277
2016-11-25 21:00:00,0.6933333333333334,1.79,0.5507427731344213,0.7232469537037034,0.8204260570788111,0.007493043335776162,0.15853475820567675,0.5048747424925778,0.9682005565928774,1.7433611854202629,0.08530763888888888,0.23621904761904763,0.46609761904761904,0.9511261574074075,1.6071666666666669,0.0,0.08416668889640244,0.4110390723247931,0.8057605582154328,1.2936398582163773,0.014575237,0.15619457,0.46847343,1.0529066,1.6554911
2016-11-25 22:00:00,0.23466666666666663,1.5538333333333332,0.5434676014685997,0.7532512797619049,0.8204260570788111,0.0074100340194710405,0.1496472239405544,0.464128519374406,0.9304964203724986,1.7389356684952348,0.09333541666666668,0.26950833333333335,0.4880231481481482,0.9718926767676768,1.71233587962963,0.0,0.08416668889640244,0.4110390723247931,0.8057605582154328,1.2936398582163773,0.018647248,0.12486269,0.45874482,1.0174359,1.6057829
2016-11-25 23:00:00,0.3383333333333333,1.097,0.5313034009357711,0.7798208280423281,0.7414275591352496,0.0062946691834789535,0.12934238504856943,0.4308724828969749,0.8758782223125468,1.7012572155671926,0.09922374999999999,0.2801458333333333,0.575234375,1.1336729797979797,1.6854611111111115,0.0,0.08416668889640244,0.3352955077316818,0.7829054582860367,1.285602675282478,0.006257977,0.09070541,0.4316556,0.9500655,1.5588374
2016-11-26 00:00:00,0.189,1.1573333333333333,0.529130759679604,0.652589666065416,0.79794022107476,0.006937584821330599,0.13573885495840204,0.44710799831970505,0.9118749540072144,1.6933309067384235,0.11493952380952381,0.2797546296296296,0.47079761904761896,0.9953581649831651,1.3905,0.0,0.08742239496421833,0.3833466888401795,0.8192734383441094,1.3560781767381294,0.003508709,0.09807008,0.40186688,0.97436136,1.5829364
2016-11-26 01:00:00,0.3771666666666667,1.2535,0.5367549974558896,0.618357568181818,0.7940349560589612,0.006643062823704846,0.1335096898126562,0.455969474896508,0.8857768705450855,1.5548839723741466,0.11493952380952381,0.26658333333333334,0.43728388278388286,0.8307916666666666,1.3613500000000003,0.0,0.08742239496421833,0.4110390723247931,0.8192734383441094,1.3482092081112937,0.0,0.11819585,0.39743474,1.0148993,1.650028
2016-11-26 02:00:00,0.235,1.4826666666666668,0.5426510985291046,0.5568024695767193,0.8236886862903362,0.006753660089358154,0.13100117585318288,0.44740756526172354,0.8782625412776013,1.56867890689461,0.08683541666666666,0.21333685064935065,0.40122500000000005,0.734297619047619,1.2923736111111117,0.0,0.08742239496421833,0.4110390723247931,0.8280150693072851,1.3482092081112937,0.0,0.11015143,0.44078183,1.0836433,1.7466376
2016-11-26 03:00:00,0.21633333333333338,1.3666666666666667,0.530275523490624,0.5423904955908287,0.8236886862903362,0.0060615814403075004,0.11600576338358745,0.3967735724983449,0.781112409000108,1.425606256677286,0.07518666666666668,0.20444372294372293,0.40122500000000005,0.7593125000000001,1.2634691666666673,0.0,0.08742239496421833,0.4110390723247931,0.8280150693072851,1.3482092081112937,0.0,0.088838056,0.40844312,1.0635684,1.7048894
2016-11-26 04:00:00,0.184,1.3621666666666667,0.5239793809562545,0.5267269043209876,0.8026868291629562,0.005549537978533371,0.10662596785966177,0.3674561074177764,0.7509285886055004,1.3911895616407786,0.07720000000000002,0.199203125,0.3999365079365079,0.7679583333333334,1.3153861111111116,0.0,0.08742239496421833,0.38005813614021106,0.7911353220260163,1.3247606667729943,0.0,0.084333554,0.3746576,1.0594882,1.6869769
2016-11-26 05:00:00,0.14483333333333334,1.735,0.5260123872126365,0.5308557625661373,0.8026868291629562,0.005697204671541148,0.11001228084312491,0.36505329902873906,0.7458893180250744,1.3529991238195085,0.0690814814814815,0.19555364583333334,0.38594139194139193,0.737344494047619,1.25691185897436,0.0,0.08224947253610435,0.36988554278194236,0.7911353220260163,1.3247606667729943,0.0,0.09223782,0.35384575,1.1118551,1.7611941
2016-11-26 06:00:00,0.0925,1.9453333333333334,0.5261646204998891,0.49707590696648984,0.8008935837091457,0.005139297375840164,0.09905472791500505,0.34335244448810726,0.6796916674818978,1.2416318933506059,0.05764722222222224,0.1989642857142857,0.36783849206349206,0.6831230158730159,1.2362125925925926,0.0,0.08048747172306177,0.3617816385668076,0.7584108773635453,1.3247606667729943,0.0,0.0920701,0.41191125,1.2056688,1.8989589
2016-11-26 07:00:00,0.051833333333333335,2.1911666666666667,0.531347090077834,0.5089880515873011,0.7837165290428233,0.005748490874544449,0.11714912420903803,0.37599142169974176,0.7666127021485837,1.170964680438856,0.08946818181818182,0.20480357142857142,0.3748552188552189,0.5604093137254902,1.150547354497355,0.0,0.07895113726698143,0.3569087235498936,0.7584108773635453,1.3091727167714589,0.0,0.14008972,0.37549132,1.3277154,1.9826083
2016-11-26 08:00:00,0.05266666666666667,1.5233333333333332,0.4985216384293185,0.5123138320105817,0.7647452742979213,0.004323402172242028,0.08377726115579136,0.2765457685848295,0.6335830555582208,1.1597993141371776,0.08862500000000001,0.21466726190476187,0.38796329365079363,0.6068306878306877,1.1623986111111118,0.0,0.07826182648449095,0.32786754833157633,0.7584108773635453,1.2362090062057682,0.0,0.112930946,0.30288538,1.0974712,1.7045385
2016-11-26 09:00:00,0.045,1.543,0.49512053493846186,0.5074139982363316,0.7587965151193166,0.0048211508911094846,0.0957590542032229,0.282997990619924,0.7129838736062465,1.1735381347289628,0.11537958333333335,0.2155741341991342,0.3652471590909091,0.6195736607142858,1.189824393939394,0.0,0.059316564985226965,0.3145602353831083,0.7584108773635453,1.2362090062057682,0.0,0.115925014,0.32457292,1.2451326,1.8598592
2016-11-26 10:00:00,0.035833333333333335,1.4165,0.48530865420675123,0.49004072574955887,0.6514479780633763,0.0035639578581870097,0.07099854058464948,0.2357531401856912,0.5688019509816549,1.0850190656942968,0.11156375,0.23124238782051282,0.3745227272727273,0.6848948412698413,1.1623986111111118,0.0,0.05904217878997693,0.3145602353831083,0.7584108773635453,1.2362090062057682,0.0,0.119284526,0.28874397,1.0709072,1.6458181
2016-11-26 11:00:00,0.014,2.3888333333333334,0.5192009976727556,0.5104923798500879,0.63964600582588,0.004809103218959549,0.09573313474574358,0.3036992297509423,0.6637624308564861,1.1790236980423008,0.10830580808080809,0.21031372549019609,0.3701794507575758,0.6073217592592595,1.1623986111111118,0.0,0.05904217878997693,0.3145602353831083,0.7584108773635453,1.2362090062057682,0.0,0.13183884,0.3543998,1.2774392,1.9758043
2016-11-26 12:00:00,0.009333333333333334,1.8788333333333334,0.4945083569676987,0.5104725839947091,0.6435512708416788,0.0037952836815852704,0.07320093255702767,0.24336403272873192,0.5490907775915628,1.086624310068604,0.07518666666666668,0.19971354166666666,0.3730279304029304,0.611045634920635,1.1623986111111118,0.0,0.05904217878997693,0.3145602353831083,0.7584108773635453,1.2455214043473575,0.0,0.11772356,0.33783826,1.1614146,1.8280728
2016-11-26 13:00:00,0.0,1.5968333333333333,0.48750513289480335,0.5008951291887126,0.6553532430791751,0.003321860543659721,0.0673058296124257,0.23611741123853885,0.5602757548706863,1.1419773928319514,0.06284702380952384,0.18257394688644688,0.35099494949494947,0.5779038461538462,1.1623986111111118,0.0,0.05904217878997693,0.3145602353831083,0.7584108773635453,1.3042360460569433,0.0,0.10578677,0.33614698,1.1156706,1.7736729
2016-11-26 14:00:00,0.0,1.7228333333333332,0.49038684410865513,0.48245699360670213,0.6531358311792163,0.003723338164060441,0.07366010736992325,0.25015643472572324,0.5898333577004462,1.2127255366266423,0.05729791666666667,0.18566105769230767,0.3523282828282828,0.6270092592592593,1.1130740476190486,0.0,0.05904217878997693,0.3145602353831083,0.7584108773635453,1.3201421976176781,0.0,0.10324705,0.37117133,1.1388747,1.8347868
2016-11-26 15:00:00,0.0,2.0993333333333335,0.5099228266862506,0.5122623772045853,0.6684965964281959,0.004329336683584244,0.08813339641687976,0.2999516637318096,0.6711068369859723,1.3184200982827985,0.058019047619047616,0.17419642857142859,0.38288333333333324,0.7407574404761905,1.1623986111111118,0.0,0.059316564985226965,0.3145602353831083,0.7939481362136586,1.3545261045108374,0.0,0.10999137,0.41808113,1.2594905,2.0406039
2016-11-26 16:00:00,0.0,0.8335,0.4688342691618644,0.5647759156244995,0.6871381544263172,0.0033203365967555947,0.06271984270183563,0.2156039194392355,0.5978516474378006,1.292570245575149,0.08343294871794872,0.20152604166666668,0.38878505291005294,0.8490265567765568,1.3182489417989423,0.0,0.07826182648449095,0.25212398373846523,0.747281147558421,1.3280111662445138,0.0,0.10507472,0.3342389,0.9828788,1.618993
2016-11-26 17:00:00,0.0,0.6858333333333334,0.47580137263215144,0.6517192363916948,0.7214701744201989,0.0031427929992229294,0.06047810177309377,0.22407977802467888,0.6338076698376993,1.4358092299796708,0.08944734848484849,0.22812008101851852,0.4478869047619048,0.9722615740740739,1.3947319444444448,0.0,0.07895113726698143,0.28116515895678235,0.7624090390309678,1.4158154662878333,0.0,0.07758757,0.3706623,0.94071877,1.5788878
2016-11-26 18:00:00,0.014666666666666666,0.9748333333333333,0.4912250355516212,0.7001660119648868,0.7509448917412358,0.00407247826431637,0.08463838153073912,0.27190652761952827,0.7173131985322249,1.4342240191931759,0.12826666666666667,0.29080119047619046,0.5641006493506493,1.115733134920635,1.5315257575757575,0.0,0.08048747172306177,0.2860380739736964,0.7624090390309678,1.4996810194843686,0.0,0.08656686,0.40251315,1.0693614,1.7131634
2016-11-26 19:00:00,0.028833333333333332,0.8636666666666666,0.4899598289601821,0.6306217004569501,0.7449717247838664,0.002562814028551388,0.06498058988725644,0.2931241215298524,0.6789233675595597,1.565579183318325,0.09984781746031747,0.24307291666666667,0.44305035650623886,0.9527416666666666,1.3973708333333343,0.0,0.08048747172306177,0.2941419781888311,0.7784346014589423,1.4314034162893687,0.0,0.04019798,0.39689657,0.92362034,1.6544145
2016-11-26 20:00:00,0.052,0.4936666666666667,0.48494535813294704,0.6477073730759974,0.7527381371950463,0.003792041467573418,0.07791038950653369,0.2903947293232142,0.7514012197248723,1.5453793262820081,0.14885958333333335,0.28557852564102565,0.507906994047619,1.0872512626262627,1.5938583333333338,0.0,0.08566039415117575,0.3043145715470998,0.7784346014589423,1.4996810194843686,0.0,0.10212422,0.3994126,0.9526973,1.6334996
2016-11-26 21:00:00,0.06416666666666668,0.6933333333333334,0.498193712707958,0.5547192108185025,0.748298978318691,0.00437895405537693,0.09087080615054138,0.32724499183997124,0.8032058010747256,1.553699858073247,0.1434904761904762,0.26398333333333335,0.4136416666666667,0.8634722222222222,1.3973708333333343,0.0,0.08566039415117575,0.3352955077316818,0.8001864572676642,1.4204680507345089,0.0,0.0988197,0.3908605,0.99351186,1.6908199
2016-11-26 22:00:00,0.06466666666666668,0.23466666666666663,0.4723319405031273,0.5816936712962963,0.748298978318691,0.003737605006028056,0.07618258491840121,0.29988072504057406,0.715632979024698,1.504114248216451,0.11905166666666668,0.2776483796296296,0.44241388888888894,0.8084380952380953,1.3171439560439562,0.0,0.08742239496421833,0.3352955077316818,0.8001864572676642,1.4204680507345089,0.0,0.08234993,0.35219917,0.84370893,1.5236211
2016-11-26 23:00:00,0.12033333333333332,0.3383333333333333,0.4834563433217802,0.5990152447089946,0.7581329381999559,0.003976890000307344,0.08174282542269704,0.3200019235387333,0.7649683021663164,1.598810220383517,0.14074329004329006,0.27551041666666665,0.4363095238095238,0.8468255952380954,1.3925708333333333,0.0,0.08742239496421833,0.3352955077316818,0.8001864572676642,1.404561899173774,0.0,0.04387286,0.34137896,0.8046521,1.4746773
2016-11-27 00:00:00,0.13066666666666665,0.189,0.4795672029519544,0.7785456477072312,0.7581329381999559,0.004318119098911943,0.09008472499156576,0.337155478460004,0.7975574847941036,1.5867586341963595,0.19918449074074074,0.35833617424242425,0.6079166666666667,1.2241140873015874,1.7722032967032968,0.0,0.08609386421647101,0.3352955077316818,0.9180821985973399,1.624150330712236,0.0,0.07701082,0.34421065,0.7897173,1.4074928
2016-11-27 01:00:00,0.211,0.3771666666666667,0.5035738438581432,0.8851619373897706,0.7825379960113259,0.004850816686609963,0.10305716467452106,0.37017697144449935,0.8719487458036186,1.5764204966991362,0.24009444444444444,0.4500357142857143,0.8045670995670997,1.4853,1.8335833333333338,0.0,0.08742239496421833,0.3352955077316818,0.9332100900698866,1.7839342176822368,0.0,0.09548948,0.35033977,0.88080686,1.5010742
2016-11-27 02:00:00,0.3811666666666667,0.235,0.47912338632721796,0.6822489038800709,0.7542276731841571,0.004393929910638446,0.09231000960729074,0.3383440026822997,0.7795990655696198,1.4566204350223195,0.14156336996336993,0.30528113553113556,0.4892627450980392,1.0803698593073594,1.6639911616161618,0.0,0.08742239496421833,0.3352955077316818,0.9180821985973399,1.624150330712236,0.0,0.07720555,0.30440295,0.8425935,1.4650812
2016-11-27 03:00:00,0.411,0.21633333333333338,0.4728813461801783,0.8420286424162262,0.7542276731841571,0.004265307711120125,0.08948251566500279,0.3377237220698272,0.7797993954964575,1.4715596842694105,0.1743326923076923,0.3139242424242424,0.6365645833333333,1.3945,1.8055819444444443,0.0,0.08742239496421833,0.3352955077316818,0.9180821985973399,1.624150330712236,0.0,0.08355974,0.29616565,0.79249865,1.3918486
2016-11-27 04:00:00,0.563,0.184,0.4655970573051901,0.8774152601410935,0.7332258160567771,0.004100067844050492,0.08625794239314802,0.321424059271198,0.7465075656226985,1.3990800598911342,0.1597959595959596,0.35068990384615384,0.7101233660130718,1.485011111111111,1.8115892156862747,0.0,0.08271054031029364,0.2986293835260865,0.8812024513160711,1.6007017893739366,0.0,0.0803119,0.2956309,0.7897487,1.3687214
2016-11-27 05:00:00,0.6101666666666666,0.14483333333333334,0.45707565211723133,0.9782634272486772,0.7332258160567771,0.004262040012183128,0.08900452993815758,0.30769295671714936,0.75694864927457,1.372796943187261,0.17615795454545458,0.38596874999999997,0.9188141025641026,1.5431440972222223,1.8186759259259264,0.0,0.06881501187997763,0.2884567901678178,0.8812024513160711,1.6007017893739366,0.0,0.0673247,0.29577804,0.8506335,1.4412645
2016-11-27 06:00:00,0.4706666666666667,0.0925,0.4414040867112203,0.9731811044973546,0.7314325706029665,0.004159647464600488,0.085527898314347,0.28200672655968106,0.7001158567639563,1.2627757507485189,0.1731768518518519,0.38596874999999997,0.9406059027777778,1.5256624053030303,1.8115892156862747,0.0,0.06881501187997763,0.2803528859526831,0.8651768888880966,1.6007017893739366,0.0,0.06523459,0.29281062,0.8527555,1.4379765
2016-11-27 07:00:00,0.3006666666666667,0.051833333333333335,0.4780285062942543,1.1860528979276896,0.8026905363135649,0.0053846165908738464,0.11424930870769087,0.33395128841657573,0.9112558443696495,1.3751261078825325,0.37571078431372557,0.7013940972222221,1.2794787037037034,1.75184375,1.908069791666667,0.0,0.0638001638485861,0.2596490041934509,0.9301495661522003,1.9821963349058758,0.0,0.04797357,0.39952832,1.1199975,1.7498142
2016-11-27 08:00:00,0.24,0.05266666666666667,0.44772784694457857,1.1350036446208116,0.7424221304335759,0.004380353652319122,0.09249714840573528,0.28101500728341694,0.7559180247972526,1.2961808047414514,0.3022261904761904,0.6234277777777777,1.1593412698412697,1.6928871527777778,1.9189797619047622,0.0,0.06311085306609561,0.23568058897669028,0.8530401603763543,1.7338030222747047,0.0,0.069982804,0.3077695,0.84922874,1.3913025
2016-11-27 09:00:00,0.4023333333333333,0.045,0.4768074816636069,1.2812920156525573,0.7488077611602723,0.005469115707873784,0.11670127245720603,0.31000255291399015,0.9334320623626505,1.4401261205711469,0.4024037037037037,0.7177892156862745,1.4179351851851851,1.7900930555555554,2.012644871794872,0.0,0.044165591566831607,0.22578402054402222,0.8966232463818218,1.8927638094681298,0.0,0.065746345,0.3853277,1.054109,1.6362917
2016-11-27 10:00:00,0.2921666666666667,0.035833333333333335,0.42835792916895554,1.1492121869488532,0.6978749056802548,0.003113742025351319,0.07285635773058324,0.21276759832101974,0.46711740958727166,0.7482257630187814,0.3129547619047619,0.5942529761904761,1.1756351010101012,1.7572613636363636,1.9498145833333334,0.0,0.043891205371581574,0.2105386098516595,0.7835208050476915,1.7338030222747047,0.0,0.09047427,0.31525803,0.8822268,1.41029
2016-11-27 11:00:00,0.2906666666666667,0.014,0.40776114159457133,1.170016097663139,0.6978749056802548,0.002509696541622996,0.06526923556387812,0.18958302805069144,0.35139376763507246,0.4856411781180968,0.26386000000000004,0.7008597222222223,1.1924583333333332,1.7330340909090909,1.943895,0.0,0.034726714871187815,0.2105386098516595,0.7835208050476915,1.6458622191189443,0.0,0.07850672,0.3450096,1.0032158,1.5896308
2016-11-27 12:00:00,0.3201666666666667,0.009333333333333334,0.4024962997463165,1.0732848988095236,0.6989108638726201,0.0,0.001594123219279282,0.049192646724018706,0.06007507546849178,0.11791695637874491,0.2781606060606061,0.5957343749999999,1.0618907828282826,1.5816969696969698,1.897911111111111,0.0,0.034726714871187815,0.2105386098516595,0.7835208050476915,1.6551746172605335,0.0,0.10154721,0.32737523,1.035638,1.6023458
2016-11-27 13:00:00,0.3868333333333333,0.0,0.3964924659213016,1.1219735057319216,0.6554742873119841,0.0,0.0,0.0012846602414449517,0.04678317921318919,0.09799473457774974,0.3701493386243387,0.7169166666666666,1.145081818181818,1.6743819444444445,1.9137075000000001,0.0,0.034726714871187815,0.22309692688003913,0.80910355147172,1.6405815569749636,0.032268807,0.088296995,0.3586987,1.0563153,1.6646657
2016-11-27 14:00:00,0.3605,0.0,0.38663822883668514,1.0449741944444442,0.6554742873119841,0.0,0.0019999228106040504,0.0533794987762265,0.05868162676855582,0.12464000698452873,0.2881404761904762,0.6784236111111112,1.1229662004662004,1.6430714285714285,1.897911111111111,0.0,0.034726714871187815,0.22309692688003913,0.80910355147172,1.6405815569749636,0.033969775,0.100410365,0.35227367,1.0008776,1.602359
2016-11-27 15:00:00,0.4321666666666667,0.0,0.3896137116000839,1.0850999404761914,0.6465465620099565,0.00355901235844747,0.08599213474650184,0.19834927056508223,0.40701054705367046,0.6927740820080853,0.3444319444444446,0.7267457107843137,1.1758156565656566,1.7054458333333333,1.8767499999999997,0.0,0.03500110106643785,0.2175450629324512,0.811741635010655,1.5950466753789636,0.009562155,0.08548008,0.34361383,0.9473454,1.4845848
2016-11-27 16:00:00,0.2603333333333333,0.0,0.414553952958142,1.0440062050264554,0.6788362939321356,0.00458743278962888,0.10542675964563361,0.24468329844399417,0.6445280669037939,1.2197368693637485,0.3283294871794872,0.658272619047619,1.1488999999999998,1.7056196428571428,1.8924673737373736,0.0,0.053946362565701865,0.18651447390330064,0.901270004944338,1.650138818056057,0.02501458,0.05809655,0.36491707,0.8337723,1.2901055
2016-11-27 17:00:00,0.23683333333333337,0.0,0.405631363243848,1.060324124338625,0.6747932127862687,0.0038853410362970965,0.09325396824175848,0.22406967245909756,0.5242695152548463,1.08132329623069,0.2872658333333334,0.6784236111111112,1.1567499999999997,1.7474079861111111,1.89090670995671,0.0,0.054635673348192346,0.1979010409863734,0.811741635010655,1.6196316104464707,0.028234867,0.045345075,0.3343078,0.793843,1.2269417
2016-11-27 18:00:00,0.8253333333333334,0.014666666666666666,0.4542840698862369,1.172503696428571,0.7646047447663222,0.00484475142865372,0.1146907480119994,0.28225596661101593,0.7070877210088066,1.170408955524435,0.366109375,0.7625138888888888,1.2762526455026455,1.7622585784313725,1.8934011111111113,0.0,0.056172007804272686,0.2645219192103649,0.8992613299207568,1.738871994671204,0.031200577,0.06514587,0.41401857,0.96469766,1.447253
2016-11-27 19:00:00,0.7718333333333334,0.028833333333333332,0.42442642763916905,1.203346042989417,0.7183912420171384,0.0030466072101093655,0.08345582154445974,0.23381452157714702,0.46048270023705795,0.9039908228674628,0.2620844444444445,0.6640895833333333,1.1572430555555555,1.7639701797385623,1.8528790043290044,0.0,0.06533649830466642,0.25885939575049377,0.7870565595420542,1.5990334339270553,0.020666815,0.037014835,0.3610377,0.8898654,1.3619249
2016-11-27 20:00:00,0.48433333333333334,0.052,0.47368256241313045,1.122557767195767,0.7663979902201328,0.004940368973973222,0.11870962112386098,0.31320696984899893,0.7548622420895569,1.254878026561964,0.43067529761904766,0.6844107142857142,1.048525,1.7241435185185183,1.8428566666666666,0.0,0.07050942073278042,0.2765759268011251,0.9512799279070155,1.738871994671204,0.004531078,0.032284915,0.4348737,0.9468629,1.437875
2016-11-27 21:00:00,0.4515,0.06416666666666668,0.48717212321088005,1.1296259052028217,0.8055546477383038,0.005226037567991329,0.1267924996657311,0.34971988670080933,0.8679621260455749,1.406502058635901,0.4619075757575757,0.7126517857142858,1.031975,1.7440470779220778,1.8499688057041,0.0,0.07398793430809161,0.3433767473856745,1.0003933825066629,1.7686362766490302,0.0,0.025109725,0.461245,1.0008726,1.532077
2016-11-27 22:00:00,0.3426666666666667,0.06466666666666668,0.48458572202200867,1.1102378134920634,0.8055546477383038,0.005411354245229219,0.12622137390245836,0.3673531854783628,0.9497101542198021,1.6696631284547565,0.4595378787878788,0.6820982142857143,1.0206583333333334,1.5945125,1.823245,0.0,0.07398793430809161,0.3433767473856745,1.0611843222613302,1.7686362766490302,0.0,0.0,0.4557807,0.8722668,1.3541278
2016-11-27 23:00:00,0.3115,0.12033333333333332,0.48001432982663195,1.1156274841269842,0.8076630043495967,0.0049677258103164555,0.11813360661289403,0.36213200121643546,0.9019571230063612,1.606183908523985,0.47961580086580086,0.7261540032679739,1.046373511904762,1.7120349702380953,1.8443236363636366,0.0,0.07398793430809161,0.3433767473856745,1.0376102508608833,1.7686362766490302,0.0,0.0,0.42856526,0.84555227,1.3181635
2016-11-28 00:00:00,0.145,0.13066666666666665,0.48793243324792146,1.0068832493386244,0.8043355478749509,0.004395485011625382,0.11667472528598133,0.38594932609913,0.8978618382796664,1.5688232341470447,0.40038380952380953,0.6042232142857143,0.877947619047619,1.4051174242424245,1.7923130952380952,0.0,0.07779861843195744,0.3433767473856745,1.015355739769031,1.6496770527577342,0.032931507,0.044821553,0.3621795,0.65268844,1.0923632
2016-11-28 01:00:00,0.307,0.211,0.49566091288606906,1.017849436507936,0.809882758545631,0.0044136444836118385,0.12008486666277786,0.43466529909482793,1.0200390033490305,1.765935820080105,0.3676520833333333,0.6152867063492062,0.8479333333333334,1.3389219696969699,1.8147449999999998,0.0,0.08251047308588214,0.3490619354066878,1.015355739769031,1.6613945648381785,0.05646083,0.08615247,0.3817762,0.69992507,1.2019012
2016-11-28 02:00:00,0.2971666666666667,0.3811666666666667,0.5118807000834092,0.9981557619047625,0.8129856065268053,0.004690659979943123,0.12456641664496332,0.4335752026383909,1.0111584605213504,1.6540750917171483,0.29291872294372295,0.603875992063492,0.8495833333333334,1.3780604166666668,1.7882146825396825,0.0,0.08251047308588214,0.3490619354066878,1.0389298111694782,1.6496770527577342,0.06273381,0.073320866,0.39670634,0.74116236,1.2375172
2016-11-28 03:00:00,0.2833333333333333,0.411,0.5033354878983058,1.0300993708112876,0.8195687753898507,0.0046276141698342686,0.12131695398619761,0.42976332527230654,1.0212452748919736,1.7118726199215462,0.297925,0.6053273809523809,0.8491272727272727,1.3987708333333333,1.7882146825396825,0.0,0.08251047308588214,0.3490619354066878,1.0389298111694782,1.6699846528906996,0.058769997,0.08101499,0.39569953,0.73471683,1.2249587
2016-11-28 04:00:00,0.1105,0.563,0.509713986431552,1.0361753756613763,0.7959058505300449,0.004973817046104383,0.12585284726104567,0.43931519678413516,1.0628220246313491,1.7545966605081649,0.27939166666666665,0.5997948232323231,0.8806565934065934,1.4051174242424245,1.803495512820513,0.0,0.08251047308588214,0.31808099922210575,1.0322570556842525,1.6540949397736897,0.059109397,0.095585376,0.40712833,0.7638694,1.240755
2016-11-28 05:00:00,0.07533333333333334,0.6101666666666666,0.5176504838403551,1.004585554232805,0.7642914641712519,0.00525056962911131,0.12968484409932013,0.4260589470149443,1.0503844693893187,1.649726568835968,0.19689090909090912,0.5385781249999999,0.8406666666666667,1.4362837301587303,1.8087233333333337,0.0,0.07733755065776815,0.30790840586383705,0.9773998686800557,1.619912770779908,0.06620679,0.09686118,0.4060221,0.7991587,1.2753812
2016-11-28 06:00:00,0.16883333333333334,0.4706666666666667,0.5073844032260219,1.047406556878307,0.7624982187174414,0.004965944562525956,0.12206654934746854,0.3844032166647046,0.9791454780140258,1.5246080542759328,0.20289555555555558,0.5145555555555557,0.8453291666666667,1.5573802083333335,1.864866666666667,0.0,0.07733755065776815,0.29980450164870237,0.9613743062520812,1.619912770779908,0.06528304,0.09487054,0.38004193,0.7797887,1.2392546
2016-11-28 07:00:00,0.295,0.3006666666666667,0.5001736314015984,1.0359983624338633,0.7563635990898383,0.0047326672364564615,0.11483801641141007,0.3413136874920065,0.9182821540488991,1.406783757982459,0.19030340909090912,0.5030243055555557,0.8453291666666667,1.579216346153846,1.9183539393939395,0.0,0.07580121620168781,0.29493158663178837,0.9613743062520812,1.6043248207783725,0.06335814,0.10255559,0.35556233,0.7849384,1.2208328
2016-11-28 08:00:00,1.1186666666666667,0.24,0.47183236368866166,1.0144441415343917,0.7420422531966696,0.0038929525936556983,0.0968643235808849,0.3034584788213525,0.8249146050299387,1.379306744851504,0.1988877777777778,0.5145555555555557,0.8382361111111112,1.512904761904762,1.8417259259259264,0.0,0.07511190541919734,0.26286970151334776,0.9613743062520812,1.5437277534232796,0.05851765,0.09563348,0.33603385,0.66391516,1.0488075
2016-11-28 09:00:00,1.2495,0.4023333333333333,0.4742045458490599,1.1127356322751323,0.7201122376226426,0.0039006077528072167,0.0977856192607883,0.29179090555104037,0.7856046174027033,1.2734185155036073,0.17570467032967035,0.44970303030303027,1.0279777777777777,1.7416623168498166,2.1418295454545455,0.0,0.05616664391993336,0.24956238856487964,0.9613743062520812,1.5437277534232796,0.054475978,0.105197705,0.3365623,0.6852094,1.0522323
2016-11-28 10:00:00,0.5493333333333333,0.2921666666666667,0.46000797240056596,1.1021149087301587,0.7201122376226426,0.0036686009093889345,0.09014122758546586,0.2647630559968501,0.7398138340333925,1.247089728710392,0.17806740196078433,0.44970303030303027,1.0064618055555556,1.7104166666666667,2.1418295454545455,0.0,0.05589225772468333,0.24956238856487964,0.9613743062520812,1.5437277534232796,0.056055147,0.1105466,0.32624534,0.6498795,1.0057814
2016-11-28 11:00:00,1.1318333333333332,0.2906666666666667,0.4835295119250371,1.2080292328042335,0.7201122376226426,0.004643794171934193,0.10925055701836506,0.30406506886563417,0.9031707770224295,1.4290608266335252,0.1758107142857143,0.5156024305555555,1.1881190476190477,1.7929910714285713,2.1754555253623193,0.0,0.05589225772468333,0.24956238856487964,0.9613743062520812,1.5554452655037239,0.051723562,0.103773564,0.3744831,0.82675153,1.2708153
2016-11-28 12:00:00,1.682,0.3201666666666667,0.46874888425210537,1.2261909768518526,0.7277313646780534,0.0044223567135157175,0.10020539619623635,0.2812837841084146,0.8164700794485737,1.3289165136463912,0.21322854166666666,0.5260572916666667,1.1920952380952379,1.7912402777777778,2.2006867724867725,0.0,0.05589225772468333,0.24956238856487964,0.9613743062520812,1.564757663645313,0.062037416,0.10398008,0.35441566,0.71854717,1.1245996
2016-11-28 13:00:00,2.0916666666666663,0.3868333333333333,0.4587634883142183,1.0799953234126989,0.7613425327179607,0.00469748494737238,0.0970567996348036,0.2691585557794903,0.7793460948485038,1.2916431469635365,0.2504472222222223,0.5517951388888889,0.9674944444444444,1.5680677083333332,1.8850566666666668,0.0,0.05589225772468333,0.24956238856487964,1.0097099055495884,1.6078473540769258,0.060021624,0.11757695,0.3214375,0.67636776,1.0743808
2016-11-28 14:00:00,1.0813333333333333,0.3605,0.4651221914661724,1.1236223719135812,0.7277313646780534,0.005011484670310552,0.09793857407650497,0.2588822546254207,0.7528121635402011,1.1848187593804698,0.23437333333333335,0.5506369047619047,0.9674944444444444,1.5747416666666665,1.9175736363636364,0.0,0.05589225772468333,0.24956238856487964,0.9672692064351668,1.5835786709717754,0.05170547,0.12483273,0.32133764,0.7039616,1.1135106
2016-11-28 15:00:00,1.1736666666666666,0.4321666666666667,0.4792741833425822,1.1665902354497362,0.7300759211170356,0.005186628320874891,0.10350961256090851,0.2707683309653319,0.7635194641123588,1.1306043761476685,0.20396698412698416,0.5266646825396826,1.019641865079365,1.70241875,2.1028216666666673,0.0,0.05616664391993336,0.24956238856487964,0.9421462805519467,1.60880595243481,0.0284491,0.11482143,0.34501326,0.78772366,1.2354398
2016-11-28 16:00:00,0.8978333333333334,0.2603333333333333,0.43421675634993184,1.01962189792769,0.7117656008992481,0.0035804289546231558,0.07187247034670939,0.2125287362636504,0.5671211207730714,1.0195687926095,0.22215520833333338,0.5181510416666666,0.9391021825396826,1.5647175925925927,1.8903455555555555,0.0,0.07511190541919734,0.2491032738383418,0.8290438392178164,1.5537138097577166,0.028375823,0.1176656,0.2529269,0.5296196,0.90293294
2016-11-28 17:00:00,0.46416666666666667,0.23683333333333337,0.42669355482769966,0.8972968664021168,0.7127880268037557,0.0030914846790464556,0.06494548654240406,0.21264102707230728,0.5467008563800602,1.0303937253292332,0.14828833333333336,0.44897288359788357,0.825287037037037,1.5141986111111112,1.8850566666666668,0.0,0.07271068464089793,0.28116515895678235,0.8040506392178165,1.5499428336698569,0.016444601,0.09833199,0.23340884,0.4764157,0.8667972
2016-11-28 18:00:00,0.42433333333333334,0.8253333333333334,0.47320188214029446,0.7341808163580251,0.49897909851100297,0.00435398344679336,0.09736093254091543,0.34013704696957336,0.8244118320516481,1.3825106203682052,0.05020000000000001,0.23196527777777778,0.54729375,1.2206470588235294,1.8417895833333338,0.0,0.07557554984472557,0.29980450164870237,0.7034210337446793,1.4863406325688642,0.02656084,0.09902701,0.31144544,0.5882247,1.0297049
2016-11-28 19:00:00,0.7513333333333334,0.7718333333333334,0.46813510906803213,0.4335074179894181,0.4441911860227516,0.003983692905131349,0.08820869028060871,0.31941468385667926,0.7244499448448951,1.1778412521797894,0.053754166666666665,0.1309591346153846,0.2962283653846154,0.5418977521929824,0.9555645833333334,0.0,0.0649298374908642,0.2383094444755832,0.5736142545705708,1.232623361657541,0.028807456,0.1033221,0.27527604,0.5333426,0.961297
2016-11-28 20:00:00,0.9863333333333334,0.48433333333333334,0.44387327742024507,0.39112480930335075,0.4241662031208519,0.0030171158992811312,0.06801084609991578,0.2747343359788788,0.58378732345002,0.9979679555963266,0.04533166666666669,0.1166048951048951,0.2888982371794872,0.52316875,0.9415270833333336,0.0,0.07010275991897821,0.2484820378338517,0.5255069471940295,1.2165931747852614,0.025559532,0.101885095,0.22191183,0.4214114,0.8121969
2016-11-28 21:00:00,1.0751666666666668,0.4515,0.45055210864171535,0.40188915696649047,0.4385848913851866,0.0029017239900970227,0.06668794140671867,0.26721248351846644,0.5465620149079199,0.8570710356760014,0.04794452380952381,0.1307921626984127,0.3106117424242424,0.58775,1.1153934523809526,0.0,0.0629131112067698,0.27946297401843356,0.5789766366364977,1.2283242040431166,0.021174803,0.087741785,0.222767,0.43030384,0.81253403
2016-11-28 22:00:00,0.538,0.3426666666666667,0.4311664130477887,0.2314423518518518,0.36652202178526094,0.002270710598487719,0.0537226087890243,0.23773335104012566,0.45231490131672575,0.7614229831598331,0.0012638095238095238,0.029108333333333333,0.11659722222222221,0.2959602564102564,0.49273750000000016,0.0,0.0629131112067698,0.24371640251041807,0.5380632426729965,1.0731407810327125,0.019036803,0.07791195,0.18890934,0.35756397,0.6994505
2016-11-28 23:00:00,0.33616666666666667,0.3115,0.43021002630919597,0.289947428791887,0.37286855099652866,0.002140263132626119,0.053468912525653056,0.24468569176912633,0.4737126429402856,0.7861346049645712,0.0003287037037037038,0.01805952380952381,0.11171225071225072,0.29526522435897434,0.771069047619048,0.0,0.04924570813956641,0.24371640251041807,0.5380632426729965,1.0810726930035686,0.0231104,0.05533937,0.18453972,0.3377451,0.6760901
2016-11-29 00:00:00,0.6635,0.145,0.4117219511114599,0.2739915498236331,0.3627770248194339,0.0008000592063463298,0.03770421551361257,0.2091820622945364,0.3707596240486445,0.714145800296078,0.0070075757575757585,0.03796145833333334,0.11632043650793653,0.29276547619047616,0.6362516483516487,0.0,0.04072316936177586,0.23803121448940473,0.5380632426729965,1.008750907036333,0.046463076,0.04987932,0.18288326,0.22125456,0.56647277
2016-11-29 01:00:00,1.0585,0.307,0.4303323449830446,0.2676958478835979,0.38137007764154573,0.0010663929305897986,0.044859489159528546,0.24049351512050846,0.44128685687546515,0.7504100627104611,0.010811846405228762,0.04463727678571429,0.11718315018315019,0.29526522435897434,0.6583360805860808,0.0,0.04924570813956641,0.24371640251041807,0.5504797305627718,1.0738051958890307,0.042511024,0.061068814,0.19596264,0.28525627,0.6352863
2016-11-29 02:00:00,1.7411666666666668,0.2971666666666667,0.42494118536379577,0.3231319356261023,0.3836332493394337,0.0011100268303683727,0.04534666418844039,0.2591110248458941,0.5252163217964606,0.9335249749058281,0.008246527777777778,0.039707465277777784,0.1275638888888889,0.331025,0.746311011904762,0.0,0.04924570813956641,0.24371640251041807,0.605702072910204,1.0507300272094602,0.040385377,0.06694919,0.18796353,0.2918451,0.6893438
2016-11-29 03:00:00,0.1405,0.2833333333333333,0.41696953622025656,0.3407563278218694,0.3836332493394337,0.0012419365040877638,0.04525200238481021,0.2596172858979078,0.5715009380291581,1.0497223976423007,0.007947500000000001,0.034587662337662334,0.12811994949494948,0.3603,0.8195264285714294,0.0,0.04924570813956641,0.24371640251041807,0.605702072910204,1.1740933937488431,0.04595851,0.06370498,0.18935165,0.32024086,0.736521
2016-11-29 04:00:00,0.5615,0.1105,0.3965804555027308,0.33220080026455007,0.3725043136843194,0.0006972041685260872,0.034406616658427,0.2203060458168282,0.4803046683124524,0.9104498324123348,0.007947500000000001,0.027887310606060606,0.14561309523809524,0.39668333333333333,0.880198787878788,0.0,0.04072316936177586,0.20705027830482273,0.5568259867178138,1.161654741614087,0.043453373,0.054182872,0.17934297,0.29958495,0.67809075
2016-11-29 05:00:00,0.6136666666666666,0.07533333333333334,0.3870605851684418,0.33606379365079364,0.3539905563766828,0.00013757727188877197,0.02312129259946132,0.16608613668387434,0.3111098928268091,0.5593504213092557,0.007947500000000001,0.027887310606060606,0.12558680555555557,0.33682083333333335,0.6786142857142858,0.0,0.03555024693366187,0.19687768494655403,0.5030071669044289,1.0134069170103444,0.033041686,0.038789622,0.16021748,0.28502622,0.5932654
2016-11-29 06:00:00,0.035666666666666666,0.16883333333333334,0.3864127877941067,0.30419896957671944,0.3714360405470644,0.00021113734419829044,0.022014970156281607,0.1550635975427817,0.30723299737611004,0.5518311200394326,0.004509999999999999,0.018363095238095237,0.07818722943722944,0.32165833333333327,0.7154023809523817,0.0,0.03555024693366187,0.18877378073141923,0.5466953244729249,1.0272814858711607,0.025790164,0.038060073,0.15512924,0.28072247,0.56506574
2016-11-29 07:00:00,0.05366666666666666,0.295,0.38801282550594,0.26498793981481467,0.3542589858807418,0.0003520605019438801,0.023060107092284298,0.15684671309017567,0.3446126907693756,0.6335129604958356,0.002628472222222223,0.01430357142857143,0.051250000000000004,0.23965416666666667,0.5893533333333335,0.0,0.04253645125537208,0.1895860537355185,0.5466953244729249,1.0116935358696253,0.02349667,0.0469604,0.15045251,0.297557,0.58433163
2016-11-29 08:00:00,0.16783333333333333,1.1186666666666667,0.4217252334205594,0.21408623015872996,0.3530377637703719,0.0016292280510053158,0.05023961940418758,0.22859312956661518,0.47622245435144733,0.749312327996799,0.002123557692307693,0.012165972222222222,0.05148809523809524,0.21933055555555556,0.5421703703703704,0.0,0.0418471404728816,0.1575241686170777,0.5523619327350446,1.0724873060876516,0.0,0.04923684,0.18215919,0.5081592,0.8639338
2016-11-29 09:00:00,0.0895,1.2495,0.4237337823738336,0.4519818511904764,0.42886096736700013,0.002101249740184517,0.059514286854316846,0.2551507786200376,0.5872466323448916,0.9615562228219801,0.0022095833333333334,0.015328914141414142,0.1154550505050505,0.5225595238095238,0.9576232323232325,0.0,0.022901878973617583,0.1922680367771073,0.5964421138114897,1.2054637613663317,0.0,0.06740542,0.18372466,0.5801302,0.95933753
2016-11-29 10:00:00,0.04783333333333334,0.5493333333333333,0.393243663218418,0.30944986375661393,0.35549778688807937,0.000998161149996055,0.03451260051841343,0.18014935485671746,0.4948838395851502,0.9356125400539609,0.0004576923076923078,0.008788296568627452,0.02800833333333333,0.1579672619047619,0.5936312500000005,0.0,0.02262749277836755,0.14421685566860962,0.5466953244729249,1.1635195717312954,0.01166884,0.06728414,0.14159371,0.3790797,0.6857474
2016-11-29 11:00:00,0.026,1.1318333333333332,0.41333908506524497,0.3741823743386244,0.35549778688807937,0.002002864567350236,0.05534018776849068,0.23041853388598507,0.5784299514762584,1.0197556593140165,0.000953977272727273,0.012086805555555554,0.06559999999999999,0.2795,0.7723945833333336,0.0,0.02262749277836755,0.14723756556873308,0.5523619327350446,1.1635195717312954,0.0,0.065010644,0.17045872,0.52784014,0.9074369
2016-11-29 12:00:00,0.007666666666666667,1.682,0.43710416297121524,0.4291082502204587,0.4691181866736054,0.0029516396905676355,0.07677761625452306,0.28445130827492204,0.6549427271069581,1.077657173248228,0.002101944444444447,0.025457589285714285,0.18967708333333333,0.6101631410256411,0.9576232323232325,0.0,0.024389493591410127,0.22298113016184443,0.6163901224521552,1.2435663958034902,0.0,0.054211214,0.1959903,0.66107154,1.1232185
2016-11-29 13:00:00,0.0,2.0916666666666663,0.4557408168194113,0.31034472420634934,0.4691181866736054,0.0039023293776997174,0.09582532802001731,0.3225806282619599,0.7007136363500489,1.0900986540244453,0.003110476190476191,0.03416310541310542,0.20863888888888887,0.43700694444444443,0.8461223484848487,0.0,0.033413619800345684,0.22298113016184443,0.6217736869358649,1.2706103366202308,0.0,0.059111215,0.21776961,0.7604168,1.3015946
2016-11-29 14:00:00,0.0,1.0813333333333333,0.42532628185006044,0.20007239880952377,0.34479713666630984,0.0024413210462046688,0.06512722189391677,0.23705655582372023,0.5735623340387708,1.001131514486139,0.0,0.0098375,0.08389850427350427,0.2458587962962963,0.4443458333333335,0.0,0.033413619800345684,0.14723756556873308,0.5689518748962441,1.0330571309601786,0.020069629,0.06477881,0.16063845,0.4554403,0.8543621
2016-11-29 15:00:00,0.0031666666666666666,1.1736666666666666,0.4334707799430999,0.23399465145502638,0.4151402924959591,0.0027485401915865056,0.07199974321699983,0.25344876351434026,0.5870398271831813,1.004080360826936,4.7301587301587306e-05,0.024402380952380953,0.11370663650075413,0.30906617647058826,0.5874750000000002,0.0,0.03551347297321454,0.19528874667723076,0.6130320559726892,1.0808449339931596,0.027247388,0.07300773,0.1729083,0.47051498,0.88961095
2016-11-29 16:00:00,0.07583333333333332,0.8978333333333334,0.4268323350825008,0.1673613068783068,0.3591604406861294,0.00259093842192594,0.06720749797901383,0.2468721857252132,0.5997623875176613,1.1135494212043027,0.0,0.009145833333333336,0.06954829545454547,0.18929166666666666,0.3685824242424247,0.0,0.05727654435312758,0.16054487851720114,0.5689518748962441,1.0389007443581233,0.026826987,0.0687249,0.16290784,0.39173344,0.8291721
2016-11-29 17:00:00,0.10316666666666668,0.46416666666666667,0.4152887497509926,0.16723757605820103,0.34488793013813424,0.0019901767985905216,0.05425349693383601,0.20927836217082052,0.5161840307258059,1.0170652896454844,9.888888888888892e-05,0.015620941558441558,0.07805608974358974,0.20008506944444443,0.3900026515151517,0.0,0.05796585513561806,0.1895860537355185,0.5632852666341244,1.0819270232639495,0.008699693,0.08700247,0.14126065,0.28265527,0.7125435
2016-11-29 18:00:00,0.08133333333333333,0.42433333333333334,0.4203662246228639,0.19153720943562616,0.35548181594141154,0.0017882125340723941,0.05750678863778573,0.2323365431394162,0.5249482707251918,0.9600171744581134,0.0026329166666666675,0.04093055555555556,0.13253587962962965,0.2722538515406162,0.4475166666666669,0.0,0.05485891273343055,0.19445896875243257,0.49757442085352865,1.0555358530923578,0.031331338,0.089696616,0.18985254,0.33477205,0.69692695
2016-11-29 19:00:00,0.034166666666666665,0.7513333333333334,0.4391573240948688,0.2170227744708994,0.36385823025826736,0.002610929652538044,0.07500782619842548,0.29344147604594156,0.6321404926648547,1.111110765038941,0.0018520833333333334,0.053627976190476184,0.1429903846153846,0.2872543706293706,0.4839284722222223,0.0,0.05485891273343055,0.20256287296756736,0.5252637173277481,1.067253365172802,0.041324757,0.093858995,0.21128175,0.37833428,0.8038733
2016-11-29 20:00:00,0.01616666666666667,0.9863333333333334,0.455460462667881,0.21095243320105836,0.36385823025826736,0.0031667204604541605,0.08571739464501697,0.33406538726055957,0.6985307909055233,1.222068157545068,0.0009683333333333335,0.02411309523809524,0.11468525641025641,0.2706201923076923,0.463051041666667,0.0,0.06003183516154454,0.21273546632583606,0.5252637173277481,1.0836404044046686,0.040171873,0.09871512,0.22514959,0.42216897,0.9015499
2016-11-29 21:00:00,0.002,1.0751666666666668,0.4664038691133522,0.23494375639329826,0.38975592625519123,0.003494989304093527,0.09256175670330033,0.36604345071585476,0.76373776550495,1.3275663194149951,0.002178333333333334,0.031613636363636365,0.12365277777777778,0.304152867965368,0.533880416666667,0.0,0.06003183516154454,0.24371640251041807,0.6113686811723237,1.1209635146037844,0.041686185,0.102076374,0.2440851,0.4653872,0.9883345
2016-11-29 22:00:00,0.0,0.538,0.4494486963338795,0.20989168606701958,0.38975592625519123,0.0028249704984103946,0.07621595628083798,0.3281453954995635,0.7227953427882965,1.3463305811620094,0.0024829166666666663,0.027838293650793655,0.10396296296296297,0.24958712121212123,0.4894206410256412,0.0,0.06003183516154454,0.24371640251041807,0.605702072910204,1.1209635146037844,0.047425948,0.089021355,0.20694897,0.33997765,0.83803874
2016-11-29 23:00:00,0.0,0.33616666666666667,0.4445569361597716,0.19738038315696668,0.38975592625519123,0.0025104858592780444,0.06876901483611009,0.3088332232041785,0.6818525029703295,1.2834592450640088,0.002642692307692308,0.031246031746031744,0.10241534391534392,0.2402744708994709,0.49071452991453035,0.0,0.06003183516154454,0.24371640251041807,0.605702072910204,1.1050573630430496,0.04964375,0.08407853,0.21086212,0.31774503,0.80267704
2016-11-30 00:00:00,0.0,0.6635,0.45729861616072087,0.22315757407407413,0.38703467884112974,0.0023550608457138795,0.06729044978041124,0.30676489315595046,0.6629417294201059,1.2738619026989664,0.004775744047619048,0.03531881313131313,0.10792113095238096,0.28936458333333337,0.5415430555555555,0.0,0.06003183516154454,0.24371640251041807,0.5989521932825485,1.0565736406074049,0.029541807,0.056333225,0.2546709,0.4083989,0.9606275
2016-11-30 01:00:00,0.008166666666666666,1.0585,0.4749521084303121,0.21635116534391546,0.3809548223698486,0.002708276303469364,0.07747216623841338,0.33580878099822886,0.6791527763192637,1.1959783998490718,0.006397916666666667,0.036956101190476195,0.1204810606060606,0.3144548611111111,0.5613947619047623,0.0,0.061857302139163364,0.24371640251041807,0.5621434646090169,1.0426990717465885,0.025182944,0.02744202,0.27244526,0.52125484,1.0759606
2016-11-30 02:00:00,0.029,1.7411666666666668,0.5026744859507676,0.3246295906084656,0.502199631517853,0.0036850061081930012,0.09807543274095776,0.39072080034018397,0.7601924882736432,1.2239233026057224,0.017403952991452993,0.0555922619047619,0.17419820601851854,0.4550104166666667,0.826391666666667,0.0,0.07532082437367377,0.31945996710352914,0.6618806561977142,1.2125905386505305,0.005130015,0.032462034,0.30826107,0.75393313,1.3863949
2016-11-30 03:00:00,0.0345,0.1405,0.4679753368226616,0.1968574594356262,0.40045157607516335,0.0015689455883704895,0.04893221214566931,0.2721823991197235,0.6995058451635443,1.2711403720478736,0.0024745833333333334,0.024817460317460318,0.09656944444444444,0.28197222222222224,0.5870129059829061,0.0,0.07067754751540593,0.24371640251041807,0.6113686811723237,1.141856112719925,0.02074199,0.03492682,0.24567333,0.4794388,0.9820375
2016-11-30 04:00:00,0.08516666666666667,0.5615,0.45649563056657433,0.1701903401675485,0.38425512486504926,0.0016666576944195017,0.049381614267112434,0.24744237284411275,0.5776886974615324,1.0521249896892029,0.0024829166666666663,0.02285740740740741,0.08284249084249086,0.2594194444444444,0.500536904761905,0.0,0.07067754751540593,0.21273546632583606,0.5666660492513578,1.1184075713816255,0.010048596,0.016275883,0.25211507,0.50911444,0.98767775
2016-11-30 05:00:00,0.13833333333333334,0.6136666666666666,0.4521678310802761,0.1872622555114639,0.38425512486504926,0.0014773552808125918,0.04461459443871009,0.2334051866679951,0.578993135160508,1.0743910017306282,0.0026929166666666672,0.026398958333333337,0.08451636904761906,0.3007986111111111,0.5870129059829061,0.0,0.06374262427424936,0.20256287296756736,0.5666660492513578,1.1184075713816255,0.0015896237,0.016916292,0.24248621,0.540829,1.0284619
2016-11-30 06:00:00,0.1005,0.035666666666666666,0.45097144919321686,0.31642520899470894,0.34695941323968843,0.000245928889708996,0.019903240956790105,0.17181123467056295,0.5121094978271233,0.9358882597731679,0.008651515151515155,0.03844047619047619,0.1501444444444444,0.38141435185185185,0.7144300000000002,0.0,0.06026411069893817,0.15630784622913166,0.4992465557975336,1.1184075713816255,0.0,0.033999108,0.20750639,0.5075022,0.91775906
2016-11-30 07:00:00,0.11416666666666668,0.05366666666666666,0.42630664299248555,0.25542459722222216,0.3269130517499323,0.0,0.008416741758615627,0.12995091520983507,0.3864022508002199,0.762446166741438,0.005682291666666666,0.03559375,0.12757828282828282,0.2980583333333333,0.4950684981684983,0.0,0.058727776242857826,0.16919498490386053,0.48197353491548484,1.072558013287407,0.0,0.028724441,0.1828285,0.47582135,0.84174466
2016-11-30 08:00:00,0.2105,0.16783333333333333,0.3909807927243236,0.1562235233686066,0.35905138844437995,0.0,0.0129465093841507,0.12147248490834116,0.32330139673888264,0.6591138504805187,0.0008904761904761908,0.0309949494949495,0.1325625,0.227575,0.37322310606060627,0.0,0.05299444025788799,0.1548596904961878,0.5632852666341244,0.9549675529462138,0.0,0.024839398,0.18844429,0.5434169,0.90846103
2016-11-30 09:00:00,0.18616666666666662,0.0895,0.3833414052713226,0.16099929475308639,0.313380726922731,0.0,0.013156175103285844,0.10283989979232631,0.2797305378526686,0.5415583741078162,0.0014903030303030308,0.02794166666666667,0.12057034632034633,0.23073809523809524,0.3523151515151516,0.0,0.03581117957166655,0.14155237754771974,0.49757442085352865,0.987876790641272,0.0,0.010137694,0.1723733,0.5366362,0.8738418
2016-11-30 10:00:00,0.24433333333333337,0.04783333333333334,0.36872573250603696,0.13904871966690713,0.2588244196540239,0.0,0.004323518119402375,0.07402144496406879,0.19791220007503535,0.5090967530879573,0.0,0.005306944444444444,0.03824444444444444,0.1534326636904762,0.32325625000000036,0.0,0.03205827980110534,0.12668684719870496,0.3904366876027407,0.987876790641272,0.0,0.023870897,0.157316,0.4134292,0.7035453
2016-11-30 11:00:00,0.173,0.026,0.3618954406593945,0.2069876603835979,0.26196602433667665,0.0,0.012134708139276258,0.0844728895843958,0.22802766571182848,0.50672183480222,0.0,0.012383333333333333,0.0909983164983165,0.21285937500000002,0.3907739393939395,0.0,0.03205827980110534,0.12668684719870496,0.3904366876027407,0.9143118306091962,0.0,0.016801473,0.1661182,0.48133126,0.8177214
2016-11-30 12:00:00,0.12266666666666669,0.007666666666666667,0.3552757695083134,0.286625993606702,0.3215422312335924,0.0002608061455252528,0.021678681927225635,0.10515478760855554,0.28308109745390875,0.5635444171104836,0.0,0.02854575892857143,0.16294166666666665,0.39455000000000007,0.8219290476190478,0.0,0.02289378930071156,0.12668684719870496,0.45035388036796,1.0495624232003227,0.0,0.008471563,0.19577283,0.5597591,0.9649091
2016-11-30 13:00:00,0.18516666666666662,0.0,0.3486659902818019,0.22586796891534391,0.23767824920972805,0.0006175037900990325,0.028636186979928417,0.10545381149458015,0.249345831141638,0.4410049206458897,0.0,0.0012967171717171717,0.0413912037037037,0.22114109848484848,0.4992212121212121,0.0,0.02289378930071156,0.1516263522662554,0.3542981629221955,0.9205512971350178,0.0,0.008671517,0.21957812,0.60366666,1.0452873
2016-11-30 14:00:00,0.289,0.0,0.3519911344956049,0.17359055753968253,0.23109508034668272,0.00044781037905902536,0.026500911336712927,0.11342257762773493,0.24553705624259792,0.5473587908175686,0.0,0.0005794817927170868,0.029252367424242424,0.1576467803030303,0.33864839015151554,0.0,0.02289378930071156,0.1516263522662554,0.34830103713807015,0.9088337850545737,0.0,0.033680864,0.1688396,0.4056343,0.73366165
2016-11-30 15:00:00,0.6288333333333334,0.0031666666666666666,0.3583836504108069,0.21257503192640687,0.27453165690731895,0.0007666998763958737,0.03430538227550517,0.12850576450254497,0.25333321767869427,0.5135491531604238,0.0,0.00807638888888889,0.09386111111111109,0.23378117715617716,0.4992212121212121,0.0,0.023168175495961594,0.12668684719870496,0.3904366876027407,0.9886158085135736,0.0,0.038145978,0.18091737,0.40967938,0.7460275
2016-11-30 16:00:00,0.9216666666666666,0.07583333333333332,0.37365152466302354,0.2186383425525091,0.3117050767388574,0.001233631734538876,0.043116736903452454,0.17359733283499643,0.3691496253855026,0.7383723765990831,0.000949583333333334,0.028805208333333335,0.13335119047619048,0.27717187499999996,0.5086589393939398,0.0,0.05475644107093058,0.1548596904961878,0.49757442085352865,0.9924014086231614,0.012524728,0.062078014,0.17860603,0.34859008,0.6671979
2016-11-30 17:00:00,0.2615,0.10316666666666668,0.386361238067185,0.18186229870129855,0.3345597643092619,0.0013994130109957756,0.046408229856603325,0.18532861159235195,0.37259509628528614,0.747525420916519,0.0002472222222222223,0.01159375,0.07631481481481481,0.24094255050505048,0.49320952380952393,0.0,0.05544575185342106,0.18390086571450517,0.49757442085352865,1.0341042896928776,0.020163016,0.09034299,0.14714326,0.26228228,0.5866322
2016-11-30 18:00:00,1.378,0.08133333333333333,0.40528804576929106,0.23239614572310402,0.36039718653042807,0.0019676510672024367,0.06036789351310489,0.2227926673900892,0.4740205871444037,0.8617214916666256,0.0005130116959064329,0.020836805555555556,0.10418518518518519,0.2921493055555555,0.5093083333333334,0.0,0.0569820863095014,0.18877378073141923,0.49757442085352865,1.0576241516652691,0.035297047,0.055545118,0.16754122,0.31832784,0.6949904
2016-11-30 19:00:00,1.1811666666666667,0.034166666666666665,0.40105202275288926,0.3443604479316979,0.32639851665549774,0.0021899390488180404,0.06586194355930676,0.24411396391056014,0.498369460204879,0.8987723275963622,0.004083333333333334,0.03425925925925926,0.1608838383838384,0.38780729166666666,0.790983333333334,0.0,0.0535035727341902,0.17500763309753925,0.40646225003071534,1.0576241516652691,0.045357265,0.05433678,0.21438284,0.3842944,0.7803783
2016-11-30 20:00:00,1.2156666666666667,0.01616666666666667,0.3924182388804148,0.3884615729517396,0.32639851665549774,0.0022025071005295585,0.06645466419014665,0.24607457564940943,0.4594168843628998,0.8380923343319424,0.008186574074074075,0.07298701298701299,0.22767460317460317,0.5189848484848485,1.1024519841269846,0.0,0.049512004661910435,0.18518022645580795,0.40646225003071534,1.0576241516652691,0.045221098,0.076341726,0.21651958,0.37755868,0.7628374
2016-11-30 21:00:00,1.3205,0.002,0.3920706554164239,0.4036589503567419,0.34740037378287775,0.0023507618832152824,0.07045967174825922,0.26891216643304744,0.49517408117895073,0.9033408776396504,0.01014236111111111,0.08579006410256411,0.23334540598290598,0.473858134920635,1.042913186813187,0.0,0.049512004661910435,0.21616116264038995,0.44334199731198426,1.0417634573710797,0.048991248,0.078137204,0.21918562,0.39280286,0.81383294
2016-11-30 22:00:00,1.2705,0.0,0.39629723757499596,0.37072442438271586,0.2812572618554437,0.0024755071514170014,0.07142604606606172,0.29543911859643046,0.5718191484242527,1.1192022064081195,0.0070242857142857155,0.07180737179487179,0.2665863095238095,0.5251510416666667,0.7854048433048434,0.0,0.049512004661910435,0.21117714707853033,0.3952488876875243,0.9505684527079447,0.07113623,0.10004792,0.21151203,0.31233728,0.74713993
2016-11-30 23:00:00,1.2816666666666667,0.0,0.39062450032571283,0.3493023551587301,0.26362173398263916,0.0023987347227547883,0.06904124339197565,0.28443978036627376,0.5168466173661364,1.044917212907068,0.009346250000000002,0.05651597222222222,0.22936210317460318,0.4637083333333333,0.7155937500000001,0.0,0.049512004661910435,0.21117714707853033,0.37617496246226506,0.9023820427657008,0.07026588,0.09155872,0.21384117,0.3165633,0.7519627
2016-12-01 00:00:00,1.1748333333333332,0.0,0.38716064356829727,0.25808386155202806,0.2531981273669159,0.0025379632341028533,0.06348762220893545,0.25579399536099456,0.4346256612271294,0.8548731861765957,0.0008314814814814815,0.04198182957393483,0.17975189393939395,0.3422272727272727,0.5616974537037038,0.0,0.04625629859409456,0.21117714707853033,0.35108146424487774,0.8257937690177455,0.018107207,0.022801474,0.18769291,0.3341557,0.7820738
2016-12-01 01:00:00,1.2065,0.008166666666666666,0.4005001025116728,0.2402541931016514,0.3061629425873931,0.0026835887956064763,0.0676261950247907,0.26289722405311344,0.4742833995663123,0.8044024529466924,0.007133333333333337,0.041777960526315785,0.15630059523809525,0.3331534090909091,0.5938333333333333,0.0,0.04625629859409456,0.21616116264038995,0.39840350001061026,0.9160495700265815,0.010563556,0.013070396,0.17200546,0.4116088,0.8777791
2016-12-01 02:00:00,1.2956666666666667,0.029,0.39248239464423323,0.32209546847442655,0.321406479005282,0.0027267934674101444,0.06677364922826243,0.26460625689749817,0.47718814944903,0.7416761434638914,0.016180238095238098,0.06819642857142857,0.17745238095238092,0.42230140692640694,0.8036076388888892,0.0,0.05542078909448832,0.20845968964038997,0.4044006257947356,1.0092084101915901,0.0,0.0127094835,0.20497522,0.5277199,1.0496963
2016-12-01 03:00:00,1.2531666666666668,0.0345,0.3918067943070758,0.2886916135361552,0.30320862661305614,0.001165347876065889,0.04294630396949776,0.24032617618461655,0.4090751086997727,0.8143147350944472,0.005633333333333337,0.047517361111111114,0.1691875,0.37961666666666666,0.7497540064102565,0.0,0.05542078909448832,0.20845968964038997,0.39198413790496045,0.9441541213388921,0.01111005,0.030587919,0.19811267,0.36388606,0.802166
2016-12-01 04:00:00,1.7908333333333333,0.08516666666666667,0.385823753209179,0.3006617056878307,0.32500473022111614,0.0014644141389421994,0.04039090271989263,0.1990175561980635,0.3427498968594944,0.6223683419427434,0.01220343137254902,0.08051799242424243,0.22158134920634923,0.35880439814814813,0.6299214285714286,0.0,0.058899302669799515,0.20705027830482273,0.46941021653331777,0.8926010286882823,0.011655245,0.013551402,0.17403488,0.366925,0.76631767
2016-12-01 05:00:00,1.7705,0.13833333333333334,0.38530244071385844,0.42137951124338624,0.33040941768240106,0.0011968835218684408,0.033581399276874924,0.17079604192917017,0.28086140066355675,0.46786739252296916,0.00792857142857143,0.05553472222222222,0.22507175925925924,0.4050981691919192,0.9128414285714289,0.0,0.05372638024168552,0.19687768494655403,0.48409076660796463,0.9157183061249895,0.0,0.010415211,0.1671071,0.38028777,0.74893934
2016-12-01 06:00:00,1.8276666666666668,0.1005,0.3742552314947218,0.42307306040564396,0.3256618562542536,0.0,0.01333256676414437,0.15192871573521075,0.26361810460296575,0.5817031979417079,0.02914833333333333,0.11194791666666666,0.24322407407407406,0.4320555555555555,1.0289452380952382,0.0,0.05196437942864294,0.18877378073141923,0.4616458420743401,0.9274358182054336,0.006889204,0.013622192,0.17181553,0.38571304,0.76158696
2016-12-01 07:00:00,1.118,0.11416666666666668,0.3742647022511501,0.3757999440035272,0.31072665586364623,0.0,0.007920171261365086,0.08281733819607309,0.20004846079193755,0.43199672533645295,0.04037111111111112,0.10634548611111111,0.22097853535353537,0.3965288461538461,0.9093787878787886,0.0,0.0504280449725626,0.18390086571450517,0.45564871629021475,0.8770130786867464,0.0,0.0,0.15414621,0.47800192,0.7926038
2016-12-01 08:00:00,0.9033333333333333,0.2105,0.40583842091938227,0.34607849052028217,0.3246320169123893,0.0009740329041554248,0.028287336609590555,0.11675971748408871,0.360853129341153,0.5384060202375129,0.029105714285714287,0.10100086805555555,0.21262380952380955,0.3527343073593074,0.8614878787878789,0.0,0.05826127296786267,0.1712905962920836,0.45338465410534323,0.9470557730610807,0.0,0.04763977,0.14895743,0.5653285,0.8380924
2016-12-01 09:00:00,1.261,0.18616666666666662,0.40003041134354245,0.3430275914902998,0.2931645165009799,0.0011677865699673984,0.029343240084431923,0.08121859602728326,0.33199563504651397,0.49487591092345173,0.025397777777777776,0.0989465811965812,0.21088194444444447,0.33924404761904764,0.8589226495726496,0.0,0.03460415681467394,0.1522980953226022,0.44096816621556795,0.9470557730610807,0.0,0.022720648,0.14693852,0.63826734,0.9280508
2016-12-01 10:00:00,2.2605,0.24433333333333337,0.37904125027835284,0.2640300712081129,0.28621072409361964,0.0004998201142964202,0.014832350195352347,0.06726520159007363,0.22728048699541803,0.4149328420542754,0.013945601851851855,0.08495265151515151,0.20517857142857143,0.3024712301587301,0.5921309523809529,0.0,0.039041625273348625,0.14421685566860962,0.44096816621556795,0.8979391150564069,0.0,0.07553885,0.14531708,0.44765502,0.6600016
2016-12-01 11:00:00,2.7103333333333337,0.173,0.38936487114598267,0.27222923302469143,0.29769576674451453,0.0008326501536791623,0.021961667947844883,0.0770729555999762,0.2739871674187749,0.43535214921276066,0.013923958333333337,0.08074679487179487,0.19964047619047617,0.289481862745098,0.5921309523809529,0.0,0.03432977061942391,0.1522980953226022,0.44096816621556795,0.9470557730610807,0.0,0.08559175,0.1472241,0.5231898,0.7680524
2016-12-01 12:00:00,1.3383333333333332,0.12266666666666669,0.4007729442244943,0.26677494775132277,0.3008323070625946,0.0013634690628555285,0.03222917817555489,0.09217837397978493,0.35087276710857707,0.5200997978276568,0.013923958333333337,0.07878887559808613,0.1900222222222222,0.30281845238095234,0.6167055555555556,0.0,0.030519086495558057,0.1522980953226022,0.4645422376160152,0.95636817120267,0.0,0.07792364,0.1425735,0.6069278,0.8966165
2016-12-01 13:00:00,1.1351666666666667,0.18516666666666662,0.41917817807040636,0.28166798809523796,0.30457730402842165,0.0019859754414446955,0.04414473557918207,0.10339882361510515,0.38555279117522295,0.4861214947465653,0.01229310897435898,0.0790901515151515,0.2040611111111111,0.34678872549019607,0.6539533333333345,0.0,0.037713094525601315,0.15798328334361553,0.4645422376160152,0.9665990904766112,0.0,0.083303966,0.15774755,0.70827204,1.026378
2016-12-01 14:00:00,1.7441666666666666,0.289,0.40026169016873786,0.23057429783950587,0.2948912871842018,0.001505991305108176,0.03452827317645966,0.10158832349660955,0.32512428997542675,0.5252827801431762,0.004195238095238097,0.037104166666666674,0.1184074074074074,0.3044142628205128,0.6167055555555556,0.0,0.039041625273348625,0.15798328334361553,0.44096816621556795,0.9665990904766112,0.0,0.11069719,0.15740386,0.5154616,0.77053624
2016-12-01 15:00:00,2.4408333333333334,0.6288333333333334,0.423701796806745,0.20844820302228617,0.2948912871842018,0.002424958874827889,0.05490278524610285,0.15939624259474822,0.42695079451777096,0.6364641822461857,0.0020145833333333335,0.017882575757575757,0.08555573593073593,0.2838869047619047,0.5724050000000002,0.0,0.03931601146859866,0.15798328334361553,0.44663477447768773,0.9665990904766112,0.0,0.10726206,0.17252238,0.550822,0.8425087
2016-12-01 16:00:00,1.967,0.9216666666666666,0.4347110205086847,0.17678070767195767,0.30568822619294256,0.0029946554300302707,0.0703823592430822,0.20915760767006217,0.5067324032472635,0.7795039548398914,0.0,0.0071122685185185195,0.08190873015873018,0.2452261904761905,0.5276400000000004,0.0,0.06002327378090525,0.1575241686170777,0.44663477447768773,0.9247499295864755,0.017067563,0.080049574,0.17625616,0.511067,0.8368365
2016-12-01 17:00:00,2.1395,0.2615,0.39714138975725133,0.1615104104737853,0.32000957208611147,0.0015194235765873395,0.041951636847146936,0.15823737856348397,0.36632294965509704,0.7116809587746493,0.0,0.0038035714285714287,0.05664444444444444,0.21290384615384617,0.4608251082251086,0.0,0.06071258456339573,0.1895860537355185,0.44096816621556795,0.9493348646539828,0.030887933,0.11659462,0.12747732,0.3049146,0.61409694
2016-12-01 18:00:00,1.842,1.378,0.4568760891244647,0.41749269552669566,0.45197998018386965,0.0038476218988413038,0.08985680099178311,0.27569374280090647,0.5423595955811354,0.8048358951524013,0.00014190476190476193,0.030886111111111114,0.1999074074074074,0.5680208333333334,1.2206726190476191,0.0,0.06224891901947607,0.2702025333455437,0.5665067056904592,1.0356572405861233,0.0514134,0.108604304,0.18411957,0.5637292,0.95227426
2016-12-01 19:00:00,2.0845,1.1811666666666667,0.4696694118400344,0.3122604497354497,0.4108381024838283,0.00371919698449209,0.08739022550663511,0.2735447614824857,0.45478434674145973,0.556430091179971,0.00032307692307692327,0.044172916666666666,0.1869074074074074,0.47591666666666665,0.8359454545454549,0.0,0.06224891901947607,0.25061405407606496,0.573790637155258,1.006867004290554,0.048518635,0.12880099,0.223178,0.5836736,0.9990686
2016-12-01 20:00:00,1.816,1.2156666666666667,0.48841702483001115,0.34362683134920613,0.42197117904911463,0.005259526679158733,0.11323010108748599,0.3399666814571393,0.7441746775690762,1.09478335876488,0.0023388888888888908,0.05029464285714286,0.19168055555555552,0.5094427083333333,0.8570780303030304,0.0,0.06742184144759006,0.27455307510933946,0.5903805793164575,1.0939752163483143,0.05814253,0.12931593,0.20652838,0.57171303,1.0034165
2016-12-01 21:00:00,1.78,1.3205,0.49766056470146025,0.4141452678571432,0.5327347583459793,0.005742234157887237,0.12170531141727364,0.35953962146770724,0.7737402586612437,1.1237769373505033,0.0029280303030303047,0.06441282051282052,0.25747619047619047,0.6569473958333334,1.170964814814815,0.0,0.06742184144759006,0.3332263947785351,0.657487847586193,1.1588151409576697,0.050176088,0.11761906,0.23091431,0.61885035,1.0678966
2016-12-01 22:00:00,2.6071666666666666,1.2705,0.4855122115343639,0.34065375901875894,0.4564600288036884,0.005254850889654128,0.11138895689059757,0.3528915018173013,0.7136312750030778,1.100448677924235,0.0024022727272727277,0.0555922619047619,0.2183181818181818,0.5052760416666666,0.8570780303030304,0.0,0.06742184144759006,0.31945996710352914,0.6357637787514498,1.1230168826386049,0.037162773,0.13155095,0.2128349,0.54257196,1.0011963
2016-12-01 23:00:00,2.7676666666666665,1.2816666666666667,0.48736173366482205,0.3344253826960076,0.4993951519575403,0.005213825896842685,0.10766104820057915,0.3523815605981189,0.6844923494354828,1.047974207144639,0.0011850649350649352,0.0713689393939394,0.25377222222222223,0.5235152777777778,0.8486722943722945,0.0,0.06742184144759006,0.31945996710352914,0.6445054097146256,1.151807118934174,0.032688335,0.1315805,0.23416735,0.56018543,1.0331044
2016-12-02 00:00:00,2.0028333333333332,1.1748333333333332,0.493912336360122,0.34246716576479064,0.4564600288036884,0.005920699189697488,0.10910329357181994,0.358378778971136,0.7366652823101687,1.0844249592101491,0.0019256410256410256,0.05046428571428572,0.18761538461538463,0.4932458333333333,0.8485583333333335,0.0,0.06742184144759006,0.2917675836189155,0.6357637787514498,1.115749385524067,0.035236605,0.09698858,0.26737568,0.6187135,1.0881058
2016-12-02 01:00:00,1.8748333333333334,1.2065,0.5074462245632398,0.3504730443121691,0.49260411475244026,0.005924183530022005,0.11202924777190759,0.3682973988610464,0.7640930767095306,1.064535171738103,0.0029280303030303047,0.054328125000000005,0.19574999999999998,0.488325,0.945766944444445,0.0,0.06742184144759006,0.3055340112939215,0.6487462166230173,1.216440835335892,0.007322349,0.07515798,0.26694906,0.69448364,1.1873595
2016-12-02 02:00:00,2.3983333333333334,1.2956666666666667,0.5260858868364164,0.5066240383597883,0.5994147512878487,0.006438717989673964,0.12249932022187324,0.3808651439046393,0.8278568145664484,1.0682580448936485,0.00437962962962963,0.06711805555555556,0.2154670231729055,0.7194861111111112,1.621344700854703,0.0,0.06742184144759006,0.3332263947785351,0.6810619189866404,1.242512631993659,0.0,0.08219969,0.26871207,0.82898206,1.3519708
2016-12-02 03:00:00,2.9191666666666665,1.2531666666666668,0.4708750855295407,0.286285821188071,0.4563952015405676,0.004295697535738964,0.0793874306020032,0.29939321317961143,0.5526967114638355,0.8596964692575421,0.000617916666666667,0.02506547619047619,0.15330902777777777,0.42615625,0.721536666666668,0.0,0.06742184144759006,0.31945996710352914,0.6357637787514498,1.141821182181834,0.0,0.06475132,0.2649969,0.67117417,1.1488868
2016-12-02 04:00:00,2.4606666666666666,1.7908333333333333,0.5004771863375859,0.3289693192039442,0.48119777439047295,0.005439533963880028,0.10192429445239931,0.3414464154027868,0.6420869555350073,0.8623935303482406,0.0005064144736842108,0.04326785714285715,0.17029976851851852,0.44413035714285715,0.8227484848484852,0.0,0.06742184144759006,0.2884790309189472,0.6076256624333568,1.1471628771391038,0.0,0.07060582,0.27252826,0.8288393,1.358256
2016-12-02 05:00:00,2.0755,1.7705,0.49657045929896404,0.307227778860029,0.48119777439047295,0.005179703163928042,0.09684726862530854,0.3198326615261482,0.6272852786731026,0.8500056250872596,0.001314285714285715,0.04399722222222222,0.17576190476190479,0.4108214285714285,0.8049583333333332,0.0,0.06224891901947607,0.2783064375606785,0.6076256624333568,1.1471628771391038,0.0,0.07391646,0.2338613,0.83034813,1.3623751
2016-12-02 06:00:00,2.593,1.8276666666666668,0.47175248417762117,0.30068091422158105,0.47653522211322896,0.004246851964332611,0.07623038472458846,0.2684019371021166,0.5064645479368912,0.7747637470726236,0.0018309523809523828,0.044908333333333335,0.17576190476190479,0.38223015873015875,0.6548330555555558,0.0,0.06224891901947607,0.2702025333455437,0.5916001000053823,1.1471628771391038,0.0,0.07113718,0.24812423,0.8450536,1.3806596
2016-12-02 07:00:00,3.0173333333333336,1.118,0.44275349649289886,0.20632128459195107,0.3335223789767514,0.0029226874331297345,0.04666400935054086,0.17330625483198467,0.38756008200947517,0.6654187756685817,0.0003398550724637682,0.013164351851851852,0.11290435606060606,0.27707679738562097,0.4707966666666668,0.0,0.06071258456339573,0.1895860537355185,0.4908245412258731,1.0608405012069628,0.0,0.053025827,0.17233987,0.69497883,1.1825011
2016-12-02 08:00:00,2.5983333333333336,0.9033333333333333,0.4288889439559734,0.14240797991822987,0.315428241514388,0.0023555663778498455,0.03583807477233298,0.13912536871671555,0.31841925671003335,0.5588375640974313,0.0,0.006140624999999999,0.06560977564102564,0.2127619047619048,0.42690690476190485,0.0,0.06002327378090525,0.16054487851720114,0.5032410291156483,0.902594318528752,0.005765169,0.043936566,0.1345447,0.59564203,1.0665172
2016-12-02 09:00:00,2.3601666666666663,1.261,0.43219768939295095,0.20052319552669537,0.37104069057720773,0.002557631096164403,0.039374569988905594,0.1367995111253697,0.3029517705614697,0.5171107885960768,0.00016176470588235304,0.009014550264550265,0.10953928571428571,0.2848301282051282,0.48347291666666686,0.0,0.04107801228164124,0.22298113016184443,0.5473212101920933,0.9445385081637885,0.0,0.05634381,0.15461688,0.677209,1.1589224
2016-12-02 10:00:00,1.0995,2.2605,0.4678526539880902,0.24972863161375655,0.41397581373105957,0.003888437096713074,0.06782193998619945,0.2080522736220947,0.3949112783591995,0.5512199152532941,0.0003098214285714286,0.015745833333333334,0.14534126984126983,0.3332435897435898,0.5331000000000001,0.0,0.04080362608639121,0.22298113016184443,0.556062841155269,0.9733287444593575,0.0,0.07099411,0.22439615,0.96826535,1.5616428
2016-12-02 11:00:00,0.8523333333333334,2.7103333333333337,0.4815492253549552,0.2604480520282187,0.41397581373105957,0.004554878277888405,0.07928292497942382,0.2098958985116197,0.404292811661048,0.5484373875606577,0.0007656410256410257,0.021729166666666667,0.16180208333333332,0.3590850694444444,0.5338740740740744,0.0,0.04080362608639121,0.22298113016184443,0.556062841155269,0.9733287444593575,0.0,0.09392191,0.20607188,1.0814842,1.7596561
2016-12-02 12:00:00,1.0668333333333333,1.3383333333333332,0.43233802939581667,0.23829679982363303,0.41404064099418036,0.0022779425453031844,0.02959730863159754,0.08481567290409489,0.2510005909191007,0.5181845552543201,0.0009166666666666669,0.017556490384615386,0.13126190476190475,0.2899702380952381,0.4828340277777778,0.0,0.045446902944659064,0.22298113016184443,0.556062841155269,0.9826411426009468,0.011767581,0.063720465,0.1698184,0.7361756,1.271779
2016-12-02 13:00:00,0.17616666666666667,1.1351666666666667,0.42488172169303373,0.21333011022927686,0.29774233736140776,0.001740263502152977,0.01959240408179523,0.06283728166519711,0.211794929714332,0.4957374613781219,0.00033125000000000006,0.013704166666666667,0.12907142857142856,0.26964351851851853,0.46311401709401717,0.0,0.045446902944659064,0.14723756556873308,0.5032410291156483,0.9706213583799272,0.014217085,0.050406497,0.16782023,0.6813222,1.2074292
2016-12-02 14:00:00,0.1135,1.7441666666666666,0.44736377233045754,0.27769270612874775,0.45880812076297256,0.0025839881633897516,0.039278569072061384,0.11977069508574859,0.3018763045316732,0.6024385649106793,0.002238047138047139,0.04016363636363636,0.20680312500000003,0.41399166666666665,0.5875248677248678,0.0,0.04368490213161648,0.22298113016184443,0.5651494614117268,1.130012032053335,0.010604774,0.060377203,0.20401312,0.8293129,1.4418254
2016-12-02 15:00:00,0.042166666666666665,2.4408333333333334,0.4806891168262119,0.33090776962081125,0.36326155594452875,0.003928118714791233,0.06818035758583663,0.1916032378791904,0.41936618360996464,0.6852029742529766,0.012523168498168502,0.10535462962962963,0.24698875661375663,0.4452833333333333,0.594014880952381,0.0,0.045721289139909096,0.25872770166986014,0.5651494614117268,1.1157806108329316,0.00054185576,0.094583094,0.2504079,1.0517371,1.7491407
2016-12-02 16:00:00,0.034333333333333334,1.967,0.46995522439409243,0.31009468783068767,0.36921031512313346,0.0030997696439668404,0.053733950694380306,0.18329430020604778,0.3979508862032807,0.70152565284194,0.026884343434343438,0.14843630952380954,0.23609415584415583,0.4391477272727273,0.5838029761904762,0.0,0.06466655063917309,0.2720350146183281,0.5651494614117268,1.1157806108329316,0.0,0.08434263,0.28627008,0.9933743,1.688443
2016-12-02 17:00:00,0.2728333333333333,2.1395,0.48267181680174276,0.31465963580246914,0.38818156986803565,0.003050825680303947,0.05125401640297003,0.18916389832604616,0.39079042743643755,0.7612896996395779,0.014163076923076926,0.11629517543859651,0.24811111111111114,0.4443345238095238,0.594014880952381,0.0,0.07078350932082934,0.30107618983664536,0.5651494614117268,1.1692010039830918,0.0,0.05164795,0.32848918,1.021426,1.7923467
2016-12-02 18:00:00,0.16766666666666666,1.842,0.4781192052402559,0.3158463485449734,0.4053586245343583,0.0031949491643142795,0.056055806204811945,0.20122108689916196,0.4524339865374481,0.8012765847140795,0.03667291666666668,0.1487522435897436,0.25360648148148146,0.4452833333333333,0.594014880952381,0.0,0.07231984377690968,0.30594910485355936,0.5651494614117268,1.1847889539846272,0.0,0.110375606,0.32440215,1.0093981,1.7094567
2016-12-02 19:00:00,0.3058333333333333,2.0845,0.48596094327924483,0.28672455489417953,0.40715186998816877,0.003581770940144201,0.06330794600562342,0.22503110180338856,0.4424829634807659,0.7814106199315126,0.019743095238095244,0.11811540570175441,0.23530291005291004,0.4276712962962963,0.5721687500000001,0.0,0.07231984377690968,0.3140530090686941,0.5811750238397013,1.1847889539846272,0.0,0.08854578,0.34063756,1.0237192,1.7739373
2016-12-02 20:00:00,0.3968333333333333,1.816,0.4899164603735923,0.287188384259259,0.40715186998816877,0.003367920534463157,0.05879325166146078,0.23176219808062334,0.47080689086477356,0.8434402137759671,0.017837857142857145,0.09645346320346321,0.23592087542087542,0.4270962962962963,0.5840101190476191,0.0,0.07749276620502367,0.3242256024269628,0.5811750238397013,1.1847889539846272,0.0,0.07225341,0.33568165,0.9695909,1.7697675
2016-12-02 21:00:00,0.20766666666666664,1.78,0.4916633506000347,0.28500050727513204,0.4281537271155488,0.00352333852288477,0.05996727487723581,0.22834369678502348,0.4526047964122897,0.7887412813649335,0.012698809523809524,0.0927123015873016,0.2318472222222222,0.4060813492063492,0.5630687500000003,0.0,0.07749276620502367,0.35520653861154483,0.6180547711209701,1.2082374953229267,0.0,0.07443438,0.3252799,0.94512796,1.723923
2016-12-02 22:00:00,0.07133333333333333,2.6071666666666666,0.5263155607319892,0.24280825859788352,0.4281537271155488,0.004811205459677904,0.08735435547539246,0.3211511921648402,0.5844372863043119,0.9238514578720997,0.0038514880952380966,0.05425952380952381,0.20217708333333334,0.3580378472222222,0.5026518939393941,0.0,0.07749276620502367,0.35520653861154483,0.6180547711209701,1.2082374953229267,0.0,0.08530569,0.40937445,1.2224877,2.1599197
2016-12-02 23:00:00,0.07883333333333332,2.7676666666666665,0.5375199168771609,0.24392345370370375,0.4281537271155488,0.005122658118379869,0.09264280840590602,0.33453365139161206,0.593514961101416,0.9029257950195662,0.006863541666666668,0.053714285714285714,0.19387962962962962,0.3566680871212121,0.5002337121212121,0.0,0.07749276620502367,0.35520653861154483,0.6180547711209701,1.1923313437621919,0.0,0.0807183,0.41272807,1.2686151,2.2296586
2016-12-03 00:00:00,0.09066666666666669,2.0028333333333332,0.5054755261016187,0.24705599007936505,0.39072709626013036,0.004642068331933209,0.07065828131578733,0.2805299132474767,0.5355030532183936,0.8890913041458981,0.010088541666666668,0.05737626262626262,0.19780218855218856,0.35786562499999997,0.5199134199134204,0.0,0.08074847227283956,0.35520653861154483,0.6180547711209701,1.1438476213265472,0.0,0.08436021,0.35474637,1.0565192,1.9671643
2016-12-03 01:00:00,0.14766666666666667,1.8748333333333334,0.5071418534014316,0.26196436952861935,0.3868218312443316,0.00422193252340831,0.0615636307250594,0.2566247584389952,0.49274288804628713,0.7944557472517243,0.014122916666666667,0.07691666666666666,0.1937222222222222,0.35899722222222225,0.5199168997669003,0.0,0.08074847227283956,0.35520653861154483,0.6180547711209701,1.1438476213265472,0.0,0.069486514,0.3370114,1.0469795,1.9269531
2016-12-03 02:00:00,0.11816666666666668,2.3983333333333334,0.5226183972905825,0.26286978373015873,0.3868218312443316,0.004908536945034035,0.07419429501908545,0.28821724602799564,0.53001881830516,0.7834347455604929,0.010286458333333333,0.0566797138047138,0.18892708333333336,0.3657120949074074,0.5146559090909091,0.0,0.08074847227283956,0.35520653861154483,0.6180547711209701,1.1438476213265472,0.0,0.08080293,0.38723043,1.2235163,2.1573596
2016-12-03 03:00:00,0.20233333333333337,2.9191666666666665,0.5441221025213263,0.2587112023809524,0.3868218312443316,0.005597884413509266,0.08625393299845327,0.3179162172026771,0.5761910621969448,0.7905181934685709,0.008351010101010106,0.05280871212121212,0.18892708333333336,0.35786562499999997,0.5107895454545456,0.0,0.08251047308588214,0.35520653861154483,0.6180547711209701,1.1438476213265472,0.0,0.10040153,0.42992082,1.4318967,2.4259977
2016-12-03 04:00:00,0.1715,2.4606666666666666,0.5209233045096958,0.2648793333333335,0.3658199741169516,0.0049027875422636685,0.07031043331803828,0.26654659109494894,0.5220834793722202,0.7212223821133594,0.019025,0.07426666666666668,0.18488333333333334,0.3495138221153847,0.5006819264069265,0.0,0.08251047308588214,0.3242256024269628,0.5811750238397013,1.1203990799882477,0.0,0.08999208,0.40470013,1.3790919,2.346967
2016-12-03 05:00:00,0.164,2.0755,0.5019520638559372,0.2747002870370371,0.3658199741169516,0.004086942836487853,0.05226405709483906,0.21680944512437306,0.46778803288113374,0.6972131723986519,0.033907765151515154,0.10824479166666666,0.20563333333333333,0.38423674242424244,0.5232008417508417,0.0,0.07733755065776815,0.3140530090686941,0.5811750238397013,1.132116592068692,0.0,0.071829736,0.3772206,1.3091971,2.239088
2016-12-03 06:00:00,0.1905,2.593,0.5181670117700526,0.2972954761904762,0.3640267286631411,0.004837874795951598,0.06552624866564087,0.24154845042579648,0.507916536289278,0.6859142201029129,0.0300839393939394,0.091578125,0.21420982142857142,0.3982394688644688,0.5232008417508417,0.0,0.07733755065776815,0.30594910485355936,0.5710443615948124,1.1485036313005585,0.0,0.10328405,0.41579938,1.4860294,2.4542615
2016-12-03 07:00:00,0.17883333333333334,3.0173333333333336,0.5290405736941803,0.3511736904761904,0.3590159501805377,0.004866073295057172,0.06608777155021268,0.2482586645906166,0.51086834379589,0.7484379782621129,0.033907765151515154,0.09688055555555554,0.2657522727272727,0.4239806547619048,0.5819427350427352,0.0,0.07580121620168781,0.30107618983664536,0.613485060709234,1.1467902501598395,0.0,0.10243707,0.4368346,1.5792378,2.6122458
2016-12-03 08:00:00,0.39616666666666667,2.5983333333333336,0.5061941418261104,0.3453839451058199,0.3547747034208963,0.003685055480125886,0.03961481969964625,0.16936188409887445,0.39225244913709756,0.6635957401414765,0.047736507936507945,0.1231925438596491,0.2649520833333333,0.4520757575757575,0.6533027272727278,0.0,0.07334990460615476,0.2720350146183281,0.613485060709234,1.0842206538384829,0.0,0.08073454,0.41678548,1.464312,2.4606755
2016-12-03 09:00:00,0.5226666666666666,2.3601666666666663,0.49535649013446226,0.33625158267195737,0.352213371638573,0.0032028283376461806,0.028138079472079736,0.12749334572142304,0.346830876926875,0.59579449774402,0.04559006410256412,0.12224247685185186,0.2649520833333333,0.439426406926407,0.6253503030303036,0.0,0.05440464310689078,0.25872770166986014,0.613485060709234,1.0842206538384829,0.0,0.087004386,0.40500328,1.4516762,2.4235337
2016-12-03 10:00:00,0.4806666666666667,1.0995,0.4466334718038428,0.38276186111111127,0.3441810262144948,0.0,0.0018114610091422225,0.039415843792859395,0.28429558967110463,0.5665801411000213,0.045016880341880346,0.1193263888888889,0.2238388888888889,0.45463020833333334,0.6874455026455029,0.0,0.054130256911640744,0.1829841370767489,0.5773621309041098,1.0134862279078773,0.0,0.08667813,0.32531735,1.2625059,2.1381285
2016-12-03 11:00:00,0.3446666666666667,0.8523333333333334,0.43046258230720225,0.37886162830687836,0.3441810262144948,0.00010770733306225688,0.0018470014653451032,0.03197156199244172,0.29313825730330917,0.5766159354179292,0.041193888888888884,0.11915416666666667,0.2223138888888889,0.46584114583333336,0.7836133333333334,0.0,0.05589225772468333,0.1829841370767489,0.5773621309041098,1.0134862279078773,0.0,0.09239228,0.32531935,1.2399611,2.1138937
2016-12-03 12:00:00,0.2425,1.0668333333333333,0.43526453655177094,0.31265873148148127,0.34808629123029355,0.0,0.0016535703619978686,0.04066604722847261,0.28374563525256996,0.7091620622301399,0.04259027777777778,0.10955119047619048,0.19188333333333332,0.3982394688644688,0.6011940476190478,0.0,0.05589225772468333,0.1829841370767489,0.5773621309041098,1.0227986260494666,0.0,0.07430877,0.29644328,1.0905542,1.9352536
2016-12-03 13:00:00,0.08233333333333333,0.17616666666666667,0.3997041346475404,0.339329647707231,0.36571223111713336,0.0,0.0,0.0008190330500784104,0.2817008464839535,0.9004646797727895,0.040781250000000005,0.11870238095238096,0.20181944444444444,0.4091,0.659866944444445,0.0,0.05118040307075862,0.17729894905573557,0.5716955226419901,1.1606365716940819,0.0,0.06590017,0.29910168,0.9324376,1.7107238
2016-12-03 14:00:00,0.197,0.1135,0.40102934072467405,0.5431397184744263,0.37950340188418663,0.0,0.0017318403372472684,0.04780692071572601,0.4186277765663804,1.0837131232472175,0.030173939393939406,0.11837916666666667,0.22828257575757577,0.5416652369281045,1.051680735930736,0.0,0.04736971894689277,0.17729894905573557,0.5868234141145369,1.3044663375388146,0.0,0.09151597,0.32985657,0.99362993,1.8138752
2016-12-03 15:00:00,0.157,0.042166666666666665,0.40900244770936434,0.845166965388007,0.4218069419004839,0.0027168125142577482,0.022580349819142868,0.10132627959688384,0.5389837797256629,1.1638450502619369,0.0851324358974359,0.19175560897435895,0.4761157407407407,1.1816614583333334,1.726633888888889,0.0,0.044165591566831607,0.14588980264132254,0.5595587941302479,1.3727439407338144,0.0,0.09778698,0.39318642,1.097738,1.9799182
2016-12-03 16:00:00,0.35333333333333333,0.034333333333333334,0.4210493588477445,0.8799338026895943,0.4607118022144063,0.0034948183193850776,0.03920880113105339,0.1484814198050704,0.634347538582804,1.331266162274835,0.10496166666666668,0.2060642361111111,0.5348477272727273,1.429113425925926,1.9237475000000024,0.0,0.06311085306609561,0.1543073880566338,0.5074183476187509,1.4953001642493136,0.0,0.09110849,0.39281383,1.0458826,1.8978795
2016-12-03 17:00:00,0.382,0.2728333333333333,0.4381917900477476,0.4936516785714283,0.4424760207630426,0.003989048878576566,0.050597873630600476,0.19827164042879142,0.6857850382852603,1.3584046134423953,0.07411098901098902,0.12357043650793652,0.21742916666666667,0.5711736111111111,1.0530184343434348,0.0,0.07580121620168781,0.22533262524353434,0.5716955226419901,1.2937735501288867,0.0,0.1169688,0.3627132,1.0213963,1.9013188
2016-12-03 18:00:00,0.4385,0.16766666666666666,0.4700075622075117,0.8030232548500882,0.5225802911842043,0.004770179735523942,0.07054156253800269,0.2405457929158953,0.7784379694490848,1.3653830005310796,0.11185166666666667,0.16565451388888888,0.5229147435897437,1.2262505952380953,1.6539410606060612,0.0,0.06881501187997763,0.23828677991444097,0.6999258554486671,1.6034855421003977,0.008665716,0.094153784,0.42547795,1.117494,1.9756985
2016-12-03 19:00:00,0.9185,0.3058333333333333,0.48200814936710845,0.7683370002204586,0.5146875197937951,0.0054903014448973286,0.08473703329139894,0.2849439323376277,0.8458471428475927,1.413079069546369,0.10752222222222221,0.16186309523809525,0.5167899305555554,1.1790476190476191,1.6334392773892779,0.0,0.07733755065776815,0.25207587215058913,0.6864824462931087,1.6034855421003977,0.012527585,0.10854883,0.4268068,1.1399634,2.0254192
2016-12-03 20:00:00,0.6328333333333334,0.3968333333333333,0.49693044860313923,0.7679956080246914,0.5245214796750599,0.005700569957338112,0.09304796500653807,0.32590925932320314,0.8947600405138,1.4697255827004727,0.10426791666666667,0.16018511904761903,0.5172083333333333,1.196904761904762,1.6986910984848487,0.0,0.08251047308588214,0.2622484655088575,0.6864824462931087,1.6034855421003977,0.01862848,0.10890685,0.42069003,1.1245706,1.9944831
2016-12-03 21:00:00,0.3206666666666667,0.20766666666666664,0.49729267355907264,0.7823305555555553,0.5571319728367716,0.005849221767609887,0.09578914770035728,0.3347503683318761,0.9093589994393354,1.477150393744437,0.10841458333333333,0.16388425925925926,0.5179503968253969,1.2283787202380954,1.738804166666667,0.0,0.08251047308588214,0.29322940169343953,0.7317510281958669,1.633249824078224,0.013268407,0.101383045,0.43182024,1.1052532,1.957981
2016-12-03 22:00:00,0.5001666666666666,0.07133333333333333,0.48167507166730106,0.8493885756172838,0.5571319728367716,0.00618000852121184,0.10300049929733862,0.3454518422398275,0.9050656571770465,1.4024165344852833,0.11224030303030304,0.19537545787545788,0.5952559523809524,1.2759335317460314,1.738804166666667,0.0,0.07398793430809161,0.2875442136724262,0.7317510281958669,1.633249824078224,0.0,0.09893247,0.48685828,1.2109977,2.1392248
2016-12-03 23:00:00,0.3151666666666667,0.07883333333333332,0.48448567683359245,0.8362968348765428,0.5555635904418736,0.006432981748044903,0.10926552228964792,0.3642074243998036,0.9152027619671887,1.3508694603251385,0.10752222222222221,0.20288690476190474,0.6072583333333335,1.2909839285714286,1.774997261904762,0.0,0.07398793430809161,0.2875442136724262,0.6939039323315234,1.6107851671648865,0.0,0.095137,0.49127832,1.2299249,2.1595995
2016-12-04 00:00:00,0.107,0.09066666666666669,0.4839594433031973,0.7819772731481481,0.5489804215788282,0.006692126907777174,0.11400553986834693,0.379497023069775,0.9047183077964522,1.3340879247535797,0.10620185185185187,0.20288690476190474,0.5849236111111111,1.196904761904762,1.8315611111111112,0.0,0.07398793430809161,0.2875442136724262,0.6939039323315234,1.5990676550844423,0.01350312,0.11926489,0.42700547,1.0708165,1.8747938
2016-12-04 01:00:00,0.22416666666666663,0.14766666666666667,0.49140349503085007,0.7922688386243384,0.5479444633864629,0.006689302056106208,0.11642217808068257,0.393933712767305,0.9182462683151457,1.3111569772056841,0.10370666666666667,0.189094696969697,0.5898976190476191,1.2555015873015873,1.838629365079365,0.0,0.07398793430809161,0.2875442136724262,0.6939039323315234,1.5990676550844423,0.008158728,0.116015084,0.40936702,1.0606956,1.8389708
2016-12-04 02:00:00,0.238,0.11816666666666668,0.4878315255210259,0.863539680776014,0.5479444633864629,0.0069352252556753365,0.12093699803445329,0.38897456915696405,0.9032373774109322,1.1767703431517176,0.10919166666666669,0.2121328125,0.6297034412955465,1.3112664141414143,1.838629365079365,0.0,0.07398793430809161,0.2875442136724262,0.6939039323315234,1.5990676550844423,0.0,0.10876875,0.43399584,1.1407807,1.9418081
2016-12-04 03:00:00,0.3036666666666667,0.20233333333333337,0.4904563646245004,0.8403748458994706,0.5479444633864629,0.007064751219551024,0.12524048787989195,0.40039713354889356,0.9266894785523363,1.1068807118440644,0.10428579545454546,0.20577083333333335,0.6015865384615384,1.3019687500000001,1.8450192857142862,0.0,0.08118194233813482,0.29322940169343953,0.6939039323315234,1.5990676550844423,0.0,0.10779565,0.4416411,1.2128004,2.0288327
2016-12-04 04:00:00,0.22366666666666662,0.1715,0.4963454127089587,0.9249247003968255,0.5144220932801498,0.0071644439763122545,0.12649841436316756,0.3887875497771514,0.9221867338846577,1.050543287477883,0.11301833333333333,0.3623085016835017,0.7696722222222222,1.4469499999999997,1.8450192857142862,0.0,0.07779861843195744,0.2565632774878442,0.6676158185791344,1.569303373106616,0.0,0.09858289,0.41596484,1.1764034,1.8998333
2016-12-04 05:00:00,0.13816666666666666,0.164,0.48974059864957803,0.9503640376984125,0.5144220932801498,0.006831091879443321,0.11929758661409452,0.3676157480498464,0.8753438300470165,0.9940698160027938,0.11791333333333334,0.3649950757575758,0.8207916666666666,1.4641385582010582,1.8450192857142862,0.0,0.07600901991002083,0.25207587215058913,0.6676158185791344,1.569303373106616,0.0,0.09491026,0.37092862,1.0815566,1.724425
2016-12-04 06:00:00,0.1745,0.1905,0.48329243483807144,0.9672407314814817,0.5126288478263393,0.006765400142810346,0.11973303179283719,0.36391058407438936,0.875177423110606,0.9179445474341315,0.10815416666666666,0.34704479166666663,0.8409294871794872,1.4634991883116883,1.8009406410256408,0.0,0.07733755065776815,0.2439719679354543,0.65159025615116,1.4206753529333498,0.0,0.09025326,0.39296323,1.1750226,1.838226
2016-12-04 07:00:00,0.15183333333333335,0.17883333333333334,0.44522802189051797,0.7286341981922394,0.46039909029459475,0.005616567931458082,0.09712856599041061,0.30620008402414256,0.6701405369368507,0.6936837690245754,0.07947380952380954,0.16388425925925926,0.5255648148148149,1.125719696969697,1.793343333333333,0.0,0.07108936154776312,0.2334138648975269,0.6280161847507126,1.343218396433821,0.0,0.066604346,0.38262153,1.0877335,1.7185113
2016-12-04 08:00:00,0.07066666666666667,0.39616666666666667,0.44359648335357926,0.5444828093634757,0.3960017127559688,0.00526558714433086,0.08895864239191796,0.28549877577688876,0.5536111683953454,0.6182872058445948,0.07798206349206349,0.15364362745098037,0.38669791666666664,0.7940471611721612,1.303771904761906,0.0,0.07511190541919734,0.19629145002521697,0.5384878148170297,1.0948250838026499,0.0,0.09971313,0.32481658,0.9730886,1.4893051
2016-12-04 09:00:00,0.06733333333333333,0.5226666666666666,0.44613676301310173,0.5558776871693119,0.41642798836703265,0.004998074398532762,0.08539502788595457,0.26669338754135785,0.4421729168886003,0.5731673496369635,0.05732444444444444,0.14104398148148145,0.32700833333333335,0.7701785714285714,1.2244116071428581,0.0,0.05440464310689078,0.19675056475175481,0.6170928508516329,1.1571847235942812,0.0,0.11832747,0.2797572,1.004473,1.4846207
2016-12-04 10:00:00,0.07883333333333332,0.4806666666666667,0.4678438014788485,0.6848419305555552,0.4261140052112525,0.005185533411415949,0.08929550520301904,0.2743240252197932,0.6015929096257582,0.6509424099673897,0.08033976190476191,0.17392234848484847,0.5096720779220779,1.0443422619047618,1.6036840277777777,0.0,0.054130256911640744,0.19372985485163136,0.6350003139899605,1.1571847235942812,0.0,0.11961612,0.2896922,0.9666682,1.4105442
2016-12-04 11:00:00,0.038,0.3446666666666667,0.46866876721729284,0.675949462962963,0.4261140052112525,0.005266439983646421,0.09009992569427011,0.26469981029301,0.6449255979547592,0.6728088816213731,0.08033976190476191,0.1693746212121212,0.49421547619047623,0.9966180555555556,1.5789268518518518,0.0,0.054130256911640744,0.19372985485163136,0.6350003139899605,1.1571847235942812,0.0,0.11958463,0.30899692,1.0017405,1.4644083
2016-12-04 12:00:00,0.04783333333333334,0.2425,0.41491166760948706,0.45509418187830664,0.4226187131600831,0.0037242668777012367,0.05766647976314447,0.1867264982113731,0.3958679088942968,0.4094094776013707,0.041123148148148166,0.13439369658119654,0.2516839826839826,0.5992026515151516,1.1383337301587308,0.0,0.054130256911640744,0.19372985485163136,0.6350003139899605,1.1664971217358704,0.0019441141,0.10837591,0.23216097,0.7269719,1.1019822
2016-12-04 13:00:00,0.024666666666666667,0.08233333333333333,0.3929623944690064,0.3911804702380955,0.3972472912528647,0.003148566039492516,0.042339342112397586,0.14383325833231453,0.3057271851152424,0.40704145128699376,0.012086309523809523,0.08456684981684982,0.234125,0.5644010416666666,1.070501666666667,0.0,0.045607718133850186,0.18804466683061802,0.6114262425895132,1.1767280410098115,0.011467185,0.08763686,0.22160323,0.5539517,0.88991314
2016-12-04 14:00:00,0.04083333333333333,0.197,0.4230321775868439,0.4489775447530863,0.4012792560852045,0.004050061301067489,0.05985284517828435,0.18151013191994475,0.4156417670221424,0.47217376798590005,0.01921818181818183,0.10386666666666666,0.32797537878787875,0.7183371212121212,1.2805533333333334,0.0,0.049418402257716036,0.18804466683061802,0.6225838261001853,1.1767280410098115,0.0075503793,0.09977908,0.26190585,0.68338364,1.0769066
2016-12-04 15:00:00,0.06766666666666667,0.157,0.4419861151766588,0.5781928536155205,0.3973958232597022,0.0047906364464383976,0.0738333151289929,0.2084013350033717,0.5193314429402011,0.5803589971466478,0.030888333333333347,0.11776041666666667,0.4032407407407408,0.9498058035714285,1.3109192307692308,0.0,0.04588210432910022,0.18804466683061802,0.6225838261001853,1.1767280410098115,0.0024964598,0.1009416,0.28941268,0.8005182,1.2493583
2016-12-04 16:00:00,0.12533333333333332,0.35333333333333333,0.4485956471176973,0.551471266313933,0.42320927165923156,0.00495827968613029,0.07586919321459969,0.2310305246609347,0.5323577761110193,0.6167786529954327,0.04161617647058824,0.14657440476190478,0.3857366071428572,0.8739520833333334,1.245669761904762,0.0,0.07334990460615476,0.20703716780009943,0.6225838261001853,1.1767280410098115,0.005455561,0.10916017,0.282073,0.7402471,1.1916084
2016-12-04 17:00:00,0.2743333333333333,0.382,0.46229850759527896,0.6586717017195767,0.45171801124151606,0.005128220873619053,0.08593335803199106,0.2815338649753879,0.6289834434849952,0.7375136662733042,0.06409318181818183,0.157616452991453,0.49145000000000005,1.0272514880952381,1.4809908333333335,0.0,0.07403921538864523,0.23909905291854025,0.6350003139899605,1.246617249032027,0.01564441,0.110905655,0.30167004,0.7833293,1.2734591
2016-12-04 18:00:00,0.35283333333333333,0.4385,0.45678523897773876,0.5471871137566136,0.4688950659078387,0.0051432727494991805,0.08436781745340087,0.26488398582312433,0.5418723077522201,0.6135689753396392,0.061053571428571415,0.14442777777777777,0.33791468253968254,0.7698708333333333,1.3235391919191926,0.0,0.06838590113251719,0.2439719679354543,0.6350003139899605,1.2622051990335625,0.020941194,0.107125245,0.28993234,0.71981925,1.1964091
2016-12-04 19:00:00,0.171,0.9185,0.5014780350905067,0.6153607976190475,0.4706883113616492,0.006629685786896393,0.1169075909913654,0.36354301650885923,0.7331056054568149,0.7771587555645433,0.06777037037037037,0.17125654761904763,0.4860833333333333,0.9552662878787879,1.4069306547619054,0.0,0.06838590113251719,0.25207587215058913,0.6566924846800547,1.2622051990335625,0.011758043,0.13269064,0.3186355,0.8435979,1.3788804
2016-12-04 20:00:00,0.2831666666666667,0.6328333333333334,0.48459395590979376,0.5149231258818338,0.4752195616051838,0.006047969983769845,0.1061433553306699,0.3570506896111719,0.7006010380191614,0.8109264661214735,0.06106595238095239,0.13173541666666666,0.3304602272727273,0.6496904761904763,1.263047272727274,0.0,0.07355882356063119,0.2622484655088575,0.6566924846800547,1.2622051990335625,0.031794492,0.120394595,0.30729157,0.751949,1.2707185
2016-12-04 21:00:00,0.21383333333333338,0.3206666666666667,0.47106814298398,0.49145236111111074,0.5184279485557166,0.005614965304484524,0.09558951997108263,0.3326875036890945,0.6444560782818973,0.7871290683857974,0.05326904761904763,0.1237332251082251,0.31325000000000003,0.6743836996336997,1.3380783333333337,0.0,0.07355882356063119,0.29322940169343953,0.7174780037319707,1.2919694810113889,0.040679187,0.09788467,0.29942927,0.67593664,1.1753347
2016-12-04 22:00:00,0.11916666666666668,0.5001666666666666,0.5117934622781743,0.5017582339065252,0.5043592134747997,0.007022531961369488,0.12046007454382922,0.38993043365188895,0.8171608912840895,0.922881970757078,0.038464166666666674,0.0977900641025641,0.30794444444444447,0.7694208333333333,1.259135740740741,0.0,0.07355882356063119,0.29322940169343953,0.7050615158421955,1.2919694810113889,0.007932999,0.09334179,0.3294979,0.8898262,1.4771972
2016-12-04 23:00:00,0.19866666666666663,0.3151666666666667,0.5132387650747837,0.5081250659171073,0.5043592134747997,0.006923520333391097,0.11767286707797063,0.3875814355696982,0.8316832427192107,0.9388090752171218,0.030853285256410262,0.09701007326007326,0.2971413690476191,0.7498259803921569,1.2488207142857144,0.0,0.07355882356063119,0.29322940169343953,0.7050615158421955,1.2919694810113889,0.0,0.07819328,0.33144468,0.9149199,1.5070823
2016-12-05 00:00:00,0.257,0.107,0.4686765675604802,0.46238673302469124,0.5076149258631992,0.005496462075596991,0.09724721710927292,0.34075478592823094,0.6736771290350134,0.8531194665570819,0.0382529761904762,0.0805720238095238,0.23385416666666667,0.6743836996336997,1.1485428571428582,0.0,0.06503628478284065,0.2875442136724262,0.7050615158421955,1.3036869930918331,0.04628618,0.04693635,0.2758003,0.6216368,1.1633695
2016-12-05 01:00:00,0.32566666666666666,0.22416666666666663,0.4755035430330088,0.48558743231922374,0.4999957988077886,0.005306045513085623,0.09501986319211378,0.34019418171605736,0.6456133010229325,0.7556189608484647,0.026437500000000003,0.07177864583333333,0.21942361111111108,0.6894444444444444,1.2268150000000004,0.0,0.07355882356063119,0.29322940169343953,0.7050615158421955,1.2919694810113889,0.03385042,0.0499175,0.27542856,0.6441502,1.1672624
2016-12-05 02:00:00,0.1275,0.238,0.48974310519571745,0.5183244111552023,0.4999957988077886,0.005650138358633469,0.10109991751467153,0.34576880895779755,0.6896603541154722,0.7406901734078448,0.028902564102564105,0.087959375,0.2702361111111111,0.7694208333333333,1.3113636363636365,0.0,0.07355882356063119,0.29322940169343953,0.7050615158421955,1.2919694810113889,0.00953478,0.05195282,0.27876064,0.77574635,1.3261648
2016-12-05 03:00:00,0.16,0.3036666666666667,0.5027383756070508,0.4717194713403878,0.5095332836451708,0.005891182151228927,0.10842565365416496,0.3638424891733181,0.7596249220487373,0.778333753028329,0.025856250000000004,0.07292534722222223,0.2500347222222222,0.725038888888889,1.3212154882154883,0.0,0.07355882356063119,0.29322940169343953,0.7174780037319707,1.2919694810113889,0.0,0.058141526,0.28688106,0.92003554,1.5034602
2016-12-05 04:00:00,0.425,0.22366666666666662,0.4850323859762298,0.48451981657848314,0.47290806555768344,0.005291439220326234,0.09367083345530544,0.3305946504547729,0.692489193915486,0.7372823664563413,0.027353846153846156,0.0794125,0.22443452380952383,0.676917467948718,1.3682904761904766,0.0,0.07355882356063119,0.2622484655088575,0.651025876417935,1.282512799166528,0.0,0.059163887,0.27057183,0.8034354,1.3301936
2016-12-05 05:00:00,0.255,0.13816666666666666,0.45102091498912855,0.4516356280864198,0.47290806555768344,0.004459343705714594,0.07585488385901155,0.2764061635061151,0.5481403786273331,0.5997286105326792,0.02268958333333334,0.07177864583333333,0.18880882352941175,0.6109940476190475,1.2730022727272736,0.0,0.05986336235472667,0.24639068412957577,0.651025876417935,1.282512799166528,0.0,0.039924655,0.26207617,0.6785245,1.1416731
2016-12-05 06:00:00,0.114,0.1745,0.46484250944740324,0.5236534815832318,0.4645316512408276,0.004703157659296079,0.08140982940355901,0.2770299340763276,0.5821648261592776,0.5921045921095244,0.03930297619047621,0.08374166666666666,0.2126878787878788,0.6768035714285715,1.352875,0.0,0.05986336235472667,0.23828677991444097,0.6350003139899605,1.2622051990335625,0.0,0.05901597,0.2551201,0.81406116,1.290616
2016-12-05 07:00:00,0.13183333333333333,0.15183333333333335,0.4684242383332169,0.4796492024827027,0.447354596574505,0.004853821952471827,0.08338374743530394,0.2604700798108844,0.5296525016246428,0.5933322741299195,0.01657645687645688,0.06134902597402597,0.17953333333333332,0.6459761904761905,1.2585111111111114,0.0,0.05832702789864633,0.2334138648975269,0.6350003139899605,1.246617249032027,0.0,0.07179113,0.25221112,0.9036318,1.3819666
2016-12-05 08:00:00,0.281,0.07066666666666667,0.4422584710264843,0.6291737863756618,0.4244999090041005,0.004159708458516978,0.07068845137306042,0.2062889850148615,0.3678090764352311,0.465796136105006,0.04342037037037038,0.13778077651515153,0.47076944444444446,0.9504614583333333,1.3883087301587302,0.0,0.05763771711615585,0.2013519797790861,0.6350003139899605,1.1571847235942812,0.0,0.05588433,0.2141874,0.7642661,1.1537155
2016-12-05 09:00:00,0.21633333333333338,0.06733333333333333,0.4290751602639405,0.6679168306878314,0.40256989343007343,0.00382036042981622,0.06440184351840898,0.18379691499171855,0.32763953674971735,0.42061792207304155,0.039615000000000004,0.13778077651515153,0.4866776556776557,0.9656874999999998,1.4809908333333335,0.0,0.03869245561689183,0.18804466683061802,0.6350003139899605,1.1571847235942812,0.0,0.053125426,0.20675416,0.73678744,1.1147366
2016-12-05 10:00:00,0.07766666666666668,0.07883333333333332,0.3925197842140964,0.33993242328042356,0.3928838765858536,0.002531414482597842,0.038131489341882,0.1390330786001514,0.20380186625504804,0.24377002831620037,0.010802857142857145,0.06472023809523808,0.17703221288515403,0.4457375,0.7929817129629634,0.0,0.0384180694216418,0.18804466683061802,0.6114262425895132,1.1571847235942812,0.010181742,0.061794706,0.17054966,0.50781476,0.80587584
2016-12-05 11:00:00,0.025833333333333333,0.038,0.3723830419699559,0.27552353615520286,0.3551526057051705,0.002347391151185408,0.03249677191306162,0.10302331601632851,0.16902776978051226,0.169735458737321,0.012163809523809526,0.07941493055555555,0.1897701465201465,0.4433527777777778,0.7728983333333334,0.0,0.04212920455853899,0.14139010972384228,0.41476013940504214,1.0948250838026499,0.033029404,0.05752432,0.12492537,0.41836095,0.6937422
2016-12-05 12:00:00,0.004833333333333333,0.04783333333333334,0.3814382291457708,0.4066453738977072,0.3825635986872043,0.002813812803106862,0.04050183898263032,0.10523454277112182,0.2188224310436222,0.23383458361203646,0.008469940476190478,0.06721130952380952,0.21468125,0.58684375,1.1514291666666667,0.0,0.04212920455853899,0.1551565373988482,0.5042885093387256,1.1664971217358704,0.041848492,0.0586447,0.14039454,0.4363405,0.70627415
2016-12-05 13:00:00,0.0,0.024666666666666667,0.3516287081208457,0.3853378888888891,0.3212100630564179,0.0024091068351281544,0.027347932642897,0.05953338521012705,0.08902380810472588,0.17321860328754723,0.004054497354497357,0.0336625,0.21327407407407406,0.5183095238095239,1.0541638888888893,0.0,0.04212920455853899,0.1236300560321993,0.3872157600427202,1.0232964199436465,0.034177795,0.05460017,0.08720982,0.3109394,0.5499594
2016-12-05 14:00:00,0.008,0.04083333333333333,0.3567072944004739,0.3558345701058199,0.33074754789380023,0.0023083577081663654,0.0293804501222487,0.08886316876164113,0.10865759223733734,0.19584241280363246,0.0013822649572649572,0.0345,0.16899722222222224,0.4450035714285715,0.9226833333333345,0.0,0.04212920455853899,0.14139010972384228,0.39963224793249535,1.0392025715043813,0.03439132,0.11053948,0.11263823,0.31166315,0.544762
2016-12-05 15:00:00,0.004,0.06766666666666667,0.3627389194673794,0.3502592762345679,0.3466350342283494,0.0026197780496107458,0.03509298760504707,0.10291244613495222,0.13864975564814214,0.25175982372443095,0.006490277777777779,0.04081309523809524,0.20459722222222226,0.4544403935185185,0.8120728956228956,0.0,0.04588210432910022,0.1742782391556121,0.5067699811832834,1.0392025715043813,0.03729169,0.112910286,0.12022853,0.32595718,0.5663051
2016-12-05 16:00:00,0.0,0.12533333333333332,0.3771133416089242,0.3542198273809523,0.3643857656444504,0.002853882537906751,0.04410637916523218,0.14663423551137805,0.220762540466658,0.35329413683290123,0.010347777777777777,0.07126527777777777,0.22541835016835016,0.4544403935185185,0.8120728956228956,0.0,0.06482736582836422,0.18758555210408018,0.5067699811832834,1.0392025715043813,0.036760185,0.13214834,0.13494545,0.3516137,0.61085594
2016-12-05 17:00:00,0.0,0.2743333333333333,0.4024486392445554,0.37764913932980604,0.3872404532148549,0.003261873553719847,0.056843505330610326,0.20862218154443773,0.34783720149049757,0.5156375832357721,0.04006833333333333,0.12640277777777775,0.2532939393939394,0.4890377450980392,0.747888333333334,0.0,0.07403921538864523,0.22533262524353434,0.5067699811832834,1.0637875065718885,0.046536315,0.127743,0.17113863,0.41387665,0.7483503
2016-12-05 18:00:00,0.0,0.35283333333333333,0.4118774809389261,0.39783723743386246,0.40441750788117753,0.0036990344676997348,0.06438619630988168,0.23218196189321078,0.3810793428554205,0.5473599417003443,0.042293333333333336,0.13884895833333333,0.26923039215686273,0.496458664021164,0.737430303030303,0.0,0.07557554984472557,0.2302055402604484,0.5067699811832834,1.079375456573424,0.045966715,0.14550693,0.16977292,0.42118847,0.762118
2016-12-05 19:00:00,0.0,0.171,0.4064660257286414,0.4156920694845278,0.3815906841425079,0.003418453672864815,0.0635280515359724,0.23478044817386406,0.38652070334208666,0.5383234904834004,0.06447708333333334,0.16243749999999996,0.27790935672514616,0.5096753472222222,0.8309269841269842,0.0,0.06705301106693505,0.23262425645456986,0.5294199829300811,1.0155095776463257,0.048149373,0.10581572,0.18514897,0.4319517,0.787386
2016-12-05 20:00:00,0.0,0.2831666666666667,0.4301805717423078,0.4289941667067499,0.39473403749152886,0.003909824203260049,0.07232707505088916,0.2656212457897781,0.45724237841638526,0.6131922315411281,0.07432916666666665,0.16116071428571427,0.3129041666666667,0.549861111111111,0.9721666666666668,0.0,0.08074847227283956,0.2484820378338517,0.5294199829300811,1.0296653012796626,0.038879093,0.10209315,0.2039695,0.46814767,0.8274535
2016-12-05 21:00:00,0.0,0.21383333333333338,0.4181519154100787,0.3764296171737214,0.39632339993756693,0.003708263473836285,0.06570131733731663,0.24738956182513056,0.38642529645802837,0.5692475394864512,0.051896666666666674,0.1321266835016835,0.2718529040404041,0.5135580357142858,0.8311825396825397,0.0,0.07941994152509224,0.27946297401843356,0.5504231081856141,1.038958118984625,0.03894047,0.0958962,0.18455634,0.4209934,0.7643132
2016-12-05 22:00:00,0.0,0.11916666666666668,0.40871117057854883,0.41054974437830705,0.39632339993756693,0.0033923883407166464,0.060731841085730695,0.24780203023246028,0.34979892359429055,0.5188677464375131,0.04226666666666667,0.14852380952380953,0.2642588141025641,0.4767619047619047,0.8311825396825397,0.0,0.07222593349504904,0.27377778599742025,0.5504231081856141,1.038958118984625,0.030407235,0.092227876,0.18192393,0.3860018,0.7495834
2016-12-05 23:00:00,0.0,0.19866666666666663,0.4194603735428788,0.4077040259038803,0.39632339993756693,0.003423968936381124,0.061960484256761594,0.26601515103589657,0.38071819936138684,0.5565612695598342,0.040100277777777776,0.13046759259259258,0.256275462962963,0.4919580269607842,0.8358358974358974,0.0,0.07603661761891486,0.27377778599742025,0.5504231081856141,1.0230519674238903,0.026820188,0.08578864,0.18873353,0.4061567,0.7950943
2016-12-06 00:00:00,0.0,0.257,0.42675300917908116,0.3897969841269844,0.3867859151001846,0.003080928102100516,0.06044992448551435,0.24731329814202974,0.35503866048200633,0.5377603922118513,0.04268205128205128,0.14651780303030304,0.26529700854700855,0.4584938811188811,0.7286654761904763,0.0,0.08074847227283956,0.27946297401843356,0.5380066202958389,0.9745682449882456,0.038999334,0.06581703,0.20178348,0.34784108,0.7175971
2016-12-06 01:00:00,0.0,0.32566666666666666,0.4325169526159951,0.3752135570987657,0.3924181349217682,0.003116312049798264,0.06274388222110362,0.2525939598484072,0.36663849832077255,0.5098036004816693,0.04891250000000001,0.14838095238095242,0.2795648148148149,0.5095931712962962,0.6885833333333338,0.0,0.08074847227283956,0.27946297401843356,0.5504231081856141,0.9745682449882456,0.019404946,0.0385373,0.1842091,0.33918676,0.6870504
2016-12-06 02:00:00,0.0,0.1275,0.4090869360766715,0.3755126706349209,0.3924181349217682,0.0026702634810913954,0.0518267980923617,0.20283746950985226,0.27950307165935867,0.42122937696961793,0.05327049019607845,0.15057119963369964,0.26040972222222225,0.44983733974358975,0.654422727272728,0.0,0.07222593349504904,0.27377778599742025,0.5504231081856141,0.9745682449882456,0.0,0.0024827183,0.18075466,0.34874845,0.68552035
2016-12-06 03:00:00,0.0,0.16,0.4110493593398343,0.36167437720458573,0.3924181349217682,0.001932415816695266,0.03992641856122241,0.11197327726272377,0.15169364523404205,0.1880660238979672,0.04642179487179487,0.142125,0.25649929971988794,0.4859664502164502,0.6829523809523812,0.0,0.07222593349504904,0.27377778599742025,0.5504231081856141,0.9745682449882456,0.01657995,0.034290593,0.22696705,0.4094817,0.8030934
2016-12-06 04:00:00,0.0,0.425,0.4275033059748095,0.35947136552028236,0.3754680072267504,0.0025823829217810133,0.05198090514812383,0.22769542385268499,0.30512766294783905,0.35895685378202224,0.04137333333333333,0.1210462962962963,0.23800808080808078,0.4503035037878788,0.7083895833333336,0.0,0.08074847227283956,0.2484820378338517,0.5142920914575343,0.9511197036499461,0.0041961605,0.033884153,0.20965384,0.3870533,0.72868377
2016-12-06 05:00:00,0.0,0.255,0.4084122843562564,0.31031661341744676,0.3659305223893681,0.0023104552107760996,0.040763991152700484,0.17674852472714858,0.22272281769892632,0.26361708780751747,0.029922916666666667,0.10738854166666667,0.22796031746031747,0.4337263888888889,0.6224721794871798,0.0,0.07557554984472557,0.2383094444755832,0.5018756035677587,0.9511197036499461,0.006209194,0.045462318,0.21018884,0.35366318,0.6706308
2016-12-06 06:00:00,0.0,0.114,0.3890738061617011,0.312002506393298,0.3736747617729399,0.0,0.0012429353475378838,0.011011243208904009,0.021564375188078622,0.11376651478526849,0.02791051282051282,0.08428749999999999,0.23482142857142857,0.4544403935185185,0.6529213383838387,0.0,0.06705301106693505,0.22452035223943506,0.4982665290295598,0.9511197036499461,0.0,0.046120167,0.22551504,0.40042996,0.72869563
2016-12-06 07:00:00,0.0,0.13183333333333333,0.3839120128998036,0.30181059766313934,0.35800265730795433,0.0,0.001290405884448978,0.020691262183218928,0.04357145247523764,0.10727112444568701,0.020574621212121214,0.08192824074074073,0.22514718614718615,0.4366927083333333,0.6458610722610724,0.0,0.06551667661085471,0.219647437222521,0.4858500411397842,0.9355317536484106,0.0,0.058088798,0.21510176,0.37616163,0.6738988
2016-12-06 08:00:00,0.0,0.281,0.3973838986119404,0.37037352579365085,0.36191138348719865,0.0019566414235603177,0.032021044373677504,0.14385766468533062,0.2282247529507524,0.2988638457920506,0.03260263951734539,0.08937622549019608,0.22865277777777776,0.5345642857142857,0.8163888888888892,0.0,0.07334990460615476,0.19327074012509352,0.5009779326123314,0.9743991137609957,0.010202898,0.07971531,0.21944973,0.4145703,0.7151043
2016-12-06 09:00:00,0.0,0.21633333333333338,0.3903571500485465,0.38733940013227486,0.3585102333453229,0.001748674027879688,0.027595536607525922,0.12483910934588138,0.2153284725830722,0.2985725067196119,0.03120000000000001,0.08569551282051283,0.22865277777777776,0.5881212962962964,1.009164705882353,0.0,0.04969278845296607,0.1742782391556121,0.506872832795417,1.0694578704321964,0.012648285,0.082489826,0.21952134,0.4169477,0.71087986
2016-12-06 10:00:00,0.0,0.07766666666666668,0.3719548868812094,0.4030473981481482,0.38823796855972786,0.0012829363922242322,0.019254475814612964,0.10012971560052611,0.17715104639404194,0.31243444601639914,0.022708809523809534,0.08367261904761905,0.2789272486772487,0.6443971861471861,1.1421629629629633,0.0,0.045607718133850186,0.1742782391556121,0.5493135319098386,1.0833324392930128,0.025113665,0.08248214,0.20669073,0.37897828,0.6612267
2016-12-06 11:00:00,0.0,0.025833333333333333,0.3551853800110006,0.34468486574074064,0.36171476299056526,0.0011445467417751168,0.01361380302443281,0.07075891612464971,0.1217518674520986,0.2881040696498115,0.011197575757575759,0.04582619047619048,0.197,0.48733699633699634,0.9221880952380963,0.0,0.04212920455853899,0.09203667945802183,0.436382145643674,1.015054836098013,0.032101877,0.08384156,0.19281536,0.34783685,0.63107175
2016-12-06 12:00:00,0.0,0.004833333333333333,0.3457868825319096,0.31555942261904757,0.3502592627573843,0.0010214331294751276,0.012136297561717073,0.06488298361230876,0.1111179939063891,0.3225667475825281,0.0023961038961038965,0.029422619047619048,0.16594791666666664,0.4336712962962963,0.7441389610389612,0.0,0.03296471405814523,0.09203667945802183,0.4212542541711272,0.9530891337244235,0.02535738,0.09130831,0.17316847,0.31988046,0.6131936
2016-12-06 13:00:00,0.0,0.0,0.3394912422279884,0.27229780136684295,0.30710579487111583,0.0011328788700565127,0.013110987395078141,0.06215265666484046,0.1143900616344618,0.37576559395005293,0.0,0.005151041666666667,0.10709772727272727,0.317975,0.6063740740740744,0.0,0.03296471405814523,0.05366744636273802,0.35476096538378576,0.95178349115924,0.0028177495,0.09718583,0.15778582,0.2922712,0.61526805
2016-12-06 14:00:00,0.0,0.008,0.3491248074593608,0.2929632136243384,0.3554966993066146,0.0012476579101425205,0.018172380657175552,0.08184882156199455,0.1620647217098875,0.44535327404381186,0.0013375000000000004,0.021544871794871794,0.1505138888888889,0.39638425925925924,0.7150452380952385,0.0,0.03296471405814523,0.09203667945802183,0.4212542541711272,1.0277099269947443,0.011816297,0.104925364,0.15214562,0.29898965,0.64433444
2016-12-06 15:00:00,0.0,0.004,0.3521795917005503,0.27425190917107567,0.3554966993066146,0.0013543278751029122,0.021919919355409635,0.09581637504797372,0.1836987374236172,0.49283198684179197,0.0002528205128205131,0.02204059829059829,0.11774669312169313,0.3509259259259259,0.7140812500000001,0.0,0.033239100253395264,0.09203667945802183,0.4212542541711272,1.0277099269947443,0.009533556,0.110503405,0.14466159,0.2896115,0.6515684
2016-12-06 16:00:00,0.0,0.0,0.35842272273190445,0.23925611022927679,0.3383410897341782,0.0013754156986038595,0.02692923154384642,0.11096288125522255,0.1829160021436536,0.46508501397095536,0.0,0.00293125,0.07796458333333332,0.2982485431235431,0.7207979166666668,0.0,0.05218436175265928,0.05726682573478048,0.36988885685633255,0.9516098496192456,0.033718787,0.10106326,0.14866506,0.30269673,0.67125815
2016-12-06 17:00:00,0.0,0.0,0.3688755417230611,0.2898662332451499,0.3426896415005461,0.0015134937804500452,0.03339802864472646,0.13755373147578878,0.22214273268345713,0.49859681863941663,0.0,0.025903645833333336,0.13663194444444446,0.38663095238095235,0.8030707977207979,0.0,0.05287367253514976,0.10017987418450211,0.364121036786648,0.9623998791314377,0.05018941,0.1015566,0.16396971,0.32030022,0.6859481
2016-12-06 18:00:00,0.0,0.0,0.3733055723167644,0.38344893033509686,0.3533071472969827,0.0018599791478660422,0.041930891904174226,0.16683474722758065,0.2825437253833967,0.6062412753242744,0.0,0.04530833333333333,0.20622361111111112,0.5435997474747475,1.0874444444444455,0.0,0.0544100069912301,0.10505278920141614,0.3823053447461077,1.0496662236389536,0.05410258,0.100151666,0.17629465,0.32198536,0.70363104
2016-12-06 19:00:00,0.0,0.0,0.3945905933563543,0.45459078747795406,0.36785720943425454,0.002610410636342509,0.056559718181204525,0.21241456660333569,0.42478155831653003,0.8215224338196541,0.0,0.06989636752136752,0.26535714285714285,0.6031166666666667,1.14477843137255,0.0,0.0544100069912301,0.09539663972490799,0.3924360069909967,1.0496662236389536,0.06260711,0.091289125,0.20884252,0.37898633,0.81944144
2016-12-06 20:00:00,0.0,0.0,0.3921541205950311,0.4830401552028217,0.36785720943425454,0.002389028906495958,0.05587821082112182,0.23141998522357432,0.4439098688098327,0.8940474643477567,0.002939583333333335,0.0744392361111111,0.24858404558404557,0.6315393518518518,1.1371666666666667,0.0,0.059582929419344094,0.11650329849104574,0.3924360069909967,1.0496662236389536,0.06872555,0.09103043,0.22155108,0.36137676,0.7939681
2016-12-06 21:00:00,0.0,0.0,0.3786265664022051,0.3835146915784831,0.34245888765610044,0.0024861173030077495,0.05422734845815856,0.22323417075403582,0.40146039204528716,0.8918225382215148,0.0,0.044770833333333336,0.20650138888888886,0.4679548611111111,0.915261111111113,0.0,0.06134493023238668,0.1395508687143673,0.41878703516793647,1.010443177333147,0.074187204,0.09921299,0.21727076,0.34197664,0.7777403
2016-12-06 22:00:00,0.0,0.0,0.39367992685337194,0.3892734594356259,0.3583624188224536,0.0028254252270529336,0.06004993534310506,0.24108029782791576,0.45168383349899954,0.9329851816215411,0.0,0.03697916666666667,0.21150520833333336,0.47649097222222214,1.0306627314814816,0.0,0.06134493023238668,0.12179081502272428,0.4063705472781613,1.073114764977253,0.086052634,0.094638355,0.23689826,0.36478382,0.80231357
2016-12-06 23:00:00,0.0,0.0,0.3899598795396537,0.4228660037477955,0.360133491248656,0.0027425624878952095,0.059551926267588096,0.25290233168563064,0.47642329256151583,1.0086782493764797,0.003040909090909091,0.059387784090909085,0.24544212962962964,0.5447465277777778,1.0306627314814816,0.0,0.06134493023238668,0.1395508687143673,0.41878703516793647,1.024598900966484,0.08580365,0.08609515,0.2451142,0.35966983,0.8146272
2016-12-07 00:00:00,0.0,0.0,0.37991284525785773,0.42014280379188707,0.34927512507942127,0.0019496266353082085,0.047252291762118995,0.21884837574411642,0.3878387220634534,0.937321053502225,0.022120000000000004,0.09000520833333335,0.26247979797979804,0.5531696428571429,1.059026666666667,0.0,0.06134493023238668,0.1395508687143673,0.4036591436953897,0.9460533033367677,0.04781674,0.05959068,0.24929477,0.37790662,0.8682101
2016-12-07 01:00:00,0.0,0.0,0.37859760295594547,0.46953806547619065,0.3453698600636225,0.001661283300327077,0.04333617187602818,0.20402863763436124,0.3438307084415035,0.8318392094298324,0.02188092592592593,0.09625694444444444,0.26791785714285715,0.559675925925926,1.201306904761906,0.0,0.06134493023238668,0.1395508687143673,0.4036591436953897,0.9262915641525368,0.034489404,0.05651245,0.25182837,0.3913888,0.8819399
2016-12-07 02:00:00,0.0,0.0,0.37937758601050714,0.4026000500440916,0.3358323752262402,0.0017110847072079006,0.039990683241476546,0.1828939293013863,0.3234585252497934,0.7923743237133651,0.014691666666666678,0.07803571428571429,0.22945714285714286,0.5069708333333334,1.0328814814814817,0.0,0.06134493023238668,0.12179081502272428,0.3912426558056145,0.9262915641525368,0.038057484,0.05186369,0.26749435,0.3988411,0.8697055
2016-12-07 03:00:00,0.0,0.0,0.37838463392951976,0.43736915189594355,0.3453698600636225,0.0015728743442447516,0.037366220749379286,0.17044380239823587,0.3067845547330406,0.7408847115796635,0.014691666666666678,0.08424015151515152,0.2330761904761905,0.5760284090909091,1.0761544444444457,0.0,0.06134493023238668,0.12179081502272428,0.41878703516793647,0.9262915641525368,0.034236476,0.045501214,0.2625211,0.4077802,0.860122
2016-12-07 04:00:00,0.0,0.0,0.3735792495435445,0.46041708267195797,0.34532716583804113,0.0008827396075758383,0.0280747418893738,0.150823918932582,0.2700233539456879,0.65906905323121,0.0291905303030303,0.09872692307692307,0.24612037037037038,0.4990922619047619,1.071819444444446,0.0,0.06134493023238668,0.11650329849104574,0.3773081155184499,0.9028430228142375,0.022675026,0.027153334,0.24401584,0.4042835,0.83201885
2016-12-07 05:00:00,0.0,0.0,0.3639711589413448,0.43057526234567906,0.3191709428682136,0.0005359654413021135,0.018154606520297923,0.10345347091235535,0.174530996057977,0.5075868931849855,0.028720833333333345,0.1126883116883117,0.24612037037037038,0.4745305555555555,1.0274362433862434,0.0,0.0544100069912301,0.11315669341655091,0.36501870774207584,0.8608639026411099,0.011389484,0.018970085,0.23999853,0.40204957,0.7996235
2016-12-07 06:00:00,0.0,0.0,0.3575348795966495,0.3969368258377426,0.31442338144006615,0.00048334274197342226,0.01408706788938599,0.08310435781304709,0.17518153508497047,0.5445018530075266,0.004200000000000001,0.07756944444444445,0.23598809523809522,0.48118560606060606,0.9245909090909089,0.0,0.0544100069912301,0.08729273550977322,0.3424715576074117,0.8889684539534208,0.011262181,0.028131872,0.2507529,0.400708,0.7734897
2016-12-07 07:00:00,0.0,0.0,0.3494647372254521,0.3941674345238096,0.31157228805480947,0.00016894251346065512,0.008151846397201498,0.05787856725505444,0.1395861830504156,0.5002369693429805,0.006355714285714292,0.07762962962962963,0.2188803418803419,0.4714548611111111,0.8422827380952388,0.0,0.05287367253514976,0.09271507700730465,0.3424715576074117,0.8733805039518852,0.0045575732,0.036880687,0.2470584,0.4019762,0.745857
2016-12-07 08:00:00,0.0,0.0,0.3445106243069584,0.40484657539682534,0.2941863922600521,0.0,0.0,0.02536991113351808,0.07559346571096648,0.3775942628567256,0.005191666666666668,0.08753258547008547,0.21012777777777775,0.47649097222222214,0.7462247619047622,0.0,0.05218436175265928,0.08532213594086889,0.3489931453141012,0.8742563832925155,0.0,0.041460928,0.2276889,0.40958893,0.7180153
2016-12-07 09:00:00,0.0,0.0,0.33946761891355426,0.4253485734126983,0.32155712860263963,0.0,0.0,0.0033832358663408446,0.06882173235239919,0.40396643268547594,0.007005000000000004,0.08054166666666665,0.25167548076923074,0.5477034632034632,0.9552934523809524,0.0,0.033239100253395264,0.1375552902820748,0.4147866894572368,0.8497363971516881,0.0,0.052697733,0.22399971,0.4258524,0.7181096
2016-12-07 10:00:00,0.0,0.0,0.3346815893066013,0.4139049495149911,0.2743224224343686,0.0,0.0,0.0,0.0479971639873914,0.4077798387690055,0.0,0.025709706959706962,0.2973166666666667,0.575637784090909,0.9390708333333337,0.0,0.03296471405814523,0.10543272903281993,0.14091348258672148,0.8497363971516881,0.0,0.06907013,0.2124351,0.43793482,0.7107259
2016-12-07 11:00:00,0.0,0.0,0.32945942737407613,0.4273437498396662,0.2743224224343686,0.0,0.0,0.0,0.04008174569014589,0.4263538564654876,0.0,0.03009722222222222,0.3098888888888889,0.5933154761904762,0.9595969696969698,0.0,0.03296471405814523,0.09582518684173649,0.13651358688524914,0.910139719857517,0.0,0.077571824,0.19524823,0.44522205,0.7276061
2016-12-07 12:00:00,0.0,0.0,0.33362043336580505,0.43840712946929583,0.27822768745016735,0.0,0.0,0.0,0.07702690047782879,0.5015171432748949,0.0,0.03977083333333334,0.3102013888888889,0.6113993055555557,0.9647309523809534,0.0,0.03296471405814523,0.08372182671459046,0.1313745932623422,0.9194521179991063,0.0,0.08798884,0.18511333,0.45075482,0.74467385
2016-12-07 13:00:00,0.0,0.0,0.3354227220804665,0.44495033846400484,0.27822768745016735,0.0,0.0,0.0,0.080585072392233,0.5138844920744521,0.0,0.05688589015151515,0.31114583333333334,0.6141270833333334,0.9647309523809534,0.0,0.03296471405814523,0.08372182671459046,0.1313745932623422,0.978166759708692,0.0,0.09057761,0.17183754,0.45097056,0.7662756
2016-12-07 14:00:00,0.0,0.0,0.33958912440529704,0.4549975421677085,0.27822768745016735,0.0,0.0,0.0,0.095543203624186,0.5465482873548675,0.0,0.05207619047619047,0.29820454545454544,0.6113993055555557,0.9647309523809534,0.0,0.03296471405814523,0.08372182671459046,0.1313745932623422,0.994072911269427,0.0,0.086370856,0.16616121,0.45613495,0.79368436
2016-12-07 15:00:00,0.0,0.0,0.3496644747587282,0.45940850645342274,0.27822768745016735,0.0,0.0,0.0,0.13921966509092853,0.6125647943102774,0.0,0.049741071428571426,0.30339718614718614,0.6354017857142856,1.0274362433862434,0.0,0.0009669009944832507,0.02067827461137804,0.1313745932623422,0.994072911269427,0.0,0.080162555,0.1567132,0.45316076,0.8001747
2016-12-07 16:00:00,0.0,0.0,0.36135121819901533,0.48534751703543333,0.29597841886626836,0.0,0.003334330499855327,0.00712983441659415,0.19982314950009078,0.7028442246333253,0.0,0.05322083333333333,0.3104484649122807,0.6539244791666666,1.0274362433862434,0.0,0.0009669009944832507,0.02067827461137804,0.1313745932623422,1.004546688819263,0.0,0.07421844,0.16668883,0.46565688,0.82591057
2016-12-07 17:00:00,0.0,0.0,0.3749964054747004,0.5211898179613594,0.31827631046397603,0.0,0.011265846873331445,0.056567504013275094,0.30270471602406923,0.8750018333274439,0.0,0.06605753968253968,0.34066506410256414,0.7053735431235431,1.0865916666666666,0.0,0.0009669009944832507,0.020083274611378026,0.1313745932623422,1.02913162388677,0.0,0.096463524,0.18638992,0.4727822,0.8982092
2016-12-07 18:00:00,0.0,0.0,0.3775986733096689,0.5616147427849926,0.5681241633727714,0.00036314638884625897,0.01790288225806385,0.04976604885062591,0.29068766589484984,0.8431139105962259,0.0,0.09082638888888889,0.32660416666666664,0.7609924242424242,1.1550451923076925,0.0,0.0009669009944832507,0.020083274611378026,0.29546768950553337,1.0484015199718066,0.0,0.03813026,0.21129747,0.5021738,0.88613975
2016-12-07 19:00:00,0.0,0.0,0.37777486316634157,0.5222786217532466,0.5545566435776023,0.00041347739159163194,0.019125031794987302,0.06257516051115303,0.28384377524908044,0.8477241429654325,0.0,0.08924925595238095,0.3079888888888889,0.6705126488095239,1.0881333333333338,0.0,0.0009669009944832507,0.020083274611378026,0.2851409742725898,1.0342457963384697,0.0,0.053683784,0.19777562,0.4988264,0.89711875
2016-12-07 20:00:00,0.0,0.0,0.39359638302039224,0.55491122184143,0.5699174088265819,0.0006763344086197063,0.02544430960666929,0.09160419839690798,0.34371028019783056,0.9081845162412667,0.0,0.0824330357142857,0.339733682983683,0.7687175925925926,1.1603321937321938,0.0,0.0009669009944832507,0.020083274611378026,0.30026886574513656,1.0588752975216424,0.0,0.053318962,0.21491143,0.523818,0.93055034
2016-12-07 21:00:00,0.0,0.0,0.3989138850221365,0.5212115128467213,0.5651972315920049,0.0012462950376902623,0.032145689400729344,0.10428292685552258,0.37291474339348396,0.9390243915979353,0.0,0.08161755952380953,0.309949494949495,0.6889875,1.0304850000000005,0.0,0.0009669009944832507,0.020083274611378026,0.29891035720819725,1.068168115226605,0.0,0.055849828,0.21078126,0.5243685,0.93104583
2016-12-07 22:00:00,0.0,0.0,0.4031777351015618,0.5108976086860667,0.5651972315920049,0.00132927279254098,0.03414230096421331,0.11958658439155978,0.37788278523181296,0.9300011460356615,0.0,0.07846428571428572,0.29741874999999995,0.6539244791666666,1.0297730952380957,0.0,0.0009669009944832507,0.020083274611378026,0.29891035720819725,1.068168115226605,0.0,0.059779264,0.21240756,0.5240996,0.91840905
2016-12-07 23:00:00,0.0,0.0,0.4060689711451545,0.5285997264109346,0.5651972315920049,0.0014301960993236711,0.035459462738734654,0.12378005382102754,0.3668218827663192,0.8803577284987731,0.0,0.07369070512820514,0.30923888888888895,0.6795625000000001,1.0807916666666673,0.0,0.0009669009944832507,0.020083274611378026,0.29891035720819725,1.05226196366587,0.0,0.050315443,0.2204913,0.52326524,0.92288405
2016-12-08 00:00:00,0.0,0.0,0.4096409657003987,0.5115302872574955,0.5613567938393268,0.0016206952734912842,0.030368146941383078,0.11415468712378815,0.3510661199679029,0.8461061424945859,0.0,0.05841319444444445,0.26961875,0.6942333333333334,1.0807916666666673,0.0,0.0009669009944832507,0.020083274611378026,0.29891035720819725,1.0037782412302254,0.0010161761,0.060487065,0.22664163,0.5760562,0.98350596
2016-12-08 01:00:00,0.0,0.0,0.40714818186979734,0.528839649691358,0.5766527318251857,0.0016501102422043065,0.029115166916949067,0.10482740585664377,0.3254359062951642,0.7846499814005526,0.0,0.07463750000000001,0.34435016025641024,0.7253138157894736,1.0957316666666672,0.0,0.0009669009944832507,0.020083274611378026,0.3140382486807441,1.075056341745404,0.0013174234,0.050156884,0.22884205,0.5810481,0.9895841
2016-12-08 02:00:00,0.0,0.0,0.39838141541336103,0.44684563514109327,0.5612919665762061,0.001480263944852257,0.024139264260962152,0.0877398387725567,0.27785227947363433,0.715517920282291,0.0,0.03900000000000001,0.23286458333333332,0.5768242424242425,0.9540372023809525,0.0,0.0009669009944832507,0.020083274611378026,0.29891035720819725,1.0037782412302254,0.0,0.03214532,0.21714881,0.5665949,0.9655841
2016-12-08 03:00:00,0.0,0.0,0.3960902845118595,0.4470716239578321,0.5612919665762061,0.0013521587851795828,0.021004809492393105,0.07919483145641082,0.2672802842813623,0.6883578274919187,0.0,0.052231481481481476,0.24866203703703704,0.5768242424242425,0.9201472222222228,0.0,0.0009669009944832507,0.020083274611378026,0.29891035720819725,1.0037782412302254,0.0,0.029016154,0.22112077,0.5670246,0.9607765
2016-12-08 04:00:00,0.0,0.0,0.3990028139404946,0.5735138792488372,0.5766478630453965,0.001306550799822648,0.02089934738846175,0.06786771222512314,0.2754450748860778,0.6679547598325699,0.003769345238095239,0.1422967032967033,0.41959848484848483,0.7679583333333334,1.1331666666666667,0.0,0.0009669009944832507,0.020083274611378026,0.30026886574513656,1.1198854036021044,0.0,0.01292594,0.24064699,0.61976063,0.9776411
2016-12-08 05:00:00,0.0,0.0,0.3898737258240472,0.5080355377585376,0.5506513785618035,0.0010487171882340178,0.013832489592646366,0.0415099506762229,0.2177853927641264,0.5786106409173749,0.0,0.08970421245421245,0.2808388888888889,0.6604322916666667,1.0957316666666672,0.0,0.0009669009944832507,0.020083274611378026,0.2851409742725898,0.9803296998919259,0.0,0.01585192,0.23218626,0.61190486,0.94944704
2016-12-08 06:00:00,0.0,0.0,0.3776490098449262,0.4716709881553631,0.5488581331079929,0.000846254363386387,0.00773420569687,0.014626410618216568,0.1705632442309471,0.5257544727012887,0.0,0.052724999999999994,0.25726041666666666,0.6051964285714286,1.0621669444444444,0.0,0.0009669009944832507,0.020083274611378026,0.2803397980329866,0.9803296998919259,0.0,0.011702122,0.22741131,0.59426343,0.91669685
2016-12-08 07:00:00,0.0,0.0,0.3701531232120381,0.4712753724146224,0.5460070397227363,0.0,0.0,0.0004256393701963859,0.11329430005729418,0.4292695825103474,0.0,0.07021794871794872,0.2621928571428571,0.5988180555555555,1.0693958333333335,0.0,0.0009669009944832507,0.020083274611378026,0.34805819492168555,0.9647417498903903,0.0,0.049119245,0.21054235,0.5744976,0.8939046
2016-12-08 08:00:00,0.0,0.0,0.37800499647393926,0.5245041171236169,0.5237091481250289,0.0,0.0003255308937512634,0.003102421362079666,0.1544775549431166,0.47152915068045587,0.0,0.09715535714285714,0.2973166666666667,0.6942333333333334,1.1181433333333337,0.0,0.0009669009944832507,0.02067827461137804,0.3631860863942322,0.9206134974073527,0.0,0.062359028,0.21872938,0.58650964,0.89557254
2016-12-08 09:00:00,0.0,0.0,0.3720686607972962,0.5147115562770562,0.5059584167089278,0.0,0.0,0.00023976360283166766,0.12878346581603167,0.44166943282295,0.0,0.09156339031339032,0.29331666666666667,0.6765833333333333,1.1358129629629636,0.0,0.0009669009944832507,0.02067827461137804,0.34805819492168555,0.9206134974073527,0.0,0.05400913,0.2111425,0.5742966,0.8611501
2016-12-08 10:00:00,0.0,0.0,0.3528548307992485,0.49486569318181817,0.5307418930623472,0.0,0.0,0.0001162386925337999,0.042923241747546914,0.35103022589304655,0.0,0.09242657342657341,0.33097916666666666,0.7172587719298247,1.1840579166666672,0.0,0.0009669009944832507,0.02067827461137804,0.34805819492168555,0.9206134974073527,0.0,0.0,0.20960222,0.58744824,0.8738763
2016-12-08 11:00:00,0.0,0.0,0.34451502770083553,0.5466094411976911,0.5419924978433099,0.0,0.0,0.0001531645512767581,0.027010030361905857,0.3615855230012468,0.005038333333333338,0.10558035714285713,0.36353492647058827,0.7644895833333334,1.238216666666667,0.0,0.0009669009944832507,0.02067827461137804,0.34805819492168555,0.910139719857517,0.0,0.0,0.21387003,0.5909531,0.88595796
2016-12-08 12:00:00,0.0,0.0,0.3447621884985036,0.49007667532467547,0.5420573251064307,0.0,0.0,0.0,0.015890656713577478,0.3515648121449284,0.0,0.06916071428571427,0.2738997668997669,0.6561041666666667,1.1975729166666669,0.0,0.0009669009944832507,0.02067827461137804,0.37305139492168543,0.9194521179991063,0.0,0.049132463,0.18542625,0.54593253,0.82420623
2016-12-08 13:00:00,0.0,0.0,0.34563744119827955,0.49648237550104235,0.5420573251064307,0.0,0.0,0.0,0.025437824270283627,0.38302261770756374,0.0,0.07112820512820511,0.2741679487179487,0.6604322916666667,1.1686150000000002,0.0,0.0009669009944832507,0.02067827461137804,0.37305139492168543,0.978166759708692,0.0,0.050611377,0.18222165,0.5362439,0.8271897
2016-12-08 14:00:00,0.0,0.0,0.3510905308496002,0.5055141116121535,0.5420573251064307,0.0,0.0,0.0,0.0665827193063655,0.4643378780669897,0.0,0.08348809523809522,0.2828001165501165,0.7004821428571428,1.1975729166666669,0.0,0.0009669009944832507,0.02067827461137804,0.37305139492168543,1.0131686343260193,0.0,0.019975215,0.18640691,0.53464437,0.8435961
2016-12-08 15:00:00,0.0,0.0,0.3505514660895536,0.5754902260301428,0.5553387180289078,0.0,0.0,4.871445799094925e-05,0.07289065164060071,0.49922715629515724,0.018675,0.14002714646464648,0.4039621212121212,0.7963154761904762,1.2923081349206351,0.0,0.0009669009944832507,0.02067827461137804,0.37305139492168543,1.0131686343260193,0.0,0.0,0.19651948,0.5641589,0.88976604
2016-12-08 16:00:00,0.0,0.0,0.3548802982386506,0.5610826387285552,0.5730894494450087,0.0,0.0001163277966011911,0.0029756677831638684,0.104765120330226,0.5658410049716281,0.01580606060606062,0.12065530303030304,0.34435016025641024,0.7404880952380952,1.2815318452380955,0.0,0.0009669009944832507,0.02067827461137804,0.37305139492168543,1.0131686343260193,0.0,0.0057157534,0.18166977,0.52895063,0.87540054
2016-12-08 17:00:00,0.0,0.0,0.3615171635812581,0.5793924954304952,0.5953873410427162,0.0003030899338137066,0.0017490416601531056,0.008539633839125753,0.14490789105837298,0.6411592498856113,0.01640555555555556,0.13287025122549018,0.3632983193277311,0.7480490740740742,1.2952458333333334,0.0,0.0009669009944832507,0.020083274611378026,0.37305139492168543,1.0377535693935265,0.0,0.000771087,0.18819907,0.5506197,0.913559
2016-12-08 18:00:00,0.23766666666666664,0.0,0.37865198776253967,0.5564890483405482,0.5982384344279728,0.000685785459131157,0.014913096584241795,0.029181008314957624,0.20481094007060208,0.6987707127225884,0.002242307692307696,0.11995028409090909,0.29972777777777776,0.7284392857142857,1.2484214285714283,0.0,0.0009669009944832507,0.020083274611378026,0.37305139492168543,1.0638152969448977,0.0,0.021775587,0.1887982,0.55465615,0.9311021
2016-12-08 19:00:00,0.4033333333333333,0.0,0.37767917810777324,0.6085478505892256,0.6000316798817833,0.0009336468501531165,0.019556318200269495,0.043080655870390505,0.23395464266871918,0.7776388857407202,0.012443560606060609,0.12977651515151514,0.4012277777777778,0.7963154761904762,1.4728450000000004,0.0,0.0009669009944832507,0.020083274611378026,0.37785257116128856,1.053341519395062,0.0,0.0077735963,0.19487582,0.5625746,0.95813733
2016-12-08 20:00:00,0.4323333333333333,0.0,0.3772235455064482,0.5464281052188551,0.5737944560693378,0.0007847761735673216,0.019269796703414863,0.052619759474155925,0.19955737393513567,0.7154677201588813,0.002363333333333334,0.09881423611111109,0.2691371794871795,0.7312494047619047,1.4001178571428579,0.0,0.0009669009944832507,0.020083274611378026,0.37785257116128856,1.053341519395062,0.0,0.018551731,0.18700074,0.55892533,0.96565914
2016-12-08 21:00:00,0.2996666666666667,0.0,0.38692647369118566,0.526310647767356,0.5844350440837404,0.0009998163214874358,0.023497566222678085,0.0709599849362009,0.23640842388288646,0.7499770172843243,0.00393787878787879,0.09793020833333332,0.26425,0.6659760416666667,1.3025928571428598,0.0,0.0009669009944832507,0.020083274611378026,0.39162195409689604,1.0767900607333614,0.0,0.019379674,0.18966538,0.57056564,0.97968847
2016-12-08 22:00:00,0.587,0.0,0.38757924646723974,0.5662830749559083,0.5844350440837404,0.0010921039951908987,0.025454927514204098,0.069263061176292,0.24700053405554517,0.7744872619870489,0.02995530303030304,0.11553409090909089,0.34296279761904763,0.7679583333333334,1.4218043956043958,0.0,0.0009669009944832507,0.020083274611378026,0.39162195409689604,1.0767900607333614,0.0,0.0,0.22345617,0.63361394,1.0404581
2016-12-08 23:00:00,1.017,0.0,0.4021546814599146,0.5727120524691359,0.5844350440837404,0.0012707477375346712,0.02754937014710543,0.07877614295883548,0.28541044271897187,0.7833313233317019,0.03259166666666667,0.11553409090909089,0.3382273809523809,0.7582564102564104,1.399159615384616,0.0,0.0009669009944832507,0.020083274611378026,0.39162195409689604,1.0713576867224623,0.0,0.0,0.24759421,0.67173296,1.0724063
2016-12-09 00:00:00,0.5756666666666667,0.0,0.39415284148556257,0.5511358011463844,0.5844350440837404,0.0017034038275458565,0.024247341887266228,0.0854849319929065,0.27728071945133514,0.7603401096647187,0.0041875,0.09506845238095239,0.294332671957672,0.7701822916666667,1.4671491666666667,0.0,0.0009669009944832507,0.020083274611378026,0.39162195409689604,1.0124001867369818,0.0,0.0,0.2218471,0.6187941,1.0362409
2016-12-09 01:00:00,0.6741666666666666,0.0,0.3935914667762588,0.5368030438712521,0.5843702168206196,0.001588518668081186,0.019969233944622647,0.06769907489112392,0.2236793472150368,0.6318940191626348,0.0023812500000000006,0.09242657342657341,0.26036507936507935,0.747699358974359,1.4671491666666667,0.0,0.0009669009944832507,0.020083274611378026,0.39162195409689604,1.0124001867369818,0.0,0.0,0.2169117,0.6187523,1.0268873
2016-12-09 02:00:00,0.7066666666666667,0.0,0.39403545931756867,0.5557357760141095,0.5843702168206196,0.001546835239745351,0.01746009468812127,0.051730180455948294,0.21934313939827788,0.608265922628956,0.005229487179487182,0.09883194444444443,0.275725,0.747699358974359,1.4759691025641035,0.0,0.0009669009944832507,0.020083274611378026,0.39162195409689604,1.0124001867369818,0.0,0.0,0.24032724,0.6675186,1.062411
2016-12-09 03:00:00,0.3868333333333333,0.0,0.40006270758132934,0.5565126418149751,0.5710888238981425,0.0014766798184520486,0.014519254269376836,0.032668361097184184,0.2031725235471935,0.5282240238805989,0.005220833333333335,0.10628869047619045,0.2868674242424242,0.6854940476190476,1.2923081349206351,0.0,0.0009669009944832507,0.020083274611378026,0.39162195409689604,1.0228739642868176,0.0,0.0,0.26775914,0.73684436,1.1139222
2016-12-09 04:00:00,0.29783333333333334,0.0,0.3784416921801209,0.4806123565416064,0.5604482358837399,0.0009825715136569568,0.004646073028866424,0.005344700087495158,0.12645834929772914,0.4504219632666193,0.0013020032051282056,0.09506845238095239,0.2471787037037037,0.5916760416666667,1.1205523809523816,0.0,0.0009669009944832507,0.020083274611378026,0.37785257116128856,0.9698559223420902,0.0,0.0,0.23841843,0.6610287,1.0264485
2016-12-09 05:00:00,0.23416666666666663,0.0,0.38263359013810505,0.4319751830407246,0.5491976311027772,0.0,0.0,0.0006901111726905597,0.12440215728286491,0.41120670275684557,0.0,0.07435833333333333,0.22618981481481482,0.5106229166666667,0.8892055555555562,0.0,0.0009669009944832507,0.020083274611378026,0.3528593711612887,0.9803296998919259,0.0,0.0,0.24081658,0.6409283,0.9817473
2016-12-09 06:00:00,0.17233333333333334,0.0,0.3725459837081051,0.4480298159772327,0.5226209092955474,0.0,0.0,0.0004430085613405972,0.05606242547914175,0.29315992764384824,0.0,0.07969642857142858,0.2588680555555556,0.524357905982906,0.9155666666666671,0.0,0.0009669009944832507,0.020083274611378026,0.34805819492168555,0.9803296998919259,0.0,0.0,0.23386894,0.6704286,1.0024703
2016-12-09 07:00:00,0.2275,0.0,0.3695305531780682,0.4628562405804074,0.5197698159102908,0.0,0.0,0.0003459070336394657,0.02843120072782246,0.23376754533288535,0.0,0.07969642857142858,0.26036507936507935,0.524357905982906,0.9155666666666671,0.0,0.0009669009944832507,0.020083274611378026,0.34805819492168555,0.9647417498903903,0.0,0.0,0.23911358,0.703556,1.0317316
2016-12-09 08:00:00,0.22966666666666663,0.0,0.3542683996868203,0.4535732266915184,0.49747192431258336,0.0,0.0,0.0,0.0,0.2133629851285972,0.0,0.07908002645502646,0.26151091269841265,0.524357905982906,0.9606166666666668,0.0,0.0009669009944832507,0.02067827461137804,0.34805819492168555,0.910139719857517,0.0,0.0,0.2198827,0.650028,0.9663062
2016-12-09 09:00:00,0.3185,0.0,0.346889239495229,0.4466806102894019,0.4797211928964824,0.0,0.0,0.0,0.0,0.13966723626797206,0.0,0.07969642857142858,0.2625972222222222,0.5312260416666666,1.0000559523809525,0.0,0.0009669009944832507,0.02067827461137804,0.2803397980329866,0.910139719857517,0.0,0.0,0.20416363,0.62980145,0.93501717
2016-12-09 10:00:00,0.483,0.0,0.345490361897958,0.3074578931377262,0.24808519862192316,0.0,0.0,0.0,0.0,0.1370905390608802,0.0,0.0,0.1434067599067599,0.4354352678571428,0.6784200000000005,0.0,0.0009669009944832507,0.02067827461137804,0.1313745932623422,0.910139719857517,0.0,0.0106241945,0.1908496,0.55585575,0.8319431
2016-12-09 11:00:00,0.4518333333333333,0.0,0.35355125285561045,0.2524075160934744,0.24808519862192316,0.0,0.0,0.0,0.0,0.19711614449401005,0.0,0.0,0.07405580357142857,0.3518325892857143,0.5876693589743592,0.0,0.0009669009944832507,0.02067827461137804,0.1313745932623422,0.85531436888291,0.0,0.024142971,0.18764351,0.5381667,0.8061895
2016-12-09 12:00:00,0.393,0.0,0.3458944494147126,0.27425996450617274,0.2481500258850439,0.0,0.0,0.0,0.0,0.20106036602822586,0.0,0.0,0.05507142857142858,0.4062949810606061,0.6530435897435899,0.0,0.0009669009944832507,0.02067827461137804,0.1313745932623422,0.8646267670244994,0.0,0.020896297,0.17533289,0.52537656,0.79617184
2016-12-09 13:00:00,0.6978333333333334,0.0,0.36593592227530963,0.2568280416666666,0.20150862295351976,0.0,0.0,0.0,0.0791580864077861,0.35893504227121886,0.0,0.0,0.01672069597069597,0.3364739583333333,0.6533729166666669,0.0,0.0009669009944832507,0.02067827461137804,0.13304412728288662,0.8852612167775797,0.0,0.035758786,0.1910375,0.4933722,0.7728418
2016-12-09 14:00:00,0.6461666666666667,0.0,0.36102244105414133,0.213457917989418,0.20809179181656512,0.0,0.0,0.0,0.09486966528093327,0.42232707423260096,0.0,0.0,0.0015352564102564103,0.2506121212121212,0.5876693589743592,0.0,0.0009669009944832507,0.010383018096932553,0.13304412728288662,0.8561632365146469,0.0,0.034227815,0.1860422,0.46942937,0.7690489
2016-12-09 15:00:00,0.6081666666666666,0.0,0.3359300373291697,0.2045129142416226,0.2389660438815686,0.0,0.0,0.0,0.052414712627818605,0.4531692876156843,0.0,0.0,0.004279788838612368,0.2506121212121212,0.5874910256410258,0.0,0.0009669009944832507,0.010383018096932553,0.0971858372199305,0.8699581420699618,0.0,0.022651963,0.18040538,0.45457745,0.81134003
2016-12-09 16:00:00,0.51,0.0,0.34685227071115937,0.21383456238977075,0.2533293479013881,0.0,0.0,0.0,0.12669323368874813,0.5747117762278515,0.0,0.0,0.0032229166666666665,0.26877083333333335,0.6574000000000004,0.0,0.0009669009944832507,0.010383018096932553,0.0971858372199305,0.8699581420699618,0.0,0.03784513,0.17406015,0.44498694,0.82315236
2016-12-09 17:00:00,0.5293333333333333,0.0,0.36817794833565193,0.30500491865079365,0.24155724596732836,0.0,0.0,0.0,0.12270423473768932,0.4692106564727476,0.0,0.0,0.027642857142857143,0.4500610119047619,0.7997403846153847,0.0,0.0009669009944832507,0.00978801809693254,0.08669733378676676,0.8526436202698433,0.0,0.05895848,0.15364623,0.44049984,0.7960635
2016-12-09 18:00:00,0.17233333333333334,0.23766666666666664,0.40157490134710105,0.4543449404761905,0.3453272476761311,0.0008357868205402461,0.00898125623472238,0.05959548027293837,0.2845264924716602,0.6560147255970403,0.013662962962962964,0.09071153846153847,0.22303571428571428,0.5512494047619049,0.8605490384615384,0.0,0.061674131423048326,0.2302055402604484,0.5149423229713898,1.0337310492644192,0.0,0.071945556,0.17136306,0.43662336,0.7883537
2016-12-09 19:00:00,0.07066666666666667,0.4033333333333333,0.4166080369673783,0.5093233783068782,0.34738022520128703,0.0016854692615091873,0.024174697486288112,0.09524610804701267,0.33018666558238746,0.6694640201179489,0.035973194444444447,0.1243830128205128,0.28489957264957266,0.6313906926406927,0.965321666666667,0.0,0.061674131423048326,0.2383094444755832,0.5309678853993642,1.0337310492644192,0.0,0.09134182,0.1804309,0.4474583,0.7872694
2016-12-09 20:00:00,0.15633333333333335,0.4323333333333333,0.42878433603924193,0.5457431053791889,0.34738022520128703,0.002236986090660857,0.03311824454450392,0.12103284832242725,0.36563078249329484,0.6807444506525367,0.037733015873015884,0.1385681818181818,0.32041567460317455,0.7237909090909092,1.0318205,0.0,0.0686090546642049,0.2484820378338517,0.5309678853993642,1.0479624704848225,0.007114358,0.111114,0.18848124,0.45630538,0.79233897
2016-12-09 21:00:00,0.09966666666666668,0.2996666666666667,0.4202420654168067,0.4442363783068785,0.3589256654350199,0.0020490998744631668,0.030333209052500348,0.12571317456612813,0.3465232715571607,0.6805608800645362,0.04884268476621419,0.15547685185185184,0.2915625,0.6476851851851851,0.965321666666667,0.0,0.0686090546642049,0.27946297401843356,0.5524183520527972,1.0482937343864147,0.021074584,0.094008274,0.18001471,0.39527905,0.735541
2016-12-09 22:00:00,0.083,0.587,0.4412330604318961,0.42989395352332865,0.3704046731676091,0.0030011418872850485,0.04893889941900418,0.19174301908615726,0.49054367247646435,0.8705345798242237,0.043383333333333336,0.11984548611111111,0.23154523809523808,0.5706508838383839,0.865987916666667,0.0,0.0686090546642049,0.27946297401843356,0.5959320561792605,1.090272854559542,0.050257925,0.10983044,0.23038636,0.46285897,0.814243
2016-12-09 23:00:00,0.196,1.017,0.4609131595673226,0.40665639201539205,0.3704046731676091,0.00371700764080255,0.06816812876465524,0.25748657906519395,0.5825280363672974,0.9516421289942573,0.03350833333333334,0.10534145021645021,0.22444318181818185,0.538048611111111,0.8932265873015878,0.0,0.06141940595199652,0.27946297401843356,0.5959320561792605,1.074366702998807,0.054219857,0.09584644,0.27741534,0.5336982,0.9084268
2016-12-10 00:00:00,0.164,0.5756666666666667,0.4396308969033665,0.4581589296737211,0.372676728525389,0.003962429114863379,0.06033300438290844,0.2278149771269671,0.5423305101195125,0.8791627278221686,0.03361955128205128,0.09311979166666666,0.26579722222222224,0.7216541666666666,1.132438888888889,0.0,0.05565098581087685,0.27946297401843356,0.5524183520527972,1.0258829805631624,0.057279818,0.090696976,0.23785985,0.41623405,0.7524052
2016-12-10 01:00:00,0.24566666666666662,0.6741666666666666,0.44995610671524416,0.8061356340388011,0.36889461732768053,0.004171486883103299,0.06357095135894039,0.23479974708913534,0.5424056908884002,0.8088305117336082,0.07439444444444447,0.2685167824074074,0.6984270833333335,1.2879176136363635,1.733385416666667,0.0,0.05565098581087685,0.24371640251041807,0.5192002111748261,0.9228712762884118,0.05154241,0.09108022,0.24543786,0.4607708,0.8061483
2016-12-10 02:00:00,0.24966666666666662,0.7066666666666667,0.44515541232024564,0.7626945363756616,0.37687365736510436,0.004089988714389365,0.06234965504175116,0.23257238487990678,0.5305155171817757,0.7827497424788915,0.07725666666666665,0.3225511642156863,0.7069727564102564,1.2879176136363635,1.6526637878787882,0.0,0.051007708952609,0.24371640251041807,0.5192002111748261,0.9392583155202783,0.047249652,0.076231554,0.24089086,0.4539744,0.8141906
2016-12-10 03:00:00,0.2865,0.3868333333333333,0.4178902639030746,0.7969397332451502,0.37029048850205903,0.0030698649751862194,0.04439851536844002,0.18168011054158645,0.41561371448981543,0.6361681906001548,0.08806562500000001,0.31514983974358973,0.7277749999999998,1.2628648809523808,1.6492008333333332,0.0,0.051007708952609,0.24371640251041807,0.5266328495618429,0.9111537642079677,0.031536773,0.05253564,0.19519702,0.3573207,0.6775906
2016-12-10 04:00:00,0.4545,0.29783333333333334,0.4066013856600084,0.8187118304673721,0.35334036080704123,0.0030010034904597565,0.03794377491197039,0.1478076870105432,0.37627258065404035,0.5681983412914644,0.16356458333333335,0.3711526041666666,0.7636458333333334,1.2877118055555554,1.7082348412698416,0.0,0.051007708952609,0.21273546632583606,0.4905018328337631,0.8824450204312452,0.016590003,0.061075058,0.19647074,0.36759752,0.6557838
2016-12-10 05:00:00,0.31,0.23416666666666663,0.3969830131169657,0.7379577081128746,0.35334036080704123,0.00237128599264137,0.028539830788889123,0.1266697457141886,0.33090992801241464,0.4978246223633376,0.14714976851851855,0.31793055555555555,0.6760583333333333,1.11392791005291,1.6108875,0.0,0.045834786524495005,0.20256287296756736,0.4905018328337631,0.8824450204312452,0.0045620003,0.05741281,0.17653958,0.36042884,0.62919176
2016-12-10 06:00:00,0.2935,0.17233333333333334,0.3788490694198102,0.7281439290123459,0.35154711535323074,0.002020783755193374,0.02092521377440995,0.09321589440478883,0.27182731057338205,0.4181025882432732,0.10306666666666667,0.2737395833333333,0.6804708333333334,1.144828125,1.684291025641026,0.0,0.037312247746704455,0.18877378073141923,0.4744762704057884,0.8824450204312452,0.0,0.047987394,0.16350585,0.34848362,0.6006702
2016-12-10 07:00:00,0.24016666666666664,0.2275,0.3759491983639253,0.5524238280423275,0.3454124957256275,0.0019866695889566646,0.02326324566787877,0.1011516537698409,0.3189391587207029,0.48810329712593215,0.05896394230769231,0.1644236111111111,0.4943144841269842,0.8788296957671958,1.1758408730158731,0.0,0.044298452068414665,0.1895860537355185,0.4744762704057884,0.8668570704297093,0.0,0.039742008,0.13711022,0.37962195,0.6371705
2016-12-10 08:00:00,0.3388333333333333,0.22966666666666663,0.3662972734378668,0.5769197896825393,0.3310911498324586,0.0018168111292350198,0.020495721564922298,0.07679782329212231,0.28304882358230726,0.4222039943667544,0.04252291666666667,0.1893779761904762,0.5353166666666667,0.8924618298368298,1.1580595238095241,0.0,0.043609141285924184,0.1575241686170777,0.4744762704057884,0.7513182134358215,0.0,0.042733867,0.100018926,0.39470154,0.6402604
2016-12-10 09:00:00,0.4981666666666667,0.3185,0.3627204745516397,0.5941848379629627,0.33469452551914763,0.0018575876059657112,0.02391764731454702,0.07933765764473949,0.3099506570352912,0.4666058059668844,0.05642888888888891,0.17323743386243387,0.5052384259259259,0.923375,1.1710957142857144,0.0,0.02466387978666016,0.14421685566860962,0.49022824759185557,0.9158702998080516,0.0,0.04716791,0.07758561,0.44472197,0.7122479
2016-12-10 10:00:00,0.5388333333333334,0.483,0.3643280633482326,0.525629302469136,0.33469452551914763,0.0019120084710812827,0.02656886250478475,0.08133077357056584,0.3070185083688547,0.44658771828172517,0.05128982683982684,0.17047868589743587,0.34906111111111116,0.784976388888889,1.0315987012987016,0.0,0.024389493591410127,0.14421685566860962,0.49022824759185557,0.9158702998080516,0.0,0.04064962,0.08049857,0.48499876,0.77749205
2016-12-10 11:00:00,0.3823333333333333,0.4518333333333333,0.3566384391438086,0.4919905066137567,0.33469452551914763,0.0015097749525943313,0.022506611783487507,0.0782528276381948,0.2964374974445856,0.47267730884656856,0.042074621212121216,0.14121180555555557,0.28960694444444446,0.7311955492424244,0.976541666666667,0.0,0.024389493591410127,0.14421685566860962,0.49022824759185557,0.9158702998080516,0.0,0.022608556,0.08620282,0.46318272,0.76715034
2016-12-10 12:00:00,0.151,0.393,0.3557568161352264,0.47725353395061754,0.3385997905349464,0.0015090968301809074,0.02184790765118878,0.0767119780940079,0.32396746185101033,0.546275571001634,0.03580952380952381,0.12604523809523813,0.29295601851851855,0.7221946969696971,0.9692091666666667,0.0,0.024389493591410127,0.14421685566860962,0.49022824759185557,0.9251826979496409,0.0,0.016841145,0.09121989,0.48601535,0.81001747
2016-12-10 13:00:00,0.19783333333333336,0.6978333333333334,0.3714475582727282,0.4933720762786598,0.3451829593979917,0.0017547603599248635,0.03391411439618368,0.13481961544916676,0.429635035389495,0.7292313526469483,0.026602380952380954,0.10543055555555556,0.298125,0.764578125,1.0910976430976431,0.0,0.024389493591410127,0.14421685566860962,0.5077868818211861,1.0138059171633502,0.0,0.021705713,0.13492161,0.5692814,0.9306273
2016-12-10 14:00:00,0.299,0.6461666666666667,0.3719946204080214,0.46605917945326314,0.3385997905349464,0.0017890934238103235,0.033557080094549774,0.12547640961732553,0.406100919267623,0.7005347715959094,0.04173333333333335,0.1289469696969697,0.3360595238095238,0.7543315972222222,1.0660807359307363,0.0,0.024389493591410127,0.14421685566860962,0.4958948558539752,0.9998034912199613,0.0,0.030829629,0.122819796,0.5465043,0.9108883
2016-12-10 15:00:00,0.3243333333333333,0.6081666666666666,0.37128487064320076,0.6308689074074074,0.3451829593979917,0.002151755441517737,0.03414246393245256,0.10937666534102204,0.4034921006675498,0.719704995573023,0.06423380952380953,0.20131022408963584,0.5021011904761905,0.8936927083333334,1.1848383333333337,0.0,0.022901878973617583,0.14421685566860962,0.4962253733759808,1.0115210033004056,0.0,0.02365588,0.12798102,0.5538311,0.94290715
2016-12-10 16:00:00,0.3343333333333333,0.51,0.37729503880599286,0.4985449603174605,0.3541331100510886,0.0016493448045295247,0.028598027747166913,0.10377348267453008,0.38181100511984223,0.6872456986552256,0.06026538461538461,0.1702244318181818,0.35278571428571426,0.7419661458333333,1.0889259259259259,0.0,0.0418471404728816,0.1575241686170777,0.4958948558539752,0.9998034912199613,0.0,0.02731837,0.123019435,0.5412968,0.91989464
2016-12-10 17:00:00,0.524,0.5293333333333333,0.380805542375954,0.5169499021164022,0.3731043647959908,0.0012402335394345863,0.027252208594297053,0.12087014844552513,0.3839548579481893,0.7157237940082408,0.05140984848484848,0.15031136363636366,0.3400064935064935,0.7217187500000001,1.085892222222222,0.0,0.04253645125537208,0.1895860537355185,0.49022824759185557,1.0532238843701216,0.0,0.026717009,0.13860358,0.5323802,0.9225858
2016-12-10 18:00:00,0.7921666666666666,0.17233333333333334,0.3652268464564791,0.44416810890652547,0.39981890429969574,0.000590971064515033,0.02016399933150887,0.12433312936867257,0.3906823892414879,0.8076196774585046,0.031488095238095246,0.13040238095238094,0.2875367521367521,0.6300041666666667,1.1016111111111124,0.0,0.03555024693366187,0.18877378073141923,0.5026447354816307,1.0532238843701216,0.0,0.051115803,0.16365069,0.45134085,0.81208456
2016-12-10 19:00:00,1.024,0.07066666666666667,0.35967633422331957,0.4504021238095239,0.3978671527876792,0.0007772490909974723,0.023618073163772572,0.11755261852433382,0.3422014241809457,0.7027672549157262,0.020564957264957266,0.10327604166666668,0.2665804924242424,0.6110056818181818,1.028190277777778,0.0,0.03555024693366187,0.19687768494655403,0.5186702979096052,1.0532238843701216,0.0,0.061177157,0.14982031,0.40030074,0.7420438
2016-12-10 20:00:00,0.8346666666666667,0.15633333333333335,0.3768683478427792,0.4895050339506177,0.40161214975350623,0.0012026530946867744,0.03376584595075973,0.16468329420672972,0.43312522082331706,0.8136707785560351,0.05122954545454546,0.14713558201058202,0.3323690476190476,0.6722278846153846,1.1545182539682541,0.0,0.04072316936177586,0.20705027830482273,0.5186702979096052,1.0532238843701216,0.00027027892,0.060353775,0.16085345,0.4050494,0.77370286
2016-12-10 21:00:00,0.719,0.09966666666666668,0.3772299974130813,0.465016332804233,0.4188690099150592,0.0014202470439693663,0.03566736330811237,0.1801575128405287,0.4636548362402424,0.893201315139281,0.04193071428571429,0.1535871212121212,0.31754829545454544,0.6677190170940172,1.0354021645021645,0.0,0.04072316936177586,0.23803121448940473,0.5721399873520734,1.0583324161438943,0.0070400485,0.048542567,0.18405615,0.37991628,0.7583631
2016-12-10 22:00:00,0.809,0.083,0.3792024587807823,0.4805505201940035,0.421086421815018,0.0015193932464512205,0.03969858579863979,0.19102646214042748,0.46145967146615496,0.8341329988808017,0.0462418888888889,0.16151071428571429,0.34088920454545457,0.6285347222222223,0.991067676767677,0.0,0.04072316936177586,0.23803121448940473,0.5721399873520734,1.0583324161438943,0.005538675,0.055750586,0.18461215,0.41034785,0.79655915
2016-12-10 23:00:00,0.67,0.196,0.396557746384207,0.4950899002645505,0.42261400688088624,0.0017877269970863771,0.04707732870462538,0.22557241114251309,0.5267333184690893,0.8336309123037982,0.08858916666666669,0.19707886904761907,0.4106955882352942,0.6605844017094017,0.9865844155844157,0.0,0.04924570813956641,0.24371640251041807,0.5721399873520734,1.0424262645831595,0.0,0.07546633,0.2144563,0.52046275,0.9094828
2016-12-11 00:00:00,0.5798333333333334,0.164,0.3891692815990383,0.4299765235890652,0.42919717574393157,0.002244938475720383,0.05423992515149322,0.2480210974809468,0.5799818746231516,0.9588901019951239,0.008663390313390314,0.08674255952380952,0.3048125,0.6414041005291005,0.9758604166666666,0.0,0.04072316936177586,0.23803121448940473,0.5781371131361988,1.005660054227959,0.0047604763,0.057815794,0.19406998,0.39155635,0.7830985
2016-12-11 01:00:00,1.3481666666666667,0.24566666666666662,0.39822401790479706,0.4381702479276897,0.4187087418650875,0.002118043484287462,0.05434892890368064,0.2530953990333244,0.5739128859417194,0.8797712842441836,0.013559999999999997,0.13398425925925928,0.3803139730639731,0.6445981481481482,0.9630958333333336,0.0,0.04924570813956641,0.24371640251041807,0.5721399873520734,0.9939425421475145,0.0,0.06390996,0.1869365,0.44185907,0.8272537
2016-12-11 02:00:00,2.3455,0.24966666666666662,0.3966417104481268,0.42044050374779524,0.4187087418650875,0.001994604229626269,0.05106447468059647,0.24208184689707693,0.5529947569047737,0.8228148402660083,0.007621428571428572,0.10345,0.3293712121212121,0.6030004578754579,0.927956060606061,0.0,0.04924570813956641,0.24371640251041807,0.5721399873520734,0.9939425421475145,0.0,0.061999157,0.17927587,0.4584355,0.8255157
2016-12-11 03:00:00,2.802,0.2865,0.39517611445813416,0.40634166203703703,0.4187087418650875,0.0018834338718157623,0.0460452569441468,0.22547571851930778,0.5281067777177164,0.8023572521278154,0.009491941391941391,0.11632407407407408,0.35572395833333337,0.6439795454545455,0.895724509803922,0.0,0.04924570813956641,0.24371640251041807,0.5721399873520734,0.9939425421475145,0.0,0.043642238,0.1537233,0.4461793,0.78700334
2016-12-11 04:00:00,3.0111666666666665,0.4545,0.3995453718326994,0.4368812883597883,0.3977068847377075,0.0020480463376523405,0.0477543287739112,0.21874225979589107,0.4989176623383639,0.7039627819055763,0.013319166666666665,0.11438124999999999,0.30879761904761904,0.6074962121212122,0.8874307692307694,0.0,0.04924570813956641,0.21273546632583606,0.5186702979096052,0.9888340103737417,0.0,0.027996426,0.13104972,0.45792493,0.80252796
2016-12-11 05:00:00,2.8998333333333335,0.31,0.38521730141199007,0.37571545196007716,0.4042900536007528,0.0016006784639665057,0.038284030832521104,0.19989640596335473,0.5022908585785709,0.7857125313635844,0.002719444444444445,0.03105871212121212,0.25108148148148146,0.5958661616161617,0.9369483333333337,0.0,0.04407278571145242,0.20256287296756736,0.5246674236937305,1.0083484736335317,0.0,0.032851476,0.13626227,0.4444969,0.7763422
2016-12-11 06:00:00,2.9716666666666667,0.2935,0.37423541536740573,0.4078082658730159,0.395913639283897,0.0013755586856231262,0.031040536144142063,0.16292326683868763,0.42861836566235073,0.6703861867606926,0.005560714285714287,0.042141666666666674,0.24260833333333331,0.5994930555555555,1.0004616666666668,0.0,0.04407278571145242,0.19445896875243257,0.5026447354816307,0.9888340103737417,0.0,0.021850888,0.123040035,0.42601672,0.72862476
2016-12-11 07:00:00,3.039,0.24016666666666664,0.3664069688023657,0.3689041562169315,0.3853197534806197,0.0009556200458484438,0.02429909389820628,0.14520930690913078,0.406996146800334,0.6509293483622214,0.002320833333333334,0.03295138888888889,0.2587791005291005,0.606275,1.0100434523809527,0.0,0.04253645125537208,0.1895860537355185,0.5086418612657561,1.0005515224541863,0.0,0.02257146,0.10533674,0.42889637,0.72154766
2016-12-11 08:00:00,3.0386666666666664,0.3388333333333333,0.3649879857410067,0.37726290299823634,0.3932447829046975,0.0010522620025973338,0.025249300324420586,0.1402005745927728,0.4129754882803165,0.6566889620197642,0.0028625,0.03295138888888889,0.2431333333333333,0.5565291666666667,0.9500678240740743,0.0,0.0418471404728816,0.1575241686170777,0.5683555812622265,0.9596534461729919,0.0,0.026253715,0.10730496,0.45346993,0.743316
2016-12-11 09:00:00,2.8125,0.4981666666666667,0.3653882157590278,0.3808160617283949,0.37888147888487794,0.0011484261104234166,0.027889306571260285,0.14062779657340424,0.4164609597597657,0.6452403859239221,0.002719444444444445,0.03560185185185185,0.27755625000000006,0.5946174242424243,0.9354833333333334,0.0,0.022901878973617583,0.14421685566860962,0.5683555812622265,0.9596534461729919,0.0,0.030350901,0.1093917,0.5038414,0.7981421
2016-12-11 10:00:00,0.2465,0.5388333333333334,0.3655295156905552,0.38379411309523787,0.3485977673196165,0.0010942589272975518,0.02775344068680045,0.13422638817741123,0.40726322487124256,0.6058768237850447,0.005560714285714287,0.03944953703703703,0.27910069444444446,0.5643819444444444,0.9835041666666668,0.0,0.02262749277836755,0.14421685566860962,0.5145367614488416,0.9457788773121751,0.0,0.04003377,0.11469027,0.5466415,0.8425296
2016-12-11 11:00:00,0.0,0.3823333333333333,0.3569659096950453,0.3725349089506171,0.37888147888487794,0.000874119257595612,0.02299307944670114,0.12579876530325548,0.4318462981367981,0.7170237881340824,8.571428571428592e-05,0.017534054487179488,0.25445833333333334,0.5833717948717949,0.9158583333333337,0.0,0.02262749277836755,0.14421685566860962,0.5683555812622265,0.9596534461729919,0.0,0.035754163,0.1256617,0.5328264,0.83145076
2016-12-11 12:00:00,0.0,0.151,0.33932955728156033,0.3305841154320987,0.3827867439006767,0.00041782326423834334,0.014564673146743388,0.09627564151001794,0.3703220493695302,0.681380713909228,0.001646666666666667,0.016069627192982456,0.20857131410256408,0.5554541666666667,0.8931557598039221,0.0,0.017915638124442846,0.13853166764759628,0.5683555812622265,0.9689658443145812,0.0,0.019869978,0.10669138,0.43616307,0.72864133
2016-12-11 13:00:00,0.0,0.19783333333333336,0.3458040942466228,0.37652690643738984,0.394588716138173,0.0004748090803283662,0.019740473031787997,0.12388489320181792,0.44340606392120385,0.7911477576706512,0.002245238095238096,0.019480208333333332,0.2618937728937729,0.5957637310606061,0.936710416666667,0.0,0.02262749277836755,0.14421685566860962,0.5683555812622265,1.0276804860241666,0.0,0.05365312,0.14089665,0.5199287,0.8214626
2016-12-11 14:00:00,0.0,0.299,0.3524240913074527,0.3727025789241622,0.394588716138173,0.0007328564257342499,0.02585942276535078,0.13823845579563826,0.4585141675103358,0.8047705220093739,0.0028625,0.03181111111111111,0.26010805860805863,0.5833717948717949,0.9127945098039216,0.0,0.02262749277836755,0.14421685566860962,0.5683555812622265,1.0435866375849014,0.0,0.054326773,0.14750184,0.5272502,0.8386717
2016-12-11 15:00:00,0.0,0.3243333333333333,0.36028179268319604,0.4203723315696646,0.3827867439006767,0.0012595690618648638,0.03449292222564716,0.14944577931084702,0.47473900876002395,0.8016314578569862,0.010884583333333335,0.049248263888888894,0.2422291666666667,0.5406821428571429,0.914925,0.0,0.022901878973617583,0.14421685566860962,0.5683555812622265,1.0435866375849014,0.0,0.04232056,0.14126919,0.49501485,0.82451886
2016-12-11 16:00:00,0.0,0.3343333333333333,0.3644726773777561,0.4265158677248675,0.37025376375151625,0.0011522381518017707,0.03562712813712089,0.16154331794356602,0.4712641475022338,0.8077628402919855,0.01356785714285714,0.05587169312169312,0.24003703703703705,0.5643819444444444,0.9362083333333335,0.0,0.0418471404728816,0.1575241686170777,0.5086418612657561,1.0115210033004056,0.0,0.047618993,0.14881109,0.48688373,0.8188439
2016-12-11 17:00:00,0.0,0.524,0.37761591972804337,0.38998422222222207,0.3826418496333731,0.0014961010143974302,0.0444119387015984,0.19105898301008697,0.5023308317702657,0.8296779095495612,0.01724807692307692,0.08730158730158731,0.2588809523809524,0.5643819444444444,0.8623510582010582,0.0,0.04253645125537208,0.1895860537355185,0.5026447354816307,1.0532238843701216,0.0,0.076468475,0.18114255,0.5568797,0.8866396
2016-12-11 18:00:00,0.0,0.7921666666666666,0.40353965111917856,0.41919903042327994,0.39981890429969574,0.0022412649830569845,0.05923258926345265,0.23674146096644405,0.5893536844347755,0.9471193258064714,0.015901587301587302,0.09140674603174602,0.2987291666666667,0.5956875,0.8403731481481483,0.0,0.04407278571145242,0.19445896875243257,0.5083113437437504,1.0532238843701216,0.0,0.088962354,0.20312028,0.6610633,1.0427555
2016-12-11 19:00:00,0.0,1.024,0.4291487427750458,0.4568046792328037,0.3904421540899678,0.003184295897743886,0.07656973684552373,0.292749043171345,0.718904339788698,1.121733538567616,0.006393333333333333,0.062038690476190476,0.29595454545454547,0.6541333333333333,0.9875504166666667,0.0,0.04407278571145242,0.20256287296756736,0.5119204182819497,1.0611557963409777,0.0,0.10239477,0.24053252,0.7658062,1.2026358
2016-12-11 20:00:00,0.0,0.8346666666666667,0.430075464694028,0.4282553137125218,0.3999796389273501,0.002813933608941863,0.07181431172606181,0.2876403289551591,0.6817969380764302,1.0503065624464811,0.012788030303030303,0.09675,0.34053645833333335,0.6474036796536797,0.8531269841269845,0.0,0.04924570813956641,0.21273546632583606,0.5243369061717249,1.0611557963409777,0.0,0.101906195,0.232555,0.706773,1.1358622
2016-12-11 21:00:00,0.0,0.719,0.4251092921873254,0.4166954166666665,0.4130765220435039,0.002805329971130581,0.06922305120456482,0.28828793368435235,0.6897226272325965,1.1193533464316843,0.008214565826330535,0.09057060185185187,0.40772510822510827,0.675818376068376,0.8393818452380956,0.0,0.04924570813956641,0.24371640251041807,0.5653901077244179,0.9742926059304928,0.0,0.09117441,0.23989975,0.6278916,1.0559869
2016-12-11 22:00:00,0.0,0.809,0.44258207506157987,0.47168037566137583,0.41802718008039313,0.0032199695419238474,0.0777254761637107,0.3207390202711722,0.7749729923037487,1.2203399273221682,0.0035871428571428586,0.04148958333333333,0.3805185185185185,0.6901758658008658,1.0006710606060616,0.0,0.04924570813956641,0.24371640251041807,0.5713872335085433,0.9939420299817932,0.0,0.10039918,0.2562813,0.7056485,1.1716183
2016-12-11 23:00:00,0.0,0.67,0.4514580227108343,0.4833100185185186,0.45432110244316926,0.0031456971197566675,0.07947967020838581,0.3285596658196654,0.7996634642470265,1.2014277553111343,0.005587566137566139,0.08670075757575757,0.4159508547008547,0.7095486111111111,0.9761833333333334,0.0,0.04924570813956641,0.257482830185424,0.5907890334857606,1.046858234303067,0.0,0.094461344,0.2462831,0.7213652,1.196577
2016-12-12 00:00:00,0.0,0.5798333333333334,0.43620784295615317,0.5044943981481483,0.4176540395800843,0.002311253024267313,0.06925955465974755,0.2952005376312467,0.6937816628699796,1.0756347646651263,0.013541250000000001,0.14268402777777778,0.4521601851851852,0.7020994318181819,0.9761833333333334,0.0,0.04924570813956641,0.24371640251041807,0.5721399873520734,0.974957020786811,0.0,0.084192604,0.19737667,0.5709072,1.0132765
2016-12-12 01:00:00,0.0,1.3481666666666667,0.4720849823588914,0.7152264104938275,0.5555065239191679,0.00337372908595795,0.09386118966633203,0.36710410517925784,0.7909902676252664,1.0983311891031253,0.01782320512820513,0.23992986111111111,0.5233444444444444,0.8575138888888889,1.8920107371794872,0.0,0.04924570813956641,0.31945996710352914,0.6661656665039272,1.1092245115532837,0.0,0.11822338,0.22251521,0.7910045,1.2923335
2016-12-12 02:00:00,0.0,2.3455,0.5206394688191157,0.6405780233686067,0.5600377741627025,0.005268844794822288,0.13063167841232137,0.4724322382990668,0.9786883923388514,1.2724684747369621,0.0249448051948052,0.13622537878787877,0.420094696969697,0.7575597222222221,1.5180225108225112,0.0,0.051007708952609,0.31945996710352914,0.6721627922880525,1.2150199967559903,0.0,0.17306048,0.28682306,1.1075935,1.7178817
2016-12-12 03:00:00,0.0,2.802,0.5229326350836249,0.7694492253086416,0.5600377741627025,0.005527887307482698,0.13210522832016827,0.4651509781977,0.9059138850487367,1.1400322104626017,0.04241515151515152,0.1708938492063492,0.5091319444444445,0.9574166666666667,1.6017412820512824,0.0,0.051007708952609,0.31945996710352914,0.6661656665039272,1.2538810279711072,0.0,0.15807723,0.31788692,1.1578788,1.8287027
2016-12-12 04:00:00,0.0,3.0111666666666665,0.5578657587745703,0.8060158040123458,0.5382618298169952,0.006138967355355459,0.1415490456799198,0.48131150881415186,0.945127323147453,1.075145544278978,0.06014333333333334,0.23266111111111112,0.577469494047619,1.2609391534391534,1.6998080357142866,0.0,0.051007708952609,0.2884790309189472,0.5937486603725451,1.1028072702289171,0.0,0.1860513,0.33216646,1.2820832,1.9807012
2016-12-12 05:00:00,0.0,2.8998333333333335,0.5439154101356287,0.7546610143298064,0.5382618298169952,0.005788760398019002,0.1298621414841324,0.4420864731444599,0.8820036144228593,1.0684494716958564,0.09365865384615384,0.26002604166666665,0.508162037037037,1.0234017857142859,1.5330555555555556,0.0,0.045834786524495005,0.2783064375606785,0.5937486603725451,1.1028072702289171,0.0,0.17021026,0.3392537,1.2197311,1.9315166
2016-12-12 06:00:00,0.0,2.9716666666666667,0.5503780612877596,0.6981061620370377,0.5364685843631847,0.0059996697112589484,0.12945943846481087,0.4339806535529924,0.9014924624658288,1.1241212936439768,0.083715,0.19882349537037033,0.47840829346092506,0.9384175347222222,1.5604947435897436,0.0,0.045834786524495005,0.2702025333455437,0.5896151239117816,1.2242917712675105,0.0,0.17772657,0.3473414,1.2736517,2.0384145
2016-12-12 07:00:00,0.0,3.039,0.5793573939399272,0.5326895357142859,0.5070211236703744,0.006389911507687326,0.1359513129660661,0.45120560695857337,0.9839053827766517,1.2229228718647336,0.028910416666666668,0.14749715909090907,0.3412936507936508,0.6479678030303031,1.0322056089743596,0.0,0.05613137763889091,0.30107618983664536,0.603508600435525,1.2650668782161758,0.0,0.20707622,0.36588353,1.3899529,2.222186
2016-12-12 08:00:00,0.12716666666666668,3.0386666666666664,0.5677847609082174,0.3759540648148148,0.4880498689254722,0.006139796807134985,0.12979561377752924,0.41162132083764624,0.8866192553068034,1.1052505784170819,0.03509458874458875,0.09796527777777778,0.22419318181818182,0.4443952380952381,0.6775283333333337,0.0,0.06446619306533596,0.2720350146183281,0.5868097182010285,1.180385655570041,0.0,0.20088106,0.3721447,1.3645934,2.186994
2016-12-12 09:00:00,0.20583333333333337,2.8125,0.5839381870706409,0.404221996472663,0.3552585180247843,0.006261884821900248,0.13127550484257777,0.4149001726699634,0.9668627636556344,1.2334905444102113,0.054580570409982175,0.11001157407407407,0.2546098901098901,0.5186354166666667,0.8019320512820521,0.0,0.04552093156607196,0.25872770166986014,0.6374748685236885,1.3337609458430353,0.0,0.22817175,0.37435603,1.4151547,2.2593286
2016-12-12 10:00:00,0.3706666666666667,0.2465,0.4790569628518671,0.5112491966891131,0.3578618918353195,0.0023717980891527282,0.04900999108810446,0.19195890311244918,0.7015531380145238,1.1989282956873228,0.03646480186480187,0.11637575757575758,0.2548051282051282,0.5747249999999999,1.2776512500000017,0.0,0.04524654537082193,0.1829841370767489,0.5717095800515366,1.3698027886640745,0.053835507,0.10306482,0.23027025,0.77516186,1.3979312
2016-12-12 11:00:00,0.5178333333333334,0.0,0.4487143458207403,0.639493561287477,0.563159039223641,0.00183390765043592,0.038274580497018235,0.1574638617542417,0.6394374616193331,1.233674938933484,0.02444970238095238,0.14168749999999997,0.4354583333333334,0.8537604166666666,1.603258333333334,0.0,0.03260354129511698,0.17442856420516098,0.7589541186971093,1.3836920832225141,0.050939646,0.08697343,0.23765045,0.7083153,1.3238759
2016-12-12 12:00:00,0.688,0.0,0.4448409517545613,0.5215289682539678,0.546891100167444,0.0018202709608290306,0.036808755741546254,0.15238466095405007,0.6434876810838366,1.3018268418100283,0.02109000000000001,0.08308939393939394,0.38029761904761905,0.7109416666666667,1.5002750000000002,0.0,0.03260354129511698,0.15666851051351804,0.7465376308073339,1.3247268781691035,0.034232654,0.07534417,0.22899082,0.6786637,1.3028703
2016-12-12 13:00:00,0.4451666666666667,0.0,0.44295529291734415,0.6857839927248671,0.567215022065278,0.0019695421084027867,0.04309490196803525,0.16641380977475842,0.6764670207397825,1.3686048637559796,0.02829755244755245,0.16209161324786323,0.4723298611111111,1.0457446428571426,1.8353222222222225,0.0,0.03260354129511698,0.17442856420516098,0.7589541186971093,1.4105028977525824,0.035487577,0.06084169,0.25803515,0.7137935,1.3593016
2016-12-12 14:00:00,0.39,0.0,0.4596655349553303,0.6601926653439147,0.5641949974160063,0.0021446008301966493,0.04874187060877378,0.19073376050546112,0.7392742785343213,1.4287001406225353,0.028996336996337,0.16625061274509803,0.46511408730158726,1.0390409226190476,1.7541323076923097,0.0,0.03260354129511698,0.17442856420516098,0.7589541186971093,1.4105028977525824,0.03214986,0.06859655,0.27016893,0.7439521,1.4077078
2016-12-12 15:00:00,0.207,0.0,0.4581269224532803,0.6814054246031741,0.5641949974160063,0.002208344220212187,0.05246991098893198,0.2050969505513434,0.7503689559609488,1.4702046445571595,0.04013537037037037,0.17665435606060606,0.48625238095238094,1.0457446428571426,1.8326307692307693,0.0,0.03287792749036701,0.17442856420516098,0.7589541186971093,1.4105028977525824,0.03573399,0.07086922,0.2732223,0.7236608,1.4156778
2016-12-12 16:00:00,0.08883333333333333,0.0,0.4527722426359538,0.6942903968253966,0.6069450121062998,0.0023326500852329,0.05607899532464318,0.222064751428208,0.7718748713947599,1.5597412583609727,0.03934166666666668,0.20080555555555557,0.5135208333333333,1.0766792328042327,1.8326307692307693,0.0,0.051823188989631015,0.17802794357720345,0.7589541186971093,1.4302646369368133,0.03895595,0.07818397,0.26758614,0.6923289,1.4113524
2016-12-12 17:00:00,0.15166666666666664,0.0,0.47852616007290455,0.6585106111111106,0.6152793717449776,0.002807895559796743,0.06749093957430918,0.2649114355943518,0.8747964537887865,1.6438852255530372,0.06181759259259261,0.20080555555555557,0.4775822649572649,1.017603125,1.7298458333333335,0.0,0.052512499772121496,0.20016022843515865,0.764620726959229,1.5817804417562533,0.046546604,0.09867394,0.2879739,0.74680406,1.4689955
2016-12-12 18:00:00,0.2695,0.0,0.47994140014453224,0.5141369537037034,0.6083173243686756,0.003025783378685006,0.07289138367727403,0.2913651000188602,0.9087395658675158,1.698338986408404,0.08472952380952381,0.21808333333333338,0.4103309523809524,0.6907630952380953,1.3443097619047617,0.0,0.054048834228201836,0.2050331434520727,0.7494928354866821,1.452599614355867,0.042819668,0.11531374,0.2823597,0.72486424,1.4795488
2016-12-12 19:00:00,0.08216666666666667,0.0,0.4928205133111696,0.48394606613756574,0.6521665325505528,0.0034018079971915227,0.08300977902464948,0.3307976750597156,0.9766477628765675,1.7566662242372089,0.11859499999999999,0.25122632575757575,0.41048787878787885,0.658625,1.1649357142857144,0.0,0.054048834228201836,0.2689695813804556,0.8995609391505685,1.4796805605839993,0.046475355,0.12266216,0.299487,0.75956017,1.5431539
2016-12-12 20:00:00,0.0745,0.0,0.5010363376946806,0.4963242817460315,0.6521665325505528,0.0035779751076411618,0.08867869600434283,0.35996897173812814,1.021659654983872,1.8361721080970455,0.11838888888888888,0.2654026610644258,0.4312651515151515,0.6626770833333333,1.1649357142857144,0.0,0.05922175665631583,0.2723161864549505,0.8995609391505685,1.4906904497875426,0.04572402,0.11996012,0.2920054,0.7474572,1.5186136
2016-12-12 21:00:00,0.03,0.0,0.5102567746343966,0.5172585330687828,0.6532409315592246,0.003927901581935326,0.09561039730658588,0.393066280138724,1.1010091988045332,1.9777292618786457,0.11959791666666668,0.29356696428571427,0.4498809523809524,0.6907984375,1.2591750000000002,0.0,0.05922175665631583,0.2953637566782719,0.9266606978806972,1.5031291019222988,0.042075332,0.115290426,0.27476808,0.7341618,1.4909225
2016-12-12 22:00:00,0.0,0.0,0.5140641892872065,0.5289402328042325,0.6532409315592246,0.00401858936282185,0.09921350800177084,0.40764623453469073,1.0995534636969289,1.9363052720650136,0.1403277777777778,0.29735833333333334,0.45055952380952385,0.7061584821428571,1.2825439393939395,0.0,0.05922175665631583,0.2953637566782719,0.9266606978806972,1.6273261721038663,0.044086076,0.104712084,0.2786095,0.74726653,1.504413
2016-12-12 23:00:00,0.0,0.0,0.5009919635847725,0.5790214365079368,0.6532409315592246,0.003929351692220764,0.09835731627000735,0.4067776053020336,1.0641732360231708,1.923763262586799,0.13045,0.29920833333333335,0.49308912037037034,0.7763912037037037,1.3347262500000001,0.0,0.05922175665631583,0.2953637566782719,0.9266606978806972,1.6114200205431315,0.045109723,0.082826205,0.26578772,0.69949925,1.4361439
2016-12-13 00:00:00,0.0,0.0,0.5078791586933731,0.573420578924162,0.6532409315592246,0.0032924500126862923,0.0963366303583385,0.4078653386607042,1.0718227685686046,1.966638724496237,0.14408809523809524,0.28156428571428566,0.45055952380952385,0.7389489583333333,1.3040586363636364,0.0,0.05922175665631583,0.2953637566782719,0.9266606978806972,1.5629362981074868,0.043301657,0.07222052,0.257475,0.6971568,1.417029
2016-12-13 01:00:00,0.0023333333333333335,0.0,0.5164215054636481,0.5728790985449733,0.6493356665434258,0.0037010614293331253,0.10667934092065907,0.4390344801475297,1.1547166025689226,1.977769779303539,0.138175,0.2611335784313726,0.43507886904761905,0.7255531045751633,1.3040586363636364,0.0,0.05922175665631583,0.2953637566782719,0.9266606978806972,1.5629362981074868,0.016967295,0.07792817,0.31380087,0.8746364,1.6653084
2016-12-13 02:00:00,0.02266666666666667,0.0,0.5036591234457581,0.6053228820546738,0.6493356665434258,0.003926722544666732,0.113514978423883,0.44451527682481895,1.1321760612092415,1.8158113396693336,0.138175,0.25787405303030303,0.4224630952380952,0.7121712962962963,1.2861333333333338,0.0,0.05922175665631583,0.2953637566782719,0.9266606978806972,1.5629362981074868,0.0,0.11192451,0.37443146,1.0620251,1.9633293
2016-12-13 03:00:00,0.07883333333333332,0.0,0.48007769359341007,0.6665747493386243,0.5458640760274804,0.004280852319410132,0.11696431415017956,0.4259547996342236,1.053920300450645,1.632272780075366,0.13943809523809522,0.2593489583333333,0.45626682692307685,0.9719045138888889,1.5187479166666669,0.0,0.05922175665631583,0.2953637566782719,0.6496221812610061,1.6365148392238575,0.0,0.11214366,0.38516584,1.1072023,2.0085206
2016-12-13 04:00:00,0.117,0.0,0.47593677349090596,0.8131593624338621,0.45265859202468456,0.00379750904541116,0.1151896477514605,0.4323051976275026,1.0317841295466772,1.528941675670161,0.14732407407407408,0.27572685185185186,0.5440074074074073,1.2981549145299145,1.8311573076923078,0.0,0.05789322590856852,0.2723161864549505,0.6225224225308774,1.6923537902841013,0.0,0.11704701,0.39929864,1.1766306,2.0682895
2016-12-13 05:00:00,0.15533333333333335,0.0,0.4539704549074504,0.6694054272486768,0.44202287279007113,0.003724979522530421,0.10928354436605606,0.3979417926346182,0.9300198619510585,1.3760914218267222,0.11937291666666668,0.21910000000000002,0.41953181818181823,0.9913910256410257,1.5313600378787895,0.0,0.045526295450411286,0.26328439335944237,0.6225224225308774,1.5980043904313344,0.0,0.107065454,0.36307898,1.0736253,1.8934032
2016-12-13 06:00:00,0.5578333333333334,0.0,0.44687850102482585,0.6576691164021163,0.42714046394716254,0.0035365478379602586,0.10606489171348019,0.38515571719258496,0.8907903705410909,1.2703427373119132,0.1107375,0.20990476190476187,0.39511979166666666,0.9292031250000001,1.600254090909091,0.0,0.04933697957427713,0.25518048914430763,0.6123917602859885,1.4648572834181623,0.0,0.103182696,0.345122,1.0467732,1.8234224
2016-12-13 07:00:00,0.7996666666666666,0.0,0.42302144295101507,0.5748264880952382,0.4232674105572973,0.002412625456642646,0.0912459538328999,0.3551091253121481,0.7855644687888026,1.1329460656321475,0.06259090909090909,0.1553009259259259,0.27479166666666666,0.8719916666666667,1.4844062500000004,0.0,0.043989960994330946,0.2503075741273936,0.5972638688134416,1.480940034309472,0.0,0.089796126,0.33277664,1.0100238,1.7429223
2016-12-13 08:00:00,0.6556666666666666,0.12716666666666668,0.41993523105752645,0.5540021386684301,0.46930194736006176,0.0023510089485514465,0.08635488407767863,0.3210616735948496,0.7008101697625574,0.9249924516236568,0.05641496212121214,0.16967633928571427,0.3995064814814815,0.8225388621794871,1.35987,0.0,0.05975433841141126,0.24643879571745192,0.7540877205849557,1.5279472122819173,0.0,0.083619885,0.3069715,0.93984395,1.579871
2016-12-13 09:00:00,0.8971666666666667,0.20583333333333337,0.40224036026615123,0.6410552202380954,0.48278102227363684,0.0008262052552568706,0.0608176433354463,0.25728138317250615,0.5067169409139408,0.6280180962103834,0.070725,0.18227604166666667,0.4637169312169312,0.9906458333333334,1.5957412878787878,0.0,0.03904707609910467,0.2301107728688604,0.752178328498403,1.6193420929136244,0.0,0.070721656,0.27060375,0.8124221,1.3235027
2016-12-13 10:00:00,0.6453333333333334,0.3706666666666667,0.4145153670848537,0.6169692868165788,0.47097905003614055,0.000250211232104159,0.04525483308058056,0.2318766847477001,0.4745308634797679,0.8303375816535408,0.070725,0.18188541666666666,0.4224426406926407,0.9887013888888889,1.6275889423076928,0.0,0.043484544557779344,0.23579596088987373,0.752178328498403,1.6193420929136244,0.0,0.0652333,0.17371964,0.41279954,0.6608347
2016-12-13 11:00:00,0.2505,0.5178333333333334,0.416873924561415,0.5621245784832454,0.4482704653262934,0.0005713511214761149,0.047083533857005436,0.22451284525435553,0.4860498638688239,0.8867682832119645,0.041596428571428576,0.13681979166666666,0.28769023569023566,0.8769583333333332,1.6496282196969707,0.0,0.043484544557779344,0.23579596088987373,0.725081290533981,1.5279472122819173,0.0,0.07203142,0.18985425,0.43433583,0.7000936
2016-12-13 12:00:00,0.09,0.688,0.41400957903524366,0.4551572180335097,0.43163181992610306,0.0005928019727205506,0.04814958393918086,0.22116573744334983,0.4605281848616919,0.8691892089709203,0.0223375,0.08613181818181818,0.21443055555555557,0.6593416666666667,1.5676190476190481,0.0,0.043484544557779344,0.23579596088987373,0.7099533990614342,1.465981509908328,0.0,0.08208796,0.19266473,0.4411979,0.7238107
2016-12-13 13:00:00,0.06183333333333334,0.4451666666666667,0.4074456165771883,0.5011895480599645,0.43163181992610306,0.0004624046107316545,0.042667320930937606,0.19718877762476944,0.44918833797844526,0.8923810967152042,0.02478111111111111,0.12056666666666667,0.23602197802197802,0.6637375000000001,1.588491666666667,0.0,0.043484544557779344,0.23579596088987373,0.7099533990614342,1.5246961516179138,0.0,0.07823669,0.19586642,0.40584847,0.67978126
2016-12-13 14:00:00,0.04,0.39,0.41011855430157385,0.5336576419753085,0.43163181992610306,0.00020118647641904387,0.04324966320680087,0.2122286864071588,0.4802331460372575,0.9701391504025998,0.05379428571428572,0.14478077651515153,0.2796323529411765,0.7670572916666667,1.6985965367965372,0.0,0.043484544557779344,0.23579596088987373,0.725081290533981,1.5547580268119856,0.0,0.062482934,0.19055767,0.39226007,0.6871533
2016-12-13 15:00:00,0.0335,0.207,0.40288466782230564,0.5432382888007055,0.4493064235186586,6.569317301245844e-05,0.039760824038197286,0.1980360043494233,0.4511310196983336,0.959647453314099,0.07302666666666668,0.16066666666666668,0.34065427350427346,0.8085156250000001,1.7408354166666666,0.0,0.042430400005282067,0.23579596088987373,0.725081290533981,1.5547580268119856,0.0,0.06377757,0.17534874,0.34473273,0.6646263
2016-12-13 16:00:00,0.09483333333333331,0.08883333333333333,0.3964771631631951,0.5162563284832447,0.4451803794754076,0.00019820907429448655,0.04012927646809995,0.1897907616439524,0.4233063764267194,0.9394249497710294,0.0668378787878788,0.16061666666666669,0.34373055555555554,0.7830546875,1.697665782828283,0.0,0.054181653474502836,0.24341808581732846,0.725081290533981,1.495396462061187,0.0,0.07715365,0.16871586,0.31061742,0.6615306
2016-12-13 17:00:00,0.15766666666666665,0.15166666666666664,0.4160460992600712,0.5088245242504409,0.4610714714717313,0.0003004435808466215,0.04903857141617867,0.23466631824778222,0.506928574971707,1.0413681300211053,0.07302666666666668,0.16808700980392155,0.32626748251748255,0.7634824810606061,1.697665782828283,0.0,0.05487096425699332,0.27547997093576904,0.725081290533981,1.5968508389942704,0.0,0.06615421,0.19454794,0.3353778,0.7097789
2016-12-13 18:00:00,0.182,0.2695,0.43800389777146576,0.5194127517636687,0.4828339663415114,0.0008811315960858935,0.06324856382097338,0.2857962781241243,0.6376948709859828,1.2231131271694957,0.07960436507936507,0.18485300925925927,0.35754166666666665,0.7338744791666667,1.5376187908496735,0.0,0.0649298374908642,0.2860380739736964,0.725081290533981,1.513996919004138,0.0,0.05313957,0.24031545,0.38329202,0.7908816
2016-12-13 19:00:00,0.19183333333333338,0.08216666666666667,0.4371722550288811,0.5075429488536158,0.5105960905394592,0.0006726704707475037,0.062319458970628155,0.29444394430018334,0.6686436218045231,1.3048270503749069,0.1041326923076923,0.2219991987179487,0.34373055555555554,0.7634824810606061,1.6041260606060612,0.0,0.05640729871307366,0.30222321784282374,0.8247403227125528,1.5679114202061986,0.0,0.03610561,0.25650275,0.38651726,0.8202084
2016-12-13 20:00:00,0.24583333333333338,0.0745,0.43536838215057116,0.49509180579605605,0.4800417715918644,0.0005162020876663635,0.05911578106202435,0.2906553937674614,0.6324161395756118,1.2581554095397787,0.09940505952380951,0.20942187499999998,0.35404282407407406,0.7634824810606061,1.5073181372549027,0.0,0.06158022114118765,0.2986293835260865,0.7352119527788699,1.493137524632852,0.00219373,0.049067937,0.25624222,0.35763144,0.7922628
2016-12-13 21:00:00,0.19966666666666663,0.03,0.42667547798751104,0.4821565721099888,0.47563133682563896,0.00020652240919296445,0.05410095916921186,0.28321343068323096,0.5920264003466025,1.2285392364886638,0.05678376068376069,0.16479924242424243,0.3193666666666667,0.6852481060606062,1.30324375,0.0,0.05810170756587645,0.3000129252933442,0.6705167250998328,1.5165860659711514,0.015236768,0.053447578,0.26427665,0.32920453,0.7673521
2016-12-13 22:00:00,0.14183333333333334,0.0,0.4017688568732453,0.47351791578483265,0.4198647783671372,0.0002426769318405594,0.05365111816180636,0.2662363686104735,0.5101327686413311,1.1573342329120988,0.0237939393939394,0.10738194444444445,0.2924583333333334,0.66325,1.1956136363636374,0.0,0.05069921787852528,0.2428238994638265,0.59541900479757,1.4844945892971024,0.041480087,0.054251,0.26439244,0.3147444,0.765608
2016-12-13 23:00:00,0.1635,0.0,0.39978906129955893,0.45602354938271616,0.4198647783671372,0.0008647474883646546,0.057863015738201164,0.26118325223406763,0.5108203562102481,1.1550889436347649,0.017953703703703704,0.06528472222222223,0.2525313852813853,0.5862864583333334,1.2431707070707085,0.0,0.05069921787852528,0.23727203551623857,0.59541900479757,1.4556591312144493,0.050346565,0.07469367,0.23706861,0.28207192,0.7048615
2016-12-14 00:00:00,0.144,0.0,0.4083238156297451,0.44582822839506214,0.3855828353648531,0.00014087500257947195,0.04787732855836509,0.24730228459745368,0.4942121754513829,1.1582132882213225,0.020601428571428576,0.09334054487179487,0.24937891737891738,0.5630569444444444,0.9188960113960123,0.0,0.05069921787852528,0.23727203551623857,0.4721640914212969,1.1770361429551988,0.048246343,0.06869151,0.25444,0.3390876,0.7652098
2016-12-14 01:00:00,0.06616666666666667,0.0023333333333333335,0.44287632212403255,0.5174542857142859,0.5027603012459568,0.0006276922676396254,0.05999172590186282,0.2849259419040796,0.6602619814594155,1.3042761179883433,0.042121212121212115,0.12739136904761902,0.27623888888888887,0.6560583333333334,1.0017773504273508,0.0,0.05069921787852528,0.3137793529683502,0.6733466909292578,1.2864748637531158,0.04526377,0.05017601,0.27207258,0.44682866,0.87389463
2016-12-14 02:00:00,0.06466666666666668,0.02266666666666667,0.47605102316974546,0.42108954960317474,0.4561188983144327,0.001523589422911519,0.07574136469259582,0.3091521220310438,0.8078955254268837,1.3894328433141094,0.04933939393939395,0.11602050264550262,0.2538296296296296,0.5058541666666667,0.93535367965368,0.0,0.05986370837891904,0.25794681925510204,0.6075531467861225,1.2949196787447652,0.004658462,0.014273486,0.28547964,0.68539727,1.1817217
2016-12-14 03:00:00,0.041666666666666664,0.07883333333333332,0.4930126875457488,0.34939249845679027,0.4679132717699454,0.002323652707039668,0.08465706777536838,0.3042103330484962,0.8565921941889594,1.3527841068709734,0.06786874999999999,0.15751041666666665,0.275652380952381,0.4514252136752137,0.7915416666666668,0.0,0.06334222195423021,0.2875442136724262,0.7314782185953853,1.2476817342158226,0.0,0.0050138095,0.28882566,0.80395424,1.3042505
2016-12-14 04:00:00,0.0345,0.117,0.5038909448056732,0.3257958624338626,0.44237453268986754,0.002174813090309675,0.08255826632252627,0.30521060290321944,0.8933268625540769,1.3667524688207693,0.06816666666666667,0.1557760416666667,0.26398333333333335,0.403634375,0.6544108333333334,0.0,0.06334222195423021,0.2565632774878442,0.686958367245816,1.2179174522379963,0.0,0.0005972411,0.28297517,0.91519237,1.4277748
2016-12-14 05:00:00,0.012333333333333333,0.15533333333333335,0.4992953040914298,0.3386944153439155,0.439354508040596,0.002154926191594095,0.07766420210580477,0.2756931936484453,0.8376834670489879,1.2488076952103513,0.06814074074074074,0.135875462962963,0.26655277777777775,0.4316130952380952,0.7395728937728939,0.0,0.06536330755615948,0.25207587215058913,0.686958367245816,1.2179174522379963,0.0,0.0037018948,0.2699963,0.885986,1.3650061
2016-12-14 06:00:00,0.0031666666666666666,0.5578333333333334,0.5174234596668004,0.3287729246031747,0.44058128723605705,0.002586694985042183,0.08788853406258172,0.30445953398399467,0.8944038357249587,1.2668542233620173,0.055177407407407404,0.10670163690476192,0.24151041666666667,0.4012236111111111,0.7315470238095241,0.0,0.06669183830390678,0.2439719679354543,0.6824943132630469,1.2179174522379963,0.0,0.005557042,0.2666809,0.97199124,1.4792297
2016-12-14 07:00:00,0.0,0.7996666666666666,0.5215764485671327,0.3542376130952383,0.4344466676084538,0.0028437257673888426,0.09148364157325856,0.3079428093804174,0.9130072949432513,1.2795951665979333,0.056576581196581203,0.10951145833333334,0.25033125,0.44533143939393943,0.8433836700336702,0.0,0.06515550384782644,0.23909905291854025,0.6824943132630469,1.2023295022364608,0.0,0.019416464,0.2664197,1.0623287,1.5885417
2016-12-14 08:00:00,0.02316666666666667,0.6556666666666666,0.50796750173263,0.3249756832010583,0.4318353050512741,0.002380187255573913,0.08204656152451195,0.26637398946130525,0.818994258887923,1.115926647515926,0.06786874999999999,0.1497673076923077,0.2592305555555555,0.39275324675324674,0.6536233333333334,0.0,0.06446619306533596,0.20703716780009943,0.6824943132630469,1.152126549125702,0.0,0.015054663,0.2495987,1.0183629,1.495581
2016-12-14 09:00:00,0.0,0.8971666666666667,0.5129710231401118,0.36586512499999996,0.4228302017109108,0.002405759894318093,0.08365770725573281,0.2766890989381399,0.8303274682927102,1.1265439132634114,0.057888484848484856,0.13856190476190475,0.25888055555555556,0.44533143939393943,0.8793908333333335,0.0,0.04552093156607196,0.19372985485163136,0.6949108011528221,1.152126549125702,0.0,0.035638068,0.25544736,1.0655992,1.5433228
2016-12-14 10:00:00,0.0,0.6453333333333334,0.41759132323911574,0.5261317757936507,0.3791534554916805,0.0,0.027301831507964242,0.15398373625319112,0.4433445781458103,0.8888614236428025,0.046694166666666675,0.17423493589743588,0.36958125,0.7276898148148148,1.1441130952380958,0.0,0.04524654537082193,0.17996342717662545,0.566680468346145,1.0490479965026471,0.0024009505,0.08970068,0.19689266,0.5145582,0.7966546
2016-12-14 11:00:00,0.0,0.2505,0.38528539235348847,0.3125990328483247,0.39375937072924877,0.0,0.010653964272110863,0.09966010657562435,0.348628288886284,0.8320979766274559,0.020786243386243387,0.06770238095238096,0.21969528619528622,0.4005278846153846,0.6579283333333334,0.0,0.04524654537082193,0.17996342717662545,0.5610138600840253,1.1084095612534457,0.004774798,0.096514806,0.18863474,0.43269888,0.6936674
2016-12-14 12:00:00,0.0,0.09,0.3689092421435971,0.3056996016313934,0.3955627001229307,0.0,0.005413049586660008,0.07382794263897685,0.29914430093349104,0.7811778373794407,0.014891250000000002,0.06566396103896105,0.21206908831908833,0.3633270202020202,0.6230225396825398,0.0,0.03672400659303137,0.1742782391556121,0.5610138600840253,1.0693702838477797,0.0,0.09278529,0.19202901,0.41398087,0.6655706
2016-12-14 13:00:00,0.0,0.06183333333333334,0.36639092656874256,0.2519429640652558,0.36431222587147694,0.0,0.005197898942874847,0.06935692320860942,0.29093615235456755,0.8056620958308129,0.004358928571428572,0.0366318108974359,0.13898958333333333,0.2995460737179487,0.6230225396825398,0.0,0.03672400659303137,0.1742782391556121,0.48922923478625846,1.1051585005894422,0.003243672,0.099605046,0.1947764,0.37558952,0.6160174
2016-12-14 14:00:00,0.0,0.04,0.3629471952154452,0.34826157451499107,0.3632878013474278,0.0,0.003956937970298981,0.0717119497545903,0.28763790707288595,0.8397049012496088,0.004664583333333333,0.04422916666666667,0.1659395424836601,0.37492640692640694,0.7271208333333333,0.0,0.0332454930177202,0.14139010972384228,0.43708878827476194,1.0758588110327154,0.0,0.09656707,0.18388724,0.3602424,0.646223
2016-12-14 15:00:00,0.0,0.0335,0.3659351038705011,0.3018361970899471,0.37789371658499604,0.0,0.008526931313531591,0.0847503561716284,0.32708903190759825,0.9413315104695427,0.005558333333333334,0.04153958333333333,0.1526732804232804,0.3491039562289562,0.6889590773809531,0.0,0.033519879212970234,0.14139010972384228,0.43708878827476194,1.135220375783514,0.0,0.10398831,0.17862342,0.3212355,0.6541217
2016-12-14 16:00:00,0.0,0.09483333333333331,0.3810935902624484,0.28862711177248684,0.3809324185094269,0.0,0.017653218502319518,0.1096828479318175,0.38811594562695656,1.0212327825596343,0.019251594202898556,0.06793125,0.17925892857142858,0.3465622294372295,0.6230225396825398,0.0,0.05594365428754542,0.18758555210408018,0.5485973721942501,1.121064652150177,0.0,0.11450583,0.1843482,0.32036895,0.6851161
2016-12-14 17:00:00,0.0,0.15766666666666665,0.3948343338004051,0.43300461331569645,0.4020817928353929,0.0,0.02365593405259421,0.14813377937680527,0.4584446991303541,1.1270848472797568,0.04860370370370371,0.15263194444444442,0.30302564102564106,0.5152534722222222,0.8349658333333333,0.0,0.0566329650700359,0.219647437222521,0.5485973721942501,1.1010595210594318,0.0,0.11390473,0.19121394,0.34066516,0.7361912
2016-12-14 18:00:00,0.017166666666666667,0.182,0.40381130744714716,0.5162197768959434,0.4001279574135387,0.0,0.02738228286089798,0.1655952495812085,0.45722150513642845,1.0803231332796261,0.08215625,0.20647619047619048,0.4043245192307693,0.6506224747474747,0.9064560606060605,0.0,0.061979983649982084,0.22452035223943506,0.5610138600840253,1.0858758426731931,0.01588085,0.121843964,0.20130521,0.3405676,0.7299924
2016-12-14 19:00:00,0.09533333333333331,0.19183333333333338,0.4119337732048765,0.5213057645502643,0.4216409664916839,0.0,0.03245922113974131,0.19070838679975344,0.5189009081786016,1.2100182109325566,0.0734831730769231,0.20456666666666667,0.41209920634920627,0.6784910714285715,0.9864944444444446,0.0,0.06536330755615948,0.2383094444755832,0.558728034439139,1.1166474710609673,0.017926944,0.13314481,0.20864314,0.34761754,0.7754376
2016-12-14 20:00:00,0.0295,0.24583333333333338,0.42296917529753253,0.5157918880070544,0.4216409664916839,0.00040078383586568834,0.040661952490596724,0.22257374486388626,0.586912934002102,1.3099071293914686,0.07627410256410258,0.2123771367521367,0.42120265151515157,0.6757886904761904,0.9919478632478637,0.0,0.07186476073202079,0.2484820378338517,0.558728034439139,1.1166474710609673,0.021127524,0.14389136,0.23448552,0.36077055,0.80309486
2016-12-14 21:00:00,0.0,0.19966666666666663,0.4253541045334934,0.5449970200617277,0.424973175748609,0.000530335997962972,0.040792308877904415,0.22250717954394006,0.5692540203133116,1.2680467551862264,0.06784444444444444,0.21349189814814812,0.4313083333333333,0.758962425595238,1.1387722222222223,0.0,0.07186476073202079,0.27946297401843356,0.5902654479171408,1.1290861231957234,0.025282197,0.14354788,0.2536261,0.3562093,0.7998041
2016-12-14 22:00:00,0.11316666666666668,0.14183333333333334,0.42021095505585454,0.5381735105820106,0.424973175748609,0.0009637501203261037,0.040187025858687886,0.20110373527754696,0.542653728799177,1.2289208176754658,0.07132083333333333,0.2071003968253968,0.41932638888888896,0.7267388888888888,1.1478066666666673,0.0,0.06334222195423021,0.27377778599742025,0.5902654479171408,1.1290861231957234,0.01663988,0.1415126,0.27104002,0.37490058,0.8310685
2016-12-14 23:00:00,0.22533333333333336,0.1635,0.4269034768025504,0.40443693584656076,0.424973175748609,0.0008675171953125704,0.03765521257479255,0.18835976944942553,0.4812534586518116,1.0550415527879402,0.06096401515151515,0.15263194444444442,0.2804270833333333,0.45299074074074075,0.8856200000000001,0.0,0.06715290607809607,0.27377778599742025,0.5902654479171408,1.1093243840114926,0.025357733,0.121921584,0.27400437,0.36376345,0.7967526
2016-12-15 00:00:00,0.06666666666666667,0.144,0.4235868536306314,0.3541959113756611,0.44298829919745253,0.0004547007674790195,0.026258836535493744,0.18078945490062392,0.47383069968922964,1.0970607219391586,0.041792948717948725,0.1142,0.2396462962962963,0.39481875,0.7479569444444444,0.0,0.06008651588641436,0.27377778599742025,0.6161075727852527,1.2023309022400144,0.018169286,0.07506012,0.27726504,0.38410616,0.80924624
2016-12-15 01:00:00,0.03,0.06616666666666667,0.41177089961937724,0.40163226322751305,0.44292347193433174,0.0,0.016406225740946592,0.16631891258814552,0.41942685456421824,1.0381152279351455,0.052703750000000014,0.11370000000000001,0.2842337662337662,0.5622563131313131,0.8961133333333335,0.0,0.058324515073371774,0.27377778599742025,0.6161075727852527,1.2023309022400144,0.02421198,0.037780408,0.2690071,0.3555387,0.7806396
2016-12-15 02:00:00,0.145,0.06466666666666668,0.40867400579300245,0.32788831746031744,0.43112909847881903,0.0,0.011950800041025257,0.15185031434630886,0.37473596467373693,0.9374708297191154,0.03386190476190476,0.09220297619047618,0.22603333333333336,0.36263564814814814,0.6933406060606061,0.0,0.058324515073371774,0.27377778599742025,0.6161075727852527,1.2023309022400144,0.022512138,0.029901735,0.25838643,0.3584276,0.7715914
2016-12-15 03:00:00,0.0505,0.041666666666666664,0.4010697583832672,0.19221882275132268,0.41345449488626346,0.0,0.006071815692982346,0.12201579909029815,0.2824632717637681,0.7408686278195968,0.011346212121212122,0.0486796875,0.14284814814814814,0.28264772727272724,0.452525462962963,0.0,0.05484600149806058,0.2161250813740078,0.49218250097598953,1.111291062540605,0.017726084,0.023977289,0.23178975,0.3610228,0.7503355
2016-12-15 04:00:00,0.172,0.0345,0.3949175840768989,0.21078332010582013,0.4060705561969762,0.0,0.004193143943174271,0.12549020861105395,0.32450370859378214,0.8435336657199518,0.004286813186813187,0.03981267806267807,0.11610238095238096,0.2351022727272727,0.4701465608465611,0.0,0.05484600149806058,0.1851441451894258,0.44330641478359933,1.1186141495900797,0.015040211,0.019910952,0.20905218,0.36000633,0.7503259
2016-12-15 05:00:00,0.20266666666666663,0.012333333333333333,0.3842386225652356,0.20274014991181658,0.41258801638508696,0.0,0.0,0.09022575021141593,0.22799599083337718,0.6585176971458706,0.0,0.016268750000000002,0.09054166666666666,0.22350178571428572,0.4846829059829066,0.0,0.04227058938259541,0.19273160552280003,0.4557229026733745,1.0878425212023055,0.005941514,0.023537079,0.19518611,0.36769474,0.72452176
2016-12-15 06:00:00,0.22316666666666662,0.0031666666666666666,0.370843686674078,0.20348426807760142,0.3891947263880679,0.0,0.0,0.07654335135821677,0.20829495799886544,0.6152363756771249,0.0006703174603174606,0.022178030303030307,0.09443750000000001,0.2287847222222222,0.49806684981685007,0.0,0.04227058938259541,0.18462770130766523,0.43708878827476194,1.0073302450434767,0.0,0.016629094,0.1800038,0.38491014,0.7360712
2016-12-15 07:00:00,0.09283333333333331,0.0,0.35396407409676883,0.13379655555555553,0.3338665895756531,0.0,0.0,0.044006983271424466,0.13290144418281152,0.4751978153203088,0.0,0.017036458333333337,0.07418333333333335,0.17550520833333333,0.3740909722222223,0.0,0.04073425492651507,0.13177325075867963,0.36717745327356094,0.9014864940331052,0.0,0.016061617,0.18014602,0.40187675,0.74274445
2016-12-15 08:00:00,0.06416666666666668,0.02316666666666667,0.36248648498404124,0.1528351287477954,0.390098138385586,0.0,0.0,0.049247032024596404,0.20504247990833846,0.592405859236766,0.0,0.010098824786324786,0.06222916666666666,0.16780092592592594,0.3727175084175088,0.0,0.047447433831375764,0.15128667815651034,0.43708878827476194,1.0371314607382671,0.0,0.033892877,0.18072999,0.40727964,0.71018726
2016-12-15 09:00:00,0.135,0.0,0.34293141193416754,0.19929025264550282,0.34136331406772275,0.0,0.0,0.02469843417500575,0.15248761943520223,0.5331517537520897,0.0,0.012570601851851854,0.06878472222222222,0.19680059523809523,0.47230404761904765,0.0,0.019337681831717995,0.07142750005438096,0.36717745327356094,0.9468756597294311,0.0,0.0333389,0.18887378,0.45272598,0.7758671
2016-12-15 10:00:00,0.3465,0.0,0.3309729727163084,0.20280678350970013,0.351886749449601,0.0,0.0,0.0,0.09775296061724459,0.4887456496717477,0.0,0.007925347222222223,0.06878472222222222,0.23286666666666664,0.46454,0.0,0.019063295636467963,0.07142750005438096,0.3823053447461077,0.9587921954938116,0.0,0.047953025,0.20087309,0.46087942,0.7575845
2016-12-15 11:00:00,0.21633333333333338,0.0,0.3313731737117499,0.27027783730158733,0.34024572477055565,0.0,0.0,0.0,0.05434536768141207,0.4309794310868623,0.0,0.00929093567251462,0.08657554945054946,0.3159666666666666,0.7029932659932662,0.0,0.02082529644951054,0.07142750005438096,0.3823053447461077,1.00730805950458,0.0,0.057509117,0.19968931,0.43563554,0.699292
2016-12-15 12:00:00,0.12166666666666669,0.0,0.34687672861348046,0.240460475749559,0.3279037603728606,0.0,0.0,0.0,0.15385564953201813,0.5838125502389395,0.0,0.010944444444444444,0.0750888888888889,0.2943486111111111,0.6291666666666673,0.0,0.02082529644951054,0.05366744636273802,0.36988885685633255,1.0166204576461693,0.0,0.06082819,0.20276412,0.4409074,0.70114595
2016-12-15 13:00:00,0.21316666666666662,0.0,0.3424119513590718,0.20323760185185194,0.29702950830785707,0.0,0.0,0.0,0.05475959394136576,0.4177865017011284,0.0,0.00535897435897436,0.052104497354497355,0.2617858796296296,0.4795476190476198,0.0,0.02082529644951054,0.05366744636273802,0.3575994490799585,1.009850190929498,0.0,0.08098609,0.1898122,0.396087,0.6439478
2016-12-15 14:00:00,0.22716666666666663,0.0,0.33793787008758996,0.1676675026455027,0.3201373479616807,0.0,0.0,0.0,0.08562172553173558,0.5220307589000843,0.0,0.003427083333333333,0.04460416666666667,0.16368958333333333,0.4406428571428576,0.0,0.02082529644951054,0.05366744636273802,0.36988885685633255,0.965841270839649,0.0,0.08346564,0.19012818,0.37157992,0.66187537
2016-12-15 15:00:00,0.24,0.0,0.33014796029073445,0.17711045238095247,0.32008868425596493,0.0,0.0,0.019320576887947416,0.19828572589709387,0.8276984526865969,0.0,0.003934027777777778,0.0479229797979798,0.18983333333333333,0.41638573975044607,0.0,0.021099682644760573,0.05366744636273802,0.35476096538378576,1.030808851141341,0.0,0.073640905,0.19684099,0.35041308,0.7040981
2016-12-15 16:00:00,0.22133333333333338,0.0,0.34983186340389694,0.14650452513227513,0.3344519882757845,0.0,0.0028752494140956014,0.0469310341960999,0.25224693475964743,0.8668839558935866,0.0,0.0037187500000000003,0.04887301587301587,0.1655595238095238,0.39789970238095274,0.0,0.04004494414402459,0.05726682573478048,0.35476096538378576,1.030808851141341,0.0,0.09113512,0.18899791,0.32872427,0.6770523
2016-12-15 17:00:00,0.4171666666666667,0.0,0.35553805265502214,0.18806087367724872,0.3339314168387739,0.0,0.0038780966455665353,0.05390262493921069,0.22233244188885926,0.7839152865172694,0.0,0.005451388888888889,0.06689166666666665,0.2123628205128205,0.4249560606060609,0.0,0.04073425492651507,0.08241982049285919,0.36717745327356094,0.9658763680294846,0.0,0.094145246,0.19145912,0.32696462,0.6830351
2016-12-15 18:00:00,0.19666666666666663,0.017166666666666667,0.3808620100102761,0.33756063804713826,0.36416262748050676,0.0,0.00980588268803273,0.0736067317011243,0.25303747327393217,0.736137379567853,0.003185994397759104,0.06777083333333334,0.1628555555555556,0.4051703869047619,0.8583785714285718,0.0,0.04227058938259541,0.15303432473348771,0.3945468419926313,1.029740998866729,0.015428698,0.10067705,0.19574583,0.3514413,0.6817493
2016-12-15 19:00:00,0.13,0.09533333333333331,0.3951170340670874,0.34554511397707255,0.37775024638982996,0.0,0.014982176795609065,0.09715154354819089,0.28932005899946484,0.7633582714661824,0.001983333333333335,0.07536780303030302,0.20960389610389613,0.407375,0.906807638888889,0.0,0.05491359345830037,0.23262425645456986,0.5287038232144926,1.029740998866729,0.023733038,0.10816663,0.18186365,0.34678993,0.6739501
2016-12-15 20:00:00,0.2588333333333333,0.0295,0.38714200480415545,0.3760760291005292,0.37136056039560217,0.0,0.011363263283202016,0.09013845890600716,0.24146576181842272,0.7013414511902407,0.004174908424908428,0.08673333333333334,0.2120597643097643,0.404571875,0.7367930555555557,0.0,0.05660800231110316,0.1713108223068912,0.42525295449525274,1.0528582763034362,0.022991862,0.08497784,0.19271065,0.36805707,0.7141347
2016-12-15 21:00:00,0.155,0.0,0.3771675867751846,0.234490613095238,0.329876358145737,0.0,0.010127378747421846,0.09201523269605963,0.23785510690564887,0.7529857517467827,0.0,0.039401041666666664,0.15656458333333334,0.28982054924242423,0.4507604166666667,0.0,0.04568151099766682,0.1395508687143673,0.3959633391690937,0.9629337391961923,0.021752287,0.061773535,0.20983453,0.36732125,0.74285877
2016-12-15 22:00:00,0.15366666666666665,0.11316666666666668,0.4091492586301719,0.5303316787918871,0.39056757670875036,0.0,0.021683850599303663,0.1119085081281283,0.29401527426017604,0.705231063196905,0.02489962962962964,0.12936767399267396,0.2602407407407407,0.6059052083333334,1.1339452380952397,0.0,0.058324515073371774,0.27377778599742025,0.5670989021274441,1.0763068176417356,0.017929887,0.05848711,0.19570184,0.41204277,0.7640932
2016-12-15 23:00:00,0.3201666666666667,0.22533333333333336,0.42302633323860506,0.5428379552469137,0.4001050615461327,0.00020645867285638267,0.028386584459671682,0.131392485109925,0.33669425902959976,0.7210646317160334,0.019750000000000004,0.12282638888888889,0.26138657407407406,0.6906114583333334,1.406198484848485,0.0,0.06684705385116232,0.27946297401843356,0.5795153900172193,1.0604006660810008,0.0047033355,0.03912995,0.19702315,0.4413516,0.7864452
2016-12-16 00:00:00,0.2735,0.06666666666666667,0.4030195663589247,0.5403064570105816,0.39056757670875036,0.00032104360318276895,0.017898327863030312,0.1149794400070654,0.29626225827074026,0.6955543150204122,0.01927166666666667,0.12106759259259259,0.26138657407407406,0.6518125,1.3739697916666673,0.0,0.058324515073371774,0.27377778599742025,0.5670989021274441,1.0119169436453561,0.0,0.017371606,0.20947067,0.44012424,0.83540833
2016-12-16 01:00:00,0.3451666666666667,0.03,0.39842095120043813,0.488712256393298,0.37870837599011686,6.479733102588022e-05,0.010521441336314441,0.08885688451915685,0.23014559454915856,0.5755300655598414,0.02958904761904763,0.12007291666666667,0.23520138888888886,0.5182102272727273,1.139178273809525,0.0,0.05484600149806058,0.18453170479983028,0.4489674833335574,1.0119169436453561,0.0,0.017409474,0.2073085,0.44964713,0.8298423
2016-12-16 02:00:00,0.437,0.145,0.4125174258624912,0.4790452574955907,0.39050274944562957,0.0002828251061356903,0.014010440214977465,0.10392535879854334,0.27598693276340275,0.5910924748317071,0.013652272727272733,0.13221153846153846,0.2647984848484849,0.6258464452214453,1.027283333333334,0.0,0.058324515073371774,0.27377778599742025,0.5670989021274441,1.0119169436453561,0.0,0.028152091,0.2104964,0.4684022,0.8296707
2016-12-16 03:00:00,0.4056666666666667,0.0505,0.39773295497028205,0.3647004417989416,0.37870837599011686,0.0,0.00647200180362642,0.08587773072857252,0.24889935704335564,0.59083386978952,0.008188888888888895,0.09419751082251082,0.22074729437229434,0.45760127314814814,0.8702355555555563,0.0,0.05484600149806058,0.18601068781718708,0.4953142768296773,1.0119169436453561,0.0,0.009288831,0.21807015,0.43006244,0.8075363
2016-12-16 04:00:00,0.465,0.172,0.4101358897843809,0.4323166626984128,0.37355262175061177,0.00010960607877350979,0.008288964442038665,0.09493474609618952,0.2783637788028821,0.576302069672833,0.010400000000000003,0.09202678571428571,0.2663472222222222,0.6077769886363638,1.0083550925925928,0.0,0.0638972000102802,0.24279684981283847,0.5309678853993642,0.9884684023070567,0.0025760338,0.025619226,0.23825759,0.4537553,0.8089614
2016-12-16 05:00:00,0.5523333333333333,0.20266666666666663,0.40590351507931066,0.42215156261022924,0.36814793428932685,7.898481255793981e-05,0.005507131454348016,0.07852189570166684,0.2450039696849622,0.5046016112611345,0.018599545454545455,0.08664903846153846,0.23472685185185183,0.5895308441558441,1.055111428571429,0.0,0.062107601488343614,0.2383094444755832,0.5162873353247174,0.9653511248703494,0.0047904206,0.033204023,0.24483196,0.45211527,0.78067255
2016-12-16 06:00:00,0.698,0.22316666666666662,0.4164644744982945,0.5034916973504886,0.39466501166268536,0.0005407853487820076,0.012241915677438542,0.08681313877106614,0.3125028151767665,0.557760778079061,0.03275880952380953,0.09607440476190476,0.27636439393939394,0.6542527777777777,1.1853266666666669,0.0,0.06343613223609089,0.2302055402604484,0.5153896643692897,1.104906828580528,0.0,0.06752262,0.25499865,0.523885,0.83070505
2016-12-16 07:00:00,0.5498333333333334,0.09283333333333331,0.39924635985689827,0.4583373386243384,0.3885303920350821,0.0003677846385946573,0.005256073839433419,0.03868115345968043,0.21799146098629574,0.40236941777657953,0.036477777777777776,0.11419444444444445,0.31940151515151516,0.6395169413919415,1.1292501602564102,0.0,0.053377259002220026,0.219647437222521,0.5153896643692897,1.0893188785789925,0.0,0.06379892,0.22511551,0.50988036,0.7983553
2016-12-16 08:00:00,0.5753333333333334,0.06416666666666668,0.3842858416297043,0.35258551102292757,0.3585312398608982,0.0,0.0,0.014246204169179155,0.15145788729657633,0.3300869053970127,0.017440909090909094,0.06690833333333333,0.20702222222222222,0.5258630952380952,0.9393048484848484,0.0,0.052687948219729545,0.18758555210408018,0.4436050390715228,1.045190626095955,0.0,0.058117703,0.21842022,0.47216612,0.73328817
2016-12-16 09:00:00,0.3745,0.135,0.39131960472927263,0.43891588051146374,0.3525748819003099,0.0,0.0001686559418335482,0.005631815920011857,0.16454170270045698,0.3017203603288059,0.040956481481481496,0.12731071428571428,0.31229166666666663,0.6415505952380953,1.026394871794873,0.0,0.03374268672046553,0.1742782391556121,0.5153896643692897,1.045190626095955,0.0,0.08350849,0.20234698,0.5267903,0.7918313
2016-12-16 10:00:00,0.272,0.3465,0.39995630820115763,0.3874114986772486,0.3564583147258122,0.0006058628095322736,0.004771074449222264,0.00599763411547502,0.1677625527464871,0.26869729923305774,0.018115384615384617,0.0705345238095238,0.22697777777777778,0.5347638888888888,0.9469936507936513,0.0,0.04199083930300605,0.17996342717662545,0.5009779326123314,1.045190626095955,0.0,0.11484105,0.21732728,0.5428768,0.78128886
2016-12-16 11:00:00,0.3275,0.21633333333333338,0.3732969094217466,0.28320700330687815,0.3281479918986432,0.0,0.0,0.0,0.06654970462742393,0.20582897328009153,0.003847756410256413,0.03308928571428572,0.14468749999999997,0.3413,0.7868520833333335,0.0,0.037278984649081345,0.1742782391556121,0.4858500411397842,0.9056349223857761,0.0,0.10851826,0.21475348,0.44797418,0.6575476
2016-12-16 12:00:00,0.20883333333333337,0.12166666666666669,0.36078200877306943,0.19855100529100517,0.3243293863362617,0.0,0.0,0.0,0.0025481747874883665,0.1479532587990624,0.0,0.015005952380952379,0.07618194444444445,0.2417989417989418,0.49143476190476193,0.0,0.033468300525215496,0.1742782391556121,0.4858500411397842,0.9149473205273655,0.0,0.09507023,0.1986093,0.39432916,0.58999234
2016-12-16 13:00:00,0.19366666666666663,0.21316666666666662,0.3696509487148301,0.20550499603174593,0.328212819161764,0.0,0.0,0.0,0.02354063619874558,0.16308820974127702,0.0,0.01488095238095238,0.08237261904761906,0.23371071428571427,0.40004666666666744,0.0,0.04066230855525874,0.17996342717662545,0.4858500411397842,0.9736619622369513,0.0,0.09426978,0.20071223,0.41538614,0.61321884
2016-12-16 14:00:00,0.15083333333333335,0.22716666666666663,0.3738654796575407,0.21429307142857132,0.328212819161764,0.0,0.0,0.0,0.040608595362291444,0.1924646309935747,0.0,0.010601785714285716,0.07218506493506494,0.24167803030303028,0.4397780303030306,0.0,0.04022883848996347,0.17996342717662545,0.4858500411397842,0.9895681137976863,0.0,0.0953578,0.19694982,0.42507923,0.6451851
2016-12-16 15:00:00,0.07383333333333333,0.24,0.3813407637252115,0.21036657870370362,0.328212819161764,0.0,0.0,5.594696688680247e-05,0.07644012936045574,0.25112518160673036,1.1538461538461562e-05,0.01577043269230769,0.09578819444444445,0.24858733974358976,0.4397780303030306,0.0,0.0405032246852135,0.17996342717662545,0.4858500411397842,0.9895681137976863,0.0,0.0938681,0.19578068,0.44113553,0.6887006
2016-12-16 16:00:00,0.158,0.22133333333333338,0.37878298955398454,0.19395722486772476,0.345963550577865,0.0,0.0,0.0,0.06060217253987843,0.2571614547925726,0.00378761904761905,0.02403125,0.1104861111111111,0.25407772435897436,0.39760333333333353,0.0,0.054736631530552804,0.18758555210408018,0.4858500411397842,0.9895681137976863,0.0,0.079086095,0.17977813,0.39366296,0.66073406
2016-12-16 17:00:00,0.19633333333333336,0.4171666666666667,0.40305439480180794,0.24829570546737226,0.3580674845710751,0.0001717420848382843,0.006745921079412957,0.04849994331232069,0.16761299348435543,0.38878495466497665,0.00917777777777778,0.04796626984126984,0.13837962962962963,0.2969015151515152,0.5138667748917751,0.0,0.06013779696696799,0.22533262524353434,0.4858500411397842,1.0141530488651935,0.0,0.09193486,0.1929155,0.44294772,0.742946
2016-12-16 18:00:00,0.15916666666666665,0.19666666666666663,0.3979466346666619,0.24085858068783064,0.3642021041986784,0.0,0.0032809020845154593,0.07034156679271664,0.20678860426811724,0.5251983147448779,0.01681,0.05508978174603174,0.13711904761904764,0.2760534722222222,0.4573118518518526,0.0,0.06034560067530103,0.2302055402604484,0.4858500411397842,1.029740998866729,0.0,0.08265313,0.19443978,0.38539338,0.72368515
2016-12-16 19:00:00,0.09816666666666668,0.13,0.3950571247477308,0.22060329078483235,0.38807225117389926,0.0,0.005544554704286275,0.09658079289222637,0.25068714088656996,0.6436816724061348,0.023142857142857146,0.05481547619047619,0.14968696581196583,0.2652103174603175,0.4545287500000001,0.0,0.05315159264525778,0.23262425645456986,0.5443163026821807,1.0717201190398562,0.006357053,0.07316039,0.202163,0.37497073,0.73992807
2016-12-16 20:00:00,0.06533333333333333,0.2588333333333333,0.41760562392114026,0.29347780621693126,0.36599534965248887,0.0002320059113086674,0.0145225070382786,0.1202670358115102,0.28912190411401756,0.6290892282574708,0.036555952380952376,0.07750046296296295,0.18187321937321937,0.33781845238095237,0.6386932900432902,0.0,0.06684705385116232,0.2484820378338517,0.5018756035677587,1.029740998866729,0.021705298,0.08246308,0.21874355,0.4072387,0.7639595
2016-12-16 21:00:00,0.0325,0.155,0.40919333698632315,0.3066565423280422,0.389528646210552,0.00014615167314598922,0.009587101968254824,0.10543818918179777,0.25771299812653614,0.6171950960035592,0.03868452380952381,0.09004166666666666,0.21032638888888888,0.3324965909090909,0.6890830555555562,0.0,0.058324515073371774,0.27377778599742025,0.5380066202958389,1.0812940915173392,0.018570337,0.06337058,0.2126843,0.3995255,0.77952576
2016-12-16 22:00:00,0.02316666666666667,0.15366666666666665,0.411745643678545,0.29609642614638426,0.389528646210552,0.0,0.009272132648968645,0.13020373267303864,0.27495530220871917,0.6419485493273686,0.038520238095238094,0.1029232226107226,0.21293690476190474,0.32461979166666666,0.5742971590909095,0.0,0.058324515073371774,0.27377778599742025,0.5380066202958389,1.0812940915173392,0.014572139,0.044398516,0.23361024,0.40098292,0.7967859
2016-12-16 23:00:00,0.0,0.3201666666666667,0.4297138827723341,0.30136440806878295,0.392482962184889,0.0,0.014379164984003073,0.15062854404280845,0.28238065865756207,0.5543968776668506,0.03971428571428572,0.12164814814814814,0.21771990740740743,0.3352722222222222,0.5867047619047621,0.0,0.06684705385116232,0.27946297401843356,0.5504231081856141,1.0372833886442936,0.0040632416,0.034457453,0.24241504,0.44523373,0.8455801
2016-12-17 00:00:00,0.0,0.2735,0.4282709626480593,0.34965609545855375,0.41878517019967276,0.0008821255412171225,0.01996993558666973,0.15911406949860707,0.32197664593154757,0.577860534476019,0.04729246794871795,0.12025303030303032,0.21293690476190474,0.34713690476190473,0.6217057539682541,0.0,0.07010275991897821,0.27946297401843356,0.5638487451639509,1.0526655451357472,0.0,0.053770415,0.22921771,0.4727453,0.8667735
2016-12-17 01:00:00,0.0,0.3451666666666667,0.4248451344820972,0.32177571715167547,0.414879905183874,0.0007465635245466106,0.015535798751815773,0.13773528076267874,0.24697669251787435,0.4280282614961941,0.04015791666666667,0.1166875,0.20757070707070707,0.3291527777777778,0.580778273809524,0.0,0.0629131112067698,0.27946297401843356,0.5638487451639509,1.0526655451357472,0.0,0.03345987,0.22131473,0.4874402,0.8809415
2016-12-17 02:00:00,0.0,0.437,0.43022186189163575,0.2885551399911817,0.414879905183874,0.0006046462538365577,0.015611488220020543,0.14624996061085388,0.2510838263358036,0.38895537398877156,0.03872428571428571,0.10748333333333333,0.2015967261904762,0.32010267857142854,0.5199837037037037,0.0,0.0629131112067698,0.27946297401843356,0.5638487451639509,1.0526655451357472,0.0,0.019806301,0.21512082,0.50416356,0.8991063
2016-12-17 03:00:00,0.0,0.4056666666666667,0.4248413601183751,0.2945946564253648,0.414879905183874,0.0004927153848930245,0.009245444346286893,0.11687518006789267,0.19973062146962295,0.3014676281782155,0.028835925925925925,0.0969951923076923,0.20398194444444445,0.3129205182072829,0.5693908653846155,0.0,0.0629131112067698,0.27946297401843356,0.5638487451639509,1.0815010032184003,0.0,0.02020621,0.21574906,0.51439214,0.88817406
2016-12-17 04:00:00,0.0,0.465,0.4253638811672358,0.25312582738095224,0.4034155328938763,0.0002622091485019497,0.007283337603962228,0.11167124534273455,0.18094078397477098,0.23283804706822286,0.015518750000000001,0.066883658008658,0.1680972222222222,0.3068173611111111,0.5412325630252103,0.0,0.0629131112067698,0.2484820378338517,0.5227955436112579,1.0580524618801008,0.0,0.008626258,0.20430039,0.52947694,0.8893518
2016-12-17 05:00:00,0.0,0.5523333333333333,0.42127098039995436,0.211140613095238,0.4034155328938763,0.00028279826437323523,0.006451089298580154,0.10379943136402368,0.16687951156875097,0.20161394133522637,0.012145238095238096,0.054365476190476186,0.13684391534391532,0.2626820436507936,0.45251759259259283,0.0,0.0649298374908642,0.2383094444755832,0.5284621518733776,1.0580524618801008,0.0,0.017976522,0.20183147,0.5317456,0.8756423
2016-12-17 06:00:00,0.0,0.698,0.42115490797330346,0.19844202138447964,0.40162228744006584,0.000381456315602215,0.008676595726249091,0.1050119434295957,0.17582441860540537,0.2042205825588853,0.010180000000000002,0.04311342592592593,0.12762037037037038,0.2594417613636364,0.40084296296296307,0.0,0.0649298374908642,0.2302055402604484,0.5124365894454032,1.0580524618801008,0.0,0.02593711,0.19594622,0.5454231,0.87954444
2016-12-17 07:00:00,0.0,0.5498333333333334,0.4068028503161451,0.17597998787477948,0.3749077479363609,0.0,0.00019147524276694628,0.05683775135425326,0.10180162329712494,0.11428528140488492,0.004459444444444445,0.029901785714285714,0.10479761904761906,0.22480912698412697,0.3953708333333334,0.0,0.06339350303478386,0.22533262524353434,0.49435349329350803,1.0424645118785654,0.0,0.04617907,0.19580051,0.5251398,0.82253534
2016-12-17 08:00:00,0.0,0.5753333333333334,0.401979855083774,0.1664642094356261,0.3559364931914587,0.0,0.0,0.035079021910027125,0.07182746152494901,0.07890084884517967,0.0042631944444444445,0.020597916666666667,0.09218371212121212,0.21447632575757575,0.36101296296296354,0.0,0.06270419225229339,0.19327074012509352,0.49435349329350803,0.9695008013128745,0.0,0.05339814,0.19714509,0.52797955,0.7943695
2016-12-17 09:00:00,0.0,0.3745,0.3884044268304311,0.16819636684303346,0.3381857617753577,0.0,0.0,0.0,0.018580124103835027,0.01862041500782874,0.0025047435897435897,0.02371904761904762,0.10207440476190478,0.22283333333333333,0.3592129629629636,0.0,0.043758930753029376,0.17996342717662545,0.49435349329350803,0.9695008013128745,0.0,0.044026088,0.17374095,0.49270242,0.7479965
2016-12-17 10:00:00,0.0,0.272,0.37792249400404054,0.19729264770723115,0.34772324661274,0.0,0.0,0.0,0.0,0.0,0.004770833333333334,0.027850852272727274,0.12003333333333334,0.25760479797979796,0.3886083333333335,0.0,0.043484544557779344,0.17996342717662545,0.5067699811832834,0.9695008013128745,0.0,0.030356804,0.16217877,0.4717267,0.73070717
2016-12-17 11:00:00,0.0,0.3275,0.3806911979866369,0.18593583465608468,0.34772324661274,0.0,0.0,0.0,0.0,0.0,0.0004812500000000004,0.018444642857142857,0.101175,0.22283333333333333,0.3861375000000002,0.0,0.043484544557779344,0.17996342717662545,0.5067699811832834,0.9695008013128745,0.0,0.05798876,0.17316522,0.47331297,0.7128243
2016-12-17 12:00:00,0.0,0.20883333333333337,0.369708759600565,0.22575530599647262,0.34209102679115644,0.0,0.0,0.0,0.0,0.06740467303231945,0.001137500000000002,0.019776751893939397,0.0958895202020202,0.21306174242424242,0.4436875000000002,0.0,0.043484544557779344,0.17996342717662545,0.49435349329350803,0.9788131994544639,0.0,0.045716885,0.17969404,0.43781143,0.6934002
2016-12-17 13:00:00,0.0,0.19366666666666663,0.3706529153702702,0.2323930160934744,0.35162851162853875,0.0,0.0,0.0,0.0,0.06194684636139791,0.0011562500000000017,0.019393939393939394,0.10421190476190476,0.25631944444444443,0.4984818783068784,0.0,0.043484544557779344,0.17996342717662545,0.5067699811832834,1.0375278411640498,0.0,0.04797938,0.172499,0.42568278,0.67870355
2016-12-17 14:00:00,0.0,0.15083333333333335,0.36655134449844384,0.21354875154320993,0.35162851162853875,0.0,0.0,0.0,0.0,0.07750866428982395,0.00030625000000000015,0.018681944444444445,0.11660416666666668,0.24539285714285713,0.5062958333333336,0.0,0.027772357067780404,0.1742782391556121,0.5067699811832834,1.0534339927247847,0.0,0.03907215,0.16725105,0.40556383,0.6755999
2016-12-17 15:00:00,0.0,0.07383333333333333,0.36128439777698645,0.22011512323633164,0.34774507880303646,0.0,0.0,0.0,0.0,0.08007854453018237,0.0037880952380952406,0.02479464285714286,0.11354861111111111,0.258,0.4983705357142858,0.0,0.03523639197523882,0.1742782391556121,0.5067699811832834,1.0534339927247847,0.0,0.030870354,0.17081556,0.39428553,0.6837871
2016-12-17 16:00:00,0.0,0.158,0.3771024933456015,0.24682743716931219,0.36937924304463976,0.0,0.0,0.006156617963902711,0.045186523487710906,0.1950293636368563,0.0046975,0.0390515873015873,0.14609129901960785,0.27525000000000005,0.5184533333333333,0.0,0.04699200476229445,0.18758555210408018,0.5067699811832834,1.0534339927247847,0.0,0.048001245,0.1791732,0.38826263,0.6820159
2016-12-17 17:00:00,0.0,0.19633333333333336,0.3900007569917505,0.2586358024691358,0.38835049778954195,0.0,0.0,0.04063526993030522,0.1123826839609211,0.2690770600637131,0.017042619047619053,0.06850595238095238,0.1781361111111111,0.3020138888888889,0.47525000000000045,0.0,0.05620385432257548,0.22533262524353434,0.5067699811832834,1.106854385874945,0.0,0.053816423,0.18790407,0.40148792,0.7053954
2016-12-17 18:00:00,0.0,0.15916666666666665,0.39168972701887517,0.28457678042328033,0.4055275524558646,0.0,0.0,0.04952937772740873,0.1257267564223381,0.33637032779533105,0.017273809523809525,0.08656868131868131,0.2050758547008547,0.32853921568627453,0.5064158333333336,0.0,0.05302833412473111,0.22452035223943506,0.5067699811832834,1.1224423358764803,0.0,0.041196898,0.2042631,0.39189392,0.69951993
2016-12-17 19:00:00,0.0,0.09816666666666668,0.3922311100387397,0.2870932193562609,0.39778331307229275,0.0,0.0,0.052583654511843825,0.12432994182708679,0.34650873890291356,0.013051851851851853,0.08504532967032967,0.2111569264069264,0.33697261904761905,0.5361416666666671,0.0,0.04921765000086527,0.23262425645456986,0.5103790557214827,1.1224423358764803,0.0,0.028559845,0.2198549,0.39951965,0.7196472
2016-12-17 20:00:00,0.0,0.06533333333333333,0.392498376323628,0.28705376388888887,0.40732079790967507,0.0,0.0032108623100333272,0.07514235351704637,0.13808982742509468,0.3651979117564458,0.02115138888888889,0.11027272727272726,0.22702037037037037,0.34195993589743584,0.5239757575757578,0.0,0.05439057242897926,0.24279684981283847,0.5227955436112579,1.1224423358764803,0.0,0.018265424,0.22063287,0.39331383,0.7361017
2016-12-17 21:00:00,0.0,0.0325,0.38632534850800726,0.3509473802910053,0.41652828158154237,0.00028213394451271517,0.007329548040402541,0.07868443226347552,0.126373649505718,0.37035467309652514,0.04165785714285715,0.12922222222222224,0.2263425925925926,0.33453397435897436,0.7497583333333351,0.0,0.05810170756587645,0.2161250813740078,0.4691274998029383,1.1458908772147798,0.0,0.013113586,0.21952294,0.37337416,0.7228772
2016-12-17 22:00:00,0.0,0.02316666666666667,0.3941224510955943,0.32962423787477946,0.41874569348150115,0.0003682486252090684,0.01059903718418092,0.10027778217224628,0.1700074804976595,0.4307023337371825,0.042703479853479845,0.13431570512820512,0.24579513888888888,0.3655347222222222,0.6655511111111114,0.0,0.05810170756587645,0.2161250813740078,0.4691274998029383,1.1458908772147798,0.0,0.01332357,0.235759,0.3811187,0.74986905
2016-12-17 23:00:00,0.0,0.0,0.39341406263330814,0.27704015520282194,0.3657160509979031,0.00042548515571200077,0.014546660753977335,0.12137948393118926,0.1987332565025393,0.4648454644373404,0.015943333333333334,0.06438854166666666,0.20477546296296295,0.3613586309523809,0.5939654914529914,0.0,0.048937217065482694,0.17669610923613271,0.42180546403720576,1.0668490994267752,0.0,0.010972716,0.2426872,0.38655096,0.77438265
2016-12-18 00:00:00,0.0,0.0,0.3787397029539301,0.24599118064373907,0.3657160509979031,0.0008800525839470282,0.02270887395806083,0.1314861568735602,0.17615560517782486,0.4145210947122079,0.01865,0.06616145833333333,0.17292255892255892,0.31590972222222224,0.46984259259259326,0.0,0.05069921787852528,0.17669610923613271,0.42180546403720576,0.9790561413586417,0.016106958,0.016499301,0.21212983,0.326908,0.6850339
2016-12-18 01:00:00,0.0,0.0,0.39147110349748243,0.2723779803791885,0.36181078598210437,0.0012335628259878947,0.026951814050083435,0.12857236239887906,0.21140484216338562,0.40394412512072864,0.02131782407407408,0.08004464285714286,0.19424404761904762,0.3246547619047619,0.5939173076923077,0.0,0.05069921787852528,0.1711442452885448,0.42180546403720576,0.9895299189084774,0.014208791,0.015855081,0.21028988,0.37201422,0.6991789
2016-12-18 02:00:00,0.0,0.0,0.3831600478101708,0.2899938077601409,0.33313898735726205,0.0012273880577759666,0.027283647824624967,0.1070711411255729,0.18163920146998208,0.3470678340499628,0.015653076923076922,0.06675053418803417,0.1948464285714286,0.38634375,0.6725435185185187,0.0,0.05069921787852528,0.1711442452885448,0.3959633391690937,0.898543865199813,0.0,0.020523852,0.2092238,0.46123213,0.8054601
2016-12-18 03:00:00,0.0,0.0,0.3734649071672681,0.2529400628306878,0.33313898735726205,0.0013629363736376806,0.027316069321456825,0.09385386790770117,0.18972930985928088,0.39595971608929836,0.022345707070707068,0.07404814814814815,0.17977272727272728,0.36910119047619044,0.6312760606060608,0.0,0.05069921787852528,0.1711442452885448,0.3959633391690937,0.898543865199813,0.0,0.03865126,0.19014981,0.46141666,0.80920404
2016-12-18 04:00:00,0.0,0.0,0.37395654870738865,0.26379293783068786,0.32249839934285945,0.0008884461590039596,0.020007752847360186,0.059778106690918154,0.0926073085813095,0.15769184585594143,0.012171969696969698,0.07339305555555556,0.16459125188536955,0.38552651515151515,0.6154790598290601,0.0,0.05069921787852528,0.14809667506522334,0.36501870774207584,0.8750953238615133,0.0,0.03529667,0.17228545,0.5336198,0.89896256
2016-12-18 05:00:00,0.0,0.0,0.3622182738549287,0.24995712433862446,0.32249839934285945,0.0008643378581961019,0.01842827080906699,0.04860635028462132,0.0992570362761711,0.19699978949644636,0.022431313131313132,0.07393240740740742,0.15475384615384613,0.38075000000000003,0.6154790598290601,0.0,0.045526295450411286,0.14475006999072848,0.36501870774207584,0.8750953238615133,0.0,0.041065004,0.17165753,0.49163702,0.83396137
2016-12-18 06:00:00,0.001,0.0,0.35724742145023863,0.22681266600529112,0.32070515388904897,0.0006192128350364182,0.013813144332891145,0.02522283004721773,0.06428703913791756,0.11281453734846913,0.01570538461538462,0.06401575854700854,0.14375833333333332,0.37557688492063496,0.6154790598290601,0.0,0.045526295450411286,0.1289446927755937,0.3489931453141012,0.8750953238615133,0.0,0.03428456,0.16631657,0.513754,0.8591734
2016-12-18 07:00:00,0.03883333333333334,0.0,0.3447625133944575,0.21008938293650803,0.3178540605037923,0.0,0.0,0.0,0.00010867125438424833,0.002181795338427675,0.0067916666666666715,0.049487037037037045,0.13134375,0.3314768518518519,0.5421140692640695,0.0,0.043989960994330946,0.12407177775867959,0.3489931453141012,0.859507373859978,0.0,0.0426898,0.14216383,0.539542,0.88291943
2016-12-18 08:00:00,0.03,0.0,0.34544968764688005,0.23227031746031757,0.2955561689060846,0.0,0.0,0.0,9.917390309904556e-05,0.0011756791238700798,0.0034175,0.04380555555555555,0.12703333333333333,0.34757449494949494,0.5636094444444445,0.0,0.043300650211840465,0.07502687942642343,0.3489931453141012,0.8153791213769406,0.0,0.037536945,0.15139325,0.51820767,0.8470118
2016-12-18 09:00:00,0.07966666666666668,0.0,0.3445516422145616,0.27697867460317466,0.25156821367753807,0.0,0.0,0.0,0.0,0.0,0.0008422619047619051,0.033494444444444445,0.13134375,0.3793377976190476,0.5664190476190477,0.0,0.02435538871257644,0.07142750005438096,0.3489931453141012,0.8153791213769406,0.0,0.028850246,0.13743165,0.5317614,0.84913164
2016-12-18 10:00:00,0.0,0.0,0.3417470754894047,0.15608779166666678,0.26924281727009364,0.0,0.0,0.0,0.0,0.0,0.0,0.0037460407239819004,0.06495833333333334,0.1948988095238095,0.4328020833333334,0.0,0.024081002517326408,0.07142750005438096,0.364121036786648,0.8866572218921194,0.021582253,0.042608976,0.15544815,0.36315966,0.5946425
2016-12-18 11:00:00,0.0,0.0,0.3340283893194668,0.14426637566137565,0.25156821367753807,0.0,0.0,0.0,0.0,0.08499548976777205,0.0,0.006898601398601399,0.06231018518518519,0.17442613636363635,0.38601468253968263,0.0,0.024081002517326408,0.07142750005438096,0.3489931453141012,0.8153791213769406,0.015058617,0.0442067,0.16244417,0.33551946,0.5714195
2016-12-18 12:00:00,0.13533333333333333,0.0,0.32881835012144023,0.14877176102292766,0.2554734786933368,0.0,0.0,0.0,0.0,0.13141713697491442,0.0,0.005873376623376624,0.049766666666666674,0.17085243055555557,0.33685750000000014,0.0,0.024081002517326408,0.07142750005438096,0.3489931453141012,0.8246915195185299,0.007996251,0.046690688,0.1625969,0.3307699,0.5701644
2016-12-18 13:00:00,0.18233333333333338,0.0,0.33110765726582475,0.1829264091710759,0.2554734786933368,0.0,0.0,0.0,0.06325379152705446,0.332450547838392,0.0,0.006955419580419581,0.06307407407407409,0.20835364583333332,0.3974337121212122,0.0,0.024081002517326408,0.07142750005438096,0.3489931453141012,0.8834061612281157,0.008080805,0.035125554,0.17667376,0.33703467,0.5974675
2016-12-18 14:00:00,0.112,0.0,0.3356358245225103,0.19414061772486776,0.24593599385595455,0.0,0.0,0.0,0.02991227349694181,0.26119010423587763,0.0,0.0055795940170940165,0.06905906593406592,0.21522673160173159,0.44714555555555574,0.0,0.024081002517326408,0.05366744636273802,0.336576657424326,0.8993123127888505,0.00507351,0.050386522,0.18422945,0.3865659,0.6711953
2016-12-18 15:00:00,0.004166666666666667,0.0,0.3474068269146584,0.1894801772486772,0.24593599385595455,0.0,0.0,0.0,0.11138385412493618,0.41029926722538923,0.0,0.012969696969696968,0.09410714285714285,0.21694755244755246,0.4459233333333333,0.0,0.022593387899533864,0.05366744636273802,0.336576657424326,0.8993123127888505,0.0,0.06206079,0.19499458,0.40558007,0.7089264
2016-12-18 16:00:00,0.034,0.0,0.3527647097057227,0.21869098015873006,0.2732242101094378,0.0,0.0,0.02365440995446061,0.18585310171873554,0.5591685660795698,0.0,0.028953869047619048,0.11462037037037037,0.24430324074074072,0.48191944444444523,0.0,0.04153864939879788,0.05726682573478048,0.3489931453141012,0.8993123127888505,3.7425874e-05,0.054302316,0.20293382,0.4006747,0.7184433
2016-12-18 17:00:00,0.094,0.0,0.36700233650813624,0.22874772861552042,0.3183895472959597,0.0,0.0,0.031341473879270165,0.17912911118690278,0.4935019986936261,0.0,0.03265757575757575,0.10574145299145299,0.26158449074074075,0.5048861538461543,0.0,0.04222796018128836,0.10017987418450211,0.364121036786648,1.0063305746846942,0.001006558,0.045640215,0.232114,0.4661671,0.81911623
2016-12-18 18:00:00,0.0775,0.0,0.37176805190054435,0.3019969799382717,0.29881093974817985,0.0,0.0,0.031625822940379994,0.16895509709032042,0.48705176759481594,0.0010250000000000012,0.054862499999999995,0.16213333333333332,0.3506574074074074,0.6541937500000004,0.0,0.0437642946373687,0.10505278920141614,0.3489931453141012,0.8873587973103961,0.0,0.052173976,0.2167702,0.4685914,0.822354
2016-12-18 19:00:00,0.1015,0.0,0.3607643770571014,0.3358325401234569,0.291066700364608,0.0,0.0,0.0136614166400221,0.0919927941341237,0.3958825691286234,0.005535096153846155,0.06755654761904761,0.17391666666666666,0.3978407738095238,0.5949972222222223,0.0,0.0437642946373687,0.08957663972490797,0.35260221985230067,0.8768850197605604,0.0,0.041386105,0.20463754,0.483071,0.87096995
2016-12-18 20:00:00,0.009833333333333335,0.0,0.3789238026133413,0.3281528708112878,0.2533694790337193,0.0,0.0,0.03889678077584838,0.17358416278148558,0.5046330175907805,0.0,0.0025531250000000003,0.11800092592592593,0.4056260416666666,0.7175111111111113,0.0,0.048937217065482694,0.09292324479940282,0.3501098553029611,0.8768850197605604,0.0,0.041472998,0.22216822,0.5111118,0.92018074
2016-12-18 21:00:00,0.0,0.0,0.37850438449110657,0.31307171869488554,0.2640100670481219,0.0,0.0,0.03148005808738441,0.1411772691825829,0.44587461527482164,0.0,0.00011458333333333333,0.12788425925925925,0.3971264880952381,0.6704675595238097,0.0,0.048937217065482694,0.09804484448731772,0.11872793593981945,0.9003335610988598,0.0,0.036670513,0.2147117,0.51345074,0.92384267
2016-12-18 22:00:00,0.0,0.0,0.3861561783129402,0.29073735559964736,0.2640100670481219,0.0,0.0,0.04233875342373991,0.16753499144365303,0.4736772686564744,0.0,0.0,0.11638452380952383,0.40039791666666663,0.6629637500000003,0.0,0.0009669009944832507,0.00978801809693254,0.10526789296197737,0.9003335610988598,0.0,0.03362703,0.21955895,0.51434296,0.9264059
2016-12-18 23:00:00,0.0,0.0,0.3842361497898624,0.31171284193121707,0.27937083229710163,0.0,0.001750714168722682,0.06217759783267418,0.25445785835760903,0.6658140908577117,0.0,0.0,0.09329497354497354,0.3560451388888889,0.6713476190476191,0.0,0.0009669009944832507,0.00978801809693254,0.12039578443452414,0.914489284732197,0.0,0.019675195,0.21766645,0.48268828,0.91037637
2016-12-19 00:00:00,0.001,0.0,0.3888491470024334,0.28603512764550276,0.2606826105734761,0.0,0.003754015738650633,0.0564290022492496,0.23130850722983914,0.585753793719711,0.0,0.0,0.09147222222222223,0.3471798941798942,0.6841950000000002,0.0,0.0009669009944832507,0.00978801809693254,0.10526789296197737,0.8359436871024802,0.01742273,0.057019748,0.19185589,0.45291814,0.8614991
2016-12-19 01:00:00,0.049833333333333334,0.0,0.3900598642520492,0.2726454706790125,0.25677734555767734,0.0,0.0,0.05128061436720652,0.20220369602149502,0.509504940366789,0.0,0.00010625000000000001,0.10711071428571428,0.3481976495726496,0.6713476190476191,0.0,0.0009669009944832507,0.00978801809693254,0.12039578443452414,0.8359436871024802,0.01639308,0.056053124,0.18979046,0.45119718,0.8509363
2016-12-19 02:00:00,0.0765,0.0,0.3800900875807907,0.2781582996031748,0.2827738300412705,0.0,0.0,0.04238914454180226,0.21604529467636224,0.5548613480802306,0.0,0.002188762626262626,0.09442460317460319,0.38469861111111114,0.631624509803922,0.0,0.0009669009944832507,0.00978801809693254,0.12039578443452414,0.9754993908126585,0.01152336,0.048433498,0.1828938,0.42538613,0.81456083
2016-12-19 03:00:00,0.151,0.0,0.37625980856447994,0.4856736832010582,0.40669613500947455,0.0,0.0010204260042420352,0.052428836046568034,0.3013069467170152,0.7317535050032773,0.0,0.0,0.09016666666666667,0.5919779761904762,1.7660799242424243,0.0,0.0009669009944832507,0.00978801809693254,0.12039578443452414,1.0210919203355069,0.009546785,0.043794744,0.18150513,0.37698764,0.73369265
2016-12-19 04:00:00,0.1595,0.0,0.36314520702972736,0.4673172427248676,0.4038219594062519,0.0,0.0,0.03805067199124268,0.28064536133833756,0.7045756723172102,0.0,0.00010625000000000001,0.07817592592592593,0.5333928571428571,1.7518708333333337,0.0,0.0009669009944832507,0.00978801809693254,0.10662640149891674,1.0557649739351702,0.0,0.03482654,0.15947156,0.3548171,0.6996293
2016-12-19 05:00:00,0.3635,0.0,0.36500844297392837,0.4676075469576718,0.4104051282692972,0.0,0.0005744613472821181,0.03973556532972927,0.34779549709658747,0.7940393611261646,0.0,0.001011111111111111,0.07817592592592593,0.5273296703296704,1.7518708333333337,0.0,0.0009669009944832507,0.00978801809693254,0.10662640149891674,1.0674824860156145,0.0,0.043160036,0.14408965,0.35926318,0.68832177
2016-12-19 06:00:00,0.6075,0.001,0.3728365797923625,0.5466343725749557,0.45415350421670914,0.0,0.003118363142668036,0.04340900448663712,0.39078739816882035,0.7950267996719711,0.0,0.02945378787878788,0.14850555555555556,0.8225208333333334,1.6798772727272726,0.0,0.0009669009944832507,0.0453883655898332,0.1620594720124904,1.1691380523807136,0.0,0.053480715,0.12984298,0.42511442,0.7384257
2016-12-19 07:00:00,0.563,0.03883333333333334,0.3664308569713749,0.20104770634920643,0.2785133026029104,0.0,0.005496886669269077,0.04910529295835511,0.43564280581335757,0.8624521657497238,5.4545454545454675e-05,0.00625,0.03376984126984127,0.13947222222222222,0.45114242424242434,0.0,0.03053539890227033,0.10685738359966991,0.13977272688542747,0.9205330099340931,0.0,0.047099154,0.12575108,0.43427032,0.73923206
2016-12-19 08:00:00,0.4368333333333333,0.03,0.3557033461505894,0.19086842504409168,0.2496322421421574,0.0,0.00800144358757613,0.05133732530226659,0.4460760418651604,0.8750549234548469,0.0,0.003769230769230769,0.02400524475524475,0.129359375,0.4476222222222222,0.0,0.029846088119779846,0.0842092754654291,0.3494366647039474,0.8483002061387445,0.0,0.037477165,0.10488256,0.45048648,0.7377171
2016-12-19 09:00:00,0.3036666666666667,0.07966666666666668,0.34619333561662546,0.4575802504409167,0.3275993418883965,0.0,0.014183590706536423,0.06823610035318878,0.49225857028379516,0.9541679896852551,0.0096375,0.044375,0.19636342592592593,0.6320462662337663,1.030342,0.0,0.014379340195827024,0.13853166764759628,0.4700604480471731,0.8483002061387445,0.0,0.02177246,0.09805268,0.46831262,0.76112956
2016-12-19 10:00:00,0.16133333333333336,0.0,0.31435404945410594,0.09291908708112877,0.23763625366142074,0.0,0.0023959871897002785,0.009155842202946851,0.330472188910908,0.7486857928961834,0.0,0.003845833333333333,0.02525,0.14294965277777777,0.2916138257575759,0.0,0.0014619499248720465,0.048324661976648045,0.29169478250011005,0.6797539886726428,0.0,0.011331998,0.06447984,0.3771782,0.65279883
2016-12-19 11:00:00,0.3131666666666667,0.0,0.3105988399273438,0.09003590961199301,0.23600374283526465,0.0,0.0,0.0023179918308641814,0.3167459882995467,0.7359971462428496,0.0,0.003633333333333334,0.02536979166666667,0.14603485576923075,0.2982994318181822,0.0,0.0014619499248720465,0.048324661976648045,0.29169478250011005,0.744808277525341,0.0,0.0074738,0.050332975,0.37593693,0.6529174
2016-12-19 12:00:00,0.20683333333333337,0.13533333333333333,0.3382746166976458,0.5257901463844797,0.32957033417979475,0.0,0.01574813216802657,0.03905331037515544,0.43216296706794266,0.8533961682860915,0.014490256410256412,0.07018551587301586,0.24710511363636362,0.6727934027777778,1.030342,0.0,0.014104954000576993,0.13853166764759628,0.4700604480471731,0.7992938562460254,0.0,0.032096967,0.0773593,0.46414083,0.7312457
2016-12-19 13:00:00,0.26166666666666666,0.18233333333333338,0.3452834167086948,0.5579307800264552,0.3193229144187954,0.0002708655200025739,0.02345683528326841,0.06391089411135506,0.4706224517382201,0.9051787683840413,0.01599814814814815,0.07748978758169935,0.28256875000000004,0.7472138888888888,1.0956124999999999,0.0,0.017915638124442846,0.13853166764759628,0.4700604480471731,0.8580084979556111,0.0,0.04266814,0.089053914,0.49721357,0.7709663
2016-12-19 14:00:00,0.5001666666666666,0.112,0.33856974957544844,0.515178360493827,0.3116944846274661,0.0003674855362085067,0.02503205060136851,0.0674962483498403,0.459041602795015,0.9187052532024813,0.014058333333333332,0.0710462962962963,0.25925694444444447,0.6977095238095238,1.034921619047619,0.0,0.014104954000576993,0.13853166764759628,0.4700604480471731,0.8739146495163459,0.0,0.030403877,0.085823834,0.44463074,0.7177223
2016-12-19 15:00:00,0.6521666666666667,0.004166666666666667,0.3199523889394307,0.15970983730158742,0.2718094564196888,0.00014116197523605565,0.022404634486450272,0.06679864971986771,0.4268361477982855,0.9555636974404248,0.0016083333333333334,0.011997996794871794,0.05340740740740742,0.23708749999999998,0.5284986111111112,0.0,0.0017363361201220796,0.07431270703276106,0.35192902925328695,0.8739146495163459,0.0,0.013492251,0.08941723,0.3579874,0.65139276
2016-12-19 16:00:00,0.637,0.034,0.33342394360054506,0.18463678637566136,0.2961433566988351,0.0005465312828884317,0.0318731845949419,0.10846521294214065,0.5275390600895409,1.1223258414844592,0.0018142857142857142,0.01573796296296296,0.06080324074074074,0.234046875,0.6047653409090911,0.0,0.029846088119779846,0.0842092754654291,0.363821055220498,0.8934291127761356,0.0,0.02772326,0.112754725,0.40528706,0.73963183
2016-12-19 17:00:00,0.772,0.094,0.35482505551276045,0.40119766820987646,0.3476499947622383,0.0009664956115357479,0.041472741542747805,0.14599784167334723,0.5904332121830501,1.164415581468795,0.01688,0.06965476190476191,0.2293138528138528,0.6124516369047618,1.0009120000000007,0.0,0.03401391247758153,0.18390086571450517,0.4700604480471731,0.898499584583853,0.0,0.059320293,0.124526136,0.45829713,0.7923381
2016-12-19 18:00:00,0.6215,0.0775,0.35809684900397093,0.4152388863315697,0.35378461438984155,0.0011374566587666142,0.04554576110546443,0.1623249610770386,0.5918604229676294,1.1588889599680168,0.018758333333333335,0.0750875,0.24582589285714285,0.6606034226190476,1.0364402857142863,0.0,0.03555024693366187,0.18877378073141923,0.4700604480471731,0.8829536173519457,0.0,0.066510215,0.12221264,0.42218882,0.7480394
2016-12-19 19:00:00,0.164,0.1015,0.3624975997647436,0.41811325440917085,0.36216102870669736,0.0018400251107813597,0.053409364366097584,0.18216381464670744,0.6286831330519688,1.2107427658382888,0.021243055555555564,0.08030555555555555,0.2713148148148148,0.6248666666666667,0.9817488095238098,0.0,0.03555024693366187,0.19687768494655403,0.4920831362592736,0.9024680806117353,0.0,0.07289983,0.13611631,0.44652578,0.8099709
2016-12-19 20:00:00,0.3726666666666667,0.009833333333333335,0.34861429416242423,0.28963128897707224,0.32636911337795654,0.0016307160870718323,0.05049039755778335,0.18244195191339022,0.5874898232120094,1.1929837062750672,0.007661965811965813,0.04471328671328671,0.16480555555555554,0.39612500000000006,0.7077908333333334,0.0,0.028080165286070897,0.1358267961899875,0.37395171746538697,0.9024680806117353,0.018618032,0.06347728,0.12871543,0.35741007,0.7210874
2016-12-19 21:00:00,0.4855,0.0,0.3428355630910041,0.24231727892416227,0.28704383402273154,0.0019419928870131361,0.05358216745853717,0.19164262252114717,0.595736602037262,1.2286949685946145,0.017425128205128204,0.10335119047619047,0.20972420634920635,0.32438467261904763,0.4163883333333336,0.0,0.028080165286070897,0.11644803063663431,0.3637360273644872,0.8080781028007814,0.021732625,0.05045448,0.12764865,0.32465225,0.7029577
2016-12-19 22:00:00,0.7588333333333334,0.0,0.33835031984059954,0.21732439307760154,0.28704383402273154,0.002350916100939147,0.06029487913898393,0.2296973551816471,0.716641323916061,1.508044119563955,0.030373611111111108,0.09415451388888889,0.17355833333333334,0.2954752747252747,0.472900231481482,0.0,0.028080165286070897,0.11644803063663431,0.3637360273644872,0.9314414693401643,0.02423262,0.061712183,0.15244061,0.30759087,0.71955633
2016-12-19 23:00:00,0.5096666666666667,0.0,0.337950059782834,0.23518773633156978,0.28704383402273154,0.0026789511255085863,0.06237959704151513,0.22717231112737482,0.708626053640496,1.4781702924603928,0.005677222222222222,0.06326325757575757,0.1382969696969697,0.24574900793650795,0.5542016666666673,0.0,0.028080165286070897,0.11644803063663431,0.3637360273644872,0.9155353177794294,0.028683145,0.05397407,0.15334663,0.3102746,0.7245587
2016-12-20 00:00:00,0.3615,0.001,0.35524453377772897,0.5003046241622577,0.3482150799425182,0.0019373281560130246,0.058354827279768276,0.21944635210273616,0.676784719800897,1.3731821708195089,0.028547222222222224,0.08614965277777778,0.268525,0.6406008333333333,1.038514814814815,0.0,0.028080165286070897,0.1668077323745695,0.45351429774139695,0.9804246737893275,0.011231559,0.060793377,0.15198898,0.3103154,0.74564886
2016-12-20 01:00:00,0.3343333333333333,0.049833333333333334,0.36445685413283924,0.4306878016754849,0.34430981492671947,0.0017477947183612366,0.05432794748368339,0.2134348571560021,0.6349161567086322,1.2274208284735302,0.027162500000000003,0.08102627840909093,0.2908964646464647,0.6310508333333333,0.975955047619048,0.0,0.037244655786464666,0.1668077323745695,0.45351429774139695,0.8570613072499453,0.0042265654,0.06782949,0.14902677,0.3331405,0.7361518
2016-12-20 02:00:00,0.21933333333333338,0.0765,0.3684526259816194,0.5355995056878307,0.3801017302554603,0.001926741172854997,0.05307433832252838,0.19593200455545923,0.5929454544497992,1.0881226005400062,0.029035555555555554,0.09426845238095238,0.3752895833333333,0.767425,1.0966389743589748,0.0,0.04072316936177586,0.23803121448940473,0.57743936955066,0.8570613072499453,0.0,0.052605294,0.14889432,0.37479898,0.74992996
2016-12-20 03:00:00,0.5826666666666667,0.151,0.3736417917823716,0.47289480251322713,0.3784420397600024,0.0018823613959110831,0.05186494672580693,0.18893731054217178,0.5632149567706674,0.9797658907373747,0.023326851851851852,0.061912037037037036,0.322675,0.7508765625,1.11653150997151,0.0,0.04072316936177586,0.23803121448940473,0.5627588194760131,0.8339440298132381,0.0,0.045816418,0.1375958,0.40105286,0.755937
2016-12-20 04:00:00,0.6915,0.1595,0.37051398365075283,0.45873043143738906,0.3500129043323954,0.0016911039567150037,0.0456842690957576,0.15918368658353718,0.4885286000430705,0.8149308930661834,0.02246875,0.05899027777777778,0.2939242424242424,0.6918472222222223,1.0972818181818185,0.0,0.044533853485641706,0.20705027830482273,0.4714054604005009,0.7954464659188591,0.0,0.048915435,0.12530972,0.41906592,0.74282765
2016-12-20 05:00:00,0.74,0.3635,0.38059562566517485,0.40709008509700173,0.3500129043323954,0.0018092997778471744,0.04981462219876029,0.1686914842917253,0.4909416199295825,0.7535327261835232,0.022062587412587414,0.06063194444444444,0.2406064814814815,0.623779761904762,1.0850486111111113,0.0,0.04407278571145242,0.20256287296756736,0.4714054604005009,0.7954464659188591,0.0,0.04708323,0.10781083,0.45394248,0.7816718
2016-12-20 06:00:00,0.0595,0.6075,0.38986900204043334,0.40228010074955917,0.3482196588785849,0.0019066695748066688,0.05543686994355954,0.17869948280768075,0.48787698130674234,0.6915601450842375,0.033625,0.09523511904761905,0.25173958333333335,0.5722988095238095,0.8526525000000001,0.0,0.045834786524495005,0.19445896875243257,0.4610465062346461,0.7954464659188591,0.0,0.05079938,0.06451767,0.45873,0.7718282
2016-12-20 07:00:00,0.377,0.563,0.3822620038071538,0.29654214285714253,0.34208503925098166,0.001704359273347195,0.0526088978358064,0.16385259425014762,0.46681538398250244,0.6720680696139079,0.02974722222222222,0.08917311507936508,0.2053556818181818,0.36152395833333334,0.5789297619047625,0.0,0.044298452068414665,0.1895860537355185,0.4610465062346461,0.7954464659188591,0.0,0.034869503,0.041856635,0.40621036,0.69737417
2016-12-20 08:00:00,0.4423333333333333,0.4368333333333333,0.3688391278085844,0.25969756944444417,0.32776369335781275,0.0013037953848599555,0.04440144824412737,0.14013674623091643,0.4299689954123247,0.6598703187837379,0.026834444444444445,0.070571875,0.16801641414141413,0.3385555555555555,0.5507531818181819,0.0,0.043609141285924184,0.1575241686170777,0.4553798979725263,0.7513182134358215,0.0,0.035668533,0.04291385,0.3790299,0.64512175
2016-12-20 09:00:00,0.4146666666666667,0.3036666666666667,0.35365832633546845,0.24149412962962932,0.31001296194171174,0.000741493507022549,0.03486771646255059,0.10344230344257027,0.3488821014242054,0.554131507763303,0.021859775641025644,0.060547619047619045,0.1495050505050505,0.3288295454545454,0.5120750000000002,0.0,0.02466387978666016,0.14421685566860962,0.4553798979725263,0.7513182134358215,0.0,0.01134699,0.038905997,0.3233244,0.56978476
2016-12-20 10:00:00,0.153,0.16133333333333336,0.34356091724230664,0.2388958994708992,0.31001296194171174,0.0008778406365724104,0.030342345054975718,0.07367379204224223,0.32794074187852706,0.5571522651971037,0.012792435897435901,0.06106944444444445,0.14859640522875817,0.31028055555555556,0.5368037878787879,0.0,0.019677638937485423,0.13853166764759628,0.4553798979725263,0.7513182134358215,0.0,0.030545836,0.04849787,0.31873044,0.55115265
2016-12-20 11:00:00,0.159,0.3131666666666667,0.35297000331683887,0.23003097751322737,0.31001296194171174,0.0011928233361192388,0.036596853228223244,0.0979348403559111,0.3872244523236411,0.6427075523963188,0.012218055555555557,0.052301562499999996,0.14881111111111112,0.3255886243386243,0.572416391941392,0.0,0.024389493591410127,0.14421685566860962,0.4553798979725263,0.7513182134358215,0.0,0.047819704,0.05311722,0.3898198,0.649035
2016-12-20 12:00:00,0.4045,0.20683333333333337,0.36382410107728486,0.2756566408730157,0.3205013958205558,0.0009267720910982078,0.039680126669370375,0.1385470499144903,0.49181589636725576,0.8204890748410532,0.013789772727272729,0.051060606060606056,0.17083234126984126,0.3837583333333333,0.6997695833333339,0.0,0.024389493591410127,0.14421685566860962,0.47293853220185716,0.7905391890815344,0.0,0.028542822,0.06281472,0.40425426,0.68931913
2016-12-20 13:00:00,0.3715,0.26166666666666666,0.36030439949207627,0.30515832142857124,0.36026262130156395,0.0010574961226792457,0.04444101644716335,0.15145638290243324,0.5008119478722172,0.8594988788964525,0.015990530303030305,0.06772805059523809,0.20974305555555556,0.4179626068376068,0.7226414814814818,0.0,0.024389493591410127,0.14421685566860962,0.5335072316428977,0.8631283996519368,0.0,0.03154944,0.071936265,0.39458913,0.7014988
2016-12-20 14:00:00,0.1925,0.5001666666666666,0.36556182001117854,0.27958972486772493,0.3541125638604631,0.0016643889327797254,0.056202002513263224,0.18071760894514421,0.5456615729117181,0.9497701518754814,0.026231025641025654,0.08170555555555555,0.2000451388888889,0.3977964285714285,0.6743645833333336,0.0,0.024389493591410127,0.14421685566860962,0.5210907437531225,0.8790345512126716,0.0,0.039829005,0.088791505,0.44428745,0.7809278
2016-12-20 15:00:00,0.043666666666666666,0.6521666666666667,0.3765926536015236,0.2982258181216929,0.3541125638604631,0.00232303868046837,0.06601105207563618,0.2016837983106175,0.5888895229155336,1.021469298464805,0.026545555555555562,0.08544270833333334,0.19691319444444444,0.4312777777777778,0.7603452651515152,0.0,0.02466387978666016,0.14421685566860962,0.5267573520152422,0.8790345512126716,0.0,0.061554532,0.1021955,0.50460976,0.8801307
2016-12-20 16:00:00,0.1125,0.637,0.3822414104128921,0.2547331977513225,0.3382521272366568,0.002344194520678566,0.06902035082485974,0.21447979748527524,0.5866112022335214,1.0128659999902971,0.026210000000000015,0.08544270833333334,0.19691319444444444,0.41561011904761913,0.7412702380952384,0.0,0.043609141285924184,0.1575241686170777,0.49203490463511923,0.865159982351855,0.0,0.072291024,0.09977834,0.47092476,0.85439616
2016-12-20 17:00:00,0.15116666666666664,0.772,0.3965889098642795,0.31239391534391525,0.37199432022130374,0.002526073443236518,0.07780068810505625,0.2528690858149009,0.6278055121979995,1.0559534161448512,0.02978888888888889,0.09797222222222224,0.1985777777777778,0.4862386363636364,0.7731039682539684,0.0,0.044298452068414665,0.1895860537355185,0.4958948558539752,1.0243884262874685,0.006590385,0.08931349,0.112302445,0.49012813,0.8812118
2016-12-20 18:00:00,0.205,0.6215,0.39445619845875324,0.3108431342592591,0.3891713748876264,0.00244700627253465,0.07634498036086688,0.25489422442281107,0.622359103072134,1.0827710348064015,0.02887777777777778,0.09239583333333334,0.19822881944444443,0.4998118131868132,0.8161125000000001,0.0,0.045834786524495005,0.19445896875243257,0.4958948558539752,1.0243884262874685,0.012566786,0.100086376,0.10678709,0.41409326,0.8196329
2016-12-20 19:00:00,0.28683333333333333,0.164,0.3741958267923399,0.321143996031746,0.39096462034143686,0.002022916913320941,0.06593659872753847,0.22172061509348717,0.5540137271456708,1.038591941242106,0.023693055555555557,0.08531944444444445,0.17747008547008547,0.4542097222222222,0.779171428571429,0.0,0.037312247746704455,0.19687768494655403,0.5062538100198299,1.0243884262874685,0.018391889,0.07606981,0.08760862,0.24565686,0.6496041
2016-12-20 20:00:00,0.38816666666666666,0.3726666666666667,0.3959401488706118,0.33923126137566134,0.39096462034143686,0.002699748146257766,0.07652927364342972,0.25143172286575305,0.6060689862030548,1.0677540085168287,0.022550000000000004,0.0859875,0.2030753205128205,0.5294318181818182,0.8169678571428575,0.0,0.051007708952609,0.21273546632583606,0.5062538100198299,1.0532238843701216,0.0148625085,0.08703059,0.09797301,0.3186708,0.7475862
2016-12-20 21:00:00,0.3335,0.4855,0.41685771779235103,0.43854806746031755,0.41196647746881687,0.003235739902354002,0.08528429479979824,0.28091340383703356,0.6697475507543207,1.1157171703143267,0.02137,0.11506372549019608,0.3260983796296296,0.684778125,0.9573000000000002,0.0,0.051007708952609,0.24371640251041807,0.5653901077244179,1.0583324161438943,0.007312154,0.09744379,0.12174732,0.3967724,0.8562896
2016-12-20 22:00:00,0.2806666666666667,0.7588333333333334,0.4246140021437682,0.40085524669312145,0.41196647746881687,0.003608689825688598,0.09179866279060078,0.303849493138938,0.6976358112309288,1.1503015878308291,0.01724285714285714,0.0732875,0.2789666666666667,0.6719722222222222,0.9729604166666667,0.0,0.051007708952609,0.24371640251041807,0.5653901077244179,0.986010118010937,0.0042447513,0.11012285,0.15997538,0.47570682,0.95978713
2016-12-20 23:00:00,0.2065,0.5096666666666667,0.4168273109202988,0.48788580511463864,0.41196647746881687,0.002958162894284966,0.07774363023084548,0.26624768502673185,0.6235249479577386,1.0396830069441072,0.031302777777777784,0.16842013888888888,0.4585069444444444,0.7085023148148147,0.9381800000000007,0.0,0.04924570813956641,0.24371640251041807,0.5597234994622982,0.9583864543697579,0.006313933,0.07529952,0.15396418,0.39713886,0.86035115
2016-12-21 00:00:00,0.1475,0.3615,0.4064389867068901,0.4458447204585541,0.41196647746881687,0.0014124715733828794,0.05606511540983199,0.23186905628584273,0.5442138400215786,1.015252458495001,0.02758125,0.15037354312354312,0.3178320105820106,0.6510883333333333,0.8834545454545456,0.0,0.04924570813956641,0.24371640251041807,0.5597234994622982,0.909902731934114,0.0,0.03711861,0.15952317,0.31731257,0.7760964
2016-12-21 01:00:00,0.116,0.3343333333333333,0.4043107076223258,0.3921407824074077,0.4241390457089694,0.0010223724249448752,0.050815559270354846,0.2329560598662185,0.5549062389349239,1.0484062718295302,0.016031944444444446,0.10766666666666667,0.29763403263403265,0.6262767094017094,0.8396712121212127,0.0,0.04924570813956641,0.24371640251041807,0.6149458418097303,0.9432917640547199,0.0,0.023313142,0.18362111,0.35034755,0.8147289
2016-12-21 02:00:00,0.0505,0.21933333333333338,0.396206988534948,0.3824849537037038,0.4241390457089694,0.0005576858179543308,0.04209063993941198,0.2096838151000417,0.509117186104879,0.9779342478953237,0.008597916666666669,0.07611309523809524,0.28545833333333337,0.5653281250000001,0.8128144444444447,0.0,0.04924570813956641,0.24371640251041807,0.6149458418097303,0.9432917640547199,0.0,0.0014521333,0.1781562,0.34328508,0.7920247
2016-12-21 03:00:00,0.0016666666666666668,0.5826666666666667,0.41152642892920943,0.4158648364197533,0.4241390457089694,0.0008031905349092781,0.049452658657185435,0.23665304755773103,0.5529749802421938,0.984678254194127,0.0045275,0.11592708333333333,0.3155069444444445,0.644862878787879,0.8689100000000004,0.0,0.04924570813956641,0.24371640251041807,0.6206124500718501,0.9432917640547199,0.0,0.0022855317,0.17668584,0.4476414,0.90303206
2016-12-21 04:00:00,0.0,0.6915,0.4121214817442358,0.40319914419993597,0.4232725672077929,0.0007400203187306736,0.04763336730051822,0.22613429186187306,0.5328452567962568,0.9290707544650801,0.008343137254901961,0.12916666666666665,0.3108323412698413,0.6357528409090909,0.8761405555555556,0.0,0.04924570813956641,0.21273546632583606,0.5841528517692351,0.9483745429261348,0.0,0.0,0.16663562,0.48343647,0.92736155
2016-12-21 05:00:00,0.0,0.74,0.4365603355959046,0.40422641404120585,0.4232725672077929,0.0010558011742584055,0.055616927812818184,0.26046614978501537,0.6448645515749943,1.0270941264068143,0.024987566137566145,0.15577083333333333,0.37897045454545464,0.6679160714285715,0.8870981481481482,0.0,0.04407278571145242,0.20256287296756736,0.5841528517692351,0.982519435808423,0.0,0.015875487,0.17737466,0.6232645,1.0719994
2016-12-21 06:00:00,0.0,0.0595,0.3625185003064911,0.46044576402116394,0.3959264838884124,0.0,0.023948762034301647,0.15864091193795757,0.43658182062044515,0.891577713024279,0.02898619047619049,0.1601140873015873,0.37412121212121213,0.6512872023809523,0.886952380952381,0.0,0.032071733358350674,0.16838271189976126,0.49657095596446066,0.9537291995128546,0.0,0.016955476,0.16079476,0.4040398,0.78481746
2016-12-21 07:00:00,0.0,0.377,0.38177830075586844,0.3987521040564375,0.42414561887445834,0.0,0.03390618224945931,0.19136299246245142,0.5407144081025493,1.0134308715949463,0.025586607142857164,0.1562552083333333,0.32199038461538465,0.5570416666666667,0.8073291666666668,0.0,0.04253645125537208,0.1895860537355185,0.5683555812622265,1.0881024552557805,0.0,0.025655836,0.17020665,0.5187231,0.8869523
2016-12-21 08:00:00,0.0,0.4423333333333333,0.3736284534601118,0.4120386419753087,0.4022784322279771,0.0,0.02790838648751857,0.1587641815785874,0.4520028120758541,0.8643065220676232,0.017668846153846157,0.15609895833333337,0.2949857843137255,0.6038787878787879,0.8651694444444449,0.0,0.0418471404728816,0.1575241686170777,0.5683555812622265,0.8911596031914983,0.0,0.017612206,0.1499753,0.50994474,0.8497452
2016-12-21 09:00:00,0.0,0.4146666666666667,0.3684210495292887,0.38167767768959454,0.40554106809499735,0.0,0.026073453583039505,0.15343427979578883,0.4944580660024332,0.991700162704076,0.01624107142857143,0.15619270833333332,0.3048075396825397,0.5751196895424837,0.802622023809524,0.0,0.022901878973617583,0.14421685566860962,0.5683555812622265,1.0685298778949592,0.0,0.026764244,0.15986486,0.54839677,0.8925773
2016-12-21 10:00:00,0.0,0.153,0.34482523171861335,0.42044326653439185,0.40554106809499735,0.0,0.016496006545260948,0.11578569497854828,0.4531462341728265,1.0275715930448754,0.016202850877192983,0.14988301282051283,0.30184226190476193,0.5955138888888889,0.8873809523809525,0.0,0.014104954000576993,0.13853166764759628,0.5683555812622265,1.090009268142617,0.0,0.014166877,0.15618864,0.45061857,0.7716629
2016-12-21 11:00:00,0.03383333333333333,0.159,0.3415469641874342,0.4660002539682543,0.40554106809499735,0.0,0.018315256568336553,0.1191556072935267,0.4657190247737992,1.0525364205263141,0.04386750000000001,0.18416666666666665,0.3330357142857143,0.6510479166666667,0.91446875,0.0,0.014104954000576993,0.13853166764759628,0.5683555812622265,1.090009268142617,0.0,0.01474458,0.16413294,0.46579552,0.7803937
2016-12-21 12:00:00,0.016,0.4045,0.37269592013298025,0.43432849977954174,0.4094463331107961,0.0,0.02522512241495032,0.16425463702213022,0.549152720613338,1.1252960784477555,0.057314583333333335,0.17873511904761905,0.3146365740740741,0.6240535714285715,0.8857499999999999,0.0,0.02262749277836755,0.14421685566860962,0.5740221895243462,1.0778422760365485,0.0,0.021653937,0.18135852,0.6255099,0.97879916
2016-12-21 13:00:00,0.004333333333333333,0.3715,0.365626548036962,0.4521036937830689,0.4094463331107961,0.0,0.025931628573615063,0.1564652280259421,0.5344318406047568,1.1309053500429371,0.037296428571428605,0.1687130681818182,0.3240409356725146,0.646575,0.8797944444444447,0.0,0.02262749277836755,0.14421685566860962,0.5683555812622265,1.1419115743328543,0.0,0.020434808,0.1896484,0.60731,0.96418643
2016-12-21 14:00:00,0.019,0.1925,0.3559187164066614,0.5257811865079366,0.4094463331107961,0.0,0.02696399558322257,0.15262646755669976,0.5512997277327258,1.1939761989627182,0.037296428571428605,0.172480303030303,0.39426388888888886,0.6816510416666667,1.010106515151515,0.0,0.02262749277836755,0.14421685566860962,0.5683555812622265,1.1578177258935891,0.0,0.026244212,0.19030215,0.55309975,0.92160356
2016-12-21 15:00:00,0.05433333333333334,0.043666666666666666,0.33478723383820924,0.5104223954144619,0.3737348473491858,0.0,0.029110416393506807,0.14893466705263814,0.5318324254477055,1.233896616335859,0.022590909090909092,0.1709280303030303,0.41630092592592594,0.681672619047619,1.011455218855219,0.0,0.010900826620515842,0.12366613729858146,0.4444305094529635,1.1894884267864343,0.0,0.029423166,0.18617298,0.42545912,0.79928577
2016-12-21 16:00:00,0.044833333333333336,0.1125,0.3516942643464354,0.5227737944444446,0.4161812073392863,0.0,0.03540751670903085,0.16833141508009036,0.5341617435109197,1.166650490163092,0.027397222222222226,0.1704761904761905,0.4191851851851852,0.7004625000000001,1.0357670634920635,0.0,0.03332460169509105,0.15183898059606435,0.5683555812622265,1.1578177258935891,0.0,0.04224269,0.17855975,0.43081862,0.8083319
2016-12-21 17:00:00,0.0038333333333333336,0.15116666666666664,0.36157766558308196,0.547057474867725,0.4280508838902571,9.342249039215019e-05,0.04415252978531303,0.2052015202761876,0.6088269676704887,1.2750439802207771,0.03720722222222225,0.20126666666666665,0.43174768518518514,0.6992160714285715,1.0939366666666668,0.0,0.03401391247758153,0.18390086571450517,0.5683555812622265,1.15249232925216,0.0,0.056347813,0.19578913,0.4621597,0.8716549
2016-12-21 18:00:00,0.0011666666666666668,0.205,0.3718132402580584,0.5492360773809528,0.4276019986697399,0.00028589270284804717,0.04808845256347606,0.21500820179461028,0.5841025559132321,1.1960956396550142,0.03770166666666668,0.17272435897435898,0.42561875,0.7439770833333333,1.1234607843137254,0.0,0.039360931057527714,0.18877378073141923,0.5683555812622265,1.0181190735092338,0.0,0.06116073,0.18606944,0.42393616,0.84084797
2016-12-21 19:00:00,0.0,0.28683333333333333,0.38512885284990106,0.4741703683862437,0.4070852740418645,0.0005763025816297343,0.051427970612071376,0.22203244890912582,0.5691056621746858,1.1625356619920129,0.020068888888888893,0.1046202380952381,0.4028946886446887,0.6654435897435897,0.8883133333333338,0.0,0.04407278571145242,0.20256287296756736,0.5246674236937305,1.0042445046484174,0.0,0.06461402,0.17323129,0.37613678,0.8025298
2016-12-21 20:00:00,0.008166666666666666,0.38816666666666666,0.39695532747869683,0.4662732738095241,0.4293952441235504,0.0010680391835028063,0.06284583695262336,0.2678753087389791,0.6625665298906039,1.2899852180889873,0.036668013468013474,0.16544444444444445,0.42266515151515155,0.7409577922077922,1.0154033333333343,0.0,0.04924570813956641,0.21273546632583606,0.5784862435071154,1.0181190735092338,0.0,0.06729263,0.19259779,0.39145133,0.8525121
2016-12-21 21:00:00,0.007666666666666667,0.3335,0.3996202624441258,0.5591244420394424,0.4397992074621092,0.001149664719198565,0.06707742302092295,0.2976539367342796,0.736657821039749,1.430715604473469,0.05622857142857143,0.20190608974358976,0.4327172619047619,0.7909280303030304,1.120569117647059,0.0,0.04924570813956641,0.24371640251041807,0.6273623296995056,1.1465909718223894,0.0,0.06911193,0.222203,0.40231448,0.8917298
2016-12-21 22:00:00,0.0033333333333333335,0.2806666666666667,0.40352749220981154,0.501095970899471,0.4280871311692445,0.0011883293542293664,0.06618762391960642,0.2760293405914686,0.6388808190921946,1.1520960291895783,0.0478443181818182,0.20302083333333334,0.4167361111111111,0.6792881944444445,0.9715722222222223,0.0,0.04924570813956641,0.24371640251041807,0.5781371131361988,1.0015560852428447,0.0,0.05793882,0.20274211,0.40224245,0.84554917
2016-12-21 23:00:00,0.0,0.2065,0.39352340363234134,0.4686081759259258,0.4215039623061992,0.0009212418062115615,0.059919987286495335,0.2542610382892252,0.5597335355836054,1.0505595304344686,0.0379439393939394,0.18175818452380954,0.4396291666666666,0.6955964285714286,0.9280505050505053,0.0,0.044533853485641706,0.23803121448940473,0.5721399873520734,0.9739324216016653,0.015610152,0.038902726,0.17675287,0.32022864,0.75402707
2016-12-22 00:00:00,0.0006666666666666666,0.1475,0.3902581631917841,0.4270623533950616,0.4253975353202834,0.0009100685135829792,0.05151946339238991,0.25078023094743107,0.589909018544594,1.1820547646595836,0.033195238095238104,0.17217261904761905,0.4173055555555556,0.6835208333333334,0.8737227777777778,0.0,0.03746746329395999,0.23803121448940473,0.6273623296995056,0.9588377312866273,0.0,0.017705578,0.22112076,0.376496,0.81992155
2016-12-22 01:00:00,0.0,0.116,0.3873075260393261,0.41163333214285697,0.4253327080571626,0.0007829879996189296,0.04887236288894479,0.24823416265061451,0.5880220569528047,1.1836220651539076,0.01790342261904762,0.18026201923076926,0.4248166666666667,0.6654435897435897,0.8388430555555556,0.0,0.03746746329395999,0.23803121448940473,0.6273623296995056,0.9588377312866273,0.0,0.015152901,0.2277607,0.3943286,0.82515585
2016-12-22 02:00:00,0.0,0.0505,0.3765846472206641,0.4478451328483243,0.3780617849958326,0.0003914491980415134,0.0401521443401317,0.21372498876220256,0.4889135185796246,1.017836573843351,0.03974357142857143,0.16709212962962966,0.3710178571428572,0.6176855769230769,0.8503655303030304,0.0,0.03398894971864879,0.21616116264038995,0.4540085685581871,0.9254486991660213,0.0,0.0029341183,0.2088499,0.37405062,0.7792378
2016-12-22 03:00:00,0.0,0.0016666666666666668,0.36239330249338436,0.46052696243386254,0.3895407927284218,0.00031173667770701503,0.03968872467444614,0.21171646764671126,0.4962673840246609,1.0321603164292166,0.049527106227106224,0.16325357142857141,0.3765133101851852,0.6518597756410256,0.9478682983682987,0.0,0.026586460031297606,0.21616116264038995,0.5034372578902424,0.9588377312866273,0.0,0.0199151,0.20347781,0.4088306,0.82809925
2016-12-22 04:00:00,0.0,0.0,0.3549793507874349,0.33540864991181674,0.31033982506546975,6.038693571882832e-05,0.03444922411338703,0.18227934537390758,0.4135809602914644,0.848961360855298,0.013939523809523811,0.07101538461538462,0.22452936507936505,0.4452730186480187,0.7516261904761905,0.0,0.026586460031297606,0.1406042816267213,0.35498518243718874,0.8117226858505956,0.0,0.018691497,0.17614295,0.42160562,0.8267523
2016-12-22 05:00:00,0.0,0.0,0.346909487482826,0.29412469973544947,0.27684400841308027,0.0,0.02534485424495929,0.17307100394852776,0.39942925086872066,0.8459520722813398,0.0033995370370370377,0.04811666666666667,0.18756805555555556,0.43675789141414145,0.7671900000000003,0.0,0.019651536790141033,0.13170581260463854,0.3201368328178599,0.7857909209946288,0.0,0.015036633,0.16966486,0.5051955,0.9383636
2016-12-22 06:00:00,0.0,0.0,0.3561242561219369,0.23501856150793643,0.26551327812188746,0.0,0.02504954470573318,0.13288841221485156,0.38311773640810376,0.8024362170935393,0.008792156862745098,0.033151851851851856,0.12048205128205128,0.295171875,0.6164331481481482,0.0,0.02141353760318361,0.10584185469786078,0.29169478250011005,0.7962646985444645,0.0,0.017386058,0.13311577,0.4215486,0.7386803
2016-12-22 07:00:00,0.0,0.0,0.34254101190339326,0.17611695061728402,0.2787828384370584,0.0,0.02326653858489803,0.13374790691820437,0.4054330372945643,0.8680688526446361,0.007474509803921568,0.023657407407407405,0.09306597222222221,0.2666354166666667,0.47190999999999994,0.0,0.01987720314710327,0.11872899337258969,0.3160032963570963,0.8053053842544183,0.0,0.030554159,0.14837262,0.4605411,0.7815353
2016-12-22 08:00:00,0.0,0.0,0.33159835250198394,0.14721318606701939,0.28397177150807285,0.0,0.019820627546562025,0.11306731603847488,0.3793108583394077,0.8463014519321357,0.0016035714285714292,0.014485042735042735,0.04870833333333333,0.1965375,0.3977624242424243,0.0,0.019187892364612786,0.07224017451664828,0.3396708248324336,0.7854458148765313,0.0,0.034643997,0.14114954,0.4358366,0.7282178
2016-12-22 09:00:00,0.0,0.0,0.32290938734390773,0.10516600749559082,0.23518358108239665,0.0,0.014573848041720856,0.0885553911561884,0.33052677427513766,0.7819183104538647,0.00012000000000000029,0.006905208333333333,0.029559343434343438,0.14447943376068373,0.2921647058823531,0.0,0.00024263086534878614,0.066084715668291,0.3160032963570963,0.6961228429186825,0.0,0.03161273,0.13008462,0.41019756,0.6723326
2016-12-22 10:00:00,0.0,0.0,0.3184354102302678,0.08189173897707226,0.22860041221935135,0.0,0.007078279922444829,0.051828616793101856,0.2462371243879321,0.6540836608646426,0.0008568452380952381,0.011222222222222224,0.031414285714285714,0.08831770833333334,0.24245722222222224,0.0,0.0,0.050880741452962897,0.3041112703898852,0.6870821572087286,0.0,0.028165918,0.09884897,0.3665592,0.60713726
2016-12-22 11:00:00,0.0,0.03383333333333333,0.3294419129922628,0.21625894457671946,0.27271831629740717,0.0,0.012032018188113815,0.07095297871336792,0.33162404249882477,0.7804763309997551,0.015971428571428574,0.05656495098039216,0.1728939393939394,0.2800324074074074,0.4878483796296298,0.0,0.009132735170492514,0.07686878650907589,0.3496649670684153,0.8265638129337072,0.0,0.0411637,0.11351077,0.43083462,0.67454374
2016-12-22 12:00:00,0.0,0.016,0.32232067310391416,0.2294038213804715,0.2793663124235733,0.0,0.006022027672285796,0.07921086675503608,0.34453027680573495,0.8472984544684632,0.010433636363636365,0.03410119047619048,0.13150396825396826,0.2937054367201426,0.6172676923076924,0.0,0.0,0.09207276072440398,0.3556620928525407,0.8374024125105531,0.0,0.052591063,0.13799235,0.48676875,0.75435376
2016-12-22 13:00:00,0.0,0.004333333333333333,0.31977133435910204,0.1794557681216932,0.27278314356052796,0.0,0.006927871478437514,0.06516082285224156,0.319591120765614,0.8073615059833124,0.005897306397306398,0.024812500000000005,0.07927777777777778,0.24186488095238096,0.49739160401002525,0.0,0.0,0.09207276072440398,0.3496649670684153,0.8431833168185882,0.0,0.06170851,0.1235049,0.4620921,0.73403597
2016-12-22 14:00:00,0.0,0.019,0.3334245716141708,0.1751046667508418,0.27278314356052796,0.0,0.013975250113597078,0.07935804474079763,0.3724643524882373,0.8708995396823251,0.006506060606060606,0.028364583333333332,0.07733425925925926,0.24186488095238096,0.5189238888888892,0.0,0.0,0.09207276072440398,0.3496649670684153,0.8431833168185882,0.0,0.060397383,0.11343575,0.46185988,0.74686384
2016-12-22 15:00:00,0.0,0.05433333333333334,0.35005125955925376,0.20874676657848326,0.26324565872314565,0.0,0.02238723718815881,0.09188992598171578,0.41791033918342957,0.9016243053082151,0.01068133903133903,0.034290760869565215,0.09515972222222221,0.23606249999999995,0.5558111111111111,0.0,0.007645120552699973,0.07579169005011786,0.38359527267476007,0.8431833168185882,0.0,0.06868075,0.097095676,0.47107995,0.7982895
2016-12-22 16:00:00,0.0,0.044833333333333336,0.35258942458780057,0.18758126062610225,0.28099639013924665,0.0,0.02751746703516923,0.12148836039018812,0.4829549415446396,1.0419685253066115,0.015404761904761907,0.04299775641025641,0.10488541666666666,0.28377281746031746,0.566178787878788,0.0,0.02659038205196398,0.0842092754654291,0.33724847917864015,0.8431833168185882,0.0,0.078791834,0.11374391,0.46856663,0.8148877
2016-12-22 17:00:00,0.0,0.0038333333333333336,0.35289644450515323,0.1761003379148629,0.30329428173695433,0.0,0.030684487501919138,0.12475253424654872,0.4674109890551757,1.0072677142500377,0.010007638888888889,0.03155729166666666,0.08994981060606061,0.23119223484848483,0.463663888888889,0.0,0.018115202334060693,0.11267738359966993,0.33724847917864015,0.8677682518860952,0.0,0.088417366,0.11483001,0.45727885,0.8039107
2016-12-22 18:00:00,0.0,0.0011666666666666668,0.3526129749666923,0.1757143533670033,0.3189663862019399,0.0,0.03333123579611834,0.14665942367917129,0.4954159300770823,1.0849991818295577,0.006225833333333334,0.025428571428571425,0.07061071428571429,0.19951515151515153,0.5091569444444446,0.0,0.019651536790141033,0.117550298616584,0.3496649670684153,0.8677682518860952,0.0,0.08886934,0.12746182,0.4344357,0.8085313
2016-12-22 19:00:00,0.0,0.0,0.3422615750349731,0.13723237632275123,0.27994137019839316,0.0,0.031021161001731953,0.15503550129550137,0.4849792792112083,1.1386523080571647,0.000821228070175439,0.014931818181818183,0.0802199074074074,0.18482777777777779,0.34929520202020214,0.0,0.019651536790141033,0.10781390903046094,0.32613395860198524,0.7812980509868467,0.0,0.090597816,0.13981624,0.3624407,0.7586607
2016-12-22 20:00:00,0.0,0.008166666666666666,0.36728832108983334,0.27344500874619204,0.3207596316557504,0.0,0.036759652068739226,0.1823966624212397,0.5464216210086735,1.1438640409084964,0.014428273809523811,0.0522750946969697,0.16385267857142857,0.3690119047619048,0.6497391025641026,0.0,0.02482445921825503,0.15358684988163043,0.36569052949638997,0.8677682518860952,0.0,0.08311775,0.16529147,0.48234397,0.8783792
2016-12-22 21:00:00,0.0,0.007666666666666667,0.37403096610227937,0.3418265500160334,0.3385831965685185,0.0,0.038640252373082176,0.2056039852726223,0.6110448528967041,1.265926642918889,0.0109343137254902,0.05394791666666666,0.1690378787878788,0.4647916666666667,0.7674938095238095,0.0,0.02482445921825503,0.18456778606621244,0.4165020962991166,0.9077115731770192,0.0,0.08054479,0.19174244,0.52914804,0.9651484
2016-12-22 22:00:00,0.0,0.0033333333333333335,0.38291395433893594,0.3156390372294374,0.3385831965685185,0.0,0.04118741768707746,0.21538177449726842,0.6421470023539305,1.285364208201114,0.006629652777777779,0.044681089743589746,0.1575347222222222,0.4647916666666667,0.7715841666666668,0.0,0.02482445921825503,0.18456778606621244,0.4165020962991166,0.9077115731770192,0.0,0.06447178,0.19993895,0.57425046,1.0162392
2016-12-22 23:00:00,0.0,0.0,0.37777218009974667,0.16829997976190475,0.28014886662363553,0.0,0.03340433671666457,0.18742474218893243,0.5580020159025825,1.146142378818429,0.0024089225589225592,0.022058379120879122,0.07213333333333333,0.22392738095238093,0.4566500000000004,0.0,0.02482445921825503,0.11644803063663431,0.35108146424487774,0.7930947602008677,0.0,0.054502662,0.19122075,0.54064935,0.9740648
2016-12-23 00:00:00,0.0,0.0006666666666666666,0.3755335517811506,0.3061497301146385,0.3317008682868726,0.00019632911795075775,0.02907133729856303,0.1807601483873278,0.5416721389534808,1.094148293294899,0.00748125,0.03263295454545454,0.14057407407407407,0.4376027777777778,0.6844405555555556,0.0,0.02482445921825503,0.1668077323745695,0.40408560840934143,0.8918721729957872,0.0,0.03773483,0.19599845,0.53182894,0.93498856
2016-12-23 01:00:00,0.0,0.0,0.36797975418565626,0.12487048544973535,0.27320171107886887,3.2944303950965554e-05,0.02441812180495804,0.1650680233447431,0.5111756935929469,1.0609102619327904,0.00036083333333333367,0.01184313725490196,0.041035714285714286,0.17521130952380953,0.38056888888888957,0.0,0.02482445921825503,0.11644803063663431,0.33866497635510256,0.7889728721000797,0.0,0.027398793,0.19082585,0.51787245,0.9162023
2016-12-23 02:00:00,0.0,0.0,0.3693578282108413,0.10030776851851851,0.274834221905025,0.0,0.01949213446875395,0.14503432588045587,0.4725856707214233,0.9687984930627734,0.0,0.006348214285714285,0.03074583333333333,0.1368261904761905,0.33234583333333345,0.0,0.02482445921825503,0.11062803063663429,0.33866497635510256,0.7239185832473816,0.0,0.014818236,0.17775387,0.509869,0.8847338
2016-12-23 03:00:00,0.0,0.0,0.3905705822984572,0.12666482936507933,0.2760710179023024,0.0005511935987312822,0.02723794990202873,0.15656949290588543,0.5437170922060929,0.9814054212147413,0.0,0.008997222222222222,0.03386011904761904,0.19342320261437912,0.4340370370370371,0.0,0.02482445921825503,0.11210701365399109,0.3850117698512225,0.7889728721000797,0.0,0.019761214,0.16274107,0.57488483,0.93625003
2016-12-23 04:00:00,0.0,0.0,0.3788927842967272,0.10999251851851852,0.2654304298878998,0.00038333480601660257,0.02241616728620626,0.12828869326339498,0.47307609704375025,0.8578444428293737,0.0,0.009902777777777778,0.03711111111111111,0.19186111111111115,0.40765714285714333,0.0,0.02482445921825503,0.08905944343066965,0.3540671384242046,0.783864340326307,0.0,0.009107702,0.14739008,0.57405585,0.92335844
2016-12-23 05:00:00,0.0,0.0,0.374973374329409,0.11223481878306875,0.2654304298878998,0.00012772676061853462,0.016179411840558225,0.11012422638440078,0.45655959572788785,0.834361366384613,0.0,0.009602564102564104,0.04145940170940171,0.17404203869047621,0.34415902777777824,0.0,0.019651536790141033,0.0857128383561748,0.3540671384242046,0.783864340326307,0.0,0.016964873,0.14839117,0.630763,0.9720259
2016-12-23 06:00:00,0.0,0.0,0.34258215142152626,0.07270006172839508,0.2624003884368119,0.0,0.0008602176822209498,0.05167687915262159,0.2818747346066791,0.6169867523424419,0.0,0.0013703703703703705,0.023185096153846153,0.13460404040404042,0.2867410784313727,0.0,0.019651536790141033,0.07612995112368323,0.29169478250011005,0.7188100514736089,0.0,0.0,0.12887043,0.4747024,0.77966285
2016-12-23 07:00:00,0.0,0.0,0.34713469016461784,0.07031194973544971,0.2607860910488326,0.0,0.0013383846269478042,0.04777657769054555,0.31405151901252737,0.6400553130096962,0.0,0.0019732142857142856,0.020749999999999998,0.08610612535612536,0.25662229166666667,0.0,0.018115202334060693,0.0712570361067692,0.29169478250011005,0.783864340326307,0.0,0.005315236,0.13154992,0.54086083,0.8291353
2016-12-23 08:00:00,0.0,0.0,0.347009421894861,0.07600582605820101,0.23848819945112504,0.0,0.0,0.03415408224077471,0.30695821940277834,0.6109353823361954,0.0,0.0031049783549783544,0.02439393939393939,0.11544880952380954,0.28575322128851555,0.0,0.01742589155157021,0.05340302436604732,0.33804157599622997,0.7397360878432693,0.0,0.007930941,0.12089342,0.5607749,0.835614
2016-12-23 09:00:00,0.0,0.0,0.33071443195928274,0.06495136507936504,0.22073746803502403,0.0,0.0,0.009870579451088907,0.24303965615393164,0.5505924848288923,0.0,0.00219047619047619,0.020648809523809528,0.09263568376068376,0.25401111111111113,0.0,0.0,0.048324661976648045,0.29169478250011005,0.7397360878432693,0.0,0.008587124,0.12979268,0.5373536,0.80259424
2016-12-23 10:00:00,0.0,0.0,0.327530353330792,0.06530794841269842,0.21950067203774665,0.0,0.0,0.001466581901045344,0.22801399286079738,0.5483061238882794,0.0,0.00038333333333333334,0.02032936507936508,0.09239930555555556,0.25717190476190477,0.0,0.0,0.04980364499400485,0.33804157599622997,0.6746817989905711,0.0,0.010437917,0.12288702,0.5113404,0.7625603
2016-12-23 11:00:00,0.0,0.0,0.32090677171682525,0.06073184942680772,0.21950067203774665,0.0,0.0,0.0,0.19620285247036007,0.5129465199050399,0.0,0.0016128472222222221,0.02290029761904762,0.07097916666666666,0.25152777777777796,0.0,0.0,0.048324661976648045,0.29169478250011005,0.6746817989905711,0.0,0.014014154,0.118342765,0.50953335,0.7556382
2016-12-23 12:00:00,0.0,0.0,0.32084216056359915,0.07167044973544971,0.2179329884747113,0.0,0.0,0.005608853291889232,0.24684766088244325,0.628264470824809,0.0,0.0023425324675324676,0.019583333333333335,0.07148958333333333,0.27725738095238117,0.0,0.0,0.048324661976648045,0.29169478250011005,0.7490484859848586,0.0,0.017660018,0.12274181,0.5346376,0.8098041
2016-12-23 13:00:00,0.0,0.0,0.325353583967525,0.07531850793650793,0.2179329884747113,0.0,0.0,0.009003380384384918,0.26231033880738336,0.6486033341685715,0.0,0.00038333333333333334,0.017694444444444443,0.0865699074074074,0.25717190476190477,0.0,0.0,0.048324661976648045,0.29169478250011005,0.7665469023733379,0.0,0.021947464,0.11719675,0.5286533,0.81196153
2016-12-23 14:00:00,0.0,0.0,0.3152457547530209,0.07341694576719576,0.21956549930086738,0.0,0.0,0.013859827005256953,0.2551120768408719,0.7031841856966669,0.0,0.001703125,0.02536979166666667,0.09295299145299145,0.29675297619047636,0.0,0.0,0.048324661976648045,0.29169478250011005,0.7586149904024811,0.0,0.024154792,0.11994525,0.4736776,0.7795763
2016-12-23 15:00:00,0.0,0.0,0.31748069608246254,0.11634902535273368,0.20318145481828473,0.0,0.0,0.035313895568743536,0.29727513872658407,0.7977031277016742,0.0,0.0,0.01547222222222222,0.14055654761904762,0.42102380952381013,0.0,0.0,0.048324661976648045,0.31247256461694484,0.8023981367674212,0.0,0.021672053,0.115413256,0.42725658,0.76887757
2016-12-23 16:00:00,0.0,0.0,0.3303608164411867,0.10794506238977077,0.19961900938607963,0.0,0.0004944713310977636,0.052487022007378675,0.326153646826113,0.8146481654736715,0.0,0.0,0.009175595238095238,0.0965970695970696,0.3424729797979807,0.0,0.01742589155157021,0.03832720837812692,0.0632465584635672,0.7586149904024811,0.0,0.038781725,0.12744841,0.4645095,0.8168539
2016-12-23 17:00:00,0.015166666666666667,0.0,0.33380257014192805,0.11730464373897709,0.22191690098378727,0.0,0.004607908053307505,0.05871432585097536,0.3221813271283245,0.8017352064584882,0.0,0.0,0.001836309523809524,0.10123214285714287,0.34188964646464726,0.0,0.018115202334060693,0.05142968654537749,0.0632465584635672,0.7831999254699882,0.0,0.04814792,0.12925017,0.47126248,0.8367312
2016-12-23 18:00:00,0.14116666666666666,0.0,0.3413371839198052,0.1295241750440917,0.224767994369044,0.0,0.011078328815119477,0.08484541672576623,0.37852787272741345,0.8989251727285584,0.0,0.0,0.0013124999999999999,0.13680454545454546,0.37338888888888905,0.0,0.019651536790141033,0.05630260156229154,0.0632465584635672,0.7831999254699882,0.0,0.058137674,0.1393895,0.48103836,0.86611056
2016-12-23 19:00:00,0.11183333333333331,0.0,0.34862784298768856,0.14232925352733689,0.23314440868589983,4.0373715984129204e-05,0.017627210418974772,0.11198964956138999,0.44194313187813333,1.0098008839646007,0.0,0.0,0.005618055555555555,0.1719875,0.4347404761904764,0.0,0.019651536790141033,0.058526465203211725,0.07404486048729582,0.8027143887297777,0.0,0.06358002,0.14698827,0.49376512,0.89190686
2016-12-23 20:00:00,0.21366666666666662,0.0,0.3625539745414247,0.1551468944003527,0.24426871454320506,8.344828794670757e-05,0.023095060906266753,0.15107916850288472,0.5185279898955758,1.1190510716168216,0.0,0.0,0.016244047619047616,0.22721481481481481,0.4566500000000004,0.0,0.02482445921825503,0.04884880157756129,0.08859982514434851,0.8245208695614511,0.0,0.066898644,0.16921619,0.5261186,0.93063295
2016-12-23 21:00:00,0.289,0.0,0.3789726198585532,0.172042457010582,0.24431140876878654,0.0005169313934539093,0.030673507489802125,0.18853980810695098,0.6182831017124238,1.2622281817671914,0.0,0.0,0.012328703703703703,0.23250833333333332,0.5347577922077925,0.0,0.02482445921825503,0.06864059149648695,0.14991605134137426,0.8296294013352238,0.0,0.06726033,0.17975174,0.5246426,0.95009315
2016-12-23 22:00:00,0.4341666666666667,0.0,0.3777597318262004,0.15194945701058196,0.24431140876878654,0.0005800085665129819,0.03098372669107271,0.19300161103338873,0.6048427621353676,1.2408355379472553,0.0,0.0,0.0038541666666666663,0.22721481481481481,0.5123653846153851,0.0,0.0009669009944832507,0.00978801809693254,0.14991605134137426,0.8296294013352238,0.0,0.06312731,0.18855456,0.5103938,0.9435859
2016-12-23 23:00:00,1.0948333333333333,0.0,0.37656511457572706,0.14427103769841265,0.24594391959494258,0.000717722328411026,0.03207553646754045,0.19947752200763616,0.6126961838320454,1.2569931281177007,0.0,0.0,0.000691919191919192,0.1811273148148148,0.4945366666666667,0.0,0.0009669009944832507,0.00978801809693254,0.14991605134137426,0.8057913378036322,0.0,0.0482246,0.19778045,0.47963655,0.9141443
2016-12-24 00:00:00,2.4135,0.0,0.3704393086395246,0.12237591335978837,0.24978435734762056,0.001522308714195491,0.038703370858293104,0.22315923192165069,0.6682213243709916,1.3227763121025533,0.0,0.0,0.00038888888888888887,0.1304951388888889,0.486968686868687,0.0,0.0009669009944832507,0.00978801809693254,0.09777560482987784,0.8806709819073706,0.0,0.03916045,0.21055852,0.45684657,0.8601132
2016-12-24 01:00:00,2.9126666666666665,0.0,0.36501603124036647,0.11609318055555555,0.24587909233182184,0.0013160907298907854,0.03230196349777696,0.1924413861671042,0.5655765674045342,1.1112697254869373,0.0,0.0,0.0,0.11187351190476191,0.42834398148148156,0.0,0.0009669009944832507,0.00978801809693254,0.09777560482987784,0.7573076153679877,0.0,0.022945521,0.20906906,0.4474305,0.8391503
2016-12-24 02:00:00,2.4543333333333335,0.0,0.35562857276041226,0.1112053525132275,0.24587909233182184,0.001138647957285402,0.02880329265907376,0.18716655362033066,0.5587010552535372,1.1296929132877838,0.0,0.0,0.0,0.11589420995670996,0.465807142857143,0.0,0.0009669009944832507,0.00978801809693254,0.09777560482987784,0.8806709819073706,0.0,0.012046865,0.21088721,0.42833057,0.8254554
2016-12-24 03:00:00,1.6703333333333332,0.0,0.3676319566445899,0.16381790674603172,0.24587909233182184,0.0008853011776886543,0.026107083123028802,0.19452656240887956,0.5981489271386092,1.1495140941428765,0.0,0.0,4.62962962962963e-05,0.18304241071428573,0.5583583333333348,0.0,0.0009669009944832507,0.00978801809693254,0.22001766099275621,0.8806709819073706,0.0,0.013860979,0.19135386,0.45228654,0.84615105
2016-12-24 04:00:00,1.7718333333333331,0.0,0.35022835797641616,0.10813709325396821,0.24885642275551187,0.0007336220152378752,0.018834685748648054,0.15385715777332004,0.5071909791540958,1.010579516580831,0.0,0.0,0.0,0.08499450549450549,0.46920000000000006,0.0,0.0009669009944832507,0.00978801809693254,0.08859982514434851,0.8865723393371411,0.0,0.0,0.18371,0.4262921,0.8032436
2016-12-24 05:00:00,2.6705,0.0,0.35766826465262597,0.15647100066137562,0.24885642275551187,0.0008232024125848014,0.018626915312940216,0.15267035132674617,0.5465900708553936,1.0380672719699522,0.0,0.0,0.0,0.10110119047619048,0.5583583333333348,0.0,0.0009669009944832507,0.00978801809693254,0.14074027165584488,0.8865723393371411,0.0,0.0,0.17647482,0.46052697,0.82337105
2016-12-24 06:00:00,2.3673333333333333,0.0,0.36278697638891866,0.17254725066137558,0.269784199128833,0.0009269838298466023,0.017915674575580118,0.14447353199401522,0.5488541389333952,0.9958507259377875,0.0,0.0,0.0,0.10110119047619048,0.5579410256410271,0.0,0.0009669009944832507,0.00978801809693254,0.14183399559932733,0.8865723393371411,0.0,0.0021434275,0.174144,0.49386153,0.82651025
2016-12-24 07:00:00,2.5416666666666665,0.0,0.34457328955024585,0.18019590939153426,0.2769535807776871,0.0006800742299907763,0.012198727954780636,0.11521241533269988,0.4792058799156015,0.912585158712486,0.0,0.0,0.0,0.12275462962962964,0.6223166666666674,0.0,0.0009669009944832507,0.00978801809693254,0.14183399559932733,0.8865723393371411,0.0,0.0,0.1628019,0.45527095,0.7773494
2016-12-24 08:00:00,2.9926666666666666,0.0,0.33418575415874524,0.1446119623015872,0.2693856971652402,0.00026300026899144934,0.004907428579208645,0.08499681479518065,0.3968522873805551,0.7732997507662006,0.0,0.0,0.0,0.1018580586080586,0.5494522435897436,0.0,0.0009669009944832507,0.010383018096932553,0.14183399559932733,0.9011898766456927,0.0,0.0,0.14321369,0.43331987,0.73501164
2016-12-24 09:00:00,2.5176666666666665,0.0,0.3015975147500214,0.10598302270723105,0.2550223931454207,0.0,8.774167364879832e-05,0.03571921808282458,0.26677280478228943,0.6318639230202905,0.0,0.0,0.0,0.06495138888888888,0.47279000000000015,0.0,0.0009669009944832507,0.010383018096932553,0.08969354908783096,0.890716099095857,0.0,0.0,0.1344078,0.364341,0.65685284
2016-12-24 10:00:00,1.8468333333333333,0.0,0.30157497309928816,0.0995211951058201,0.2550223931454207,0.0,0.0,0.03972377383221945,0.29854208691076595,0.7078084780116648,0.0,0.0,0.0,0.055027146464646466,0.48004888888888886,0.0,0.0009669009944832507,0.010383018096932553,0.08969354908783096,0.9011898766456927,0.0,0.0,0.124447785,0.3665514,0.66428775
2016-12-24 11:00:00,2.2323333333333335,0.0,0.2981877988573423,0.11352465476190474,0.2550223931454207,0.0,0.0,0.033560977220241706,0.30267325289725666,0.7354186485545846,0.0,0.0,0.0,0.0872875,0.4913533333333335,0.0,0.0009669009944832507,0.010383018096932553,0.08969354908783096,0.890716099095857,0.0,0.0,0.11879607,0.3681205,0.6723321
2016-12-24 12:00:00,2.8123333333333336,0.0,0.2915287487504399,0.12636318981481479,0.25892765816121943,0.0,0.00010452726699671086,0.02696173846118677,0.29667132786259276,0.7563163418313326,0.0,0.0,0.0,0.10249388111888111,0.4973987500000002,0.0,0.0009669009944832507,0.010383018096932553,0.08969354908783096,0.9000284972374464,0.0,0.0,0.11576989,0.34572208,0.664145
2016-12-24 13:00:00,2.9855,0.0,0.29873622825644675,0.13023317768959436,0.25892765816121943,0.0002137290258822735,0.00182237671766005,0.042254551945522856,0.3421055156790494,0.8320219119769479,0.0,0.0,0.0,0.06801388888888887,0.526124175824176,0.0,0.0009669009944832507,0.010383018096932553,0.08969354908783096,0.9692169164968673,0.0,0.0,0.1142173,0.34492746,0.6778749
2016-12-24 14:00:00,2.5603333333333333,0.0,0.30429816018905903,0.12262309920634915,0.25892765816121943,0.00047770814567209686,0.005968153086624253,0.05097787617650826,0.3700352772365541,0.8770467378129456,0.0,0.0,0.0,0.100371336996337,0.5056937500000002,0.0,0.0009669009944832507,0.010383018096932553,0.08969354908783096,0.9851230680576021,0.0,0.0,0.10786145,0.34335482,0.7014234
2016-12-24 15:00:00,2.2263333333333333,0.0,0.3143265947827269,0.10854452380952381,0.25892765816121943,0.0005015260096392043,0.00915129934892072,0.06793419098923809,0.39326858700774614,0.8985870347200733,0.0,0.0,0.0,0.12319166666666667,0.5106262820512821,0.0,0.0009669009944832507,0.010383018096932553,0.08969354908783096,0.9851230680576021,0.0,0.0,0.1082283,0.36329973,0.72006273
2016-12-24 16:00:00,2.8358333333333334,0.0,0.31910679120902274,0.10636993121693124,0.27329096218103893,0.0005796401118603321,0.013224834495508597,0.08838109009905368,0.4222818360158307,0.9565907821284849,0.0,0.0,0.00016944444444444445,0.13004226190476192,0.4913533333333335,0.0,0.0009669009944832507,0.010383018096932553,0.08969354908783096,0.9851230680576021,0.0,0.0,0.114246465,0.37045196,0.72624284
2016-12-24 17:00:00,2.6871666666666667,0.015166666666666667,0.32901726695705463,0.37736833712522033,0.32241655075619996,0.0009448959347032847,0.01951560226651267,0.10648484212205615,0.4509103114570005,0.9807520372408407,0.0,0.03396726190476191,0.19574867724867723,0.4841718749999999,0.8600194444444444,0.0,0.02137090840187656,0.0917716188829093,0.18010208915713966,1.053861514229228,0.0,0.0075373934,0.111284174,0.3721431,0.7349805
2016-12-24 18:00:00,2.2955,0.14116666666666666,0.3534878962486807,0.5601564615520284,0.3974548668399753,0.001492608757896032,0.03142102878934272,0.14836964574749045,0.5262902674391545,1.0362286787889066,0.05577083333333333,0.1364496527777778,0.4407459935897436,0.9058916666666665,1.2624766346153848,0.0,0.03555024693366187,0.18877378073141923,0.5357712938277693,0.9194882584863019,0.0,0.02668837,0.12214017,0.43334562,0.80421394
2016-12-24 19:00:00,1.6866666666666668,0.11183333333333331,0.35630395535408843,0.5673208069223986,0.39855063556666265,0.0019291052935114677,0.0392080533945374,0.18027913773997833,0.6130659519550372,1.2199075733164566,0.06114375,0.17360625,0.4603444444444445,0.8663347537878788,1.1768269230769233,0.0,0.03555024693366187,0.19687768494655403,0.5459019560726582,1.050715905215478,0.0,0.026251445,0.13337882,0.4152582,0.8074714
2016-12-24 20:00:00,2.2878333333333334,0.21366666666666662,0.3755656268923426,0.6627826837742508,0.384419782980161,0.0021127874820505623,0.046295242181965325,0.21719640002097437,0.6574594238247108,1.239496502400684,0.07913214285714286,0.19280208333333332,0.5485347222222222,1.0843981481481482,1.3774533653846155,0.0,0.04924570813956641,0.21273546632583606,0.5459019560726582,1.050715905215478,0.0,0.051386744,0.15496881,0.45857164,0.852856
2016-12-24 21:00:00,2.9061666666666666,0.289,0.3863199976499656,0.6652190271164022,0.38775199223708606,0.002252409031083806,0.05322587852783033,0.25556262898617704,0.7172558639785221,1.3282144094090946,0.08876243589743592,0.23819246031746028,0.5521361111111112,1.0561248511904762,1.3692574074074073,0.0,0.04924570813956641,0.24371640251041807,0.57743936955066,1.0448145477857074,0.0,0.05099238,0.17536919,0.46537355,0.8602676
2016-12-24 22:00:00,3.0385,0.4341666666666667,0.40117244049975676,0.5920323724867724,0.38234730477580114,0.0028048163425100216,0.06320445658475508,0.2833347722056171,0.7545752484268542,1.3335026027026304,0.0706448484848485,0.19543844696969698,0.4403897435897436,0.8617492424242424,1.2127624242424244,0.0,0.04924570813956641,0.24371640251041807,0.5627588194760131,1.0216972703490002,0.0,0.05873168,0.18778372,0.5012843,0.89514697
2016-12-24 23:00:00,3.0391666666666666,1.0948333333333333,0.4312037578460614,0.5219935947089943,0.38234730477580114,0.004184770673705335,0.09125381235649568,0.36617402477358596,0.9025819995761135,1.5040999320564858,0.0756375,0.17246164772727274,0.3998373015873016,0.7636088636363636,1.1311895833333339,0.0,0.051007708952609,0.24371640251041807,0.5684254277381329,1.0057911187882653,0.0,0.069489256,0.25204435,0.6826806,1.1123124
2016-12-25 00:00:00,2.0315,2.4135,0.4847633650234354,0.4808325257936503,0.5241900632815873,0.006642458408777431,0.14074193863427314,0.4895357428237934,1.052707010756731,1.512995227307429,0.026072222222222226,0.13723263888888887,0.3022713675213675,0.6191185897435898,1.1980690476190483,0.0,0.051007708952609,0.31945996710352914,0.6336637276675289,1.0760289198871857,0.0,0.15731269,0.35249624,1.0863606,1.6198168
2016-12-25 01:00:00,2.2706666666666666,2.9126666666666665,0.5342616232476547,0.8722532775573196,0.5202847982657886,0.008124984523414426,0.16502936724600328,0.5527353861494887,1.1821364074120755,1.5828212092773413,0.14853754578754577,0.3062572115384615,0.7332738095238096,1.3572364583333332,1.7674489177489179,0.0,0.051007708952609,0.31945996710352914,0.6527601001007908,1.17785590906201,0.0,0.18704954,0.41570526,1.3082217,1.9590666
2016-12-25 02:00:00,0.016833333333333332,2.4543333333333335,0.5084413163300349,1.016514704144621,0.5867496647125956,0.007417630455995828,0.14472802910239674,0.4920102474717506,1.1000846449397108,1.5686128653738802,0.2164754761904762,0.41788636363636367,0.8245282738095239,1.68223141025641,1.970986111111111,0.0,0.051007708952609,0.31945996710352914,0.6858507500012461,1.3545096583888498,0.0,0.1656826,0.35318917,1.0809239,1.7126472
2016-12-25 03:00:00,1.0141666666666667,1.6703333333333332,0.4862694817318892,1.0373791638007057,0.5867496647125956,0.0056806428039138275,0.11201160885407889,0.42306575664000007,1.0089883263522257,1.5235985487203076,0.2164754761904762,0.39643229166666666,0.8362666666666667,1.719488888888889,1.9918154761904758,0.0,0.051007708952609,0.31945996710352914,0.6858507500012461,1.2993053062581017,0.021504102,0.14877686,0.27001148,0.8380627,1.3973984
2016-12-25 04:00:00,3.001,1.7718333333333331,0.4798843656542901,0.986237697089947,0.5793657260233086,0.005965689039198989,0.11087672314921712,0.39790170292766397,0.9722726898963566,1.4735524543789695,0.16511885521885522,0.31792596153846153,0.7033847402597403,1.5953888888888885,1.9278776190476192,0.0,0.051007708952609,0.2884790309189472,0.6535646059700554,1.3185373550161907,0.017275084,0.13502169,0.27549383,0.8292386,1.403735
2016-12-25 05:00:00,2.9845,2.6705,0.510464499985114,0.8973150621693122,0.5567755871246319,0.006677540499184308,0.12847004056078673,0.44339795452803166,0.9836629195907576,1.3744184104112716,0.17654880952380952,0.31628333333333336,0.6560302287581699,1.2203988095238094,1.7986233333333335,0.0,0.045834786524495005,0.2783064375606785,0.6535646059700554,1.3964556672220463,0.0,0.14623243,0.3418489,1.120982,1.8159633
2016-12-25 06:00:00,0.7126666666666667,2.3673333333333333,0.4972423236883671,0.787758671516755,0.5549823416708214,0.005606547798423131,0.10684161058848227,0.3768350217636255,0.8450272596169116,1.1742284054287513,0.1420561616161616,0.29698125,0.5707217261904762,1.0173583916083915,1.5680264423076928,0.0,0.045834786524495005,0.2702025333455437,0.6434339437251665,1.26208241147912,0.009724246,0.13531114,0.31124967,1.0087838,1.6810383
2016-12-25 07:00:00,1.5131666666666668,2.5416666666666665,0.5022343948179955,0.6828914850088188,0.5347852623552272,0.005748350434030965,0.10392780573028623,0.3446651358131759,0.7781353680123376,1.0308528310989988,0.1572766233766234,0.2996416666666667,0.5533250000000001,0.8726316137566137,1.4197076923076926,0.0,0.044298452068414665,0.2653296183286297,0.6434339437251665,1.2225783901267915,0.0,0.13600732,0.33883277,1.070692,1.7803383
2016-12-25 08:00:00,2.9913333333333334,2.9926666666666666,0.5229220762521627,0.6351820826719582,0.522564975558162,0.0063352464974338885,0.11287968268100645,0.35797811812439684,0.8033835186892776,1.0280493520274148,0.08885833333333333,0.232725,0.490077485380117,0.803935606060606,1.337897916666667,0.0,0.043609141285924184,0.2362884431103125,0.6434339437251665,1.1600087938054349,0.0,0.15102778,0.38938513,1.2490344,2.0546923
2016-12-25 09:00:00,2.705,2.5176666666666665,0.5032489802808656,0.5564894131794135,0.4525512739518787,0.00592240661827843,0.09253577819923785,0.2623028002186434,0.6654021734801547,0.8566783314666431,0.05733095238095238,0.16080823863636365,0.3779444444444444,0.7042518939393939,1.0824120833333335,0.0,0.03368800599559572,0.22298113016184443,0.5896151239117816,1.1461342249446185,0.0,0.13147354,0.36776292,1.0757133,1.8328164
2016-12-25 10:00:00,3.02,1.8468333333333333,0.47164802388681837,0.508892148809524,0.50046092540398,0.0046846821448899515,0.0663103384901455,0.20349535449802592,0.6404750436788355,1.0107636806325322,0.03648247863247864,0.1305219696969697,0.26137962962962963,0.5182096153846153,0.9685056862745103,0.0,0.033413619800345684,0.22298113016184443,0.6434339437251665,1.3427337250956164,0.024511866,0.106448494,0.32865834,0.8958609,1.6005518
2016-12-25 11:00:00,2.8596666666666666,2.2323333333333335,0.4821308263156487,0.4509176177248681,0.4961695594149159,0.005067250968920944,0.07312944196890495,0.2140783678201968,0.6500348023215188,1.0176171430319243,0.02476,0.10691754079254079,0.26247552910052907,0.513714393939394,0.8724388888888891,0.0,0.03805689665861354,0.22298113016184443,0.6518441997330322,1.3118821939225316,0.013092338,0.12673372,0.34960502,1.0158426,1.7864243
2016-12-25 12:00:00,2.7911666666666664,2.8123333333333336,0.5078366810246607,0.4186333666626583,0.4521651729786134,0.005529269421793045,0.08163743583227712,0.21252153559975134,0.5666155334800642,0.7602966748170539,0.022375833333333334,0.08330555555555555,0.2381862373737374,0.5561666666666667,0.8826621031746034,0.0,0.03805689665861354,0.25872770166986014,0.603508600435525,1.2014155657920744,0.0019155274,0.15013163,0.39075235,1.1980286,2.047595
2016-12-25 13:00:00,2.7355,2.9855,0.5285242176439588,0.3893294870330285,0.4521651729786134,0.005500999494755434,0.08320234997681097,0.22508387525929252,0.5883916205137513,0.7868547876812928,0.020670980392156865,0.08330555555555555,0.23992074592074591,0.510969696969697,0.8467319444444446,0.0,0.04524654537082193,0.25872770166986014,0.603508600435525,1.2341812742008127,0.0031626439,0.17316903,0.41498542,1.3169289,2.22701
2016-12-25 14:00:00,2.8295,2.5603333333333333,0.5077623429016384,0.3986718388848805,0.3448166359226733,0.004631158102220883,0.06432848083911852,0.1749201977314069,0.5124676862392232,0.7944838190578514,0.022573333333333334,0.09361666666666668,0.24380194805194805,0.49782499999999996,0.8010810606060607,0.0,0.04524654537082193,0.25872770166986014,0.592704618384114,1.283087782892472,0.027775152,0.14906779,0.37870356,1.1782544,2.0764613
2016-12-25 15:00:00,2.7898333333333336,2.2263333333333333,0.4941898281979479,0.393803117504409,0.37510034748793475,0.003937156593977793,0.050600667144101934,0.15518169736744425,0.5187941755409406,0.9477019313132067,0.02405902777777778,0.092,0.23264823717948718,0.4600720486111111,0.7583722222222224,0.0,0.04552093156607196,0.25872770166986014,0.6351453174985356,1.3073564659976225,0.04211153,0.13388523,0.3561629,1.0923005,1.9919697
2016-12-25 16:00:00,3.0135,2.8358333333333334,0.5322401354903646,0.33914012499999985,0.41483033752895665,0.004638768621787424,0.06642860203488912,0.2066686747483688,0.5860475742200761,0.9829244509105285,0.020256666666666673,0.06003098290598291,0.17620238095238094,0.3640341880341881,0.6616297619047622,0.0,0.06446619306533596,0.2720350146183281,0.6351453174985356,1.3073564659976225,0.028597534,0.1652717,0.40475821,1.3332578,2.3552709
2016-12-25 17:00:00,2.7201666666666666,2.6871666666666667,0.5302908393045344,0.2894948040524289,0.36231078302213665,0.003960054169221449,0.053557229607352756,0.17254238167506475,0.48688109699906146,0.8539375311020877,0.01287820512820513,0.056738095238095226,0.16383058608058607,0.33574722222222225,0.550451851851852,0.0,0.06515550384782644,0.30107618983664536,0.592704618384114,1.3365081760426323,0.03837816,0.15492886,0.3985389,1.291254,2.3231707
2016-12-25 18:00:00,2.5095,2.2955,0.5171758634103534,0.28890827098364585,0.3794878376884593,0.002993537651540843,0.036355327910149844,0.14122661103561546,0.4269696432359119,0.8458044235227308,0.009726666666666668,0.04558653846153846,0.15118055555555554,0.312671875,0.5463055555555556,0.0,0.06669183830390678,0.30594910485355936,0.592704618384114,1.2295399025286686,0.047536075,0.1277136,0.38226983,1.1610471,2.187223
2016-12-25 19:00:00,2.631,1.6866666666666668,0.5011377147068315,0.2419350428090428,0.37262156263483737,0.0019447473550651502,0.01234800563716925,0.0827126303343958,0.3458425380353755,0.8092459524912023,0.005205244755244755,0.03225714285714286,0.11095104166666667,0.27184775641025644,0.4628855555555558,0.0,0.06669183830390678,0.3140530090686941,0.6028352806290029,1.2295399025286686,0.043269705,0.097695254,0.36496657,1.0038819,1.956478
2016-12-25 20:00:00,2.458,2.2878333333333334,0.5229182750669954,0.20358990939153435,0.35942115279735426,0.0025593390077541956,0.02755483572756505,0.1450885583444887,0.43856219839649857,0.9444090808591671,0.0011462962962962965,0.016745265151515146,0.07315624999999999,0.24114074074074074,0.4190981818181822,0.0,0.07186476073202079,0.3242256024269628,0.6452759797434245,1.243414471389485,0.0379834,0.114721015,0.41702348,1.1860486,2.285012
2016-12-25 21:00:00,2.1735,2.9061666666666666,0.5504915807587534,0.24687479497354478,0.36982511613591307,0.003158428683781555,0.040222386588081166,0.1951611280256424,0.5089039314112712,1.0176128309033126,0.0011407407407407412,0.022370370370370374,0.10980555555555555,0.2954375,0.550575925925927,0.0,0.07186476073202079,0.35520653861154483,0.6775621237746152,1.5063716854165177,0.016192753,0.13895236,0.48193493,1.4237264,2.659337
2016-12-25 22:00:00,2.709,3.0385,0.584792197589897,0.30604261596119897,0.6014611104104718,0.0036256120963017967,0.04785687682758566,0.23134600025607788,0.6096378677454368,1.1141047630075445,0.010440909090909091,0.05076041666666667,0.14467559523809526,0.38902380952380955,0.7394545833333334,0.0,0.07186476073202079,0.4110390723247931,0.9887192810561093,1.7300505355977882,0.009593221,0.15618539,0.52152854,1.5612987,2.8539505
2016-12-25 23:00:00,2.7701666666666664,3.0391666666666666,0.6032013098010393,0.32854580246913545,0.6224777254705608,0.00430079484851421,0.058604116643601226,0.256475662483506,0.673577978617936,1.1174708400954978,0.018955555555555555,0.06402840909090908,0.15750530303030302,0.4115440705128206,0.7332433333333335,0.0,0.07186476073202079,0.4110390723247931,0.981470756023766,1.7332401070936456,0.0,0.20019363,0.54709184,1.6498966,2.973641
2016-12-26 00:00:00,2.5365,2.0315,0.614339236835713,0.518211708553792,0.6487149492830063,0.003951137188280083,0.05870079101716986,0.24200684010357018,0.7282027649763622,1.0223694513613015,0.02892500000000001,0.08028671328671329,0.3213392857142857,0.691576388888889,1.27718393939394,0.0,0.07186476073202079,0.4110390723247931,0.9592162449319137,1.5559476555989622,0.0,0.22410183,0.5085483,1.5928134,2.7873168
2016-12-26 01:00:00,0.5223333333333333,2.2706666666666666,0.610580316823313,0.532893873015873,0.6448096842672075,0.004306933777987689,0.07333884014478786,0.2771164297095573,0.7012959731852306,0.9063972238494387,0.02883065476190477,0.0802121212121212,0.30004166666666665,0.6396174603174603,1.4317586309523813,0.0,0.07186476073202079,0.4110390723247931,0.9592162449319137,1.5559476555989622,0.0,0.22761288,0.51646155,1.6708459,2.8736134
2016-12-26 02:00:00,0.022,0.016833333333333332,0.5801374982923919,0.6534562863756612,0.6795631362410137,0.0015552936162059818,0.01431943710953907,0.13974734966281582,0.6573022767801595,1.0187951212733468,0.04114047619047619,0.12374590773809523,0.3861641737891738,0.905875992063492,1.7107029166666665,0.0,0.05922175665631583,0.30717709633171436,0.871981113735058,1.5638166242257978,0.0,0.11488927,0.41755292,1.2419727,2.231738
2016-12-26 03:00:00,0.0345,1.0141666666666667,0.5777146412180593,0.6015348893298061,0.6679674094661598,0.0019100574151251477,0.030340772075554374,0.18518235751575438,0.5868391175443741,0.9541078516059505,0.034819886363636365,0.09859166666666666,0.34795252525252524,0.816114417989418,1.5198276709401717,0.0,0.07186476073202079,0.3352955077316818,0.8958276875054876,1.50519110682094,0.0,0.13158104,0.38894796,1.2746037,2.26626
2016-12-26 04:00:00,0.3225,3.001,0.5805486839662252,0.529069087301587,0.6189119882702836,0.00418927465561124,0.07708443665237988,0.2615246052155465,0.5056063027951744,0.7060728370235096,0.023404166666666677,0.09455729166666665,0.3032432598039215,0.5518988095238095,1.386462087912089,0.0,0.08251047308588214,0.38005813614021106,0.8700776700293431,1.473873596855805,0.0,0.16493428,0.49292257,1.6297643,2.776278
2016-12-26 05:00:00,0.24766666666666662,2.9845,0.5967268365179701,0.5527469259259254,0.6189119882702836,0.004461074355647288,0.08255164430656733,0.26703847937536856,0.5513693980380091,0.6196504750151521,0.05369391534391534,0.10876515151515151,0.33481216931216934,0.59071875,1.4497256944444459,0.0,0.07733755065776815,0.36988554278194236,0.8700776700293431,1.473873596855805,0.0,0.20348568,0.4941543,1.8051157,2.9413223
2016-12-26 06:00:00,0.025,0.7126666666666667,0.5497915474280458,0.6712591049382716,0.6705389929061716,0.0010922155019717655,0.012794841928198838,0.10049360367491605,0.43358139273568497,0.6548241929560502,0.06932529761904763,0.14353670634920634,0.3864135101010101,0.9040604967948717,1.5334286111111113,0.0,0.07733755065776815,0.2860380739736964,0.8429223777962443,1.4817425654826406,0.0,0.09818322,0.35482308,1.3290249,2.2214868
2016-12-26 07:00:00,0.217,1.5131666666666668,0.5365240239902951,0.5546410939153438,0.625308374171353,0.002045850840003612,0.03490599089540053,0.1326868312285333,0.38444907413061546,0.538897922342043,0.06259004629629629,0.11974479166666666,0.3419103174603174,0.6161049107142857,1.4383979166666667,0.0,0.07580121620168781,0.3569087235498936,0.8540521076013686,1.4582856468542695,0.0,0.12091814,0.3814148,1.4349054,2.3570101
2016-12-26 08:00:00,2.7331666666666665,2.9913333333333334,0.5597735800560568,0.55418018037518,0.606337119426451,0.004058238239934734,0.07985000848978895,0.23508748330766124,0.4575905554139492,0.4946660475315564,0.06048888888888889,0.11478365384615384,0.357719696969697,0.6427583333333334,1.4383979166666667,0.0,0.07511190541919734,0.32786754833157633,0.8540521076013686,1.385321936288579,0.0,0.19376722,0.4687026,1.8171538,2.8752043
2016-12-26 09:00:00,1.6701666666666668,2.705,0.5403178404650032,0.5450112305996466,0.575021674226644,0.003644486646244859,0.06745554336013063,0.1899941980435022,0.38907521563051245,0.49275752726385746,0.04728333333333333,0.10320833333333335,0.32567171717171717,0.6068306878306877,1.43116626984127,0.0,0.05616664391993336,0.3145602353831083,0.8540521076013686,1.385321936288579,0.0,0.1743641,0.43880647,1.688546,2.7229533
2016-12-26 10:00:00,2.139,3.02,0.5605424906278055,0.5325447037037033,0.575021674226644,0.00375888204102192,0.06925046639819131,0.20435170986707857,0.42343490086598035,0.581741905236595,0.041980050505050506,0.0987001488095238,0.332526455026455,0.5999244505494505,1.3086033333333347,0.0,0.05589225772468333,0.3145602353831083,0.8540521076013686,1.385321936288579,0.0,0.15630378,0.46732694,1.7550989,2.8730104
2016-12-26 11:00:00,2.571,2.8596666666666666,0.5389671572164076,0.4189788377425042,0.575021674226644,0.003433214493404422,0.0615667825791419,0.16159417270607065,0.3289670755322352,0.4475360263881376,0.046632051282051286,0.09709816919191919,0.3143240740740741,0.45177619047619044,0.7513003496503496,0.0,0.05589225772468333,0.3145602353831083,0.8540521076013686,1.385321936288579,0.0,0.15392777,0.4573625,1.7257465,2.8069634
2016-12-26 12:00:00,1.8058333333333332,2.7911666666666664,0.5401437161798003,0.4409045152116402,0.5789269392424428,0.0034692701378064026,0.06363055373762777,0.15553299484423905,0.2925777449613862,0.29875536936432967,0.041980050505050506,0.0987001488095238,0.30826203703703703,0.4678221153846154,0.7748939102564103,0.0,0.05589225772468333,0.3145602353831083,0.8540521076013686,1.3946343344301682,0.0,0.17840648,0.46194738,1.8006735,2.896137
2016-12-26 13:00:00,1.3995,2.7355,0.54129234767906,0.43808961004890157,0.5789269392424428,0.0034893991129320064,0.0675508648022683,0.17894895828329657,0.3550011849962216,0.4286838789274682,0.05493630952380953,0.1063095238095238,0.3313343253968254,0.48134375,0.7755243589743591,0.0,0.05589225772468333,0.3145602353831083,0.8540521076013686,1.453348976139754,0.0,0.18579574,0.4591183,1.8121719,2.9236183
2016-12-26 14:00:00,2.6553333333333335,2.8295,0.5560847945175461,0.43412485295414427,0.5789269392424428,0.004027430560981435,0.07579788032320657,0.20360057199720372,0.43591567258922925,0.6071354430823741,0.062287179487179496,0.11873229166666666,0.32643128654970766,0.4718053613053613,0.7755243589743591,0.0,0.05589225772468333,0.3145602353831083,0.8540521076013686,1.4692551277004888,0.0,0.17868845,0.4707094,1.7705495,2.879692
2016-12-26 15:00:00,2.5268333333333333,2.7898333333333336,0.5535008125456113,0.42241572420634893,0.5789269392424428,0.004004526789759857,0.07428772893024724,0.20043826095195705,0.42582936212631595,0.6695040590441206,0.06932529761904763,0.14486805555555554,0.3473111111111111,0.44685714285714284,0.667514880952381,0.0,0.05616664391993336,0.3145602353831083,0.8540521076013686,1.4692551277004888,0.0,0.15781128,0.47574744,1.702979,2.8152835
2016-12-26 16:00:00,1.3681666666666668,3.0135,0.5814666442381766,0.42003007892416183,0.6102423844422498,0.0048126049299384984,0.0950427471072183,0.2704831449907712,0.562759818535414,0.7793574417741691,0.06829545454545455,0.1403861111111111,0.33481216931216934,0.4475357142857143,0.6711005952380955,0.0,0.07511190541919734,0.32786754833157633,0.8540521076013686,1.4692551277004888,0.0,0.20270762,0.49979037,1.8725668,3.0447052
2016-12-26 17:00:00,2.617,2.7201666666666666,0.5649175141998091,0.4241050972222218,0.6292136391871518,0.004558785479022297,0.08891059036052046,0.25301562769319536,0.5165302086262706,0.7993578481664083,0.061348750000000014,0.12849330357142857,0.35163636363636364,0.4465952380952381,0.6492661904761909,0.0,0.07580121620168781,0.3569087235498936,0.8540521076013686,1.522675520850649,0.0,0.18395491,0.48972487,1.7405169,2.8734398
2016-12-26 18:00:00,1.7771666666666668,2.5095,0.5657097005706536,0.4260501865079363,0.6463906938534741,0.004469976988035015,0.08646815441185784,0.26329620766616313,0.5510037204179437,0.9405428946951062,0.06236111111111112,0.12303728070175438,0.3405722222222223,0.4465952380952381,0.6492661904761909,0.0,0.07733755065776815,0.3617816385668076,0.8540521076013686,1.5382634708521845,0.0,0.16372313,0.4959796,1.663341,2.810789
2016-12-26 19:00:00,1.285,2.631,0.5756473226605816,0.40967388492063467,0.6481839393072847,0.004496744583836377,0.08772903177968983,0.29699793001204433,0.6053289219491564,1.1221495621716773,0.04973492063492064,0.10466111111111112,0.3143240740740741,0.4240201388888889,0.6126016666666672,0.0,0.07733755065776815,0.36988554278194236,0.8700776700293431,1.5382634708521845,0.0,0.14026132,0.518767,1.6555943,2.9045825
2016-12-26 20:00:00,1.537,2.458,0.5800217604953619,0.44661922574955915,0.6481839393072847,0.004731667970764554,0.09194981603561019,0.3029987994703923,0.6232934251523254,1.071755901892432,0.06838587962962962,0.14414709595959596,0.32643128654970766,0.4678221153846154,0.7557902777777781,0.0,0.08251047308588214,0.38005813614021106,0.8700776700293431,1.5382634708521845,0.0,0.15791407,0.5274452,1.687879,2.8909795
2016-12-26 21:00:00,1.3168333333333333,2.1735,0.5760021692518918,0.5110781924603175,0.6691857964346647,0.004836282288674365,0.0939511798072469,0.3019651410174095,0.6027324112913485,0.9527438133820637,0.08258030303030303,0.18182904411764705,0.37636363636363634,0.5539464285714286,0.933175,0.0,0.08742239496421833,0.4110390723247931,0.9220853087831586,1.561712012190484,0.0,0.16370375,0.5309595,1.6936291,2.8501785
2016-12-26 22:00:00,1.8511666666666668,2.709,0.6059904245613851,0.6315984894179889,0.7282444950107457,0.005564896519620478,0.1174071681805109,0.3917254623513423,0.7500485613925432,1.1034203861624812,0.13927587301587305,0.2698814814814815,0.4291388888888889,0.755076388888889,1.3034196581196593,0.0,0.08742239496421833,0.4110390723247931,0.9576225676332719,1.7262425287766365,0.0,0.18777323,0.573096,1.8444856,3.0516453
2016-12-26 23:00:00,2.6283333333333334,2.7701666666666664,0.6343283963433024,0.8869317167508419,0.7958771476276225,0.005938614578336623,0.1301618291727506,0.442532671253031,0.8801025055037258,1.2126835778493925,0.29423404761904765,0.4590800925925926,0.7790297202797203,1.2080808823529412,1.665689285714286,0.0,0.08742239496421833,0.42480549999979905,1.0601333754385223,1.900720374367106,0.0,0.1897799,0.63300955,1.9717307,3.2171812
2016-12-27 00:00:00,2.0175,2.5365,0.6615363786017061,0.9855513736772483,0.8597526610091794,0.004466886430163475,0.12516819591271344,0.46425095319541904,1.0002980480604247,1.4908246065348918,0.3922113425925926,0.5801934523809524,0.9210658508158509,1.3863430134680135,1.8647523809523812,0.0,0.08566039415117575,0.42480549999979905,1.0837074468389691,1.900720374367106,0.0,0.12976302,0.7021967,2.0137663,3.2782478
2016-12-27 01:00:00,0.4895,0.5223333333333333,0.6625451650136477,0.9340414728835983,0.8325807703479732,0.0023735232177968806,0.0792082533681053,0.36517154161176635,1.1074797222480164,1.687843763798699,0.33229545454545456,0.47534204545454545,0.7962156084656085,1.2334835164835165,1.6220000000000008,0.0,0.08566039415117575,0.3490619354066878,1.037040458183732,1.9085893429939416,0.0,0.06934137,0.7056418,1.9433928,3.0799506
2016-12-27 02:00:00,0.3201666666666667,0.022,0.6380720860018978,0.9180373617724867,0.8280558434223992,0.0,0.029741728171512355,0.2992001997703273,0.936061587086336,1.7760892327613302,0.29990208333333335,0.47004166666666675,0.7877287037037037,1.3048379953379954,1.8135916666666665,0.0,0.08218188057586458,0.3209435240067203,0.9973593503096678,1.9085893429939416,0.0,0.0,0.63112813,1.5245949,2.5808432
2016-12-27 03:00:00,0.025166666666666667,0.0345,0.6075583152387067,0.8126074133597886,0.8375933282597816,0.0,0.023339523871990123,0.23936068880413347,0.8108955187370022,1.5304899910847187,0.27521391941391943,0.4162747252747253,0.7152242063492065,1.1962336601307189,1.7303933333333337,0.0,0.08218188057586458,0.3209435240067203,1.009775838199443,1.9085893429939416,0.0,0.0,0.552054,1.4568912,2.4364443
2016-12-27 04:00:00,0.0,0.3225,0.6088964524229752,0.807904814153439,0.7893723833974401,0.0022967399549583905,0.05998530621886969,0.24740573863884385,0.8777035963547917,1.3033736708525818,0.2894053571428572,0.4198345238095238,0.6979548611111112,1.1584138888888889,1.5984583333333333,0.0,0.08566039415117575,0.31808099922210575,0.9871782730308959,1.8788250610161152,0.0,0.026425777,0.54949313,1.730349,2.6818137
2016-12-27 05:00:00,0.33016666666666666,0.24766666666666662,0.6175930473887998,0.868754966931217,0.7893723833974401,0.0020693050877591728,0.06578517313175877,0.24904052770581364,0.8510390739286923,1.1063378151791015,0.30232619047619047,0.4440130208333333,0.7152242063492065,1.2393677083333332,1.6648017857142858,0.0,0.08048747172306177,0.30790840586383705,0.9871782730308959,1.8788250610161152,0.0,0.033014964,0.58594215,1.921839,2.862655
2016-12-27 06:00:00,0.8855,0.025,0.603754922145566,0.8710890714285713,0.7991748647184834,0.00022383508204845107,0.03752120238294854,0.2647739948723621,0.9253845441399715,1.6542912393178146,0.28240320512820516,0.4387013888888889,0.7368644688644688,1.3219508547008547,1.7898075,0.0,0.07700895814775058,0.27168609024873497,0.9497829908017179,1.8991326611490806,0.0,0.0,0.5513369,1.5280423,2.4501007
2016-12-27 07:00:00,2.311,0.217,0.6088401236788796,0.8469131283068783,0.7704020832773072,0.0015161662714608716,0.05452715187005043,0.2485904904933825,0.9175499876872435,1.443554613981337,0.26860350877192984,0.41447893772893774,0.7115880952380953,1.2783035714285713,1.6756486111111115,0.0,0.07895113726698143,0.29493158663178837,0.9711527106029214,1.8632371110145798,0.0,0.0,0.52631885,1.6092837,2.4571834
2016-12-27 08:00:00,2.6556666666666664,2.7331666666666665,0.6691320898218667,0.9388004993386244,0.777566761001246,0.00632720712867494,0.15111424705680704,0.44080618843600694,1.159332166640969,1.3847606502751173,0.29048657407407413,0.4549368686868687,0.8181951388888888,1.3525985576923076,1.8938301587301596,0.0,0.07826182648449095,0.3416339760065823,1.0178196992581587,1.775255801803878,0.0,0.18600115,0.60210615,2.3203752,3.369685
2016-12-27 09:00:00,3.0233333333333334,1.6701666666666668,0.6182655653791858,0.9107112996031745,0.742072031643513,0.004423918716775079,0.10776673954645011,0.3265602665083149,0.9796994259434132,1.3040249036749705,0.2701966666666667,0.4471785714285714,0.8074867724867725,1.3633344907407408,1.8938301587301596,0.0,0.059316564985226965,0.3283266630581142,1.0178196992581587,1.775255801803878,0.0,0.10456938,0.53930676,1.9966666,2.9507399
2016-12-27 10:00:00,2.4435,2.139,0.5945723635914979,0.8672305396825393,0.742072031643513,0.004337775781084781,0.11009235494143785,0.34210703658538877,0.9136432547008226,1.2582795605057975,0.25009583333333335,0.41325476190476196,0.7159861111111112,1.1921569444444444,1.7201690476190477,0.0,0.05904217878997693,0.3283266630581142,1.0178196992581587,1.7659356169499982,0.0,0.10556666,0.5297597,2.001908,3.0252538
2016-12-27 11:00:00,1.6608333333333332,2.571,0.6217749669560643,0.883280535714286,0.742072031643513,0.005717646469706879,0.13449051482697902,0.38837549483692224,1.0244990304205412,1.3463805851952735,0.1952,0.42447395833333335,0.8156685185185184,1.3220279304029303,1.8581450000000004,0.0,0.05904217878997693,0.3283266630581142,1.0178196992581587,1.7659356169499982,0.0,0.14920995,0.5613383,2.1132724,3.143522
2016-12-27 12:00:00,2.4873333333333334,1.8058333333333332,0.6079849607743653,0.925217792989418,0.7431079898358783,0.005016578701223123,0.12090811642613696,0.3327756681631399,0.9546325974741446,1.2377260575314273,0.2881755555555555,0.4665208333333333,0.8156685185185184,1.341438492063492,1.8581450000000004,0.0,0.05904217878997693,0.3283266630581142,1.0178196992581587,1.7845681999454672,0.0,0.12446745,0.5939071,2.058091,2.9996107
2016-12-27 13:00:00,2.5515,1.3995,0.5980283507077275,0.9330990434704184,0.7431079898358783,0.0049155254940193155,0.11920213741284207,0.3357582386774799,1.0056587805145496,1.3909897323287286,0.3163655555555555,0.4767765151515152,0.8218611111111112,1.3525985576923076,1.8415216666666674,0.0,0.060804179603019516,0.3283266630581142,1.0178196992581587,1.7947991192194084,0.0,0.08705317,0.613336,2.000931,2.9526958
2016-12-27 14:00:00,1.5086666666666668,2.6553333333333335,0.6393793620206607,0.8791468895502649,0.7431079898358783,0.006636994925844899,0.1589032323985927,0.45912889065480184,1.146166212117151,1.5015095592077476,0.1828714285714286,0.42954166666666665,0.8092248677248677,1.2992333333333335,1.8581450000000004,0.0,0.05904217878997693,0.3283266630581142,1.0178196992581587,1.7947991192194084,0.0,0.170877,0.6361698,2.162437,3.2059965
2016-12-27 15:00:00,1.4455,2.5268333333333333,0.6306355594547484,0.8674957341269843,0.7767191578757856,0.006781026632393968,0.1587622525098097,0.4714405500935296,1.1936394183047234,1.6834195774839473,0.17518809523809523,0.4324916666666667,0.8156685185185184,1.3154423076923076,1.7628000000000008,0.0,0.059316564985226965,0.3283266630581142,1.0661552985556662,1.8300552176036444,0.0,0.14830159,0.6280296,2.0523243,3.1218684
2016-12-27 16:00:00,1.362,1.3681666666666668,0.6088118636978073,0.925553593253968,0.7786027191936113,0.005477803512396058,0.13706146949638204,0.42027088788672795,1.1686046335087386,1.6965455913101097,0.28800666666666663,0.4642833333333333,0.8181951388888888,1.3465484775641026,1.8581450000000004,0.0,0.07826182648449095,0.3416339760065823,1.0178196992581587,1.8151067193523738,0.0,0.10983088,0.6993978,2.0340059,3.0717196
2016-12-27 17:00:00,1.6023333333333332,2.617,0.6798951747688283,0.9150899133597883,0.7975739739385134,0.008122997414903224,0.18868966756444908,0.564899552036843,1.3911573316422094,1.8650671916001138,0.3016830303030303,0.4665208333333333,0.8161297979797979,1.3154423076923076,1.8581450000000004,0.0,0.080713138080024,0.3706751512248996,1.0178196992581587,1.8764058393220682,0.0,0.18903092,0.70252764,2.16715,3.2528036
2016-12-27 18:00:00,1.6903333333333332,1.7771666666666668,0.6243447917094423,0.8848952149470902,0.8147510286048357,0.00669750718520906,0.1567932936024694,0.4792383801632911,1.1924653570731487,1.7639473241542798,0.31734,0.48034375000000007,0.8122962962962963,1.341438492063492,1.8091300000000012,0.0,0.08224947253610435,0.3755480662418136,1.0178196992581587,1.8802762772431594,0.0,0.1337451,0.65561765,1.84507,2.8299806
2016-12-27 19:00:00,0.7568333333333334,1.285,0.5935382112639925,0.8387791798941794,0.8165442740586463,0.005897149430292509,0.13908468521688308,0.4433212231404339,1.0813485233728501,1.6888831102457427,0.29155992063492064,0.42957222222222224,0.7115880952380953,1.1729185606060606,1.71113,0.0,0.08224947253610435,0.3836519704569483,1.0338452616861333,1.8709560923892796,0.0,0.122036256,0.59900177,1.6943967,2.6555822
2016-12-27 20:00:00,1.259,1.537,0.6250929072236999,0.9145357890211642,0.8165442740586463,0.007092094128068193,0.16464922515957137,0.5084801446030045,1.202060375628971,1.7659314540433497,0.33322962962962965,0.5145059523809524,0.8386071428571429,1.3525985576923076,1.8578500000000002,0.0,0.08742239496421833,0.393824563815217,1.0338452616861333,1.8802762772431594,0.0,0.13464898,0.65642226,1.7617167,2.710503
2016-12-27 21:00:00,1.3453333333333333,1.3168333333333333,0.6374676275829765,0.939680646164021,0.8597526610091794,0.007560371053454534,0.17367016652779393,0.5343086835084951,1.2830335570721316,1.8695189063963165,0.35932797619047613,0.5298461538461539,0.8386071428571429,1.3194118589743589,1.8578500000000002,0.0,0.08742239496421833,0.42480549999979905,1.0837074468389691,1.9100405592209857,0.0,0.11022325,0.6860652,1.7584567,2.7138145
2016-12-27 22:00:00,1.6558333333333333,1.8511666666666668,0.6637987347759768,0.9838801845238099,0.8597526610091794,0.00853964651959175,0.19786703402052058,0.6119992562093507,1.3911670535565928,1.8942465513438158,0.373753125,0.5484583333333334,0.8652152777777777,1.343763888888889,1.876529761904762,0.0,0.08742239496421833,0.42480549999979905,1.0837074468389691,1.9100405592209857,0.0,0.15533145,0.7325227,2.0228615,3.0775847
2016-12-27 23:00:00,1.1686666666666667,2.6283333333333334,0.6996222596189072,1.0639440138888892,0.8597526610091794,0.009806131876291114,0.22667654972517698,0.7115670250393182,1.554836658518263,2.0612690501277386,0.373753125,0.6186719696969698,1.0191289682539684,1.4088839285714285,1.860845,0.0,0.08742239496421833,0.42480549999979905,1.0837074468389691,1.9100405592209857,0.0,0.19604881,0.7602103,2.202789,3.331713
2016-12-28 00:00:00,1.071,2.0175,0.6719552155096824,1.1148062691798948,0.8597526610091794,0.007433785857617413,0.18073967218891338,0.6360791296252705,1.4033821499354187,2.057433142845367,0.420075,0.6599821428571427,1.0751322751322752,1.431077777777778,1.7612508333333339,0.0,0.08742239496421833,0.42480549999979905,0.9658117055092941,1.6536859173273233,0.0,0.12026383,0.6376902,1.994916,3.098606
2016-12-28 01:00:00,0.8133333333333334,0.4895,0.6313916927698393,1.117470747134039,0.8391639392110186,0.0036153275565575134,0.11487418331478812,0.5264735415754568,1.2462078851162912,2.1997117231357732,0.36198541666666667,0.5979815705128205,1.0977842592592593,1.4383997474747474,1.6644479166666668,0.0,0.08742239496421833,0.3490619354066878,0.9191447168540565,1.6608247891528003,0.0,0.0,0.61602134,1.5285953,2.4835334
2016-12-28 02:00:00,0.7723333333333333,0.3201666666666667,0.5444393732683661,0.9411226858465608,0.7533841419707911,0.00041120856024415395,0.05151635004045317,0.41402639026229826,0.8636598016737085,2.0205629474775098,0.17471904761904763,0.4007541666666667,0.8479333333333334,1.2643435457516339,1.5640061403508774,0.0,0.08742239496421833,0.3352955077316818,0.8033625541503803,1.432473363292955,0.0,0.0,0.5406332,1.2403187,2.2492766
2016-12-28 03:00:00,0.4048333333333333,0.025166666666666667,0.6159159214947395,1.0167422645502642,0.8366650717340897,0.001852934393697295,0.07475100098907361,0.4670854161433424,1.1797864388005945,2.273588800159573,0.2908591666666667,0.5168090277777777,0.9505468750000001,1.3227859848484849,1.6693067307692309,0.0,0.08394388138890715,0.3209435240067203,0.8937366334438884,1.6746993580136167,0.0,0.0141460765,0.55353576,1.3952937,2.375279
2016-12-28 04:00:00,0.451,0.0,0.6655703345445818,1.0851758578042328,0.9798817499283075,0.004279975546750744,0.11828337006897038,0.5112692264802493,1.414934339136554,2.3209932781797704,0.34272025641025644,0.5979484265734265,1.0787787037037035,1.4031825396825397,1.6933587301587303,0.0,0.0747793908885134,0.2860826141299564,1.1381397358541223,1.7031141260682008,0.0,0.0,0.5745355,1.5759424,2.4984543
2016-12-28 05:00:00,0.7323333333333334,0.33016666666666666,0.6231859037474288,1.1137804794973545,0.8212855469914432,0.004164644817150862,0.1137973918441541,0.47362601844369767,1.2709492833415847,2.204089671706271,0.348235,0.5768660714285714,1.0851620370370372,1.411594494047619,1.6344312500000002,0.0,0.08224947253610435,0.30790840586383705,0.9291132308156419,1.6559449652393337,0.0,0.0,0.5535445,1.5044396,2.4073706
2016-12-28 06:00:00,0.9026666666666666,0.8855,0.5669863553112161,1.007460988095238,0.7548426770623068,0.0019374149419775918,0.07173676467230647,0.40204931530781796,0.9128385349827066,1.8857272260065983,0.2656222222222222,0.5022040598290598,0.9406041666666667,1.3453836805555557,1.6281033333333337,0.0,0.08224947253610435,0.2860380739736964,0.7934636393468475,1.4773024251496554,0.0,0.0,0.5027643,1.3616449,2.3342636
2016-12-28 07:00:00,0.639,2.311,0.6029186400640565,1.1340296962081131,0.8364739257146738,0.004694126625604068,0.12586960537013803,0.49173178158287556,1.0399040168184956,1.877321565688956,0.35614047619047623,0.6249530303030303,1.0186916666666666,1.476782738095238,1.8667125,0.0,0.080713138080024,0.3706751512248996,0.9482595572259905,1.6418082314648423,0.0,0.0,0.5280288,1.6268761,2.6958005
2016-12-28 08:00:00,0.6498333333333334,2.6556666666666664,0.6524177112575291,1.1304707189153436,0.8322326789550325,0.00837041690296516,0.18930063750580214,0.563752944294598,1.341834317014246,1.8243478038202465,0.34272025641025644,0.6291444444444445,1.0851885521885523,1.4717421874999999,1.7727750000000009,0.0,0.08002382729753353,0.3416339760065823,0.9482595572259905,1.6111214958186857,0.0,0.12948196,0.63060313,2.1489723,3.1463232
2016-12-28 09:00:00,0.452,3.0233333333333334,0.6851407751904186,1.052307586640212,0.8001253769935809,0.008657179079140162,0.1950720242191489,0.6013163393620283,1.4134279619389636,1.9819652153449718,0.2078314814814815,0.5622321428571428,1.0415349206349207,1.4416708333333332,1.8048035714285717,0.0,0.06107856579826955,0.3283266630581142,0.9482595572259905,1.6111214958186857,0.0,0.1336957,0.6165933,2.1394098,3.2147079
2016-12-28 10:00:00,0.35883333333333334,2.4435,0.6506324230828346,1.0336669014550268,0.8066625940496821,0.008268361207383411,0.18218298147229622,0.5327584209703604,1.3239858811987253,1.8800298318164748,0.16824976190476193,0.48842956349206346,0.9920523809523809,1.4102760416666666,1.7412250000000016,0.0,0.060804179603019516,0.3283266630581142,0.9482595572259905,1.5517599310678871,0.0,0.11049161,0.6126417,2.043015,3.019316
2016-12-28 11:00:00,0.2941666666666667,1.6608333333333332,0.6074334253879075,1.0654209861111115,0.8036425694004105,0.0071690713857137,0.15820603801598782,0.4499057551647016,1.168488649530671,1.6968571777500223,0.2687952380952381,0.5552199883449884,1.0544126984126985,1.4456041666666666,1.7303933333333337,0.0,0.060804179603019516,0.3283266630581142,0.9482595572259905,1.5517599310678871,0.0,0.071964025,0.58643514,1.8772484,2.7850785
2016-12-28 12:00:00,0.125,2.4873333333333334,0.633804502242737,1.01612983399471,0.8046785275927758,0.008142445383716185,0.17912819297221635,0.5134507813115964,1.2404402594103647,1.8297977632110793,0.1248111111111111,0.48213541666666665,0.9788420060331825,1.3683506944444446,1.7269103174603175,0.0,0.060804179603019516,0.3283266630581142,0.9482595572259905,1.5610723292094764,0.0,0.106384054,0.6115971,1.9331918,2.8991873
2016-12-28 13:00:00,0.1845,2.5515,0.6416155671484685,1.0279168750000007,0.8046785275927758,0.008184882436747231,0.17988580845743238,0.5258035597408351,1.2825762852983549,1.9677660293679677,0.1248111111111111,0.5159833333333332,0.9837153679653681,1.3683506944444446,1.724473593073593,0.0,0.060804179603019516,0.3283266630581142,0.9482595572259905,1.5713032484834175,0.0,0.10099061,0.62663424,1.9248507,2.9584682
2016-12-28 14:00:00,0.2105,1.5086666666666668,0.607513377655187,1.0704493472222225,0.8046785275927758,0.007257798394309024,0.16262491640316945,0.4732377096476029,1.2431318441671302,1.8974572658412119,0.2702109523809524,0.5504981060606061,1.0598964646464646,1.4258087606837606,1.7303933333333337,0.0,0.060804179603019516,0.3283266630581142,0.9482595572259905,1.5713032484834175,0.0,0.087749936,0.62718225,1.9007936,2.8590877
2016-12-28 15:00:00,0.2265,1.4455,0.604579189871084,1.0731227638888894,0.8046785275927758,0.007367411531049023,0.16540510679080755,0.4793693210730159,1.2188643067869294,1.8672357125268286,0.30271969696969697,0.5602861721611723,1.0598964646464646,1.4456041666666666,1.7439633333333333,0.0,0.06107856579826955,0.3283266630581142,0.9482595572259905,1.5713032484834175,0.0,0.09187322,0.629521,1.834405,2.7710633
2016-12-28 16:00:00,0.27,1.362,0.6129973310287641,1.0701405720899477,0.815642697260558,0.007244598843618152,0.16326225458824034,0.4939368901725807,1.2554670221067445,2.0600577518612075,0.35495595238095246,0.5602861721611723,0.9953208333333334,1.4407083333333333,1.7318250000000006,0.0,0.08002382729753353,0.3416339760065823,0.9482595572259905,1.5713032484834175,0.0,0.07798231,0.6421399,1.6953386,2.6032395
2016-12-28 17:00:00,0.57,1.6023333333333332,0.6179161758742053,1.1088742632275128,0.8198839440201994,0.007777197589530336,0.1823101329507522,0.5627411714665099,1.3605412844601985,2.124369447271189,0.35614047619047623,0.5630081845238096,1.0705870370370372,1.477982142857143,1.7448915151515154,0.0,0.080713138080024,0.3706751512248996,0.9482595572259905,1.630798342261299,0.0,0.11674194,0.6766634,1.8867711,2.8996356
2016-12-28 18:00:00,0.5488333333333334,1.6903333333333332,0.6219530311078011,1.1014955039682541,0.8400810233357934,0.00822100353926436,0.1845426484379581,0.5708522654351649,1.3611437932140182,2.221424692679662,0.35614047619047623,0.5737958333333334,1.0655261752136753,1.477982142857143,1.7539886363636366,0.0,0.08224947253610435,0.3755480662418136,0.9482595572259905,1.6463862922628345,0.0,0.107896976,0.6464392,1.7172275,2.6863527
2016-12-28 19:00:00,0.254,0.7568333333333334,0.6008906718430136,1.1175101157407414,0.8223215051838085,0.007229001190828118,0.16197967179470002,0.523900314766845,1.3307035651002344,2.3275927974097597,0.33933125,0.5732447916666668,1.0782601851851852,1.4099380952380953,1.6193916666666668,0.0,0.08224947253610435,0.30790840586383705,0.9291132308156419,1.6302530347975825,0.0,0.078781284,0.61698246,1.5416757,2.4403756
2016-12-28 20:00:00,0.09116666666666669,1.259,0.6171063330444974,1.0848890892857153,0.8712605167330723,0.008041410408659778,0.1800388091061652,0.5714461575439509,1.3342038134421979,2.223778214932516,0.3740514093137255,0.5963499999999999,1.0050690476190476,1.4452395833333334,1.7313515151515158,0.0,0.08742239496421833,0.393824563815217,0.9496485885077037,1.6317042510246267,0.0,0.10219354,0.63436824,1.6192158,2.5614846
2016-12-28 21:00:00,0.007666666666666667,1.3453333333333333,0.6188499999736997,1.0913816044973552,0.8714647373020441,0.008145443548827095,0.18074502091998365,0.5848603182559613,1.329702807205296,2.2495820755590197,0.38802953431372555,0.5985492788461538,1.0104607142857143,1.4418625000000003,1.7593583333333336,0.0,0.08742239496421833,0.42480549999979905,1.0036588013736376,1.661468533002453,0.0,0.10054192,0.6112755,1.5780653,2.5504596
2016-12-28 22:00:00,0.007666666666666667,1.6558333333333333,0.6508010283716388,1.0990030608465617,0.8714647373020441,0.009531008382219116,0.21008747275344544,0.6598710713429848,1.4975130626082525,2.3446117007972127,0.38813437500000003,0.6202802083333334,1.000276923076923,1.418106971153846,1.7351640151515157,0.0,0.08742239496421833,0.42480549999979905,1.0036588013736376,1.661468533002453,0.0,0.112549655,0.6691347,1.7601593,2.7716727
2016-12-28 23:00:00,0.03266666666666666,1.1686666666666667,0.6346196692724778,1.1226472691798945,0.9038710098947841,0.009228698960097122,0.20462371538662522,0.6458544735312375,1.4863319097670553,2.2781843702882227,0.3690888888888889,0.5843049242424243,1.0751322751322752,1.476782738095238,1.7159227272727273,0.0,0.08742239496421833,0.39711311651518544,0.9949171704104619,1.661468533002453,0.0,0.10835628,0.6683385,1.809367,2.8189
2016-12-29 00:00:00,0.04533333333333334,1.071,0.6240914203424772,1.0651418498677252,0.8412552985202498,0.00826885840989001,0.18453581714344358,0.6251830992561603,1.403829359461358,2.265475661054602,0.27299051282051284,0.5231631944444445,1.0564424603174603,1.392547619047619,1.6178799999999998,0.0,0.08416668889640244,0.3490619354066878,0.9743818127184001,1.6600173167754089,0.0,0.06304712,0.6041322,1.6985147,2.6776235
2016-12-29 01:00:00,0.04633333333333334,0.8133333333333334,0.5511301344657702,0.981909134920635,0.766741108619466,0.004879405644700758,0.11723986447255928,0.5194353878331173,1.0556960310850227,2.2183853552075927,0.23024952380952388,0.48470949074074077,0.9305833333333333,1.352388888888889,1.618677222222222,0.0,0.08416668889640244,0.3352955077316818,0.8482969335127023,1.486068925249747,0.0,0.014022528,0.52860034,1.3015099,2.309406
2016-12-29 03:00:00,0.01933333333333333,0.7723333333333333,0.5254034318820171,0.9218263542768953,0.7561053893848526,0.004106538931506917,0.09530119743646598,0.45077840797685026,0.8771490567864066,1.9795623392875308,0.11011472222222222,0.35645275297619045,0.802875,1.259288888888889,1.5926083333333334,0.0,0.08416668889640244,0.3352955077316818,0.8331690420401555,1.4177913220547471,0.0,0.014060794,0.5251048,1.2741141,2.2665603
2016-12-29 04:00:00,0.12116666666666669,0.4048333333333333,0.5026082052043254,0.9969216527777771,0.7535682044772417,0.0019769299395240667,0.06650093952197074,0.40477479722606174,0.7293962620434795,1.8231815028475395,0.09940606060606061,0.3603315972222222,0.9262843915343916,1.4304255952380953,1.8047997354497356,0.0,0.08416668889640244,0.3043145715470998,0.746025711004768,1.377955741484581,0.0,0.0,0.508153,1.2106968,2.1797578
2016-12-29 05:00:00,0.2155,0.451,0.5071465144171412,1.0404326073633148,0.75027841997745,0.002367188336718356,0.07013003215313696,0.39815312671326664,0.7804943271815376,1.8772542216614365,0.10368854166666668,0.4479427083333334,0.976715367965368,1.4304255952380953,1.8109467532467534,0.0,0.07899376646828846,0.2941419781888311,0.8035943015917364,1.3943427807164477,0.0,0.0,0.4980741,1.2333363,2.185011
2016-12-29 06:00:00,0.0875,0.7323333333333334,0.5093643620456829,0.9347932436067011,0.7580226593610219,0.0037320036234937837,0.08058952299185738,0.3672208838626706,0.7535314869034373,1.716706759092911,0.07813,0.35639322916666666,0.9101468253968255,1.2644166666666667,1.675379444444445,0.0,0.07899376646828846,0.2860380739736964,0.7907522357640759,1.3943427807164477,0.0,0.022296658,0.49126583,1.271791,2.191996
2016-12-29 07:00:00,0.030333333333333334,0.9026666666666666,0.5015841238001675,0.9284158789682532,0.7408456046946995,0.003836418471797537,0.08221826445386443,0.36540388920704314,0.759115284167986,1.6926467521784023,0.07672547619047622,0.3583433779761904,0.9013007478632478,1.2508738636363637,1.6480000000000004,0.0,0.07745743201220812,0.28116515895678235,0.7907522357640759,1.3787548307149122,0.0,0.023049496,0.449502,1.297279,2.2028596
2016-12-29 08:00:00,0.09983333333333332,0.639,0.4874807891103045,0.948724870149911,0.7366043579350582,0.004778497940887322,0.09129188370569097,0.33391154477726015,0.7626407809213814,1.5167837418225059,0.07813,0.4511071428571428,0.9532981481481483,1.2772446428571431,1.5854600000000003,0.0,0.07676812122971764,0.25212398373846523,0.7907522357640759,1.3161852343935556,0.0,0.02612352,0.4038729,1.3617268,2.2062404
2016-12-29 09:00:00,0.07633333333333332,0.6498333333333334,0.5556157839369887,1.170904466710758,0.7978735731063885,0.007523119389454597,0.14668260427346708,0.4201802567450126,1.094737803946137,1.6402027342697685,0.27282884615384617,0.6788755411255412,1.1419299242424241,1.4871233974358973,1.6608113095238097,0.0,0.057822859730453674,0.2525830984650031,0.918982568570753,1.4737576671046417,0.0,0.027803421,0.5310867,1.6737689,2.5322978
2016-12-29 10:00:00,0.067,0.452,0.5089024428478113,1.1506967107583772,0.8117168891961709,0.005441699546912714,0.11492393285709727,0.3780337721906126,0.9548022435077963,1.5847414529303132,0.15832604166666667,0.6242580492424243,1.1219880952380952,1.4460530303030303,1.6589986111111112,0.0,0.05754847353520364,0.2525830984650031,0.918982568570753,1.377156519702848,0.0,0.02020627,0.47452128,1.5875564,2.4345539
2016-12-29 11:00:00,0.0995,0.35883333333333334,0.5133461801221075,1.084435037477954,0.8117168891961709,0.005933064923706282,0.11888017342398335,0.3568085029137468,0.9335211585522154,1.5169768593900819,0.15419523809523808,0.5697916666666667,1.086337962962963,1.3893194444444443,1.6050544444444446,0.0,0.05754847353520364,0.2525830984650031,0.918982568570753,1.377156519702848,0.0,0.026607249,0.47866222,1.4897383,2.264549
2016-12-29 12:00:00,0.0385,0.2941666666666667,0.5241645243177974,1.097976546957672,0.8089124096358582,0.006294704768770112,0.12497985244586841,0.37257105444888794,1.0076404047192749,1.6813371336610703,0.14685462962962967,0.5490520833333333,1.1079257575757575,1.4258087606837606,1.6523,0.0,0.05754847353520364,0.2525830984650031,0.918982568570753,1.3864689178444372,0.0,0.027903097,0.50185025,1.4084195,2.1517556
2016-12-29 13:00:00,0.01983333333333333,0.125,0.48556418572762533,0.9843953225308636,0.8089124096358582,0.005941695521450574,0.11717437685767801,0.3493667522657634,0.9162029976388604,1.5870002022499092,0.1614181818181818,0.5683257575757575,1.0308642857142858,1.3237430555555556,1.60139,0.0,0.049025934757413084,0.24689791044398976,0.918982568570753,1.3966998371183783,0.0,0.049692824,0.46754238,1.4096909,2.17691
2016-12-29 14:00:00,0.025833333333333333,0.1845,0.4782060454033383,0.9329901029541433,0.8089124096358582,0.005646873600869535,0.11402731124283194,0.35179766184997574,0.8603971762002118,1.5049574331591473,0.15369285714285713,0.5499903273809523,0.9395052083333333,1.2542727272727272,1.5622371794871797,0.0,0.05621994278745633,0.2525830984650031,0.918982568570753,1.3966998371183783,0.0,0.07590708,0.44404992,1.3637826,2.1080987
2016-12-29 15:00:00,0.0345,0.2105,0.5197358614055115,0.9470529160052903,0.8089124096358582,0.006768605389225683,0.13873137155236187,0.42296865696796354,1.086093417954151,1.845206246838834,0.11232083333333336,0.47446581196581195,0.9741439393939395,1.3545364583333335,1.6091666666666673,0.0,0.057822859730453674,0.2525830984650031,0.918982568570753,1.3966998371183783,0.0,0.053718384,0.49802232,1.357365,2.1067755
2016-12-29 16:00:00,0.04466666666666667,0.2265,0.5235292490066878,0.9374664874338617,0.7945098932824382,0.006976731585799345,0.14352613837364436,0.44266524627623405,1.1029470300193647,1.8750464510099314,0.11821666666666669,0.47643518518518524,0.9758449197860963,1.3619475108225105,1.6294897435897437,0.0,0.07676812122971764,0.2658904114134712,0.918982568570753,1.3966998371183783,0.0,0.07012498,0.4992892,1.3348421,2.0809476
2016-12-29 17:00:00,0.25433333333333336,0.27,0.49827266057983305,0.8602623796296297,0.7987511400420795,0.0062341166660009415,0.12837809600421787,0.4222823989027,0.953540738934624,1.7517729992294337,0.10169518518518521,0.3684916666666666,0.8915694444444446,1.246225,1.5622371794871797,0.0,0.07745743201220812,0.29493158663178837,0.918982568570753,1.4561949308962598,0.0,0.11299001,0.43996227,1.1800247,1.8713665
2016-12-29 18:00:00,0.08266666666666667,0.57,0.5529957628898179,0.9815082850529095,0.8159281947084018,0.007970803469596357,0.1681496989207943,0.5323872017216262,1.2384176872412551,2.000803760698839,0.09618892773892773,0.4060688131313131,0.9652194444444444,1.3508593750000002,1.6050544444444446,0.0,0.07899376646828846,0.29980450164870237,0.918982568570753,1.4717828808977953,0.0,0.09851179,0.5373907,1.42502,2.2301733
2016-12-29 19:00:00,0.025833333333333333,0.5488333333333334,0.5327558559336533,0.919852539682539,0.8177214401622124,0.007591078499536982,0.1585080656075295,0.5170540648812031,1.1309783456659863,1.8896664430874799,0.0944263888888889,0.45848124999999995,0.9047564102564101,1.277044642857143,1.5762505952380952,0.0,0.07723176565524588,0.30790840586383705,0.9237296663319322,1.4717828808977953,0.0,0.124559745,0.48499364,1.3043555,2.05996
2016-12-29 20:00:00,0.187,0.254,0.5086195046087105,0.8517964292328043,0.8080354233179926,0.006543160028756998,0.13615037145108075,0.4816548573469632,1.0153704373083767,1.9077667233704099,0.10876041666666666,0.44652430555555556,0.8533062499999999,1.2352800925925926,1.5376684294871799,0.0,0.08240468808335986,0.31808099922210575,0.9055391594151946,1.4717828808977953,0.0,0.12167402,0.4329417,1.1202625,1.8304876
2016-12-29 21:00:00,0.2578333333333333,0.09116666666666669,0.5033079987399001,0.8600245189594357,0.8503319333239242,0.006895686954132946,0.14280835546306866,0.48710776148668933,1.01547113862149,1.8363308933380786,0.15400404040404045,0.43897916666666664,0.8645018518518519,1.25443115942029,1.5376684294871799,0.0,0.07388214930556934,0.3433767473856745,0.9743818127184001,1.4876091579597246,0.0,0.09416976,0.4588615,1.1716939,1.9095505
2016-12-29 22:00:00,0.21233333333333337,0.007666666666666667,0.48961836723591945,0.8500823022486776,0.8812402483331683,0.006624464228601294,0.13758054958458613,0.47054066433053876,0.9120827623913128,1.6590527318811459,0.1532230158730159,0.4164347643097643,0.7818154761904762,1.1970058922558922,1.4497187500000002,0.0,0.063001146042907,0.3137793529683502,1.3436922926086252,1.4876091579597246,0.0,0.07692522,0.44995487,1.1436663,1.8878815
2016-12-29 23:00:00,0.109,0.007666666666666667,0.4994948687072371,0.8971547513227514,0.890926265177388,0.007328238799972114,0.15211115723257557,0.5015587884495181,0.992213580021,1.6862198900662773,0.2274880952380953,0.4609951388888888,0.835220238095238,1.259288888888889,1.5499927884615388,0.0,0.063001146042907,0.3137793529683502,1.3672663640090725,1.4876091579597246,0.0,0.055332646,0.48892924,1.2715973,2.0485356
2016-12-30 00:00:00,0.078,0.03266666666666666,0.5264046719851385,0.9682669301146384,0.890926265177388,0.008652425829107946,0.16643163565661034,0.5413439026768214,1.124703291047227,1.7994165827276392,0.17246103896103898,0.4759726851851852,0.8892944444444445,1.3522234848484849,1.5968944444444448,0.0,0.07216563654330073,0.3137793529683502,1.3993198068580397,1.4876091579597246,0.0,0.06175314,0.5162465,1.3840411,2.194463
2016-12-30 01:00:00,0.08866666666666667,0.04533333333333334,0.508711387299371,0.9662086377865954,0.8986265836072447,0.007955589344882216,0.15234302061877353,0.525573910160932,1.0589691036106044,1.7831890168192444,0.1605112554112554,0.4759726851851852,0.9034166666666668,1.3685347222222224,1.640697916666667,0.0,0.07216563654330073,0.3137793529683502,1.3993198068580397,1.4876091579597246,0.0,0.06895021,0.5101231,1.3222417,2.1005783
2016-12-30 02:00:00,0.05616666666666666,0.04633333333333334,0.4610668101638654,0.8953977012786593,0.8361797179922772,0.006466178922667052,0.11908497470046367,0.4596376683419052,0.8280044242697236,1.6205789140152334,0.1796242424242424,0.47654375000000004,0.8867152777777778,1.248653787878788,1.56355,0.0,0.07216563654330073,0.3000129252933442,1.273234927652342,1.4102619138358565,0.0,0.05385937,0.40767962,1.0441968,1.8138955
2016-12-30 03:00:00,0.06583333333333333,0.01933333333333333,0.4463139285801401,0.886445195987654,0.8255439987576638,0.006354483160027246,0.11406539802911608,0.4376057497901581,0.7798713328594318,1.5697930252829002,0.21596958333333333,0.4799583333333334,0.8718071428571428,1.246225,1.56355,0.0,0.063001146042907,0.3000129252933442,1.273234927652342,1.3419843106408567,0.0,0.038580783,0.38963014,1.0051202,1.766493
2016-12-30 04:00:00,0.0615,0.12116666666666669,0.4496745639844979,0.8963345297619044,0.7541561320377321,0.005365191189188834,0.09722549961807123,0.4162215009527408,0.6986252822627635,1.455789390928923,0.09940606060606061,0.4689527243589744,0.9246937321937323,1.2725625,1.5905150000000003,0.0,0.07564415011861192,0.2986293835260865,0.7418522567333438,1.3185357693025572,0.0,0.08294881,0.4049429,1.063568,1.8299426
2016-12-30 05:00:00,0.028333333333333332,0.2155,0.45012908596492873,0.8863909186507932,0.7696498646960973,0.005462058813819795,0.0986040232497146,0.4209198971699105,0.7415667467446159,1.5213253110856724,0.10215189393939395,0.4835659722222222,0.9230154914529916,1.2576351449275363,1.574913782051282,0.0,0.07428191181436375,0.2884567901678178,0.7842929558477654,1.3185357693025572,0.0,0.08778707,0.38615394,1.0588473,1.8198106
2016-12-30 06:00:00,0.066,0.0875,0.43963190486649845,0.8820473289241625,0.7523628865839216,0.005566512363944117,0.09830704380054127,0.3752734918454544,0.6416875734389698,1.251115127941076,0.20011041666666668,0.5276475694444445,0.910077380952381,1.2381342592592592,1.5647738095238097,0.0,0.07047122769049793,0.2803528859526831,0.7409545857779161,1.2733132719880376,0.0,0.05599414,0.3716883,1.0343668,1.7411736
2016-12-30 07:00:00,0.06716666666666667,0.030333333333333334,0.43865502646990884,0.9385424144620811,0.9753048188875467,0.005582145800374154,0.09945007572996202,0.35161576716362064,0.6051704973799539,1.0996448894413084,0.19219151515151517,0.48397800925925927,0.9089662698412698,1.2576351449275363,1.6516722222222222,0.0,0.06369437884606384,0.24588257651844495,1.1909142586330668,1.3695249657609154,0.0,0.037716154,0.3889082,1.0923756,1.7611544
2016-12-30 08:00:00,0.01,0.09983333333333332,0.4860767677002066,1.005127890873016,0.9518502052376824,0.007252972974619552,0.13074779074648374,0.4047573666032079,0.8574020712846546,1.328114429941992,0.1615909090909091,0.5212157738095238,1.0109001068376067,1.3917916666666665,1.6516722222222222,0.0,0.06648358163888454,0.2571845134923344,0.8732850528121808,1.3877563530695092,0.0,0.050590504,0.44138542,1.263447,1.9309049
2016-12-30 09:00:00,0.027,0.07633333333333332,0.48936110499164737,0.9983401296296299,0.9694484630578665,0.007361923629752114,0.13370193427131083,0.4040315811551112,0.9001329945566332,1.3744169751969193,0.15414285714285714,0.51125,1.0375806878306877,1.3964374999999998,1.6589986111111112,0.0,0.04753832013962053,0.2438772005438663,0.8791799529952664,1.3963464411220303,0.0,0.05398832,0.43808976,1.3097498,1.9849898
2016-12-30 10:00:00,0.005,0.067,0.4911319911560824,1.0234265231481485,1.0088835987471174,0.007498084920133347,0.13836752049328382,0.43311048830103893,1.0548055975134647,1.7197039904861158,0.18923392857142862,0.5137986111111111,1.0741493506493507,1.4016289682539682,1.6516722222222222,0.0,0.0472639339443705,0.2438772005438663,0.921620652109688,1.466102120117163,0.0,0.050735272,0.4512161,1.3549501,2.0557165
2016-12-30 11:00:00,0.0,0.0995,0.4762433038107641,1.010942117063492,0.9942776835095491,0.007110792817727703,0.1287109603317681,0.4012433231116997,0.9552726094050217,1.6138508157296783,0.145089393939394,0.5137986111111111,1.0625222222222224,1.3974017857142857,1.6531833333333334,0.0,0.0472639339443705,0.2438772005438663,0.921620652109688,1.4067405553663643,0.0,0.07958993,0.4219413,1.2479787,1.8906782
2016-12-30 12:00:00,0.0,0.0385,0.4431160415529595,1.0128316025132278,1.0374557019966657,0.006268252024513872,0.11144182017622241,0.3593626789322507,0.8223180028727444,1.5472159908880068,0.21465500000000004,0.5257105654761904,1.0571333333333333,1.3643875661375662,1.659911904761905,0.0,0.0437854203690593,0.21358285462654197,1.3465586462493282,1.4160529535079536,0.0,0.104455285,0.3846409,1.1112329,1.7017696
2016-12-30 13:00:00,0.005,0.01983333333333333,0.4629928414767026,1.0200359523809521,1.0379386921933942,0.007236057180152069,0.12950492388901838,0.3903712062862001,0.9600315385571871,1.723227730670939,0.13454272727272729,0.47613310185185187,1.0678357142857142,1.411889136904762,1.7053144444444446,0.0,0.03914860393587834,0.19582280093489904,1.3341421583595527,1.4856454375326933,0.0,0.090358526,0.41266602,1.2025456,1.8358941
2016-12-30 14:00:00,0.004833333333333333,0.025833333333333333,0.47149287653033783,1.0091354510582007,1.0328702617932082,0.007266869562670496,0.13311739338310646,0.4047758344471549,0.9853672572122276,1.743337673763181,0.15065820105820107,0.4841840277777778,1.0571333333333333,1.400059523809524,1.7004430555555556,0.0,0.0437854203690593,0.21358285462654197,1.3465586462493282,1.4262838727818947,0.0,0.09661511,0.43037125,1.2298526,1.8817497
2016-12-30 15:00:00,0.0,0.0345,0.44451034166620795,0.9719747003968251,1.0328702617932082,0.006473562559084808,0.11699058138794462,0.37671149685696176,0.8507457134066752,1.656757453447411,0.19750307692307695,0.47446581196581195,0.9620325757575758,1.360097222222222,1.659911904761905,0.0,0.044059806564309335,0.21358285462654197,1.3465586462493282,1.4262838727818947,0.0,0.13170192,0.38003227,1.0840598,1.6823567
2016-12-30 16:00:00,0.0,0.04466666666666667,0.44769450412894757,0.9755851812169309,1.0272496930280126,0.006512070393940812,0.11958260477317988,0.38842266559769123,0.8544163169627855,1.6656572050696827,0.19750307692307695,0.47241132478632475,0.9412341269841269,1.3586287878787877,1.6531833333333334,0.0,0.06300506806357335,0.22347942305921004,1.3465586462493282,1.4262838727818947,0.0,0.13672727,0.38160518,1.0844662,1.6973325
2016-12-30 17:00:00,0.0,0.25433333333333336,0.4788010037874159,0.9531283207671954,0.9893274059174513,0.007137480999361826,0.1337250712107631,0.44479351308099235,0.9731837269439352,1.7848274509704756,0.16034613095238096,0.47083910256410255,0.9459146825396825,1.3438864583333334,1.6496453525641026,0.0,0.07569543119916554,0.29493158663178837,0.921620652109688,1.4569435084771232,0.0,0.1583068,0.39648926,1.1173323,1.7466416
2016-12-30 18:00:00,0.0,0.08266666666666667,0.47268428794714124,0.9790497744708991,0.9909307753015197,0.007042964370684308,0.13408006831474406,0.44268072355979565,0.9591381113269273,1.7460180777993246,0.19992000000000001,0.523780841503268,0.9791890756302521,1.360242424242424,1.6511843304843306,0.0,0.06870922687745536,0.29411931362768906,0.921620652109688,1.4725314584786586,0.0,0.12697919,0.41175744,1.1497582,1.8197408
2016-12-30 19:00:00,0.0,0.025833333333333333,0.4666555130688225,0.9784032063492064,1.0161372899569276,0.00674388503103536,0.13012610667382607,0.4282616889018366,0.8862591357104854,1.6288825166683032,0.24869333333333338,0.5131527777777778,0.938845238095238,1.3522234848484849,1.659911904761905,0.0,0.06523071330214417,0.2410324468513222,1.3200422623951718,1.4639413704261375,0.0,0.11006367,0.4120201,1.1600866,1.8491484
2016-12-30 20:00:00,0.0,0.187,0.4675636620606381,0.9596038630952383,0.9369899523051507,0.006409701993319777,0.12141192087291844,0.43522724913804367,0.8518953699677134,1.6531796719752554,0.23305969696969697,0.5220625,0.9094908424908424,1.2607760416666667,1.5762505952380952,0.0,0.07388214930556934,0.2986293835260865,0.776208173906025,1.40097050092951,0.0009958331,0.14122964,0.37332284,1.0643225,1.7250128
2016-12-30 21:00:00,0.0,0.2578333333333333,0.49611003048637564,0.9490970784832452,0.9905802750704885,0.007400338561515129,0.13765019608836515,0.4653753393939992,0.9284949917080902,1.6592656472101583,0.19750307692307695,0.5109166666666667,0.9267685185185186,1.2712222222222218,1.6019275641025648,0.0,0.08240468808335986,0.3490619354066878,0.9024335105495801,1.4937056524039638,0.005044155,0.13797997,0.41165605,1.1452395,1.8312907
2016-12-30 22:00:00,0.0,0.21233333333333337,0.5005663437814972,0.9541355820105817,1.0002662919147083,0.007698687648266669,0.14057813333970692,0.4697680834129593,0.9346184960298163,1.6505377542460606,0.19340928571428573,0.47446581196581195,0.9018621031746032,1.273607142857143,1.6394284722222223,0.0,0.08240468808335986,0.3490619354066878,0.9260075819500274,1.4937056524039638,0.0,0.12479904,0.4294443,1.147471,1.8492783
2016-12-30 23:00:00,0.0,0.109,0.5004485757482062,0.9659802804232795,1.0002662919147083,0.007876304138526196,0.1420340029517555,0.46112161692940207,0.9218932096124144,1.5977556574394916,0.23094579124579126,0.4846270833333333,0.9203141025641026,1.3391391369047618,1.640697916666667,0.0,0.07388214930556934,0.3433767473856745,0.9260075819500274,1.4937056524039638,0.0,0.095121495,0.44599345,1.1656524,1.8828006
2016-12-31 00:00:00,0.0,0.078,0.48074990729313455,0.999682005291005,0.9977481692978124,0.0082243610283906,0.1392353967571755,0.44930651212314215,0.8742207579654966,1.5305981360441179,0.24956904761904763,0.5855557040998217,1.01575,1.406588383838384,1.7536645833333333,0.0,0.07713785537338523,0.3433767473856745,0.9246880216414324,1.6809474680897378,0.0,0.079564825,0.4162931,1.0466949,1.702912
2016-12-31 01:00:00,0.0,0.08866666666666667,0.479881348290668,0.9913736964886958,0.996712211105447,0.008441555626894902,0.14105105026799442,0.43625581805157654,0.897005821694908,1.5750990613258282,0.261662380952381,0.5887355769230769,1.0115717592592595,1.3990757575757575,1.7517569444444445,0.0,0.07713785537338523,0.3433767473856745,0.9246880216414324,1.6809474680897378,0.0,0.032569878,0.39856115,0.9997094,1.6045562
2016-12-31 02:00:00,0.0,0.05616666666666666,0.4617991865970693,0.9545141537197372,0.9894415330577071,0.007846211066959019,0.12777492232469728,0.3796368795644863,0.7251839999487275,1.2878388829576755,0.2568458333333334,0.4844375,0.9157766203703706,1.3043444444444443,1.744470580808081,0.0,0.07365934179807404,0.25065949502752405,1.252908860991198,1.5958032727865243,0.0,0.01989836,0.36181435,1.0231204,1.5986983
2016-12-31 03:00:00,0.0,0.06583333333333333,0.45697907095932827,0.9312645351130348,0.9439513623346993,0.007815226680723103,0.12461619959391926,0.3790797470931877,0.7451777096863055,1.343633744855208,0.23217333333333337,0.4740373263888889,0.9135451388888889,1.273607142857143,1.7004430555555556,0.0,0.07713785537338523,0.3281313366933117,1.020501538297019,1.5958032727865243,0.0,0.02599466,0.35469615,0.966562,1.5444598
2016-12-31 04:00:00,0.0,0.0615,0.44212211266007184,0.8253504969737043,0.9647249929515093,0.006842583129945247,0.10915716526729162,0.3584462811115836,0.6350828036517036,1.1780271984111832,0.19930528846153847,0.3525619047619048,0.7755089743589744,1.2468454545454546,1.7011479166666668,0.0,0.07713785537338523,0.2986293835260865,1.2167778442631185,1.504077128253225,0.0,0.02645684,0.3189561,0.9285823,1.5383335
2016-12-31 05:00:00,0.0,0.028333333333333332,0.43076792905018924,0.9078288799102125,0.9820288902000716,0.006593070854808324,0.10462681379068066,0.3416933657185506,0.6259899662940226,1.185843982395114,0.21552619047619048,0.3860079365079365,0.8972340277777777,1.310484090909091,1.7517291666666668,0.0,0.06848641936996004,0.20950596548467335,1.2291943321528938,1.572354731448225,0.0,0.009682525,0.3066304,0.9111474,1.5078397
2016-12-31 06:00:00,0.0,0.066,0.4381760756462731,0.9204252238255568,0.9252079891858709,0.007026151666004675,0.10947111977448509,0.3235538568217159,0.6609009141786247,1.2067934050231899,0.194005,0.4168422619047619,0.9135034722222222,1.2576351449275363,1.7018361111111113,0.0,0.07196493294527125,0.27887390293532627,0.9683449591409647,1.572354731448225,0.0,0.000991251,0.32293203,0.9517651,1.4950703
2016-12-31 07:00:00,0.0,0.06716666666666667,0.4387433972352846,0.9259364076879907,0.9190733695582678,0.007055293745072173,0.10810158193036154,0.3104832425136539,0.6565784737647786,1.1796294745161775,0.19219151515151517,0.40593055555555557,0.9135034722222222,1.2639322916666667,1.7272407407407409,0.0,0.0704285984891909,0.27547997093576904,0.7700206346801276,1.5567667814466895,0.0,0.018034164,0.32668817,0.95925534,1.4922429
2016-12-31 08:00:00,0.0,0.01,0.4113831990238639,0.867552319063652,0.9422656486835681,0.006370643395608012,0.09653288297339399,0.27127814765005237,0.5513989604860692,1.0860821639217282,0.16955075757575766,0.3601575126262626,0.8744895833333333,1.259288888888889,1.7048561111111111,0.0,0.05709628363099547,0.16806103811838366,1.200752281835144,1.512638528963652,0.0,0.0062316526,0.2940136,0.9308798,1.4517497
2016-12-31 09:00:00,0.0,0.027,0.4119432693003199,0.8661109896985728,0.9456580495611365,0.006326008909289261,0.09555192078000144,0.25313136896480115,0.5378941394290224,1.0533701351883413,0.17020166666666672,0.3753322916666666,0.8913863636363637,1.2632708333333333,1.7442025252525253,0.0,0.04731551263212521,0.1581644696857156,1.200752281835144,1.512638528963652,0.0,0.008488348,0.28375733,0.95900625,1.4576252
2016-12-31 10:00:00,0.0,0.005,0.39488523897052086,0.8509314202541279,0.9456580495611365,0.00599616896256459,0.08783365104241718,0.2309974598505124,0.47136817824492727,1.0002956965299168,0.1441794642857143,0.31597569444444445,0.823962962962963,1.2468454545454546,1.6755305555555562,0.0,0.03787663593648142,0.1581644696857156,1.200752281835144,1.512638528963652,0.0,0.029919786,0.27642533,0.9204897,1.4150597
2016-12-31 11:00:00,0.0,0.0,0.3855466488794263,0.8465553395662974,0.8944550605893206,0.005752042696765502,0.08491554550943514,0.2344575320185957,0.46230660064815077,1.0316431914069968,0.13290287878787885,0.3072440476190476,0.7919184981684982,1.2832630952380955,1.7250562500000004,0.0,0.03787663593648142,0.11979523659043183,1.2263350282591723,1.412269449094603,0.0,0.06092598,0.28613153,0.9060744,1.402917
2016-12-31 12:00:00,0.0,0.0,0.3804090496802869,0.8507854599366678,0.8954910187816859,0.00596692388513731,0.08687717952142845,0.22441157442444776,0.4626528597033003,1.0710225016114603,0.0837269696969697,0.3123292297979798,0.8472916666666667,1.2981830484330483,1.7250562500000004,0.0,0.03787663593648142,0.11979523659043183,1.2263350282591723,1.4215818472361923,0.0,0.06323534,0.27445474,0.88744855,1.3735741
2016-12-31 13:00:00,0.0,0.005,0.3857976862458231,0.8263630882435461,0.9235668300933423,0.006225146666010883,0.08957364056354145,0.21693452744644995,0.4674498360967322,1.0696614307174874,0.11581825396825399,0.3171919191919192,0.7578008658008658,1.272985119047619,1.7047218518518519,0.0,0.03787663593648142,0.1581644696857156,1.1856243903625971,1.4411098651046486,0.0,0.06519109,0.26856217,0.89855194,1.3613547
2016-12-31 14:00:00,0.0,0.004833333333333333,0.387811099156603,0.8338770723705302,0.9235668300933423,0.0061861609147282805,0.0913485475507374,0.21801404151419118,0.4479978330060462,1.0288150274970118,0.13355871212121215,0.32442297149122806,0.8160873015873016,1.2853746693121695,1.7076527777777777,0.0,0.03787663593648142,0.1581644696857156,1.1856243903625971,1.4570160166653834,0.0,0.060194485,0.27249816,0.9147518,1.3843197
2016-12-31 15:00:00,0.0,0.0,0.3873305728076607,0.8425414096721175,0.8823476654326651,0.006417408601695075,0.09701173658768042,0.2453433641744407,0.5043494659912483,1.1655634097080647,0.1268858333333333,0.31908935185185183,0.8337361111111111,1.3080527777777777,1.7102935185185189,0.0,0.03815102213173145,0.11979523659043183,1.2112071367866255,1.4249245399913344,0.0,0.08307155,0.28101653,0.8949197,1.3768876
2016-12-31 16:00:00,0.0,0.0,0.3914920212721282,0.8538049553070381,0.8789552645550966,0.006676637224198003,0.10348434761591353,0.27558249936952606,0.5633134362257854,1.2885113256704745,0.14053813131313134,0.3311809210526316,0.8504592803030304,1.3315254629629631,1.7274530303030304,0.0,0.05709628363099547,0.1233946159624743,1.2112071367866255,1.4249245399913344,0.0,0.09895644,0.3002181,0.8976218,1.4008082
2016-12-31 17:00:00,0.0,0.0,0.39185044506846756,0.8786478832170911,0.9107906409901865,0.006493087077127896,0.107513950441611,0.28888283925556013,0.5610478268624778,1.2792936571599398,0.1685823529411765,0.3525619047619048,0.8921224747474747,1.360097222222222,1.7427306818181816,0.0,0.05778559441348595,0.16630766441219585,1.2236236246764007,1.4495094750588415,0.0,0.056437697,0.32592508,0.9551758,1.4919481
2016-12-31 18:00:00,0.0,0.0,0.4137354802817445,0.9252773494869327,0.9295452655417961,0.007247483127234573,0.1204430523268152,0.32603033566012185,0.6748039785085893,1.4358580317369525,0.16860238095238095,0.3949861111111111,0.8981541666666668,1.310484090909091,1.7491569444444446,0.0,0.05932192886956629,0.153420525737467,1.2263350282591723,1.5475307518887138,0.0,0.067619696,0.35826126,0.9704415,1.5225885
2016-12-31 19:00:00,0.0,0.0,0.41752475706851544,0.9392714083493666,0.9313385109956066,0.007671113077464915,0.12666998790945888,0.3495038104810174,0.7185250167734296,1.531541991369973,0.19921145833333334,0.4205446428571429,0.9148498168498169,1.3361510416666667,1.7532444444444444,0.0,0.05932192886956629,0.16152442995260183,1.2423605906871469,1.5475307518887138,0.0,0.08386701,0.36550575,0.9613682,1.5316297
2016-12-31 20:00:00,0.0,0.0,0.4049947876157251,0.8761962893017475,0.9154349798292536,0.0071747336161061895,0.12326563368977161,0.3676936165240948,0.6787780642836123,1.5225551532558108,0.16790714285714287,0.3485922619047619,0.8503229166666666,1.3636833333333334,1.7427306818181816,0.0,0.06449485129768028,0.16487103502709669,1.2396491871043753,1.465097425060377,0.0,0.08573047,0.35158512,0.9574999,1.5626632
2016-12-31 21:00:00,0.0,0.0,0.4114722225311015,0.8879412410213242,0.9260755678436562,0.007331230258760476,0.1274098896165443,0.3794888537221983,0.7242476083808028,1.6012266673247333,0.21181166666666668,0.36656060606060603,0.8024880952380953,1.360097222222222,1.7266796296296296,0.0,0.06449485129768028,0.20567865894206103,1.270593818531393,1.4885459663986764,0.0,0.05077992,0.3499955,0.95913464,1.560057
2016-12-31 22:00:00,0.0,0.0,0.4187112801888533,0.8834561277056273,0.9260755678436562,0.007424191122777125,0.12871095752515993,0.37654193593187235,0.7387150880144931,1.6156966155283186,0.1785560606060606,0.3601575126262626,0.7882875457875458,1.3453836805555557,1.7102935185185189,0.0,0.06449485129768028,0.20567865894206103,1.270593818531393,1.4885459663986764,0.0,0.02651323,0.34444532,1.007103,1.5990769
2016-12-31 23:00:00,0.0,0.0,0.42882700778151084,0.8636267672558917,0.914320671106315,0.007294177107809378,0.12447820478544183,0.34928211098787476,0.6443180003101806,1.3734489925599414,0.1591357142857143,0.3601575126262626,0.7393826388888889,1.310484090909091,1.7022223611111114,0.0,0.06449485129768028,0.18791860525041815,1.2581773306416177,1.4726398148379416,0.0,0.03041188,0.34256646,1.075248,1.6530412
