timestamp,y_true_mwh,persistence_1h,persistence_24h,arima,linear_regression,elastic_net,random_forest,neural_network,quantile_regression_q25,quantile_regression_q50,quantile_regression_q75,qrf_q25,qrf_q50,qrf_q75
2016-11-06 21:00:00,1.1066666666666667,1.4066666666666667,0.24516666666666662,1.2421876409833486,0.91805753683205,0.8196011111186816,1.0421814688151363,1.0099657087200733,0.6441608897932384,0.8067415069301473,1.024652921402654,1.0155462962962962,1.048511507936508,1.0821226851851853
2016-11-06 22:00:00,1.2876666666666667,1.1066666666666667,0.4941666666666667,1.0959271584979489,1.0035756057750642,0.8895262247455931,1.0556011600529103,1.1575884687556697,0.7089176957661641,0.8832307066033049,1.1100453870918332,1.1165192307692309,1.1770449735449735,1.2080416666666665
2016-11-06 23:00:00,1.4703333333333333,1.2876666666666667,0.23066666666666663,0.9939857567730919,1.0852942277639896,0.9565377919713831,1.2393622493386247,1.3267969334979226,0.77055515625856,0.9566913177328099,1.1924535289939944,1.2400892857142858,1.2756398809523808,1.3126510416666666
2016-11-07 00:00:00,2.2276666666666665,1.4703333333333333,0.6185,0.9071464005304188,1.33654514350836,1.180880864857725,1.3520364949294539,1.7042355228625439,0.9632654667366924,1.1846380889985593,1.452681682439068,1.2264166666666667,1.6169747023809524,1.8231009615384615
2016-11-07 01:00:00,1.9378333333333333,2.2276666666666665,0.808,0.8331718066456352,1.21538251496665,1.0759931944173573,1.4762638190836936,1.503507545336721,0.870786837030857,1.0753963814697154,1.3298853407468127,1.3088541666666667,1.568162037037037,1.6625208333333332
2016-11-07 02:00:00,1.5848333333333333,1.9378333333333333,0.6898333333333334,0.7701561329097951,1.1172308540266835,0.9915003487848391,1.3410990376984115,1.318002408596371,0.7955998523866502,0.9873963900989903,1.231489670242874,1.2831006944444443,1.3822465277777778,1.4163392857142858
2016-11-07 03:00:00,1.2513333333333332,1.5848333333333333,0.9811666666666666,0.7164758769212771,1.0317831167332294,0.9186616887568064,1.0572842473544966,1.1669167598468717,0.7299520505948965,0.9112552364388948,1.1468476570783792,0.9862924107142856,1.1667407407407406,1.2545416666666664
2016-11-07 04:00:00,0.35933333333333334,1.2513333333333332,0.6995,0.6707480490308338,0.4535687304656474,0.4262723469673036,0.2799289680335098,0.24263707377734034,0.29095438197274803,0.38948232061889276,0.5597061442917128,0.2695997023809523,0.28250347222222216,0.2953068181818182
2016-11-07 05:00:00,0.18316666666666662,0.35933333333333334,0.9041666666666667,0.6317945417296528,0.35945306747617745,0.347606594137028,0.19309120811287478,0.16854691893025736,0.21875662901858917,0.3059621013411411,0.46720815073376126,0.18347129629629627,0.1935763888888889,0.20759375000000002
2016-11-07 06:00:00,0.3055,0.18316666666666662,0.8925,0.5986117775122366,0.5070743177710075,0.4758026357863658,0.3386558419312169,0.3145654812997139,0.32980324940688904,0.4412644871352591,0.6216619549834224,0.3040948412698413,0.34485151515151513,0.3710052083333333
2016-11-07 07:00:00,0.3823333333333333,0.3055,0.6813333333333333,0.5703448532377375,0.5175072468313717,0.48745682139085117,0.3109290451058202,0.34470744193586145,0.337069547661734,0.45237573260932906,0.6359373762366066,0.2684940476190476,0.3447282051282051,0.37052701465201465
2016-11-07 08:00:00,0.7648333333333334,0.3823333333333333,0.382,0.5462655148587818,0.7325089682886099,0.6739237910626155,0.6359596527777773,0.6316790957161786,0.49951868217815376,0.6484445926426807,0.8587151409236604,0.5572,0.674765873015873,0.7296826923076923
2016-11-07 09:00:00,0.48433333333333334,0.7648333333333334,0.20016666666666663,0.5257533950703785,0.5819566454981058,0.5486412958143989,0.4405203397266313,0.4489263276523901,0.38524799839083557,0.5134530706301026,0.7076879127381234,0.4262055555555555,0.45485714285714285,0.47987651515151514
2016-11-07 10:00:00,0.2886666666666667,0.48433333333333334,0.10516666666666669,0.5082800304956476,0.46228486725840967,0.44958071817627404,0.233315195546737,0.2627603081971895,0.2946158923142568,0.4060575228293158,0.587425143910513,0.18485069444444444,0.24577777777777776,0.28360740740740736
2016-11-07 11:00:00,0.204,0.2886666666666667,0.1005,0.49339524663561585,0.390812358058489,0.39130979015384787,0.15173516666666662,0.1892583763181771,0.2407410218529566,0.3418688161380995,0.515478092949881,0.14183253205128202,0.17146011396011393,0.21103968253968253
2016-11-07 12:00:00,0.16316666666666665,0.204,0.3788333333333333,0.48071555981214825,0.27553979849157995,0.2951627589168442,0.1023749356261023,0.13256345726840918,0.1539048422343588,0.23760173179652244,0.39784730694133974,0.101340625,0.12470882936507935,0.13494419642857142
2016-11-07 13:00:00,0.3288333333333333,0.16316666666666665,0.2658333333333333,0.4699142972978214,0.4718405874859892,0.4641484501818807,0.21561063218694884,0.3055230550906693,0.3033091321682305,0.4148374052061502,0.5973583155381427,0.16826785714285716,0.2297037037037037,0.2911074074074075
2016-11-07 14:00:00,0.0305,0.3288333333333333,0.3406666666666667,0.46071318109300524,0.02011752874938244,0.07956032523386675,0.023577108465608475,0.06681488662775001,0.0,0.0052451917220488475,0.1343421055133444,0.013003030303030301,0.02107063492063492,0.02702272727272727
2016-11-07 15:00:00,0.037,0.0305,0.29883333333333334,0.4528751585190481,0.04408858930880999,0.09995515004171601,0.03070768386243385,0.07184895798968714,0.0,0.025754918752412315,0.15621757302866368,0.024348958333333334,0.03544345238095238,0.04425925925925926
2016-11-07 16:00:00,0.16433333333333333,0.037,0.5638333333333334,0.44619829491877044,0.29784273725791743,0.31555758372469345,0.1497749801587302,0.17789435071328985,0.17415836438625135,0.253917527359939,0.4120912060002367,0.12614583333333332,0.14998363095238093,0.1662013888888889
2016-11-07 17:00:00,1.0291666666666668,0.16433333333333333,0.9196666666666666,0.440510571119041,0.8701103304009288,0.8021198327119534,0.9537599955908286,0.9201390420590349,0.60861031879155,0.7701266204244962,0.9927734434962204,0.922704861111111,0.9775691287878788,1.039798611111111
2016-11-07 18:00:00,0.723,1.0291666666666668,0.6068333333333333,0.43566545162002,0.7463966766137757,0.6943186158704647,0.7708217782186949,0.7270713999588467,0.5156764084758071,0.6564586783197183,0.8627288514434609,0.7268236111111112,0.7756930555555556,0.807296875
2016-11-07 19:00:00,1.1931666666666667,0.723,0.9588333333333334,0.43153810933224757,0.9477167451928374,0.8633043071355013,1.000493958112874,1.1192550546869138,0.66883697086361,0.8369667912369483,1.0646493096485483,0.9013809523809523,1.0608055555555556,1.1181934523809525
2016-11-07 20:00:00,1.3906666666666667,1.1931666666666667,1.4066666666666667,0.428022209597705,1.016190810898056,0.9186616887568062,1.0852844038800709,1.24128100844827,0.7211528272075088,0.897420620662917,1.1312950610104706,1.0259141865079366,1.1805145833333333,1.24369375
2016-11-07 21:00:00,1.049,1.3906666666666667,1.1066666666666667,0.42502717064007395,0.9174210558227851,0.8312552967231668,1.067494186760462,1.0663920935057603,0.6465338202381614,0.8067958013438037,1.0277690762854625,1.0413817307692308,1.0712638888888888,1.1071250000000001
2016-11-07 22:00:00,0.6966666666666667,1.049,1.2876666666666667,0.42247582986388577,0.6887249992363289,0.6331341414469172,0.6195362233044736,0.6795820789831296,0.473237865257481,0.598946598242775,0.7923547531010777,0.603125,0.6305104166666666,0.6591052083333333
2016-11-07 23:00:00,0.7273333333333334,0.6966666666666667,1.4703333333333333,0.4203024558783303,0.756782137506582,0.6884915230682221,0.7344139464285715,0.7386729428415661,0.524525205708416,0.6600446701212285,0.8608147737478669,0.6744859848484848,0.78309375,0.807296875
2016-11-08 00:00:00,0.7778333333333334,0.7273333333333334,2.2276666666666665,0.4184510550285597,0.7420903898623423,0.6914050694693434,0.7269694841269841,0.6915779807985415,0.5172750300850355,0.6523844724853654,0.8651778668316317,0.6557127976190477,0.7617685185185186,0.8008674242424242
2016-11-08 01:00:00,1.0293333333333332,0.7778333333333334,1.9378333333333333,0.4168739288048577,0.873665210116076,0.8021198327119536,0.9359468618426334,0.8538231138443912,0.6162736211462314,0.7718497411009759,1.0004217683637653,0.9438551282051281,0.9783379629629629,1.008682638888889
2016-11-08 02:00:00,0.9781666666666666,1.0293333333333332,1.5848333333333333,0.41553044496352914,0.8369902259101365,0.7700708222996191,0.8993864014550261,0.7875749317752807,0.5876621766885995,0.7394811763599829,0.964792643509002,0.7828217592592592,0.91448125,0.9634469696969696
2016-11-08 03:00:00,0.5845,0.9781666666666666,1.2513333333333332,0.41438599069932064,0.6422506188673012,0.6039986774357039,0.5622426313932983,0.5081489645745569,0.43921341456515667,0.5644397086914745,0.7685656603015283,0.5432098484848485,0.6002078754578755,0.6400476190476191
2016-11-08 04:00:00,0.265,0.5845,0.35933333333333334,0.41341108089946044,0.4602192604412255,0.4495807181762742,0.31055384854497364,0.280375367695828,0.3003692271453813,0.40118043115196866,0.5859196639206602,0.2873282828282828,0.30453703703703705,0.31851736111111106
2016-11-08 05:00:00,0.4413333333333333,0.265,0.18316666666666662,0.41258059850484874,0.5402875148648312,0.5195058318031858,0.3762094182098766,0.4004142444679082,0.36013550471985195,0.47528258732512474,0.671260216368706,0.3692878787878788,0.4056987179487179,0.4267064814814815
2016-11-08 06:00:00,0.5438333333333334,0.4413333333333333,0.3055,0.41187314740746633,0.6127706047069621,0.5836038526278547,0.4758936997354493,0.542401755892944,0.41425646488011575,0.5425910072384592,0.7489993537138194,0.458265873015873,0.5291997354497355,0.5559046474358973
2016-11-08 07:00:00,0.8013333333333333,0.5438333333333334,0.3823333333333333,0.4112705012123936,0.7188339197980345,0.6768373374637369,0.7065975544532628,0.7611962291748959,0.4939736034251886,0.6402400274698903,0.8609116237546101,0.6531986111111112,0.7125504385964911,0.7469910714285715
2016-11-08 08:00:00,0.6048333333333333,0.8013333333333333,0.7648333333333334,0.41075713366263733,0.6264522575851386,0.6010851310345826,0.4536476201499118,0.6130239163266326,0.4235450370087326,0.5581517543545811,0.7698566601957859,0.3552836174242424,0.4653683712121212,0.5318531468531467
2016-11-08 09:00:00,0.7098333333333333,0.6048333333333333,0.48433333333333334,0.4103198186288787,0.6637453359263827,0.6360476878480383,0.5910803899911812,0.6958917088211465,0.45158850379150484,0.593145147043962,0.8106160992716184,0.558975,0.5941620370370371,0.6188096590909091
2016-11-08 10:00:00,0.41,0.7098333333333333,0.2886666666666667,0.4099472893584911,0.4996737356010008,0.4991110069953364,0.19588653730158764,0.388513954010871,0.3273185075801775,0.44557134667725773,0.645021936364048,0.1386409090909091,0.23317954545454544,0.3156784759358289
2016-11-08 11:00:00,0.691,0.41,0.204,0.4096299482049005,0.6672771914778506,0.6447883270514023,0.6077776812169309,0.646693443392236,0.4545707378444472,0.597727076879444,0.817167007372432,0.5273005952380952,0.6112261904761904,0.645249458874459
2016-11-08 12:00:00,0.8915,0.691,0.16316666666666665,0.40935961935890824,0.7466807749020266,0.714713440678314,0.7803158527336861,0.7789401280157611,0.5152237688166708,0.6696261768653523,0.8982969492529469,0.7416884920634921,0.7926576388888888,0.8260694444444445
2016-11-08 13:00:00,0.5536666666666666,0.8915,0.3288333333333333,0.4091293382114785,0.6151059546482931,0.6039986774357039,0.3470667751322752,0.5184409858435529,0.4162251777554751,0.550160908249742,0.7630530477208133,0.2513296296296296,0.3641759259259259,0.47232045454545446
2016-11-08 14:00:00,0.3878333333333333,0.5536666666666666,0.0305,0.4089331719212445,0.48442776330049275,0.4932839141930938,0.1995800371252205,0.3106040314780465,0.31804765170520777,0.4310883671653528,0.6278176871972654,0.1313845588235294,0.2100615079365079,0.29210654761904764
2016-11-08 15:00:00,0.3066666666666667,0.3878333333333333,0.037,0.4087660665639294,0.41959917968854865,0.437926532571789,0.25356538227513237,0.24894461644993587,0.26984413304088906,0.37124158906388116,0.5590303665526646,0.22546944444444444,0.257014652014652,0.27989404761904757
2016-11-08 16:00:00,0.45366666666666666,0.3066666666666667,0.16433333333333333,0.4086237169257214,0.5162462648729207,0.5195058318031858,0.26969343187830674,0.32758143649472937,0.34400007020153234,0.4572349962843145,0.6545006050874553,0.23614545454545455,0.303282196969697,0.3655040064102564
2016-11-08 17:00:00,0.32466666666666666,0.45366666666666666,1.0291666666666668,0.4085024555860282,0.45667023602732393,0.4670619965830022,0.2896452588183421,0.29817645002006693,0.29975897268925344,0.401676648987736,0.5900822345224682,0.27208493589743593,0.30869230769230765,0.33404708333333333
2016-11-08 18:00:00,0.27,0.32466666666666666,0.723,0.4083991584319975,0.41492548455220646,0.42918589336842505,0.2922472996031746,0.27876157982284216,0.26892578262227723,0.3621839423892676,0.5437263700019427,0.25033482142857144,0.28069444444444447,0.29793641774891777
2016-11-08 19:00:00,0.35233333333333333,0.27,1.1931666666666667,0.4083111641705301,0.47963071594454143,0.4816297285886086,0.36787193320105827,0.3710912662496785,0.3185851445954685,0.41906666279598126,0.6061656156533062,0.35100752314814815,0.37530416666666666,0.3929136500754148
2016-11-08 20:00:00,0.1315,0.35233333333333333,1.3906666666666667,0.408236205764136,0.26462899448730315,0.2951627589168442,0.15997620105820085,0.1419838965717392,0.1561360100790487,0.2229978027626295,0.3833878509662523,0.14643996710526314,0.15985714285714286,0.17559305555555552
2016-11-08 21:00:00,0.273,0.1315,1.049,0.40817235202418245,0.449335026574489,0.44958071817627404,0.332905033068783,0.3060463727994255,0.29628199397001986,0.3888956729028368,0.5692853822902204,0.3106527777777778,0.3267202380952381,0.3404730392156863
2016-11-08 22:00:00,0.09533333333333331,0.273,0.6966666666666667,0.4081179578567742,0.169408406043011,0.20775636688320467,0.08605148985890651,0.1006807734936048,0.08417308883386018,0.13468694761036454,0.28156560439818934,0.07457083333333334,0.09244949494949495,0.10198437499999999
2016-11-08 23:00:00,0.24683333333333338,0.09533333333333331,0.7273333333333334,0.40807162187942675,0.4082340907966717,0.40879106856057573,0.2553450498236331,0.22509562171138625,0.2648369298030597,0.35031676012696317,0.5243771407371332,0.23664791666666668,0.25395502645502643,0.26689722222222223
2016-11-09 00:00:00,0.3606666666666667,0.24683333333333338,0.7778333333333334,0.4080321503165912,0.4881189107098918,0.4845432749897299,0.3937176097883597,0.35618776903693744,0.3274649316726108,0.42901328226093693,0.6263323598090262,0.35962615740740744,0.3836805555555556,0.4092514880952381
2016-11-09 02:00:00,0.42033333333333334,0.3606666666666667,1.0293333333333332,0.40799852624385397,0.5420342956016682,0.5282464710065496,0.23807644003527328,0.4186511287095814,0.36680171815179147,0.47902236838239964,0.6841027727202794,0.25862337662337664,0.3421971677559913,0.42350802139037436
2016-11-09 03:00:00,0.6018333333333333,0.42033333333333334,0.9781666666666666,0.40796988338843554,0.6444319594399623,0.6156528630401892,0.5032756250000004,0.5676006179425145,0.4434680669301284,0.5728661294242634,0.7912474268171545,0.46163020833333335,0.5515200216450216,0.5941029761904763
2016-11-09 04:00:00,0.483,0.6018333333333333,0.5845,0.4079454838109979,0.5853539544819402,0.5661225742211269,0.5117341743827161,0.48250838273208746,0.39777495988350337,0.5208697051442219,0.7341345217346376,0.48655476190476193,0.5137354166666667,0.5354148351648351
2016-11-09 05:00:00,0.8091666666666666,0.483,0.265,0.4079246988937667,0.754221853076918,0.7117998942771928,0.795042679232804,0.7123308340655373,0.5248170177274715,0.6753283664492133,0.9101378623426037,0.6559777462121212,0.7946319444444445,0.8526642857142857
2016-11-09 06:00:00,0.6103333333333334,0.8091666666666666,0.4413333333333333,0.4079069931451565,0.67642862201365,0.6477018734525237,0.6162029839065255,0.5963638500153237,0.4650866574316626,0.6066488546009803,0.8344476658786211,0.571247435897436,0.6412380952380952,0.6910260416666667
2016-11-09 07:00:00,0.4836666666666667,0.6103333333333334,0.5438333333333334,0.40789191040364925,0.598061906902642,0.5836038526278546,0.2716184958112874,0.46813509417110505,0.40507717541701,0.5374035949432147,0.7580602989718849,0.2700625,0.3751083333333333,0.47674957912457916
2016-11-09 08:00:00,0.6715,0.4836666666666667,0.8013333333333333,0.40787906208549096,0.6764487911731538,0.6535289662547662,0.5770961836419758,0.5980752291521209,0.4640251095188182,0.6098470624660504,0.8413568511052152,0.49678750000000005,0.6186142769607843,0.6676290064102565
2016-11-09 09:00:00,0.5355,0.6715,0.6048333333333333,0.4078681171734259,0.570296290468336,0.5661225742211269,0.40912740299823624,0.41255196076879264,0.3833923158662489,0.51503379301939,0.7356610169996384,0.37025694444444446,0.425109126984127,0.45844362745098044
2016-11-09 10:00:00,0.513,0.5355,0.7098333333333333,0.4078587936885436,0.5530856401186843,0.5544683886166414,0.4364477970378387,0.3945805446663151,0.37038611010062855,0.50035728960149,0.7200091575873204,0.38347395833333336,0.43497569444444445,0.4690319444444444
2016-11-09 11:00:00,0.231,0.513,0.41,0.4078508514255237,0.3586597774507101,0.39130979015384787,0.1762498373015873,0.16155248461123645,0.22336015926617817,0.3249057296508095,0.5225290153283374,0.16752644230769229,0.1966517857142857,0.21646230158730156
2016-11-09 12:00:00,0.0965,0.231,0.691,0.4078440857641134,0.18874128300911064,0.2485460164989032,0.04873492702821871,0.07701168235981425,0.0951234994817359,0.17118848830502614,0.34910574429830676,0.03164015151515151,0.05114186507936508,0.07719166666666666
2016-11-09 13:00:00,0.043833333333333335,0.0965,0.8915,0.4078383223973999,0.01959738252902732,0.10578224284395865,0.028601082010582028,0.048115220507008116,0.0,0.01772623674902385,0.17550450931389916,0.020308080808080806,0.028196969696969696,0.03340520833333333
2016-11-09 14:00:00,0.0575,0.043833333333333335,0.5536666666666666,0.4078334128410595,0.04944162487563031,0.13200416045405056,0.04677056084656088,0.04365458218059868,0.0,0.043913531864491095,0.20415957354097647,0.04004513888888889,0.04588863636363636,0.0518655303030303
2016-11-09 15:00:00,0.13116666666666665,0.0575,0.3878333333333333,0.4078292306078861,0.19636603890311133,0.25728665570226705,0.04667718819143821,0.10185969769849448,0.10332180472175184,0.17568611215431862,0.3515681323546467,0.037140151515151515,0.05457986111111111,0.07638194444444445
2016-11-09 16:00:00,0.3403333333333333,0.13116666666666665,0.3066666666666667,0.407825667949042,0.3886435101181922,0.42044525416506096,0.21956364285714283,0.21728610502157808,0.2499285821726233,0.3482172941321134,0.5446752196770442,0.2037559523809524,0.23257499999999998,0.25068750000000006
2016-11-09 17:00:00,0.7238333333333333,0.3403333333333333,0.45366666666666666,0.407822633078074,0.6945121707470874,0.679750883864858,0.6082659918430336,0.5761915800614834,0.4825531957694297,0.6233568718011644,0.8533690926932671,0.49840611471861473,0.6507293956043956,0.7045416666666666
2016-11-09 18:00:00,0.9431666666666666,0.7238333333333333,0.32466666666666666,0.40782004780617576,0.7552285471620146,0.7292811726839205,0.7498756309523802,0.6801897177642384,0.529345906013412,0.6765832095855829,0.9116241375880343,0.669453125,0.7796416666666667,0.8409895833333332
2016-11-09 19:00:00,1.4856666666666667,0.9431666666666666,0.27,0.4078178455277731,1.00436380875643,0.9390565135646551,1.0734856104497343,1.1721229215132511,0.7187318885463286,0.9003602098814932,1.1623630201869246,0.9957743055555556,1.258773611111111,1.3229010416666667
2016-11-09 20:00:00,1.5311666666666668,1.4856666666666667,0.35233333333333333,0.40781596950453314,1.0899147291099902,1.0089816271915675,1.3118972533068778,1.313962689686713,0.7839853949420544,0.976267213371277,1.246443923118063,1.2728392857142858,1.3553194444444445,1.4167345085470084
2016-11-09 21:00:00,1.4925,1.5311666666666668,0.1315,0.4078143714035879,1.0731138763467547,0.9915003487848393,1.2797405681216925,1.2701944352673638,0.7714671082214737,0.9598176295584732,1.2266066659252888,1.1925088141025642,1.3325798611111113,1.3886293402777778
2016-11-09 22:00:00,1.679,1.4925,0.273,0.4078130100523121,1.1074013813447465,1.017722266394931,1.353016169973545,1.2918495742975704,0.7974109640389201,0.9899473070401873,1.2596936769068217,1.2468845238095239,1.3730104166666668,1.4834929315476189
2016-11-09 23:00:00,1.91,1.679,0.09533333333333331,0.40781185037757334,1.1754585196149991,1.0730796480162357,1.5246712312610216,1.4038085410073589,0.8486983044898548,1.0510453789186407,1.3281536975536103,1.385011574074074,1.5704412393162392,1.6640763888888888
2016-11-10 00:00:00,1.4296666666666666,1.91,0.24683333333333338,0.40781086250212667,1.0238583379193904,0.9361429671635344,1.0642073467813051,1.1078370668506627,0.732216554321818,0.9161803866981253,1.1793954588421427,1.1036041666666667,1.2620496794871796,1.3197083333333335
2016-11-10 01:00:00,2.4976666666666665,1.4296666666666666,0.3606666666666667,0.40781002097487296,1.5994313790299837,1.4256187625519154,2.256238644841269,2.1405043957306087,1.1675940467305006,1.437428180972912,1.7679533011738775,2.2068804112554115,2.3283513888888887,2.4351282051282053
2016-11-10 02:00:00,2.9268333333333336,2.4976666666666665,0.42033333333333334,0.4078093041151502,1.7881708761821427,1.5858638146135882,2.3647242274731446,2.517257057953483,1.3097595829569777,1.6090415138742704,1.962468177032758,2.2076321022727274,2.4177666666666666,2.5690456349206348
2016-11-10 03:00:00,2.4806666666666666,2.9268333333333336,0.6018333333333333,0.4078086934541647,1.521708479616276,1.3586071953261252,2.189083167989418,2.0926904943113427,1.106972690615864,1.3690967151377411,1.6930135572345795,1.9880746527777777,2.174166666666667,2.321105158730159
2016-11-10 04:00:00,2.1968333333333336,2.4806666666666666,0.483,0.4078081732591707,1.3738308304868816,1.2333247000779084,1.7458283403880057,1.8172813343191747,0.9940038032997413,1.236743785725864,1.545237863992142,1.7268517857142855,1.7845148809523812,1.8542746794871796
2016-11-10 05:00:00,1.2811666666666668,2.1968333333333336,0.8091666666666666,0.40780773012814014,0.9859932675459502,0.9040939567511996,1.0535372879188707,1.0872362766646915,0.6992784694541678,0.8874289725505035,1.1528552634436848,0.9532652777777777,1.170035052910053,1.259150462962963
2016-11-10 06:00:00,1.2286666666666668,1.2811666666666668,0.6103333333333334,0.4078073526444802,1.007245793443059,0.9244887815590488,1.0003340363756612,1.0971856724869735,0.7145864794589524,0.9083778702723945,1.1782889460811519,0.9816726190476192,1.1795397727272725,1.2866827380952381
2016-11-10 07:00:00,1.1025,1.2286666666666668,0.4836666666666667,0.407807031082902,0.918632965543047,0.8516501215310162,0.8427025958994705,0.9017621059128496,0.6468144074132042,0.8298607061763406,1.091440488232887,0.5618666666666666,0.9561666666666667,1.1100833333333333
2016-11-10 08:00:00,1.3361666666666667,1.1025,0.6715,0.40780675715886355,1.051665784688249,0.9681919775758685,1.239896859347443,1.0743073893285346,0.7471628216808569,0.9517543307033826,1.2305295253877064,1.088486111111111,1.289278409090909,1.3483697916666668
2016-11-10 09:00:00,0.9606666666666667,1.3361666666666667,0.5355,0.4078065238151312,0.83622141423405,0.7875521007063471,0.6517426375661373,0.6409094156582681,0.5837290676965983,0.7580407472483094,1.0132487212391508,0.5299029761904762,0.7596742424242424,0.9338320512820513
2016-11-10 10:00:00,0.7395,0.9606666666666667,0.513,0.40780632503996084,0.716549635994354,0.6884915230682221,0.39519217791005323,0.44374429976595353,0.4930969616200194,0.6506451994475226,0.8929859524115403,0.27348809523809525,0.4283199404761905,0.61675
2016-11-10 11:00:00,0.5936666666666667,0.7395,0.231,0.4078061557122143,0.6075080465680829,0.5981715846334612,0.34833220943562626,0.28785217698008875,0.41075926104470084,0.552459509815914,0.7826815679986339,0.2307684659090909,0.3312354497354497,0.43359232954545457
2016-11-10 12:00:00,0.13383333333333333,0.5936666666666667,0.0965,0.4078060114694213,0.239498038205731,0.28642211971348036,0.03799064770723106,0.05966956120356337,0.13244586065907238,0.21948544932988298,0.4070105387657046,0.03823371212121213,0.05456684981684982,0.08378611111111112
2016-11-10 13:00:00,0.22266666666666662,0.13383333333333333,0.043833333333333335,0.4078058885953871,0.3538299248881046,0.3854826973516051,0.17069691269841275,0.11116633057255827,0.21974943034417707,0.32254588723320105,0.5228328198302732,0.1388377976190476,0.18565773809523806,0.2134548611111111
2016-11-10 14:00:00,0.19566666666666663,0.22266666666666662,0.0575,0.40780578392445016,0.33244360328968503,0.36800141894487715,0.1401716752645503,0.13187795968373425,0.20437286462559884,0.3023736601572246,0.49918242934970397,0.10973842592592593,0.14357777777777775,0.17896354166666664
2016-11-10 15:00:00,0.4151666666666667,0.19566666666666663,0.13116666666666665,0.407805694759924,0.496444871965507,0.5078516461987004,0.19952174343033527,0.2417694605400249,0.3295338566557541,0.4495994145108668,0.6640261397325897,0.14857499999999998,0.23701944444444445,0.3296694444444444
2016-11-10 16:00:00,0.11216666666666669,0.4151666666666667,0.3403333333333333,0.4078056188046211,0.21057041302704593,0.26311374850450964,0.06955962632275137,0.08424775299738171,0.11388643265548548,0.18944172270185589,0.368948983116955,0.05342534722222223,0.08487777777777777,0.10998630952380953
2016-11-10 17:00:00,0.24283333333333337,0.11216666666666669,0.7238333333333333,0.4078055541016692,0.38665497832855167,0.41170461496169686,0.1971029226190476,0.20098904828864628,0.24818490585841116,0.34713717748591705,0.5451357042071407,0.18676785714285715,0.22154861111111113,0.24406071428571433
2016-11-10 18:00:00,0.7213333333333334,0.24283333333333337,0.9431666666666666,0.4078054989840958,0.6557089814532362,0.6389612342491597,0.5139128769841271,0.45972788383203916,0.45281694673467604,0.5888922388488724,0.8160995982463364,0.4413401442307693,0.5744716435185185,0.6205075757575759
2016-11-10 19:00:00,0.498,0.7213333333333334,1.4856666666666667,0.407805452031881,0.5530610372918319,0.5486412958143989,0.44351618468414294,0.3784955947353064,0.37568733819996847,0.4943338534302043,0.7076743585193888,0.390124053030303,0.4494166666666667,0.4841439393939394
2016-11-10 20:00:00,0.7923333333333333,0.498,1.5311666666666668,0.40780541203537285,0.6795964088014095,0.6535289662547665,0.6725740634920637,0.5495441983544614,0.4719912047200774,0.6073284746731424,0.8335996252166438,0.6436847222222222,0.6827951388888889,0.7107724116161616
2016-11-10 21:00:00,0.5503333333333333,0.7923333333333333,1.4925,0.4078053779641225,0.5774112827964699,0.5632090278200054,0.4786288802910049,0.45488093371032134,0.39478466774036425,0.513613020541266,0.7265866101777921,0.47078541666666673,0.4849981617647059,0.5032319444444444
2016-11-10 22:00:00,0.7301666666666666,0.5503333333333333,1.679,0.40780534894033627,0.6902523191768297,0.6564425126558877,0.6640370910493829,0.6017484235206387,0.4802417137962126,0.6148272987165273,0.8398753183777166,0.6319882352941177,0.6855918803418803,0.7166953125
2016-11-10 23:00:00,0.7088333333333334,0.7301666666666666,1.91,0.4078053242162608,0.6865866679240513,0.650615419853645,0.5313907400793649,0.6136421659957535,0.4771909240294766,0.6110220395269599,0.8351077024338007,0.46959545454545454,0.6435193602693603,0.69609375
2016-11-11 00:00:00,0.4358333333333333,0.7088333333333334,1.4296666666666666,0.40780530315491814,0.6026825970697409,0.5602954814188842,0.4836706031746036,0.46595489265039564,0.4091151109017799,0.5315484782267996,0.7365136769286384,0.46990624999999997,0.49595346320346323,0.5150243055555556
2016-11-11 02:00:00,0.4201666666666667,0.4358333333333333,2.4976666666666665,0.40780528521369497,0.6258596435945041,0.5777767598256122,0.5227409973544976,0.46259283620512137,0.42516412728767305,0.5537418510333963,0.762900817015304,0.5154291666666666,0.5348390151515152,0.5600243055555555
2016-11-11 03:00:00,0.2586666666666667,0.4201666666666667,2.9268333333333336,0.4078052699303631,0.4686891167780183,0.4437536253740314,0.2887313423721339,0.27299878945971306,0.3051781952782482,0.41269736630527976,0.6050311672601041,0.2770625,0.29367124542124545,0.3055347222222222
2016-11-11 04:00:00,0.081,0.2586666666666667,2.4806666666666666,0.4078052569111709,0.1637044048838886,0.18444799567423414,0.06775038822751324,0.07371442702432962,0.07318292748532249,0.13817523550630953,0.2968520795808847,0.057049242424242426,0.07313461538461538,0.081921875
2016-11-11 05:00:00,0.10333333333333332,0.081,2.1968333333333336,0.4078052458206989,0.2096189500108131,0.22523764528993268,0.10564726719576717,0.09534252623376527,0.10707390495614041,0.1813710435518368,0.34732232889049985,0.0976284722222222,0.10573030303030304,0.11204960317460316
2016-11-11 06:00:00,0.3856666666666667,0.10333333333333332,1.2811666666666668,0.4078052363732179,0.5724085688747371,0.5369871102099137,0.4263237517636683,0.38203556026796187,0.38113491599745347,0.5113834225500176,0.7214590429122757,0.4134593253968254,0.4332750582750583,0.45262728937728947
2016-11-11 07:00:00,0.3451666666666667,0.3856666666666667,1.2286666666666668,0.4078052283253281,0.5042879665527338,0.48162972858860875,0.3571678238536155,0.31245251822515807,0.32888802401389683,0.4514100673305408,0.655532766947069,0.3424111111111111,0.3595515873015873,0.37100434027777784
2016-11-11 08:00:00,0.5556666666666666,0.3451666666666667,1.1025,0.40780522146968795,0.6202439310495955,0.5836038526278547,0.48260501322751337,0.4485604006906487,0.4162987882297232,0.5578505177937685,0.7771866525326732,0.4685972222222222,0.5139930555555555,0.5386294642857143
2016-11-11 09:00:00,0.7483333333333334,0.5556666666666666,1.3361666666666667,0.4078052156296723,0.7155983151951983,0.668096698260373,0.34842503020282184,0.5511574289814559,0.4883302651887055,0.6453847023001188,0.8772256069438382,0.31918181818181823,0.43079999999999996,0.5577384259259259
2016-11-11 10:00:00,0.7293333333333334,0.7483333333333334,0.9606666666666667,0.40780521065482217,0.7154645194938878,0.6710102446614943,0.3885032876984127,0.5516991920274162,0.48826170947491176,0.6461613729460334,0.8790088991007361,0.30549188311688313,0.46264141414141413,0.6331212121212122
2016-11-11 11:00:00,0.7755,0.7293333333333334,0.7395,0.4078052064169681,0.7635299928323518,0.714713440678314,0.4365001829806001,0.6172035167556618,0.5249503893763963,0.6901448847015181,0.9291079091246117,0.3290666666666666,0.47942037037037033,0.6883597222222223
2016-11-11 12:00:00,0.867,0.7755,0.5936666666666667,0.4078052028069283,0.8292720925378554,0.7729843687007403,0.8093482929894177,0.7160504538323916,0.5752533003071587,0.7496814454363748,0.9962897297497543,0.6639115384615384,0.8445892255892256,0.9083050595238096
2016-11-11 13:00:00,1.6476666666666668,0.867,0.13383333333333333,0.40780519973169554,1.1382801222113137,1.0381170912027802,1.1046405575396825,1.2357305853710103,0.8100460805830846,1.028908067667178,1.3108727387033787,0.8442721153846153,1.1822962962962964,1.39685
2016-11-11 14:00:00,2.4261666666666666,1.6476666666666668,0.22266666666666662,0.4078051971120413,1.4652616354390469,1.3178175457104269,2.013247128306878,1.779845804873365,1.058597575921766,1.3239805914930174,1.6428994402348052,1.8666650641025642,1.9761592592592594,2.067314236111111
2016-11-11 15:00:00,2.485,2.4261666666666666,0.19566666666666663,0.40780519488047406,1.4414175029831202,1.297422720902578,1.9699411249999996,1.753531589633944,1.0414444173818307,1.3012214311447008,1.6159564833563216,1.8533531250000002,1.9533194444444444,2.0420352564102564
2016-11-11 16:00:00,2.1453333333333333,2.485,0.4151666666666667,0.40780519297950096,1.3194808486687302,1.19253505046221,1.5322850213844807,1.55126350756979,0.9499984338790954,1.1894142103483085,1.4882567818051544,1.4356731601731603,1.5748338235294117,1.718028409090909
2016-11-11 17:00:00,1.415,2.1453333333333333,0.11216666666666669,0.40780519136014637,1.0105827419573574,0.92740232796017,1.0810167235449744,1.0436194200312263,0.7168676456101504,0.908239521720038,1.1692851983296213,0.9458565476190476,1.1266053030303032,1.2148281250000001
2016-11-11 18:00:00,1.3961666666666668,1.415,0.24283333333333337,0.40780518998069004,0.9893302160602495,0.907007503152321,0.9651929157848325,1.012434128282528,0.7015596356053663,0.8872906239981473,1.1438515156921547,0.9196111111111112,1.1338072916666666,1.2069940476190475
2016-11-11 19:00:00,1.3358333333333332,1.3961666666666668,0.7213333333333334,0.4078051888055924,0.999389512577894,0.9128345959545636,1.0417778298059974,1.0274761779290695,0.709818517412713,0.8947231874006547,1.1504982763220288,0.9553215811965812,1.1419970588235293,1.2146698717948718
2016-11-11 20:00:00,0.7706666666666666,1.3358333333333332,0.498,0.40780518780457886,0.7604801946129787,0.70597280147495,0.4940498928571426,0.6965075115402444,0.5292566728237362,0.6770198836779626,0.9033112994380733,0.354903125,0.5008089225589225,0.6605694444444445
2016-11-11 21:00:00,0.5835,0.7706666666666666,0.7923333333333333,0.40780518695185985,0.6582950686080395,0.6156528630401892,0.5886863267195769,0.5284172848144212,0.4520501358440234,0.5833044295460865,0.7962982843992221,0.5682242965367965,0.5971003787878788,0.6245624999999999
2016-11-11 22:00:00,0.6666666666666666,0.5835,0.5503333333333333,0.40780518622546635,0.7028286863950357,0.6506154198536449,0.5952949182098759,0.5854792108762942,0.48575658169256575,0.6227060114660894,0.8398463863222843,0.5553,0.6526561355311356,0.69771875
2016-11-11 23:00:00,0.20733333333333337,0.6666666666666666,0.7301666666666666,0.407805185606684,0.36787205496444664,0.3621743261426345,0.2239104406966491,0.21467008490822873,0.2317153809203972,0.3191091754385213,0.4968368299355892,0.2092875,0.22039166666666668,0.2298482142857143
2016-11-12 00:00:00,0.13516666666666666,0.20733333333333337,0.7088333333333334,0.40780518507957075,0.2721580983194708,0.26311374850450975,0.13027278703703696,0.15484643951601423,0.1548327008797466,0.22571753011640705,0.3769236182040023,0.12476145833333332,0.13481547619047618,0.14192007575757576
2016-11-12 01:00:00,0.05383333333333334,0.13516666666666666,0.4358333333333333,0.4078051846305464,0.11684176048107942,0.12909061405292915,0.05440369047619047,0.07116106532861112,0.03647877107025843,0.08556947445993424,0.21925697337331657,0.042248397435897436,0.05345119047619047,0.059066468253968246
2016-11-12 02:00:00,0.07433333333333333,0.05383333333333334,0.4201666666666667,0.40780518424804246,0.13822808207949877,0.14657189245965707,0.05496256172839507,0.07203455013741564,0.05185533678883658,0.10574170153591056,0.24290736385388567,0.039178125,0.05451190476190476,0.06251805555555556
2016-11-12 03:00:00,0.07683333333333332,0.07433333333333333,0.2586666666666667,0.40780518392220433,0.17231832732442975,0.17570735647087013,0.05622998346560849,0.06670371836336052,0.07677108535986774,0.1377727663225162,0.28031141167389884,0.03857738095238095,0.05956388888888889,0.07363819444444444
2016-11-12 04:00:00,0.09216666666666669,0.07683333333333332,0.081,0.4078051836446373,0.19520922467844304,0.19610218127871962,0.08138793055555554,0.08435126471598148,0.09317869856200961,0.15995157754878428,0.30688723412361607,0.07337152777777779,0.08412314814814814,0.09037648809523809
2016-11-12 05:00:00,0.4608333333333333,0.09216666666666669,0.10333333333333332,0.4078051834081903,0.5894916046315193,0.5340735638087925,0.41402500815696647,0.4836855796649834,0.3909977370900865,0.5183921364961269,0.7130345754452261,0.4003023504273504,0.42245769230769226,0.4376736111111112
2016-11-12 06:00:00,0.3836666666666667,0.4608333333333333,0.3856666666666667,0.4078051832067715,0.5048676317089149,0.4641484501818807,0.3114792414021165,0.38199273585348686,0.3260923167735471,0.44353135502236807,0.6303703183535573,0.30027777777777775,0.32222558922558925,0.3476365007541478
2016-11-12 07:00:00,0.2215,0.3836666666666667,0.3451666666666667,0.4078051830351918,0.3821010945122211,0.3621743261426347,0.2178221574074074,0.2206367526559142,0.23244494462414594,0.334107842798685,0.5086515573668611,0.20741406250000002,0.21913194444444445,0.2329596560846561
2016-11-12 08:00:00,0.12183333333333332,0.2215,0.5556666666666666,0.40780518288903067,0.25215035207297565,0.25437310930114587,0.12802060780423288,0.13635378049685407,0.1335535480936718,0.21802258674298405,0.37923926035576305,0.11584722222222221,0.12946170033670035,0.13876785714285716
2016-11-12 09:00:00,0.13083333333333333,0.12183333333333332,0.7483333333333334,0.4078051827645225,0.2518743501878703,0.2572866557022672,0.12400707605820109,0.12741538942603975,0.13313418476242606,0.21901899649197326,0.38164136597932174,0.1079630681818182,0.12319444444444444,0.13561979166666666
2016-11-12 10:00:00,0.073,0.13083333333333333,0.7293333333333334,0.4078051826584595,0.12878720101850594,0.155312531663021,0.04255772023809523,0.06757916248687304,0.039914548675482026,0.10853281387842353,0.2578915668378683,0.03735037878787878,0.04602651515151515,0.05444497863247862
2016-11-12 11:00:00,0.036166666666666666,0.073,0.7755,0.40780518256810916,0.04706857902958039,0.08830096443723062,0.02614821626984129,0.018722984261386924,0.0,0.03507220274891831,0.17548342493570673,0.020670833333333333,0.028833333333333336,0.03526785714285714
2016-11-12 12:00:00,0.007333333333333333,0.036166666666666666,0.867,0.4078051824911437,0.0,0.0,0.004304845899470901,0.017112179490731308,0.0,0.0,0.061339669241008976,0.0013933150183150183,0.003298148148148148,0.005349326599326599
2016-11-12 13:00:00,0.0,0.007333333333333333,1.6476666666666668,0.4078051824255803,0.0,0.0,0.002768930996472663,0.02689947089870391,0.0,0.0,0.0,0.00028819444444444444,0.0019365079365079364,0.0031583333333333333
2016-11-12 14:00:00,0.012,0.0,2.4261666666666666,0.4078051823697297,0.0,0.0,0.0026034905202821854,0.03340923248222726,0.0,0.0,0.052387680723558816,0.0007987179487179487,0.001752164502164502,0.0034132996632996633
2016-11-12 15:00:00,0.0415,0.012,2.485,0.407805182322153,0.021389677668708362,0.07081968603050293,0.017761303350970016,0.04347140794597142,0.0,0.009477977762943735,0.14400375451574,0.009841931216931218,0.01647222222222222,0.02357440476190476
2016-11-12 16:00:00,0.036166666666666666,0.0415,2.1453333333333333,0.4078051822816246,0.039483231470712976,0.08538741803610939,0.037739946208112884,0.04187237083650863,0.0,0.024386784289830543,0.15927229583213987,0.028201465201465204,0.036851190476190475,0.04268888888888889
2016-11-12 17:00:00,0.013333333333333334,0.036166666666666666,1.415,0.4078051822471002,0.0,0.0,0.005001328042328038,0.03010582784554046,0.0,0.0,0.042548470559506224,0.002716071428571429,0.005389194139194139,0.008797619047619047
2016-11-12 18:00:00,0.004166666666666667,0.013333333333333334,1.3961666666666668,0.4078051822176904,0.0,0.0,0.0030322797619047608,0.014446243014708857,0.0,0.0,0.0,0.001059375,0.002471677559912854,0.0039109848484848485
2016-11-12 19:00:00,0.043666666666666666,0.004166666666666667,1.3358333333333332,0.4078051821926375,0.0,0.03877067561816838,0.022448564153439144,0.023794917226178908,0.0,0.0,0.10047621545646157,0.018725000000000002,0.025154761904761905,0.029541666666666664
2016-11-12 20:00:00,0.1355,0.043666666666666666,0.7706666666666666,0.4078051821712961,0.27284863309797336,0.27476793410899497,0.13496630068542573,0.1363005594249327,0.1559478823248998,0.22901973418047683,0.38331784627665516,0.12398590225563909,0.1373915343915344,0.14840277777777777
2016-11-12 21:00:00,0.078,0.1355,0.5835,0.40780518215311623,0.1467559105853572,0.16405317086638507,0.07183505864197533,0.07578423057388593,0.060628635272630155,0.11366983635926065,0.2518956190409026,0.04978703703703703,0.06635821759259258,0.07948031135531135
2016-11-12 22:00:00,0.063,0.078,0.6666666666666666,0.4078051821376296,0.14005896442733146,0.155312531663021,0.06014888470017637,0.07681117836798543,0.055522130965693195,0.10671189608782006,0.2431382662563183,0.046990056818181816,0.06162268518518518,0.07159895833333332
2016-11-12 23:00:00,0.11833333333333332,0.063,0.20733333333333337,0.4078051821244373,0.24568518292393404,0.2427189236966606,0.12415806415343916,0.12300082287660674,0.13527230153064645,0.20180695090666562,0.34995562035538164,0.11689062499999998,0.12707407407407406,0.13476666666666667
2016-11-13 00:00:00,0.194,0.11833333333333332,0.13516666666666666,0.4078051821131993,0.3603855386325321,0.3359524085325426,0.17802935714285703,0.21287586890334093,0.2208589533272976,0.30066223813471415,0.4522748577971361,0.16870549242424243,0.17729265873015873,0.1891617132867133
2016-11-13 01:00:00,0.206,0.194,0.05383333333333334,0.4078051821036262,0.37925311820721674,0.3505201405381493,0.1800238009259259,0.21847154084686832,0.23446905404643906,0.31813655792914913,0.472446758972448,0.17547424242424242,0.19214886039886042,0.20381150793650796
2016-11-13 02:00:00,0.18883333333333338,0.206,0.07433333333333333,0.4078051820954713,0.3152551665639324,0.2951627589168444,0.15672274074074058,0.16368218183401612,0.18515736950588518,0.2610429146860532,0.4089213916069401,0.1390340909090909,0.1500327380952381,0.1611137566137566
2016-11-13 03:00:00,0.073,0.18883333333333338,0.07683333333333332,0.40780518208852445,0.1375924141694378,0.14365834605853584,0.05665936796536801,0.04279495097917528,0.04964625743426876,0.1014546210813593,0.2301295599686819,0.04565416666666667,0.05927361111111111,0.06881087662337662
2016-11-13 04:00:00,0.19566666666666663,0.073,0.09216666666666669,0.40780518208260674,0.32442111614752245,0.3039033981202084,0.1594308046737213,0.16866646978612482,0.19025531113394414,0.2719839033202463,0.4240828374828672,0.14202570346320345,0.15584861111111112,0.169727509469697
2016-11-13 05:00:00,0.5316666666666666,0.19566666666666663,0.4608333333333333,0.4078051820775657,0.6503960775072357,0.5836038526278547,0.5277529925044091,0.5026216494247958,0.4363237494547153,0.5686117660123309,0.7604895725276154,0.5151060606060606,0.537810606060606,0.5562972756410257
2016-11-13 06:00:00,0.5986666666666667,0.5316666666666666,0.3836666666666667,0.4078051820732715,0.7092176836306938,0.6360476878480384,0.5751636832010578,0.6068745890826361,0.4800945895735179,0.6235576466746138,0.8242805886173563,0.5365990259740259,0.6138888888888889,0.6559814814814815
2016-11-13 07:00:00,0.3615,0.5986666666666667,0.2215,0.4078051820696134,0.7401428382690667,0.6651831518592514,0.5474365822140821,0.6685089892299778,0.5028860678905543,0.6532127010252607,0.8594781917535987,0.49480248917748915,0.6107886904761904,0.6767261904761904
2016-11-13 08:00:00,0.5828333333333334,0.3615,0.12183333333333332,0.4078051820664973,0.6853302562825205,0.6214799558424317,0.503445096119929,0.5733999299043879,0.46092033158811646,0.6051214108503437,0.8067805616470486,0.4943012566137567,0.559325,0.5921704545454544
2016-11-13 09:00:00,0.66,0.5828333333333334,0.13083333333333333,0.4078051820638428,0.6782235125380789,0.6185664094413105,0.5376174506172836,0.554049514679102,0.4553259082361403,0.5999365509738072,0.8022086066429213,0.5249960407239819,0.5652261904761905,0.5900104166666666
2016-11-13 10:00:00,0.2425,0.66,0.073,0.40780518206158156,0.3775370750259708,0.36508787254375596,0.19176989748677242,0.20836117231568646,0.22755471161020163,0.32873735809658705,0.49713323118162756,0.17199589646464647,0.18945833333333334,0.20562569444444442
2016-11-13 11:00:00,0.22133333333333338,0.2425,0.036166666666666666,0.4078051820596553,0.35729512977107203,0.3505201405381493,0.18149921957671972,0.18315249571663256,0.21249279130438045,0.3109081735968139,0.47749163492864144,0.1732154761904762,0.18226465201465197,0.19103935185185184
2016-11-13 12:00:00,0.15283333333333335,0.22133333333333338,0.007333333333333333,0.4078051820580144,0.31032998879752627,0.31264403732357215,0.1296266380070546,0.13066202958958895,0.17740721189308853,0.2684537855104949,0.42960145519696213,0.10985876623376621,0.13809920634920636,0.15126250000000002
2016-11-13 13:00:00,0.13683333333333333,0.15283333333333335,0.0,0.4078051820566166,0.274385554574501,0.283508573312359,0.11942708862433861,0.10956156758272784,0.15085946112212079,0.23552629165224565,0.391994402452435,0.10958901515151517,0.11906410256410256,0.1275352564102564
2016-11-13 14:00:00,0.13966666666666666,0.13683333333333333,0.012,0.4078051820554259,0.28715294227276333,0.2951627589168444,0.12577647949735454,0.12078412205883066,0.16135819550719555,0.2462604127038984,0.40321431511029693,0.11746946022727273,0.12496346153846155,0.13189078282828282
2016-11-13 15:00:00,0.16283333333333333,0.13966666666666666,0.0415,0.4078051820544116,0.3418623411992042,0.34177950133478535,0.1756573121693122,0.15286845689351952,0.20371822720566163,0.2945858530491279,0.45647305545020384,0.15458055555555555,0.17241517857142857,0.18558453525641025
2016-11-13 16:00:00,0.18166666666666662,0.16283333333333333,0.036166666666666666,0.4078051820535475,0.3292175566341956,0.33012531573030013,0.1643206276455027,0.15417877492718318,0.1950732040346159,0.28167894626114875,0.4403583239420161,0.1488101851851852,0.16682896825396826,0.1761439393939394
2016-11-13 17:00:00,0.3963333333333333,0.18166666666666662,0.013333333333333334,0.4078051820528114,0.4848098963576921,0.46123490378075926,0.286216155202822,0.3271109619605421,0.3138464971753497,0.4208305921686323,0.595622863149143,0.27386356209150325,0.30797895622895627,0.3244722222222222
2016-11-13 18:00:00,0.45866666666666667,0.3963333333333333,0.004166666666666667,0.4078051820521844,0.5182033053352741,0.48745682139085117,0.28704445701058184,0.38349687335166965,0.3399389673364098,0.4493318514509477,0.6259816655331655,0.2816208333333333,0.3318939393939394,0.35887847222222224
2016-11-13 19:00:00,0.2573333333333333,0.45866666666666667,0.043666666666666666,0.4078051820516503,0.3848170228068566,0.3709149653459986,0.24252536000881839,0.2360297602638638,0.23952158870841478,0.3269577527174137,0.48617315298163033,0.22743194444444445,0.2353297619047619,0.24813169642857144
2016-11-13 20:00:00,0.24316666666666664,0.2573333333333333,0.1355,0.4078051820511953,0.3883990408483802,0.3709149653459986,0.24696457980599656,0.24674872483673677,0.24267437485537333,0.32868952070088736,0.486565328380534,0.22668750000000001,0.23572494553376905,0.24813169642857144
2016-11-13 21:00:00,0.246,0.24316666666666664,0.078,0.40780518205080774,0.4194133811004991,0.3942233365549692,0.24682786838624338,0.27715850084896165,0.2663815082799067,0.35550882426676433,0.5155464955815633,0.23035119047619046,0.24353935185185185,0.2574047202797202
2016-11-13 22:00:00,0.17983333333333335,0.246,0.063,0.40780518205047755,0.3136706779820968,0.3009898517190869,0.16564595811287475,0.1836641424694812,0.18623663367237644,0.2589224744251997,0.4056652636955296,0.14258630952380952,0.15727579365079367,0.17461718750000005
2016-11-13 23:00:00,0.21233333333333337,0.17983333333333335,0.11833333333333332,0.4078051820501963,0.323666510447991,0.3068169445213295,0.14723220568783055,0.1888420487824301,0.19353596394710165,0.26747975448668404,0.4148457690069862,0.13299810606060605,0.15754376750700283,0.17515178571428575
2016-11-14 00:00:00,0.18733333333333338,0.21233333333333337,0.194,0.4078051820499567,0.2982723808892407,0.2951627589168442,0.13339351719576695,0.1596735650288149,0.17665634358564564,0.24508510591863858,0.39262446703076914,0.11180850168350169,0.14041071428571428,0.1560736111111111
2016-11-14 01:00:00,0.16166666666666665,0.18733333333333338,0.206,0.4078051820497526,0.2590786546595666,0.26020020210338846,0.11743433874458882,0.12652900577028126,0.14627843412857722,0.21001863389610426,0.3535168528707484,0.10693429487179486,0.1196299019607843,0.13299401913875597
2016-11-14 02:00:00,0.18933333333333338,0.16166666666666665,0.18883333333333338,0.4078051820495787,0.33511091113267644,0.3242982229280574,0.18364939880952375,0.16303588702276028,0.2030554800129999,0.2796410179762868,0.43295972837280683,0.1713281746031746,0.18004292929292928,0.1907549603174603
2016-11-14 03:00:00,0.349,0.18933333333333338,0.073,0.4078051820494306,0.560461928439024,0.5165922854020644,0.3737801188271605,0.37796695921500795,0.37287290916448723,0.48474763227761497,0.6656374737680332,0.35762916666666666,0.3978371794871795,0.4223576388888889
2016-11-14 04:00:00,0.3581666666666667,0.349,0.19566666666666663,0.40780518204930444,0.5628606002150285,0.5195058318031858,0.3649873204665703,0.3878726912469329,0.3737553423044371,0.4883826346273054,0.6712911143346916,0.3603513157894737,0.39131666666666665,0.4160059523809524
2016-11-14 05:00:00,0.307,0.3581666666666667,0.5316666666666666,0.40780518204919697,0.5165601302409126,0.4816297285886086,0.36125540586419747,0.2910540787738666,0.33778300949539225,0.4481313027282343,0.6276115451705433,0.32956822916666667,0.3620393518518519,0.3867891414141414
2016-11-14 06:00:00,0.182,0.307,0.5986666666666667,0.40780518204910543,0.29873669106125034,0.2980763053179656,0.13672081283068782,0.16018147500684354,0.17196391877460682,0.2527357635567226,0.40895310583899414,0.13156944444444443,0.14228703703703705,0.15112165178571427
2016-11-14 07:00:00,0.18083333333333337,0.182,0.3615,0.40780518204902744,0.29892350733261,0.3009898517190869,0.14580480753968247,0.1585866538951839,0.17146762699835583,0.25457510459250376,0.4127674361506491,0.13847213203463205,0.14876851851851852,0.15827314814814814
2016-11-14 08:00:00,0.2601666666666667,0.18083333333333337,0.5828333333333334,0.407805182048961,0.4558639229854896,0.4379265325717888,0.21435884656084672,0.26191721027673603,0.28992875133856566,0.3981031728088862,0.5762656855023705,0.19322916666666665,0.250726430976431,0.28182756410256404
2016-11-14 09:00:00,0.17833333333333334,0.2601666666666667,0.66,0.4078051820489044,0.32238845484332623,0.32721176932917884,0.15104394223985884,0.1381271987523726,0.18859571760307386,0.27856482486012246,0.44267360888604873,0.14092424242424242,0.16599479166666667,0.17629861111111114
2016-11-14 10:00:00,0.07616666666666667,0.17833333333333334,0.2425,0.40780518204885624,0.15490148358827593,0.18736154207535552,0.05078776322751324,0.06880079733909127,0.061738191381381174,0.12790038968065517,0.2735924156646352,0.030552083333333334,0.05381944444444444,0.07335833333333333
2016-11-14 11:00:00,0.024333333333333332,0.07616666666666667,0.22133333333333338,0.40780518204881516,0.021952297654328046,0.0766467788327454,0.013945473544973544,0.018708785393682523,0.0,0.00808025635970644,0.13887881905482724,0.008032738095238096,0.013953703703703704,0.02203712606837607
2016-11-14 12:00:00,0.0185,0.024333333333333332,0.15283333333333335,0.4078051820487802,0.0,0.04168422201928962,0.009531885702260707,0.029721989127918444,0.0,0.0,0.09447566963699117,0.00581454248366013,0.0095,0.012291666666666668
2016-11-14 13:00:00,0.036833333333333336,0.0185,0.13683333333333333,0.4078051820487504,0.03125773755879746,0.08830096443723079,0.021594341931216943,0.0573192568474262,0.0,0.016145514359736546,0.14753140505238432,0.012226388888888887,0.019395104895104896,0.025982142857142856
2016-11-14 14:00:00,0.035,0.036833333333333336,0.13966666666666666,0.407805182048725,0.030363641538387,0.08830096443723079,0.02344551190476192,0.06980224532027554,0.0,0.01451709616033764,0.14480319645487377,0.013097537878787879,0.021609848484848482,0.02702272727272727
2016-11-14 15:00:00,0.02366666666666667,0.035,0.16283333333333333,0.40780518204870336,0.0,0.035857129217047035,0.018251099426807763,0.05835150838073176,0.0,0.0,0.07950290612411576,0.011365277777777778,0.014953703703703705,0.0196875
2016-11-14 16:00:00,0.025833333333333333,0.02366666666666667,0.18166666666666662,0.40780518204868493,0.0,0.009635211606955185,0.00972015321869488,0.04229484639670518,0.0,0.0,0.045953023046712504,0.005334733893557424,0.009245738636363635,0.013300653594771242
2016-11-14 17:00:00,0.0,0.025833333333333333,0.3963333333333333,0.4078051820486692,0.0,0.0,0.00036090013227513235,0.010005441848735017,0.0,0.0,0.0,0.0,0.0002,0.0004375
2016-11-14 18:00:00,0.004333333333333333,0.0,0.45866666666666667,0.40780518204865585,0.0,0.0,0.0009220873015873017,0.012548920183742193,0.0,0.0,0.0,0.0,0.00019047619047619048,0.0007222222222222222
2016-11-14 19:00:00,0.021666666666666667,0.004333333333333333,0.2573333333333333,0.40780518204864447,0.0,0.009635211606955185,0.02132725845759179,0.041222973600168994,0.0,0.0,0.04294942769252352,0.010453792735042733,0.014194444444444444,0.021754629629629627
2016-11-14 20:00:00,0.33766666666666667,0.021666666666666667,0.24316666666666664,0.40780518204863475,0.3775164470501108,0.37382851174711973,0.22543052579365097,0.20476163851814283,0.23728471526920045,0.31947191067625497,0.479220392321813,0.2094911616161616,0.22921568627450983,0.2449375
2016-11-14 21:00:00,0.45716666666666667,0.33766666666666667,0.246,0.4078051820486265,0.47683820589559245,0.4554078109785167,0.31225733619929436,0.336738208090888,0.3127424489010395,0.40810391049738987,0.577942165799704,0.30991602564102566,0.3278277777777778,0.3462672821969697
2016-11-14 22:00:00,0.3001666666666667,0.45716666666666667,0.17983333333333335,0.40780518204861943,0.4223260667222132,0.40587752215945444,0.22392467967372132,0.27701381743307035,0.2714105244489888,0.357877082847269,0.5203663886213169,0.20214351851851853,0.238925,0.2543916666666666
2016-11-14 23:00:00,0.29,0.3001666666666667,0.21233333333333337,0.40780518204861343,0.45964486662545234,0.43501298617066736,0.28837698809523804,0.31152722494622936,0.29941009480663605,0.3911594414108563,0.5574431364435181,0.27100625,0.28715208333333336,0.3033854166666667
2016-11-15 00:00:00,0.41183333333333333,0.29,0.18733333333333338,0.40780518204860833,0.5269220212932486,0.5078516461987005,0.348453556878307,0.376074595130042,0.3542606394320225,0.4576744792813029,0.6454949570595172,0.3255451388888889,0.3645347222222222,0.3867660984848485
2016-11-15 01:00:00,0.317,0.41183333333333333,0.16166666666666665,0.407805182048604,0.4877282950635742,0.4728890893852445,0.317394333994709,0.3175068373787163,0.3238827299749539,0.42260800725876824,0.6063873428994963,0.3121875,0.32811666666666667,0.3452577838827839
2016-11-15 02:00:00,0.2755,0.317,0.18933333333333338,0.4078051820486003,0.4681301655059755,0.4554078109785167,0.28396572222222216,0.2790381341125984,0.30820893556914863,0.4056926165815899,0.5881933696139483,0.2607401515151515,0.29220833333333335,0.3090729166666667
2016-11-15 03:00:00,0.4903333333333333,0.2755,0.349,0.4078051820485971,0.6046815386409514,0.5719496670233694,0.4753320859788361,0.4568028491337733,0.4107505844511385,0.5304427257510826,0.7302083268492543,0.46124305555555556,0.4980124458874458,0.5260963541666666
2016-11-15 04:00:00,0.7121666666666666,0.4903333333333333,0.3581666666666667,0.40780518204859445,0.6788029999399872,0.6360476878480384,0.5846921794532628,0.5802720416758027,0.4659711478087595,0.5989810591687941,0.8090896040066178,0.5234687499999999,0.6297367724867725,0.6696440476190476
2016-11-15 05:00:00,0.8281666666666666,0.7121666666666666,0.307,0.4078051820485922,0.7213021741372432,0.6739237910626155,0.7067512052469136,0.6802623759007904,0.497274595269212,0.6390862324015582,0.8560728230023895,0.6616964285714286,0.7165,0.7506212121212121
2016-11-15 06:00:00,0.5668333333333334,0.8281666666666666,0.182,0.40780518204859023,0.636678201214639,0.6039986774357039,0.5796586362433861,0.5828719268564232,0.4323691749526727,0.5642254509277995,0.7734085659107209,0.5542638888888889,0.5980944444444445,0.6353002645502646
2016-11-15 07:00:00,0.5943333333333334,0.5668333333333334,0.18083333333333337,0.40780518204858857,0.6402803884156671,0.6098257702379467,0.5621195590828921,0.6324777550687647,0.4344604131867871,0.5691554267763437,0.7807099265362192,0.5183636363636364,0.5993981481481482,0.6416493055555555
2016-11-15 08:00:00,0.5375,0.5943333333333334,0.2601666666666667,0.4078051820485871,0.6298676285148068,0.6039986774357039,0.4648546219135803,0.6183269478387317,0.42613256701909785,0.561242389167344,0.773343690509629,0.37316666666666665,0.47649117647058825,0.539352380952381
2016-11-15 09:00:00,0.3696666666666667,0.5375,0.17833333333333334,0.4078051820485859,0.4724845638649662,0.47288908938524465,0.32952503099647307,0.38627325891236747,0.306686823211049,0.42006959752923995,0.6153424016964056,0.2849331501831502,0.3279066951566951,0.34663333333333335
2016-11-15 10:00:00,0.3195,0.3696666666666667,0.07616666666666667,0.40780518204858485,0.46552002630431977,0.46997554298412336,0.3150911743827163,0.33975648480098897,0.30144320747652475,0.41466499854962885,0.6101516332256173,0.2564768518518518,0.3108758012820513,0.33268437500000003
2016-11-15 11:00:00,0.2723333333333333,0.3195,0.024333333333333332,0.40780518204858396,0.45893956476809306,0.4670619965830019,0.281380636904762,0.300571795729382,0.29673140721216473,0.40919835330090726,0.6044581582280035,0.19396726190476188,0.28301094276094274,0.3288035714285714
2016-11-15 12:00:00,0.10716666666666669,0.2723333333333333,0.0185,0.40780518204858324,0.5793275993482871,0.5719496670233694,0.2604358042328042,0.4711685631636725,0.38843479830877187,0.5181850710399704,0.7274324638746357,0.18736116946778708,0.28174782135076254,0.4035877976190477
2016-11-15 13:00:00,0.0,0.10716666666666669,0.036833333333333336,0.4078051820485826,0.7209824534680058,0.6943186158704647,0.6668135234487741,0.7033662617013072,0.49643860807679885,0.6459705874453916,0.871150987449949,0.6322984848484848,0.7049242424242425,0.7465615530303031
2016-11-15 14:00:00,0.0,0.0,0.035,0.40780518204858207,0.7815650341816223,0.7467624510906484,0.7901991587301584,0.799229162059489,0.5431627626069875,0.6999735958757249,0.9311893245016141,0.7530254329004329,0.813070707070707,0.8476368055555555
2016-11-15 15:00:00,0.0,0.0,0.02366666666666667,0.4078051820485816,0.7269825633586826,0.7001457086727075,0.7136014966931221,0.7117234960801249,0.5027218339737647,0.6493987222125419,0.8728630947985424,0.7019751082251082,0.7441282051282051,0.787548611111111
2016-11-15 16:00:00,0.15666666666666665,0.0,0.025833333333333333,0.40780518204858124,0.6665225857783195,0.6477018734525237,0.6116502914462082,0.5959501529166683,0.45785139065760483,0.5932229280458821,0.8079299388965513,0.5820980902777777,0.6192532467532468,0.6572299783549784
2016-11-15 17:00:00,0.6436666666666666,0.15666666666666665,0.0,0.4078051820485809,0.6342695243700676,0.6185664094413105,0.5018056541005285,0.5319177002710059,0.4343105332282481,0.5623896592514064,0.7714078108423086,0.4623057359307359,0.5767424242424243,0.6113819444444445
2016-11-15 18:00:00,0.7023333333333334,0.6436666666666666,0.004333333333333333,0.40780518204858063,0.698401271714663,0.6710102446614942,0.6370825083604665,0.625423361527822,0.4836907734825957,0.6187066318485878,0.8331498860509188,0.650786858974359,0.6829344729344728,0.7154146825396825
2016-11-15 19:00:00,0.8006666666666666,0.7023333333333334,0.021666666666666667,0.4078051820485804,0.6913837135839669,0.6622696054581303,0.6436930317290733,0.6282840143361619,0.47901200523811616,0.6106860211872809,0.8223614951115776,0.6286077380952381,0.6623054511278196,0.6875072916666667
2016-11-15 20:00:00,0.6891666666666666,0.8006666666666666,0.33766666666666667,0.4078051820485802,0.6642273932584772,0.6360476878480383,0.6014615932539682,0.6057899078915622,0.4588770212917871,0.5846020758558883,0.7913703976858935,0.5853280303030304,0.6216592592592592,0.6599449404761903
2016-11-15 21:00:00,0.9685,0.6891666666666666,0.45716666666666667,0.40780518204858,0.7635491521039592,0.7176269870794352,0.83697099691358,0.8254501426636891,0.534334754923626,0.6732340756770232,0.8900921711637844,0.8175208333333334,0.8428083333333334,0.8781866987179486
2016-11-15 22:00:00,1.1338333333333332,0.9685,0.3001666666666667,0.40780518204857985,0.9173746396403366,0.8458230287287732,1.0252550491622572,1.056912464524197,0.6508421611038576,0.811535971605439,1.0452252431298255,1.0299333333333334,1.0938935185185186,1.1332550595238096
2016-11-15 23:00:00,0.7986666666666666,1.1338333333333332,0.29,0.40780518204857974,0.7156174744668056,0.6710102446614942,0.7291714583333326,0.6839256303216492,0.49771463073593514,0.6284738932756238,0.8382098689830109,0.6988416666666666,0.7258921568627452,0.7457912087912087
2016-11-16 00:00:00,0.6091666666666666,0.7986666666666666,0.41183333333333333,0.40780518204857963,0.6554720862636314,0.6273070486446743,0.543756209656085,0.5580468998296363,0.4542539021805097,0.5804543880863188,0.7971968451873375,0.4990288825757576,0.5824023569023569,0.6319722222222223
2016-11-16 01:00:00,0.694,0.6091666666666666,0.317,0.4078051820485795,0.6811704076976524,0.6477018734525237,0.617066802248677,0.6021981019953637,0.4730390629203817,0.6041099775062795,0.8243428069903355,0.5818741776315789,0.6644277777777778,0.6947166666666666
2016-11-16 02:00:00,0.5613333333333334,0.694,0.2755,0.40780518204857946,0.6205878269840357,0.59525803823234,0.5912459443342152,0.5348664036087195,0.42631490839019304,0.5501069690759464,0.7643044699386705,0.5513055555555555,0.5788398148148148,0.6036736111111111
2016-11-16 03:00:00,0.5316666666666666,0.5613333333333334,0.4903333333333333,0.4078051820485794,0.59320139549494,0.5719496670233694,0.4809646342592593,0.49373580227157393,0.40465511677464916,0.52650660723282,0.7389419721095081,0.45984375,0.49675,0.5250364583333333
2016-11-16 04:00:00,0.6285,0.5316666666666666,0.7121666666666666,0.40780518204857935,0.6809843405126483,0.6477018734525237,0.6078023273809527,0.6148235683714086,0.4702258001737313,0.607407479901583,0.8317713705222438,0.5397457264957265,0.6347121212121212,0.6834131944444444
2016-11-16 05:00:00,0.7698333333333334,0.6285,0.8281666666666666,0.4078051820485793,0.6961605472725592,0.6622696054581303,0.6429133101851849,0.6286739612507906,0.48082900755126146,0.6227875746322439,0.850858347007271,0.5491398809523809,0.6567588383838384,0.6988576388888889
2016-11-16 06:00:00,0.438,0.7698333333333334,0.5668333333333334,0.40780518204857924,0.5124908173895784,0.5078516461987004,0.3192019014550267,0.364072006363188,0.3408852169341288,0.45829838358836106,0.6670702108141526,0.27142841880341884,0.3486638888888889,0.3846527777777778
2016-11-16 07:00:00,0.7331666666666666,0.438,0.5943333333333334,0.4078051820485792,0.7415074859487045,0.70597280147495,0.7254531937630265,0.7071749609285086,0.513753435852352,0.6672102570792564,0.9045155721532946,0.6458402777777776,0.7543847222222223,0.8080638888888889
2016-11-16 08:00:00,0.6516666666666666,0.7331666666666666,0.5375,0.40780518204857913,0.6627873074544812,0.6418747806502809,0.5427731856261026,0.5707444021157876,0.45367498947735707,0.5974845232149988,0.8274087298498428,0.4961226851851852,0.584992914979757,0.629809375
2016-11-16 09:00:00,1.16,0.6516666666666666,0.3696666666666667,0.40780518204857913,0.8674335613494653,0.8196011111186814,0.8621074140211643,0.9951649707496528,0.6085074267680285,0.783919021729762,1.0390326543039867,0.7765162037037037,0.9538194444444444,1.049121632996633
2016-11-16 10:00:00,1.5528333333333333,1.16,0.3195,0.40780518204857913,1.072222021428244,0.9973274415870819,1.2740036062610225,1.2895481222042,0.763690671676152,0.9701337811414504,1.25003776529147,1.0639756944444443,1.38491875,1.4533626893939393
2016-11-16 11:00:00,1.4948333333333332,1.5528333333333333,0.2723333333333333,0.40780518204857913,1.0588108180326816,0.9885868023837179,1.304783228174603,1.1968340639517632,0.7538038113910615,0.9584858662672032,1.2373702296661704,1.092848611111111,1.3632748015873015,1.4251458333333331
2016-11-16 12:00:00,0.9565,1.4948333333333332,0.10716666666666669,0.40780518204857913,0.7898465666307057,0.761330183096255,0.839715025793651,0.7599310255458328,0.5505287813060259,0.7151402153512959,0.9628230795346902,0.7646130952380953,0.8457833333333333,0.8949791666666667
2016-11-16 13:00:00,0.9623333333333334,0.9565,0.0,0.40780518204857913,0.8051326963527028,0.7758979151018617,0.8225417294973542,0.7450792953625766,0.5627939806905375,0.7285722436844901,0.9775214814978093,0.70025,0.825425925925926,0.8988958333333332
2016-11-16 14:00:00,0.7541666666666667,0.9623333333333334,0.0,0.40780518204857913,0.6881159887235753,0.6768373374637369,0.34068941071428593,0.5465979876098849,0.4749665746817314,0.6218622418511528,0.8562342422296338,0.290425,0.42512962962962964,0.5824583333333333
2016-11-16 15:00:00,0.7828333333333334,0.7541666666666667,0.0,0.40780518204857913,0.6847640818456575,0.6739237910626155,0.28454836706349224,0.5545847676817904,0.47333859620398766,0.6176468903794129,0.8502134672342082,0.27018571428571425,0.3691287878787879,0.5169724702380953
2016-11-16 16:00:00,1.5398333333333332,0.7828333333333334,0.15666666666666665,0.40780518204857913,1.0273178739661368,0.9652784311747473,0.9371937164902999,1.0998489242609033,0.7337966941109315,0.926166004118775,1.1967498883657015,0.728593253968254,1.0562511574074074,1.3080625
2016-11-16 17:00:00,1.8578333333333332,1.5398333333333332,0.6436666666666666,0.40780518204857913,1.1590026171819567,1.0759931944173575,1.4635841829805987,1.3495225344586792,0.8344572771791086,1.0436832063369188,1.3276052153759275,1.3161462339743588,1.4977680555555555,1.5823333333333334
2016-11-16 18:00:00,2.1378333333333335,1.8578333333333332,0.7023333333333334,0.40780518204857913,1.359749201713278,1.2449788856823938,1.9825701816778893,1.7042441708244442,0.9873387178480674,1.2236255714446158,1.5288285031382607,1.8407249999999997,1.9845104166666665,2.0682257326007325
2016-11-16 19:00:00,2.442,2.1378333333333335,0.8006666666666666,0.40780518204857913,1.4756849970506354,1.3411259169193976,2.093401295634921,1.869467891224561,1.0758110299767385,1.3268678140427737,1.6435732034972712,1.9964924242424242,2.1033392255892256,2.198741161616162
2016-11-16 20:00:00,2.9726666666666666,2.442,0.6891666666666666,0.40780518204857913,1.646620190645898,1.4838896905743415,2.544811445546738,2.057519484638635,1.2057527866315954,1.4800406878516283,1.8148298642744856,2.254152380952381,2.3982247023809524,2.522425
2016-11-16 21:00:00,2.9925,2.9726666666666666,0.9685,0.40780518204857913,1.7459419494913802,1.5654689898057388,2.1944654973544973,2.168125561054423,1.281210520263435,1.5686726876727635,1.9135516377523771,2.060525432900433,2.2284895833333334,2.3959875000000004
2016-11-16 22:00:00,2.6296666666666666,2.9925,1.1338333333333332,0.40780518204857913,1.5650610859202787,1.4081374841451875,2.328417738756616,2.0005361172862637,1.1441399854278682,1.4040923719504153,1.7269557389617953,2.1767402597402596,2.2977115384615385,2.3972034722222224
2016-11-16 23:00:00,2.7883333333333336,2.6296666666666666,0.7986666666666666,0.40780518204857913,1.58188766024551,1.4197916697496733,2.3033323320105836,2.080100670322334,1.1566143757233243,1.4188309216374257,1.7431103049009387,2.184644412878788,2.308409722222222,2.4161597222222224
2016-11-17 00:00:00,2.6451666666666664,2.7883333333333336,0.6091666666666666,0.40780518204857913,1.6249636215409853,1.448927133760886,2.3897134574514998,2.1010829786707843,1.1876218361461077,1.4601321137443946,1.7931127940785254,2.306066017316017,2.418647222222222,2.5196179534313727
2016-11-17 01:00:00,1.6768333333333332,2.6451666666666664,0.694,0.40780518204857913,1.158848529102792,1.0497712768072653,1.1325578478835974,1.3573757629846737,0.8338026753933787,1.0387362901264983,1.3181263906881189,0.8768666666666667,1.2448972222222223,1.4973625000000002
2016-11-17 02:00:00,1.4728333333333332,1.6768333333333332,0.5613333333333334,0.40780518204857913,1.1050966902485118,1.0031545343893244,1.336549437610228,1.29809435577922,0.7922535808839207,0.990914551321691,1.2650621142641403,1.2638928571428572,1.3767152777777778,1.4292271825396825
2016-11-17 03:00:00,1.8506666666666667,1.4728333333333332,0.5316666666666666,0.40780518204857913,1.2997093691878463,1.1692266792532398,1.4332030908289248,1.678547478093771,0.9387832399421205,1.168205452308153,1.4663565868347788,1.4169285714285713,1.677283333333333,1.7680039173789175
2016-11-17 04:00:00,1.9275,1.8506666666666667,0.6285,0.40780518204857913,1.2474621060891602,1.12552348323642,1.7085351216931206,1.5891042448375663,0.898265192916226,1.1223902976536373,1.416217742379948,1.6154039351851852,1.6905312499999998,1.7773009259259256
2016-11-17 05:00:00,1.8773333333333333,1.9275,0.7698333333333334,0.40780518204857913,1.2660536837787393,1.1430047616431478,1.6923842671957663,1.6005840516319012,0.9114559303041214,1.1408610271970612,1.4387917491788182,1.5363104166666666,1.6907569444444444,1.7788541666666666
2016-11-17 06:00:00,2.3988333333333336,1.8773333333333333,0.438,0.40780518204857913,1.4888130945262688,1.3352988241171548,1.9940840604056416,2.0298541411325988,1.0794282109204578,1.344157378871963,1.6699602203330273,1.8379101731601732,1.9787375,2.1153255208333333
2016-11-17 07:00:00,2.7338333333333336,2.3988333333333336,0.7331666666666666,0.40780518204857913,1.6461069735623644,1.472235504969857,2.1018381071428562,2.257016676497773,1.19795829962101,1.4881659212948377,1.8341779450814646,1.99446875,2.1537152777777777,2.356768181818182
2016-11-17 08:00:00,2.9965,2.7338333333333336,0.6516666666666666,0.40780518204857913,1.768893679918562,1.5800367218113456,2.2034438381834227,2.332189750115275,1.2905441238575668,1.6007876413835909,1.962805891294755,1.9188229166666668,2.152565972222222,2.4705802083333332
2016-11-17 09:00:00,2.9963333333333333,2.9965,1.16,0.40780518204857913,1.8061867582598057,1.6149992786248009,2.2734563634960727,2.2583032453858203,1.3185875906403388,1.6357810340729713,2.003565330370587,1.9286944444444445,2.220943055555556,2.53779865967366
2016-11-17 10:00:00,3.0268333333333333,2.9963333333333333,1.5528333333333333,0.40780518204857913,1.8982679776595355,1.6965785778561981,2.295005122093955,2.2446458256452315,1.3883823452064081,1.7200048446634846,2.0994984410012485,1.9117155934343433,2.2382,2.572884375
2016-11-17 11:00:00,2.9061666666666666,3.0268333333333333,1.4948333333333332,0.40780518204857913,1.789226388233265,1.6062586394214373,2.05409608223104,2.0498234024779363,1.3060446446310898,1.6218191550318763,1.9891940565883426,1.7953386752136753,2.0174642857142855,2.489908854166667
2016-11-17 12:00:00,3.0086666666666666,2.9061666666666666,0.9565,0.40780518204857913,1.9847525832661577,1.7752443306864734,2.2777994010141103,2.255120935470714,1.454673695955733,1.798799838651723,2.188883029139522,1.8921,2.4010673076923075,2.7043854166666668
2016-11-17 13:00:00,3.0395,3.0086666666666666,0.9623333333333334,0.40780518204857913,2.293760612939617,2.040377053188514,2.193745987433862,2.5697791444438027,1.6894664762316594,2.0780264608825263,2.5034660380931477,1.9147395833333332,2.240038888888889,2.4523184523809523
2016-11-17 14:00:00,2.574,3.0395,0.7541666666666667,0.40780518204857913,1.667853636789934,1.5071980617833123,2.1235325985449744,1.8152168654556664,1.2160970986784254,1.5108118719475172,1.8626112820623513,1.9211833333333335,2.099111111111111,2.3090470085470085
2016-11-17 15:00:00,1.8793333333333333,2.574,0.7828333333333334,0.40780518204857913,1.5996096822483208,1.448927133760886,2.1539828974867734,1.732788918753505,1.165306050003741,1.4478744590332822,1.790336931103907,1.9728449074074075,2.163396929824561,2.3358722527472526
2016-11-17 16:00:00,2.663,1.8793333333333333,1.5398333333333332,0.40780518204857913,1.6894260255733566,1.52467934019004,2.013735728174604,1.8747799849790117,1.2342869271436538,1.52768659662819,1.878833109011012,1.9041267361111112,2.048314814814815,2.231993055555556
2016-11-17 17:00:00,2.1573333333333333,2.663,1.8578333333333332,0.40780518204857913,1.3258819839872944,1.2129298752700595,1.1727503858024704,1.3682144384381292,0.9597556587088648,1.1970617509957142,1.5040690405139903,1.2128199074074073,1.632409722222222,1.8520523504273505
2016-11-17 18:00:00,2.5621666666666667,2.1573333333333333,2.1378333333333335,0.40780518204857913,1.512967084799943,1.3702613809306106,2.019709423280423,1.7125547049733587,1.1022869793363625,1.3646415768523594,1.6913442070209512,1.932970238095238,2.0143141025641027,2.1275165719696973
2016-11-17 19:00:00,3.0005,2.5621666666666667,2.442,0.40780518204857913,2.154870003306196,1.915094557940297,2.2651031289682533,2.554514196649253,1.5892389130612872,1.943841580616003,2.3430915757117967,2.1442499999999995,2.296307575757576,2.489779761904762
2016-11-17 20:00:00,2.7108333333333334,3.0005,2.9726666666666666,0.40780518204857913,1.854484008607254,1.6557889282404996,2.082489361111112,2.23266918362002,1.3621015282857354,1.6705068502635787,2.033138053178666,1.872882097069597,2.018429563492063,2.249649884259259
2016-11-17 21:00:00,2.8775,2.7108333333333334,2.9925,0.40780518204857913,1.7283912860946382,1.54507416499789,2.2818819768518526,2.092187683602686,1.266782281233466,1.5551569524423627,1.9017158259429137,2.0632912087912088,2.275984848484849,2.3959875000000004
2016-11-17 22:00:00,2.5146666666666664,2.8775,2.6296666666666666,0.40780518204857913,1.581664131820218,1.4168781233485517,2.1951729098324524,1.9105275201643124,1.155587046501552,1.4214829848476431,1.7499902302907624,2.069498958333333,2.264781084656085,2.38825462962963
2016-11-17 23:00:00,2.7225,2.5146666666666664,2.7883333333333336,0.40780518204857913,1.6087368189344533,1.437272948156401,2.242420919753086,1.9894287475898091,1.1758240268281037,1.4454934389729421,1.7766058871714348,2.12378446969697,2.308715277777778,2.4174375
2016-11-18 00:00:00,2.9488333333333334,2.7225,2.6451666666666664,0.40780518204857913,1.8527083573282856,1.6266534642292865,2.4689113701098298,2.4602707663425947,1.3561510946954745,1.6627208196980197,2.0127667717952082,2.1519257936507934,2.393611507936508,2.5535654761904762
2016-11-18 01:00:00,3.0338333333333334,2.9488333333333334,1.6768333333333332,0.40780518204857913,1.8954835334106475,1.6616160210427424,2.3994725288399867,2.538502467731926,1.3878739054871727,1.701829583181795,2.057347885167422,2.127861111111111,2.391554365079365,2.5650454545454546
2016-11-18 02:00:00,2.9213333333333336,3.0338333333333334,1.4728333333333332,0.40780518204857913,1.7324398248069859,1.521765793788919,2.260299624779541,2.338388252222273,1.2635238506460253,1.5551075303685746,1.8926986387004643,2.205046875,2.3710531045751635,2.474786904761905
2016-11-18 03:00:00,2.952,2.9213333333333336,1.8506666666666667,0.40780518204857913,1.7016380223882221,1.4955438761788271,2.3142546150793657,2.3070729666838674,1.2392765290201162,1.5284165337126854,1.863849110557459,2.196655505952381,2.3528636363636366,2.469746875
2016-11-18 04:00:00,2.2655,2.952,1.9275,0.40780518204857913,1.5127759221028099,1.3352988241171548,2.01269210339506,2.0707443285872156,1.0952572815796104,1.3589759865476538,1.6742290535489046,1.8750520833333333,2.0035,2.1376587301587304
2016-11-18 05:00:00,3.0268333333333333,2.2655,1.8773333333333333,0.40780518204857913,2.03001165552394,1.7781578770875952,2.336999306657847,2.6946057201571505,1.4862274004808376,1.828679398754461,2.205909486168866,2.1447276785714284,2.471685185185185,2.7003898809523808
2016-11-18 06:00:00,3.0318333333333336,3.0268333333333333,2.3988333333333336,0.40780518204857913,1.822434329133282,1.6033450930203161,2.0458139164462064,2.451200239739332,1.328170899791148,1.6425557640212378,1.997712137778846,1.9022569444444446,2.067074074074074,2.311017424242424
2016-11-18 07:00:00,2.791,3.0318333333333336,2.7338333333333336,0.40780518204857913,1.7577290977409465,1.550901257800132,2.1135546455026444,2.3611293529427706,1.2785115378179561,1.5856730436145234,1.9352728921274818,1.9416072368421053,2.1259594017094017,2.332972222222222
2016-11-18 08:00:00,2.8698333333333337,2.791,2.9965,0.40780518204857913,1.743900966910419,1.5421606185967682,2.238813052910053,2.3115986150232177,1.267596161639902,1.5746693711927613,1.9244196257870492,2.031163773148148,2.2015104166666664,2.364038194444445
2016-11-18 09:00:00,3.0036666666666667,2.8698333333333337,2.9963333333333333,0.40780518204857913,1.832424609196685,1.6208263714270434,2.192013929854097,2.3214192265391804,1.3344525785781534,1.6560222860735854,2.0174845195705275,1.9104542297979799,2.1047777777777776,2.414904166666667
2016-11-18 10:00:00,3.0308333333333333,3.0036666666666667,3.0268333333333333,0.40780518204857913,2.139674197165508,1.8859590939290836,2.504770000180373,2.5828855751935484,1.5672617237972355,1.934956089868161,2.3331005399733034,2.196883928571429,2.445170370370371,2.713160984848485
2016-11-18 11:00:00,1.846,3.0308333333333333,2.9061666666666666,0.40780518204857913,2.2970315402533528,2.022895774781785,2.479775257275132,2.69243749541763,1.686751364030409,2.077839915632058,2.4947845200401577,2.072111111111111,2.393050641025641,2.6902460317460317
2016-11-18 12:00:00,0.0,1.846,3.0086666666666666,0.40780518204857913,1.1127478797003123,1.0148087199938096,1.1764035381393305,1.1825180911222049,0.7900182911674775,1.0062041348956954,1.2857132457987306,0.9976440058479533,1.2906117424242425,1.4139340277777779
2016-11-18 13:00:00,0.0,0.0,3.0395,0.40780518204857913,0.7694200618071532,0.723454079881678,0.3500171772486775,0.6226876935574847,0.530592839463634,0.6951195078887853,0.9342734648083256,0.3274827441077441,0.44830776515151516,0.6301666666666665
2016-11-18 14:00:00,0.0,0.0,2.574,0.40780518204857913,0.8265872715911016,0.7729843687007405,0.8529691507936505,0.7350332748594636,0.5747294639834576,0.7460318815063558,0.9908247715461478,0.7379458333333334,0.8677596153846154,0.9165194444444444
2016-11-18 15:00:00,0.0,0.0,1.8793333333333333,0.40780518204857913,0.8403122193615247,0.7846385543052257,0.8016206587301581,0.7772462458329736,0.5860391355575403,0.7572697040984305,1.0022391481199375,0.7418234848484849,0.9006032196969697,0.9412549603174603
2016-11-18 16:00:00,0.0,0.0,2.663,0.40780518204857913,1.073574141732623,0.9827597095814753,0.9883030451940045,1.145988264118292,0.763696273132795,0.96688850382938,1.2371905992084522,0.8621860119047619,1.0635694444444446,1.2462897727272728
2016-11-18 17:00:00,1.4528333333333332,0.0,2.1573333333333333,0.40780518204857913,1.3589505767835097,1.2245840608745446,1.802889450837744,1.6044266856399907,0.9807957066674098,1.2234842726218536,1.5249622903416165,1.7386944444444445,1.8461580086580087,1.9391041666666664
2016-11-18 18:00:00,2.8138333333333336,1.4528333333333332,2.5621666666666667,0.40780518204857913,1.7372964496575751,1.5450741649978894,2.2541222048059972,2.1167359871869276,1.2682287078753633,1.5641396479932212,1.9075111544237906,2.0229121212121215,2.1414940476190476,2.3040833333333337
2016-11-18 19:00:00,2.6658333333333335,2.8138333333333336,3.0005,0.40780518204857913,1.5390181194654622,1.3731749273317317,2.042977845017636,1.8386162450457924,1.118648259050428,1.3830434878171922,1.7014490659092367,1.912330357142857,2.017386904761905,2.1312183493589743
2016-11-18 20:00:00,2.4588333333333336,2.6658333333333335,2.7108333333333334,0.40780518204857913,1.5152771700696406,1.3498665561227614,1.9078242351691515,1.8092859103885515,1.1011008051144644,1.360050177298563,1.673944998797396,1.851856770833333,1.9536410256410255,2.067271527777778
2016-11-18 21:00:00,1.7488333333333332,2.4588333333333336,2.8775,0.40780518204857913,1.2115851592142808,1.0876473800218427,0.9568804678130516,1.3120974211744858,0.8712299975231997,1.083987269213676,1.3611971952418025,0.6033667868589745,0.9366185897435897,1.30928125
2016-11-18 22:00:00,2.2063333333333337,1.7488333333333332,2.5146666666666664,0.40780518204857913,1.3756567595396627,1.2245840608745446,1.847353593474426,1.639877414028189,0.9954999937345271,1.2315610695803803,1.5267913581493726,1.7485744791666664,1.8497121212121213,1.9741522727272725
2016-11-18 23:00:00,1.785,2.2063333333333337,2.7225,0.40780518204857913,1.2012225618034762,1.0730796480162357,1.2170622427248683,1.3633664466036948,0.8630727034495266,1.0732240697526678,1.3476722265133023,0.7805541666666667,1.2118305555555555,1.5201861263736265
2016-11-19 00:00:00,2.1725,1.785,2.9488333333333334,0.40780518204857913,1.344584570235271,1.177967318456603,1.5065776635802468,1.816347701524913,0.9673171241344457,1.1961768613239563,1.4718511367507314,1.6134400641025641,1.8221126262626262,1.8682819444444445
2016-11-19 01:00:00,1.413,2.1725,3.0338333333333334,0.40780518204857913,1.1756067486782074,1.0322899984005376,1.4256494748677249,1.491019343633284,0.8386130742834967,1.043666266416432,1.3002363706646736,1.3706515151515153,1.5020678571428574,1.6007023172905526
2016-11-19 02:00:00,1.2015,1.413,2.9213333333333336,0.40780518204857913,0.9920708144965373,0.8749584927399865,1.074457144179894,1.1339728055553489,0.6987378393801579,0.8784004047266348,1.1146649423146577,1.0540208333333334,1.1167428571428573,1.1886479166666666
2016-11-19 03:00:00,1.3085,1.2015,2.952,0.40780518204857913,1.0944684783348315,0.9623648847736261,1.2350683595679013,1.334335413083153,0.7754041881584949,0.9722441657684986,1.2218095964115325,1.2509131944444443,1.3111944444444443,1.3461041666666667
2016-11-19 04:00:00,1.6863333333333332,1.3085,2.2655,0.40780518204857913,1.209574390789885,1.061425462411751,1.4327859453262788,1.5734476293696307,0.8616751116404991,1.0778701169393647,1.342535237335013,1.3141145833333332,1.4665500000000002,1.57389375
2016-11-19 05:00:00,1.9895,1.6863333333333332,3.0268333333333333,0.40780518204857913,1.269150419635482,1.1138692976319344,1.732952856481483,1.7050603455699826,0.905916209152778,1.1334284642359433,1.4069536079000002,1.6973791666666664,1.7730058922558922,1.8161987433862432
2016-11-19 06:00:00,1.0318333333333332,1.9895,3.0318333333333336,0.40780518204857913,0.92154288512843,0.8196011111186816,1.0200894290123454,1.0733204029328918,0.641770978038112,0.8205888021794416,1.055788016642414,0.9662604166666666,1.0336002450980393,1.0825625
2016-11-19 07:00:00,1.2613333333333332,1.0318333333333332,2.791,0.40780518204857913,1.0036986037118254,0.8924397711467147,1.2013013822751315,1.236670521177222,0.7033754065106279,0.8966033787215324,1.1432910744863032,1.146911574074074,1.2083041666666667,1.2478308080808083
2016-11-19 08:00:00,1.5916666666666668,1.2613333333333332,2.8698333333333337,0.40780518204857913,1.1162391972790184,0.9915003487848391,1.3668556186067016,1.3848723317059985,0.7881986407160888,0.9999531943719969,1.261457929758064,1.3124805555555557,1.3796704545454546,1.4370532407407408
2016-11-19 09:00:00,2.376,1.5916666666666668,3.0036666666666667,0.40780518204857913,1.3447930476816794,1.1896215040610887,1.8093954166666681,1.6756728650495092,0.9611437880793172,1.2080221365761001,1.4974910664091097,1.725293402777778,1.8284035714285714,1.9005086805555556
2016-11-19 10:00:00,1.5058333333333334,2.376,3.0308333333333333,0.40780518204857913,1.1465677380596162,1.0235493591971738,1.3776750123456794,1.3464761720459384,0.8109984917643371,1.029541988081767,1.2970266003631086,1.3274398148148148,1.4324814814814815,1.5105972222222221
2016-11-19 11:00:00,1.6788333333333332,1.5058333333333334,1.846,0.40780518204857913,1.119495050945381,1.0031545343893244,1.2855051219135791,1.3350193626904312,0.7907615114377853,1.0055315339564679,1.2704109434824362,1.264857638888889,1.3755025252525253,1.4403376262626264
2016-11-19 12:00:00,1.0925,1.6788333333333332,0.0,0.40780518204857913,0.9427458146444454,0.8545636679321373,0.9970353009259268,1.0603092201102136,0.6573497916326126,0.8456330229851591,1.0900136118247197,0.9715375,1.0266406926406928,1.0758581730769232
2016-11-19 13:00:00,1.1463333333333332,1.0925,0.0,0.40780518204857913,0.968278057155447,0.8778720391411079,1.0441089523809517,1.1132824365832314,0.67737758104822,0.8683369557566419,1.1151731047293683,1.0457125,1.101111111111111,1.1579517857142858
2016-11-19 14:00:00,0.9435,1.1463333333333332,0.0,0.40780518204857913,0.8375998658076467,0.7671572758984977,0.8766888822751323,0.9211648399627232,0.5792000549979526,0.7492644146722527,0.9799377442058201,0.8380113636363635,0.8757751322751323,0.9156369047619048
2016-11-19 15:00:00,0.8035,0.9435,0.0,0.40780518204857913,0.7727712821957022,0.7117998942771926,0.7539453181216925,0.7997642157045582,0.5309965363336338,0.6894176365707808,0.9111504235612191,0.7287656250000001,0.7633333333333334,0.7957815656565657
2016-11-19 16:00:00,1.2346666666666668,0.8035,0.0,0.40780518204857913,0.9752948661997871,0.8836991319433504,1.057073040343916,1.1743358740997372,0.6853659038156009,0.8712207229868644,1.1147186018251458,1.050815476190476,1.1020231481481482,1.1381562500000002
2016-11-19 17:00:00,1.5071666666666668,1.2346666666666668,1.4528333333333332,0.40780518204857913,1.0694105291892573,0.9623648847736259,1.262657178571428,1.3144184693035348,0.7575636567697598,0.954740942264616,1.2072165953830973,1.2667628787878789,1.305022727272727,1.3300010822510822
2016-11-19 18:00:00,2.4938333333333333,1.5071666666666668,2.8138333333333336,0.40780518204857913,1.6151095776170623,1.4256187625519154,2.183128808201057,2.0386829324413793,1.1717856284856125,1.4468374234613657,1.760629944843583,2.064682043650794,2.16915625,2.2854494047619047
2016-11-19 19:00:00,1.3711666666666666,2.4938333333333333,2.6658333333333335,0.40780518204857913,1.0821248963174703,0.9681919775758685,1.3052490621693116,1.3613470409306163,0.7686272386448791,0.9628590516345727,1.2128388855724062,1.2900160256410256,1.3132780303030303,1.3407630208333332
2016-11-19 20:00:00,1.0843333333333331,1.3711666666666666,2.4588333333333336,0.40780518204857913,0.9012768841569139,0.8108604719153175,1.0064040163139334,1.048315401087769,0.6320534042321123,0.79769653972885,1.0249314240237835,0.9536907738095238,1.0056898148148148,1.0409223484848482
2016-11-19 21:00:00,1.3883333333333332,1.0843333333333331,1.7488333333333332,0.40780518204857913,1.0586599488067545,0.9419700599657768,1.259882912477953,1.3444038494994845,0.7514991480401612,0.9388693313669542,1.1829327128370069,1.2657874999999998,1.2984698412698412,1.3289270833333333
2016-11-19 22:00:00,0.637,1.3883333333333332,2.2063333333333337,0.40780518204857913,0.724087393400586,0.6535289662547665,0.7113670319664908,0.6529288540326151,0.4979897627381571,0.6352104490702757,0.8394204499234865,0.6670920745920745,0.6921440972222223,0.7154522435897436
2016-11-19 23:00:00,1.2123333333333333,0.637,1.785,0.40780518204857913,0.9458362235059059,0.8399959359265308,1.1132940976631402,1.0799170254408321,0.6657159536555299,0.8353870875230596,1.0647968346932144,1.0634130952380954,1.1111309523809525,1.1359553571428571
2016-11-20 00:00:00,1.1506666666666667,1.2123333333333333,2.1725,0.40780518204857913,0.9649061931837959,0.8516501215310159,1.0591567806437392,1.059599676336446,0.6788517651619533,0.8477045999937471,1.0694792233473627,1.063793650793651,1.1046647727272725,1.1286791666666667
2016-11-20 01:00:00,1.36,1.1506666666666667,1.413,0.40780518204857913,1.147711577382552,1.0060680807904459,1.3394420537918874,1.299021799026406,0.8166633063786283,1.013529390800801,1.2570285795871428,1.3141208333333332,1.3959760416666667,1.4629583333333334
2016-11-20 02:00:00,1.325,1.36,1.2015,0.40780518204857913,1.1076212222469441,0.9711055239769899,1.2829902078924165,1.1837173636050038,0.7854643319106311,0.9780701912470451,1.2179124244185362,1.1848245192307694,1.3117824675324676,1.3722198412698412
2016-11-20 03:00:00,0.9638333333333333,1.325,1.3085,0.40780518204857913,0.8548203093997504,0.7555030902940125,0.9017918258377426,0.7812369911503306,0.5930275596109787,0.7504879317615677,0.9624059258757303,0.8696813446969697,0.9043782679738561,0.9371856060606061
2016-11-20 04:00:00,0.9461666666666666,0.9638333333333333,1.6863333333333332,0.40780518204857913,0.8879573195427681,0.7846385543052257,0.9514418518518515,0.8570685345265491,0.6171977628442162,0.7819386474261243,0.9994428392669766,0.9282517857142857,0.9723555555555555,1.00521875
2016-11-20 05:00:00,1.46,0.9461666666666666,1.9895,0.40780518204857913,1.0636559599970825,0.9361429671635344,1.2678914951499118,1.2258259198412975,0.749414880708915,0.9425785783566416,1.182420240502629,1.2087374999999998,1.268077380952381,1.328546875
2016-11-20 06:00:00,1.5276666666666667,1.46,1.0318333333333332,0.40780518204857913,1.0985699696128632,0.9681919775758683,1.2504187477954145,1.3004399157026911,0.77507301075516,0.9758900153295836,1.221802044395468,1.1866889880952383,1.2847333333333333,1.353849358974359
2016-11-20 07:00:00,1.3216666666666668,1.5276666666666667,1.2613333333333332,0.40780518204857913,1.0270339963611919,0.9099210495534422,1.1980941909171063,1.157589363468107,0.7202385887612385,0.9128260252973442,1.1523887381164184,1.143516737891738,1.209146164021164,1.2598848039215689
2016-11-20 08:00:00,1.5048333333333332,1.3216666666666668,1.5916666666666668,0.40780518204857913,1.088344025983363,0.9652784311747473,1.2279631589506166,1.2584779332549973,0.7662488728112202,0.9698163187563655,1.2182501386805331,1.2256069444444444,1.2866275252525252,1.3369931917211328
2016-11-20 09:00:00,2.2763333333333335,1.5048333333333332,2.376,0.40780518204857913,1.4227743752057371,1.253719524885758,1.8549642131834203,1.666030357275909,1.0194074504957729,1.273694940156119,1.5623812150607148,1.7817959956709957,1.8543928571428572,1.927932291666667
2016-11-20 10:00:00,0.4755,2.2763333333333335,1.5058333333333334,0.40780518204857913,1.3816561283484081,1.221670514473423,1.8087804519400348,1.6198175080538875,0.9882885346575951,1.2373839930488781,1.5223201434514948,1.7518166666666668,1.8327035714285713,1.923514823717949
2016-11-20 11:00:00,0.01966666666666667,0.4755,1.6788333333333332,0.40780518204857913,1.3716602958825141,1.2158434216711806,1.8314121448412706,1.6371433273837568,0.9809892043828701,1.2288267129873942,1.5131396381400386,1.6795299145299143,1.8146967592592593,1.926319128787879
2016-11-20 12:00:00,0.0,0.01966666666666667,1.0925,0.40780518204857913,2.2126915966226886,1.9354893827481465,2.3316194556878305,2.5721376574649697,1.618661427666553,1.989937376219429,2.371877340007562,1.9742202380952383,2.3126148148148147,2.6445364583333335
2016-11-20 13:00:00,0.0,0.0,1.1463333333333332,0.40780518204857913,2.559268706522497,2.2326711156625203,2.201925106481481,2.8940833704847417,1.8819170380564967,2.3031609813906235,2.7248176824134607,1.9120451388888886,2.2210367647058824,2.438995238095238
2016-11-20 14:00:00,0.02366666666666667,0.0,0.9435,0.40780518204857913,2.210006775675934,1.9354893827481456,2.2229123604497336,2.527268055757748,1.6181375913428508,1.9862878122894088,2.3664123818039546,1.9731988636363638,2.2356984126984125,2.435582051282051
2016-11-20 15:00:00,1.5446666666666666,0.02366666666666667,0.8035,0.40780518204857913,1.8343794374641875,1.6149992786248009,1.8914961913580248,2.1326476264778425,1.334468841735291,1.6451932662265132,1.9803053025996329,1.8311958333333334,1.879978125,1.9753238636363637
2016-11-20 16:00:00,3.0193333333333334,1.5446666666666666,1.2346666666666668,0.40780518204857913,2.0642259889056183,1.8102068874999293,2.237311386684303,2.3578159374867345,1.5095384493001809,1.8517214311447001,2.2117697233743048,1.9147395833333332,2.1962863247863247,2.524455808080808
2016-11-20 17:00:00,3.0396666666666663,3.0193333333333334,1.5071666666666668,0.40780518204857913,2.329110198378496,2.0345499603862702,2.1480613167989406,2.6253207434353434,1.7111127027726036,2.0897733910605965,2.47861923262441,1.9230277777777776,2.169340067340067,2.3814702020202017
2016-11-20 18:00:00,3.0391666666666666,3.0396666666666663,2.4938333333333333,0.40780518204857913,2.464964735246122,2.1481782700300016,2.215028353835978,2.761847213809478,1.8148310732446218,2.210993694725798,2.613588944423725,2.0383244047619047,2.219947115384615,2.4079867424242423
2016-11-20 19:00:00,3.0406666666666666,3.0391666666666666,1.3711666666666666,0.40780518204857913,2.7858227863635703,2.4191380853342856,2.3960054581128754,3.077493497256881,2.058555185995211,2.499674026089731,2.9375554636133225,2.155602083333333,2.336763888888889,2.540633928571429
2016-11-20 20:00:00,3.0408333333333335,3.0406666666666666,1.0843333333333331,0.40780518204857913,2.4786060498052906,2.154005362832245,2.4229251975308648,2.764345280900561,1.8262427411989282,2.22015802611178,2.6206278804525036,2.2140886904761903,2.3901950757575756,2.6078833333333336
2016-11-20 21:00:00,3.035,3.0408333333333335,1.3883333333333332,0.40780518204857913,2.2842059086993114,1.9850196715672084,2.349366776234569,2.604216437463562,1.6791728939393522,2.0429954320353056,2.419465046939889,2.169019841269841,2.3462666666666667,2.581414930555556
2016-11-20 22:00:00,2.9985,3.035,0.637,0.40780518204857913,1.867664450981107,1.6266534642292865,2.2222626227954145,2.2477303297625837,1.3635627883885815,1.6651613142323178,1.9922640564941345,1.8999484848484847,2.1805396825396826,2.3925238095238095
2016-11-20 23:00:00,2.8961666666666663,2.9985,1.2123333333333333,0.40780518204857913,1.8332604613613157,1.594604453816952,2.3214607511022916,2.2495713259509325,1.3372242285285578,1.6335403417278844,1.9561131677256312,2.065478693181818,2.3038968253968255,2.4598822115384618
2016-11-21 00:00:00,1.2016,2.8961666666666663,1.1506666666666667,0.40780518204857913,1.08449076889885,0.9658611404549717,1.28293385670194,1.3218675748548387,0.7723057519717343,0.9565492398166575,1.195338845277448,1.1848245192307694,1.3053557692307693,1.374734126984127
2016-11-21 01:00:00,0.125,1.2016,1.36,0.40780518204857913,0.2522479128002303,0.25437310930114587,0.11705258477633487,0.12442062085094466,0.14110337410784668,0.2038373642705785,0.3465427922430623,0.10764720695970696,0.12018055555555557,0.13281944444444446
2016-11-21 02:00:00,0.3235,0.125,1.325,0.40780518204857913,0.5195409413347567,0.4816297285886086,0.36689922332451474,0.34142427997443725,0.3427821005727253,0.44653529786548335,0.6212593653203337,0.3496666666666667,0.37208974358974356,0.39402638888888886
2016-11-21 03:00:00,0.10583333333333332,0.3235,0.9638333333333333,0.40780518204857913,0.2223402064018769,0.228151191691054,0.09520651697530864,0.09788961739025732,0.11670743813832399,0.1787747858140882,0.3204214726975675,0.09149479166666666,0.09691849816849818,0.10243154761904762
2016-11-21 04:00:00,0.035333333333333335,0.10583333333333332,0.9461666666666666,0.40780518204857913,0.08129329913181849,0.10869578924507989,0.044284748897707234,0.06421853534804366,0.008913610842931907,0.052603126027736924,0.17961984008281623,0.038133547008547014,0.047861742424242425,0.05219444444444444
2016-11-21 05:00:00,0.1625,0.035333333333333335,1.46,0.40780518204857913,0.27748416516414176,0.27768148051011643,0.1317109365079365,0.13554644812493927,0.15665590876982238,0.23178686583483168,0.38351942320152727,0.12181597222222222,0.13287878787878787,0.1420729166666667
2016-11-21 06:00:00,0.2565,0.1625,1.5276666666666667,0.40780518204857913,0.41485930266996773,0.3971368829560905,0.18555173236331585,0.22080094834162584,0.2599399391270266,0.3578173471906612,0.5275121365096592,0.18787339743589743,0.21288333333333334,0.2326875
2016-11-21 07:00:00,0.446,0.2565,1.3216666666666668,0.40780518204857913,0.5994761491434077,0.557381935017763,0.47748588910934764,0.442777408289033,0.39917026791050114,0.5265509681156388,0.719626103768841,0.45331196581196587,0.48243928571428574,0.5007962962962963
2016-11-21 08:00:00,0.22516666666666663,0.446,1.5048333333333332,0.40780518204857913,0.34315668230644036,0.3417795013347852,0.1793997698412698,0.16022328462394148,0.20454026099651118,0.2961122239877105,0.4611936851455484,0.16878809523809524,0.18077020202020203,0.19171775793650792
2016-11-21 09:00:00,0.3283333333333333,0.22516666666666663,2.2763333333333335,0.40780518204857913,0.5238953396937471,0.49911100699533656,0.3126220973985891,0.36581748730993874,0.34125998821462566,0.4609122788131334,0.6484083974027909,0.213271875,0.3500642045454545,0.3923021296296296
2016-11-21 10:00:00,0.2668333333333333,0.3283333333333333,0.4755,0.40780518204857913,0.43837727075073274,0.4291858933684249,0.2387027495590828,0.231500726725886,0.27650318224169984,0.3844230791399756,0.5630159317136115,0.19453030303030305,0.25647878787878786,0.2795194444444445
2016-11-21 11:00:00,0.14283333333333334,0.2668333333333333,0.01966666666666667,0.40780518204857913,0.2541975208717626,0.27476793410899497,0.11604588900913905,0.10879703838243901,0.137239821438345,0.21824342362758342,0.37599688039615725,0.098321875,0.11652840909090909,0.12356089743589745
2016-11-21 12:00:00,0.12533333333333332,0.14283333333333334,0.0,0.40780518204857913,0.23455534733556227,0.26020020210338857,0.08047941943241955,0.11178605758151237,0.1228544821099755,0.20051411404336783,0.35600294317522285,0.05097420634920635,0.08734551282051281,0.10637286324786324
2016-11-21 13:00:00,0.051166666666666666,0.12533333333333332,0.0,0.40780518204857913,0.06882681778514699,0.12034997484956517,0.029223150352733665,0.06601072493237514,0.0,0.050142497300128264,0.18588873850465815,0.022758101851851856,0.034976851851851856,0.04473051948051948
2016-11-21 14:00:00,0.11216666666666669,0.051166666666666666,0.02366666666666667,0.40780518204857913,0.1977168170921264,0.23106473809217523,0.07138163840788844,0.12580529661935463,0.09645534568262118,0.16595820198571942,0.31566768183318494,0.06747500000000001,0.08361805555555556,0.09391071428571429
2016-11-21 15:00:00,0.21316666666666662,0.11216666666666669,1.5446666666666666,0.40780518204857913,0.37196419855695273,0.37965560454936237,0.21337055866201704,0.22449073434188704,0.22937892774387222,0.32245586077765026,0.4909724831575999,0.18470959595959593,0.22390476190476188,0.24443685897435896
2016-11-21 16:00:00,0.215,0.21316666666666662,3.0193333333333334,0.40780518204857913,0.33199644655459903,0.34469304773590664,0.15550673544973534,0.20404160566642876,0.20003366448990426,0.28482387548756805,0.4469615091386676,0.1389142857142857,0.16863796296296296,0.19088194444444445
2016-11-21 17:00:00,0.135,0.215,3.0396666666666663,0.40780518204857913,0.2416820793419886,0.26602729490563104,0.12072330643738986,0.13354258863287202,0.13250479688433764,0.20144981487612323,0.3511598657490924,0.11625656565656566,0.12418080357142858,0.13198058712121213
2016-11-21 18:00:00,0.0038333333333333336,0.135,3.0391666666666666,0.40780518204857913,0.0,0.0,0.0008042460317460319,0.014930532364951635,0.0,0.0,0.0,0.00016666666666666666,0.0004375,0.0012797619047619049
2016-11-21 19:00:00,0.0645,0.0038333333333333336,3.0406666666666666,0.40780518204857913,0.0836278999867941,0.12617706765180775,0.041917213443963444,0.052388356972989436,0.014191878241192724,0.05503618360793511,0.1824306402462469,0.03553571428571429,0.046260416666666665,0.056907738095238095
2016-11-21 20:00:00,0.1215,0.0645,3.0408333333333335,0.40780518204857913,0.22382475521504397,0.2427189236966606,0.11078732870370377,0.110264591414348,0.1208458648027628,0.18039334410192479,0.32230402819887427,0.09885648148148149,0.11419318181818182,0.12474479166666666
2016-11-21 21:00:00,0.4998333333333333,0.1215,3.035,0.40780518204857913,0.6168684140119871,0.5748632134244908,0.5577222063492068,0.5695495644184247,0.4188311793260162,0.5348199378206687,0.7209104086672706,0.5030204861111112,0.5302910353535353,0.5665286796536796
2016-11-21 22:00:00,0.6125,0.4998333333333333,2.9985,0.40780518204857913,0.6989711120253332,0.6418747806502809,0.668129228154562,0.6966284926458501,0.4810004552885767,0.6082185026810634,0.8028158440426068,0.6374692684766214,0.6714916666666667,0.6907659932659932
2016-11-21 23:00:00,0.684,0.6125,2.8961666666666663,0.40780518204857913,0.6953054607725555,0.6360476878480387,0.6245668487654321,0.6342006113803504,0.4779496655218411,0.6044132434914965,0.7980482280986916,0.6023685897435898,0.6335305555555555,0.6594715909090909
2016-11-22 00:00:00,0.409,0.684,1.2016,0.40780518204857913,0.516675908504244,0.49911100699533656,0.37259299735449747,0.36268190624640123,0.34649804940092666,0.4484025748430142,0.635033866117988,0.3497440476190476,0.3712483766233766,0.39454404761904766
2016-11-22 01:00:00,0.2065,0.409,0.125,0.40780518204857913,0.409174763681207,0.40587752215945444,0.20255775264550266,0.22355871696232343,0.26436953973655253,0.3515234065652219,0.5261856456811055,0.19122048611111112,0.22533484848484847,0.24591388888888888
2016-11-22 02:00:00,0.028666666666666667,0.2065,0.3235,0.40780518204857913,0.0,0.018375850810319116,0.017824706669873323,0.020948028546043454,0.0,0.0,0.06513882253748521,0.015029761904761907,0.017845238095238095,0.021693783068783067
2016-11-22 03:00:00,0.0,0.028666666666666667,0.10583333333333332,0.40780518204857913,0.0,0.0,0.0,0.017443924206304945,0.0,0.0,0.0,0.0,0.0,0.0
2016-11-22 04:00:00,0.0,0.0,0.035333333333333335,0.40780518204857913,0.0,0.0,1.460648148148148e-05,0.03015202859338395,0.0,0.0,0.0,0.0,0.0,0.0
2016-11-22 05:00:00,0.06783333333333333,0.0,0.1625,0.40780518204857913,0.17484282539033857,0.20775636688320484,0.08878692097562929,0.05815953029608312,0.08326979361076647,0.14458466235949485,0.2981479727874957,0.0746409090909091,0.09029829059829061,0.09641898148148148
2016-11-22 06:00:00,0.0645,0.06783333333333333,0.2565,0.40780518204857913,0.1175418199050795,0.16113962446526361,0.06639326322751327,0.026291487653303053,0.03906461337714928,0.0944489593878391,0.24337995820657154,0.06159102564102564,0.06865773809523809,0.07337847222222221
2016-11-22 07:00:00,0.0075,0.0645,0.446,0.40780518204857913,0.0,0.0,0.01262096075837742,0.0,0.0,0.0,0.04145950000148424,0.01071794871794872,0.01424158249158249,0.017474587912087912
2016-11-22 08:00:00,0.0,0.0075,0.22516666666666663,0.40780518204857913,0.0,0.0,0.002273258156966489,0.009247802747315972,0.0,0.0,0.0,0.00035851648351648355,0.0015714285714285713,0.002892361111111111
2016-11-22 09:00:00,0.0,0.0,0.3283333333333333,0.40780518204857913,0.0,0.0,0.0,0.0,0.0,0.0,0.0,0.0,0.0,0.0
2016-11-22 10:00:00,0.0,0.0,0.2668333333333333,0.40780518204857913,0.0,0.0,0.0,0.0,0.0,0.0,0.0,0.0,0.0,0.0
2016-11-22 11:00:00,0.0,0.0,0.14283333333333334,0.40780518204857913,0.0,0.0,0.0,0.0,0.0,0.0,0.0,0.0,0.0,0.0
2016-11-22 12:00:00,0.0,0.0,0.12533333333333332,0.40780518204857913,0.0,0.0,0.0,0.0,0.0,0.0,0.0,0.0,0.0,0.0
2016-11-22 13:00:00,0.0,0.0,0.051166666666666666,0.40780518204857913,0.0,0.0,1.6666666666666667e-06,0.0,0.0,0.0,0.0,0.0,0.0,0.0
2016-11-22 14:00:00,0.0006666666666666666,0.0,0.11216666666666669,0.40780518204857913,0.0,0.0,0.00031507010582010596,0.023247761436120534,0.0,0.0,0.0,0.0,0.0002161764705882353,0.000634090909090909
2016-11-22 15:00:00,0.045,0.0006666666666666666,0.21316666666666662,0.40780518204857913,0.0,0.056251954024896245,0.021433788359788365,0.062388303598170006,0.0,0.0,0.10222939543921994,0.015394318181818184,0.020494708994708993,0.0249849358974359
2016-11-22 16:00:00,0.009333333333333334,0.045,0.215,0.40780518204857913,0.0,0.0,0.0068377709435626126,0.03920169447882556,0.0,0.0,0.0,0.0034910714285714285,0.005920454545454546,0.00911574074074074
2016-11-22 17:00:00,0.0835,0.009333333333333334,0.135,0.40780518204857913,0.10488703027150392,0.1669667172675063,0.02902736501924001,0.07793051844976406,0.03324338162162893,0.08334126327315744,0.23091811219663,0.026974206349206352,0.038758333333333325,0.05509848484848485
2016-11-22 18:00:00,0.2708333333333333,0.0835,0.0038333333333333336,0.40780518204857913,0.38077177525552464,0.40005042935721163,0.22618440939153445,0.24643952770984684,0.2430504825186242,0.3312775942616384,0.5088560668635116,0.22507986111111108,0.23557261904761906,0.2500985576923077
2016-11-22 19:00:00,0.14216666666666666,0.2708333333333333,0.0645,0.40780518204857913,0.2064010415710893,0.2485460164989033,0.1273622832892416,0.09071444174359758,0.11158274376624577,0.17181587777494967,0.32720319054585933,0.1066009259259259,0.11854166666666667,0.12698333333333334
2016-11-22 20:00:00,0.093,0.14216666666666666,0.1215,0.40780518204857913,0.13826027008958153,0.18736154207535552,0.08988930202821863,0.06583445738560142,0.06039739969553323,0.10864431469040237,0.2543677293540581,0.07869999999999999,0.08692708333333335,0.09410393772893773
2016-11-22 21:00:00,0.043833333333333335,0.093,0.4998333333333333,0.40780518204857913,0.029244402225306,0.09121451083835203,0.033996656084656095,0.0407807463468745,0.0,0.008747590933000482,0.14038065368752067,0.027333333333333334,0.03576636904761905,0.04256666666666667
2016-11-22 22:00:00,0.0375,0.043833333333333335,0.6125,0.40780518204857913,0.0,0.035857129217047035,0.02446718602693605,0.06947698521046053,0.0,0.0,0.07583081588144724,0.023199074074074073,0.026252747252747254,0.027964285714285712
2016-11-22 23:00:00,0.0575,0.0375,0.684,0.40780518204857913,0.04620477225184716,0.09995515004171601,0.04273641137566137,0.06625254519949655,0.0,0.022709469974096008,0.15475192746976574,0.033450498575498575,0.04263690476190476,0.05039015151515151
2016-11-23 00:00:00,0.049666666666666665,0.0575,0.409,0.40780518204857913,0.009966980556350147,0.0766467788327454,0.027359121957671987,0.0,0.0,0.0,0.1381481158709939,0.01798148148148148,0.02802954545454546,0.034521249999999996
2016-11-23 01:00:00,0.11683333333333332,0.049666666666666665,0.2065,0.40780518204857913,0.15861865545842468,0.20192927408096223,0.08080063359788357,0.05023711207302025,0.07714697133449319,0.1312428511535564,0.2908271689723432,0.06616789215686274,0.08495163170163171,0.09659900284900286
2016-11-23 02:00:00,0.095,0.11683333333333332,0.028666666666666667,0.40780518204857913,0.135605154971158,0.1815344492731129,0.06916806415343915,0.05587698445037554,0.05888564691832257,0.11123682566361498,0.26914616537295205,0.05253273809523809,0.06656904761904761,0.07606387362637361
2016-11-23 03:00:00,0.01616666666666667,0.095,0.0,0.40780518204857913,0.0,0.006721665205833838,0.012888672118005456,0.026458555906239814,0.0,0.0,0.062458091223949186,0.009021367521367521,0.012888888888888889,0.016232142857142858
2016-11-23 04:00:00,0.0625,0.01616666666666667,0.0,0.40780518204857913,0.08670979875038931,0.1407447996574145,0.04939241666666665,0.045649038571548034,0.019995578370171657,0.06963702248083886,0.22502809591354667,0.046388541666666665,0.0564534632034632,0.06578181818181818
2016-11-23 05:00:00,0.014,0.0625,0.06783333333333333,0.40780518204857913,0.0,0.0038081188047124903,0.014355247134038794,0.01988889103314341,0.0,0.0,0.0627894960787333,0.010232638888888888,0.01388888888888889,0.018083333333333333
2016-11-23 06:00:00,0.077,0.014,0.0645,0.40780518204857913,0.12655390233707708,0.1786209028719916,0.05273975374779543,0.0270433785695169,0.0484943257628517,0.10905664974615384,0.273035785349884,0.050974074074074074,0.06469047619047619,0.07282305194805194
2016-11-23 07:00:00,0.13716666666666666,0.077,0.0075,0.40780518204857913,0.22578647556881326,0.26602729490563115,0.12795975212441876,0.08100251075781295,0.12303640428719403,0.200524400352059,0.37797399476298843,0.11753154761904762,0.13248611111111114,0.14280519480519482
2016-11-23 08:00:00,0.063,0.13716666666666666,0.0,0.40780518204857913,0.09583573312956806,0.15822607806414246,0.061332939153439174,0.034424268912224,0.02414500775671999,0.08443914429635829,0.24856169775189058,0.05385866013071896,0.06258333333333334,0.06819543650793652
2016-11-23 09:00:00,0.17566666666666667,0.063,0.0,0.40780518204857913,0.2697436486575383,0.3097304909224508,0.14705361772486758,0.13002623392682522,0.15568967495410363,0.243057929496255,0.42880234938144646,0.13053039148351647,0.14782403273809525,0.15488758680555556
2016-11-23 10:00:00,0.19583333333333336,0.17566666666666667,0.0,0.40780518204857913,0.31059430411224564,0.3476065941370281,0.18091126058201074,0.14222440413286486,0.18667147936469353,0.2809222178953246,0.47243000530446155,0.1721693404634581,0.17974147727272727,0.18670486111111112
2016-11-23 11:00:00,0.12633333333333333,0.19583333333333336,0.0,0.40780518204857913,0.21521419840464728,0.26894084130675233,0.08897104640652569,0.10158159410790443,0.11468389883083596,0.19509906751476755,0.37607374214692735,0.058190104166666666,0.088725,0.1165388888888889
2016-11-23 12:00:00,0.07033333333333333,0.12633333333333333,0.0,0.40780518204857913,0.05554181675205261,0.1349177068551718,0.04590966710758377,0.058161931991018635,0.0,0.050653730607273184,0.21311156205842635,0.04157386363636364,0.04695643939393939,0.05180303030303031
2016-11-23 13:00:00,0.1345,0.07033333333333333,0.0,0.40780518204857913,0.20061204180143954,0.26020020210338846,0.07875844169873336,0.07075968769934855,0.10480116885588203,0.18152988182545735,0.36031711594758276,0.04747916666666667,0.07250694444444444,0.09914583333333334
2016-11-23 14:00:00,0.223,0.1345,0.0006666666666666666,0.40780518204857913,0.27827147716339673,0.32721176932917884,0.05709665860990861,0.11261050598653852,0.16446297343789723,0.25098606431960513,0.4377906045684633,0.054217592592592595,0.09165151515151514,0.13507291666666665
2016-11-23 15:00:00,0.2748333333333333,0.223,0.045,0.40780518204857913,0.4593496004875596,0.4816297285886086,0.16489981331569664,0.27097609253797483,0.30256161551987887,0.41366499273706175,0.6200694665205645,0.11355729166666667,0.17902804487179486,0.2909984775641026
2016-11-23 16:00:00,0.16016666666666665,0.2748333333333333,0.009333333333333334,0.40780518204857913,0.21104422177544813,0.26894084130675244,0.06895145436507934,0.11163523045554352,0.11537702163362845,0.18750428386844273,0.3633496433572037,0.056575,0.08816296296296296,0.11519791666666668
2016-11-23 17:00:00,0.3476666666666667,0.16016666666666665,0.0835,0.40780518204857913,0.43494398009230806,0.4583213573796381,0.2805641833012664,0.25989107570265507,0.28590091498166814,0.3884686260311845,0.5883547888411926,0.2616175595238095,0.2932638888888889,0.31220416666666667
2016-11-23 18:00:00,0.5113333333333333,0.3476666666666667,0.2708333333333333,0.40780518204857913,0.5537216623115935,0.5573819350177629,0.3807766111111115,0.38893257218819816,0.3766816354018603,0.49423575563257216,0.7058893490712922,0.3535593434343435,0.42842424242424243,0.46062716450216445
2016-11-23 19:00:00,0.29483333333333334,0.5113333333333333,0.14216666666666666,0.40780518204857913,0.4203353797831759,0.4408400789729101,0.23112273080006418,0.2603081816970398,0.2762642567738651,0.371861656899038,0.5660808365197567,0.21452976190476186,0.26487037037037037,0.28994493006993005
2016-11-23 20:00:00,0.424,0.29483333333333334,0.093,0.40780518204857913,0.5434553803630848,0.5428142030121562,0.3932018927970178,0.38288713851039624,0.3699805932836086,0.48176564332921296,0.6885190729031685,0.3748224206349206,0.4618981481481481,0.48615699404761903
2016-11-23 21:00:00,0.268,0.424,0.043833333333333335,0.40780518204857913,0.3968704322724599,0.41461816136281837,0.23799730489417997,0.23995358862900118,0.2591361661691472,0.34787193663141946,0.5361746637843573,0.2050186403508772,0.2393527777777778,0.26030075757575755
2016-11-23 22:00:00,0.051333333333333335,0.268,0.0375,0.40780518204857913,0.045221022217950546,0.11160933564620135,0.05107242460317461,0.04722277337551952,0.0,0.028759880270926408,0.17522724930162137,0.04382638888888889,0.053208974358974356,0.059625000000000004
2016-11-23 23:00:00,0.09216666666666669,0.051333333333333335,0.0575,0.40780518204857913,0.17133946629256191,0.2164970060865687,0.0977841025733525,0.07358514988289137,0.08796448144246138,0.14239874396634916,0.302966785283743,0.08638798701298701,0.09747800925925926,0.10466666666666666
2016-11-24 00:00:00,0.2638333333333333,0.09216666666666669,0.049666666666666665,0.40780518204857913,0.38859934500111337,0.39422333655496905,0.22884683068783065,0.2284635564789248,0.25093597239387466,0.3413223115242262,0.5308078204673281,0.20748015873015874,0.24676094276094276,0.2610145833333334
2016-11-24 01:00:00,0.5793333333333334,0.2638333333333333,0.11683333333333332,0.40780518204857913,0.6055584384965511,0.5777767598256122,0.5105919464285716,0.5109284235255802,0.4146228137142027,0.5380534504589092,0.7532274798455392,0.5051519886363637,0.5281092592592593,0.5524298611111111
2016-11-24 02:00:00,0.1015,0.5793333333333334,0.095,0.40780518204857913,0.17270042644910577,0.20775636688320484,0.07258821759259258,0.04997344963280309,0.08585788805419792,0.14717124743742022,0.31310283858497756,0.057577777777777776,0.07635925925925927,0.09335416666666668
2016-11-24 03:00:00,0.09266666666666669,0.1015,0.01616666666666667,0.40780518204857913,0.1828830751863596,0.2164970060865687,0.09109988425925923,0.044922248086489015,0.09266092655267211,0.15756786853468566,0.3260976742080891,0.07545833333333335,0.09211538461538461,0.10110772017837236
2016-11-24 04:00:00,0.16883333333333334,0.09266666666666669,0.0625,0.40780518204857913,0.28774287485240846,0.3068169445213295,0.11843935692239856,0.099929173590479,0.17116926000358057,0.25392191526726304,0.4363622241900402,0.09466964285714285,0.12994270833333332,0.15173437500000003
2016-11-24 05:00:00,0.259,0.16883333333333334,0.014,0.40780518204857913,0.4122109513617005,0.41461816136281837,0.2642123769841268,0.2553892717309206,0.26457342771280007,0.3682023240063369,0.5670341707180464,0.23994166666666666,0.26605555555555555,0.2881215277777778
2016-11-24 06:00:00,0.117,0.259,0.077,0.40780518204857913,0.21487973776004698,0.24854601649890315,0.11254121516754843,0.09266305978141502,0.11427951705420622,0.1913505937114024,0.36929791326955563,0.10622123015873017,0.11550925925925926,0.12411423611111114
2016-11-24 07:00:00,1.8463333333333332,0.117,0.13716666666666666,0.40780518204857913,1.1986933817758354,1.090560926422964,1.6157947810846571,1.4109334144204981,0.8589918682631574,1.083292760822898,1.37737697396802,1.3716583333333334,1.5841602564102566,1.686246212121212
2016-11-24 08:00:00,0.9788333333333333,1.8463333333333332,0.063,0.40780518204857913,0.7272055463697744,0.6914050694693434,0.6010390703262789,0.5348575846918436,0.5013474706961548,0.6581440234909074,0.8992616455726131,0.4322760416666666,0.6145972222222222,0.749982744107744
2016-11-24 09:00:00,2.184,0.9788333333333333,0.17566666666666667,0.40780518204857913,1.3143733443875922,1.195448596863332,1.7695919962522035,1.5250742150629046,0.9459832691477387,1.1907296210351155,1.5014329651771834,1.6035177083333332,1.7542343749999998,1.8470596955128207
2016-11-24 10:00:00,0.8326666666666667,2.184,0.19583333333333336,0.40780518204857913,0.6858112976273403,0.6622696054581301,0.41624276873897714,0.40926031844060806,0.46980919152673173,0.6228294861326562,0.8616026795869522,0.2897208333333333,0.4069305555555556,0.5359924603174604
2016-11-24 11:00:00,0.4518333333333333,0.8326666666666667,0.12633333333333333,0.40780518204857913,0.5699389663417331,0.5661225742211267,0.3058753690476189,0.25199671070376717,0.38229643093068266,0.5184625268755221,0.7443242345463599,0.22350347222222222,0.3482107142857143,0.4339535714285714
2016-11-24 12:00:00,0.4431666666666667,0.4518333333333333,0.07033333333333333,0.40780518204857913,0.5366353090868603,0.5399006566110349,0.2286329704585537,0.19715864787026505,0.3575609715608521,0.4883706780402548,0.710382176070053,0.19177008928571426,0.265224358974359,0.3218172619047619
2016-11-24 13:00:00,0.7245,0.4431666666666667,0.1345,0.40780518204857913,0.831981855041646,0.7933791935085895,0.6743255361552026,0.486074689420906,0.5820036317953169,0.7552347610200065,1.0110170637683056,0.6357895833333334,0.8429402777777778,0.9317557291666667
2016-11-24 14:00:00,0.698,0.7245,0.223,0.40780518204857913,0.6910575509048411,0.6739237910626152,0.2974208994107745,0.35139010798570164,0.47606351571395367,0.6268903154973287,0.865320612303228,0.24533630952380953,0.35610389610389614,0.49595163690476185
2016-11-24 15:00:00,0.7551666666666667,0.698,0.2748333333333333,0.40780518204857913,0.7252747242532736,0.7030592550738286,0.4888436481481485,0.4195710906616889,0.5028983673502282,0.656671946965981,0.8976571707600768,0.3144707977207977,0.4554722222222222,0.5770952380952381
2016-11-24 16:00:00,1.4061666666666668,0.7551666666666667,0.16016666666666665,0.40780518204857913,0.9619520175540397,0.9040939567511996,0.7072978280423285,0.7412819173391381,0.6831430349358482,0.8693813815096934,1.1360956521624344,0.6222529761904763,0.8860335648148148,1.0967315705128204
2016-11-24 17:00:00,0.7278333333333333,1.4061666666666668,0.3476666666666667,0.40780518204857913,0.6974537329283537,0.6768373374637369,0.607619692680776,0.4522362346645297,0.48365013680165225,0.6283849454473409,0.8624554627668619,0.5593845486111111,0.6797559523809524,0.7271737012987013
2016-11-24 18:00:00,1.468,0.7278333333333333,0.5113333333333333,0.40780518204857913,1.1885068464814685,1.0934744728240855,0.9186092178130516,1.1743137766873064,0.8564716283516606,1.0710312696398843,1.360076327205858,0.5282040343915343,0.804178774928775,1.1517162698412697
2016-11-24 19:00:00,0.2703333333333333,1.468,0.29483333333333334,0.40780518204857913,1.1678278046320993,1.0730796480162357,0.9716120403439156,1.1656377097300716,0.8414427400657195,1.0506481197275255,1.3353398150111442,0.5780427083333333,0.8141339285714286,1.2613406249999999
2016-11-24 20:00:00,1.5513333333333332,0.2703333333333333,0.424,0.40780518204857913,1.0928562912912558,1.0060680807904456,1.0342848298460807,1.1062910122002254,0.7850823359742766,0.9812952870174527,1.255530293191657,0.705685606060606,1.1081874999999999,1.325034722222222
2016-11-24 21:00:00,1.79,1.5513333333333332,0.268,0.40780518204857913,1.2263317594334195,1.1167828440330558,0.7935706851851857,1.295469394109668,0.8864153697097686,1.1008336349662167,1.3891223698079789,0.4996617746288799,0.912093253968254,1.4855958333333332
2016-11-24 22:00:00,1.5538333333333332,1.79,0.051333333333333335,0.40780518204857913,1.0898507179480037,0.9973274415870819,1.120658873717333,1.136255951242363,0.7829827250089509,0.9764315718097861,1.2478578650973575,0.8666658549783548,1.215650462962963,1.3523020833333332
2016-11-24 23:00:00,1.097,1.5538333333333332,0.09216666666666669,0.40780518204857913,0.9222472620711542,0.8516501215310159,0.9996085457671954,0.946596819912648,0.6557304947446814,0.8242758416075999,1.0757127940889737,0.7379700091575092,1.0277083333333332,1.128723611111111
2016-11-25 00:00:00,1.1573333333333333,1.097,0.2638333333333333,0.40780518204857913,0.9168967225992113,0.8283417503220456,0.9202699771164019,0.8900431958905681,0.6471678718553863,0.8158868810009863,1.0573204658022026,0.8443520192307692,0.9628797619047618,1.0756862980769228
2016-11-25 01:00:00,1.2535,1.1573333333333333,0.5793333333333334,0.40780518204857913,1.0211485754155998,0.915748142355685,1.0167326177248674,1.0442266893278365,0.7254662228336597,0.9106270711144935,1.1646681248235913,0.9120598958333334,1.1492843406593405,1.2581977564102564
2016-11-25 02:00:00,1.4826666666666668,1.2535,0.1015,0.40780518204857913,1.1552421376930675,1.029376451999416,1.1381263604497351,1.3399027396685355,0.8262312788942919,1.032790247011645,1.3033905156609822,1.0038223484848485,1.2709916666666667,1.4311474780701756
2016-11-25 03:00:00,1.3666666666666667,1.4826666666666668,0.09266666666666669,0.40780518204857913,1.100532738766627,0.9827597095814753,1.313060993606703,1.2740503416532525,0.7838712471958261,0.9844648066664159,1.2501317753210754,1.2395041666666666,1.3570416666666667,1.3875578703703701
2016-11-25 04:00:00,1.3621666666666667,1.3666666666666667,0.16883333333333334,0.40780518204857913,1.0858545558942903,0.9711055239769897,1.3347222597001767,1.2570406775416105,0.7718160302839494,0.9726466349522915,1.2383502643185182,1.269297619047619,1.3385202991452991,1.3745145833333334
2016-11-25 05:00:00,1.735,1.3621666666666667,0.259,0.40780518204857913,1.2205687451925866,1.0876473800218425,1.3674691126543204,1.5515196980235346,0.8729827880242647,1.0961989481296541,1.3794833017880535,1.0845165598290598,1.429326388888889,1.6365324074074075
2016-11-25 06:00:00,1.9453333333333334,1.735,0.117,0.40780518204857913,1.296467205964386,1.154658947247633,1.6027559305555554,1.6956034976748937,0.9296912781948938,1.1665980028557517,1.4607094694470102,1.4278482142857143,1.6562925925925926,1.7637656249999998
2016-11-25 07:00:00,2.1911666666666667,1.9453333333333334,1.8463333333333332,0.40780518204857913,1.4161920047741314,1.2595466176880006,1.831718053791888,1.8991500191762307,1.0197585367814281,1.2766095623382343,1.5865698607431735,1.788923611111111,1.843400641025641,1.9030347222222221
2016-11-25 08:00:00,1.5233333333333332,2.1911666666666667,0.9788333333333333,0.40780518204857913,1.118888086781146,1.008981627191567,1.3630775099206351,1.2943568487739152,0.7940781697430548,1.0090832004571513,1.2862930783537636,1.2911600378787877,1.4006788461538462,1.4814494301994303
2016-11-25 09:00:00,1.543,1.5233333333333332,2.184,0.40780518204857913,1.1254428267553769,1.017722266394931,1.3321799841269837,1.235041755670894,0.7988338664325397,1.0162608798316664,1.2956692446050089,1.2270517857142857,1.3988511904761904,1.4828080808080808
2016-11-25 10:00:00,1.4165,1.543,0.8326666666666667,0.40780518204857913,1.0672477252497075,0.9711055239769897,1.2916212689594349,1.0770110895363683,0.754777300542536,0.9644967586606115,1.2381730214265738,1.2043400641025641,1.3154812834224598,1.3633250000000001
2016-11-25 11:00:00,2.3888333333333334,1.4165,0.4518333333333333,0.40780518204857913,1.5627267903746997,1.396483298540702,1.8206447625661368,1.8373723920116258,1.130432411801873,1.4133534308880356,1.745073002563894,1.5703376984126987,1.758347222222222,1.9127405753968254
2016-11-25 12:00:00,1.8788333333333334,2.3888333333333334,0.4431666666666667,0.40780518204857913,1.2869317971133885,1.1633995864509972,1.3707402608024695,1.4758536959121735,0.9219823216961073,1.1638265103466034,1.4635517918047283,1.30335,1.5103794191919193,1.6670952380952377
2016-11-25 13:00:00,1.5968333333333333,1.8788333333333334,0.7245,0.40780518204857913,1.1724338315079954,1.0672525552139935,1.2058011488095244,1.2932473706239453,0.8359213806867377,1.0598144157948073,1.3457430418418102,0.8800729166666666,1.2814155982905984,1.453575
2016-11-25 14:00:00,1.7228333333333332,1.5968333333333333,0.698,0.40780518204857913,1.1373860261909035,1.0381170912027802,1.012909922619048,1.2413551683247828,0.8101946949266983,1.0272796494677792,1.3081445301058683,0.7948409722222223,1.1237222222222223,1.3448125
2016-11-25 15:00:00,2.0993333333333335,1.7228333333333332,0.7551666666666667,0.40780518204857913,1.31163340765573,1.1867079576599675,1.4865789856701945,1.5363876332697015,0.9431182769879497,1.1837773082597103,1.483449331430284,1.3367618371212122,1.5451895833333333,1.6934821428571427
2016-11-25 16:00:00,0.8335,2.0993333333333335,1.4061666666666668,0.40780518204857913,0.773021499921825,0.7263676262827992,0.7244265760582005,0.7170682446945491,0.5359936322206497,0.6949126403062447,0.9303319315902601,0.6933011363636363,0.7660595238095238,0.8049861111111112
2016-11-25 17:00:00,0.6858333333333334,0.8335,0.7278333333333333,0.40780518204857913,0.7202762129355647,0.6797508838648583,0.5438415101410935,0.6424942511819616,0.4969275947291014,0.645535562635192,0.8728876216529591,0.450884531590414,0.5756949404761905,0.705525
2016-11-25 18:00:00,0.9748333333333333,0.6858333333333334,1.468,0.40780518204857913,0.7639157347021508,0.714713440678314,0.7639952414021159,0.6925065071818111,0.5307826549212573,0.6833087263557959,0.9137075149785108,0.7330243506493506,0.7899479166666666,0.8179731481481481
2016-11-25 19:00:00,0.8636666666666666,0.9748333333333333,0.2703333333333333,0.40780518204857913,0.7910518858681366,0.7351082654861633,0.7987243694083689,0.7313117299972739,0.5519791867804306,0.706194463822118,0.9377894271776006,0.7665587121212122,0.8042589285714286,0.8347916666666667
2016-11-25 20:00:00,0.4936666666666667,0.8636666666666666,1.5513333333333332,0.40780518204857913,0.586296277199903,0.557381935017763,0.4970762608024688,0.45388204050220476,0.39729264229510686,0.519397508227055,0.7254727534320762,0.4682628205128205,0.4905152777777777,0.513975
2016-11-25 21:00:00,0.6933333333333334,0.4936666666666667,1.79,0.40780518204857913,0.7505100837090795,0.6943186158704646,0.6162048518518521,0.6659641533625159,0.521913446123886,0.6667515694906847,0.8904481028729854,0.4493027777777778,0.6878492647058823,0.7717677083333333
2016-11-25 22:00:00,0.23466666666666663,0.6933333333333334,1.5538333333333332,0.40780518204857913,0.41935289923257946,0.40879106856057573,0.2584571426366841,0.25363277070005896,0.2709915908322473,0.36618332200676923,0.5504228702733083,0.23277916666666668,0.2613402777777778,0.2856138888888889
2016-11-25 23:00:00,0.3383333333333333,0.23466666666666663,1.097,0.40780518204857913,0.5044868921511731,0.4787161821874874,0.2816810842151675,0.3504941607114482,0.3352165813350088,0.4427345679490373,0.6363180424893129,0.28866145833333334,0.322875,0.3629352678571428
2016-11-26 00:00:00,0.189,0.3383333333333333,1.1573333333333333,0.40780518204857913,0.37120385527984734,0.347606594137028,0.18120127182539675,0.23065616886917895,0.22987107118033986,0.3153459396865311,0.4780474973054518,0.17497875816993463,0.19067989417989417,0.19902708333333335
2016-11-26 01:00:00,0.3771666666666667,0.189,1.2535,0.40780518204857913,0.5745014650566123,0.5195058318031858,0.4158492105379188,0.4452865080373792,0.38320779245920666,0.49971453937016236,0.6865190354282903,0.4082222222222222,0.42807222222222224,0.4488506944444444
2016-11-26 02:00:00,0.235,0.3771666666666667,1.4826666666666668,0.40780518204857913,0.4558575785386373,0.41753170776393966,0.2817870919312168,0.30165299790518724,0.29249562775280813,0.39317073912286,0.5672011830412929,0.26586858974358973,0.2825791666666666,0.2965333333333333
2016-11-26 03:00:00,0.21633333333333338,0.235,1.3666666666666667,0.40780518204857913,0.4148096633308689,0.3825691509504838,0.23069664748677254,0.27044667952066476,0.2604857160958031,0.357207838028682,0.5278905639567582,0.21516666666666667,0.22715896358543414,0.2399285714285714
2016-11-26 04:00:00,0.184,0.21633333333333338,1.3621666666666667,0.40780518204857913,0.34207017465417366,0.3213846765269362,0.175437192680776,0.19306063511021804,0.20444248900771683,0.29284887449758884,0.4568295376188688,0.16427272727272726,0.17609214743589743,0.18525000000000003
2016-11-26 05:00:00,0.14483333333333334,0.184,1.735,0.40780518204857913,0.26503136631304425,0.25728665570226705,0.13417377248677242,0.1440350486462167,0.1451823861053843,0.22478182928365154,0.38176669563013255,0.12374305555555556,0.13463227513227513,0.14327430555555554
2016-11-26 06:00:00,0.0925,0.14483333333333334,1.9453333333333334,0.40780518204857913,0.19406887710911291,0.19901572767984083,0.07851780555555549,0.11715004227862624,0.09062708583030618,0.16228358706094445,0.31305055979383634,0.07842424242424242,0.08566666666666665,0.09077083333333333
2016-11-26 07:00:00,0.051833333333333335,0.0925,2.1911666666666667,0.40780518204857913,0.09179456549042797,0.1145228820473227,0.04122998743386245,0.05717841189545359,0.012504893743096712,0.07140388371383877,0.21225398069019874,0.02858052884615385,0.042908333333333326,0.051640873015873015
2016-11-26 08:00:00,0.05266666666666667,0.051833333333333335,1.5233333333333332,0.40780518204857913,0.10528940209724502,0.12909061405292915,0.034539557539682526,0.0659127841290235,0.02228975764796451,0.08512528979417949,0.22929695686051027,0.024499999999999997,0.03490079365079365,0.046283730158730156
2016-11-26 09:00:00,0.045,0.05266666666666667,1.543,0.40780518204857913,0.08793654556379882,0.11743642844844393,0.043702429894179856,0.0657928876985715,0.008932744264892323,0.0706685254793542,0.21426391091485347,0.03323809523809524,0.043204545454545454,0.051421875000000006
2016-11-26 10:00:00,0.035833333333333335,0.045,1.4165,0.40780518204857913,0.01607996033945691,0.05916550042601754,0.02969478629549461,0.03560346176315465,0.0,0.00654186505724802,0.14281956648104643,0.01801273148148148,0.02426944444444444,0.02963020833333333
2016-11-26 11:00:00,0.014,0.035833333333333335,2.3888333333333334,0.40780518204857913,0.0,0.012548758008076477,0.00886221450617284,0.016626533499798743,0.0,0.0,0.08482063677578655,0.006056250000000001,0.00895952380952381,0.012559491978609626
2016-11-26 12:00:00,0.009333333333333334,0.014,1.8788333333333334,0.40780518204857913,0.0,0.0,0.0005502486772486772,0.017766114392111718,0.0,0.0,0.043904517671793375,0.0,0.0003798701298701299,0.0013162878787878788
2016-11-26 13:00:00,0.0,0.009333333333333334,1.5968333333333333,0.40780518204857913,0.0,0.0,0.0002072857142857143,0.027361515029344766,0.0,0.0,0.0,0.0,0.0,0.0
2016-11-26 14:00:00,0.0,0.0,1.7228333333333332,0.40780518204857913,0.0,0.0,0.00026182804232804225,0.01593626612154976,0.0,0.0,0.0,0.0,0.0,0.0
2016-11-26 15:00:00,0.0,0.0,2.0993333333333335,0.40780518204857913,0.0,0.0,0.007456642857142849,0.020899878227095478,0.0,0.0,0.0,0.0,0.0,0.0064285714285714285
2016-11-26 16:00:00,0.0,0.0,0.8335,0.40780518204857913,0.0,0.0,0.0014581640211640218,0.00998477271731324,0.0,0.0,0.0,0.0,0.0,0.0005351731601731602
2016-11-26 17:00:00,0.0,0.0,0.6858333333333334,0.40780518204857913,0.0,0.0,0.00036813756613756596,0.0011097079951932348,0.0,0.0,0.0,0.0,0.0,0.0006861111111111111
2016-11-26 18:00:00,0.014666666666666666,0.0,0.9748333333333333,0.40780518204857913,0.0,0.04751131482153231,0.017953400132275137,0.028131057382488556,0.0,0.0,0.11126460639580266,0.016193981481481483,0.023483333333333335,0.030225000000000002
2016-11-26 19:00:00,0.028833333333333332,0.014666666666666666,0.8636666666666666,0.40780518204857913,0.009698424401670125,0.05333840762377495,0.01986863359788359,0.025390945564423825,0.0,0.0,0.11791136702567695,0.016922619047619047,0.024323232323232323,0.030662059294871792
2016-11-26 20:00:00,0.052,0.028833333333333332,0.4936666666666667,0.40780518204857913,0.09524934475522939,0.12326352125068651,0.049151820105820115,0.0483197051895502,0.02139632178590506,0.06830672391680626,0.20199226995681469,0.0380970695970696,0.051481684981684976,0.058652281746031744
2016-11-26 21:00:00,0.06416666666666668,0.052,0.6933333333333334,0.40780518204857913,0.14334053965568905,0.1611396244652637,0.06428694223985897,0.07439007351474657,0.05804110526226483,0.11057920154649772,0.2484085887270594,0.04533991228070176,0.0620625,0.07510208333333332
2016-11-26 22:00:00,0.06466666666666668,0.06416666666666668,0.23466666666666663,0.40780518204857913,0.1503050772163359,0.16405317086638493,0.06861180930335099,0.08084326031123874,0.06328472099678903,0.11598380052610871,0.25359935719784754,0.04871316964285714,0.06531944444444446,0.07770940170940172
2016-11-26 23:00:00,0.12033333333333332,0.06466666666666668,0.3383333333333333,0.40780518204857913,0.2491005538536022,0.2456324700977819,0.12482345767195757,0.12438291571228881,0.13785983154101172,0.2048975857194285,0.35344265066922465,0.11829166666666667,0.12824722222222223,0.1352023237179487
2016-11-27 00:00:00,0.13066666666666665,0.12033333333333332,0.189,0.40780518204857913,0.333062571195187,0.31264403732357215,0.13151198544973539,0.18830309282506646,0.2001587132443754,0.2759371596326111,0.42437861528639154,0.11957142857142858,0.15491666666666667,0.1697244791666667
2016-11-27 01:00:00,0.211,0.13066666666666665,0.3771666666666667,0.40780518204857913,0.4270683112225707,0.3913097901538476,0.23566331701940024,0.262402589645328,0.2706944741915529,0.36140544530782953,0.521265183366251,0.22078075396825392,0.23727023809523806,0.2544114583333333
2016-11-27 02:00:00,0.3811666666666667,0.211,0.235,0.40780518204857913,0.5850694700077164,0.5253329246054284,0.45025871252204563,0.4011223438640398,0.3895722403247426,0.5052030648943219,0.6843967864005439,0.42851556776556776,0.44518888888888886,0.4583147321428572
2016-11-27 03:00:00,0.411,0.3811666666666667,0.21633333333333338,0.40780518204857913,0.5576830385186207,0.5020245533964577,0.4015848070987652,0.3714182235669997,0.3679124487091987,0.48160270305119546,0.6590342885713815,0.39173958333333336,0.40444270833333335,0.4179871794871795
2016-11-27 04:00:00,0.563,0.411,0.184,0.40780518204857913,0.7001119184110194,0.6243935022435531,0.5290081481481482,0.5470584029041223,0.47488361227412534,0.6119537327241648,0.8076561720056066,0.5022339743589743,0.5917129629629629,0.6319679487179487
2016-11-27 05:00:00,0.6101666666666666,0.563,0.14483333333333334,0.40780518204857913,0.725534237959935,0.6477018734525237,0.60601774228395,0.6080157782781643,0.49324940968275155,0.6366057318931146,0.8372042394321633,0.5364424603174603,0.6387662037037036,0.6854791666666666
2016-11-27 06:00:00,0.4706666666666667,0.6101666666666666,0.0925,0.40780518204857913,0.58626433016264,0.5311600174076709,0.4229891273248358,0.4200460465655978,0.3869435092003676,0.5122947934151494,0.6987474973190051,0.4085429487179487,0.42877564102564103,0.4456979166666667
2016-11-27 07:00:00,0.3006666666666667,0.4706666666666667,0.051833333333333335,0.40780518204857913,0.4839900185439554,0.4466671717751529,0.21201541490299822,0.2839052414329354,0.3088213171131582,0.4214150900680438,0.5979509182153675,0.196157196969697,0.25504071969696973,0.28666404428904435
2016-11-27 08:00:00,0.24,0.3006666666666667,0.05266666666666667,0.40780518204857913,0.4530850330650863,0.42335880056618225,0.21152273809523814,0.23395798651833938,0.2849682908832773,0.3949582435824669,0.569662500305719,0.196140625,0.24384848484848487,0.2696269841269841
2016-11-27 09:00:00,0.4023333333333333,0.24,0.045,0.40780518204857913,0.5484394172106892,0.5078516461987005,0.3570604775132278,0.34393291460681863,0.3569997678422595,0.48249242808881715,0.669701454716884,0.336077380952381,0.369732683982684,0.40166785714285713
2016-11-27 10:00:00,0.2921666666666667,0.4023333333333333,0.035833333333333335,0.40780518204857913,0.4697520901270109,0.4437536253740314,0.1408723555996472,0.2806499514288149,0.2974180218900642,0.4121844980411851,0.5912830496553908,0.12826671245421245,0.18916666666666668,0.26460539215686274
2016-11-27 11:00:00,0.2906666666666667,0.2921666666666667,0.014,0.40780518204857913,0.4392640320831078,0.42044525416506096,0.24208479761904741,0.2560198531234662,0.2745935115531474,0.38508340910312344,0.5611803624608757,0.19309775641025642,0.24713720538720538,0.27537476325757576
2016-11-27 12:00:00,0.3201666666666667,0.2906666666666667,0.009333333333333334,0.40780518204857913,0.4913446480699384,0.4670619965830019,0.32380110295414466,0.316152068496163,0.3145463024424486,0.4322574305869284,0.6144140618306457,0.29740972222222223,0.3245175925925926,0.3419886363636364
2016-11-27 13:00:00,0.3868333333333333,0.3201666666666667,0.0,0.40780518204857913,0.5066307777919357,0.48162972858860875,0.3126384276014111,0.3016441751119311,0.3268115018269603,0.4456894589201228,0.6291124637937652,0.30323611111111115,0.318239010989011,0.33971693121693125
2016-11-27 14:00:00,0.3605,0.3868333333333333,0.0,0.40780518204857913,0.5535518747868795,0.5224193782043071,0.37101107605820116,0.36755709869334924,0.36318553631568773,0.48732992809940423,0.6752026795900576,0.3605451388888889,0.3765479797979797,0.39598011363636365
2016-11-27 15:00:00,0.4321666666666667,0.3605,0.0,0.40780518204857913,0.5604460806979663,0.5282464710065496,0.45667642420634924,0.38167088206371963,0.3693201478690399,0.4923864810659532,0.6796429955361614,0.39231527777777775,0.42367857142857146,0.4556555555555556
2016-11-27 16:00:00,0.2603333333333333,0.4321666666666667,0.0,0.40780518204857913,0.4248479426649038,0.41170461496169686,0.1926012147266314,0.22297296007526124,0.2675240443248438,0.36821672101850966,0.5379951727296224,0.1809198717948718,0.21903598484848485,0.24448611111111113
2016-11-27 17:00:00,0.23683333333333337,0.2603333333333333,0.0,0.40780518204857913,0.34819505917096616,0.34469304773590664,0.13111109838464016,0.1710992512512421,0.21034529676073838,0.29720519965811654,0.45614165059541967,0.12036979166666666,0.1495347222222222,0.17124078525641026
2016-11-27 18:00:00,0.8253333333333334,0.23683333333333337,0.014666666666666666,0.40780518204857913,0.8119252052867354,0.7380218118872843,0.8410218670634915,0.8788412401525634,0.5624665482278244,0.7151264453485566,0.9258662725236709,0.7544368055555555,0.8292333333333333,0.8736231060606061
2016-11-27 19:00:00,0.7718333333333334,0.8253333333333334,0.028833333333333332,0.40780518204857913,0.7775846797186943,0.70597280147495,0.7498246428571435,0.8027781494761632,0.5370875399004225,0.6823807561851467,0.8871816390735853,0.7191915509259259,0.783258207070707,0.8223861111111112
2016-11-27 20:00:00,0.48433333333333334,0.7718333333333334,0.052,0.40780518204857913,0.5933212966284698,0.5457277494132776,0.4503122149470899,0.48397652791031565,0.3979261754772904,0.5141276094666611,0.6957871472111192,0.43295961538461536,0.4605648148148148,0.48557371794871795
2016-11-27 21:00:00,0.4515,0.48433333333333334,0.06416666666666668,0.40780518204857913,0.6004280403729114,0.5486412958143989,0.44006151388888887,0.48334630078205665,0.4035205988292667,0.5193124693431977,0.7003591022152469,0.4345697916666666,0.4569522727272727,0.47538468013468005
2016-11-27 22:00:00,0.3426666666666667,0.4515,0.06466666666666668,0.40780518204857913,0.5117621919028499,0.46997554298412336,0.36603099316578475,0.3572193930874225,0.336313374273563,0.43817929356544777,0.6079130218984287,0.33796577380952386,0.3554627976190476,0.3700844017094017
2016-11-27 23:00:00,0.3115,0.3426666666666667,0.12033333333333332,0.40780518204857913,0.46369671856438544,0.4262723469673036,0.2889380601851851,0.3091306878917519,0.2996246943720784,0.3941957818099629,0.5578140118745528,0.26730972222222216,0.28396401515151515,0.30300520833333333
2016-11-28 00:00:00,0.145,0.3115,0.13066666666666665,0.40780518204857913,0.25387255880355464,0.25728665570226705,0.11735272697210199,0.13006953943539676,0.14301845345089692,0.20490685335272094,0.34729307295080897,0.10801309523809524,0.12162563131313131,0.13283928571428572
2016-11-28 01:00:00,0.307,0.145,0.211,0.40780518204857913,0.45033942672098315,0.42335880056618214,0.2659134594356258,0.26751615533296697,0.2911801147090331,0.38309418341082635,0.5487905504459611,0.2630404829545455,0.2731574074074074,0.28524839743589747
2016-11-28 02:00:00,0.2971666666666667,0.307,0.3811666666666667,0.40780518204857913,0.4717257483194026,0.4408400789729103,0.27675780291005286,0.2819461937939105,0.30655668042761147,0.40326641048680295,0.5724409409265306,0.26785059523809523,0.2822666666666667,0.2980729166666667
2016-11-28 03:00:00,0.2833333333333333,0.2971666666666667,0.411,0.40780518204857913,0.4238470912522979,0.40005042935721163,0.24930760295414464,0.21910590987064998,0.26937170874987576,0.361122239767099,0.5261562612143096,0.22224791666666666,0.24411590909090913,0.26512152777777775
2016-11-28 04:00:00,0.1105,0.2833333333333333,0.563,0.40780518204857913,0.2281542491075491,0.23397828449329652,0.10522286441798946,0.09644223852453408,0.12017740128863913,0.18550042297654146,0.3295621435780689,0.09373611111111112,0.10024900793650794,0.11013035714285715
2016-11-28 05:00:00,0.07533333333333334,0.1105,0.6101666666666666,0.40780518204857913,0.19551526285210608,0.20775636688320484,0.09195969897386562,0.10205498699419902,0.09455518852105557,0.15761163032852218,0.2998306956692932,0.07897261072261073,0.09118541666666669,0.09771752450980394
2016-11-28 06:00:00,0.16883333333333334,0.07533333333333334,0.4706666666666667,0.40780518204857913,0.2953213201315821,0.2951627589168442,0.1413562956349206,0.15861636917462135,0.16937638876424146,0.24964512874395967,0.405466075525151,0.13256944444444443,0.1425648148148148,0.15256960227272726
2016-11-28 07:00:00,0.295,0.16883333333333334,0.3006666666666667,0.40780518204857913,0.42187686080066344,0.4058775221594543,0.22492348721340377,0.24046596936804132,0.26461870737150606,0.365837957851968,0.5383005274490001,0.20216145833333332,0.23071666666666665,0.25342187499999996
2016-11-28 08:00:00,1.1186666666666667,0.295,0.24,0.40780518204857913,0.8998621438423497,0.8166875647175602,1.0600016438492064,0.9614808844173042,0.6263076526860529,0.7998856984680629,1.029579626301972,1.0073766534391533,1.0572770833333331,1.091719246031746
2016-11-28 09:00:00,1.2495,1.1186666666666667,0.4023333333333333,0.40780518204857913,0.9576474477616028,0.8691313999377439,1.0698396025132277,1.08013352385344,0.6698762995310168,0.8534229000340212,1.091261247260863,1.0488130952380952,1.0985833333333332,1.1414930555555556
2016-11-28 10:00:00,0.5493333333333333,1.2495,0.2921666666666667,0.40780518204857913,0.6262226718824813,0.5894309454300974,0.5008344817019402,0.5481276242363348,0.41881733281179057,0.554407993841935,0.7548025989749814,0.4521833333333334,0.5077852564102564,0.5288541666666666
2016-11-28 11:00:00,1.1318333333333332,0.5493333333333333,0.2906666666666667,0.40780518204857913,0.8962872556493755,0.8225146575198028,0.9564987384259259,1.0033804092041965,0.6236954633870186,0.7992827684270081,1.031558579398658,0.9452211538461538,1.0271369047619046,1.0667222222222223
2016-11-28 12:00:00,1.682,1.1318333333333332,0.3201666666666667,0.40780518204857913,1.156705498345964,1.0468577304061442,1.3678061408730167,1.4194405850895355,0.8214875849086024,1.03498551348935,1.2975011279128563,1.239425505050505,1.3905944444444445,1.4868613095238097
2016-11-28 13:00:00,2.0916666666666663,1.682,0.3868333333333333,0.40780518204857913,1.3120218361843554,1.180880864857725,1.5118838996913586,1.6783174061988868,0.9398415147180906,1.175133569145823,1.4551677727435424,1.3644222756410256,1.6038402777777776,1.7489141414141414
2016-11-28 14:00:00,1.0813333333333333,2.0916666666666663,0.3605,0.40780518204857913,0.9012832286037664,0.8312552967231668,0.8980366058201057,0.9829532505350373,0.6294865278178698,0.8026289734148762,1.033995926484861,0.8788493055555556,0.9982240740740741,1.0522537878787879
2016-11-28 15:00:00,1.1736666666666666,1.0813333333333333,0.4321666666666667,0.40780518204857913,0.9423311438115347,0.8662178535366225,0.9812546289682538,1.0223669978343268,0.6614964394748749,0.8385918745090541,1.0733065455693958,0.902064393939394,1.0355133928571427,1.1021753472222222
2016-11-28 16:00:00,0.8978333333333334,1.1736666666666666,0.2603333333333333,0.40780518204857913,0.7896561511301317,0.7351082654861633,0.7582955024250442,0.7283817495741023,0.5467626858788525,0.6989689403977962,0.9142235711936413,0.7220826923076924,0.7948611111111111,0.8491729166666667
2016-11-28 17:00:00,0.46416666666666667,0.8978333333333334,0.23683333333333337,0.40780518204857913,0.5695576885901315,0.5457277494132776,0.41965916181657814,0.4252906830871714,0.38090767787940516,0.4981507569013614,0.6859147758780288,0.40596875,0.4257851851851852,0.4534767316017316
2016-11-28 18:00:00,0.42433333333333334,0.46416666666666667,0.8253333333333334,0.40780518204857913,0.5517205336226909,0.5282464710065496,0.40266809986772484,0.3934353989253045,0.36818719788498583,0.48029249399223317,0.6639681235544049,0.36711979166666664,0.40700420875420873,0.42526262626262623
2016-11-28 19:00:00,0.7513333333333334,0.42433333333333334,0.7718333333333334,0.40780518204857913,0.7018100382567303,0.6535289662547665,0.690636116181658,0.6841168323305341,0.48253481011730953,0.6144410847180197,0.8135831270518461,0.6640648148148148,0.6864715909090909,0.7056911764705882
2016-11-28 20:00:00,0.9863333333333334,0.7513333333333334,0.48433333333333334,0.40780518204857913,0.8215146679069711,0.7525895438928912,0.868197004629629,0.9158150850772482,0.5736636166166876,0.7212544363354318,0.9325343331214146,0.8420972222222222,0.8728333333333333,0.9086145833333334
2016-11-28 21:00:00,1.0751666666666668,0.9863333333333334,0.4515,0.40780518204857913,0.8900980883854397,0.8079469255141962,1.0294789566899154,1.0262555697352331,0.625833580155239,0.7820707228417005,0.9998728337747178,1.0118913817663817,1.041019696969697,1.0648516414141413
2016-11-28 22:00:00,0.538,1.0751666666666668,0.3426666666666667,0.40780518204857913,0.6306636934319703,0.5836038526278546,0.5538255264550263,0.5718393806460984,0.42924985508127106,0.5464058064258055,0.7330752377657451,0.504328125,0.540424107142857,0.5738998015873015
2016-11-28 23:00:00,0.33616666666666667,0.538,0.3115,0.40780518204857913,0.5177061724298113,0.48454327498973004,0.3246009991181658,0.3631067833784493,0.3433981049828462,0.4437002332278258,0.6167226517788509,0.31335763888888885,0.36390656565656565,0.3870476190476191
2016-11-29 00:00:00,0.6635,0.33616666666666667,0.145,0.40780518204857913,0.6498753747613022,0.612739316639068,0.6481606073633159,0.5520195733687565,0.4474117198051728,0.5689373325407672,0.7710280483578684,0.5971302083333334,0.6360796703296703,0.6502708333333335
2016-11-29 01:00:00,1.0585,0.6635,0.307,0.40780518204857913,0.8565883554677352,0.7875521007063468,0.8666907437169316,0.8286173710168627,0.6033359710944048,0.7563965670371613,0.9829866167945498,0.8497696969696968,0.967284090909091,1.0026795634920633
2016-11-29 02:00:00,1.7411666666666668,1.0585,0.2971666666666667,0.40780518204857913,1.154619722369275,1.0410306376039016,1.3307691911375674,1.209440918556947,0.828302467652571,1.0269102139469322,1.2890864626964091,1.2083167613636363,1.427515873015873,1.5914541666666664
2016-11-29 03:00:00,0.1405,1.7411666666666668,0.2833333333333333,0.40780518204857913,0.8300960199990493,0.7642437294973762,0.8579005740740735,0.7787555202694638,0.5815275651352472,0.7344246233934336,0.9603523275628978,0.8226136363636363,0.9054416666666667,0.957603125
2016-11-29 04:00:00,0.5615,0.1405,0.1105,0.40780518204857913,0.658310774361978,0.6185664094413105,0.592907130952381,0.5504432233188632,0.4504459677465677,0.5804372502922165,0.7881674221235591,0.5471785714285714,0.6013611111111111,0.6477550505050504
2016-11-29 05:00:00,0.6136666666666666,0.5615,0.07533333333333334,0.40780518204857913,0.6734869811218891,0.6331341414469172,0.6799808974867725,0.6061475040307884,0.4610491751240981,0.5958173450228778,0.8072543986085865,0.6232111111111112,0.658614393939394,0.6797410714285714
2016-11-29 06:00:00,0.035666666666666666,0.6136666666666666,0.16883333333333334,0.40780518204857913,0.855261940713401,0.7904656471074685,0.9432019834656091,0.943043467015896,0.5979710956160511,0.762026078944625,0.9965785059966787,0.9248816885964912,0.9674340909090908,1.0158397435897435
2016-11-29 07:00:00,0.05366666666666666,0.035666666666666666,0.295,0.40780518204857913,0.6573572430640076,0.6243935022435531,0.6142336115520282,0.6615132874534955,0.4473980632386133,0.5846086008401579,0.7981450781054342,0.5882891414141413,0.6377336309523809,0.6699776785714286
2016-11-29 08:00:00,0.16783333333333333,0.05366666666666666,1.1186666666666667,0.40780518204857913,0.2405153425326374,0.27185438770787373,0.139796749559083,0.16033868923031297,0.13115414583745544,0.20891002051237384,0.37582223473151705,0.11470787037037036,0.13096969696969696,0.14454976851851853
2016-11-29 09:00:00,0.0895,0.16783333333333333,1.2495,0.40780518204857913,0.1480243255464917,0.19610218127871945,0.08434823743386245,0.10426973930663704,0.06087147222634687,0.1264592903167647,0.2840745218813122,0.06910558712121212,0.07995486111111111,0.08789015151515152
2016-11-29 10:00:00,0.04783333333333334,0.0895,0.5493333333333333,0.40780518204857913,0.04542940195513634,0.11160933564620124,0.022857719356261026,0.0535684264329786,0.0,0.0345169165797925,0.18124690462291743,0.015880208333333333,0.028680555555555556,0.035577546296296295
2016-11-29 11:00:00,0.026,0.04783333333333334,1.1318333333333332,0.40780518204857913,0.0,0.06790613962938158,0.007624204144620811,0.038160491217294215,0.0,0.0,0.12673500523150072,0.005884469696969697,0.011054778554778554,0.01788333333333333
2016-11-29 12:00:00,0.007666666666666667,0.026,1.682,0.40780518204857913,0.0,0.006721665205833838,0.006986857122815454,0.0,0.0,0.0,0.050948582989076674,0.0045000000000000005,0.006741666666666666,0.009585648148148149
2016-11-29 13:00:00,0.0,0.007666666666666667,2.0916666666666663,0.40780518204857913,0.0,0.0,0.0005677328042328041,0.0006342123553763068,0.0,0.0,0.0,0.0,0.0,0.00025
2016-11-29 14:00:00,0.0,0.0,1.0813333333333333,0.40780518204857913,0.0,0.0,0.0005893386243386245,0.024034349300463234,0.0,0.0,0.0,9.226190476190476e-05,0.00042857142857142855,0.0008333333333333333
2016-11-29 15:00:00,0.0031666666666666666,0.0,1.1736666666666666,0.40780518204857913,0.0,0.0,0.002074041005291005,0.03225417968052786,0.0,0.0,0.0,0.0005,0.001058080808080808,0.00247037037037037
2016-11-29 16:00:00,0.07583333333333332,0.0031666666666666666,0.8978333333333334,0.40780518204857913,0.07907878587539685,0.146571892459657,0.04998574162257495,0.08378415374464326,0.012796228874775717,0.06163374025066365,0.20816072491554005,0.04371078431372549,0.05057638888888889,0.05915340909090909
2016-11-29 17:00:00,0.10316666666666668,0.07583333333333332,0.46416666666666667,0.40780518204857913,0.18344056165387157,0.2339782844932967,0.09461728813932986,0.0944878134073693,0.09275657186003056,0.15442586396670416,0.3111198094150211,0.07439850427350428,0.09295694444444444,0.1053779761904762
2016-11-29 18:00:00,0.08133333333333333,0.10316666666666668,0.42433333333333334,0.40780518204857913,0.10754210088207239,0.1669667172675063,0.03220407732082731,0.066384075204006,0.036048081689401434,0.08402680924060668,0.22989364175606464,0.02770251225490196,0.03939069264069264,0.058039351851851856
2016-11-29 19:00:00,0.034166666666666665,0.08133333333333333,0.7513333333333334,0.40780518204857913,0.0,0.050424861222653605,0.027414342813051166,0.026239254429159822,0.0,0.0,0.09008512920452927,0.02329059829059829,0.028369301994301994,0.03263392857142858
2016-11-29 20:00:00,0.01616666666666667,0.034166666666666665,0.9863333333333334,0.40780518204857913,0.0,0.0,0.006774799382716046,0.0009923889880534276,0.0,0.0,0.0,0.00318452380952381,0.005267094017094017,0.007564133986928104
2016-11-29 21:00:00,0.002,0.01616666666666667,1.0751666666666668,0.40780518204857913,0.0,0.0,0.0012462724867724866,0.043373498518532866,0.0,0.0,0.0,0.00020277777777777777,0.0014211309523809524,0.003589285714285714
2016-11-29 22:00:00,0.0,0.002,0.538,0.40780518204857913,0.0,0.0,0.006156540343915343,0.06864882765148865,0.0,0.0,0.0,0.004370138888888889,0.006267045454545455,0.0086875
2016-11-29 23:00:00,0.0,0.0,0.33616666666666667,0.40780518204857913,0.0,0.0,0.000721746031746032,0.05136688250304043,0.0,0.0,0.0,2.272727272727272e-05,0.0002897727272727273,0.0009346153846153846
2016-11-30 00:00:00,0.0,0.0,0.6635,0.40780518204857913,0.0,0.0,0.00040672222222222195,0.0,0.0,0.0,0.0,0.0,0.00014814814814814815,0.0002666666666666667
2016-11-30 01:00:00,0.008166666666666666,0.0,1.0585,0.40780518204857913,0.0,0.006721665205833838,0.012845337902837903,0.0,0.0,0.0,0.057196137944856174,0.00880357142857143,0.012809523809523809,0.01607638888888889
2016-11-30 02:00:00,0.029,0.008166666666666666,1.7411666666666668,0.40780518204857913,0.0,0.038770675618168327,0.02746451803751806,0.02016698440291821,0.0,0.0,0.09828167999464066,0.0235234375,0.02676969696969697,0.029055822649572648
2016-11-30 03:00:00,0.0345,0.029,0.1405,0.40780518204857913,0.02624982117002661,0.08830096443723079,0.030877396825396832,0.03958712910021095,0.0,0.013461228314179174,0.16009494001155572,0.022612689393939393,0.030534391534391532,0.03792083333333333
2016-11-30 04:00:00,0.08516666666666667,0.0345,0.5615,0.40780518204857913,0.1072020243283982,0.15822607806414232,0.053924923941798965,0.04763917064521507,0.035520758432363325,0.08818083135741617,0.2459502777966051,0.05128750000000001,0.062369047619047616,0.06972569444444444
2016-11-30 05:00:00,0.13833333333333334,0.08516666666666667,0.6136666666666666,0.40780518204857913,0.24874695548603099,0.28059502691123767,0.11876435640131473,0.10522044914803616,0.1418625761934092,0.21791441416030446,0.3940573758938266,0.08805248397435898,0.1213063973063973,0.13928298611111115
2016-11-30 06:00:00,0.1005,0.13833333333333334,0.035666666666666666,0.40780518204857913,0.14363075698541783,0.19318863487759816,0.07306376851851844,0.034602044063817665,0.0614319758146781,0.12450982380996828,0.2904709369190993,0.07334374999999999,0.082758658008658,0.08858245920745922
2016-11-30 07:00:00,0.11416666666666668,0.1005,0.05366666666666666,0.40780518204857913,0.1813866534831271,0.2281511916910539,0.08818565321869487,0.053755657911574384,0.08939851415244524,0.16034614778614129,0.3326426006830282,0.08143910256410257,0.09512003968253967,0.10395277777777776
2016-11-30 08:00:00,0.2105,0.11416666666666668,0.16783333333333333,0.40780518204857913,0.3690654075030204,0.39130979015384787,0.21430732804232808,0.18526184002326845,0.23114740858594285,0.33168992931739005,0.5275241228593376,0.1845375,0.21299444444444443,0.23257031250000001
2016-11-30 09:00:00,0.18616666666666662,0.2105,0.0895,0.40780518204857913,0.30048198702455176,0.33595240853254277,0.16143839748677255,0.14546687198713937,0.17897744504739127,0.27087364281112114,0.4601856222060343,0.16009477124183008,0.1683201388888889,0.17608035714285714
2016-11-30 10:00:00,0.24433333333333337,0.18616666666666662,0.04783333333333334,0.40780518204857913,0.341332642479259,0.3738285117471199,0.17840757738095245,0.15720883396461832,0.209959249457981,0.3087379312101906,0.5038132781290493,0.16890972222222222,0.18242948717948715,0.1960880681818182
2016-11-30 11:00:00,0.173,0.24433333333333337,0.026,0.40780518204857913,0.28010624606834233,0.3242982229280574,0.1315341107804232,0.12259092175386808,0.1638469690277764,0.2538211289572626,0.4423273181099461,0.10441815476190476,0.14395833333333333,0.15751576028138528
2016-11-30 12:00:00,0.12266666666666669,0.173,0.007666666666666667,0.40780518204857913,0.2263103632354604,0.28059502691123767,0.033643678130511466,0.08674262202528574,0.12358632959575401,0.205185471245418,0.3874630777505807,0.03528993055555556,0.050439743589743596,0.0721
2016-11-30 13:00:00,0.18516666666666662,0.12266666666666669,0.0,0.40780518204857913,0.2996577987618161,0.34469304773590664,0.163352517857143,0.09017155617144036,0.17983953915647533,0.2711582913955814,0.46144099504903235,0.15760416666666666,0.17095396270396268,0.18374074074074073
2016-11-30 14:00:00,0.289,0.18516666666666662,0.0,0.40780518204857913,0.4080555724907867,0.437926532571789,0.21732689197530863,0.20514713828143621,0.2627891138317781,0.3684301872045953,0.5702977564945007,0.14567447916666665,0.19490833333333335,0.2424871794871795
2016-11-30 15:00:00,0.6288333333333334,0.289,0.0031666666666666666,0.40780518204857913,0.5959644376742859,0.5981715846334614,0.409392130952381,0.41508004812547805,0.40606281593449045,0.5372903852475778,0.7595506790742882,0.25376388888888884,0.36876839826839825,0.45229479166666664
2016-11-30 16:00:00,0.9216666666666666,0.6288333333333334,0.07583333333333332,0.40780518204857913,0.7335959740146754,0.714713440678314,0.7102397830687823,0.6347507799838137,0.511269113219517,0.6603714102211659,0.896865281375196,0.6669347943722945,0.7402592592592592,0.8063024475524474
2016-11-30 17:00:00,0.2615,0.9216666666666666,0.10316666666666668,0.40780518204857913,0.33248285220226337,0.3709149653459986,0.22902768871252197,0.1597186777016375,0.20827501467070958,0.29574958164829757,0.48374387942589997,0.20360132575757578,0.223590811965812,0.24830384615384618
2016-11-30 18:00:00,1.378,0.2615,0.08133333333333333,0.40780518204857913,0.9738122866607763,0.9157481423556848,1.0549166706349213,1.0824411398381917,0.6949478266767902,0.8743838376024082,1.1347940776739918,0.9135572916666667,1.1366822344322345,1.2399083333333334
2016-11-30 19:00:00,1.1811666666666667,1.378,0.034166666666666665,0.40780518204857913,0.908733422725722,0.8574772143332586,0.8936907087742507,0.9918609416548643,0.6462810482561009,0.8138224351241323,1.0647261713993184,0.7094780092592592,0.9257989417989418,1.077049603174603
2016-11-30 20:00:00,1.2156666666666667,1.1811666666666667,0.01616666666666667,0.40780518204857913,0.9635460047122681,0.9011804103500785,0.9379327142857141,1.0992249044573998,0.6882467845585388,0.8619137252990495,1.1174238015058686,0.84955,1.1586215277777776,1.2491263888888888
2016-11-30 21:00:00,1.3205,1.2156666666666667,0.002,0.40780518204857913,0.9501605228787009,0.8866126783444719,1.087765612654321,1.059955232807989,0.6783160278483235,0.8485547762990089,1.1010735746269376,0.9132222222222223,1.1050617715617714,1.1804275793650794
2016-11-30 22:00:00,1.2705,1.3205,0.0,0.40780518204857913,0.9366328348613389,0.8720449463388653,1.1074519647266312,0.9950369748785243,0.6680344635206561,0.8354155664020426,1.0853421612146674,0.9904722222222222,1.1095972222222221,1.1629379734848484
2016-11-30 23:00:00,1.2816666666666667,1.2705,0.0,0.40780518204857913,1.0012746022019237,0.9244887815590488,1.2485366792328039,1.0975361190597621,0.7167342739612256,0.8934230034677331,1.150315151547613,1.1819166666666667,1.271858225108225,1.319429513888889
2016-12-01 00:00:00,1.1748333333333332,1.2816666666666667,0.0,0.40780518204857913,0.9521355483963589,0.8749584927399865,0.7752637329805995,1.0076717167073086,0.6778784241041468,0.8512770556301043,1.1061678222514377,0.6056477272727272,0.8703556878306878,1.0658625000000002
2016-12-01 01:00:00,1.2065,1.1748333333333332,0.008166666666666666,0.40780518204857913,0.9846646116897162,0.9011804103500785,0.6785838852733687,1.062545352298414,0.7018386448647493,0.8811139146755907,1.1402878446821219,0.6998333333333333,0.918085606060606,1.1455873397435896
2016-12-01 02:00:00,1.2956666666666667,1.2065,0.029,0.40780518204857913,0.9889740786397943,0.9040939567511996,0.9189715806878301,1.1016885192556212,0.7042775605315009,0.8858329676877524,1.1465030835934753,0.9112208994708993,1.1792923076923079,1.2750870535714285
2016-12-01 03:00:00,1.2531666666666668,1.2956666666666667,0.0345,0.40780518204857913,0.9342646797133536,0.8574772143332586,0.9136177711640208,1.0207308432531574,0.6619175288330349,0.8375075273425231,1.0932443432535683,0.68515625,0.9892980769230769,1.1139757575757576
2016-12-01 04:00:00,1.7908333333333333,1.2531666666666668,0.08516666666666667,0.40780518204857913,1.1962315421441376,1.0818202872195999,1.380893287037036,1.4995619590115512,0.8594522427607464,1.0760307754621934,1.3639122876723013,1.196128787878788,1.481998106060606,1.6275758928571427
2016-12-01 05:00:00,1.7705,1.7908333333333333,0.13833333333333334,0.40780518204857913,1.1875001523963717,1.0759931944173575,1.4310882182539675,1.4585310357616479,0.8519427400657199,1.0697764265035148,1.3585900519604273,1.0296805555555557,1.3903958333333333,1.601963319088319
2016-12-01 06:00:00,1.8276666666666668,1.7705,0.1005,0.40780518204857913,1.1506913724891215,1.0468577304061442,1.0353534728835971,1.348981190270145,0.8232627398942943,1.0381845324084362,1.3247442192625616,0.939975,1.2590559440559441,1.5074635416666669
2016-12-01 07:00:00,1.118,1.8276666666666668,0.11416666666666668,0.40780518204857913,0.8878946271760333,0.825428203920924,0.967738086948853,0.8508862244367452,0.6235266373199164,0.8020449928614743,1.0600572154082988,0.8367222222222221,1.0374375,1.0843304924242425
2016-12-01 08:00:00,0.9033333333333333,1.118,0.2105,0.40780518204857913,0.7511131428774516,0.7117998942771928,0.7210888020282181,0.5730022518575324,0.5194601807687119,0.6797784671802478,0.9236708577695149,0.6538427083333334,0.7818854166666667,0.825234126984127
2016-12-01 09:00:00,1.261,0.9033333333333333,0.18616666666666662,0.40780518204857913,0.901113461897745,0.8429094823276522,0.5830430828924165,0.7392775315106145,0.6328921378935387,0.8167628086908044,1.0795022972021693,0.4612143429487179,0.6932485119047618,0.9526244212962962
2016-12-01 10:00:00,2.2605,1.261,0.24433333333333337,0.40780518204857913,1.3859623382093123,1.2595466176880004,1.8520569279100532,1.5415232775106584,1.0002528436516156,1.2564096227490502,1.5764438939247853,1.7790020604395604,1.85488125,1.928962745098039
2016-12-01 11:00:00,2.7103333333333337,2.2605,0.173,0.40780518204857913,1.543319681297157,1.396483298540702,1.6910624166666666,1.7283904105852352,1.119742483884789,1.3992934485129473,1.7381278739916397,1.402997222222222,1.6599166666666667,1.8896439393939393
2016-12-01 12:00:00,1.3383333333333332,2.7103333333333337,0.12266666666666669,0.40780518204857913,0.970387417154716,0.9099210495534422,0.9833265531305113,0.7336214531774627,0.6861772828772433,0.8808812992611429,1.1532350259281252,0.9038556547619048,1.1392840277777778,1.2219179487179486
2016-12-01 13:00:00,1.1351666666666667,1.3383333333333332,0.18516666666666662,0.40780518204857913,0.8900431608460049,0.8429094823276522,0.48882878721340384,0.5693006102034303,0.6259916419715269,0.807775552836976,1.070296579103638,0.4669427083333333,0.6655277777777777,0.88728125
2016-12-01 14:00:00,1.7441666666666666,1.1351666666666667,0.289,0.40780518204857913,1.1453018845507061,1.061425462411751,0.8914801587301594,0.9718686837862458,0.8202050070925369,1.0379447455947943,1.3290956440443589,0.6024,0.9771071428571427,1.3080724206349206
2016-12-01 15:00:00,2.4408333333333334,1.7441666666666666,0.6288333333333334,0.40780518204857913,1.4869024415692718,1.3527801025238821,1.922543508537757,1.5713832906803993,1.0799175596616866,1.3458835102121063,1.675264930747085,1.8789363425925925,1.9746574074074075,2.0663287037037037
2016-12-01 16:00:00,1.967,2.4408333333333334,0.9216666666666666,0.40780518204857913,1.2522585465758334,1.1517454008465118,0.9214853463403879,1.198522135935332,0.9030830858168978,1.13208534059454,1.432493228839097,0.7861711309523809,1.2566722222222222,1.6110624999999998
2016-12-01 17:00:00,2.1395,1.967,0.2615,0.40780518204857913,1.339543467705967,1.2245840608745446,1.7639830266754863,1.3906442243582673,0.9701057787503259,1.2094242902467656,1.5180171617693623,1.7193310606060606,1.8304375,1.9272447916666668
2016-12-01 18:00:00,1.842,2.1395,1.378,0.40780518204857913,1.2089990720594774,1.1109557512308132,0.8680436406525577,1.2120913370834014,0.8719968084138522,1.0895750785164617,1.3809985090889165,0.5797861111111111,0.9822252747252747,1.442525284900285
2016-12-01 19:00:00,2.0845,1.842,1.1811666666666667,0.40780518204857913,1.2258891104364584,1.1226099368352984,0.6504993264991187,1.2696047894536748,0.8854307502419296,1.1031889115444953,1.394619330346477,0.5002280701754386,0.8557270833333332,1.3854590773809523
2016-12-01 20:00:00,1.816,2.0845,1.2156666666666667,0.40780518204857913,1.2260557575483142,1.1196963904341772,0.6613637577160497,1.28512591943107,0.8859960063785229,1.101830044715206,1.391524475431538,0.4691300505050505,0.8349305555555555,1.4276428571428572
2016-12-01 21:00:00,1.78,1.816,1.3205,0.40780518204857913,1.1887626792070698,1.0847338336207213,0.7926450945767197,1.242738628817169,0.8579525395957505,1.0668366520258248,1.350765036355705,0.4926180555555556,0.7524427083333333,1.1670532407407408
2016-12-01 22:00:00,2.6071666666666666,1.78,1.2705,0.40780518204857913,1.5440950515938685,1.3848291129362174,2.0995538979276915,1.844828440271418,1.1271242163875344,1.3874860019072517,1.7116328968384888,1.922545758928571,2.1222175925925924,2.300315625
2016-12-01 23:00:00,2.7676666666666665,2.6071666666666666,1.2816666666666667,0.40780518204857913,1.622398302653126,1.4489271337608862,2.3420251093474436,2.0144220633696244,1.186174146869565,1.4578559782239937,1.790554008426807,2.2873948412698413,2.3920227272727272,2.4830894230769234
2016-12-02 00:00:00,2.0028333333333332,2.7676666666666665,1.1748333333333332,0.40780518204857913,1.2242801062693451,1.090560926422964,1.189412077621453,1.4046555278053738,0.8800455727882618,1.0940440141496468,1.3711531940480803,0.9701364583333333,1.40165,1.5952613095238095
2016-12-02 01:00:00,1.8748333333333334,2.0028333333333332,1.2065,0.40780518204857913,1.2738860242110428,1.1313505760386622,1.639069536816578,1.5228039979679127,0.9169434436006906,1.1393340472589477,1.4227083680479797,1.419374007936508,1.6258534188034188,1.7114517094017097
2016-12-02 02:00:00,2.3983333333333334,1.8748333333333334,1.2956666666666667,0.40780518204857913,1.4797023760115422,1.3061633601059413,1.9721026172839504,1.9364367949225654,1.0720466298789941,1.3264005542241204,1.6346583954760756,1.8258686974789917,1.93130291005291,2.0486446886446883
2016-12-02 03:00:00,2.9191666666666665,2.3983333333333334,1.2531666666666668,0.40780518204857913,1.776776182840922,1.5596418970034966,2.201130861331569,2.4052765630479582,1.296202189248153,1.5964104995934696,1.9405637774620075,2.0331919191919194,2.2754015151515152,2.439595238095238
2016-12-02 04:00:00,2.4606666666666666,2.9191666666666665,1.7908333333333333,0.40780518204857913,1.5127759221028099,1.3352988241171548,2.01269210339506,2.0707443285872156,1.0952572815796104,1.3589759865476538,1.6742290535489046,1.8750520833333333,2.0035,2.1376587301587304
2016-12-02 05:00:00,2.0755,2.4606666666666666,1.7705,0.40780518204857913,1.329860614941968,1.180880864857725,1.4683923855820105,1.7620202547851944,0.955783748355954,1.1950992621380672,1.4910682718310326,1.361025,1.6382190170940174,1.7514618055555555
2016-12-02 06:00:00,2.593,2.0755,1.8276666666666668,0.40780518204857913,1.6209274442828605,1.431445855354158,2.145947609788358,2.2345573118248203,1.1755066291795957,1.4602083100682264,1.7919773492621032,2.028837962962963,2.159282346491228,2.288109523809524
2016-12-02 07:00:00,3.0173333333333336,2.593,1.118,0.40780518204857913,1.819205774474974,1.6033450930203161,2.0725883099647264,2.4289160080955843,1.3250870780045318,1.641304470244256,1.998039437776658,1.8992766203703701,2.0736851851851856,2.314991161616162
2016-12-02 08:00:00,2.5983333333333336,3.0173333333333336,0.9033333333333333,0.40780518204857913,1.5799631622863475,1.4023103913429453,2.108164847222221,2.1105859348215636,1.1433947211423685,1.4263189001801426,1.7570421707225812,1.9892731481481483,2.1160137362637363,2.2721597222222223
2016-12-02 09:00:00,2.3601666666666663,2.5983333333333336,1.261,0.40780518204857913,1.5352873383155552,1.3673478345294885,2.040978656746032,1.9575619731817127,1.1093374676763734,1.3871370573632131,1.7141128822661789,1.9120691137566137,2.0391094276094277,2.205911904761905
2016-12-02 10:00:00,1.0995,2.3601666666666663,2.2605,0.40780518204857913,0.9272175171333135,0.8516501215310159,0.9386952250881841,0.8478060152367217,0.6486885701175594,0.8377807313373331,1.0952047785590076,0.8520179487179487,0.9810198412698413,1.0720449074074074
2016-12-02 11:00:00,0.8523333333333334,1.0995,2.7103333333333337,0.40780518204857913,0.7635299928323518,0.714713440678314,0.4365001829806001,0.6172035167556618,0.5249503893763963,0.6901448847015181,0.9291079091246117,0.3290666666666666,0.47942037037037033,0.6883597222222223
2016-12-02 12:00:00,1.0668333333333333,0.8523333333333334,1.3383333333333332,0.40780518204857913,0.8463489471861962,0.7875521007063468,0.7349850390211636,0.7448056884452949,0.5881909503589852,0.7651346195001894,1.0137248813189699,0.6337924679487179,0.8467797619047619,0.9208643162393162
2016-12-02 13:00:00,0.17616666666666667,1.0668333333333333,1.1351666666666667,0.40780518204857913,0.3083449863019522,0.33012531573029996,0.13847519753086418,0.18359479633180537,0.18127628806432045,0.2778838081657941,0.46352437243950867,0.10732638888888889,0.1520462962962963,0.16813873106060606
2016-12-02 14:00:00,0.1135,0.17616666666666667,1.7441666666666666,0.40780518204857913,0.1947436496024929,0.23397828449329677,0.08867709722222221,0.1285005053763451,0.09603641206587984,0.17426444114521986,0.34572416348517654,0.0769404761904762,0.08946180555555555,0.10115833333333332
2016-12-02 15:00:00,0.042166666666666665,0.1135,2.4408333333333334,0.40780518204857913,0.06843838925652146,0.12617706765180775,0.03601247773368607,0.054670844076950956,0.001257353214985657,0.05878623641401565,0.21417029719139957,0.027175925925925926,0.03955320512820513,0.04871113782051282
2016-12-02 16:00:00,0.034333333333333334,0.042166666666666665,1.967,0.40780518204857913,0.0,0.06207904682713894,0.020290468915343928,0.02866450052856921,0.0,0.0,0.13528902003403642,0.011855357142857143,0.0204004329004329,0.031729603729603734
2016-12-02 17:00:00,0.2728333333333333,0.034333333333333334,2.1395,0.40780518204857913,0.3992313455467581,0.4058775221594543,0.22284006216931226,0.21635764719921852,0.2536997737547645,0.3550158902354795,0.5451067721517088,0.21351369047619045,0.22853282828282828,0.24150223214285715
2016-12-02 18:00:00,0.16766666666666666,0.2728333333333333,1.842,0.40780518204857913,0.26868694990026865,0.292249212515723,0.13316221979717802,0.11984707515786912,0.15559080341829098,0.2351666785051759,0.4080881194712631,0.12742929292929292,0.14039285714285715,0.1496513888888889
2016-12-02 19:00:00,0.3058333333333333,0.16766666666666666,2.0845,0.40780518204857913,0.40853034174530345,0.40879106856057573,0.2229251770282186,0.2358631716370475,0.2621758256195187,0.36004336479267357,0.5472420320271748,0.21740476190476188,0.23613333333333333,0.25296267361111113
2016-12-02 20:00:00,0.3968333333333333,0.3058333333333333,1.816,0.40780518204857913,0.5043273748878669,0.48745682139085117,0.3501500522486771,0.34494668208819995,0.3351919220463398,0.4452222727207453,0.6417840258998417,0.32952938034188034,0.35648958333333336,0.3702790404040404
2016-12-02 21:00:00,0.20766666666666664,0.3968333333333333,1.78,0.40780518204857913,0.38848076516425534,0.3854826973516051,0.23749988712522035,0.2318429939966431,0.24763526502516592,0.33914427933781777,0.5208228896056183,0.2171736111111111,0.2318560606060606,0.2453625541125541
2016-12-02 22:00:00,0.07133333333333333,0.20766666666666664,2.6071666666666666,0.40780518204857913,0.12904637021078624,0.1611396244652637,0.060122618386243415,0.07732816357810803,0.05105153995119799,0.10347936292192292,0.25402529359664566,0.03858988095238096,0.06255787037037036,0.07770940170940172
2016-12-02 23:00:00,0.07883333333333332,0.07133333333333333,2.7676666666666665,0.40780518204857913,0.13562683174701218,0.16405317086638493,0.05126978417107586,0.0721037171178989,0.055763340215557844,0.10894600817064432,0.25971876859425924,0.03655486111111111,0.0603974358974359,0.07291203703703703
2016-12-03 00:00:00,0.09066666666666669,0.07883333333333332,2.0028333333333332,0.40780518204857913,0.17311234135909426,0.17862090287199156,0.06444090644540638,0.10378288045939144,0.0797943305791533,0.13608912054628305,0.27579973910255273,0.050416666666666665,0.0649602564102564,0.07440581232492996
2016-12-03 01:00:00,0.14766666666666667,0.09066666666666669,1.8748333333333334,0.40780518204857913,0.2739488232458145,0.26311374850450975,0.13075795436507925,0.16330343142866693,0.15550515154706152,0.22773867584702742,0.3796603678100986,0.12476145833333332,0.13527991452991453,0.14286378205128206
2016-12-03 02:00:00,0.11816666666666668,0.14766666666666667,2.3983333333333334,0.40780518204857913,0.23385846811020705,0.2281511916910539,0.10520745238095242,0.12188890538259572,0.12430617707906452,0.19227947629327158,0.3405442126414921,0.0989749417249417,0.10870117845117844,0.11552916666666666
2016-12-03 03:00:00,0.20233333333333337,0.11816666666666668,2.9191666666666665,0.40780518204857913,0.38407132496385554,0.35634723334039203,0.21960438900913923,0.23789505085221524,0.23719794600251562,0.32939212471381607,0.4965072911321705,0.20710357142857141,0.219697601010101,0.231925
2016-12-03 04:00:00,0.1715,0.20233333333333337,2.4606666666666666,0.40780518204857913,0.3454855455838417,0.3242982229280574,0.19368365365961213,0.19643008459730085,0.20703001901808196,0.2959395093103515,0.4603165679327117,0.17659989316239316,0.18773011363636366,0.19611047979797983
2016-12-03 05:00:00,0.164,0.1715,2.0755,0.40780518204857913,0.36749249420308905,0.34469304773590664,0.19413073148148144,0.22027828111593822,0.22280828641634293,0.3175008736665385,0.48637760504542527,0.1784103009259259,0.1958549783549784,0.2090011574074074
2016-12-03 06:00:00,0.1905,0.164,2.593,0.40780518204857913,0.39216039102986566,0.36800141894487715,0.21852317328042317,0.2396322478407234,0.2407038264314926,0.34154040620119236,0.5152983179967352,0.20722656250000004,0.21984761904761907,0.23139679487179488
2016-12-03 07:00:00,0.17883333333333334,0.1905,3.0173333333333336,0.40780518204857913,0.33428590149686677,0.32138467652693603,0.17664356481481489,0.1885850087064773,0.1962195244790318,0.29083895542000426,0.45983313297305767,0.16352678571428572,0.1733291666666667,0.18120833333333333
2016-12-03 08:00:00,0.39616666666666667,0.17883333333333334,2.5983333333333336,0.40780518204857913,0.5731952194617822,0.5282464710065498,0.44411712455908314,0.46489677668768004,0.3767813690680087,0.5085422591426965,0.7070201098570135,0.41357777777777777,0.43477243589743586,0.4546376262626262
2016-12-03 09:00:00,0.5226666666666666,0.39616666666666667,2.3601666666666663,0.40780518204857913,0.6446420070997079,0.5923444918312187,0.5501379034391536,0.5686067687319749,0.4307001359544338,0.5744419999597064,0.7826498520712768,0.5286767399267399,0.5459943019943021,0.5597180555555556
2016-12-03 10:00:00,0.4806666666666667,0.5226666666666666,1.0995,0.40780518204857913,0.6240159858203886,0.5777767598256122,0.5211105846560845,0.5382609266975796,0.41510640017844846,0.5566748617290437,0.7635109623451162,0.49922115384615384,0.5272013888888889,0.5443089826839826
2016-12-03 11:00:00,0.3446666666666667,0.4806666666666667,0.8523333333333334,0.40780518204857913,0.5115590254644495,0.48454327498973004,0.3336809692680776,0.35894301708515164,0.3301811695927647,0.4553985372846725,0.6497195476183668,0.3187462121212121,0.33903276353276357,0.35444861111111114
2016-12-03 12:00:00,0.2425,0.3446666666666667,1.0668333333333333,0.40780518204857913,0.3894557240382043,0.38256915095048366,0.21471931679894188,0.21210216375039717,0.2381699299534363,0.34495018331756955,0.5251147009821393,0.2028916666666667,0.21175859788359788,0.22553362573099417
2016-12-03 13:00:00,0.08233333333333333,0.2425,0.17616666666666667,0.40780518204857913,0.16225051775376242,0.19027508847647676,0.07109155445326282,0.05818051244681416,0.06672049860201262,0.1389471399445981,0.2922339506623993,0.05829583333333333,0.07124074074074074,0.07818006993006994
2016-12-03 14:00:00,0.197,0.08233333333333333,0.1135,0.40780518204857913,0.31163274263875085,0.31847113012581474,0.13571988690476192,0.1539122949837558,0.18072043340169872,0.27330665350676664,0.4429350758739846,0.10358333333333333,0.13787499999999997,0.15693830128205127
2016-12-03 15:00:00,0.157,0.197,0.042166666666666665,0.40780518204857913,0.25021952995647456,0.26602729490563104,0.1374417929894181,0.102564323784898,0.1351044447477452,0.21655051021805768,0.3776347855432267,0.12475669642857143,0.1345972222222222,0.14294068287037037
2016-12-03 16:00:00,0.35333333333333333,0.157,0.034333333333333334,0.40780518204857913,0.48006608139790474,0.46123490378075926,0.306718255952381,0.3251527268943229,0.3101740523126346,0.4230786751362441,0.609099206317898,0.2952083333333333,0.30987878787878786,0.32438731060606063
2016-12-03 17:00:00,0.382,0.35333333333333333,0.2728333333333333,0.40780518204857913,0.5297819223016886,0.5020245533964577,0.34837989658489654,0.3924373994308555,0.3487339151320447,0.4664206418480781,0.6562658057958894,0.33503869047619045,0.3626071428571429,0.38782659932659935
2016-12-03 18:00:00,0.4385,0.382,0.16766666666666666,0.40780518204857913,0.4812064289672351,0.4583213573796381,0.33948745811287495,0.34024280421496905,0.3127256650443381,0.420746665624084,0.602935880647678,0.30743333333333334,0.3261270833333334,0.3480009157509158
2016-12-03 19:00:00,0.9185,0.4385,0.3058333333333333,0.40780518204857913,0.8737872696077129,0.7904656471074682,0.9916128059964726,0.9856134605637576,0.6107879080125967,0.7743303280560359,1.000130036427978,0.9459458333333333,0.9885858004385963,1.033263888888889
2016-12-03 20:00:00,0.6328333333333334,0.9185,0.3968333333333333,0.40780518204857913,0.6758624027988156,0.6185664094413105,0.5822930936948855,0.6350707674685621,0.46127642354800347,0.5937146420864987,0.7947874233101395,0.5599965277777779,0.5831840277777778,0.6066060606060606
2016-12-03 21:00:00,0.3206666666666667,0.6328333333333334,0.20766666666666664,0.40780518204857913,0.44730855239615486,0.42044525416506096,0.2512506108906524,0.2897860235953181,0.2883312761847752,0.3856456998823955,0.5587542866590942,0.23479166666666665,0.2533,0.2658798076923077
2016-12-03 22:00:00,0.5001666666666666,0.3206666666666667,0.07133333333333333,0.40780518204857913,0.6216262655105413,0.5661225742211269,0.49073228306878264,0.5041351243410824,0.42036386242719853,0.5424914046873887,0.7348095405081939,0.47532054924242423,0.49342113095238094,0.5107426470588234
2016-12-03 23:00:00,0.3151666666666667,0.5001666666666666,0.07883333333333332,0.40780518204857913,0.5598993084534043,0.5107651925998218,0.39717850992063486,0.43544387908316656,0.3733250624842527,0.4861453536808521,0.6707624092289457,0.38073103632478633,0.3974107142857143,0.41460972222222225
2016-12-04 00:00:00,0.107,0.3151666666666667,0.09066666666666669,0.40780518204857913,0.24426292702381502,0.23689183089441793,0.09983644576719572,0.12111974095669892,0.132882932974878,0.1955806545007758,0.3337158271264713,0.08735714285714286,0.10713720538720539,0.11550757575757574
2016-12-04 01:00:00,0.22416666666666663,0.107,0.14766666666666667,0.40780518204857913,0.40657608564456205,0.3738285117471199,0.21251397156084662,0.24357499730313104,0.2551692941293614,0.3428616364312524,0.5003430014831928,0.20686249999999998,0.21663194444444445,0.2276369047619048
2016-12-04 02:00:00,0.238,0.22416666666666663,0.11816666666666668,0.40780518204857913,0.4279624072429815,0.39130979015384787,0.2445399208553791,0.26175249330127004,0.27054585984793966,0.3630338635072288,0.523993391963762,0.22939629120879118,0.2457125,0.2588980769230769
2016-12-04 03:00:00,0.3036666666666667,0.238,0.20233333333333337,0.40780518204857913,0.4483911687692399,0.40879106856057573,0.26242535537918893,0.28447732755045546,0.2851114883775097,0.382702389042783,0.5474493185284028,0.2439972222222222,0.2702865079365079,0.2888641826923077
2016-12-04 04:00:00,0.22366666666666662,0.3036666666666667,0.1715,0.40780518204857913,0.47128206612325285,0.4291858933684247,0.27642631459435635,0.3054727403490382,0.30151910157965117,0.40488120026905056,0.5740251409781196,0.26693749999999994,0.2816478937728938,0.2986577380952381
2016-12-04 05:00:00,0.13816666666666666,0.22366666666666662,0.164,0.40780518204857913,0.2303054531580523,0.22523764528993268,0.10426486838624337,0.10444188879558612,0.11805755817978522,0.18846368404249458,0.3315848439249155,0.0955673611111111,0.10161309523809522,0.10789215686274507
2016-12-04 06:00:00,0.1745,0.13816666666666666,0.1905,0.40780518204857913,0.29937317207051506,0.28642211971348036,0.1272046649029983,0.1461587348373101,0.16959098832968372,0.25268146914306616,0.40583695095618577,0.12167043740573152,0.12995502645502646,0.13925909090909092
2016-12-04 07:00:00,0.15183333333333335,0.1745,0.17883333333333334,0.40780518204857913,0.26199090811552506,0.2572866557022672,0.1229937096560847,0.12680196710143143,0.14063186643941467,0.2205238272384555,0.3712939478155668,0.11429583333333333,0.12310582010582011,0.13089305555555558
2016-12-04 08:00:00,0.07066666666666667,0.15183333333333335,0.39616666666666667,0.40780518204857913,0.14570164939495234,0.1611396244652637,0.06292627248677253,0.0929315161514199,0.05209058995040164,0.11680111043380617,0.25582977205984103,0.052553125000000006,0.06436458333333334,0.07154431818181817
2016-12-04 09:00:00,0.06733333333333333,0.07066666666666667,0.5226666666666666,0.40780518204857913,0.12493342193183787,0.14657189245965707,0.06010261243386249,0.09907240572294448,0.03614604655696413,0.09925371130621793,0.23730969580034111,0.04936111111111111,0.056737499999999996,0.06433159722222222
2016-12-04 10:00:00,0.07883333333333332,0.06733333333333333,0.4806666666666667,0.40780518204857913,0.186276302964554,0.20192927408096206,0.07980822967772963,0.11043369509686898,0.08265303102974556,0.15566180858186468,0.30185953360641454,0.07254603729603729,0.08080787037037036,0.0885422077922078
2016-12-04 11:00:00,0.038,0.07883333333333332,0.3446666666666667,0.40780518204857913,0.026004149593261028,0.06790613962938158,0.012932201719576712,0.05831783111555712,0.0,0.011116596758812991,0.13924969448586205,0.006793981481481482,0.013769607843137256,0.019831249999999998
2016-12-04 12:00:00,0.04783333333333334,0.038,0.2425,0.40780518204857913,0.06783865279108736,0.10578224284395871,0.04287100418871251,0.053916978513487056,0.0,0.04901871380432948,0.1820223029141031,0.030027777777777778,0.037891666666666664,0.043416666666666666
2016-12-04 13:00:00,0.024666666666666667,0.04783333333333334,0.08233333333333333,0.40780518204857913,0.0,0.044597768420410855,0.010404011243386243,0.04764004180137532,0.0,0.0,0.10605791671730169,0.005349673202614379,0.0098125,0.0135
2016-12-04 14:00:00,0.04083333333333333,0.024666666666666667,0.197,0.40780518204857913,0.048076977195992465,0.09121451083835208,0.032052679453262796,0.07076823554612191,0.0,0.029915975810495654,0.15912219314128073,0.02599404761904762,0.03203935185185185,0.03755555555555556
2016-12-04 15:00:00,0.06766666666666667,0.04083333333333333,0.157,0.40780518204857913,0.0993710051927652,0.1349177068551718,0.047194542328042315,0.0977404603254276,0.02000359646972638,0.07515078134296216,0.20889390316734457,0.04042676767676768,0.04713453159041394,0.053547619047619045
2016-12-04 16:00:00,0.12533333333333332,0.06766666666666667,0.35333333333333333,0.40780518204857913,0.23017179967381918,0.245632470097782,0.11328712746512735,0.12542705034547877,0.12003483373402268,0.19205053669102476,0.33923444484056664,0.10140972222222222,0.11546164021164021,0.12684166666666666
2016-12-04 17:00:00,0.2743333333333333,0.12533333333333332,0.382,0.40780518204857913,0.3994256231159885,0.3883962437527264,0.22810254563492058,0.22246407168115007,0.24915824691621766,0.34356472184956,0.508447105303066,0.21736458333333333,0.22879404761904762,0.24007222222222224
2016-12-04 18:00:00,0.35283333333333333,0.2743333333333333,0.4385,0.40780518204857913,0.4840495960385929,0.4583213573796381,0.30600206194885377,0.3368962499091565,0.3140636672327571,0.41842550332331885,0.5911113623947348,0.29914903846153845,0.3181833333333334,0.3347125000000001
2016-12-04 19:00:00,0.171,0.35283333333333333,0.9185,0.40780518204857913,0.2960173786354844,0.2951627589168442,0.14057467680776004,0.14412297935421847,0.17224580843891724,0.24660124758557822,0.39551036482170987,0.13750185185185185,0.14374102564102564,0.1516474358974359
2016-12-04 20:00:00,0.2831666666666667,0.171,0.6328333333333334,0.40780518204857913,0.5250138780351064,0.48745682139085117,0.35459803835978826,0.38339578805281055,0.3461755752699846,0.4523149132114031,0.6260465409342574,0.344862012987013,0.3600913461538462,0.37621078431372545
2016-12-04 21:00:00,0.21383333333333338,0.2831666666666667,0.3206666666666667,0.40780518204857913,0.36135207529614033,0.34469304773590664,0.1836535390211641,0.22955139145219045,0.22239349810369674,0.302968032449795,0.45626698024623064,0.15583273809523807,0.18355694444444443,0.19894444444444442
2016-12-04 22:00:00,0.11916666666666668,0.21383333333333338,0.5001666666666666,0.40780518204857913,0.24194788845906556,0.23980537729553922,0.11028222751322755,0.13188258090731697,0.13189850345470544,0.19401914335717885,0.3324376271048247,0.09627430555555556,0.10851785714285714,0.1195798611111111
2016-12-04 23:00:00,0.19866666666666663,0.11916666666666668,0.3151666666666667,0.40780518204857913,0.3578202197446728,0.33595240853254293,0.17792908664021156,0.2174297314290597,0.2194112640507547,0.29838610261431325,0.4497160721454173,0.16786921296296295,0.17751388888888886,0.18829761904761905
2016-12-05 00:00:00,0.257,0.19866666666666663,0.107,0.40780518204857913,0.43147184714629894,0.40879106856057573,0.2565176615961196,0.26850366849769736,0.2775700139898919,0.3656198636163917,0.5286186492706497,0.2531102564102564,0.26881144781144783,0.2840913461538461
2016-12-05 01:00:00,0.32566666666666666,0.257,0.22416666666666663,0.40780518204857913,0.49815461973633757,0.4641484501818807,0.23099270965608468,0.3177034921757297,0.32740553485414725,0.4263630707895071,0.5976089748397646,0.22623055555555557,0.2697964285714286,0.32165491452991457
2016-12-05 02:00:00,0.1275,0.32566666666666666,0.238,0.40780518204857913,0.21898829952395904,0.22523764528993254,0.09124927689594362,0.1106095560261758,0.11507945966058017,0.17455943434234833,0.31440069770214185,0.07968075980392157,0.09532070707070706,0.10113128019323671
2016-12-05 03:00:00,0.16,0.1275,0.3036666666666667,0.40780518204857913,0.2701553994172309,0.26894084130675233,0.1295232160894662,0.12166874584143998,0.15293285828343783,0.22204367319276858,0.3692398970913705,0.11776704545454546,0.1293125,0.13803749999999998
2016-12-05 04:00:00,0.425,0.16,0.22366666666666662,0.40780518204857913,0.5765220839337009,0.5311600174076709,0.3987776999559084,0.40998104558750376,0.38410546234589826,0.5007451738783569,0.6852392355900639,0.38789404761904767,0.41189806547619046,0.4289464285714285
2016-12-05 05:00:00,0.255,0.425,0.13816666666666666,0.40780518204857913,0.40385288956186327,0.38548269735160495,0.1981434063051148,0.18819799251215413,0.25239451915333777,0.3461403539070586,0.5125395448137212,0.19768700396825395,0.20685,0.2184556878306878
2016-12-05 06:00:00,0.114,0.255,0.1745,0.40780518204857913,0.2133524178195465,0.22523764528993268,0.09628536750440911,0.1210538292012902,0.10727566851547474,0.17546989323765025,0.321777347992917,0.0916685606060606,0.09691849816849818,0.10141346153846154
2016-12-05 07:00:00,0.13183333333333333,0.114,0.15183333333333335,0.40780518204857913,0.23403145966891503,0.2456324700977819,0.10981530026455023,0.12761458790621066,0.12230455680141546,0.19585304315000882,0.3465138601876305,0.09936111111111112,0.1137621212121212,0.1223287037037037
2016-12-05 08:00:00,0.281,0.13183333333333333,0.07066666666666667,0.40780518204857913,0.4148794718294717,0.402963975758333,0.21057895921516756,0.21511115489049074,0.2588783912141822,0.3610155550557314,0.5344213217362533,0.1764236111111111,0.221975,0.25205575980392153
2016-12-05 09:00:00,0.21633333333333338,0.281,0.06733333333333333,0.40780518204857913,0.339465309491667,0.34177950133478535,0.17425917857142856,0.14450641927921695,0.20153336765490024,0.2940179989239369,0.4601087604552641,0.16594010416666666,0.17597893772893775,0.18531101190476193
2016-12-05 10:00:00,0.07766666666666668,0.21633333333333338,0.07883333333333332,0.40780518204857913,0.15148611265860767,0.18444799567423414,0.04447222795414463,0.06722396703843907,0.05915066137101585,0.12480975486789223,0.2701053853507921,0.02595334757834758,0.04516452991452992,0.06383630952380953
2016-12-05 11:00:00,0.025833333333333333,0.07766666666666668,0.038,0.40780518204857913,0.0,0.05625195402489619,0.022262679593554578,0.014730079361619575,0.0,0.0,0.11446960685792568,0.015274999999999997,0.01974583333333333,0.0237979797979798
2016-12-05 12:00:00,0.004833333333333333,0.025833333333333333,0.04783333333333334,0.40780518204857913,0.0,0.0,0.0010883452380952374,0.021838736800926198,0.0,0.0,0.028222093673972437,3.0952380952380946e-05,0.0007977941176470588,0.0023385416666666667
2016-12-05 13:00:00,0.0,0.004833333333333333,0.024666666666666667,0.40780518204857913,0.0,0.0,0.0010260806878306873,0.026165730697808504,0.0,0.0,0.0,0.000175,0.0006811868686868687,0.0017232142857142858
2016-12-05 14:00:00,0.008,0.0,0.04083333333333333,0.40780518204857913,0.0,0.0,0.0035030141093474404,0.038932872164177054,0.0,0.0,0.036705256725738045,0.0013690814393939393,0.0037777777777777775,0.009577083333333333
2016-12-05 15:00:00,0.004,0.008,0.06766666666666667,0.40780518204857913,0.0,0.0,0.009121774250440922,0.04759484903478903,0.0,0.0,0.030684481730312463,0.004354166666666666,0.008269444444444446,0.011453869047619046
2016-12-05 16:00:00,0.0,0.004,0.12533333333333332,0.40780518204857913,0.0,0.0,0.0010365612874779547,0.020139195639397797,0.0,0.0,0.0,0.00019345238095238096,0.0004654761904761905,0.001363927738927739
2016-12-05 17:00:00,0.0,0.0,0.2743333333333333,0.40780518204857913,0.0,0.0,0.006424747655122655,0.020129616528955785,0.0,0.0,0.0,0.0020744047619047617,0.005920454545454545,0.009489583333333333
2016-12-05 18:00:00,0.0,0.0,0.35283333333333333,0.40780518204857913,0.0,0.0,0.00037167526455026464,0.011596275311258578,0.0,0.0,0.0,0.0,0.0002,0.0004458333333333333
2016-12-05 19:00:00,0.0,0.0,0.171,0.40780518204857913,0.0,0.0,0.00155093540564374,0.027285901881992106,0.0,0.0,0.0,0.00014239926739926742,0.00044191919191919195,0.0012287878787878787
2016-12-05 20:00:00,0.0,0.0,0.2831666666666667,0.40780518204857913,0.0,0.0,0.0019065224867724872,0.044335119079121355,0.0,0.0,0.0,0.0,0.0006486742424242425,0.0014681776556776556
2016-12-05 21:00:00,0.0,0.0,0.21383333333333338,0.40780518204857913,0.0,0.0,0.00014421296296296293,0.04176481266699027,0.0,0.0,0.0,0.0,0.0,0.0
2016-12-05 22:00:00,0.0,0.0,0.11916666666666668,0.40780518204857913,0.0,0.0,9.67685185185185e-05,0.040591540275137075,0.0,0.0,0.0,0.0,0.0,0.0
2016-12-05 23:00:00,0.0,0.0,0.19866666666666663,0.40780518204857913,0.0,0.0,0.0014565403439153431,0.04960727060070898,0.0,0.0,0.0,0.0,0.0,0.0015
2016-12-06 00:00:00,0.0,0.0,0.257,0.40780518204857913,0.0,0.0,0.00021405820105820114,0.010038697073559547,0.0,0.0,0.0,0.0,0.0,0.0
2016-12-06 01:00:00,0.0,0.0,0.32566666666666666,0.40780518204857913,0.0,0.0,0.00021776190476190482,0.0,0.0,0.0,0.0,0.0,0.0,0.0
2016-12-06 02:00:00,0.0,0.0,0.1275,0.40780518204857913,0.0,0.0,0.0,0.002945473336690388,0.0,0.0,0.0,0.0,0.0,0.0
2016-12-06 03:00:00,0.0,0.0,0.16,0.40780518204857913,0.0,0.0,0.0,0.015601126802167756,0.0,0.0,0.0,0.0,0.0,0.0
2016-12-06 04:00:00,0.0,0.0,0.425,0.40780518204857913,0.0,0.0,0.0,0.026011236713109218,0.0,0.0,0.0,0.0,0.0,0.0
2016-12-06 05:00:00,0.0,0.0,0.255,0.40780518204857913,0.0,0.0,0.0,0.0261067727131689,0.0,0.0,0.0,0.0,0.0,0.0
2016-12-06 06:00:00,0.0,0.0,0.114,0.40780518204857913,0.0,0.0,0.0,0.014112202189003262,0.0,0.0,0.0,0.0,0.0,0.0
2016-12-06 07:00:00,0.0,0.0,0.13183333333333333,0.40780518204857913,0.0,0.0,0.0,0.0,0.0,0.0,0.0,0.0,0.0,0.0
2016-12-06 08:00:00,0.0,0.0,0.281,0.40780518204857913,0.0,0.0,0.0,0.0,0.0,0.0,0.0,0.0,0.0,0.0
2016-12-06 09:00:00,0.0,0.0,0.21633333333333338,0.40780518204857913,0.0,0.0,0.0,0.00314990036625358,0.0,0.0,0.0,0.0,0.0,0.0
2016-12-06 10:00:00,0.0,0.0,0.07766666666666668,0.40780518204857913,0.0,0.0,0.0,0.0,0.0,0.0,0.0,0.0,0.0,0.0
2016-12-06 11:00:00,0.0,0.0,0.025833333333333333,0.40780518204857913,0.0,0.0,0.0,0.0,0.0,0.0,0.0,0.0,0.0,0.0
2016-12-06 12:00:00,0.0,0.0,0.004833333333333333,0.40780518204857913,0.0,0.0,0.0,0.0,0.0,0.0,0.0,0.0,0.0,0.0
2016-12-06 13:00:00,0.0,0.0,0.0,0.40780518204857913,0.0,0.0,1.6666666666666667e-06,0.0,0.0,0.0,0.0,0.0,0.0,0.0
2016-12-06 14:00:00,0.0,0.0,0.008,0.40780518204857913,0.0,0.0,0.0,0.0,0.0,0.0,0.0,0.0,0.0,0.0
2016-12-06 15:00:00,0.0,0.0,0.004,0.40780518204857913,0.0,0.0,8.626984126984128e-05,0.010630001966502448,0.0,0.0,0.0,0.0,0.0,0.0
2016-12-06 16:00:00,0.0,0.0,0.0,0.40780518204857913,0.0,0.0,0.0018837658730158713,0.030003190466271146,0.0,0.0,0.0,0.0001111111111111111,0.0005885416666666667,0.0016375291375291374
2016-12-06 17:00:00,0.0,0.0,0.0,0.40780518204857913,0.0,0.0,0.007184752425044094,0.0439016347291865,0.0,0.0,0.0,0.0037554563492063495,0.006175,0.009121693121693123
2016-12-06 18:00:00,0.0,0.0,0.0,0.40780518204857913,0.0,0.0,0.0006043994708994708,0.02645065788370951,0.0,0.0,0.0,0.0,0.0,0.0006857638888888889
2016-12-06 19:00:00,0.0,0.0,0.0,0.40780518204857913,0.0,0.0,9.407407407407406e-06,0.007255224156294801,0.0,0.0,0.0,0.0,0.0,0.0
2016-12-06 20:00:00,0.0,0.0,0.0,0.40780518204857913,0.0,0.0,0.0021024398148148144,0.004726637583392326,0.0,0.0,0.0,0.0010888888888888888,0.002972222222222222,0.0053988095238095245
2016-12-06 21:00:00,0.0,0.0,0.0,0.40780518204857913,0.0,0.0,0.0049284107142857116,0.03583432238284587,0.0,0.0,0.0,0.0027718531468531467,0.004917249417249418,0.007004629629629629
2016-12-06 22:00:00,0.0,0.0,0.0,0.40780518204857913,0.0,0.009635211606955185,0.00875998332531666,0.06916642612584611,0.0,0.0,0.04444754305685944,0.006882275132275133,0.010953703703703702,0.015100694444444444
2016-12-06 23:00:00,0.0,0.0,0.0,0.40780518204857913,0.0,0.0,0.020993710978835987,0.06039428019129037,0.0,0.0,0.01875774522988527,0.006323809523809523,0.015673160173160172,0.024171296296296295
2016-12-07 00:00:00,0.0,0.0,0.0,0.40780518204857913,0.0,0.0008945724035912539,0.015594924603174614,0.0,0.0,0.0,0.04748532771107378,0.008776785714285714,0.012809523809523809,0.01624404761904762
2016-12-07 01:00:00,0.0,0.0,0.0,0.40780518204857913,0.0,0.0,0.004425135582010578,0.0,0.0,0.0,0.0,0.002196875,0.004258333333333333,0.0067619047619047615
2016-12-07 02:00:00,0.0,0.0,0.0,0.40780518204857913,0.0,0.0,0.008586067019400356,0.0,0.0,0.0,0.0,0.0043055555555555555,0.006726495726495727,0.0089239417989418
2016-12-07 03:00:00,0.0,0.0,0.0,0.40780518204857913,0.0,0.0,0.008303709215167543,0.015005369874766486,0.0,0.0,0.003178575888616697,0.004136904761904763,0.006884469696969697,0.009577380952380954
2016-12-07 04:00:00,0.0,0.0,0.0,0.40780518204857913,0.0,0.0,0.008831859347442681,0.02052296396058355,0.0,0.0,0.00883221645527521,0.0050445075757575755,0.00742962962962963,0.009892857142857142
2016-12-07 05:00:00,0.0,0.0,0.0,0.40780518204857913,0.0,0.0,0.017682207671957682,0.017887746598445955,0.0,0.0,0.03838028388183179,0.010453296703296705,0.015892565359477126,0.020944444444444443
2016-12-07 06:00:00,0.0,0.0,0.0,0.40780518204857913,0.0,0.0,0.009216606701940027,0.003756270341511034,0.0,0.0,0.014995542125495365,0.00496780303030303,0.007211805555555555,0.009835565476190477
2016-12-07 07:00:00,0.0,0.0,0.0,0.40780518204857913,0.0,0.0,0.0015461653439153439,0.0,0.0,0.0,0.0,0.0005166666666666667,0.0014107142857142858,0.0025729166666666665
2016-12-07 08:00:00,0.0,0.0,0.0,0.40780518204857913,0.0,0.062079046827138884,0.030550561728395056,0.0,0.0,0.0,0.13348969739506855,0.021872507122507122,0.02803333333333334,0.03255257936507937
2016-12-07 09:00:00,0.0,0.0,0.0,0.40780518204857913,0.0,0.0766467788327454,0.026229507054673713,0.02808698405398867,0.0,0.0,0.1498399242739994,0.017005952380952382,0.02561574074074074,0.03424444444444444
2016-12-07 10:00:00,0.0,0.0,0.0,0.40780518204857913,0.0,0.0,0.0011018677248677252,0.0,0.0,0.0,0.0,7.222222222222222e-05,0.0006957070707070707,0.001953125
2016-12-07 11:00:00,0.0,0.0,0.0,0.40780518204857913,0.0,0.0,6.49351851851852e-05,0.0,0.0,0.0,0.0,0.0,0.0,0.0
2016-12-07 12:00:00,0.0,0.0,0.0,0.40780518204857913,0.0,0.0,0.0010351865079365082,0.014162350905122856,0.0,0.0,0.0,0.0,0.0003333333333333333,0.0010381944444444442
2016-12-07 13:00:00,0.0,0.0,0.0,0.40780518204857913,0.0,0.0,0.0007465185185185192,0.012598865005349305,0.0,0.0,0.0,0.0,0.0,0.0005833333333333333
2016-12-07 14:00:00,0.0,0.0,0.0,0.40780518204857913,0.0,0.0,0.000266962962962963,0.0,0.0,0.0,0.0,0.0,0.0,0.0006015151515151515
2016-12-07 15:00:00,0.0,0.0,0.0,0.40780518204857913,0.0,0.0,0.00026040740740740744,0.0,0.0,0.0,0.0,0.0,0.0,0.0
2016-12-07 16:00:00,0.0,0.0,0.0,0.40780518204857913,0.0,0.0,8.062962962962959e-05,0.0,0.0,0.0,0.0,0.0,0.0,0.0
2016-12-07 17:00:00,0.0,0.0,0.0,0.40780518204857913,0.0,0.0,0.00010083333333333331,0.0,0.0,0.0,0.0,0.0,0.0,0.0
2016-12-07 18:00:00,0.0,0.0,0.0,0.40780518204857913,0.0,0.0,0.010996218253968258,0.042205554611926,0.0,0.0,0.011970316616517707,0.0027766025641025637,0.005744047619047619,0.011594226579520696
2016-12-07 19:00:00,0.0,0.0,0.0,0.40780518204857913,0.0,0.0,0.0007131957671957669,0.026939373060809055,0.0,0.0,0.0,0.0,0.0,0.0009777930402930404
2016-12-07 20:00:00,0.0,0.0,0.0,0.40780518204857913,0.0,0.0,1.2518518518518518e-05,0.00338548575643266,0.0,0.0,0.0,0.0,0.0,0.0
2016-12-07 21:00:00,0.0,0.0,0.0,0.40780518204857913,0.0,0.0,8.116931216931215e-05,0.0,0.0,0.0,0.0,0.0,0.0,0.0
2016-12-07 22:00:00,0.0,0.0,0.0,0.40780518204857913,0.0,0.0,0.0,0.0,0.0,0.0,0.0,0.0,0.0,0.0
2016-12-07 23:00:00,0.0,0.0,0.0,0.40780518204857913,0.0,0.0,0.00793054100529101,0.0,0.0,0.0,0.0,0.005253246753246753,0.0071505681818181815,0.009215401785714287
2016-12-08 00:00:00,0.0,0.0,0.0,0.40780518204857913,0.0,0.0,4.122222222222222e-05,0.0,0.0,0.0,0.0,0.0,0.0,0.0002142857142857143
2016-12-08 01:00:00,0.0,0.0,0.0,0.40780518204857913,0.0,0.0,8.227380952380953e-05,0.0,0.0,0.0,0.0,0.0,1.5909090909090903e-05,0.00021901709401709403
2016-12-08 02:00:00,0.0,0.0,0.0,0.40780518204857913,0.0,0.0,0.0032797142857142855,0.0,0.0,0.0,0.0,0.00010984848484848486,0.0011076923076923078,0.0052812499999999995
2016-12-08 03:00:00,0.0,0.0,0.0,0.40780518204857913,0.0,0.030030036414804395,0.023964395943562602,0.0081283901145065,0.0,0.0,0.10292773412213158,0.01717857142857143,0.022030303030303032,0.027230639730639734
2016-12-08 04:00:00,0.0,0.0,0.0,0.40780518204857913,0.0,0.0,0.0,0.035667269965333245,0.0,0.0,0.0,0.0,0.0,0.0
2016-12-08 05:00:00,0.0,0.0,0.0,0.40780518204857913,0.0,0.0,0.006967322089947089,0.031113544220014763,0.0,0.0,0.03700556301389707,0.004703125000000001,0.0065016025641025646,0.008520833333333333
2016-12-08 06:00:00,0.0,0.0,0.0,0.40780518204857913,0.0,0.0,0.0010729832451499123,0.028228667113759806,0.0,0.0,0.0,0.0001388888888888889,0.000673611111111111,0.0014713541666666666
2016-12-08 07:00:00,0.0,0.0,0.0,0.40780518204857913,0.0,0.0,0.01722768099647266,0.007905025484844563,0.0,0.0,0.0557924850214897,0.012316666666666667,0.01704047619047619,0.020953125000000003
2016-12-08 08:00:00,0.0,0.0,0.0,0.40780518204857913,0.0,0.0,2.77037037037037e-05,0.0,0.0,0.0,0.0,0.0,0.0,0.0
2016-12-08 09:00:00,0.0,0.0,0.0,0.40780518204857913,0.0,0.0,2.037037037037037e-06,0.0,0.0,0.0,0.0,0.0,0.0,0.0
2016-12-08 10:00:00,0.0,0.0,0.0,0.40780518204857913,0.0,0.0,0.0006646574074074076,0.0,0.0,0.0,0.0,0.0,0.0002206439393939394,0.0008730158730158729
2016-12-08 11:00:00,0.0,0.0,0.0,0.40780518204857913,0.0,0.056251954024896245,0.0215034567099567,0.014175109570880418,0.0,0.0,0.13409392962381983,0.011576388888888888,0.01913078149920255,0.024727380952380952
2016-12-08 12:00:00,0.0,0.0,0.0,0.40780518204857913,0.0,0.0,0.0027564351851851847,0.0,0.0,0.0,0.03738532549833723,0.0004147727272727273,0.0017712962962962964,0.0038023809523809525
2016-12-08 13:00:00,0.0,0.0,0.0,0.40780518204857913,0.16598452375635586,0.22523764528993254,0.06302487037037034,0.03975305415756694,0.07743527977408629,0.1525609725312416,0.33104615256890324,0.04346060606060606,0.06622994652406416,0.08226349431818182
2016-12-08 14:00:00,0.0,0.0,0.0,0.40780518204857913,0.06946004170523723,0.14365834605853575,0.0480778390652558,0.027242496567524407,0.005133053827471951,0.06439477957448175,0.23068109518378638,0.040969696969696975,0.04816266025641026,0.05403637566137567
2016-12-08 15:00:00,0.0,0.0,0.0,0.40780518204857913,0.0,0.0,0.003315,0.0,0.0,0.0,0.0,0.0,0.0,0.0064285714285714285
2016-12-08 16:00:00,0.0,0.0,0.0,0.40780518204857913,0.0,0.0,0.00022671296296296296,0.0,0.0,0.0,0.0,0.0,0.0,0.00037354312354312354
2016-12-08 17:00:00,0.0,0.0,0.0,0.40780518204857913,0.010964176065054732,0.09121451083835203,0.03429538095238096,0.04674034310963528,0.0,0.007167348081998537,0.16156236968440113,0.03231944444444445,0.03565046296296297,0.03913055555555556
2016-12-08 18:00:00,0.23766666666666664,0.0,0.0,0.40780518204857913,0.3790639361501159,0.4029639757583331,0.22017517791005303,0.23451121906819294,0.243227015895088,0.33855081901507783,0.5336501428250463,0.20906666666666668,0.2275652777777778,0.24405104166666666
2016-12-08 19:00:00,0.4033333333333333,0.23766666666666664,0.0,0.40780518204857913,0.4847536186984689,0.49037036779197263,0.3341377702821871,0.3189788343769026,0.3239367379926628,0.4325211571749465,0.637933752242527,0.334129662004662,0.3508174603174603,0.36992222222222226
2016-12-08 20:00:00,0.4323333333333333,0.4033333333333333,0.0,0.40780518204857913,0.5737199099816963,0.5632090278200054,0.48955429519400306,0.4275147528000647,0.3917777743987533,0.5115187954774922,0.7255016854875076,0.47477083333333336,0.49341666666666667,0.5117208333333333
2016-12-08 21:00:00,0.2996666666666667,0.4323333333333333,0.0,0.40780518204857913,0.3963966235240579,0.40879106856057573,0.2118808970458553,0.27939405591565086,0.2576455771910044,0.34980937546483276,0.5417740035441088,0.18337916666666665,0.2200092592592593,0.2437013888888889
2016-12-08 22:00:00,0.587,0.2996666666666667,0.0,0.40780518204857913,0.6356063843021389,0.6098257702379464,0.6098888346560849,0.5275488367529938,0.4388412336303678,0.5653771417123206,0.7840828333562267,0.567348717948718,0.5955277777777779,0.6311840277777777
2016-12-08 23:00:00,1.017,0.587,0.0,0.40780518204857913,0.8402783597591184,0.7817250079041043,0.8178701340267759,0.8342060722312454,0.5936297744959144,0.7501006061012903,0.9920240665567397,0.6548437500000001,0.8873435185185186,0.9770868055555557
2016-12-09 00:00:00,0.5756666666666667,1.017,0.0,0.40780518204857913,0.5821903714917318,0.5428142030121562,0.4857310390211642,0.44102887979836947,0.39358993083958804,0.5130046693502222,0.7155914950455797,0.4570476190476191,0.47988782051282053,0.4968122710622711
2016-12-09 01:00:00,0.6741666666666666,0.5756666666666667,0.0,0.40780518204857913,0.7479189010421472,0.6826644302659796,0.7325914755291005,0.6383548138913271,0.5184638220044369,0.6633762860934617,0.8857056997161444,0.7123750000000001,0.7570509259259259,0.781705357142857
2016-12-09 02:00:00,0.7066666666666667,0.6741666666666666,0.0,0.40780518204857913,0.7317361424142166,0.6680966982603729,0.5759537870370373,0.6056260266897749,0.5053775576089967,0.649551530229046,0.8709987567444394,0.4938184523809524,0.6828703703703705,0.7285367647058824
2016-12-09 03:00:00,0.3868333333333333,0.7066666666666667,0.0,0.40780518204857913,0.4686891167780183,0.4437536253740314,0.2887313423721339,0.27299878945971306,0.3051781952782482,0.41269736630527976,0.6050311672601041,0.2770625,0.29367124542124545,0.3055347222222222
2016-12-09 04:00:00,0.29783333333333334,0.3868333333333333,0.0,0.40780518204857913,0.4266879664683365,0.40879106856057557,0.25616075925925946,0.23948744186935894,0.27242273828344943,0.3761541160890526,0.5653534137468025,0.23787873931623935,0.27196410256410253,0.29065785256410254
2016-12-09 05:00:00,0.23416666666666663,0.29783333333333334,0.0,0.40780518204857913,0.4111258348612341,0.39713688295609034,0.2294487638888891,0.22456230370949032,0.2597381755676922,0.36371849750484764,0.553057117407242,0.21436574074074075,0.23426666666666668,0.2509356060606061
2016-12-09 06:00:00,0.17233333333333334,0.23416666666666663,0.0,0.40780518204857913,0.2957635235716166,0.3009898517190869,0.15262823544973533,0.12397904084475472,0.1715449851578653,0.2610420027162228,0.43900958749098545,0.14410208333333333,0.15109166666666665,0.1595863095238095
2016-12-09 07:00:00,0.2275,0.17233333333333334,0.0,0.40780518204857913,0.41207295145169365,0.4029639757583331,0.23160825595238113,0.2201397094614373,0.2590247137340341,0.36796292738594255,0.5613829484733055,0.21537916666666668,0.23686111111111113,0.25342187499999996
2016-12-09 08:00:00,0.22966666666666663,0.2275,0.0,0.40780518204857913,0.411906304339838,0.4058775221594543,0.2303579380511464,0.2629412425823978,0.2584594575974407,0.3693217942152316,0.5644778033882447,0.20807118055555554,0.23225833333333334,0.24878124999999998
2016-12-09 09:00:00,0.3185,0.22966666666666663,0.0,0.40780518204857913,0.47993772104809573,0.4670619965830022,0.3313005524691356,0.3218976507332271,0.3097906944735008,0.432130900219479,0.6366205152886654,0.31010347985347986,0.3332388888888889,0.3471605477855478
2016-12-09 10:00:00,0.483,0.3185,0.0,0.40780518204857913,0.5617728276588208,0.5399006566110349,0.28424264682539646,0.38779626328280264,0.3718228590084738,0.5070828063717029,0.722092534977797,0.3172326388888889,0.3670740740740741,0.4390736111111111
2016-12-09 11:00:00,0.4518333333333333,0.483,0.0,0.40780518204857913,0.49713106031823573,0.48745682139085117,0.3092698196649032,0.31666425825970207,0.323123048567904,0.4490753693060122,0.6571195446448509,0.3094222222222222,0.33127976190476194,0.34874305555555557
2016-12-09 12:00:00,0.393,0.4518333333333333,0.0,0.40780518204857913,0.5150579670083852,0.5049380997975792,0.34363726014109347,0.3145317680020732,0.33720053935355265,0.46534304266218846,0.6754829408761904,0.33556587301587304,0.34744444444444444,0.35815401785714285
2016-12-09 13:00:00,0.6978333333333334,0.393,0.0,0.40780518204857913,0.6976972722841217,0.6622696054581303,0.5647794150633316,0.5089623780232816,0.476254709245963,0.6302161768207644,0.8610458282176208,0.413112012987013,0.5905833333333335,0.6480260989010989
2016-12-09 14:00:00,0.6461666666666667,0.6978333333333334,0.0,0.40780518204857913,0.666064837896698,0.6360476878480383,0.5919525282186954,0.49389856465434767,0.45311555349628896,0.6007720453064993,0.8269343467955224,0.5755982905982907,0.6051763888888889,0.6333199404761906
2016-12-09 15:00:00,0.6081666666666666,0.6461666666666667,0.0,0.40780518204857913,0.5978208833550858,0.5777767598256122,0.4909752929292929,0.46558790281448154,0.402324504821605,0.5378346323922648,0.7546599958370784,0.44563106060606056,0.48510000000000003,0.5070250000000001
2016-12-09 16:00:00,0.51,0.6081666666666666,0.0,0.40780518204857913,0.6193298080867582,0.59525803823234,0.42109730814093316,0.5194751687471328,0.419554781754212,0.5558340737319145,0.7734155674673214,0.369280303030303,0.4658611111111111,0.5076778846153847
2016-12-09 17:00:00,0.5293333333333333,0.51,0.0,0.40780518204857913,0.5870767466785067,0.5661225742211269,0.46419029645662996,0.45882518368784025,0.3960139243248554,0.5250008049374391,0.7368934394130788,0.44458682983682984,0.46776169590643274,0.4863079212454212
2016-12-09 18:00:00,0.17233333333333334,0.5293333333333333,0.23766666666666664,0.40780518204857913,0.28917917547827754,0.3097304909224508,0.13314453196649026,0.13221621834066477,0.17111598348048263,0.2537104873817532,0.42901030135432155,0.11974848484848487,0.14538636363636365,0.15554807692307693
2016-12-09 19:00:00,0.07066666666666667,0.17233333333333334,0.4033333333333333,0.40780518204857913,0.1148084417938422,0.15822607806414246,0.049723488756613754,0.06875802088632288,0.039648244728104215,0.09424877089506448,0.24735742503666935,0.032566287878787875,0.04681944444444444,0.05929212454212454
2016-12-09 20:00:00,0.15633333333333335,0.07066666666666667,0.4323333333333333,0.40780518204857913,0.2720821516704326,0.2893356661146017,0.13739552998236326,0.13723640797658315,0.1592398813415005,0.23505910545286843,0.4046659645585119,0.127203125,0.13899444444444442,0.15044444444444444
2016-12-09 21:00:00,0.09966666666666668,0.15633333333333335,0.2996666666666667,0.40780518204857913,0.20405073496217496,0.228151191691054,0.10294772354497359,0.10951972711971478,0.10790864446544055,0.17224999944862132,0.3325232526580916,0.08671666666666666,0.10150997150997151,0.1129190705128205
2016-12-09 22:00:00,0.083,0.09966666666666668,0.587,0.40780518204857913,0.1734461922964723,0.19901572767984083,0.06052389417989416,0.08484104167987405,0.0846894300859467,0.1436576154878406,0.29935668767660595,0.04694034090909091,0.06537908496732026,0.08270833333333333
2016-12-09 23:00:00,0.196,0.083,1.017,0.40780518204857913,0.40202576426112835,0.39130979015384776,0.24586889550264568,0.24924105263490826,0.25759068102405014,0.3500155235661503,0.5317071330740202,0.23134664351851852,0.25026111111111116,0.26499999999999996
2016-12-10 00:00:00,0.164,0.196,0.5756666666666667,0.40780518204857913,0.30289643668648414,0.2893356661146015,0.13244146693121686,0.175931240027961,0.17812047097303407,0.25353324343127304,0.4083068910285899,0.12079960317460317,0.13882430555555555,0.14787247474747475
2016-12-10 01:00:00,0.24566666666666662,0.164,0.6741666666666666,0.40780518204857913,0.4481327406588903,0.41170461496169686,0.285289559744268,0.29849602983738255,0.287469182075691,0.3853610512979351,0.557498913816096,0.2629381868131868,0.28143703703703704,0.29655729166666667
2016-12-10 02:00:00,0.24966666666666662,0.24566666666666662,0.7066666666666667,0.40780518204857913,0.46951906225730977,0.4291858933684249,0.28714921913580266,0.3193691674350925,0.30284574779426926,0.4055332783739115,0.5811493042966652,0.27306547619047616,0.29293611111111106,0.31174107142857144
2016-12-10 03:00:00,0.2865,0.24966666666666662,0.3868333333333333,0.40780518204857913,0.5036093075022408,0.4583213573796381,0.3230855445326282,0.37189638061684843,0.32776149636530055,0.43756434316051734,0.6185533521166785,0.2963,0.31257500000000005,0.33993854166666665
2016-12-10 04:00:00,0.4545,0.2865,0.29783333333333334,0.40780518204857913,0.6255459618166304,0.5632090278200055,0.495246929453263,0.5298909363568206,0.4192074798680354,0.5493715639569091,0.746253053667845,0.4765016233766234,0.5027514245014245,0.5196523809523809
2016-12-10 05:00:00,0.31,0.4545,0.23416666666666663,0.40780518204857913,0.5143534441788198,0.46997554298412336,0.33432967526455004,0.3863855324101697,0.3340720768620502,0.4503981706153431,0.636319908540678,0.32039722222222217,0.3403954545454545,0.3603604166666667
2016-12-10 06:00:00,0.2935,0.31,0.17233333333333334,0.40780518204857913,0.4502216968342243,0.4175317077639395,0.28781722817460315,0.30615255490057625,0.2846918366077024,0.39408119801816155,0.5745778333320677,0.25828565705128204,0.2804496336996337,0.29824350649350645
2016-12-10 07:00:00,0.24016666666666664,0.2935,0.2275,0.40780518204857913,0.4333316584572434,0.40587752215945444,0.2444571415343916,0.2679073385680247,0.2712578947796252,0.38046736499012845,0.5609570120745074,0.21843928571428564,0.24124469696969697,0.25893333333333335
2016-12-10 08:00:00,0.3388333333333333,0.24016666666666664,0.22966666666666663,0.40780518204857913,0.49464168807941444,0.46123490378075943,0.30834715454144623,0.33961296490971493,0.31726817882960706,0.43745765844914974,0.6268184126386223,0.2921736111111111,0.31089678030303025,0.33170080128205126
2016-12-10 09:00:00,0.4981666666666667,0.3388333333333333,0.3185,0.40780518204857913,0.5626731047876719,0.5224193782043068,0.41947104563492077,0.4284082405367073,0.3685994157056668,0.5002667644533966,0.6989611245390424,0.3867673992673992,0.4137261904761905,0.442605056980057
2016-12-10 10:00:00,0.5388333333333334,0.4981666666666667,0.483,0.40780518204857913,0.6171852439610521,0.5719496670233694,0.49561670502645483,0.5270584943655809,0.4099313401577178,0.5504935921035178,0.7565369017174298,0.4605128787878788,0.4807772727272728,0.5098472222222222
2016-12-10 11:00:00,0.3823333333333333,0.5388333333333334,0.4518333333333333,0.40780518204857913,0.5388819929017947,0.5078516461987005,0.34663921847442664,0.3999609041353003,0.35088140967568693,0.48012361578677554,0.6776157901291114,0.3430378787878788,0.3565125,0.3717005208333333
2016-12-10 12:00:00,0.151,0.3823333333333333,0.393,0.40780518204857913,0.3074868217261688,0.31264403732357227,0.13746332870370362,0.14250163798811438,0.1760692097046697,0.2707749478112603,0.44142597344990553,0.12211060606060604,0.1470761904761905,0.15740848214285713
2016-12-10 13:00:00,0.19783333333333336,0.151,0.6978333333333334,0.40780518204857913,0.39108037004152896,0.3854826973516051,0.21961267526455036,0.22197866754470424,0.2400850092964868,0.34601967239971226,0.5258649816898863,0.20132936507936505,0.21102685185185185,0.2237099358974359
2016-12-10 14:00:00,0.299,0.19783333333333336,0.6461666666666667,0.40780518204857913,0.44824757982547725,0.43501298617066764,0.2358187288359789,0.27010844569535036,0.28422163381631027,0.3969320460172827,0.5824162884277083,0.2045530303030303,0.25606018518518514,0.2790263310185185
2016-12-10 15:00:00,0.3243333333333333,0.299,0.6081666666666666,0.40780518204857913,0.5063723496815864,0.48454327498973004,0.3279233409611993,0.35683083012408334,0.32916919552514173,0.4483481211752751,0.6391620590814584,0.3082845643939394,0.32475623885918004,0.34738131313131315
2016-12-10 16:00:00,0.3343333333333333,0.3243333333333333,0.51,0.40780518204857913,0.49372756511657734,0.47288908938524465,0.3099318802910053,0.3417163720795236,0.32052417235409586,0.4354412143872958,0.6230473275732705,0.30149768518518516,0.31637037037037036,0.3283
2016-12-10 17:00:00,0.524,0.3343333333333333,0.5293333333333333,0.40780518204857913,0.5810124862467112,0.5457277494132776,0.4233885363756609,0.4581944325652146,0.38754686528752413,0.5127801640395216,0.7085712605035359,0.40752083333333333,0.4278513986013986,0.4495733974358974
2016-12-10 18:00:00,0.7921666666666666,0.524,0.17233333333333334,0.40780518204857913,0.7168670231143377,0.6593560590570089,0.6687323897707234,0.6770557810409752,0.4912652357595427,0.6340004677047237,0.8435409723028509,0.6486140572390572,0.6686817810457517,0.6874594907407408
2016-12-10 19:00:00,1.024,0.7921666666666666,0.07066666666666667,0.40780518204857913,0.880618011467049,0.7962927399097106,0.9997631743827159,0.9973385230075269,0.6159629680333271,0.7805115976815615,1.007104097055664,0.9439291666666667,0.9867644230769231,1.0315711805555554
2016-12-10 20:00:00,0.8346666666666667,1.024,0.15633333333333335,0.40780518204857913,0.7954003853372009,0.7205405334805564,0.8166220127865959,0.8494548234655317,0.5518399739107883,0.7018868605331998,0.9168334842946474,0.7874984848484847,0.8169537037037037,0.8508541666666666
2016-12-10 21:00:00,0.719,0.8346666666666667,0.09966666666666668,0.40780518204857913,0.7068767430509344,0.6418747806502809,0.6215615996472669,0.6559118594708315,0.4849835569725367,0.6205339456523755,0.8237685905111687,0.5762347494553377,0.6384444444444444,0.6742204861111112
2016-12-10 22:00:00,0.809,0.719,0.083,0.40780518204857913,0.7684872154862719,0.6914050694693434,0.7068456688712524,0.741571351643455,0.5316276528729057,0.6753887016361931,0.8847518440034465,0.69721875,0.7507420634920634,0.7900404829545454
2016-12-10 23:00:00,0.67,0.809,0.196,0.40780518204857913,0.6862680328511259,0.6185664094413105,0.5902680694444448,0.6057687785658613,0.4690636728677682,0.6004988417530792,0.7997825308411398,0.5754375,0.60215,0.6307548611111111
2016-12-11 00:00:00,0.5798333333333334,0.67,0.164,0.40780518204857913,0.6506920676543257,0.5836038526278547,0.5900551533374035,0.5454342640482318,0.440799004208347,0.5633661972195606,0.7486724344737988,0.54851875,0.56996875,0.5887394781144781
2016-12-11 01:00:00,1.3481666666666667,0.5798333333333334,0.24566666666666662,0.40780518204857913,1.0384197076331707,0.9128345959545634,0.8861601177248669,1.1173066431662404,0.733862346046939,0.914629076792388,1.1454436095441638,0.8694510073260073,1.0563926282051281,1.2216513888888887
2016-12-11 02:00:00,2.3455,1.3481666666666667,0.24966666666666662,0.40780518204857913,1.5516194431038042,1.3498665561227614,1.99561744819224,1.9326474404027152,1.1218432332581185,1.379852716906222,1.6712263652181378,1.8439131944444442,1.9989166666666665,2.191791666666667
2016-12-11 03:00:00,2.802,2.3455,0.2865,0.40780518204857913,1.6027865429970765,1.3935697521395813,2.013872932319225,1.981397001378424,1.1596966318809763,1.4273369557566422,1.7260655646073668,1.913628472222222,2.103897222222222,2.250004166666667
2016-12-11 04:00:00,3.0111666666666665,2.802,0.4545,0.40780518204857913,2.056014177489277,1.7810714234887164,2.5065490683421503,2.530640939925557,1.5021330263891437,1.838935753391035,2.1920072066013128,2.236633928571428,2.5747166666666668,2.725602564102564
2016-12-11 05:00:00,2.8998333333333335,3.0111666666666665,0.31,0.40780518204857913,1.8628527575394302,1.6179128250259227,2.042027454805997,2.314633278861393,1.3548969031343916,1.6657871245431595,1.9983853339419115,1.8759131944444447,1.9952662037037037,2.178329166666667
2016-12-11 06:00:00,2.9716666666666667,2.8998333333333335,0.2935,0.40780518204857913,1.9660741857485753,1.7082327634606835,2.0423203240740735,2.447890141348155,1.4323056333879431,1.76091125777136,2.1075077441116123,1.8716607142857142,1.9677212301587304,2.2223395833333335
2016-12-11 07:00:00,3.039,2.9716666666666667,0.24016666666666664,0.40780518204857913,2.3351210624240952,2.025809321182907,2.3124779728835962,2.874432982901588,1.711262582731143,2.096539158585534,2.487921348318321,2.0607604166666667,2.3210395833333335,2.622713383838384
2016-12-11 08:00:00,3.0386666666666664,3.039,0.3388333333333333,0.40780518204857913,2.1539397560398275,1.8743049083245984,2.372043525132273,2.607174786689698,1.5735582360451894,1.9340943803383897,2.306203596599577,2.0703901515151513,2.372975,2.6606090277777783
2016-12-11 09:00:00,2.8125,3.0386666666666664,0.4981666666666667,0.40780518204857913,2.3517552680754754,2.0462041459907563,2.468738686507935,2.786910479119683,1.7232156133151304,2.1143476092276265,2.510853460426034,2.110054166666666,2.3832634680134683,2.6518361111111113
2016-12-11 10:00:00,0.2465,2.8125,0.5388333333333334,0.40780518204857913,0.9888884714365707,0.8866126783444717,1.1660588176807756,1.1106421445199006,0.6907225834655876,0.8819609895811453,1.12131165735954,1.1137696969696969,1.160622159090909,1.2066724206349206
2016-12-11 11:00:00,0.0,0.2465,0.3823333333333333,0.40780518204857913,0.5997864657775109,0.5573819350177629,0.49625542879188667,0.4611401896937633,0.3962074220403157,0.5303432453029796,0.7250707872115008,0.4661869658119658,0.482574358974359,0.4990528273809524
2016-12-11 12:00:00,0.0,0.0,0.151,0.40780518204857913,0.5733135503819742,0.5369871102099135,0.4354753921957675,0.42291567790471946,0.3766470226912155,0.5064326660932379,0.69810278936288,0.40596875,0.4270378787878788,0.4519392361111111
2016-12-11 13:00:00,0.0,0.0,0.19783333333333336,0.40780518204857913,0.3939235371128865,0.3854826973516051,0.19824281238977076,0.17205171947791892,0.24142301148490578,0.3436985100989471,0.5140404634369431,0.16951851851851849,0.19893055555555555,0.21236031746031747
2016-12-11 14:00:00,0.0,0.0,0.299,0.40780518204857913,0.6150285515209062,0.5748632134244908,0.49176780886243404,0.4709760279815364,0.4097610765022628,0.5429613547291363,0.7379692252392331,0.4646631944444445,0.4836944444444444,0.5062223039215686
2016-12-11 15:00:00,0.0,0.0,0.3243333333333333,0.40780518204857913,0.5399538551199572,0.5107651925998217,0.36403862923280395,0.3535888152651114,0.35379496780684805,0.4738426721893757,0.6587208136531028,0.3396511904761905,0.3655538461538461,0.4006458333333333
2016-12-11 16:00:00,0.0,0.0,0.3343333333333333,0.40780518204857913,0.4180172008055677,0.40587752215945444,0.21229512235449724,0.21461136940668527,0.26234898430411335,0.3620354513929841,0.5310211121019365,0.1958900462962963,0.22987373737373734,0.24866571969696968
2016-12-11 17:00:00,0.0,0.0,0.524,0.40780518204857913,0.6863167812081135,0.6331341414469172,0.5879591335978831,0.6348371926746285,0.4665107677869017,0.6031780461216434,0.8013576516658854,0.5765151515151515,0.5984234539969834,0.6165267857142858
2016-12-11 18:00:00,0.0,0.0,0.7921666666666666,0.40780518204857913,0.7504485285527087,0.6855779766671006,0.7028142048059963,0.7646805942602394,0.5158910080412492,0.6594950187188247,0.8630997268744953,0.7017249999999999,0.7329583333333334,0.7733486111111112
2016-12-11 19:00:00,0.0,0.0,1.024,0.40780518204857913,0.8697996948197346,0.7846385543052257,0.970090453042328,0.945418334423858,0.6069508501802854,0.7658278961297451,0.9813314575473489,0.9314107142857143,0.9745597643097642,1.0136885416666666
2016-12-11 20:00:00,0.0,0.0,0.8346666666666667,0.40780518204857913,0.8494741163535813,0.7642437294973765,0.8653433778659612,0.8911438418656602,0.5919909262546869,0.7459252204238784,0.9573144207493508,0.8431458333333334,0.8805376984126985,0.9208875000000001
2016-12-11 21:00:00,0.0,0.0,0.719,0.40780518204857913,0.9180575368320494,0.8196011111186812,1.0421814688151363,1.0099657087200724,0.644160889793238,0.8067415069301468,1.0246529214026534,1.0155462962962962,1.048511507936508,1.0821226851851853
2016-12-11 22:00:00,0.0,0.0,0.809,0.40780518204857913,0.9079452197443558,0.8079469255141962,1.0083767422438672,0.9720033512249486,0.6364668554759362,0.7966929318459439,1.0124085383042267,0.9882659722222222,1.0275147306397305,1.0577888888888891
2016-12-11 23:00:00,0.0,0.0,0.67,0.40780518204857913,0.6208037813291207,0.5602954814188842,0.5133717169312169,0.503755878537422,0.4186510748488815,0.5363649831970561,0.7182174063113349,0.47734444444444446,0.5023166666666666,0.5257020833333333
2016-12-12 00:00:00,0.0,0.0,0.5798333333333334,0.40780518204857913,0.7012861505900829,0.6389612342491596,0.562585819223986,0.619780608736345,0.48198488480874924,0.6097800138246604,0.8040940440642534,0.5418598484848485,0.6262708333333333,0.6531354895104895
2016-12-12 01:00:00,0.0,0.0,1.3481666666666667,0.40780518204857913,0.7952918906174669,0.7176269870794352,0.8117623584656082,0.7629188142473897,0.5525206457559269,0.695248299499879,0.9009806121441131,0.8023653846153846,0.8372407407407407,0.8782961309523808
2016-12-12 02:00:00,0.0,0.0,2.3455,0.40780518204857913,0.6527404075918146,0.59525803823234,0.48225568783068734,0.5196463226735004,0.44369577097697155,0.5670700555632364,0.7572535475602141,0.4429583333333333,0.5141933210784313,0.5571530934343435
2016-12-12 03:00:00,0.0,0.0,2.802,0.40780518204857913,0.37944726916661187,0.3621743261426345,0.21262294047619054,0.19245142915907928,0.23573381861512702,0.32094398720118134,0.4808248671343494,0.20160763888888888,0.21380208333333334,0.22659957264957262
2016-12-12 04:00:00,0.0,0.0,3.0111666666666665,0.40780518204857913,0.3715998281536117,0.35634723334039187,0.20158883786275464,0.17016550021336924,0.2288536617239811,0.31530708511258315,0.4760174167594787,0.19203479853479857,0.20615624999999999,0.21833479020979016
2016-12-12 05:00:00,0.0,0.0,2.8998333333333335,0.40780518204857913,0.2535765686564645,0.25728665570226705,0.11922770965608474,0.12577810529513989,0.13854319869726528,0.21015242214549126,0.3591102110046255,0.11083806818181818,0.11733275058275058,0.1265763888888889
2016-12-12 06:00:00,0.0,0.0,2.9716666666666667,0.40780518204857913,0.3226442875689274,0.31847113012581474,0.15891159259259266,0.17113721583239844,0.19007662884716375,0.2743702072460628,0.4333623180358957,0.12675347222222222,0.15438636363636365,0.17045021645021646
2016-12-12 07:00:00,0.0,0.0,3.039,0.40780518204857913,0.18621626665356084,0.20484282048208338,0.08512693694885361,0.10479306559854591,0.0860791366563014,0.15258415577132817,0.2976954357938272,0.07281155303030304,0.0839513888888889,0.09033928571428572
2016-12-12 08:00:00,0.12716666666666668,0.0,3.0386666666666664,0.40780518204857913,0.3158337148690953,0.31847113012581474,0.15078962367724874,0.14938530416120227,0.18384002091358895,0.2713871454856074,0.43329744263480385,0.132525,0.15395691287878788,0.16769246031746032
2016-12-12 09:00:00,0.20583333333333337,0.12716666666666668,2.8125,0.40780518204857913,0.33604993856199883,0.33886595493366406,0.1723068985890652,0.14323057517384813,0.19894583764453497,0.29092736411117404,0.45662173014142104,0.1653791666666667,0.17171875000000003,0.17982118055555554
2016-12-12 10:00:00,0.3706666666666667,0.20583333333333337,0.2465,0.40780518204857913,0.5305922858517729,0.5078516461987004,0.2794960356261023,0.37238184213783126,0.3463664925215624,0.46787021908457366,0.6571657501873748,0.19607407407407407,0.31298489010989017,0.3645601851851852
2016-12-12 11:00:00,0.5178333333333334,0.3706666666666667,0.0,0.40780518204857913,0.6298883231352594,0.59525803823234,0.4706176199294534,0.5693212667155431,0.42186812257852646,0.5582132530315022,0.759570214918897,0.3803750000000001,0.4835277777777778,0.5252345753205128
2016-12-12 12:00:00,0.688,0.5178333333333334,0.0,0.40780518204857913,0.654645971684745,0.6185664094413105,0.4819566981922397,0.5834546837597442,0.4411206733849055,0.580662196013204,0.7849076717779224,0.4169406565656566,0.5223282828282828,0.5617200435729849
2016-12-12 13:00:00,0.4451666666666667,0.688,0.0,0.40780518204857913,0.5367326351496842,0.5195058318031858,0.3179567841710753,0.37369851617470334,0.35247220236517085,0.47355946664864523,0.6636118915011613,0.30454695767195766,0.3411125541125541,0.3678392857142857
2016-12-12 14:00:00,0.39,0.4451666666666667,0.0,0.40780518204857913,0.49485408797325614,0.48454327498973004,0.25280708095238064,0.3384325043713669,0.3215704565844011,0.4348434306960916,0.6190393191375337,0.19491416666666667,0.27540166666666666,0.31769505494505496
2016-12-12 15:00:00,0.207,0.39,0.0,0.40780518204857913,0.3343951183306033,0.3476065941370281,0.1918933802910053,0.1998512310356086,0.20091609762985432,0.28845887783725865,0.4526151497053263,0.16715873015873017,0.19056150793650795,0.20849905303030303
2016-12-12 16:00:00,0.08883333333333333,0.207,0.0,0.40780518204857913,0.1714740128601958,0.20775636688320484,0.0705078292448292,0.1043126066169236,0.07841975400273596,0.139564039287712,0.2830710843880426,0.05628333333333334,0.07454607843137256,0.08730520833333333
2016-12-12 17:00:00,0.15166666666666664,0.08883333333333333,0.0,0.40780518204857913,0.28608190142767487,0.3039033981202084,0.14195527910052913,0.16072903481363912,0.16614268701908652,0.24162806744204102,0.39649125982905276,0.1215625,0.1439807692307692,0.15672727272727272
2016-12-12 18:00:00,0.2695,0.15166666666666664,0.0,0.40780518204857913,0.3911980999282878,0.39130979015384776,0.2254330846560846,0.21618091724398353,0.24657328739781745,0.33503265779237706,0.5000776988037798,0.21472544642857141,0.2293125,0.2382827380952381
2016-12-12 19:00:00,0.08216666666666667,0.2695,0.0,0.40780518204857913,0.20316588252517953,0.2281511916910539,0.08197139726631392,0.10008691812293256,0.10475542860397774,0.16320840205463655,0.304476701230755,0.07891666666666666,0.09124305555555556,0.09813226495726494
2016-12-12 20:00:00,0.0745,0.08216666666666667,0.0,0.40780518204857913,0.17600956219968977,0.20192927408096206,0.08982750308641978,0.09097797655941946,0.08462044465764873,0.13712445672324414,0.2734856038050709,0.0747470238095238,0.08798789173789173,0.09859107142857143
2016-12-12 21:00:00,0.03,0.0745,0.0,0.40780518204857913,0.032839985038732644,0.0766467788327454,0.03161389378306881,0.061558501016207134,0.0,0.006321384838213262,0.12462822500010262,0.02344823232323232,0.03244444444444444,0.03830324074074074
2016-12-12 22:00:00,0.0,0.03,0.0,0.40780518204857913,0.0,0.0,0.0,0.034043799267708064,0.0,0.0,0.0,0.0,0.0,0.0
2016-12-12 23:00:00,0.0,0.0,0.0,0.40780518204857913,0.0,0.0,0.0005744801587301588,0.04653824664515553,0.0,0.0,0.0,0.0,0.0,0.00027272727272727274
2016-12-13 00:00:00,0.0,0.0,0.0,0.40780518204857913,0.0,0.0,0.00023655820105820106,0.007276322781419986,0.0,0.0,0.0,0.0,0.0,0.0
2016-12-13 01:00:00,0.0023333333333333335,0.0,0.0,0.40780518204857913,0.0,0.0,0.003868166005291002,0.017173597029889867,0.0,0.0,0.0,0.0027430555555555554,0.004412962962962962,0.006302380952380952
2016-12-13 02:00:00,0.02266666666666667,0.0023333333333333335,0.0,0.40780518204857913,0.0,0.050424861222653605,0.028499421476671484,0.026756155759464814,0.0,0.0,0.1034961559897592,0.024804166666666665,0.030460470085470086,0.03472064393939394
2016-12-13 03:00:00,0.07883333333333332,0.02266666666666667,0.0,0.40780518204857913,0.10945275383906927,0.14948543886077845,0.05193135802469135,0.057090407464343254,0.03555873294817222,0.08230067790046275,0.2245889313420067,0.04633429487179487,0.05912083333333334,0.06550520833333333
2016-12-13 04:00:00,0.117,0.07883333333333332,0.0,0.40780518204857913,0.2621277465204722,0.28059502691123767,0.10465661794532624,0.11619902643579265,0.15029248654419466,0.22192361201172056,0.383671905717761,0.0776076388888889,0.11197685185185186,0.13689136904761906
2016-12-13 05:00:00,0.15533333333333335,0.117,0.0,0.40780518204857913,0.33878063001440994,0.347606594137028,0.19793759171075848,0.1707664673860642,0.2074712341083001,0.2929351333721138,0.4655254278519638,0.18602083333333327,0.19550833333333334,0.2089348484848485
2016-12-13 06:00:00,0.5578333333333334,0.15533333333333335,0.0,0.40780518204857913,0.636678201214639,0.6039986774357039,0.5796586362433861,0.5828719268564232,0.4323691749526727,0.5642254509277995,0.7734085659107209,0.5542638888888889,0.5980944444444445,0.6353002645502646
2016-12-13 07:00:00,0.7996666666666666,0.5578333333333334,0.0,0.40780518204857913,0.732495403516707,0.6884915230682221,0.766565928571429,0.7833479940018739,0.5043237234666497,0.6526025667209417,0.8748597450099823,0.744621875,0.7792238095238095,0.8010304487179487
2016-12-13 08:00:00,0.6556666666666666,0.7996666666666666,0.12716666666666668,0.40780518204857913,0.6298676285148068,0.6039986774357039,0.4648546219135803,0.6183269478387317,0.42613256701909785,0.561242389167344,0.773343690509629,0.37316666666666665,0.47649117647058825,0.539352380952381
2016-12-13 09:00:00,0.8971666666666667,0.6556666666666666,0.20583333333333337,0.40780518204857913,0.8413446242691272,0.7875521007063471,0.8230199087301588,0.9725806486141495,0.5861400643304999,0.753858157307633,0.9919416755914592,0.8232694444444445,0.9341103988603987,0.990324494949495
2016-12-13 10:00:00,0.6453333333333334,0.8971666666666667,0.3706666666666667,0.40780518204857913,0.6294578309283911,0.6098257702379467,0.4445296779100526,0.6188172045379225,0.42564464797405854,0.563015469562248,0.7775290882900856,0.32821666666666666,0.46673425925925927,0.5496726190476191
2016-12-13 11:00:00,0.2505,0.6453333333333334,0.5178333333333334,0.40780518204857913,0.33940158222970807,0.36508787254375596,0.17809304850088184,0.19044735887315845,0.20616785684937988,0.30102613485420604,0.4824120972434957,0.16968154761904758,0.1810357142857143,0.19414583333333332
2016-12-13 12:00:00,0.09,0.2505,0.688,0.40780518204857913,0.13532937849142712,0.19318863487759816,0.026277658950617313,0.060068952229600577,0.05205589696128482,0.11640254538079381,0.27411852307503426,0.012991565452091767,0.029794973544973544,0.050225000000000006
2016-12-13 13:00:00,0.06183333333333334,0.09,0.4451666666666667,0.40780518204857913,0.09255420240906553,0.15822607806414232,0.020639170194003534,0.054125626063871925,0.020333086169586456,0.07729378189701869,0.22953740970282088,0.01114280303030303,0.024556100217864925,0.041946875
2016-12-13 14:00:00,0.04,0.06183333333333334,0.39,0.40780518204857913,0.009691204076619497,0.08830096443723079,0.022357958553791888,0.058306084777122895,0.0,0.001490128191310336,0.14312047357307633,0.017899404761904762,0.0238,0.029468055555555553
2016-12-13 15:00:00,0.0335,0.04,0.207,0.40780518204857913,0.0,0.0766467788327454,0.01993451940035274,0.06897032488295116,0.0,0.0,0.1266386076361214,0.013984375000000002,0.022273148148148146,0.02815842490842491
2016-12-13 16:00:00,0.09483333333333331,0.0335,0.08883333333333333,0.40780518204857913,0.14055546260942375,0.19901572767984077,0.07450988590267757,0.09555205821786218,0.059371769061350915,0.11726516688039587,0.2709272705647157,0.06193772893772894,0.07697272727272728,0.08783653846153847
2016-12-13 17:00:00,0.15766666666666665,0.09483333333333331,0.15166666666666664,0.40780518204857913,0.25174798024723444,0.2922492125157229,0.14889870612874787,0.13176275398759824,0.14450717206733615,0.21623856022196192,0.38086041569188267,0.1354079861111111,0.1482272727272727,0.16202777777777777
2016-12-13 18:00:00,0.182,0.15766666666666665,0.2695,0.40780518204857913,0.29197213108415265,0.3242982229280574,0.15013950947971777,0.1566786153582732,0.17577470224912678,0.25092108912980304,0.41819327870359124,0.1241845238095238,0.16113901515151513,0.17534791666666666
2016-12-13 19:00:00,0.19183333333333338,0.182,0.08216666666666667,0.40780518204857913,0.3225236531798066,0.3476065941370281,0.2030013595679011,0.19449702727310209,0.1995587641186655,0.2768974614088882,0.44576222121652437,0.18812689393939394,0.19715686274509803,0.20824305555555556
2016-12-13 20:00:00,0.24583333333333338,0.19183333333333338,0.0745,0.40780518204857913,0.3978284607443614,0.40879106856057573,0.252345279100529,0.2605761738194303,0.25704968048329496,0.3435325604603826,0.5193820332061329,0.21677045454545454,0.24685208333333336,0.2620267857142857
2016-12-13 21:00:00,0.19966666666666663,0.24583333333333338,0.03,0.40780518204857913,0.3673661242624532,0.37965560454936237,0.23545788999118178,0.21490878473843644,0.234181273721253,0.3147204373965272,0.48559665475798625,0.20947395833333332,0.23981249999999998,0.25563764880952383
2016-12-13 22:00:00,0.14183333333333334,0.19966666666666663,0.0,0.40780518204857913,0.2445465664957105,0.27185438770787373,0.12126810912698413,0.13103300735082865,0.14109874906189657,0.20268091349114836,0.3582802713027374,0.10229340277777778,0.12229015151515152,0.1356875
2016-12-13 23:00:00,0.1635,0.14183333333333334,0.0,0.40780518204857913,0.31260370476596333,0.32721176932917884,0.1771763996512745,0.14601016907060155,0.19238608951283165,0.263778985369602,0.4267402919495266,0.17130681818181817,0.18203750000000002,0.19199038461538462
2016-12-14 00:00:00,0.144,0.1635,0.0,0.40780518204857913,0.24904294563312113,0.28059502691123767,0.06982208906525576,0.11222530268436502,0.14633783094704086,0.21266884536753414,0.38224023784001004,0.05611150793650794,0.08457500000000001,0.11932638888888888
2016-12-14 01:00:00,0.06616666666666667,0.144,0.0023333333333333335,0.40780518204857913,0.10055734965406593,0.15239898526189968,0.059979388888888915,0.019081765885376453,0.03315896115828321,0.07870205933658703,0.23154765363701052,0.05042671130952381,0.06014280626780627,0.06530059523809523
2016-12-14 02:00:00,0.06466666666666668,0.06616666666666667,0.02266666666666667,0.40780518204857913,0.09803607474480824,0.1494854388607784,0.0550842819664903,0.038762921268178756,0.03042281680430442,0.07723984272322315,0.230788831920678,0.04561964285714286,0.05731490384615385,0.06490885416666667
2016-12-14 03:00:00,0.041666666666666664,0.06466666666666668,0.07883333333333332,0.40780518204857913,0.05015741767770354,0.10869578924507989,0.03700125198412696,0.04161333000195063,0.0,0.03509567200351932,0.18450415220845723,0.031779166666666664,0.04215740740740741,0.04982291666666667
2016-12-14 04:00:00,0.0345,0.041666666666666664,0.117,0.40780518204857913,0.038894605735035115,0.09995515004171601,0.03759952314814813,0.04253750688638863,0.0,0.026368135102158297,0.17620967151974343,0.033229166666666664,0.040130208333333334,0.04553174603174603
2016-12-14 05:00:00,0.012333333333333333,0.0345,0.15533333333333335,0.40780518204857913,0.0,0.04459776842041102,0.030431944664903045,0.023891179902538126,0.0,0.0,0.11160792047253659,0.025816203703703702,0.030290476190476194,0.03367083333333333
2016-12-14 06:00:00,0.0031666666666666666,0.012333333333333333,0.5578333333333334,0.40780518204857913,0.0,0.0,0.009216606701940027,0.003756270341511034,0.0,0.0,0.014995542125495365,0.00496780303030303,0.007211805555555555,0.009835565476190477
2016-12-14 07:00:00,0.0,0.0031666666666666666,0.7996666666666666,0.40780518204857913,0.0,0.0,0.00012062962962962963,0.0,0.0,0.0,0.0,0.0,0.0,0.0
2016-12-14 08:00:00,0.02316666666666667,0.0,0.6556666666666666,0.40780518204857913,0.0,0.0,0.012714432319223984,0.0,0.0,0.0,0.0498009698628345,0.009244047619047619,0.012861111111111111,0.016964962121212124
2016-12-14 09:00:00,0.0,0.02316666666666667,0.8971666666666667,0.40780518204857913,0.0,0.0,0.0,0.0,0.0,0.0,0.0,0.0,0.0,0.0
2016-12-14 10:00:00,0.0,0.0,0.6453333333333334,0.40780518204857913,0.0,0.0,0.0,0.0,0.0,0.0,0.0,0.0,0.0,0.0
2016-12-14 11:00:00,0.0,0.0,0.2505,0.40780518204857913,0.0,0.0,0.0,0.0,0.0,0.0,0.0,0.0,0.0,0.0
2016-12-14 12:00:00,0.0,0.0,0.09,0.40780518204857913,0.0,0.0,0.0,0.0,0.0,0.0,0.0,0.0,0.0,0.0
2016-12-14 13:00:00,0.0,0.0,0.06183333333333334,0.40780518204857913,0.0,0.0,1.6666666666666667e-06,0.0,0.0,0.0,0.0,0.0,0.0,0.0
2016-12-14 14:00:00,0.0,0.0,0.04,0.40780518204857913,0.0,0.0,0.002575,0.0,0.0,0.0,0.0,0.0,0.0,0.0
2016-12-14 15:00:00,0.0,0.0,0.0335,0.40780518204857913,0.0,0.0,0.007622857142857136,0.0,0.0,0.0,0.0,0.0,0.0,0.0075
2016-12-14 16:00:00,0.0,0.0,0.09483333333333331,0.40780518204857913,0.0,0.0,1.953703703703704e-05,0.0006625245412442832,0.0,0.0,0.0,0.0,0.0,0.0
2016-12-14 17:00:00,0.0,0.0,0.15766666666666665,0.40780518204857913,0.0,0.0,1.0814814814814814e-05,0.000870648786723105,0.0,0.0,0.0,0.0,0.0,0.0
2016-12-14 18:00:00,0.017166666666666667,0.0,0.182,0.40780518204857913,0.0,0.04168422201928962,0.02489541820987655,0.05050547744545457,0.0,0.0,0.08868498352106569,0.021352746212121212,0.026253739316239318,0.03039614898989899
2016-12-14 19:00:00,0.09533333333333331,0.017166666666666667,0.19183333333333338,0.40780518204857913,0.14710570540972356,0.20775636688320467,0.09035954409171071,0.06859817198806725,0.06926185594464226,0.12461087187800618,0.2871184114123097,0.08056410256410257,0.09379999999999998,0.10067261904761907
2016-12-14 20:00:00,0.0295,0.09533333333333331,0.24583333333333338,0.40780518204857913,0.0,0.04751131482153226,0.028040442019400362,0.03658863229453364,0.0,0.0,0.09572391954984366,0.024071581196581197,0.029012499999999997,0.0325189393939394
2016-12-14 21:00:00,0.0,0.0295,0.19966666666666663,0.40780518204857913,0.0,0.0,6.013227513227513e-05,0.0,0.0,0.0,0.0,0.0,0.0,0.0
2016-12-14 22:00:00,0.11316666666666668,0.0,0.14183333333333334,0.40780518204857913,0.19549734312334932,0.23980537729553922,0.09526647905643743,0.10008024421650775,0.106540451271389,0.16474781203249372,0.32865658311071716,0.0794125,0.10271527777777778,0.11189285714285713
2016-12-14 23:00:00,0.22533333333333336,0.11316666666666668,0.1635,0.40780518204857913,0.3557694964946424,0.3738285117471199,0.21720949206349205,0.19818187546942181,0.22769110200218684,0.3092930238555457,0.4912664222312698,0.19418675595238097,0.22339814814814815,0.23921113782051284
2016-12-15 00:00:00,0.06666666666666667,0.22533333333333336,0.144,0.40780518204857913,0.07780059040131138,0.12909061405292915,0.04819935185185192,0.051371415107939175,0.015470741450633763,0.06007454356280273,0.21348806190760722,0.04346439393939394,0.05433611111111111,0.06080539772727273
2016-12-15 01:00:00,0.03,0.06666666666666667,0.06616666666666667,0.40780518204857913,0.03177612231230087,0.08830096443723068,0.03279982010582009,0.015512318566173189,0.0,0.018826801914742453,0.16740638711990025,0.024451388888888887,0.03452430555555555,0.04069702380952381
2016-12-15 02:00:00,0.145,0.03,0.06466666666666668,0.40780518204857913,0.2632077560853118,0.28496534651291966,0.10461554347041843,0.09765867506843105,0.1544274333288779,0.22907306997563692,0.40550914190181925,0.07775972222222222,0.11015624999999998,0.13504950980392158
2016-12-15 03:00:00,0.0505,0.145,0.041666666666666664,0.40780518204857913,0.09066806008531947,0.13783125325629314,0.04542024206349207,0.016997906232661522,0.022797616272809434,0.0741207285900875,0.2319478557343258,0.03487083333333334,0.048662698412698414,0.06083072916666667
2016-12-15 04:00:00,0.172,0.0505,0.0345,0.40780518204857913,0.32872732600842636,0.34177950133478535,0.19773955026455028,0.14593677593882606,0.20221962012796402,0.2910095330204178,0.4782065879561573,0.1808201388888889,0.1967830687830688,0.2107055555555556
2016-12-15 05:00:00,0.20266666666666663,0.172,0.012333333333333333,0.40780518204857913,0.337072790909001,0.3505201405381493,0.20425823037918892,0.15400973315986968,0.20764776748476374,0.3002083581255531,0.4903195038134983,0.1838671875,0.20422222222222225,0.2165
2016-12-15 06:00:00,0.22316666666666662,0.20266666666666663,0.0031666666666666666,0.40780518204857913,0.41297125168079996,0.4175317077639395,0.2628077857142858,0.24825738255539787,0.2643562576553927,0.37060741285165033,0.5715456714724546,0.23862820512820512,0.26614375,0.2868125
2016-12-15 07:00:00,0.09283333333333331,0.22316666666666662,0.0,0.40780518204857913,0.1638359900863845,0.20775636688320484,0.07712706635802467,0.08452048314607957,0.07497027512247609,0.14683041255574025,0.3208067888735644,0.06255416666666666,0.07995634920634921,0.09212499999999998
2016-12-15 08:00:00,0.06416666666666668,0.09283333333333331,0.02316666666666667,0.40780518204857913,0.10219266624050216,0.15822607806414232,0.05959272641093472,0.05715956181624018,0.02782947879930761,0.09255785275529721,0.26113509813932806,0.05297777777777778,0.06038571428571429,0.068
2016-12-15 09:00:00,0.135,0.06416666666666668,0.0,0.40780518204857913,0.1770548248080962,0.22523764528993268,0.061612120370370366,0.07905546773869183,0.08433577569609815,0.16154822838507013,0.3402518706674346,0.04608333333333333,0.06471388888888888,0.08478621031746034
2016-12-15 10:00:00,0.3465,0.135,0.0,0.40780518204857913,0.450150703480238,0.46123490378075943,0.2428786322751323,0.17745048574069966,0.2912696208115273,0.4095756840520166,0.6209975879317795,0.18011363636363636,0.2525758928571429,0.2929346153846154
2016-12-15 11:00:00,0.21633333333333338,0.3465,0.0,0.40780518204857913,0.2762170663902722,0.31555758372469345,0.09154447519841272,0.0762102594017909,0.1597688500392683,0.25266793297791307,0.4444396275558545,0.05959375,0.10362896825396825,0.14003365384615385
2016-12-15 12:00:00,0.12166666666666669,0.21633333333333338,0.0,0.40780518204857913,0.18485210333104052,0.23980537729553922,0.03273567901234569,0.04856016806462282,0.09104538049322775,0.17003529232567652,0.3512180537442151,0.029015350877192984,0.046125000000000006,0.07368939393939394
2016-12-15 13:00:00,0.21316666666666662,0.12166666666666669,0.0,0.40780518204857913,0.3060147318727504,0.34469304773590664,0.1468686957671959,0.08507897307242396,0.18352401019906306,0.2792769998545205,0.47401439543646995,0.12707812500000001,0.15954647435897434,0.1744100529100529
2016-12-15 14:00:00,0.22716666666666663,0.21316666666666662,0.0,0.40780518204857913,0.33927434514902155,0.3738285117471199,0.13874873611111113,0.13574783823105369,0.20954792464632951,0.30855492978275056,0.5061564899773904,0.10600833333333334,0.14174107142857142,0.18038888888888888
2016-12-15 15:00:00,0.24,0.22716666666666663,0.0,0.40780518204857913,0.40081448593479874,0.4262723469673036,0.2219213267195767,0.18989680641212064,0.2570830163655262,0.36306163975350586,0.5663892909449835,0.2047050189393939,0.2394888888888889,0.259890625
2016-12-15 16:00:00,0.22133333333333338,0.24,0.0,0.40780518204857913,0.2686317188314047,0.31264403732357215,0.10661284656084657,0.12047103367288654,0.15787444283169538,0.24198251451882524,0.4282284984522876,0.07752182539682541,0.11125,0.14371955128205127
2016-12-15 17:00:00,0.4171666666666667,0.22133333333333338,0.0,0.40780518204857913,0.489116106218596,0.4991110069953364,0.34698526188471995,0.2598302288359819,0.32581080616936975,0.43985622186880396,0.6497466136224334,0.32178869047619046,0.3564259259259259,0.37769791666666663
2016-12-15 18:00:00,0.19666666666666663,0.4171666666666667,0.017166666666666667,0.40780518204857913,0.32783337220509357,0.3592607797415134,0.20328408465608455,0.20430836400866248,0.2044140657396087,0.29219129682363437,0.48134468811739994,0.1963849431818182,0.20419848484848485,0.21200694444444443
2016-12-15 19:00:00,0.13,0.19666666666666663,0.09533333333333331,0.40780518204857913,0.19103171874700764,0.23980537729553922,0.0939251587301587,0.13166692675159394,0.10140915710124818,0.1667265632773372,0.33804914525202134,0.07825000000000001,0.10467939814814814,0.11476562500000001
2016-12-15 20:00:00,0.2588333333333333,0.13,0.0295,0.40780518204857913,0.40295136349828875,0.41753170776393966,0.21702334215167543,0.27087363160264255,0.26240127388048917,0.3569870548393477,0.5511501697953536,0.18819276556776554,0.2286834935897436,0.26177179487179486
2016-12-15 21:00:00,0.155,0.2588333333333333,0.0,0.40780518204857913,0.23587418982965458,0.27185438770787373,0.1274673212481962,0.16371176995704378,0.13603166670383593,0.20454953926497654,0.3778835787934836,0.11265384615384615,0.12712500000000002,0.13610477941176471
2016-12-15 22:00:00,0.15366666666666665,0.155,0.11316666666666668,0.40780518204857913,0.24283872739030143,0.27476793410899497,0.12719589102332846,0.1683001797335088,0.14127528243836013,0.2099541382445876,0.3830743472642718,0.11038194444444444,0.12712500000000002,0.13773452380952383
2016-12-15 23:00:00,0.3201666666666667,0.15366666666666665,0.22533333333333336,0.40780518204857913,0.4509260737769488,0.4495807181762742,0.31272174823633153,0.3000520510035072,0.298651353314272,0.3977682374463201,0.5945026107786278,0.292296875,0.317047619047619,0.3412430555555555
2016-12-16 00:00:00,0.2735,0.3201666666666667,0.06666666666666667,0.40780518204857913,0.45240627616434215,0.4320994397695462,0.27752017085537906,0.28441745905418553,0.2952637904457073,0.3955605464652321,0.5830843431195425,0.2680208333333333,0.2899166666666667,0.30866233766233764
2016-12-16 01:00:00,0.3451666666666667,0.2735,0.03,0.40780518204857913,0.44736625923134954,0.4262723469673036,0.2725329969135803,0.26805941945139855,0.2907611810922917,0.3914004225703267,0.5788470320979527,0.26436796536796536,0.27969791666666666,0.2981898148148149
2016-12-16 02:00:00,0.437,0.3451666666666667,0.145,0.40780518204857913,0.5541368540714724,0.5165922854020643,0.41929167305996484,0.37641070581660024,0.37082599707000186,0.4888385199653753,0.6896731804245988,0.4039270833333334,0.4236833333333333,0.4418288690476191
2016-12-16 03:00:00,0.4056666666666667,0.437,0.0505,0.40780518204857913,0.547242648160386,0.510765192599822,0.39166467791005266,0.3708858270353168,0.36469138551665,0.4837819669988267,0.6852328644784954,0.384634324009324,0.40546875000000004,0.42210763888888886
2016-12-16 04:00:00,0.465,0.4056666666666667,0.172,0.40780518204857913,0.6247794803890894,0.5777767598256118,0.5096179628627544,0.4663310944597273,0.4224994788846358,0.5554109352293004,0.7676011719497013,0.5049605654761905,0.5242902097902098,0.5488914141414141
2016-12-16 05:00:00,0.5523333333333333,0.465,0.20266666666666663,0.40780518204857913,0.6467864290083367,0.5981715846334612,0.5488256366843033,0.48261287236776973,0.43827774628289673,0.5769722995854873,0.7936622090624148,0.5398910427807487,0.5608777777777778,0.5778102678571428
2016-12-16 06:00:00,0.698,0.5523333333333333,0.22316666666666662,0.40780518204857913,0.7158541479207996,0.6593560590570089,0.5554257929894181,0.5840753710108242,0.4898111764327953,0.6411900846860592,0.8679143160936852,0.5056458333333333,0.6416190476190475,0.7176401143790849
2016-12-16 07:00:00,0.5498333333333334,0.698,0.09283333333333331,0.40780518204857913,0.6101644653724465,0.5719496670233694,0.4807350760582014,0.4299005874689504,0.4091014543352205,0.5472197465261904,0.7636307066762045,0.4516699735449735,0.4775544871794871,0.5016009615384615
2016-12-16 08:00:00,0.5753333333333334,0.5498333333333334,0.06416666666666668,0.40780518204857913,0.6134131891902592,0.5777767598256122,0.5054311832010586,0.44167697886297513,0.4111237282089927,0.5516692481682427,0.770212591904987,0.4722766203703703,0.5084895833333334,0.5354722222222221
2016-12-16 09:00:00,0.3745,0.5753333333333334,0.135,0.40780518204857913,0.5175068012744453,0.49911100699533656,0.3607079126984129,0.35771340381408245,0.3382535245875189,0.4661278831598707,0.6749778487409391,0.34316517857142864,0.36314601139601144,0.3923021296296296
2016-12-16 10:00:00,0.272,0.3745,0.3465,0.40780518204857913,0.4285733614017627,0.4262723469673036,0.2159090489417989,0.2686855523260611,0.27090918860422775,0.38654804867395,0.5860983527379167,0.20696626984126984,0.2519314814814815,0.27809902597402597
2016-12-16 11:00:00,0.3275,0.272,0.21633333333333338,0.40780518204857913,0.500546431247904,0.4903703677919725,0.32832882799823665,0.3194785439744819,0.3257105785782693,0.4521660041187751,0.660606574958694,0.3184797077922078,0.33986784511784507,0.3551208791208792
2016-12-16 12:00:00,0.20883333333333337,0.3275,0.12166666666666669,0.40780518204857913,0.36136627517331843,0.3738285117471199,0.18162884611992947,0.1999614580442869,0.22076168888711478,0.3262644760878581,0.5185665767532515,0.17263541666666665,0.18793055555555555,0.20018055555555558
2016-12-16 13:00:00,0.19366666666666663,0.20883333333333337,0.21316666666666662,0.40780518204857913,0.3629909211766429,0.3767420581482412,0.19065548148148154,0.21363661038219073,0.22267676823016513,0.32733396517000063,0.5193168574609982,0.16733112373737374,0.19134722222222222,0.2109327380952381
2016-12-16 14:00:00,0.15083333333333335,0.19366666666666663,0.22716666666666663,0.40780518204857913,0.2664664391255239,0.2951627589168442,0.11882888955026459,0.17476996613290763,0.15037454228355063,0.23916777221324043,0.41895180007588106,0.11117857142857142,0.12478452380952382,0.13685198135198132
2016-12-16 15:00:00,0.07383333333333333,0.15083333333333335,0.24,0.40780518204857913,0.12991506599054836,0.1786209028719916,0.06511731238977068,0.06957309382988407,0.04783289340156088,0.11441766304374787,0.2769368428405753,0.05599621212121211,0.06880158730158731,0.0748970588235294
2016-12-16 16:00:00,0.158,0.07383333333333333,0.22133333333333338,0.40780518204857913,0.2777927151199432,0.3039033981202084,0.14683635978835965,0.1470744816888636,0.16080178071768358,0.24677059245562494,0.4247125360830128,0.13626057692307691,0.15048504273504276,0.16414583333333332
2016-12-16 17:00:00,0.19633333333333336,0.158,0.4171666666666667,0.40780518204857913,0.37532374903908117,0.3854826973516051,0.2205671298500882,0.19258090187110488,0.23558706368220755,0.3333814465461393,0.5206975599548073,0.20961149267399268,0.22095227272727275,0.23308749999999998
2016-12-16 18:00:00,0.15916666666666665,0.19633333333333336,0.19666666666666663,0.40780518204857913,0.299425288267282,0.31847113012581474,0.1268071113315696,0.13826392856689879,0.1788785735115785,0.2629823918200419,0.4394713922958508,0.1174702380952381,0.146300641025641,0.16231168831168832
2016-12-16 19:00:00,0.09816666666666668,0.15916666666666665,0.13,0.40780518204857913,0.18311586038720506,0.2164970060865687,0.08988756018518518,0.0904848037974243,0.09139884493540981,0.1560614671503223,0.317098031313531,0.07732330827067668,0.09174679487179488,0.10019444444444443
2016-12-16 20:00:00,0.06533333333333333,0.09816666666666668,0.2588333333333333,0.40780518204857913,0.12522120169470197,0.16405317086638507,0.050468692239858934,0.09019228487910105,0.0479760908957933,0.1021618085040639,0.25472366106325917,0.030946428571428576,0.0470625,0.06439236111111112
2016-12-16 21:00:00,0.0325,0.06533333333333333,0.155,0.40780518204857913,0.0,0.027116490013683103,0.014892408289241628,0.05060753489562858,0.0,0.0,0.09191816100291855,0.011603125,0.015674107142857142,0.02063154761904762
2016-12-16 22:00:00,0.02316666666666667,0.0325,0.15366666666666665,0.40780518204857913,0.0,0.027116490013683048,0.012883638447971787,0.04156515721038968,0.0,0.0,0.09362189915986358,0.011558238636363637,0.015102693602693602,0.019354166666666665
2016-12-16 23:00:00,0.0,0.02316666666666667,0.3201666666666667,0.40780518204857913,0.0,0.0,0.0029193350168350155,0.02161425651569432,0.0,0.0,0.0,0.0007087912087912088,0.0022925925925925926,0.005220643939393939
2016-12-17 00:00:00,0.0,0.0,0.2735,0.40780518204857913,0.0,0.0,4.722222222222222e-06,0.0,0.0,0.0,0.0,0.0,0.0,0.0
2016-12-17 01:00:00,0.0,0.0,0.3451666666666667,0.40780518204857913,0.0,0.0,0.005018414682539682,0.024269723294381138,0.0,0.0,0.023983275798103554,0.0028709490740740744,0.004266666666666667,0.0065992063492063486
2016-12-17 02:00:00,0.0,0.0,0.437,0.40780518204857913,0.0,0.0,9.15e-05,0.009123231754993896,0.0,0.0,0.0,0.0,0.0,2.6041666666666657e-06
2016-12-17 03:00:00,0.0,0.0,0.4056666666666667,0.40780518204857913,0.0,0.0,1.8101851851851853e-05,0.0037952737700311656,0.0,0.0,0.0,0.0,0.0,0.0
2016-12-17 04:00:00,0.0,0.0,0.465,0.40780518204857913,0.0,0.0,8.33333333333333e-07,0.012077050937854023,0.0,0.0,0.0,0.0,0.0,0.0
2016-12-17 05:00:00,0.0,0.0,0.5523333333333333,0.40780518204857913,0.0,0.0,0.00016,0.0014637134098789834,0.0,0.0,0.0,0.0,0.0,0.0
2016-12-17 06:00:00,0.0,0.0,0.698,0.40780518204857913,0.0,0.0,0.0,0.006163201141323946,0.0,0.0,0.0,0.0,0.0,0.0
2016-12-17 07:00:00,0.0,0.0,0.5498333333333334,0.40780518204857913,0.0,0.0,0.0,0.011546217945635456,0.0,0.0,0.0,0.0,0.0,0.0
2016-12-17 08:00:00,0.0,0.0,0.5753333333333334,0.40780518204857913,0.0,0.0,8.168253968253969e-05,0.01961402843644454,0.0,0.0,0.0,0.0,0.0,2.0833333333333326e-05
2016-12-17 09:00:00,0.0,0.0,0.3745,0.40780518204857913,0.0,0.0,0.00016706018518518518,0.024605026952694106,0.0,0.0,0.0,0.0,6.458333333333331e-05,0.00038568376068376066
2016-12-17 10:00:00,0.0,0.0,0.272,0.40780518204857913,0.0,0.0,0.0,0.04218776443366855,0.0,0.0,0.0,0.0,0.0,0.0
2016-12-17 11:00:00,0.0,0.0,0.3275,0.40780518204857913,0.0,0.0,0.0,0.04508678315384235,0.0,0.0,0.0,0.0,0.0,0.0
2016-12-17 12:00:00,0.0,0.0,0.20883333333333337,0.40780518204857913,0.0,0.0,9.583333333333334e-06,0.040422817353989254,0.0,0.0,0.0,0.0,0.0,0.0
2016-12-17 13:00:00,0.0,0.0,0.19366666666666663,0.40780518204857913,0.0,0.0,0.0002072857142857143,0.03353958456592984,0.0,0.0,0.0,0.0,0.0,0.0
2016-12-17 14:00:00,0.0,0.0,0.15083333333333335,0.40780518204857913,0.0,0.0,0.000339530423280423,0.01758570558602933,0.0,0.0,0.0,0.0,0.0,0.0
2016-12-17 15:00:00,0.0,0.0,0.07383333333333333,0.40780518204857913,0.0,0.0,0.0007044391534391533,0.02709060021579969,0.0,0.0,0.0,0.0,0.0005666666666666667,0.0012142857142857144
2016-12-17 16:00:00,0.0,0.0,0.158,0.40780518204857913,0.0,0.0,0.0007686626984126984,0.027861021876150208,0.0,0.0,0.0,0.0,0.00039444444444444444,0.00104375
2016-12-17 17:00:00,0.0,0.0,0.19633333333333336,0.40780518204857913,0.0,0.0,0.0019685634920634937,0.0190117129339607,0.0,0.0,0.0,0.0005408653846153846,0.0012843137254901962,0.002003205128205128
2016-12-17 18:00:00,0.0,0.0,0.15916666666666665,0.40780518204857913,0.0,0.0,0.003472023809523813,0.018422564625121304,0.0,0.0,0.003166666666666762,0.0014953703703703704,0.002869949494949495,0.004911616161616161
2016-12-17 19:00:00,0.0,0.0,0.09816666666666668,0.40780518204857913,0.0,0.0,0.00044214682539682525,0.0,0.0,0.0,0.0,0.0,0.0,0.0006944444444444445
2016-12-17 20:00:00,0.0,0.0,0.06533333333333333,0.40780518204857913,0.0,0.0,0.001088642857142857,4.5625359162096424e-05,0.0,0.0,0.0,9.358974358974359e-05,0.0006944444444444445,0.0011166666666666666
2016-12-17 21:00:00,0.0,0.0,0.0325,0.40780518204857913,0.0,0.0,0.00086690873015873,0.0,0.0,0.0,0.0,0.0,0.0,0.0009010416666666666
2016-12-17 22:00:00,0.0,0.0,0.02316666666666667,0.40780518204857913,0.0,0.0,0.0007814894179894182,0.0,0.0,0.0,0.0,2.0833333333333326e-05,0.00042450142450142444,0.0009166666666666666
2016-12-17 23:00:00,0.0,0.0,0.0,0.40780518204857913,0.0,0.0,0.0012803968253968252,0.0,0.0,0.0,0.0,0.0,0.0,0.0016875
2016-12-18 00:00:00,0.0,0.0,0.0,0.40780518204857913,0.0,0.0,0.00052225,0.015065010310867072,0.0,0.0,0.0,0.0,0.0,0.0
2016-12-18 01:00:00,0.0,0.0,0.0,0.40780518204857913,0.0,0.0,0.00039025,0.013349513981226344,0.0,0.0,0.0,0.0,0.0,0.0
2016-12-18 02:00:00,0.0,0.0,0.0,0.40780518204857913,0.0,0.0,0.0,0.006692836036287397,0.0,0.0,0.0,0.0,0.0,0.0
2016-12-18 03:00:00,0.0,0.0,0.0,0.40780518204857913,0.0,0.0,0.0,0.014503723597483156,0.0,0.0,0.0,0.0,0.0,0.0
2016-12-18 04:00:00,0.0,0.0,0.0,0.40780518204857913,0.0,0.0,0.0,0.018427819831175973,0.0,0.0,0.0,0.0,0.0,0.0
2016-12-18 05:00:00,0.0,0.0,0.0,0.40780518204857913,0.0,0.0,0.0,0.0127739632764413,0.0,0.0,0.0,0.0,0.0,0.0
2016-12-18 06:00:00,0.001,0.0,0.0,0.40780518204857913,0.0,0.0,0.0023702832892416206,0.014030904449658252,0.0,0.0,0.0,0.0004583333333333334,0.0015820105820105819,0.0040104166666666665
2016-12-18 07:00:00,0.03883333333333334,0.001,0.0,0.40780518204857913,0.04682253954643123,0.07373323243162416,0.031289496031746064,0.04096605391792114,0.0,0.02581383403439297,0.15161103804345216,0.02447088744588745,0.030545454545454546,0.03521403133903134
2016-12-18 08:00:00,0.03,0.03883333333333334,0.0,0.40780518204857913,0.046655892434575685,0.0766467788327454,0.03333148412698414,0.06398076602367656,0.0,0.027172700863682064,0.15470589295839138,0.025361689814814813,0.03168888888888889,0.0367624007936508
2016-12-18 09:00:00,0.07966666666666668,0.03,0.0,0.40780518204857913,0.16933324401752392,0.18444799567423426,0.05733973743386239,0.11331505417501547,0.06978393669171287,0.13943196387213558,0.28264108988030134,0.04033857808857809,0.06430934343434343,0.08168121693121694
2016-12-18 10:00:00,0.0,0.07966666666666668,0.0,0.40780518204857913,0.0,0.0,0.0007500481000481001,0.03963243655811979,0.0,0.0,0.0,0.0,0.0005,0.0010311355311355313
2016-12-18 11:00:00,0.0,0.0,0.0,0.40780518204857913,0.0,0.0,1.5000000000000002e-05,0.022102495477533887,0.0,0.0,0.0,0.0,0.0,0.0
2016-12-18 12:00:00,0.13533333333333333,0.0,0.0,0.40780518204857913,0.23177645741515862,0.24563247009778175,0.08730215542328042,0.08329937035796481,0.11789402165468693,0.19736918481694823,0.34939975797857104,0.07589826839826841,0.09827272727272728,0.11087648809523812
2016-12-18 13:00:00,0.18233333333333338,0.13533333333333333,0.0,0.40780518204857913,0.315370005730519,0.3184711301258149,0.13132748456790122,0.1253902860955698,0.1819098212465043,0.27261390940540053,0.43383876621855216,0.10280092592592592,0.13564814814814813,0.1548739583333333
2016-12-18 14:00:00,0.112,0.18233333333333338,0.0,0.40780518204857913,0.20518403996072754,0.22523764528993268,0.08294198893698904,0.10280981470924361,0.09925747525842868,0.1720851771975888,0.3195255875780627,0.07892083333333333,0.08809444444444445,0.09698214285714286
2016-12-18 15:00:00,0.004166666666666667,0.112,0.0,0.40780518204857913,0.0,0.0,0.009086911375661387,0.07652699027815123,0.0,0.0,0.02059426621981786,0.0035227591036414564,0.007325,0.011252314814814814
2016-12-18 16:00:00,0.034,0.004166666666666667,0.0,0.40780518204857913,0.0,0.04751131482153231,0.018385846340388028,0.0746616936234136,0.0,0.0,0.10211638349923657,0.011551864801864802,0.01727020202020202,0.02311875
2016-12-18 17:00:00,0.094,0.034,0.0,0.40780518204857913,0.20816485105457183,0.22523764528993268,0.09320596737213414,0.10354963630506464,0.10425656633576175,0.17048917233483782,0.3131734077278531,0.08686458333333333,0.09671527777777778,0.1046875
2016-12-18 18:00:00,0.0775,0.094,0.0,0.40780518204857913,0.18691232515746314,0.20484282048208347,0.0841696898148148,0.0869126036876493,0.08894855633097726,0.14954027461294678,0.28773972509038614,0.08042343073593075,0.089775,0.09989722222222222
2016-12-18 19:00:00,0.1015,0.0775,0.0,0.40780518204857913,0.1935562507454398,0.20775636688320467,0.10036923049943883,0.08807193360739025,0.0946199081279587,0.1538822032026913,0.29089945540641726,0.08578125,0.09702692307692307,0.10255357142857144
2016-12-18 20:00:00,0.009833333333333335,0.1015,0.0,0.40780518204857913,0.0,0.0,0.014090492945326268,0.02364984348156618,0.0,0.0,0.02279029663940335,0.004008049242424242,0.008210069444444443,0.015361217948717948
2016-12-18 21:00:00,0.0,0.009833333333333335,0.0,0.40780518204857913,0.0,0.0,0.00018189153439153438,0.003402605245769616,0.0,0.0,0.0,0.0,0.0,0.0005806277056277056
2016-12-18 22:00:00,0.0,0.0,0.0,0.40780518204857913,0.0,0.0,4.722222222222222e-06,0.0,0.0,0.0,0.0,0.0,0.0,0.0
2016-12-18 23:00:00,0.0,0.0,0.0,0.40780518204857913,0.0,0.0,0.002884517195767196,0.00035885939630204977,0.0,0.0,0.0,0.0,0.0,0.0013842948717948719
2016-12-19 00:00:00,0.001,0.0,0.0,0.40780518204857913,0.0,0.0,0.003228611111111111,0.045416217358705574,0.0,0.0,0.0,0.0008013468013468013,0.002488034188034188,0.004591117216117217
2016-12-19 01:00:00,0.049833333333333334,0.001,0.0,0.40780518204857913,0.05757176980914558,0.08830096443723079,0.03317225683421513,0.041429192007436375,0.0,0.027671179943093427,0.14778206435400632,0.02657886904761905,0.03727483660130719,0.04360069444444445
2016-12-19 02:00:00,0.0765,0.049833333333333334,0.0,0.40780518204857913,0.16092699371960062,0.17570735647087032,0.06129525925925929,0.07699624911625481,0.07109144948437049,0.12201864252537928,0.2551211823668095,0.05379166666666667,0.06729166666666667,0.07566552197802198
2016-12-19 03:00:00,0.151,0.0765,0.0,0.40780518204857913,0.29064762499524,0.28642211971348036,0.11881067702821871,0.13344191492408175,0.16845803834562972,0.24058748206934616,0.3901620789744292,0.106174512987013,0.12845659722222225,0.1396
2016-12-19 04:00:00,0.1595,0.151,0.0,0.40780518204857913,0.32036926420858935,0.31264403732357215,0.10869793694885364,0.13814186805096276,0.19004071156850183,0.2689475629211397,0.42371196205183237,0.08865119047619048,0.12325277777777778,0.1540390625
2016-12-19 05:00:00,0.3635,0.1595,0.0,0.40780518204857913,0.5233908721002487,0.48745682139085117,0.33155584700176377,0.3003792122385459,0.34295806951612284,0.4543125723537601,0.6345856057982294,0.3120131118881119,0.34728808446455506,0.37226666666666663
2016-12-19 06:00:00,0.6075,0.3635,0.001,0.40780518204857913,0.6983350898324243,0.6389612342491596,0.5723585555355138,0.6146775098372882,0.4747049299873451,0.6143400366499815,0.8169356525586353,0.5345429292929293,0.6124781746031746,0.6496833333333333
2016-12-19 07:00:00,0.563,0.6075,0.03883333333333334,0.40780518204857913,0.6609528258774346,0.6098257702379467,0.5260719503968254,0.5279664675721593,0.4457458080970762,0.582182394745371,0.7823926494180166,0.4908423611111111,0.5996585648148149,0.635820707070707
2016-12-19 08:00:00,0.4368333333333333,0.563,0.03,0.40780518204857913,0.5514943090161979,0.5195058318031858,0.4025439755291003,0.384259924001138,0.3623795916287937,0.48464094756624737,0.6739025342899769,0.3669728835978836,0.40512986111111116,0.4337725694444444
2016-12-19 09:00:00,0.3036666666666667,0.4368333333333333,0.07966666666666668,0.40780518204857913,0.4111880990146983,0.4029639757583331,0.22318510141093473,0.2113610692967592,0.2558714978725713,0.3589213299919578,0.533336397045969,0.1755625,0.22725,0.252948717948718
2016-12-19 10:00:00,0.16133333333333336,0.3036666666666667,0.0,0.40780518204857913,0.33591614286068816,0.34177950133478535,0.17097388315696643,0.14577499943061467,0.19887728193074128,0.29170403475708867,0.4584050222983189,0.1646778273809524,0.17276058201058198,0.18237611607142856
2016-12-19 11:00:00,0.3131666666666667,0.16133333333333336,0.0,0.40780518204857913,0.5001042278078698,0.48454327498973004,0.24768066216931217,0.3267173682001055,0.3235419821846457,0.4407691301465122,0.6270630629928597,0.1807738095238095,0.25972371794871796,0.3247380514705882
2016-12-19 12:00:00,0.20683333333333337,0.3131666666666667,0.13533333333333333,0.40780518204857913,0.6785535681924222,0.6389612342491597,0.5493325039682541,0.6243238879493025,0.45923338345746256,0.6022966397025444,0.8093168839748242,0.5269469246031746,0.5747611111111111,0.6053208333333333
2016-12-19 13:00:00,0.26166666666666666,0.20683333333333337,0.18233333333333338,0.40780518204857913,0.6050400537430474,0.5777767598256122,0.46322037279541445,0.4738607142968759,0.40422280257247667,0.5353721629039032,0.7333524977780231,0.4244537037037037,0.47646309523809527,0.512678125
2016-12-19 14:00:00,0.5001666666666666,0.26166666666666666,0.112,0.40780518204857913,0.6143920705116412,0.5865173990289759,0.45277944422398625,0.45722859798566023,0.41213400694718594,0.5430156491427929,0.7410853801220416,0.41702617521367524,0.47966571969696975,0.5058177083333333
2016-12-19 15:00:00,0.6521666666666667,0.5001666666666666,0.004166666666666667,0.40780518204857913,0.6861783240864232,0.6477018734525237,0.5817758364197528,0.5518033197343398,0.46743168869747864,0.6067942635518369,0.8117792720311641,0.525969696969697,0.5900194444444444,0.6309883814102565
2016-12-19 16:00:00,0.637,0.6521666666666667,0.034,0.40780518204857913,0.6769489104510824,0.6389612342491597,0.5645750158730163,0.539404899217991,0.46137419553679815,0.5969779915766207,0.7991515708368194,0.5514745370370371,0.5820083333333332,0.6047613636363637
2016-12-19 17:00:00,0.772,0.637,0.094,0.40780518204857913,0.764233831581216,0.7117998942771926,0.8320242466931219,0.7071726108123917,0.5283968884702261,0.6743169412288463,0.8846755037670847,0.7999122023809524,0.8343785714285714,0.8640491071428571
2016-12-19 18:00:00,0.6215,0.772,0.0775,0.40780518204857913,0.640520177794063,0.6039986774357039,0.5161678990299826,0.5415089654852803,0.4354629781544833,0.5606489991240685,0.7546309117143253,0.4495945512820513,0.5180017825311942,0.5972305555555556
2016-12-19 19:00:00,0.164,0.6215,0.1015,0.40780518204857913,0.2851347848372153,0.2980763053179656,0.14505521626984108,0.14369092212662268,0.16685614885274458,0.2373836375609461,0.38816542876298915,0.13091369047619048,0.14057804232804233,0.15197307692307693
2016-12-19 20:00:00,0.3726666666666667,0.164,0.009833333333333335,0.40780518204857913,0.5004698005181647,0.4787161821874874,0.37552721256613764,0.3558082143116801,0.3304357956423509,0.4307347639357195,0.6047534836201645,0.34466964285714274,0.3703130952380952,0.39193611111111115
2016-12-19 21:00:00,0.4855,0.3726666666666667,0.0,0.40780518204857913,0.7193295419020318,0.6622696054581303,0.622052898368607,0.7500496102550492,0.49645707963697483,0.6275389822035555,0.8255213180825633,0.5786482142857142,0.6539097222222223,0.6939011904761907
2016-12-19 22:00:00,0.7588333333333334,0.4855,0.0,0.40780518204857913,0.750201675970356,0.6855779766671011,0.7780893042328043,0.777022339632258,0.5198134054440562,0.6545780248725073,0.8551212987502534,0.7573740740740742,0.7926880952380952,0.8089245337995339
2016-12-19 23:00:00,0.5096666666666667,0.7588333333333334,0.0,0.40780518204857913,0.6304134131088603,0.5806903062267335,0.5544352308201059,0.5201752754744078,0.4287865953249006,0.5456911820490014,0.7317946521356727,0.5022354166666667,0.5405511904761905,0.5779473379629629
2016-12-20 00:00:00,0.3615,0.5096666666666667,0.001,0.40780518204857913,0.46886071548888997,0.4583213573796381,0.2939390694444447,0.3010214923490675,0.31027262925581267,0.40513368746433365,0.5862154417241847,0.2739294871794872,0.30999305555555556,0.3273528846153846
2016-12-20 01:00:00,0.3343333333333333,0.3615,0.049833333333333334,0.40780518204857913,0.4604053276262293,0.4495807181762742,0.30287511618165797,0.2835058715751682,0.3031824898920318,0.3978829287566653,0.5784911003887517,0.2766801346801347,0.2992773809523809,0.32038244047619047
2016-12-20 02:00:00,0.21933333333333338,0.3343333333333333,0.0765,0.40780518204857913,0.3929920050532767,0.39130979015384787,0.22005324470899468,0.19476415084776638,0.25128327534111256,0.3376986507008064,0.5114787027094007,0.18666666666666665,0.2349607843137255,0.2552597222222222
2016-12-20 03:00:00,0.5826666666666667,0.21933333333333338,0.151,0.40780518204857913,0.6456659897969692,0.6069122238368252,0.5637173822751325,0.5128396021656242,0.44180094457552194,0.5675303435042375,0.7720526906153714,0.5430404040404041,0.6022481481481482,0.641551948051948
2016-12-20 04:00:00,0.6915,0.5826666666666667,0.1595,0.40780518204857913,0.7163720801663367,0.6680966982603729,0.5650399625050876,0.6371164200642616,0.4944339779227775,0.6329780421091857,0.8474469374588915,0.5356739926739926,0.6525037878787879,0.7060340909090909
2016-12-20 05:00:00,0.74,0.6915,0.3635,0.40780518204857913,1.1345620566270902,1.0264629055982952,1.5384450687830684,1.3426196233167342,0.8103657265234117,1.013053044745869,1.2780034909774036,1.4641018518518518,1.5368972222222221,1.6127986111111112
2016-12-20 06:00:00,0.0595,0.74,0.6075,0.40780518204857913,0.192679980357779,0.22523764528993268,0.08835446825396823,0.06743032280189737,0.09599027360518564,0.16244292526862292,0.3200946251111195,0.08579621212121213,0.09516840277777777,0.10113798701298701
2016-12-20 07:00:00,0.377,0.0595,0.563,0.40780518204857913,0.5344038895959542,0.5195058318031858,0.38758443055555564,0.4415956901423998,0.3542469828654632,0.4733457475806937,0.6726119868070832,0.3622549857549857,0.4089294871794872,0.43377967171717174
2016-12-20 08:00:00,0.4423333333333333,0.377,0.4368333333333333,0.40780518204857913,0.5034989041170852,0.49619746059421527,0.3403656153439153,0.41752747040175914,0.33039395663558246,0.446888901095117,0.6443235688974349,0.27228491902834007,0.3571663165266106,0.39028636363636365
2016-12-20 09:00:00,0.4146666666666667,0.4423333333333333,0.3036666666666667,0.40780518204857913,0.49297678944297507,0.4903703677919725,0.2536800914021165,0.4153775889144865,0.3222120032732407,0.43861340640581725,0.636264583579464,0.14817857142857138,0.25037689393939394,0.3448513354700855
2016-12-20 10:00:00,0.153,0.4146666666666667,0.16133333333333336,0.40780518204857913,0.2640131414538983,0.2980763053179656,0.12611313293650794,0.15919763114493712,0.1487789368649729,0.2323175445966179,0.4044168447088751,0.11925434027777779,0.13296875000000002,0.14459340277777777
2016-12-20 11:00:00,0.159,0.153,0.3131666666666667,0.40780518204857913,0.24718656712866782,0.28642211971348036,0.09672983895502646,0.11879365303462244,0.13630454656951718,0.21757899490960783,0.3882622787697323,0.06655312499999999,0.09707175925925927,0.1182037037037037
2016-12-20 12:00:00,0.4045,0.159,0.20683333333333337,0.40780518204857913,0.6339735342229775,0.6185664094413105,0.42837409215167543,0.5672200150703969,0.42983527847461644,0.5676352280441767,0.783224948896125,0.31023992673992673,0.4579545454545454,0.5710073529411764
2016-12-20 13:00:00,0.3715,0.4045,0.26166666666666666,0.40780518204857913,0.4955679721099078,0.5020245533964579,0.24457961666666692,0.3337272786829346,0.32566162739269017,0.44198868980304057,0.6410069867363054,0.17825047619047618,0.24374470899470901,0.2983813657407407
2016-12-20 14:00:00,0.1925,0.3715,0.5001666666666666,0.40780518204857913,0.3546436679731031,0.3825691509504838,0.18251351142376152,0.19556738935925524,0.21972151131132697,0.3136442442803628,0.49531053527122815,0.11934548611111111,0.18016964285714285,0.2168034722222222
2016-12-20 15:00:00,0.043666666666666666,0.1925,0.6521666666666667,0.40780518204857913,0.037077635565715195,0.11160933564620135,0.04364931216931216,0.07933151206036228,0.0,0.02509049003443664,0.1684829714022386,0.03528373015873016,0.043602941176470594,0.05086111111111111
2016-12-20 16:00:00,0.1125,0.043666666666666666,0.637,0.40780518204857913,0.18837065562477795,0.23980537729553922,0.08524141843033513,0.10483245245821259,0.0955971892064649,0.1605340542590764,0.31974569495851896,0.05625082236842105,0.09025122100122099,0.10439294871794873
2016-12-20 17:00:00,0.15116666666666664,0.1125,0.772,0.40780518204857913,0.2210096418802211,0.26602729490563104,0.10395007319223985,0.11072376848416046,0.1212194019740486,0.1884228469070959,0.3494771428672949,0.09278377525252526,0.11296296296296296,0.12422309027777778
2016-12-20 18:00:00,0.205,0.15116666666666664,0.6215,0.40780518204857913,0.2817260182951483,0.31555758372469356,0.13496427766754857,0.14616722229185264,0.16801211221803108,0.24164918469151453,0.4077321877620622,0.10772462606837606,0.13402261904761903,0.1573770833333333
2016-12-20 19:00:00,0.28683333333333333,0.205,0.164,0.40780518204857913,0.3669234752654923,0.38548269735160495,0.23017079188712505,0.2382604100164829,0.23319665425341396,0.31707571397480555,0.49109361529648415,0.2211388888888889,0.2366,0.25420064102564105
2016-12-20 20:00:00,0.38816666666666666,0.28683333333333333,0.3726666666666667,0.40780518204857913,0.48321273398606523,0.4816297285886086,0.36816565740740725,0.35758408775635014,0.321737930742427,0.42079843077945495,0.60655779105221,0.3447152777777778,0.37531742424242426,0.3924905303030303
2016-12-20 21:00:00,0.3335,0.38816666666666666,0.4855,0.40780518204857913,0.4561657684338253,0.4554078109785168,0.3254327533068781,0.31380872036827884,0.30145705399075057,0.39507694252836273,0.5762594429179068,0.3134817708333333,0.32768518518518513,0.34421428571428575
2016-12-20 22:00:00,0.2806666666666667,0.3335,0.7588333333333334,0.40780518204857913,0.46996104785380854,0.4641484501818807,0.31054110978835964,0.32755984880203526,0.3118757297460054,0.4066628111334996,0.5884242720163811,0.29836011904761905,0.32784444444444444,0.3550416666666667
2016-12-20 23:00:00,0.2065,0.2806666666666667,0.5096666666666667,0.40780518204857913,0.2955268501176225,0.31264403732357215,0.11690994907407418,0.1319565050990129,0.17944843946100514,0.24832581130578743,0.40930514038031107,0.07844426406926407,0.11830303030303031,0.18087094155844158
2016-12-21 00:00:00,0.1475,0.2065,0.3615,0.40780518204857913,0.22855072005511234,0.2631137485045099,0.08332044787157289,0.09589668108498266,0.13081265088484928,0.1941250364909569,0.36131805595695177,0.07680000000000001,0.10232986111111111,0.1247092803030303
2016-12-21 01:00:00,0.116,0.1475,0.3343333333333333,0.40780518204857913,0.17911088103643358,0.21941055248769006,0.09680868855218848,0.06404036663368484,0.09267215139668483,0.14978666003013372,0.3117493508554016,0.08212419871794872,0.09812499999999999,0.10528154761904762
2016-12-21 02:00:00,0.0505,0.116,0.21933333333333338,0.40780518204857913,0.05022088172945405,0.10869578924507989,0.04150126058201056,0.03131279813733232,0.0,0.03397095534454253,0.18197040752687477,0.03389756944444444,0.04332828282828283,0.051467261904761905
2016-12-21 03:00:00,0.0016666666666666668,0.0505,0.5826666666666667,0.40780518204857913,0.0,0.0,0.008303709215167543,0.015005369874766486,0.0,0.0,0.003178575888616697,0.004136904761904763,0.006884469696969697,0.009577380952380954
2016-12-21 04:00:00,0.0,0.0016666666666666668,0.6915,0.40780518204857913,0.0,0.0,0.005359565035273365,0.018813209725795865,0.0,0.0,0.0,0.00115357905982906,0.0030083333333333333,0.006655753968253969
2016-12-21 05:00:00,0.0,0.0,0.74,0.40780518204857913,0.0,0.0,0.00013595370370370367,0.007783637626498183,0.0,0.0,0.0,0.0,0.0,0.0
2016-12-21 06:00:00,0.0,0.0,0.0595,0.40780518204857913,0.0,0.0,0.0024906858465608456,0.0027253181956144457,0.0,0.0,0.004534451183966115,0.001130621693121693,0.00223125,0.00392361111111111
2016-12-21 07:00:00,0.0,0.0,0.377,0.40780518204857913,0.0,0.0,0.0017598720137886811,0.0,0.0,0.0,0.0,0.0,0.0007395833333333334,0.0018968750000000001
2016-12-21 08:00:00,0.0,0.0,0.4423333333333333,0.40780518204857913,0.0,0.0,0.00010610185185185183,0.0,0.0,0.0,0.0,0.0,0.0,0.0
2016-12-21 09:00:00,0.0,0.0,0.4146666666666667,0.40780518204857913,0.0,0.0,0.0014134237213403887,0.0,0.0,0.0,0.0,0.0,0.00036363636363636367,0.0012234848484848487
2016-12-21 10:00:00,0.0,0.0,0.153,0.40780518204857913,0.0,0.0,0.001099613756613757,0.0,0.0,0.0,0.0,7.407407407407407e-05,0.0006481481481481482,0.0019447916666666667
2016-12-21 11:00:00,0.03383333333333333,0.0,0.159,0.40780518204857913,0.0,0.056251954024896245,0.023647289602372945,0.03959184170821131,0.0,0.0,0.12152052923638218,0.018089962121212118,0.021558080808080807,0.02621875
2016-12-21 12:00:00,0.016,0.03383333333333333,0.4045,0.40780518204857913,0.0,0.027116490013683048,0.00875140464165464,0.03604400056362624,0.0,0.0,0.08409144044623207,0.004955528846153846,0.008542328042328042,0.013646296296296297
2016-12-21 13:00:00,0.004333333333333333,0.016,0.3715,0.40780518204857913,0.0,0.0,0.00513370436507937,0.027761116131512567,0.0,0.0,0.015101114877117183,0.0014336805555555557,0.003175,0.004815277777777778
2016-12-21 14:00:00,0.019,0.004333333333333333,0.1925,0.40780518204857913,0.0,0.027116490013683048,0.017015265652557322,0.02009485761328081,0.0,0.0,0.0786264822426252,0.00926388888888889,0.013749999999999998,0.016990028490028487
2016-12-21 15:00:00,0.05433333333333334,0.019,0.043666666666666666,0.40780518204857913,0.05292045985704896,0.1349177068551718,0.04699930445326277,0.06721338654468134,0.0,0.045879450018277035,0.20511285917323707,0.04006666666666667,0.0473609068627451,0.05293055555555555
2016-12-21 16:00:00,0.044833333333333336,0.05433333333333334,0.1125,0.40780518204857913,0.02319882064369949,0.10869578924507989,0.04771470524691358,0.07256123044479271,0.0,0.017519369166483334,0.17156297609583382,0.03856597222222222,0.04521785714285714,0.05118333333333333
2016-12-21 17:00:00,0.0038333333333333336,0.044833333333333336,0.15116666666666664,0.40780518204857913,0.0,0.0,0.00814589263668431,0.0422635276345807,0.0,0.0,0.026942908312455494,0.003591666666666666,0.0070194444444444445,0.01115521978021978
2016-12-21 18:00:00,0.0011666666666666668,0.0038333333333333336,0.205,0.40780518204857913,0.0,0.0,0.003648065255731922,0.03956467007398498,0.0,0.0,0.0,0.0008015873015873017,0.0022785714285714284,0.004893518518518518
2016-12-21 19:00:00,0.0,0.0011666666666666668,0.28683333333333333,0.40780518204857913,0.0,0.0,0.002985788359788361,0.031089334477573505,0.0,0.0,0.0,5.448717948717948e-05,0.0010806938159879337,0.005378124999999999
2016-12-21 20:00:00,0.008166666666666666,0.0,0.38816666666666666,0.40780518204857913,0.0038267734755166316,0.08247387163498815,0.03851553858024696,0.04451163615775386,0.0,0.0,0.13756828331596083,0.03380580357142857,0.037809523809523814,0.04280208333333334
2016-12-21 21:00:00,0.007666666666666667,0.008166666666666666,0.3335,0.40780518204857913,0.0,0.07081968603050282,0.022704733774250432,0.04107343580663832,0.0,0.0,0.12470508675087288,0.016850757575757574,0.024560968660968664,0.03213162878787879
2016-12-21 22:00:00,0.0033333333333333335,0.007666666666666667,0.2806666666666667,0.40780518204857913,0.0,0.038770675618168327,0.0261184128787879,0.00966422341267803,0.0,0.0,0.08805149145554408,0.023216666666666667,0.026614583333333334,0.028752314814814814
2016-12-21 23:00:00,0.0,0.0033333333333333335,0.2065,0.40780518204857913,0.0,0.04168422201928973,0.027466209656084668,0.0,0.0,0.0,0.09374496645315789,0.023216666666666667,0.027090277777777776,0.029917245370370375
2016-12-22 00:00:00,0.0006666666666666666,0.0,0.1475,0.40780518204857913,0.0,0.062079046827138884,0.018641022001763662,0.019129592989339528,0.0,0.0,0.13328636468921623,0.011954734848484848,0.019590326340326338,0.026244047619047618
2016-12-22 01:00:00,0.0,0.0006666666666666666,0.116,0.40780518204857913,0.0,0.0,0.012418461419753094,0.0,0.0,0.0,0.05233438676307828,0.005625000000000001,0.010010416666666667,0.0139125
2016-12-22 02:00:00,0.0,0.0,0.0505,0.40780518204857913,0.029254847403043183,0.08538741803610939,0.025623207892416233,0.009661769528884687,0.0,0.017364585301378577,0.16664756540356773,0.02048809523809524,0.02885780423280423,0.038551136363636364
2016-12-22 03:00:00,0.0,0.0,0.0016666666666666668,0.40780518204857913,0.2443597519203865,0.26894084130675244,0.12840464951098277,0.07939573783427566,0.1392364667392473,0.21319929516441785,0.3888642198572647,0.11434632034632033,0.12903055555555554,0.1379166666666667
2016-12-22 04:00:00,0.0,0.0,0.0,0.40780518204857913,0.1033128446503282,0.14948543886077845,0.04366691490299827,0.007615030869417241,0.03144263944385525,0.08702763537806668,0.24806258724251357,0.03204861111111111,0.05101089743589744,0.06215763888888889
2016-12-22 05:00:00,0.0,0.0,0.0,0.40780518204857913,0.11507368048057098,0.1611396244652637,0.06228971693121695,0.01453222697038549,0.039458316811020244,0.09931709529596483,0.2636625334136977,0.054832792207792205,0.067875,0.07370324074074075
2016-12-22 06:00:00,0.0,0.0,0.0,0.40780518204857913,0.03044970755796672,0.09121451083835203,0.029200050925925945,0.019242166391215773,0.0,0.02445631382220609,0.18099827632202892,0.020078125,0.030081845238095234,0.038279545454545455
2016-12-22 07:00:00,0.0,0.0,0.0,0.40780518204857913,0.05454412033700362,0.1145228820473227,0.04237605026455026,0.03832163281893807,0.0,0.047930098547327604,0.20922181883058566,0.028086805555555556,0.041666666666666664,0.0521375
2016-12-22 08:00:00,0.0,0.0,0.0,0.40780518204857913,0.11243877902950672,0.1669667172675063,0.06345819246031742,0.06108367212633063,0.03559206883040347,0.10182975719358592,0.27159618908085736,0.052107954545454555,0.06375694444444445,0.07256419457735247
2016-12-22 09:00:00,0.0,0.0,0.0,0.40780518204857913,0.0,0.03877067561816838,0.01022882275132276,0.041455619197960494,0.0,0.0,0.11708193058147709,0.006615972222222222,0.01175,0.019266369047619046
2016-12-22 10:00:00,0.0,0.0,0.0,0.40780518204857913,0.08470601400574529,0.1494854388607784,0.05026973280423286,0.04622390891712978,0.014403909702441764,0.07887775908638667,0.24788534435056908,0.040312499999999994,0.049034090909090916,0.05420643939393939
2016-12-22 11:00:00,0.0,0.0,0.03383333333333333,0.40780518204857913,0.0200642466651606,0.09704160364059472,0.023051649470899483,0.022559653242707645,0.0,0.02087032202069594,0.182912354017623,0.013445833333333334,0.021187499999999998,0.028820833333333334
2016-12-22 12:00:00,0.0,0.0,0.016,0.40780518204857913,0.0,0.015462304409197769,0.007643004749879756,0.0,0.0,0.0,0.0827167195782974,0.004923363095238094,0.007001165501165502,0.010056060606060607
2016-12-22 13:00:00,0.0,0.0,0.004333333333333333,0.40780518204857913,0.0,0.07373323243162416,0.017731021164021168,0.0,0.0,0.0,0.14972057624906288,0.007954166666666667,0.015300000000000001,0.021205555555555557
2016-12-22 14:00:00,0.0,0.0,0.019,0.40780518204857913,0.0,0.0,0.003288062169312168,0.0,0.0,0.0,0.03540739760857353,0.0004713541666666667,0.0018756613756613755,0.003829322638146167
2016-12-22 15:00:00,0.0,0.0,0.05433333333333334,0.40780518204857913,0.0,0.015462304409197769,0.008472260582010583,0.0,0.0,0.0,0.07471801669310812,0.005135531135531135,0.00792962962962963,0.012711309523809524
2016-12-22 16:00:00,0.0,0.0,0.044833333333333336,0.40780518204857913,0.005648157246956886,0.08830096443723079,0.036802385582010565,0.009573991778199717,0.0,0.004003633936082329,0.15972716428636996,0.032385416666666667,0.037119444444444455,0.04290885416666667
2016-12-22 17:00:00,0.0,0.0,0.0038333333333333336,0.40780518204857913,0.0,0.04168422201928962,0.016711108906525562,0.03290656779558962,0.0,0.0,0.1022828543490687,0.013313301282051281,0.017448863636363637,0.02318055555555556
2016-12-22 18:00:00,0.0,0.0,0.0011666666666666668,0.40780518204857913,0.0,0.03294358281592569,0.019796337161295495,0.05455100639879695,0.0,0.0,0.09079729296697409,0.015848958333333336,0.022214285714285714,0.027657828282828284
2016-12-22 19:00:00,0.0,0.0,0.0,0.40780518204857913,0.0,0.009635211606955185,0.01999159642055475,0.05822911921873357,0.0,0.0,0.06257375045841757,0.009416666666666667,0.013585648148148149,0.021640046296296293
2016-12-22 20:00:00,0.0,0.0,0.008166666666666666,0.40780518204857913,0.0,0.07081968603050282,0.0330819414902998,0.06984501087327362,0.0,0.0,0.136193562448026,0.021891666666666667,0.03132808857808858,0.038876736111111115
2016-12-22 21:00:00,0.0,0.0,0.007666666666666667,0.40780518204857913,0.18805899681430027,0.23106473809217523,0.09137946935626101,0.14071965782550294,0.09980624655872186,0.1612806518862959,0.3290651543996803,0.07334444444444443,0.09260462962962963,0.109375
2016-12-22 22:00:00,0.0,0.0,0.0033333333333333335,0.40780518204857913,0.1369622285705886,0.18444799567423414,0.06398978571428579,0.1139675197079543,0.0610618521170363,0.11414445904893777,0.2749764075351361,0.06070416666666666,0.07206547619047618,0.0803613782051282
2016-12-22 23:00:00,0.0,0.0,0.0,0.40780518204857913,0.11963509359913771,0.1669667172675063,0.06272624272486767,0.09625742688913345,0.04766094230883927,0.09797666060831903,0.2562606703358482,0.046017628205128204,0.06628333333333333,0.077703125
2016-12-23 00:00:00,0.0,0.0,0.0006666666666666666,0.40780518204857913,0.06646936111184065,0.1028686964428373,0.029600755952380934,0.06413837958450866,0.002872899274430074,0.04631881262302484,0.18904991765527362,0.024919871794871797,0.03813888888888889,0.04945833333333333
2016-12-23 01:00:00,0.0,0.0,0.0,0.40780518204857913,0.01702952209316211,0.05916550042601754,0.01758551499118165,0.05780448736782881,0.0,0.0019804361622017264,0.1394812125537236,0.013785833333333334,0.021158496732026143,0.02700416666666667
2016-12-23 02:00:00,0.0,0.0,0.0,0.40780518204857913,0.0,0.0008945724035912539,0.009889867283950618,0.05042875881364505,0.0,0.0,0.07246881487437246,0.007836174242424242,0.010924242424242423,0.013767255892255892
2016-12-23 03:00:00,0.0,0.0,0.0,0.40780518204857913,0.2125362970529069,0.22523764528993268,0.10364827314814816,0.08545900382969768,0.1111134445008519,0.18089975534806263,0.3435038937218726,0.09856089743589742,0.1069940476190476,0.11296140350877192
2016-12-23 04:00:00,0.0,0.0,0.0,0.40780518204857913,0.04075105141583513,0.07956032523386675,0.02337873809523809,0.04371277197892949,0.0,0.026912382246845334,0.1713189882825336,0.018751984126984124,0.026831349206349206,0.036283333333333334
2016-12-23 05:00:00,0.0,0.0,0.0,0.40780518204857913,0.24718803023716285,0.2572866557022672,0.12089701587301584,0.10856931195033473,0.13553673507015862,0.21536802649222872,0.3856796623427739,0.11398580586080587,0.11979977375565609,0.1297688492063492
2016-12-23 06:00:00,0.0,0.0,0.0,0.40780518204857913,0.4255476188990064,0.41170461496169686,0.2665372480158731,0.2298510669829592,0.269871125551746,0.3784861256012128,0.5715167394170227,0.2453973214285714,0.27394480519480524,0.29614722222222223
2016-12-23 07:00:00,0.0,0.0,0.0,0.40780518204857913,0.2583812596166266,0.27185438770787373,0.12527660030864196,0.14631796865250082,0.1425858632675962,0.22888436081161212,0.40446658435036653,0.12054166666666666,0.12604497354497352,0.1328219696969697
2016-12-23 08:00:00,0.0,0.0,0.0,0.40780518204857913,0.20015330670041254,0.22523764528993268,0.1026924649470899,0.1403621894742057,0.0980325969547931,0.17770243582393214,0.34828192392997337,0.08812905092592592,0.1023423076923077,0.11142222222222223
2016-12-23 09:00:00,0.0,0.0,0.0,0.40780518204857913,0.0,0.0,0.0007721975308641978,0.0,0.0,0.0,0.0,0.0,0.0,0.0005729166666666666
2016-12-23 10:00:00,0.0,0.0,0.0,0.40780518204857913,0.0,0.0,0.00040444312169312177,0.0,0.0,0.0,0.0002772600122779023,0.0,0.00019246031746031746,0.000916193181818182
2016-12-23 11:00:00,0.0,0.0,0.0,0.40780518204857913,0.0,0.0,0.0001415132275132275,0.0,0.0,0.0,0.0,0.0,0.0,0.00013525641025641027
2016-12-23 12:00:00,0.0,0.0,0.0,0.40780518204857913,0.0,0.0,1.2111111111111112e-05,0.0,0.0,0.0,0.0,0.0,0.0,0.0
2016-12-23 13:00:00,0.0,0.0,0.0,0.40780518204857913,0.0,0.0,0.00011112499999999999,0.0,0.0,0.0,0.0,0.0,0.0,0.00030000000000000003
2016-12-23 14:00:00,0.0,0.0,0.0,0.40780518204857913,0.0,0.0,0.0012346735008818342,0.010701402850358963,0.0,0.0,0.024917374611612253,0.0002654761904761905,0.0008185897435897436,0.0023388888888888886
2016-12-23 15:00:00,0.0,0.0,0.0,0.40780518204857913,0.0,0.027116490013683103,0.009925814814814807,0.033972823528592835,0.0,0.0,0.09561126652073476,0.006915277777777777,0.010456845238095237,0.013520833333333333
2016-12-23 16:00:00,0.0,0.0,0.0,0.40780518204857913,0.0,0.0242029436125617,0.010325089947089937,0.020006643861802717,0.0,0.0,0.08995762595407608,0.0063125,0.010076388888888888,0.013816666666666666
2016-12-23 17:00:00,0.015166666666666667,0.0,0.0,0.40780518204857913,0.02354054328326116,0.08538741803610939,0.036297435846560845,0.023770161501759535,0.0,0.015046060831561014,0.1615334376289692,0.03392234848484848,0.037324074074074065,0.0425573717948718
2016-12-23 18:00:00,0.14116666666666666,0.015166666666666667,0.0,0.40780518204857913,0.2652715789706006,0.28933566611460176,0.13584674228395058,0.11775726984824156,0.15300327340792577,0.23207604369241308,0.40460108915742016,0.12154652777777779,0.13520043572984747,0.15020555555555554
2016-12-23 19:00:00,0.11183333333333331,0.14116666666666666,0.0,0.40780518204857913,0.21043882782455037,0.23980537729553922,0.10855052601410935,0.09878897970583607,0.11209908501833207,0.18078654565242544,0.3449942738242756,0.09911428571428571,0.10725378787878788,0.11556349206349206
2016-12-23 20:00:00,0.21366666666666662,0.11183333333333331,0.0,0.40780518204857913,0.3813740214198136,0.3825691509504838,0.23561960163139337,0.22343596474014643,0.2420408416731896,0.3339594194612811,0.5162509346014907,0.2157763888888889,0.22850108225108223,0.24100555555555558
2016-12-23 21:00:00,0.289,0.21366666666666662,0.0,0.40780518204857913,0.4431267000389457,0.4320994397695462,0.2027959837261504,0.2873955131048178,0.2890357451910105,0.38859443634202406,0.5766153746271077,0.20587103174603177,0.24271410256410256,0.30227525252525256
2016-12-23 22:00:00,0.4341666666666667,0.289,0.0,0.40780518204857913,0.569629220137978,0.5369871102099137,0.46347287500000023,0.4220992680846199,0.3848429112883198,0.5021712537683367,0.7038522040824041,0.4382595238095238,0.45719035947712416,0.47757088744588744
2016-12-23 23:00:00,1.0948333333333333,0.4341666666666667,0.0,0.40780518204857913,0.8391932432586522,0.7642437294973765,0.8498223563492064,0.7693033792503117,0.5887945223508066,0.7456167795998012,0.9780470132459353,0.7913065476190475,0.8731357323232323,0.9183958333333333
2016-12-24 00:00:00,2.4135,1.0948333333333333,0.0,0.40780518204857913,1.3309230865165989,1.1663131328521181,1.748473186067018,1.7963041463900578,0.9569670040929849,1.1838143220729052,1.4579030154953594,1.7311912878787878,1.8235768518518518,1.86617297979798
2016-12-24 01:00:00,2.9126666666666665,2.4135,0.0,0.40780518204857913,1.8313579671744933,1.5916909074158307,2.3882835314854884,2.3681197065617794,1.3354188362736317,1.6370681504669082,1.9697461909225469,2.2005270833333332,2.3968138888888886,2.55111507936508
2016-12-24 02:00:00,2.4543333333333335,2.9126666666666665,0.0,0.40780518204857913,1.4292382934940608,1.2478924320835147,1.9847816047178135,1.9236805908000616,1.0299416807069142,1.2740016607602853,1.5610048224865727,1.8489651515151515,1.9794656862745097,2.056671875
2016-12-24 03:00:00,1.6703333333333332,2.4543333333333335,0.0,0.40780518204857913,1.19009886436554,1.043944184005023,1.3630839854497367,1.5138320347404055,0.847855028448723,1.0587819405258598,1.3194464451991392,1.3029369047619046,1.4582875,1.5693979166666667
2016-12-24 04:00:00,1.7718333333333331,1.6703333333333332,0.0,0.40780518204857913,1.1310208594075175,0.9944138951859607,1.3308829832451496,1.4181441531594239,0.8021619214020977,1.0067855162458181,1.262333540116622,1.3062152777777778,1.3604583333333333,1.428365740740741
2016-12-24 05:00:00,2.6705,1.7718333333333331,0.0,0.40780518204857913,1.515057126571589,1.3236446385126694,2.0704125180776023,2.0504795823601696,1.0922183698990788,1.355954170754872,1.658019790496703,1.90199375,2.0257965277777776,2.1217902661064425
2016-12-24 06:00:00,2.3673333333333333,2.6705,0.0,0.40780518204857913,1.3894487024929667,1.2187569680723018,1.91327164638448,1.898171822699282,0.9962625894581557,1.2440057715279582,1.5335111696389168,1.8121703296703295,1.9149112554112553,2.0156686507936508
2016-12-24 07:00:00,2.5416666666666665,2.3673333333333333,0.0,0.40780518204857913,1.4886812757247039,1.3061633601059417,1.996524224206349,1.9989741207511982,1.0708046679824983,1.3354735221338636,1.6384493790520216,1.8706338235294118,1.9801909722222222,2.0728128156565653
2016-12-24 08:00:00,2.9926666666666666,2.5416666666666665,0.0,0.40780518204857913,1.761744302986301,1.5421606185967682,2.287168456349207,2.2985008812507832,1.277241812675128,1.5840831739841843,1.920506659074408,2.0395849567099567,2.2184852941176474,2.3779652777777778
2016-12-24 09:00:00,2.5176666666666665,2.9926666666666666,0.0,0.40780518204857913,1.5428845616024331,1.3586071953261252,2.1402992757936516,1.927194776062974,1.111220528680504,1.387278955716348,1.6997388246120089,1.9618257575757574,2.085293650793651,2.212375396825397
2016-12-24 10:00:00,1.8468333333333333,2.5176666666666665,0.0,0.40780518204857913,1.184136818285966,1.0555983696095084,1.3405674819223983,1.3958905383218674,0.8394613218783553,1.063538971022159,1.3353839338153826,1.2680583333333333,1.4057718253968254,1.5072270833333334
2016-12-24 11:00:00,2.2323333333333335,1.8468333333333333,0.0,0.40780518204857913,1.3278326776551386,1.180880864857725,1.5405962522045866,1.607088120803353,0.9486008420700678,1.1940602575350048,1.4831197926268649,1.44409375,1.7302723214285716,1.8404652777777775
2016-12-24 12:00:00,2.8123333333333336,2.2323333333333335,0.0,0.40780518204857913,1.632650742437413,1.4431000409586436,1.7504201144179892,1.9823340441696133,1.1800308537264004,1.4699412551632642,1.7943937352210237,1.6092125,1.9014974358974357,2.1324761904761904
2016-12-24 13:00:00,2.9855,2.8123333333333336,0.0,0.40780518204857913,1.863105240728504,1.6412211962348935,2.0413458752204576,2.2518943365885455,1.3553104437639252,1.678083276700521,2.028775046956258,1.7953386752136753,1.9225055555555555,2.136573863636364
2016-12-24 14:00:00,2.5603333333333333,2.9855,0.0,0.40780518204857913,1.5445816482489552,1.3702613809306106,2.0070954173280438,1.9726904684679687,1.1148187671435668,1.3890258209141724,1.7017530191713395,1.8934204545454547,1.990327380952381,2.122983796296296
2016-12-24 15:00:00,2.2263333333333333,2.5603333333333333,0.0,0.40780518204857913,1.3226460018722754,1.180880864857725,1.6840751044973563,1.7393395076167062,0.9475888680024448,1.1870098414256076,1.4725623040899565,1.487892316017316,1.71215625,1.8276851851851854
2016-12-24 16:00:00,2.8358333333333334,2.2263333333333333,0.0,0.40780518204857913,1.743753325375122,1.5392470721956468,2.2609188968253973,2.186678641866114,1.2675601561477905,1.566613555858516,1.8993004224398407,1.9785739850427349,2.103060916179337,2.295401282051282
2016-12-24 17:00:00,2.6871666666666667,2.8358333333333334,0.015166666666666667,0.40780518204857913,1.6431928453735074,1.4518406801620074,2.1790732552910055,2.087173202935907,1.1922686985111277,1.4739675908087824,1.7930376881087362,2.031391666666667,2.1382440476190476,2.2718437500000004
2016-12-24 18:00:00,2.2955,2.6871666666666667,0.14116666666666666,0.40780518204857913,1.410187321836973,1.2508059784846364,1.99449641468254,1.8413344243752865,1.0165338278636955,1.2613993346955918,1.5514081260129977,1.891965379901961,1.9885520833333334,2.062928685897436
2016-12-24 19:00:00,1.6866666666666668,2.2955,0.11183333333333331,0.40780518204857913,1.1743399114185107,1.0468577304061442,1.5063259728835974,1.5169735378301252,0.8384905489247418,1.0463061915791712,1.3069887040461696,1.400952380952381,1.4906428571428572,1.5533645833333334
2016-12-24 20:00:00,2.2878333333333334,1.6866666666666668,0.21366666666666662,0.40780518204857913,1.3999210398884638,1.2362382464790294,2.0603501311728416,1.8046024633048112,1.0098327857454434,1.2489292223922326,1.5340378498448737,1.9131145833333332,2.016782142857143,2.0765231481481483
2016-12-24 21:00:00,2.9061666666666666,2.2878333333333334,0.289,0.40780518204857913,1.7144111673030398,1.5013709689810697,2.3319587671957676,2.107430937125524,1.2483049100302959,1.5322712154174298,1.8524425330948797,2.169114583333333,2.3272343749999997,2.44601893939394
2016-12-24 22:00:00,3.0385,2.9061666666666666,0.4341666666666667,0.40780518204857913,2.1722046675798836,1.888872640330205,2.4265693611111128,2.6697906390433315,1.595102487133038,1.9456396096817434,2.3179213029929553,2.278110119047619,2.4900285714285713,2.667332837301587
2016-12-24 23:00:00,3.0391666666666666,3.0385,1.0948333333333333,0.40780518204857913,2.3905381267555352,2.072426063600848,2.5455597680375206,2.9641764435529256,1.7602411480400455,2.1427256133217645,2.5398106574488404,2.302172619047619,2.523875,2.663151098901099
2016-12-25 00:00:00,2.0315,3.0391666666666666,2.4135,0.40780518204857913,2.559884417338824,2.2122762908546716,2.6503407718253977,3.0350249563226765,1.8872282800025417,2.29103105755402,2.697922379912085,2.4568310185185185,2.6202145833333335,2.723314236111111
2016-12-25 01:00:00,2.2706666666666666,2.0315,2.9126666666666665,0.40780518204857913,2.448967901586119,2.1161292596176677,2.659378107804234,2.9394309247719947,1.802512240327802,2.1910612544634644,2.5855871291613592,2.4588370726495725,2.6214143939393937,2.7245208333333335
2016-12-25 02:00:00,0.016833333333333332,2.2706666666666666,2.4543333333333335,0.40780518204857913,2.0707558244133644,1.7927256090932018,2.6130218666225757,2.52195045321951,1.515147794833642,1.8496292084461823,2.2012549729222872,2.4127884615384616,2.6211107954545456,2.743309935897436
2016-12-25 03:00:00,1.0141666666666667,0.016833333333333332,1.6703333333333332,0.40780518204857913,1.9648158615419,1.7024056706584403,2.1105506269841254,2.410246131669711,1.433974812979696,1.7549442459095086,2.0956907778747333,1.8768799189814818,2.128652777777778,2.421065625
2016-12-25 04:00:00,3.001,1.0141666666666667,1.7718333333333331,0.40780518204857913,1.8989071147245424,1.647048289037136,2.07165973478836,2.3389103279835277,1.383106645912341,1.696766552003942,2.031603812164531,1.8754988636363634,2.0294296296296297,2.3077698863636362
2016-12-25 05:00:00,2.9845,3.001,2.6705,0.40780518204857913,2.1907283667875737,1.897613279533569,2.402698041005289,2.7065432898061537,1.6032997841294587,1.9624880665683972,2.3331402440708473,2.1876326754385964,2.422084656084656,2.6786690972222225
2016-12-25 06:00:00,0.7126666666666667,2.9845,2.3673333333333333,0.40780518204857913,1.7235828497421355,1.5013709689810697,1.9959861051587302,2.1749692111940546,1.2485910026520075,1.541476186065194,1.859928591828753,1.9458530092592594,2.0444642857142856,2.1465690476190478
2016-12-25 07:00:00,1.5131666666666668,0.7126666666666667,2.5416666666666665,0.40780518204857913,1.535924264881747,1.3440394633205186,1.9828815925925922,1.9138581567100024,1.1057805603056658,1.3733306123990159,1.671956254879038,1.8513118990384614,1.9619772727272726,2.095698611111111
2016-12-25 08:00:00,2.9913333333333334,1.5131666666666668,2.9926666666666666,0.40780518204857913,1.8226487758620167,1.5916909074158307,2.0186169237213405,2.2036170504370842,1.3225678250397568,1.6343028035003886,1.9679616561567972,1.8704895833333333,1.9567847222222223,2.136573863636364
2016-12-25 09:00:00,2.705,2.9913333333333334,2.5176666666666665,0.40780518204857913,1.617450518196822,1.4197916697496729,2.058750411375661,1.8932402574187528,1.1668966610865938,1.4498611244836037,1.7611419429497706,1.961081439393939,2.0501655092592594,2.169091382575757
2016-12-25 10:00:00,3.02,2.705,1.8468333333333333,0.40780518204857913,1.9212847352359768,1.6820108458505914,2.1025942934303345,2.212928337240718,1.3971182762953105,1.7257042934654163,2.073270933038703,1.858685984848485,1.9663873626373627,2.333976851851852
2016-12-25 11:00:00,2.8596666666666666,3.02,2.2323333333333335,0.40780518204857913,1.6380592283966304,1.4431000409586436,1.7828760509259256,1.935417346668953,1.1828165451913626,1.4698962283829002,1.7851280026197998,1.625405952380952,1.8751174242424242,2.047309116809117
2016-12-25 12:00:00,2.7911666666666664,2.8596666666666666,2.8123333333333336,0.40780518204857913,1.6559861350867793,1.4605813193653714,1.8576094391534397,1.985097140780059,1.1968940359770108,1.4861639017390764,1.8034913988511387,1.7468541666666666,1.9659031986531985,2.102025925925926
2016-12-25 13:00:00,2.7355,2.7911666666666664,2.9855,0.40780518204857913,1.6507800392307674,1.4576677729642498,1.8740313756613765,1.999840028592758,1.1936340552993305,1.4810521211956929,1.7972676189311994,1.7224756944444444,1.9242125,2.0977977430555557
2016-12-25 14:00:00,2.8295,2.7355,2.5603333333333333,0.40780518204857913,1.8001622641157564,1.5858638146135882,2.002930626763669,2.138038475595911,1.307633990099017,1.6154116347578618,1.9479687441427849,1.8535884615384615,1.910714393939394,2.060179029304029
2016-12-25 15:00:00,2.7898333333333336,2.8295,2.2263333333333333,0.40780518204857913,1.690933858418126,1.492630329777706,2.0505032879188723,2.008825021481785,1.2257925812999493,1.515386604090472,1.8338500294182236,1.9426608974358974,2.0442305555555556,2.183965909090909
2016-12-25 16:00:00,3.0135,2.7898333333333336,2.8358333333333334,0.40780518204857913,1.9822570865935825,1.7402817738730179,1.8854003055555555,2.279173350370611,1.4474377290514142,1.777546195638391,2.1280809958420708,1.8362377622377624,1.889028846153846,2.0140594362745095
2016-12-25 17:00:00,2.7201666666666666,3.0135,2.6871666666666667,0.40780518204857913,1.6528667543042024,1.4576677729642507,2.0654746263227524,1.9783139657464173,1.1987817607202778,1.4778276981335436,1.7881872304834796,1.9644062500000001,2.0558822751322747,2.166791375291375
2016-12-25 18:00:00,2.5095,2.7201666666666666,2.2955,0.40780518204857913,1.5223223586577117,1.3440394633205186,1.865584287257495,1.8378924285625302,1.1006727903838036,1.3579784864032394,1.6511685778030332,1.7896338612368026,1.9325361111111112,2.054964285714285
2016-12-25 19:00:00,2.631,2.5095,1.6866666666666668,0.40780518204857913,1.5733661063313746,1.3848291129362174,2.1083811137566144,1.8863334836812593,1.1399820323155343,1.4024986675589022,1.6996597021990252,1.9150824074074073,2.0432749999999995,2.1458333333333335
2016-12-25 20:00:00,2.458,2.631,2.2878333333333334,0.40780518204857913,1.5154714476388709,1.3323852777160332,1.6792725535113031,1.8375296430251506,1.0965592782759173,1.3485990089126432,1.6372853319487528,1.6653742559523808,1.7927263257575756,1.9198072916666664
2016-12-25 21:00:00,2.1735,2.458,2.9061666666666666,0.40780518204857913,1.375717241407583,1.2100163288689383,1.6311299722222223,1.7025467434003294,0.9908899111821867,1.2208865718403756,1.4919149834576282,1.3364640151515155,1.6619047619047618,1.9383465909090907
2016-12-25 22:00:00,2.709,2.1735,3.0385,0.40780518204857913,1.6559114533416819,1.446013587359765,2.204673712301589,2.042651261269041,1.2031359277459337,1.4735419558410185,1.7760681770358635,2.0399861111111113,2.2409166666666667,2.4009255952380952
2016-12-25 23:00:00,2.7701666666666664,2.709,3.0391666666666666,0.40780518204857913,1.7478761881196119,1.521765793788919,2.297529130731923,2.166336894511366,1.2725359782694257,1.556274471408812,1.868937409879554,2.147847222222222,2.3370104166666668,2.457429487179487
2016-12-26 00:00:00,2.5365,2.7701666666666664,2.0315,0.40780518204857913,1.5687903667257947,1.3790020201339748,2.1414909261463837,1.9866791240738022,1.139217507441532,1.3948012562664365,1.689799743780398,1.903174107142857,2.1023944444444442,2.315595238095238
2016-12-26 01:00:00,0.5223333333333333,2.5365,2.2706666666666666,0.40780518204857913,1.4954429311994388,1.3149039993093052,1.857248535714285,1.910948068466355,1.0829642978808105,1.3288284361162728,1.6158218264819462,1.7439791666666666,1.8666851851851853,1.9916838578088578
2016-12-26 02:00:00,0.022,0.5223333333333333,0.016833333333333332,0.40780518204857913,1.4109527539781452,1.2420653392812726,1.9914259023368606,1.7766240775548183,1.018127433278065,1.2531909839965996,1.5313742772333796,1.814445238095238,1.9242202380952382,2.0198910256410256
2016-12-26 03:00:00,0.0345,0.022,1.0141666666666667,0.40780518204857913,1.3118435329660179,1.1575724936487541,1.7270050833163744,1.6246369222132409,0.9421295114448498,1.1646872910854522,1.4327841428135122,1.5725,1.7746457264957265,1.8436973157051282
2016-12-26 04:00:00,0.3225,0.0345,3.001,0.40780518204857913,1.30058072102335,1.1488318544453904,1.7861957248507656,1.6232150413421624,0.9326618245433388,1.1559597541840914,1.4244896621247987,1.6969232549857551,1.7958103174603175,1.850275
2016-12-26 05:00:00,0.24766666666666662,0.3225,2.9845,0.40780518204857913,1.100588559214167,0.9798461631803539,1.2922114825837738,1.3508916624018623,0.780250641267856,0.9766298557106898,1.2238937288377114,1.264901515151515,1.3440069444444447,1.4044458874458874
2016-12-26 06:00:00,0.025,0.24766666666666662,0.7126666666666667,0.40780518204857913,1.1150103432519394,0.9944138951859607,1.345045453483244,1.3921141797662104,0.79038359125191,0.9913974838070552,1.2423533508474922,1.3026977564102564,1.3964424242424243,1.4455091991341993
2016-12-26 07:00:00,0.217,0.025,1.5131666666666668,0.40780518204857913,1.1595969816089846,1.0352035448016585,1.4982294786155195,1.4576720268868126,0.8235251896104074,1.0334150774087534,1.291499075239107,1.407070023148148,1.489211111111111,1.5553364583333331
2016-12-26 08:00:00,2.7331666666666665,0.217,2.9913333333333334,0.40780518204857913,1.7229665378923757,1.518852247387798,1.9517507387566138,2.1335615828918963,1.2499023851840867,1.544728688343921,1.8699539319381562,1.9009333333333334,2.028109126984127,2.1577031250000003
2016-12-26 09:00:00,1.6701666666666668,2.7331666666666665,2.705,0.40780518204857913,1.3435843628141044,1.198362143264453,1.7560757493386245,1.622152329378174,0.9622671907022943,1.2026646338762288,1.4852956727251319,1.6645381944444444,1.8003478535353539,1.9176955128205129
2016-12-26 10:00:00,2.139,1.6701666666666668,3.02,0.40780518204857913,1.3127122287457802,1.1750537720554821,1.2327664393738984,1.5914086972216597,0.9389108648952128,1.175625591207277,1.455695692057442,1.1812666666666667,1.5243407738095238,1.711209375
2016-12-26 11:00:00,2.571,2.139,2.8596666666666666,0.40780518204857913,1.5417923613566569,1.3731749273317317,1.8685236829806002,1.8609572951820355,1.1127386353460575,1.3834127480391953,1.6906073087150013,1.5686183035714285,1.7508981481481483,1.9127405753968254
2016-12-26 12:00:00,1.8058333333333332,2.571,2.7911666666666664,0.40780518204857913,1.1669516111349685,1.0555983696095084,1.3492604521604936,1.4343229987031172,0.8292501749396984,1.0442574179276387,1.3079622188543858,1.225301851851852,1.3725749999999999,1.4685526175213675
2016-12-26 13:00:00,1.3995,1.8058333333333332,2.7355,0.40780518204857913,0.9704847432175399,0.8895262247455931,1.0480772202380952,1.1189106313178914,0.6810885136815621,0.8660700878695332,1.1064647413592335,1.0886744791666667,1.1340963203463206,1.1764875
2016-12-26 14:00:00,2.6553333333333335,1.3995,2.8295,0.40780518204857913,1.6150957529044108,1.4401864945575218,1.918186736111112,2.0204566734626193,1.1702802999842143,1.448571649282321,1.7627852620780657,1.9136964285714286,2.0374496527777777,2.1612348484848485
2016-12-26 15:00:00,2.5268333333333333,2.6553333333333335,2.7898333333333336,0.40780518204857913,1.5775901367298115,1.4081374841451875,2.085433382936507,1.9740093564759584,1.142777021402818,1.4134499496829527,1.72189418394421,1.9471972222222222,2.0360555555555555,2.1460245535714284
2016-12-26 16:00:00,1.3681666666666668,2.5268333333333333,3.0135,0.40780518204857913,1.0253167452772343,0.9361429671635342,1.198410150132276,1.177615199409473,0.7253022565940571,0.9122227424784363,1.1548286628488145,1.1364333333333332,1.2339606060606059,1.2951809764309765
2016-12-26 17:00:00,2.617,1.3681666666666668,2.7201666666666666,0.40780518204857913,1.9288753185980576,1.7053192170595624,1.8895816435185186,2.278691299897352,1.410744622004789,1.7282234123809945,2.073752840787578,1.8375438948306595,1.887654761904762,2.0062541666666664
2016-12-26 18:00:00,1.7771666666666668,2.617,2.5095,0.40780518204857913,1.2587023160639992,1.1313505760386626,1.5380667506613748,1.5788671049198848,0.9038059100305998,1.120053900234153,1.3857833985199242,1.5558244047619048,1.6348698752228166,1.6856830808080812
2016-12-26 19:00:00,1.285,1.7771666666666668,2.631,0.40780518204857913,1.0262702765752048,0.9303158743612916,1.2323078062169315,1.251108830984757,0.7283501611020116,0.908051391930495,1.144851006866939,1.1980280303030302,1.2556474673202613,1.3017069444444447
2016-12-26 20:00:00,1.537,1.285,2.458,0.40780518204857913,1.128898051577105,1.0148087199938096,1.2743482826278663,1.4042217058446782,0.8065413175495632,0.9994115694840925,1.2463670613672924,1.2554398148148147,1.328088383838384,1.3831924242424238
2016-12-26 21:00:00,1.3168333333333333,1.537,2.1735,0.40780518204857913,0.9891438453458161,0.8924397711467145,1.1503819140211646,1.167288686631818,0.7008719504558324,0.8716991324118246,1.1009967128761673,1.1214583333333334,1.1797416666666667,1.2151780303030304
2016-12-26 22:00:00,1.8511666666666668,1.3168333333333333,2.709,0.40780518204857913,1.2317689770535658,1.096388019225207,1.175803425264551,1.488914565118151,0.8846551369055615,1.0903575334720759,1.346792573002129,1.0248177083333332,1.2506944444444443,1.4776835317460315
2016-12-26 23:00:00,2.6283333333333334,1.8511666666666668,2.7701666666666664,0.40780518204857913,1.655024692009307,1.4547542265631288,2.333549209215169,2.029134346226364,1.205045598434486,1.47288162587787,1.777903746288599,2.1898043981481483,2.3550972222222226,2.4688833333333333
2016-12-27 00:00:00,2.0175,2.6283333333333334,2.5365,0.40780518204857913,1.7052249920287619,1.513025154585555,2.3236915562169327,2.1543990483607636,1.246958493008046,1.5239434896845019,1.8485204153353822,2.2051961805555553,2.370721033868093,2.4847087719298244
2016-12-27 01:00:00,0.4895,2.0175,0.5223333333333333,0.40780518204857913,1.1434795135598603,1.0322899984005378,1.4300950694444448,1.2372136830065408,0.8206884919650889,1.0160098913092448,1.2758971631573695,1.3655458333333332,1.5193840277777777,1.6111794871794873
2016-12-27 02:00:00,0.3201666666666667,0.4895,0.022,0.40780518204857913,0.9052976445034997,0.8283417503220456,1.0414560598324507,0.8826711937642417,0.6394127768959054,0.801293872615241,1.034533249785864,1.0263542613636363,1.0622528846153847,1.0942083333333334
2016-12-27 03:00:00,0.025166666666666667,0.3201666666666667,0.0345,0.40780518204857913,1.6019698501040527,1.4227052161507943,2.0494938192239864,1.9258086587226473,1.166309347477802,1.4329080910778484,1.7484211784914363,1.9379776515151512,2.139633116883117,2.295220238095238
2016-12-27 04:00:00,0.0,0.025166666666666667,0.3225,0.40780518204857913,1.532645732357026,1.3644342881283678,2.1107616494708994,1.8663659110713804,1.1128536504000808,1.371639762359518,1.6808471824673896,1.933488095238095,2.0978871212121213,2.2296363636363634
2016-12-27 05:00:00,0.33016666666666666,0.0,0.24766666666666662,0.40780518204857913,0.9808703647920232,0.8953533175478356,1.1722564318783069,1.0910167148049534,0.6939268760569738,0.8739744781715385,1.1210871268544644,1.0891571180555555,1.1772863247863248,1.2493895833333333
2016-12-27 06:00:00,0.8855,0.33016666666666666,0.025,0.40780518204857913,1.2138758883285572,1.0963880192252065,1.638419989502781,1.5255836073478373,0.8696617467044057,1.086542734284729,1.3627166889502027,1.6308083333333332,1.7113526936026933,1.7737628205128206
2016-12-27 07:00:00,2.311,0.8855,0.217,0.40780518204857913,1.3848312510833245,1.2449788856823938,1.7521430945767187,1.7440770654374418,0.998541955446419,1.242913815958655,1.5408825349540118,1.6940409226190476,1.7764131944444443,1.8711277777777777
2016-12-27 08:00:00,2.6556666666666664,2.311,2.7331666666666665,0.40780518204857913,1.5281101830175328,1.370261380930611,2.068815168650793,1.9037608459194184,1.1066529597451684,1.3740793449239863,1.6904326630503619,1.9114618055555557,2.0067736742424245,2.141384943181818
2016-12-27 09:00:00,3.0233333333333334,2.6556666666666664,1.6701666666666668,0.40780518204857913,2.1323548356836897,1.888872640330205,2.3583281666666642,2.5193997376305437,1.5642264082485777,1.9221181165320074,2.310039134224146,2.0942986111111113,2.3832634680134683,2.656670138888889
2016-12-27 10:00:00,2.4435,3.0233333333333334,2.139,0.40780518204857913,1.5823463203058055,1.422705216150794,2.0101880125661373,1.9096494793082377,1.1475655208659727,1.4253025823230956,1.7504105458523067,1.9009924242424239,2.0253611111111107,2.148831597222222
2016-12-27 11:00:00,1.6608333333333332,2.4435,2.571,0.40780518204857913,1.1283522669830515,1.0381170912027802,1.4660674506172848,1.3991174073938835,0.8038872892437604,1.014962776602435,1.2879160997412487,1.291566346153846,1.4626759259259259,1.5683020833333332
2016-12-27 12:00:00,2.4873333333333334,1.6608333333333332,1.8058333333333332,0.40780518204857913,1.474154782921343,1.3352988241171544,1.6915214441839033,1.800001186633063,1.0663676610244763,1.3279313919838491,1.6410344061015243,1.426221875,1.6849267676767679,1.8328875000000002
2016-12-27 13:00:00,2.5515,2.4873333333333334,1.3995,0.40780518204857913,1.5782405568147124,1.4256187625519154,1.631630754629631,1.905119796784884,1.1459086406784853,1.4217199254488786,1.746395596224564,1.426221875,1.6881944444444446,1.8566473214285715
2016-12-27 14:00:00,1.5086666666666668,2.5515,2.6553333333333335,0.40780518204857913,1.0957791597110926,1.0148087199938096,1.1538945321869492,1.3254441883412944,0.7812155235605938,0.9843119986499114,1.2519961133751782,0.9831458333333333,1.2592663690476191,1.3722619463869465
2016-12-27 15:00:00,1.4455,1.5086666666666668,2.5268333333333333,0.40780518204857913,1.030950576099148,0.9594513383725045,1.091023765873016,1.2073865957646603,0.7330120048962749,0.9244652205484394,1.183208792730577,0.9198696524064173,1.2389592803030305,1.3125949883449883
2016-12-27 16:00:00,1.362,1.4455,1.3681666666666668,0.40780518204857913,0.9909828240967942,0.9244887815590488,1.1802962940917103,1.1493971527124525,0.7036667416423069,0.8868332352583572,1.1391978187116445,1.048061111111111,1.1995213675213676,1.268285943223443
2016-12-27 17:00:00,1.6023333333333332,1.362,2.617,0.40780518204857913,1.0987599708049367,1.0148087199938096,1.3024860251322754,1.3392386716558695,0.7862146146379267,0.9827159937871605,1.2456439335249685,1.2649535984848486,1.347534722222222,1.4160503472222221
2016-12-27 18:00:00,1.6903333333333332,1.6023333333333332,1.7771666666666668,0.40780518204857913,1.1492302344308596,1.0555983696095084,1.4652806871693118,1.4349889209543678,0.8252447348508134,1.0266704271332903,1.2934378874782064,1.3626805555555555,1.4469772727272727,1.519957792207792
2016-12-27 19:00:00,0.7568333333333334,1.6903333333333332,1.285,0.40780518204857913,0.7631065031069981,0.7234540798816779,0.8567394204144622,0.7620328512307395,0.533350135455787,0.6755893522553016,0.8955891317022824,0.8196820512820513,0.853002976190476,0.8848208333333334
2016-12-27 20:00:00,1.259,0.7568333333333334,1.537,0.40780518204857913,0.9477031804209342,0.8778720391411077,1.018143169753086,1.1565234851675705,0.6736420121521057,0.8411247653152089,1.0807939137348699,0.9006208333333333,1.0897384259259257,1.158930735930736
2016-12-27 21:00:00,1.3453333333333333,1.259,1.3168333333333333,0.40780518204857913,1.016286600899403,0.9332294207624128,1.2507225963403878,1.284316035627307,0.7258119756906574,0.9019410518214779,1.148132414388173,1.2285791666666668,1.2765751262626264,1.316772435897436
2016-12-27 22:00:00,1.6558333333333333,1.3453333333333333,1.8511666666666668,0.40780518204857913,1.1735274593654486,1.0643390088128724,1.3406444462081113,1.4300951969857572,0.8449069118812542,1.0433335825626564,1.3067525166680576,1.1980279304029304,1.3787416666666668,1.4905770833333334
2016-12-27 23:00:00,1.1686666666666667,1.6558333333333333,2.6283333333333334,0.40780518204857913,0.9342012139655675,0.8574772143332586,1.0451624876543206,0.9942375144242817,0.6633165513993136,0.8262745212924492,1.0613798090689686,0.9325690476190476,1.0781277777777778,1.1241964285714285
2016-12-28 00:00:00,1.071,1.1686666666666667,2.0175,0.40780518204857913,0.8740558257623934,0.8137740183164388,0.7383626931216937,0.908144137600565,0.6198558228438881,0.7782550161031443,1.0203667852732952,0.7395208333333334,0.8792680555555554,0.9841496212121212
2016-12-28 01:00:00,0.8133333333333334,1.071,0.4895,0.40780518204857913,0.7221548588536701,0.6826644302659796,0.6233740634920638,0.6646180840195663,0.5040894230447652,0.6411975952594343,0.8661871707564526,0.6261100427350428,0.6962175925925926,0.7567897869674185
2016-12-28 02:00:00,0.7723333333333333,0.8133333333333334,0.3201666666666667,0.40780518204857913,0.6820645037180626,0.6477018734525237,0.6491817982804232,0.6206361578906447,0.4728904485767682,0.6057383957056786,0.827071015587846,0.6114319444444445,0.6760939153439154,0.7078230769230768
2016-12-28 03:00:00,0.4048333333333333,0.7723333333333333,0.025166666666666667,0.40780518204857913,0.4736634129565547,0.4699755429841235,0.35686300330687826,0.32316999295777077,0.31409156641186436,0.4183343887861188,0.6168959111250003,0.3226060606060606,0.342375,0.372750641025641
2016-12-28 04:00:00,0.451,0.4048333333333333,0.0,0.40780518204857913,0.5307080196072496,0.5195058318031858,0.41449610670193987,0.4065329151307098,0.3563744797176587,0.47141954814001535,0.678342036713148,0.37625,0.41122676767676763,0.43295337995337996
2016-12-28 05:00:00,0.7323333333333334,0.451,0.33016666666666666,0.40780518204857913,0.6961605472725592,0.6622696054581303,0.6429133101851849,0.6286739612507906,0.48082900755126146,0.6227875746322439,0.850858347007271,0.5491398809523809,0.6567588383838384,0.6988576388888889
2016-12-28 06:00:00,0.9026666666666666,0.7323333333333334,0.8855,0.40780518204857913,0.7720590080443581,0.7292811726839205,0.5739536779701775,0.7479388742369899,0.5375374977218904,0.6931866293583413,0.9320845146662273,0.4693184523809524,0.6370044642857143,0.8167656695156695
2016-12-28 07:00:00,0.639,0.9026666666666666,2.311,0.40780518204857913,0.6048926487619783,0.5894309454300974,0.27687595149911826,0.47792613474339835,0.4102522354377407,0.5435848645687406,0.7650343595995712,0.2929583333333333,0.3823952380952381,0.48361681547619045
2016-12-28 08:00:00,0.6498333333333334,0.639,2.6556666666666664,0.40780518204857913,0.6218028562984634,0.6069122238368252,0.461905690035273,0.4894715600338495,0.4226246293529738,0.5603969054618443,0.7855643660837259,0.3570858585858586,0.4681785714285714,0.5459821428571429
2016-12-28 09:00:00,0.452,0.6498333333333334,3.0233333333333334,0.40780518204857913,0.5224810974529814,0.5253329246054284,0.31069580687830695,0.3271046178698222,0.34716689572113474,0.4717649056407093,0.6868425926058349,0.2499791666666667,0.3313785714285714,0.40299166666666664
2016-12-28 10:00:00,0.35883333333333334,0.452,2.4435,0.40780518204857913,0.45403988315830823,0.46997554298412336,0.1606361302910053,0.24857134382514184,0.29534773980003537,0.41072888003136615,0.6188852784858712,0.11501770833333333,0.1829517045454545,0.2775282738095238
2016-12-28 11:00:00,0.2941666666666667,0.35883333333333334,1.6608333333333332,0.40780518204857913,0.44062867976274556,0.46123490378075943,0.16200070833333324,0.22692437206362415,0.2854608795149449,0.39908096515711894,0.6062177428605714,0.13202023809523808,0.1937583333333333,0.26922619047619045
2016-12-28 12:00:00,0.125,0.2941666666666667,2.4873333333333334,0.40780518204857913,0.23314110509479669,0.28642211971348036,0.04678261265432103,0.08858004331662957,0.12876138961648464,0.21136674087094387,0.394437138378267,0.03880568181818182,0.05682600732600733,0.08203021978021978
2016-12-28 13:00:00,0.1845,0.125,2.5515,0.40780518204857913,0.30990391155082053,0.3534336869392706,0.16529562345679022,0.09249026075708448,0.18760212918757116,0.2804301958338701,0.47190208599056155,0.1592107142857143,0.17541025641025643,0.18602083333333333
2016-12-28 14:00:00,0.2105,0.1845,1.5086666666666668,0.40780518204857913,0.3192559283194144,0.3621743261426345,0.15285271560846572,0.13991721088383552,0.19551333356228054,0.28807368207275974,0.4796349683345802,0.1327222222222222,0.17107499999999998,0.18915416666666668
2016-12-28 15:00:00,0.2265,0.2105,1.4455,0.40780518204857913,0.35688847259751466,0.39422333655496905,0.2327003341750842,0.19693393235575224,0.2249357152089203,0.32094594835417484,0.5154585571052718,0.22276053113553115,0.23929629629629628,0.2529166666666666
2016-12-28 16:00:00,0.27,0.2265,1.362,0.40780518204857913,0.4023049938368647,0.4320994397695462,0.2188557242063492,0.22775958175212263,0.2602787022140844,0.36057983338316496,0.5586233409324166,0.2051525974025974,0.23405208333333338,0.25290625
2016-12-28 17:00:00,0.57,0.27,1.6023333333333332,0.40780518204857913,0.5749741882087023,0.5777767598256122,0.3438625359347445,0.4040042406606995,0.3919896454066448,0.5151846533544633,0.7313230317087592,0.2335029761904762,0.3338638888888889,0.403662037037037
2016-12-28 18:00:00,0.5488333333333334,0.57,1.6903333333333332,0.40780518204857913,0.587875371608275,0.5865173990289759,0.4115690233686071,0.42218644672702893,0.4025569355055131,0.525142103760201,0.740759652209723,0.34911249999999994,0.46381249999999996,0.5205267857142857
2016-12-28 19:00:00,0.254,0.5488333333333334,0.7568333333333334,0.40780518204857913,0.3895970414161627,0.41461816136281837,0.23664296164021137,0.23636502228053818,0.2529764866805776,0.344045943584172,0.5346975636951691,0.2109430555555556,0.24395436507936508,0.26223593073593077
2016-12-28 20:00:00,0.09116666666666669,0.254,1.259,0.40780518204857913,0.1472723525215791,0.20484282048208352,0.08874477645502646,0.08275930489972057,0.06982711208123568,0.12325200504871714,0.28402355649737054,0.07793844696969696,0.09269742063492065,0.10015972222222222
2016-12-28 21:00:00,0.007666666666666667,0.09116666666666669,1.3453333333333333,0.40780518204857913,0.0006874044309539418,0.07664677883274557,0.02820569206349207,0.04276378603015567,0.0,0.0,0.13167914737855924,0.022294642857142857,0.029407670454545454,0.03596496212121212
2016-12-28 22:00:00,0.007666666666666667,0.007666666666666667,1.6558333333333333,0.40780518204857913,0.0,0.0008945724035911984,0.008573628968253982,0.0,0.0,0.0,0.042720097375583965,0.004930555555555556,0.009072390572390572,0.0136015625
2016-12-28 23:00:00,0.03266666666666666,0.007666666666666667,1.1686666666666667,0.40780518204857913,0.0,0.050424861222653605,0.028163716269841276,0.0,0.0,0.0,0.10420605739468702,0.024044871794871796,0.029308333333333332,0.03271266233766234
2016-12-29 00:00:00,0.04533333333333334,0.03266666666666666,1.071,0.40780518204857913,0.016323913667284473,0.0766467788327454,0.019815859876543208,0.025320850902774264,0.0,0.004443116933070479,0.15072151625843155,0.011879464285714287,0.020739495798319327,0.02964941077441078
2016-12-29 01:00:00,0.04633333333333334,0.04533333333333334,0.8133333333333334,0.40780518204857913,0.024945380452964683,0.08247387163498815,0.026310231481481483,0.012889409100910604,0.0,0.012645532289216777,0.16043232649221417,0.02246455627705628,0.03094345238095238,0.03857932692307692
2016-12-29 03:00:00,0.01933333333333333,0.04633333333333334,0.7723333333333333,0.40780518204857913,0.0,0.015462304409197769,0.01882509862514028,0.008869093024175712,0.0,0.0,0.08549258255291609,0.016131249999999996,0.01848240740740741,0.021241161616161616
2016-12-29 04:00:00,0.12116666666666669,0.01933333333333333,0.4048333333333333,0.40780518204857913,0.19211248882170018,0.22523764528993268,0.09232854651675491,0.03307583276416823,0.09871841971335266,0.16738414050990194,0.33872537540243375,0.08081006493506496,0.09917222222222223,0.10772152777777777
2016-12-29 05:00:00,0.2155,0.12116666666666669,0.451,0.40780518204857913,0.2960883397529831,0.31555758372469345,0.11254233112874772,0.10152070477343693,0.1765974073603803,0.2631207403723983,0.4484751400473812,0.08647361111111111,0.12294074074074074,0.1529079861111111
2016-12-29 06:00:00,0.0875,0.2155,0.7323333333333334,0.40780518204857913,0.11241860987000252,0.1611396244652637,0.06446332539682537,0.030224523832706053,0.03665361674324774,0.09863154932851556,0.2646870038542631,0.05665119047619048,0.06773941798941799,0.0737138888888889
2016-12-29 07:00:00,0.030333333333333334,0.0875,0.9026666666666666,0.40780518204857913,0.0,0.04751131482153231,0.020003324735449732,0.018148622302987305,0.0,0.0,0.12902012161219456,0.01444842657342657,0.01971060606060606,0.025104166666666664
2016-12-29 08:00:00,0.09983333333333332,0.030333333333333334,0.639,0.40780518204857913,0.15000785925585647,0.19901572767984083,0.07623117879188712,0.07547207659666283,0.06405489894442165,0.13582674013397783,0.30995352253313135,0.06362608225108224,0.07788920454545453,0.08580208333333332
2016-12-29 09:00:00,0.07633333333333332,0.09983333333333332,0.6498333333333334,0.40780518204857913,0.13948574458174645,0.19318863487759816,0.06611836970899472,0.06855512668129103,0.055872945582079975,0.12755124544467822,0.3018945372151606,0.05237847222222222,0.07499866310160427,0.08257291666666666
2016-12-29 10:00:00,0.067,0.07633333333333332,0.452,0.40780518204857913,0.0710445302870727,0.13783125325629314,0.045654029100529146,0.044386812761880695,0.004053789660980633,0.0665152198353351,0.23393722309519677,0.03822280701754386,0.04643749999999999,0.052300824175824184
2016-12-29 11:00:00,0.0995,0.067,0.35883333333333334,0.40780518204857913,0.13960222920354615,0.19901572767984083,0.04957898544973551,0.045931484716128734,0.05626764962465697,0.1290425404673973,0.30495841500213106,0.02762152777777778,0.04429734848484848,0.060482738095238096
2016-12-29 12:00:00,0.0385,0.0995,0.2941666666666667,0.40780518204857913,0.00725281498829633,0.08830096443723062,0.015618114417989416,0.014427345178656584,0.0,0.009322282062005915,0.16989247742437452,0.014753246753246754,0.02112121212121212,0.02553333333333334
2016-12-29 13:00:00,0.01983333333333333,0.0385,0.125,0.40780518204857913,0.0,0.02128939721144041,0.013954912037037035,0.0,0.0,0.0,0.08695403059988727,0.005109265734265733,0.009866666666666666,0.015185416666666665
2016-12-29 14:00:00,0.025833333333333333,0.01983333333333333,0.1845,0.40780518204857913,0.0,0.07081968603050282,0.020807287918871264,0.0014401726532520948,0.0,0.0,0.14350533733770915,0.009344444444444443,0.015308333333333335,0.022348290598290597
2016-12-29 15:00:00,0.0345,0.025833333333333333,0.2105,0.40780518204857913,0.0,0.06790613962938158,0.012563362874779537,0.0077490289201415236,0.0,0.0,0.1374845623422838,0.008641865079365079,0.013025641025641025,0.020070512820512823
2016-12-29 16:00:00,0.04466666666666667,0.0345,0.2265,0.40780518204857913,0.0,0.06499259322826018,0.020715411596119924,0.0005242171388719491,0.0,0.0,0.13183092177562517,0.01391111111111111,0.02096825396825397,0.030346354166666666
2016-12-29 17:00:00,0.25433333333333336,0.04466666666666667,0.27,0.40780518204857913,0.3729934946098791,0.40005042935721163,0.21704262566137567,0.1931443224543823,0.23783478581695006,0.33477463823486553,0.5311875829517684,0.20843560606060607,0.22544345238095237,0.24162916666666667
2016-12-29 18:00:00,0.08266666666666667,0.25433333333333336,0.57,0.40780518204857913,0.11949574549533604,0.1815344492731129,0.0692422301587302,0.10443080303114369,0.046574735107326265,0.10366257324509759,0.26863583897297155,0.05275347222222222,0.06866105769230768,0.07655257936507937
2016-12-29 19:00:00,0.025833333333333333,0.08266666666666667,0.5488333333333334,0.40780518204857913,0.0,0.015462304409197769,0.020386122214205563,0.05955945061599943,0.0,0.0,0.0695478110861037,0.0109375,0.016113425925925927,0.02250520833333333
2016-12-29 20:00:00,0.187,0.025833333333333333,0.254,0.40780518204857913,0.2560904135225579,0.2922492125157229,0.14198980776014083,0.1576097621104824,0.1511374834347818,0.22408975789054303,0.40120786630010064,0.12900000000000003,0.14366666666666666,0.1582171717171717
2016-12-29 21:00:00,0.2578333333333333,0.187,0.09116666666666669,0.40780518204857913,0.37931976887571695,0.39422333655496905,0.23210608597883586,0.2642739466381508,0.24470792713917788,0.3343562014010182,0.5243388519748933,0.20807638888888888,0.2424409090909091,0.258771645021645
2016-12-29 22:00:00,0.21233333333333337,0.2578333333333333,0.007666666666666667,0.40780518204857913,0.3555459680693507,0.3709149653459986,0.18093526785714278,0.23355007120683413,0.22666377278041464,0.3119450870657633,0.49814634762109383,0.1588814814814815,0.1967847222222222,0.21333712121212123
2016-12-29 23:00:00,0.109,0.21233333333333337,0.007666666666666667,0.40780518204857913,0.19477325405183699,0.23106473809217523,0.09165658902517233,0.13226411564348928,0.10458660253687549,0.16597062648910269,0.3329753372403961,0.07216071428571429,0.09665530303030304,0.11086018518518517
2016-12-30 00:00:00,0.078,0.109,0.03266666666666666,0.40780518204857913,0.12794603784586756,0.1553125316630211,0.05578263624338622,0.06917519673584108,0.04944843946100527,0.10195023925275701,0.2518164633044493,0.042227777777777774,0.05833597883597884,0.0672375
2016-12-30 01:00:00,0.08866666666666667,0.078,0.04533333333333334,0.40780518204857913,0.17413658485789718,0.19318863487759816,0.06548566117216116,0.08005146140856942,0.08375878026306885,0.14414963754929494,0.2998846069905057,0.052697916666666664,0.06747878787878789,0.07865625
2016-12-30 02:00:00,0.05616666666666666,0.08866666666666667,0.04633333333333334,0.40780518204857913,0.062323440199258506,0.09704160364059472,0.02201655291005292,0.059182124285125405,0.0,0.04378710692751836,0.1875408152311943,0.015461309523809523,0.024277777777777773,0.039032407407407405
2016-12-30 03:00:00,0.06583333333333333,0.05616666666666666,0.01933333333333333,0.40780518204857913,0.07250608893651245,0.10578224284395865,0.03774927050264552,0.05280622827592089,0.005024714075875153,0.05418372802478383,0.20053565085430602,0.027390046296296294,0.04186994949494949,0.050541666666666665
2016-12-30 04:00:00,0.0615,0.06583333333333333,0.12116666666666669,0.40780518204857913,0.08856624443118921,0.12034997484956517,0.05453230291005289,0.052526280170728995,0.016257267257286212,0.07018126962552584,0.2201374126763368,0.04578463203463203,0.05305902777777778,0.05766550925925926
2016-12-30 05:00:00,0.028333333333333332,0.0615,0.2155,0.40780518204857913,0.0,0.04168422201928962,0.021387618606701936,0.030520112561145493,0.0,0.0,0.12763941911838533,0.017061904761904764,0.022506944444444447,0.028135416666666666
2016-12-30 06:00:00,0.066,0.028333333333333332,0.0875,0.40780518204857913,0.07034904221351834,0.10869578924507989,0.036552178791887116,0.055713701053213806,0.0007680044737564395,0.05706010507387166,0.20886558677734168,0.033141666666666666,0.042897222222222225,0.049939583333333336
2016-12-30 07:00:00,0.06716666666666667,0.066,0.030333333333333334,0.40780518204857913,0.09444345499255502,0.1320041604540504,0.0339621798941799,0.08538952720038644,0.018384422770062386,0.08053388979899295,0.2370891292858981,0.021175925925925928,0.033228956228956226,0.04921638257575757
2016-12-30 08:00:00,0.01,0.06716666666666667,0.09983333333333332,0.40780518204857913,0.0,0.0,0.00772160648148148,0.020336402241530382,0.0,0.0,0.03096216537025237,0.001,0.005241666666666667,0.010998263888888889
2016-12-30 09:00:00,0.027,0.01,0.07633333333333332,0.40780518204857913,0.0,0.02420294361256181,0.01019224669312169,0.016432704837100645,0.0,0.0,0.10659190758451581,0.0065291666666666675,0.011278472222222221,0.01538888888888889
2016-12-30 10:00:00,0.005,0.027,0.067,0.40780518204857913,0.0,0.0,0.00040444312169312177,0.0,0.0,0.0,0.0002772600122779023,0.0,0.00019246031746031746,0.000916193181818182
2016-12-30 11:00:00,0.0,0.005,0.0995,0.40780518204857913,0.0,0.0,0.0006672716049382718,0.0,0.0,0.0,0.0,0.0,0.0,0.00033991228070175437
2016-12-30 12:00:00,0.0,0.0,0.0385,0.40780518204857913,0.0,0.0,1.2111111111111112e-05,0.0,0.0,0.0,0.0,0.0,0.0,0.0
2016-12-30 13:00:00,0.005,0.0,0.01983333333333333,0.40780518204857913,0.0,0.0,0.0016618802910052916,0.0010144026162969694,0.0,0.0,0.03810667415065211,1.767676767676767e-05,0.0005773809523809525,0.0025770833333333336
2016-12-30 14:00:00,0.004833333333333333,0.005,0.025833333333333333,0.40780518204857913,0.0,0.0,0.000509883597883598,0.005323730886667058,0.0,0.0,0.0005081624147107444,0.0,0.00014814814814814815,0.0005303030303030302
2016-12-30 15:00:00,0.0,0.004833333333333333,0.0345,0.40780518204857913,0.0,0.0,0.001232857142857143,0.0,0.0,0.0,0.0,0.0,0.0,0.0
2016-12-30 16:00:00,0.0,0.0,0.04466666666666667,0.40780518204857913,0.0,0.0,3.310648148148148e-05,0.0,0.0,0.0,0.0,0.0,0.0,0.0
2016-12-30 17:00:00,0.0,0.0,0.25433333333333336,0.40780518204857913,0.0,0.0,0.0,0.0,0.0,0.0,0.0,0.0,0.0,0.0
2016-12-30 18:00:00,0.0,0.0,0.08266666666666667,0.40780518204857913,0.0,0.0,0.0,0.0,0.0,0.0,0.0,0.0,0.0,0.0
2016-12-30 19:00:00,0.0,0.0,0.025833333333333333,0.40780518204857913,0.0,0.0,1.2574074074074072e-05,0.0,0.0,0.0,0.0,0.0,0.0,0.0
2016-12-30 20:00:00,0.0,0.0,0.187,0.40780518204857913,0.0,0.0,6.0185185185185185e-06,0.0,0.0,0.0,0.0,0.0,0.0,0.0
2016-12-30 21:00:00,0.0,0.0,0.2578333333333333,0.40780518204857913,0.0,0.0,0.00040472222222222217,0.0,0.0,0.0,0.0,0.0,0.0,0.0
2016-12-30 22:00:00,0.0,0.0,0.21233333333333337,0.40780518204857913,0.0,0.0,2.9999999999999997e-05,0.0,0.0,0.0,0.0,0.0,0.0,0.0
2016-12-30 23:00:00,0.0,0.0,0.109,0.40780518204857913,0.0,0.0,0.0018503723544973556,0.00506553986227172,0.0,0.0,0.0,0.0,0.0005,0.00225
2016-12-31 00:00:00,0.0,0.0,0.078,0.40780518204857913,0.0,0.0,4.722222222222222e-06,0.0,0.0,0.0,0.0,0.0,0.0,0.0
2016-12-31 01:00:00,0.0,0.0,0.08866666666666667,0.40780518204857913,0.0,0.0,4.722222222222222e-06,0.0,0.0,0.0,0.0,0.0,0.0,0.0
2016-12-31 02:00:00,0.0,0.0,0.05616666666666666,0.40780518204857913,0.0,0.0,1.1805555555555557e-05,0.0,0.0,0.0,0.0,0.0,0.0,0.0
2016-12-31 03:00:00,0.0,0.0,0.06583333333333333,0.40780518204857913,0.0,0.0,0.002912230158730158,0.016489775250843317,0.0,0.0,0.0,0.0009970238095238096,0.0021041666666666665,0.0038611111111111107
2016-12-31 04:00:00,0.0,0.0,0.0615,0.40780518204857913,0.0,0.0,0.003013589506172838,0.03453452146731954,0.0,0.0,0.0,0.0010607638888888889,0.00226374269005848,0.0038224206349206347
2016-12-31 05:00:00,0.0,0.0,0.028333333333333332,0.40780518204857913,0.0,0.0,0.0019151477072310403,0.027117450603340337,0.0,0.0,0.0,0.0008058035714285714,0.0017277777777777777,0.0035714285714285713
2016-12-31 06:00:00,0.0,0.0,0.066,0.40780518204857913,0.0,0.0,0.00800495634920635,0.019983592209916648,0.0,0.0,0.030601104372546095,0.004304166666666666,0.006495337995337996,0.009279545454545455
2016-12-31 07:00:00,0.0,0.0,0.06716666666666667,0.40780518204857913,0.0,0.0,0.00017183531746031735,0.011994207308184748,0.0,0.0,0.0,0.0,2.0833333333333326e-05,0.00019093406593406593
2016-12-31 08:00:00,0.0,0.0,0.01,0.40780518204857913,0.0,0.0,0.003810065255731921,0.017854238380662843,0.0,0.0,0.0,0.0012541666666666667,0.0026851851851851854,0.004122916666666667
2016-12-31 09:00:00,0.0,0.0,0.027,0.40780518204857913,0.0,0.0,0.0018952233245149912,0.025231021781208535,0.0,0.0,0.0,0.0002619047619047619,0.0016314814814814816,0.003132638888888889
2016-12-31 10:00:00,0.0,0.0,0.005,0.40780518204857913,0.0,0.0,0.0,0.04284887622887527,0.0,0.0,0.0,0.0,0.0,0.0
2016-12-31 11:00:00,0.0,0.0,0.0,0.40780518204857913,0.0,0.0,0.0,0.045575690773556526,0.0,0.0,0.0,0.0,0.0,0.0
2016-12-31 12:00:00,0.0,0.0,0.0,0.40780518204857913,0.0,0.0,9.583333333333334e-06,0.04073926058831592,0.0,0.0,0.0,0.0,0.0,0.0
2016-12-31 13:00:00,0.0,0.0,0.005,0.40780518204857913,0.0,0.0,0.0002072857142857143,0.02880844430227994,0.0,0.0,0.0,0.0,0.0,0.0
2016-12-31 14:00:00,0.0,0.0,0.004833333333333333,0.40780518204857913,0.0,0.0,0.0004415304232804231,0.01842739496423966,0.0,0.0,0.0,0.0,0.0,0.00038452380952380954
2016-12-31 15:00:00,0.0,0.0,0.0,0.40780518204857913,0.0,0.0,0.002144288359788359,0.02356749991675204,0.0,0.0,0.0,0.0,8.333333333333333e-05,0.003276098901098901
2016-12-31 16:00:00,0.0,0.0,0.0,0.40780518204857913,0.0,0.0,0.0014581640211640218,0.011497507207926846,0.0,0.0,0.0,0.0,0.0,0.000720138888888889
2016-12-31 17:00:00,0.0,0.0,0.0,0.40780518204857913,0.0,0.0,0.0005899153439153438,0.0,0.0,0.0,0.0,0.0,0.0,0.0
2016-12-31 18:00:00,0.0,0.0,0.0,0.40780518204857913,0.0,0.0,0.00018566534391534396,0.0,0.0,0.0,0.0,0.0,0.0,0.00031944444444444446
2016-12-31 19:00:00,0.0,0.0,0.0,0.40780518204857913,0.0,0.0,0.0030687208994708984,0.0,0.0,0.0,0.0,0.0,0.0,0.00028703703703703703
2016-12-31 20:00:00,0.0,0.0,0.0,0.40780518204857913,0.0,0.0,0.00041978042328042327,0.0,0.0,0.0,0.0,0.0,0.0,0.0003385416666666667
2016-12-31 21:00:00,0.0,0.0,0.0,0.40780518204857913,0.0,0.0,0.0005790859788359789,0.0,0.0,0.0,0.0,0.0,0.0,0.00027916666666666666
2016-12-31 22:00:00,0.0,0.0,0.0,0.40780518204857913,0.0,0.0,0.0002204404761904761,0.0,0.0,0.0,0.0,0.0,0.0,0.0
2016-12-31 23:00:00,0.0,0.0,0.0,0.40780518204857913,0.0,0.0,0.0007304497354497355,0.0,0.0,0.0,0.0,0.0,0.0004930555555555556,0.0017203125
