timestamp,day_label,window_days,scenario,y_true,persistence_24h,elastic_net,random_forest,gradient_boosting,xgboost,arima,quantile_regression_q10,quantile_regression_q25,quantile_regression_q50,quantile_regression_q75,quantile_regression_q90,qrf_q10,qrf_q25,qrf_q50,qrf_q75,qrf_q90,qgb_q10,qgb_q25,qgb_q50,qgb_q75,qgb_q90,qxgb_q10,qxgb_q25,qxgb_q50,qxgb_q75,qxgb_q90
2018-02-18 00:00:00,Winter_calm,30,historical,668.6,30.5,466.77041854052464,535.4544344565726,353.8391400473476,540.02344,530.533386881813,35.63072364001874,156.67441794514147,424.6036024047818,677.5864236989676,936.367834845429,37.573165266106464,297.7007575757576,465.6775,638.1567708333333,873.2055555555556,123.47141097375967,118.72938340571959,249.21039468431533,555.1925737819389,586.8313731377069,133.36902,104.5997,331.4248,656.9718,669.2948
2018-02-18 01:00:00,Winter_calm,30,historical,467.0,131.06666666666666,495.25918582775853,528.5363183592265,306.47859404323486,361.72162,529.8175431694276,49.27601171928245,160.51319067626943,441.6630447163828,725.0638097833959,986.3618264999063,33.25745098039216,284.75166666666667,459.59722222222223,638.1567708333333,881.2141666666669,129.34381524777092,82.60632061814584,224.72980263958488,513.9775435003816,555.2294602267646,131.48755,59.996666,244.77278,501.9259,559.56494
2018-02-18 02:00:00,Winter_calm,30,historical,409.2,91.5,488.9208435066868,530.8948891564847,256.58123456068955,335.06845,524.4085200407619,45.92058753427649,158.1308922540832,432.2244095535774,734.5398992583698,985.091999860211,23.907033492822972,223.79795454545456,443.31296296296296,662.8017857142858,892.2969128787882,124.84992662208732,77.3395315618507,222.07832307106878,514.305656375975,555.2294602267646,122.94863,63.839394,241.95297,507.4437,556.8839
2018-02-18 03:00:00,Winter_calm,30,historical,226.36666666666667,135.3,496.38821426448624,557.3373524153841,306.47859404323486,356.19635,520.2081848206689,48.16441289116361,157.71771558761023,431.56206872870587,761.620461172839,1012.6907977749802,21.602708333333336,228.4608333333333,517.8744444444444,829.1232007575758,1019.9985416666667,128.92384753664695,80.38917764550753,227.36049501512807,513.9775435003816,555.2294602267646,125.29205,61.091732,273.92975,494.55032,550.76685
2018-02-18 04:00:00,Winter_calm,30,historical,187.76666666666668,250.8,516.1332812836738,574.7450569060007,312.2038811884687,364.55414,516.0850012688275,54.05033313014975,163.7197092365497,443.7279150252722,807.609220862007,1074.7403585404727,22.368833333333335,232.1052777777778,568.8810256410256,950.4461111111111,1141.817655677656,67.79506429571656,102.71497108079674,237.15614359844233,530.7837863591851,574.1960544584172,117.31486,81.17342,282.1476,517.0773,527.4099
2018-02-18 05:00:00,Winter_calm,30,historical,167.36666666666667,180.0,500.0565066840437,476.5633379479601,268.2687278075219,337.80524,512.2344622655374,46.994000164042106,157.00219668835356,417.95503717167765,815.1301172980777,1076.3501341670856,22.368833333333335,75.41180555555556,442.99666666666667,865.9263888888888,1071.9416944444447,26.589387561988925,62.72558547651272,166.2555009633004,562.8538587913856,574.1960544584172,60.00074,34.66504,239.95818,523.7311,522.69183
2018-02-18 06:00:00,Winter_calm,30,historical,105.66666666666669,234.63333333333333,488.9084280201976,621.9739598329363,353.04584201800157,391.90424,508.60293318053965,38.66001334496842,149.22666262651944,402.9057472794096,805.4903210425311,1065.9731679165607,23.907033492822972,300.1982638888889,666.5595238095239,979.1587121212121,1160.9105050505052,148.39560995442147,143.71295873972778,259.64316794800374,528.1013247897679,561.4666063923263,115.60388,109.40412,297.3302,534.1677,561.3137
2018-02-18 07:00:00,Winter_calm,30,historical,136.86666666666667,274.56666666666666,479.3665402980502,601.1418459881638,316.02764862939694,491.35248,505.18472491352117,32.42472777815624,141.72684697092248,385.9103866538828,801.6037040731096,1064.8969087779838,38.783787878787884,299.2108173076923,608.0078571428571,888.6110389610391,1100.4260606060611,145.66776839572327,129.59277406725718,237.18504265348338,522.2804480705757,542.5000121606737,115.78686,123.78731,333.42014,632.2505,536.2349
2018-02-18 08:00:00,Winter_calm,30,historical,165.8,298.3666666666667,474.8407513104502,562.7961493056599,365.8677068280058,486.42075,501.9660329880177,30.70571577843468,134.88451163973718,368.443693311156,809.0442956317597,1078.6755540864729,39.97768939393939,296.57243589743587,577.0756250000001,818.0320707070706,1030.7072943722944,145.99507158668493,131.088855779194,237.18504265348338,524.842395519976,533.710059248432,142.25243,110.084335,322.6122,624.9595,521.6318
2018-02-18 09:00:00,Winter_calm,30,historical,103.86666666666666,358.1,468.6393781277344,550.0882372487691,375.7327019703378,483.087,498.93545209654155,25.11388481672445,132.54129097317227,360.6645819522618,803.7184753396454,1085.2484504261333,40.31241666666667,293.733682983683,554.9940476190475,794.524643874644,972.9806060606062,144.46912805127553,127.7153941861025,229.09442681653738,525.7825982909978,526.8429892448,132.73549,111.11974,307.26825,585.36914,528.0767
2018-02-18 10:00:00,Winter_calm,30,historical,41.4,257.96666666666664,451.38554533864044,520.4585993605524,366.24062861447146,485.90445,496.081943127149,22.54039128789134,119.76252889833412,325.28329101217025,797.0307871491366,1073.9446459145292,36.77277777777778,282.1872916666667,507.7523809523809,694.6877083333334,869.0405555555558,142.5751835353038,130.09751987078127,256.9570744677031,525.7825982909978,526.8429892448,143.28192,112.784775,328.51648,596.2328,528.7181
2018-02-18 11:00:00,Winter_calm,30,historical,110.2,337.93333333333334,462.3341886786268,540.1393817095144,513.9975179596055,490.44507,493.39516859089645,27.858256163309093,119.6194762614331,327.3049993218133,809.4174188856277,1105.7651131301723,66.05566666666667,333.288961038961,550.9348214285715,747.5061274509804,973.1820833333335,140.0087874617739,194.50874369492163,392.57130078988445,633.5035973561592,554.8964057530546,131.94044,123.019394,375.1687,599.54675,520.3156
2018-02-18 12:00:00,Winter_calm,30,historical,53.96666666666667,502.1,473.5945153790531,522.7326791964925,520.9362430812365,516.0845,490.865384357545,27.200235626491178,125.37307326771335,348.27970018322554,798.939790897417,1122.607357993406,115.19666666666666,357.22599067599066,535.3699494949495,722.6631944444443,969.8700000000001,132.9260176727837,198.66481850806835,418.600098414212,633.5035973561592,612.1877807790698,125.154335,136.51906,398.30774,609.30054,593.896
2018-02-18 13:00:00,Winter_calm,30,historical,57.8,538.4,474.46047087028626,538.364198923743,527.7843124494839,545.21814,488.4834176662961,27.392344633590213,124.51183440369803,350.37660926804983,783.1539569012417,1118.53465751763,180.29444444444445,392.7729797979798,575.8193287037036,787.3638888888888,1025.6024242424241,136.6301696686589,201.50493067806994,418.3830380522412,687.4453931003764,657.6970188164495,143.67902,172.14722,422.71716,630.60645,586.52655
2018-02-18 14:00:00,Winter_calm,30,historical,33.733333333333334,227.13333333333333,433.7965512422971,550.1866586921072,531.9860677704211,503.44724,486.2406313495441,21.170430107735427,98.83656804193345,289.27689145216254,732.6577905050067,1034.2789809891688,223.66746212121217,389.83549257759785,563.5979166666666,727.8277777777778,876.5605128205129,144.62514327559794,195.3434086648947,391.8144665327679,634.6041440752409,584.1343642708152,144.87666,168.81602,381.56354,615.61475,550.69025
2018-02-18 15:00:00,Winter_calm,30,historical,23.566666666666663,174.13333333333333,427.5510165938588,564.4317449355983,631.602231119811,527.5346,484.1288929883784,20.600609465987347,94.01414475200448,284.53476946132787,703.5803797796975,1004.0463365966468,237.0290909090909,378.08197368421054,569.2677777777778,755.50625,910.0159523809524,132.9502224634646,164.30766645856505,389.3598190753833,720.8848835272087,554.7890173848739,126.72419,150.50099,394.96362,655.9724,555.2495
2018-02-18 16:00:00,Winter_calm,30,historical,26.466666666666665,320.03333333333336,452.9684544136462,564.6274616394534,562.1235075670576,523.05884,482.14054533471716,28.576688637125287,102.13582457828838,320.59440232089855,698.3852900693885,1021.6118410599962,236.52727272727273,385.6131696428572,572.2937037037036,755.50625,924.6828571428573,150.1312675566441,192.49129429831592,366.1959363539281,633.6639413042191,615.4019594808177,149.6468,174.55817,364.66205,634.93774,613.0073
2018-02-18 17:00:00,Winter_calm,30,historical,55.766666666666666,297.46666666666664,454.996923572583,564.4626671257587,495.556430544244,441.59076,480.2683785626798,29.560117234962448,102.74062822717957,331.16609697359814,673.9998042492568,999.1235914524335,236.52727272727273,355.7805555555555,544.6690476190477,755.50625,914.8741666666668,128.85113923295546,195.37300498552085,351.8597230060447,631.1019938548188,639.2943048930593,128.70848,187.05176,378.5166,589.4956,654.73676
2018-02-18 18:00:00,Winter_calm,30,historical,24.166666666666668,553.4666666666667,491.9414140246487,524.1385461075483,390.4222753090408,451.84433,478.5056041222995,36.21950141094814,127.9470840930394,400.3183270038551,679.6542860455772,1037.8940745700288,105.607,259.84027777777777,535.9555555555555,784.7104497354496,1001.167619047619,127.29391819960128,164.70172971409298,347.0862514217214,558.8665720024627,684.803542930439,145.12115,164.37105,326.2829,553.47546,719.93
2018-02-18 19:00:00,Winter_calm,30,historical,111.53333333333332,855.1,532.4362760803638,535.9137677341826,359.4124349919363,479.40424,476.8458301245742,42.31980056603793,157.92615733964587,479.2885705594846,688.7585106600663,1081.43781509051,43.45615384615385,239.05211640211644,538.6065476190477,849.7752673796791,1035.9524999999999,198.94359652966725,261.6043820121379,277.93252636598163,569.2882217480688,750.7167565525472,187.61911,207.50755,376.11847,572.0913,778.5102
2018-02-18 20:00:00,Winter_calm,30,historical,51.6,683.3,525.940886749827,522.8305175263996,323.5395692431502,437.1193,475.28303816411494,47.05595052390031,152.4930429356974,465.90924548404894,682.8263311278884,1051.0758077843525,43.45615384615385,231.2477272727273,544.7428571428571,823.4178240740741,1034.2406666666666,150.59435834620461,229.09467886254185,286.72502256502185,517.3791809717679,704.5610265525476,168.68893,187.56958,385.86444,552.5863,727.952
2018-02-18 21:00:00,Winter_calm,30,historical,72.43333333333334,480.26666666666665,513.2142787098961,520.5426593255243,313.0349324428709,415.39505,473.8115614961937,49.0043590438129,144.70771718608103,445.6011045275029,673.9448870923223,1012.2580517277855,25.035000000000007,235.89499999999998,537.6607142857142,778.4041666666667,995.5130158730161,139.91049266805942,152.16983648221614,250.54288058963633,470.6409795036,583.1754883668384,136.78873,144.26819,337.28436,490.94122,573.24365
2018-02-18 22:00:00,Winter_calm,30,historical,63.266666666666666,556.2666666666667,532.2448237106198,511.96289607512404,321.6394163755611,427.75284,472.42606448890126,54.447319716935795,156.19561473347326,476.8432181212574,688.8065272988955,1030.4537720656658,45.721818181818186,229.2563446969697,538.2741666666667,803.3713888888889,1029.958787878788,150.7939653797414,178.4700486223794,275.8745261818889,524.5827752478166,628.684726404218,157.53867,143.43105,364.8119,550.8815,631.3465
2018-02-18 23:00:00,Winter_calm,30,historical,46.53333333333333,545.5333333333333,533.4308270674015,509.812592802286,335.8344959898783,427.62735,471.12152327593867,52.596338248029724,162.20182637767488,489.2242131810227,689.8914389217423,1024.07514477837,54.35291666666668,218.06742424242424,559.1833333333332,810.8157407407408,1016.0842948717949,145.01585099757068,150.011411292142,326.9967854185413,524.5827752478166,628.684726404218,151.88338,138.4113,338.16058,548.32385,630.70514
2022-12-01 00:00:00,Winter_average,30,historical,98.53333333333332,1.4333333333333331,320.73754994622027,130.52201933619662,163.9981204342857,193.40352,93.87356312901733,59.02123301027265,165.0025732757742,277.6178508678188,525.091922988732,835.6790989257051,56.77499999999999,80.99270833333334,111.43034188034189,146.52705026455027,330.230505952381,51.44899064135312,214.54003378790958,213.7114874642921,217.3699048442444,361.065449331947,67.962395,190.99733,240.63895,224.33879,429.35086
2022-12-01 01:00:00,Winter_average,30,historical,160.63333333333333,0.0333333333333333,315.6953938842788,183.61001426030947,162.6168631588298,343.08926,120.96016195647888,54.19007585843917,159.97192696654346,267.03899242522255,509.1328401082769,852.6626594165491,63.37220238095237,94.05429292929294,120.30666666666667,178.12342657342657,558.9437500000001,138.2803404237363,206.92786612902782,217.83417830096656,225.24197491810594,383.58810118602037,117.421005,185.6833,327.92493,391.92267,454.32803
2022-12-01 02:00:00,Winter_average,30,historical,121.56666666666666,0.1,312.279015811578,371.44302508927996,342.22787293698866,367.51202,141.2915432699236,55.985295001411686,167.1296065576534,272.31217908731776,499.71439692661204,858.7926276398771,87.57460317460317,142.6098484848485,353.90166666666664,592.9181818181819,778.0132400932403,129.2236616666696,246.4876252553084,372.08262873445244,320.3061226592997,487.29323686899016,114.29664,231.35141,384.4653,399.79028,471.1648
2022-12-01 03:00:00,Winter_average,30,historical,101.5,1.4,306.57044476657273,439.86010214454154,379.7323492729475,404.79492,157.74642327297366,57.133652121315606,174.3788606588165,277.69773646206363,489.13456669955605,862.6065752291388,114.40805555555556,225.44015151515148,517.2349747474748,646.1555555555556,829.5911111111112,133.01632167839924,340.923667826835,394.65293461238605,477.4154019726203,510.23051467576715,109.621925,282.12637,412.61368,421.30365,465.91092
2022-12-01 04:00:00,Winter_average,30,historical,102.53333333333332,1.6333333333333333,296.66413893352524,526.6844184366114,433.28102101741666,423.65228,171.57881945686444,54.80061704654557,176.2462805669806,276.0725146666508,473.41356684057683,862.6641851697518,145.54011655011658,293.9053571428571,548.2416666666668,673.1394345238095,793.911388888889,148.74896431875203,349.0067625541797,448.67491026565364,567.8742537396199,686.869482157912,118.85302,288.13773,464.10828,533.1206,564.8223
2022-12-01 05:00:00,Winter_average,30,historical,102.36666666666666,1.3333333333333333,288.2628153330674,488.5596981114931,454.17532622071224,446.88315,183.41262016635005,55.70277635502066,183.1752728350613,281.276466816988,462.5858871163199,853.606698041544,161.36366666666666,289.01041666666663,549.6023809523808,665.6513888888887,784.5924747474746,148.0742284121103,349.0067625541797,448.67491026565364,600.1902651171243,714.612471271933,122.383385,283.23868,477.9605,617.65906,706.2234
2022-12-01 06:00:00,Winter_average,30,historical,116.06666666666666,7.3,278.8108526258971,576.7270571529194,453.35453387345353,467.39243,193.61589123236064,55.73438808548025,187.58007541804983,283.606290754797,450.88761857396736,835.7097080257222,231.63451851851852,460.6038194444444,590.0983585858587,750.9641774891775,889.2394362745098,132.73491179894845,342.0149796916949,446.11511995128166,616.3045262975536,760.1333450963516,113.029465,283.23868,461.8276,603.38354,739.271
2022-12-01 07:00:00,Winter_average,30,historical,227.9,5.7,268.90681681767336,545.3247021646097,429.8764343809113,433.89334,202.4432984981841,49.91409846726191,181.39181611209622,271.8995850217542,437.42288572755734,828.8075196661962,231.63451851851852,455.9685714285714,582.8378787878787,732.7446022727272,865.6009090909096,134.40339179804892,336.5194013250497,442.6304533800677,584.6247401494577,764.0928059093702,113.1002,278.4457,462.0254,579.4411,711.70685
2022-12-01 08:00:00,Winter_average,30,historical,313.8,4.666666666666667,261.65429882325157,533.9040242122285,426.0081181937336,428.78662,210.09163406022589,47.79885288370929,181.13484110351777,269.62966167911554,431.93198727038094,819.020369983479,202.87333333333333,434.0130952380953,571.6926136363636,721.1452838827839,855.2187581699347,134.80256592059428,334.384902001353,441.0563200924256,584.6247401494577,768.3422187028721,114.76378,281.03177,454.52045,576.4617,735.7315
2022-12-01 09:00:00,Winter_average,30,historical,331.9,19.5,254.52278326508312,596.8416015015263,586.13873961189,559.8035,216.72259987795326,49.380141450707725,186.18998834031095,276.8520102450111,430.2499968450491,794.0418999303724,296.936238095238,502.9881652661064,609.2284848484849,732.7446022727272,838.0486666666666,149.53061427586653,310.0354639244459,452.29187295791974,655.3189457353325,844.9371744630405,122.12184,278.37527,478.58673,600.9082,740.99084
2022-12-01 10:00:00,Winter_average,30,historical,327.0,9.833333333333334,251.67268659554827,553.4185068688439,423.6233908605762,429.29022,222.47309921473126,45.30166795510098,180.9694343782958,270.0667195663333,432.91774957260895,797.9930839676197,150.38057692307697,319.8787037037037,558.3375,683.9027777777778,815.1484523809524,143.60851304772663,298.70469300313664,417.6131154584988,582.7749831738414,813.8571482739819,123.734406,260.87396,454.00473,515.34064,699.4807
2022-12-01 11:00:00,Winter_average,30,historical,279.2,14.133333333333333,252.31736204586667,567.4249329440074,427.75208695479984,489.906,227.46062909196075,47.03338416234129,183.76626909099312,275.7884251561801,442.942148766748,789.7215709364755,144.22791666666666,326.0638888888889,558.0666666666666,685.6696078431372,826.4835151515152,77.39165358049367,278.0888740264873,444.222644729818,616.1913951681339,903.7469405851249,101.76686,225.21407,489.4977,520.37714,704.73596
2022-12-01 12:00:00,Winter_average,30,historical,286.06666666666666,1.0,259.04082325920075,559.6407449059981,666.394678879462,556.4274,231.78663878266775,46.33557511352197,181.59507274937823,274.65634731693183,459.97305373300804,806.7464690624165,182.71625000000003,289.01041666666663,584.4592592592593,716.4071296296297,853.1507407407408,74.42437172309614,281.7639456168158,446.16408236041315,656.366882798307,921.6251994984393,82.04478,213.70609,511.71463,589.0501,763.6955
2022-12-01 13:00:00,Winter_average,30,historical,323.2,6.133333333333334,266.21888149002655,662.9609676423732,671.5624221194129,566.06476,235.5389507817547,52.0114849742439,188.80691788693542,288.4088532220138,480.2331062846938,802.537059359036,295.2923333333333,522.1452991452992,643.4676767676767,759.8863888888889,918.9362962962963,78.24218331255872,304.77380798566367,455.9226490575446,660.1232938590086,898.1520096979873,104.65494,220.89862,519.69086,572.48865,778.6851
2022-12-01 14:00:00,Winter_average,30,historical,416.5,6.166666666666667,277.1025693116391,607.4507338720864,705.1174455704429,559.4646,238.7936770830932,49.71981674438152,181.4707384242726,281.9748590988074,499.83868983476725,834.7944095816674,386.69291666666675,520.1233333333333,619.3801587301587,714.5613095238097,847.0997222222222,158.13725967266964,313.1871684381416,441.3594123740412,644.702110384908,762.8595214374885,117.1384,275.61206,486.33704,563.1535,695.33813
2022-12-01 15:00:00,Winter_average,30,historical,431.56666666666666,0.0,293.3809213629127,529.9530914203852,634.1007031800247,476.20868,241.6168128151372,50.333640086666975,178.91872731284462,282.02824509592824,527.229232323193,880.3320960457402,211.3016987179487,408.58124999999995,572.9581818181819,702.668287037037,923.8756296296294,137.3979309266629,251.89011275515756,445.7583479687318,580.6134925837163,761.4551803946566,111.326035,227.2091,384.84805,519.28534,640.5781
2022-12-01 16:00:00,Winter_average,30,historical,571.2333333333333,2.3,307.5062234086061,597.6427091778999,631.5142536882777,454.3605,244.06559298063232,74.53636615353872,217.315321407951,340.8723082998903,564.7535861259652,848.9804249543172,302.0438095238095,496.78655303030297,609.2284848484849,725.1845085470085,925.1558333333335,130.2622840398149,279.83241487622905,470.5780026812842,596.2457711867348,774.9117141252284,105.301575,289.25467,497.52167,581.747,655.02704
2022-12-01 17:00:00,Winter_average,30,historical,505.0,28.466666666666665,318.5096425940941,619.0877091468744,701.0095687184477,577.7938,246.1896597457272,84.80703362423196,230.70101084265076,365.0918133757052,586.745728728778,844.7068493468731,421.58443452380953,556.6247159090909,629.9150793650794,709.1418803418803,797.7600000000001,219.0661673241685,300.3569832193752,487.207294795821,671.614058809207,694.3332405116691,183.7274,312.52744,542.72614,622.3871,639.1829
2022-12-01 18:00:00,Winter_average,30,historical,519.5,74.13333333333334,329.0212438309544,560.2069198254579,519.9538612188175,449.1804,248.03207138283824,95.897679259992,244.66115936681342,389.69402749429787,604.7947649972169,834.2256694124869,321.94615384615383,443.0472222222222,572.7545454545455,658.1472222222221,739.1611111111112,217.38224637888013,337.4695207052839,511.6132840700505,591.1415078154657,660.2284957391447,174.95634,342.57376,548.3854,568.5474,647.884
2022-12-01 19:00:00,Winter_average,30,historical,589.8,79.93333333333334,338.3619314322366,488.97616093010475,442.0635559868278,403.9472,249.63017609688708,99.84786153972743,247.2255997082238,396.3596214693314,615.8905589782203,842.9105151258073,211.59414814814812,313.6345238095238,446.145,591.9177083333334,701.4904444444444,211.41170655190996,336.66690023326265,466.14372694606914,535.80384997557,676.4430079196728,170.30844,334.87357,535.20917,492.05573,639.4112
2022-12-01 20:00:00,Winter_average,30,historical,425.8333333333333,125.63333333333334,345.9178003104935,574.7725840290051,511.6335189303612,477.50592,251.01636948475752,106.49659067597719,254.23678196948526,409.0579857102024,622.7434776444691,840.7044825642774,309.49301282051283,439.8826923076923,576.8733796296297,693.5310714285715,796.8283333333334,199.12125048031282,338.46627357058696,499.5171215776765,522.0570433108974,697.0240751126456,173.41359,342.90427,551.1477,565.3817,634.7588
2022-12-01 21:00:00,Winter_average,30,historical,339.3,144.36666666666667,352.16419114562785,557.7785261041604,536.07054683394,458.68384,252.21875136930817,111.44332825309615,260.3514077104611,418.7264368499808,626.8577967838146,846.4462808010978,237.43633333333335,393.28136574074074,533.0285897435897,672.093777056277,792.3833333333334,199.12125048031282,338.46627357058696,500.40391777207583,511.43851991635614,729.0940640847489,167.78355,341.20792,540.3393,545.9117,644.1089
2022-12-01 22:00:00,Winter_average,30,historical,394.96666666666664,124.53333333333332,357.0846854577959,518.7433218775183,429.882641366203,412.47366,253.26169546706203,112.81220916094628,262.8454871223809,421.1840299261668,628.0443653268867,865.752498087932,202.5195238095238,315.1455357142857,473.0756944444444,636.7685714285715,778.7061111111112,191.84526003977456,335.95412084790115,460.89739115933793,508.95104023686434,729.0940640847489,167.11009,332.81766,501.25375,515.4478,633.43646
2022-12-01 23:00:00,Winter_average,30,historical,416.46666666666664,77.93333333333334,360.2485981425487,502.6041144321095,513.649634097133,425.50833,254.16634349126457,110.04266478163711,260.75172168788305,415.3428021170489,625.4549957977363,894.4764297650479,223.288303030303,342.6072222222222,489.73125,651.095,746.5725252525255,211.41170655190996,339.35187525117,489.6955589917891,487.0013592004044,707.76502962326,170.81941,332.00894,505.73123,549.033,623.60156
2019-01-30 00:00:00,Winter_windy,30,historical,748.4333333333333,969.2,639.7811917473169,669.7345392358601,641.2434892169906,637.6769,780.4556957748514,93.04183113936843,166.75051382040286,355.87667645150304,508.58415146035713,1231.38196858519,187.33424242424246,277.46651785714283,535.8929166666667,863.0839015151514,982.2172222222222,97.17069168346275,346.56926240170924,668.3093193296468,937.9245468584347,1009.1290240149797,93.72003,457.27664,598.3917,887.0537,1075.4435
2019-01-30 01:00:00,Winter_windy,30,historical,572.8333333333334,733.1333333333333,599.3788303737749,600.2896094723963,318.3952526656881,405.15045,788.3999702354557,92.9872050534661,159.31045580350022,326.55805894043624,474.6455053842219,1202.3879640380478,163.39573232323232,270.3281015037594,504.4168498168499,832.1166666666666,965.1424166666667,97.17069168346275,290.281580778656,614.6468713449699,683.9561645491135,954.0145978395811,90.442604,396.67993,526.0985,670.5392,1033.7899
2019-01-30 02:00:00,Winter_windy,30,historical,569.2333333333333,456.26666666666665,554.2772167517027,703.2294252454478,671.6084611635949,688.4943,769.323030158254,107.32366235147761,158.72451353382192,280.88415992904334,381.1116023801767,1200.8254331617713,202.62444444444446,381.2124999999999,706.2936507936508,940.1420634920635,1063.5429166666668,81.28934154942306,259.42958606270446,587.1766366302263,884.40508302601,1235.7676969690256,72.63957,376.6233,593.7057,884.3821,1087.5394
2019-01-30 03:00:00,Winter_windy,30,historical,686.1333333333333,472.3666666666667,546.9024429473925,702.347385307944,625.3093590785955,627.4852,761.5454301402146,114.17946452012218,161.4553365857062,266.37846572620674,351.9191923767703,1210.1125456909126,194.1996405228758,377.95833333333326,685.1890873015873,912.3663194444445,1045.0967272727273,81.28934154942306,235.90839914190292,578.6684394416621,787.1141912891401,1231.8634604758417,74.3795,325.486,585.51154,834.77905,1060.5906
2019-01-30 04:00:00,Winter_windy,30,historical,523.7,509.03333333333336,532.4070201689758,660.5588370029155,584.3847999218465,493.3557,750.3480633889153,105.42445142406093,150.75833483404566,249.53748974087853,336.9797672094685,1185.4511213520364,183.18318181818185,364.80781249999995,653.6571428571428,872.3194444444445,1004.6493162393162,80.61228000400453,197.6749445295158,576.2011056884614,787.1141912891401,1242.6381635861337,77.2345,166.65259,649.5481,812.46484,1069.88
2019-01-30 05:00:00,Winter_windy,30,historical,1098.3,362.03333333333336,489.9270900229568,661.9714016797665,584.3847999218465,508.3626,741.3083604731673,94.68962840490629,130.05128922318718,202.64062454557848,267.57951662710025,1148.481589379788,159.8667424242424,364.80781249999995,654.5424908424909,869.4845959595959,1014.555641025641,82.2523922842093,207.19212194643038,574.0918034349063,791.3770376529169,1242.6381635861337,74.07696,154.64967,628.5268,813.0338,1087.7887
2019-01-30 06:00:00,Winter_windy,30,historical,687.9666666666667,349.03333333333336,429.33107730091245,605.9999406869108,438.77554575336376,368.3824,732.2414971988075,47.14122326607067,76.44723157980596,157.20736726609584,229.81195824961378,992.9226463610893,117.0737962962963,251.89173076923078,609.1814814814816,823.3994047619047,965.1424166666667,65.98870743266909,174.4147531022362,529.0720551765648,718.9337892510954,1268.7317258944017,68.30449,151.66252,537.8317,746.12463,1087.7887
2019-01-30 07:00:00,Winter_windy,30,historical,733.5666666666667,426.43333333333334,437.2313277457804,589.486381742033,493.9553024723142,343.69577,723.9355537097182,21.948656137726474,60.46960102312747,155.53292294301787,284.91337166910785,999.0894645125505,117.0737962962963,231.68304924242423,591.0636363636363,780.1800595238094,942.8638095238098,78.67561663080535,149.28004266887206,481.75834616423174,718.9337892510954,1311.5303796857118,65.91204,142.80797,528.2758,746.12463,1120.5765
2019-01-30 08:00:00,Winter_windy,30,historical,562.9666666666667,233.2,350.8445888499147,624.5715762586173,493.9553024723142,399.88354,716.0440371105465,0.0,2.1402457837390614,87.42647592920525,185.06436809766842,832.2189329562275,102.7485,233.3051282051282,615.911111111111,822.242612044818,1005.5736666666672,76.72472328496293,174.4247531022362,464.1591875848245,714.6709428873186,1286.1307963523784,60.1896,171.95987,586.79785,763.3969,1113.5917
2019-01-30 09:00:00,Winter_windy,30,historical,559.4666666666667,296.06666666666666,384.4554808950621,611.3202252757327,538.7860100449684,359.88907,708.6572392745994,0.0,13.773076373847545,95.1187877743273,211.88812246597945,930.0924202647076,100.6278888888889,218.47881944444447,600.8592424242424,800.7695833333333,981.7590740740742,75.70137988895416,228.32295785368873,464.1591875848245,714.6709428873186,1212.9188506131309,60.129147,175.72357,483.81165,749.6974,1138.4852
2019-01-30 10:00:00,Winter_windy,30,historical,647.7333333333333,164.4,336.2340476459594,693.6686890618998,587.0017716489331,400.09323,701.7008705418293,0.0,0.0,57.59254678874436,150.85912765206558,843.553677740153,100.6278888888889,258.15844155844155,646.9842592592593,924.4947916666667,1122.816477272727,41.45858605526146,245.521772168571,478.1943065190108,716.1726095539852,1210.234616026821,83.50654,173.10391,534.59784,771.8255,1142.048
2019-01-30 11:00:00,Winter_windy,30,historical,534.5333333333333,124.9,347.59896590876133,689.9926991025095,579.9903789291908,386.9731,695.1659919505662,0.0,0.0,66.679529142501,153.92794712602858,897.5303400828925,97.42875000000002,222.7344551282051,618.8701465201466,914.8,1118.585541125541,64.08385065099375,228.52025491226053,497.0869308313354,703.5782908324076,1191.547521316651,92.85018,177.73843,535.06976,767.35425,1068.6636
2019-01-30 12:00:00,Winter_windy,30,historical,459.73333333333335,92.53333333333332,329.8228729482777,600.2507519937521,521.9520576204013,302.205,689.0208999802726,0.0,0.0,65.87092077345505,139.23753194709116,850.1449159395792,66.72310606060607,127.78323863636365,546.1461111111112,865.4089285714285,1121.6789696969697,63.17702658851578,197.61210057338818,417.7367839833398,658.91793782904,1177.1990549031016,53.272137,134.1302,527.3527,702.34143,1056.7559
2019-01-30 13:00:00,Winter_windy,30,historical,393.4,42.1,361.8607811141104,514.0587586745962,460.0587017133065,298.29852,683.2447054894367,0.0,16.16208729691553,78.9177988438687,97.57686049443987,979.5077470011663,67.79060606060607,124.21911375661375,362.4753787878788,778.4119047619048,1125.7637500000003,85.11748703808647,148.31307607496132,389.3507297698497,470.9728448019018,967.5888957312937,74.03605,120.4837,441.08447,490.03207,922.8342
2019-01-30 14:00:00,Winter_windy,30,historical,558.8666666666667,64.53333333333333,421.553327276965,655.7154230814721,659.5939568820759,507.64386,677.8143602340554,16.33863012470654,46.82861923615795,115.22539716299798,171.55107335856792,1123.268525118961,81.89025000000001,207.2397504456328,615.4833333333333,929.6695833333333,1289.7299145299144,94.55446546537411,198.91208663503656,424.39497211279763,753.770274773858,1340.9690156484646,101.58476,160.03879,550.6929,762.4617,1033.491
2019-01-30 15:00:00,Winter_windy,30,historical,1141.6333333333334,89.1,446.5876747799043,704.3720329286225,706.2257460135282,461.20892,672.7095019970899,9.404117937830236,51.05611427528427,148.11165118803228,252.88145963439933,1142.8690878658194,81.78991666666668,356.4658333333333,668.0929166666667,956.5883333333334,1289.7299145299144,128.25205034433378,263.69179063351027,408.45210047903174,720.4300065391703,1331.9506193681918,116.981,142.1384,533.2877,757.7461,1047.6194
2019-01-30 16:00:00,Winter_windy,30,historical,1736.9,95.9,469.30506354209297,825.2867839512214,941.4202158839793,731.5688,667.9104893831827,20.814017575589745,66.09632951178313,172.52737451635517,280.5958975469159,1178.1909876233135,93.06042016806724,406.8777380952381,698.9866421568628,1030.8214285714287,1436.9761904761908,215.77350470590795,341.109954770505,449.9960753888248,884.95912270018,1442.9703528371595,162.04614,261.7251,601.6195,1048.1216,1088.4121
2019-01-30 17:00:00,Winter_windy,30,historical,1325.0666666666666,101.7,487.8880899381859,855.6199892872309,848.0453817871013,747.4441,663.3990489399167,25.810938032306197,76.56240862868052,199.80942759239906,327.9874211719616,1191.5861312310208,92.63184873949581,481.52187499999997,703.7536541889483,1013.7039743589744,1452.130285714286,216.1837874204575,354.64983064397205,489.8506159642512,1042.275070716092,1263.642385157409,145.64572,268.27963,601.6195,1033.6274,1056.9221
2019-01-30 18:00:00,Winter_windy,30,historical,1266.5,64.73333333333333,477.34846538110855,820.8413065766891,850.3159855807256,693.75854,659.157929075253,36.13881395128011,81.12888181067447,206.0925655012884,301.77944421844813,1151.5401246074196,56.67733333333334,364.26406249999997,707.2094551282053,1029.7411255411255,1469.5886666666675,183.0945651028791,252.43111956395825,508.5442577240167,971.1126689351922,1210.7016293682248,129.80304,263.47427,657.1702,942.2625,863.1868
2019-01-30 19:00:00,Winter_windy,30,historical,1084.9333333333334,82.36666666666666,507.4961429154514,854.133911124999,769.8696881150221,595.38684,655.1709398785509,60.460027743288734,111.65193772048704,248.46343070991884,358.24181170627844,1203.7836983777925,54.178333333333335,301.04761904761904,766.1810185185186,1127.0500000000002,1504.4326666666668,178.0097524030531,228.5635421793874,475.0672047863055,989.7253362602098,1073.8535597137368,122.87416,254.9943,627.0276,925.08826,800.4802
2019-01-30 20:00:00,Winter_windy,30,historical,718.9666666666667,120.96666666666668,512.3867737288645,870.2438504207021,780.5970912641661,654.0471,651.4228508421177,54.886049766595775,113.62392603936169,280.49485202490496,433.295063450277,1160.3688515115302,151.0598148148148,537.1814814814815,760.60625,1013.7039743589744,1491.764666666667,184.93582171668643,286.3883437120837,558.829914659204,855.9727909302399,1069.4858333136644,178.90652,299.20505,612.66455,925.53534,794.74194
2019-01-30 21:00:00,Winter_windy,30,historical,728.3333333333334,644.3333333333334,628.6320245450395,725.0707559509785,780.5970912641661,646.9645,647.899348165938,88.2308699974841,173.6710002628088,389.6706790629887,615.7008430959311,1298.556551412018,231.8314285714286,538.1444444444444,717.1314141414141,911.2120833333333,1079.2050000000002,218.38819998010933,275.90682366319345,552.2958203869499,873.2405167520088,1125.6458121554851,205.98004,317.132,600.5841,876.8719,806.6785
2019-01-30 22:00:00,Winter_windy,30,historical,1122.7666666666669,1075.7333333333331,667.3338666332739,724.0032634310744,600.0958732921828,619.0196,644.5869741688515,96.21668389117549,190.1310401948414,445.1959125748292,680.6414160641066,1257.7550821121677,324.3974358974359,550.3583333333333,786.7986111111111,913.4029166666667,1007.2002747252748,223.93391161033412,373.28133301732845,614.2530581487365,814.559310988994,920.820439105762,218.46416,403.3834,604.6887,871.93915,874.3803
2019-01-30 23:00:00,Winter_windy,30,historical,720.1333333333333,805.0333333333333,632.6833832365523,702.183637008887,545.570528990365,541.6026,641.4730781551459,105.57457286768665,191.07546523607496,420.89250034371275,643.2173495274642,1245.1390704132084,307.544,484.00486111111115,693.7684873949579,863.4956349206349,991.1900000000002,231.0074359469262,334.33772642129617,555.7703266667826,772.824194372668,871.37400249936,215.96535,398.2796,576.9985,789.3061,782.5086
2022-04-29 00:00:00,Fruehling_calm,30,historical,303.0,102.26666666666668,471.5373984405882,470.35270094415006,535.1769384968653,474.43512,192.26958409292172,38.246810264703484,176.42982732104164,417.56325683175163,647.8449312932264,773.1559619433298,235.74071428571423,335.2049603174603,436.29761904761904,516.9779304029304,635.5824761904765,28.6903677285095,81.66330872419962,383.3843514380316,612.1786481278187,935.9308438535811,28.181051,96.61425,428.65552,619.8962,923.47235
2022-04-29 01:00:00,Fruehling_calm,30,historical,309.26666666666665,82.2,465.4388384224135,343.29055305295907,517.04093438673,477.21237,204.17605031020423,41.691684166013395,181.07859919988198,415.1591287721775,620.146936542126,748.646870450671,60.336011904761904,167.2266666666667,327.9659090909091,448.8153571428571,516.917326007326,28.6903677285095,105.82899376804805,320.12094585218347,466.68237816292196,915.2932486455124,28.456827,123.31147,385.05444,482.78458,882.55835
2022-04-29 02:00:00,Fruehling_calm,30,historical,326.9,38.93333333333333,457.97145721318196,119.27913270672116,106.79043812174645,77.86173,218.2999916745191,43.57237444739545,185.6505852543466,408.57660933823894,586.570234670829,753.8436890792448,18.77903703703704,30.167424242424243,49.378205128205124,79.70863970588236,140.514708994709,14.640215899589208,116.27104517210867,58.779292430254266,320.53784846056806,842.7478776783438,23.089176,68.27924,40.29947,346.79138,770.4888
2022-04-29 03:00:00,Fruehling_calm,30,historical,355.06666666666666,27.066666666666663,440.0510762376515,113.01628128474071,108.42160357321553,87.54267,232.83307979538702,41.46375655666883,180.41412500286705,392.19419570078094,553.8292247359318,758.5444908683951,17.985555555555553,28.14034722222222,46.52313131313131,72.26537698412699,122.36996336996359,9.311754886735942,110.58806808207332,22.97168499505513,315.0000252811634,873.9488056245582,21.714745,59.195312,26.327438,319.56284,808.2961
2022-04-29 04:00:00,Fruehling_calm,30,historical,313.93333333333334,17.833333333333332,423.01050907677393,115.8057573400349,108.42960387344766,116.50592,247.030824484773,37.924580308275864,172.59996712952906,375.82473342982246,526.6240933306352,774.9274097132741,18.768095238095242,28.766590909090908,48.49267676767677,74.44899267399268,159.07861904761933,17.721863230154042,147.52277918597485,22.75943284856255,335.3803911348782,890.0789444508497,15.836478,69.79298,28.57861,329.6965,822.3017
2022-04-29 05:00:00,Fruehling_calm,30,historical,199.23333333333332,6.233333333333333,411.7905777561875,124.14128988842414,109.75916520686107,131.42049,260.60407188427723,35.093335100345996,167.8263493764956,366.3500902451168,508.2043248465375,806.2356888536924,17.985555555555553,29.472916666666666,49.84090909090909,78.69639423076924,180.76595238095246,12.385328263251903,58.931685815571115,41.04419111265703,345.0270150601579,716.7114105190802,22.769487,80.66918,70.09105,293.89194,715.4064
2022-04-29 06:00:00,Fruehling_calm,30,historical,120.8,3.3666666666666667,409.90491110915445,149.2189978968509,118.73997358093405,176.351,273.4575418397445,32.90730264981191,163.22154484271738,367.87491575912065,508.9269519048454,836.732939436057,17.73897435897436,29.472916666666666,50.57222222222222,80.56964285714287,191.9246666666667,23.279652814778036,133.11748013907427,123.87991633214136,364.2449456042032,714.3841050353353,15.252213,101.41709,126.50802,366.3826,780.09045
2022-04-29 07:00:00,Fruehling_calm,30,historical,76.26666666666667,7.033333333333333,404.54033271704634,150.57752709913012,149.3325767585713,179.89333,285.57754316624164,27.416809747384647,150.6329655560148,363.42196717972837,515.6672813462187,863.154156233325,17.579816849816847,28.9467803030303,50.20909090909092,80.19107142857143,191.9246666666667,28.861374914233288,134.40966241165367,146.69827093381295,451.0873076357812,726.3466260065912,20.022963,111.04882,168.14282,386.89825,793.3047
2022-04-29 08:00:00,Fruehling_calm,30,historical,85.1,6.7,405.90245354714585,131.45474820651242,152.17723134581095,172.52077,296.98381065324037,22.520777288725558,141.25859061446113,363.5472397805648,529.5389537958575,905.8011589270965,17.985555555555553,30.167424242424243,50.79474153297683,81.51320512820514,193.8763888888891,25.728343447189076,166.05330360096934,121.72298454431434,442.7931065551876,702.7416749912067,22.943521,103.97341,141.23773,389.32346,733.1126
2022-04-29 09:00:00,Fruehling_calm,30,historical,31.366666666666667,0.4666666666666667,428.05058327731723,123.19110018957835,132.19787644918384,158.20718,307.7089003060913,25.513115397878924,154.59316629267502,387.13573722034994,552.0953114936711,986.9531309461438,18.67396825396826,29.960606060606057,51.245000000000005,81.76666666666667,191.22333333333336,35.567152790140106,160.99881717994427,79.32142449263911,377.61556710709044,698.1695635738439,18.384361,100.348,75.33942,364.5862,715.72314
2022-04-29 10:00:00,Fruehling_calm,30,historical,1.3,0.0,438.11734249102653,125.04057079036347,132.19787644918384,158.20718,317.78942530103654,22.99847731550593,153.62812529447584,396.8309383363902,577.744561371355,1043.0382526621997,18.67396825396826,30.951666666666668,52.197037037037035,83.00367965367965,194.32194444444468,35.567152790140106,160.99881717994427,79.32142449263911,377.61556710709044,698.1695635738439,22.167408,99.325874,76.26192,364.5862,715.72314
2022-04-29 11:00:00,Fruehling_calm,30,historical,7.933333333333334,4.1,440.96274988522816,127.90707587323506,144.3127026302376,242.48909,327.26237637255383,15.013147122068723,135.37686643464184,394.7848941197012,611.3783085562985,1057.2918090214991,18.77903703703704,32.97628205128205,53.33769230769231,91.88296296296296,214.15787878787907,35.567152790140106,162.96338881275318,92.04644325674849,418.5478494002257,899.7380546805576,21.672523,88.91126,100.3647,481.26077,852.2647
2022-04-29 12:00:00,Fruehling_calm,30,historical,2.6,1.0,457.02190949737326,152.11049075150362,217.05117830023337,288.2603,336.16362258603425,14.702165010355358,139.26262923821645,412.7033857160325,648.3413089065787,1097.2306612825464,19.444363636363637,32.97628205128205,54.41770833333334,97.16359126984126,235.0473076923077,38.89248848729402,145.49741396336674,99.11894026521851,501.90087051132457,912.4939251340119,20.745268,79.86797,108.94533,581.1765,972.46344
2022-04-29 13:00:00,Fruehling_calm,30,historical,4.166666666666667,0.6333333333333333,458.53386272613545,177.65168128188793,290.68690835056384,313.5808,344.52734442559733,11.048935510800725,136.6196801335799,412.42129012224297,669.5442140476626,1128.399032223676,19.639818181818182,35.55921568627451,59.24388888888889,109.09583333333333,228.87125000000015,38.89248848729402,160.99881717994427,99.11359233238323,494.9501816254323,807.7792626203243,31.497063,106.74587,134.1903,522.7083,813.4526
2022-04-29 14:00:00,Fruehling_calm,30,historical,10.633333333333333,9.966666666666669,445.0738533976256,180.3878317477247,290.68690835056384,278.8645,352.3858629783423,0.0,109.59937923359001,391.1578185834104,691.2774311359868,1098.031586184058,18.768095238095242,35.30702380952381,58.486772486772495,109.09583333333333,259.65194444444455,38.89248848729402,162.19683005437736,99.5342336385824,491.14494890232345,812.7898755915603,31.497063,101.040535,137.5163,511.11554,832.0265
2022-04-29 15:00:00,Fruehling_calm,30,historical,12.166666666666666,14.4,456.11167628000584,182.32359272632945,368.9010068960408,331.35452,359.769634988657,0.9123417228573416,113.91917658054504,403.2009911599371,719.5814175899899,1094.3169416029307,18.768095238095242,34.99662698412699,58.44603174603175,111.16785714285714,266.76166666666666,40.1912690408375,158.47090832310076,112.67989370889099,531.5349416353941,969.9857027091473,31.261843,106.37707,142.06741,583.47375,896.9389
2022-04-29 16:00:00,Fruehling_calm,30,historical,10.166666666666666,1.7333333333333334,469.39654928090283,198.94720491842978,365.45894962279243,347.9323,366.7073150789981,5.5528680078973025,129.3673171265323,418.5183398707231,736.472687780349,1103.8272349573765,19.444363636363637,35.99779411764706,58.486772486772495,111.79732142857144,296.8253571428575,40.1912690408375,192.65421004969537,162.96971734560205,545.1546342421007,833.1092365431988,33.23242,117.20411,232.5542,613.35626,870.30585
2022-04-29 17:00:00,Fruehling_calm,30,historical,38.96666666666667,9.233333333333333,472.67104250181217,233.20408981908105,618.6195642319225,434.53604,373.2258429564615,9.050936254875047,139.5554953739511,425.4908954309821,745.5816857196944,1086.6353127296543,18.67396825396826,35.30702380952381,57.229797979797986,116.24122549019607,342.87685897435904,42.311636550437285,197.08123905091497,448.591802767913,752.7449503206922,985.5232680712708,34.52982,161.09726,377.16663,740.9186,902.25854
2022-04-29 18:00:00,Fruehling_calm,30,historical,73.7,0.0,501.05577228185484,218.2918276675616,500.0798986925177,388.32477,379.35053770741337,23.573653579079362,176.83273701386705,465.2912484989844,762.918847127977,1092.322502988832,18.67396825396826,34.09848484848485,56.25572390572391,116.24122549019607,385.02880952380957,42.311636550437285,191.87031310986129,352.9025804747943,699.1775428252134,1107.42539868648,34.52982,117.37835,332.7539,698.59064,942.9556
2022-04-29 19:00:00,Fruehling_calm,30,historical,79.33333333333333,0.0,492.10640431675085,213.19295937498813,618.6195642319225,437.54208,385.10519170700445,23.46790551368086,173.23109776789607,457.8372266960255,760.4641888256748,1030.2458317673431,18.67396825396826,33.806862745098044,55.15222222222222,111.79732142857144,376.0935555555558,42.311636550437285,191.87031310986129,408.9086270710625,720.0907817235313,1017.6081981963065,34.52982,136.08893,346.2763,726.00824,879.86487
2022-04-29 20:00:00,Fruehling_calm,30,historical,61.6,0.0,487.4329759974795,199.32567974924888,350.85404140406257,318.88324,390.5121611383663,26.716974950411938,176.7201589706522,458.71748747852894,756.2177907125573,967.5653525816927,18.67396825396826,33.19411421911421,54.92999999999999,110.02777777777779,316.1157142857146,41.936516849318735,191.87031310986129,143.32510568411567,519.3422840033392,882.4714007878409,35.397198,121.85888,221.53186,590.7405,822.7983
2022-04-29 21:00:00,Fruehling_calm,30,historical,84.4,0.0,512.3862951803869,184.3433149857224,351.5393910236827,297.24072,395.5924520244457,41.2581441594342,205.8187235052263,497.61161940690295,768.5675365172857,925.4650519961358,18.67396825396826,29.960606060606057,51.92333333333333,96.74513888888889,269.71111111111156,40.16465841722568,130.44560034554976,48.2613061159795,526.1078979372069,1036.670927273578,34.406624,97.15826,85.43722,586.0753,967.0185
2022-04-29 22:00:00,Fruehling_calm,30,historical,325.96666666666664,2.1,512.3398800931516,179.0427160262048,284.9094904662704,249.55116,400.36580148394376,45.833336757927604,208.10206097312098,505.0699305902602,766.1454565099083,849.5881475338329,18.67396825396826,29.960606060606057,51.92333333333333,96.05059523809524,265.3816666666667,46.14117095079902,112.5797301460548,68.17299306526526,465.43859842447506,979.2488344117212,36.926777,100.874214,121.07055,559.1089,929.8504
2022-04-29 23:00:00,Fruehling_calm,30,historical,466.1333333333333,168.7,447.4073937547027,207.20907746616882,337.4135181493735,286.25174,404.85075425932916,35.14223113599899,165.878538861604,453.1054848296579,735.5267922343985,685.9014813791755,27.254166666666663,42.89101731601731,69.71924242424242,121.98131868131868,431.1568333333335,32.10201056531554,94.37247613241888,117.6158934268426,506.25820141556676,949.1621702887495,39.129555,110.104576,176.55197,602.70557,938.3525
2018-03-04 00:00:00,Fruehling_average,30,historical,515.0333333333333,160.9,137.88363424539665,374.55048268079105,421.85397286082986,369.42383,406.43838046959195,65.91488818164343,2.894496504138374,0.0,236.1512372340286,408.3127478881663,48.6676430976431,93.51111111111112,314.7290476190476,405.11904761904765,727.6995833333335,53.79073886966308,183.28040801167313,367.808742240263,587.1965782647261,825.1206962229079,78.14084,177.96536,331.0231,596.90717,894.0944
2018-03-04 01:00:00,Fruehling_average,30,historical,596.0,125.73333333333332,134.65812594872278,379.2641378395212,431.5527776352583,395.42517,402.61504399817557,67.10016907774188,13.088513128645843,0.0,176.41711184693702,399.2673873451806,48.396333333333345,101.53055555555557,312.2357142857143,405.11904761904765,727.6995833333335,28.473713489150335,180.99206939391578,395.20425243225606,587.1965782647261,825.1206962229079,48.319386,184.34558,359.00098,602.90173,876.9478
2018-03-04 02:00:00,Fruehling_average,30,historical,240.16666666666663,206.46666666666667,205.93948389874436,417.6013815621508,431.5527776352583,379.7784,401.3842957316273,80.55933305583731,46.4537759637534,50.49635976519198,200.75374249697552,442.18133445908586,172.19660714285715,255.75511904761905,346.8855218855219,420.0138888888889,754.1277435897437,101.45166527013096,195.11762543521922,432.1507704558773,556.9129774846521,817.7607416371017,120.519485,199.91383,408.73486,544.76654,876.85736
2018-03-04 03:00:00,Fruehling_average,30,historical,117.33333333333331,256.26666666666665,229.44944463760032,423.81648806391195,431.5527776352583,384.73505,401.6877602338406,86.76139562498086,56.63490338216707,70.87887381921809,220.9652218954119,451.2142391463085,158.01416666666668,249.64166666666665,347.34259259259255,422.3989583333333,754.1277435897437,160.34673957821497,245.01838851584534,459.93498006950506,542.2800508257773,817.7607416371017,153.21579,214.62825,420.6081,556.59424,876.85736
2018-03-04 04:00:00,Fruehling_average,30,historical,120.8,306.53333333333336,265.38820205107083,415.4710463365355,460.2705165872649,430.54053,402.89225651384413,92.54376672459078,72.63643869579352,99.86101584449318,237.78608784065864,485.64390770706495,117.50216666666668,221.78555555555556,334.27541666666673,424.4690476190476,795.532484848485,171.55368096012492,408.1067575887168,489.2060150883374,565.7823402624284,841.5033266175399,158.96265,379.64648,476.88208,584.8693,901.6671
2018-03-04 05:00:00,Fruehling_average,30,historical,142.36666666666667,413.8333333333333,351.7260148929354,381.0599778445625,594.5159987568372,545.88196,404.6190912942792,105.86109702389335,109.61014195316807,173.7856486923128,289.78924043994584,577.45975859135,55.504000000000005,193.32419871794872,311.73240740740744,457.94184981684987,831.4814583333333,244.76540399821485,532.3024169864568,583.8239723036909,698.8931990941883,843.0808743289267,175.25487,505.28314,643.6031,684.2367,911.47034
2018-03-04 06:00:00,Fruehling_average,30,historical,135.56666666666666,408.53333333333336,324.41718363769183,377.50886645531347,442.9467688972429,454.72946,406.64188562918287,99.65558406613921,95.2607631963325,141.02616979067386,291.9009888956434,579.7995740577328,54.1695,180.39499999999998,256.6331349206349,423.3849206349206,815.2194444444449,168.12529732316708,444.9525983276174,548.7678319903955,574.4471721117254,875.2713222398994,149.72914,373.41837,567.1034,595.0714,911.67
2018-03-04 07:00:00,Fruehling_average,30,historical,97.96666666666668,472.0,370.0073173298356,377.21465095611865,457.11541403032214,541.9265,408.8254209313776,102.76059555395715,109.48266953781751,170.97059220745444,334.4253498767371,645.4782816052489,55.04550000000001,182.7833333333333,251.47037037037035,432.4808333333333,853.7562424242428,164.19362423909223,454.04839249501134,565.1256243838851,672.8001655784243,894.7364389617253,157.77817,383.8351,597.9258,672.5537,916.4619
2018-03-04 08:00:00,Fruehling_average,30,historical,109.26666666666668,322.46666666666664,235.26713378155392,289.27116707799814,442.9467688972429,439.20187,411.0890364328014,74.43030683330907,46.82732075397695,32.84007688721317,266.291650707509,556.6425251418865,39.8275,53.91319444444444,220.72166666666666,419.20666666666665,795.748484848485,149.13445385087883,441.845142538075,496.3539286502598,587.1965782647261,876.2887899227331,133.46571,377.0781,488.615,623.0893,902.8979
2018-03-04 09:00:00,Fruehling_average,30,historical,102.4,151.5,152.38548299151898,306.257117664068,442.9467688972429,427.66702,413.3847214647918,49.9007310070446,16.34303706445877,0.0,157.6318158243689,531.5473832525839,38.90439393939394,54.066923076923075,253.10416666666663,410.86107142857145,751.2448333333335,50.80873308431311,400.61491161287927,436.1543474771834,542.2800508257773,869.4282360707344,61.711525,359.17847,422.86942,562.2017,874.9416
2018-03-04 10:00:00,Fruehling_average,30,historical,160.86666666666667,173.0,163.60973512891974,253.74451005923973,442.9467688972429,426.21426,415.6840030588689,48.23672319900801,15.873511169265043,0.0,202.65658425454262,574.6752363834577,37.16394871794872,48.30805555555556,65.79984126984128,381.7214285714286,748.8426666666667,96.35122836113202,398.9180891157311,480.2543436751557,547.5032313877801,866.4590236861083,89.29068,359.83057,409.8274,547.3979,883.8651
2018-03-04 11:00:00,Fruehling_average,30,historical,96.73333333333332,171.0,166.00298996038936,252.5431267259064,442.9467688972429,426.21426,417.97009782811256,43.6931674870592,11.33167921500143,0.0,231.612053429483,605.5427950467459,37.16394871794872,48.30805555555556,62.56432748538012,381.7214285714286,761.9163888888894,99.11809863999542,397.1706226287893,411.07289638348914,547.5032313877801,873.8189782719145,87.060074,318.36935,414.98877,546.7992,893.4651
2018-03-04 12:00:00,Fruehling_average,30,historical,92.33333333333331,245.83333333333337,194.23149737718063,256.11990043244685,442.9467688972429,437.15924,420.2332146883538,46.132688989584025,9.206721959199399,0.0,325.6574454289623,638.2055225644951,37.74986111111111,48.78258928571429,65.79984126984128,387.3816666666667,791.1861742424243,145.8386679004708,429.562037652439,493.00576196753946,587.1965782647261,909.477556148924,139.27559,341.4359,470.58548,601.27893,917.5429
2018-03-04 13:00:00,Fruehling_average,30,historical,76.53333333333333,194.66666666666663,171.4660493762372,250.81291478400297,442.9467688972429,437.15924,422.4677434570035,38.584479721606854,0.0,0.0,315.5905158416465,651.3269322444712,36.09938095238096,48.06166666666667,61.588392857142864,392.9119444444445,787.84625,99.44920695420595,401.37056855386595,499.12995642600305,587.1965782647261,909.477556148924,106.6833,323.3195,436.01544,601.27893,835.414
2018-03-04 14:00:00,Fruehling_average,30,historical,69.0,214.7,177.0115088978461,257.8617698221666,433.2479641228145,406.07388,424.6705722090465,37.788300988562995,0.0,0.0,361.350089731925,663.0976649974032,37.31717948717948,48.72736742424242,64.71368055555556,395.4282407407407,788.2949242424244,183.3923223167868,427.285006861124,441.7007860288564,591.0294057311651,853.3927717920898,133.0252,341.4359,403.88284,618.322,831.49805
2018-03-04 15:00:00,Fruehling_average,30,historical,130.53333333333333,296.8666666666667,212.2798221529806,285.8328811972726,458.68466344239846,353.4886,426.84008022929703,46.738812325969306,3.3020061021966853,0.0,447.2060947821783,700.9968618123494,37.08447619047619,48.22796296296296,61.69513888888889,465.9599567099567,980.9954545454551,176.7957672389946,426.0326335516083,434.39742163555457,573.9449147615077,856.361984176716,129.99278,325.0261,399.70453,593.906,854.8923
2018-03-04 16:00:00,Fruehling_average,30,historical,180.3,216.36666666666667,169.58528647718276,303.4079579105057,407.9700707813786,354.50894,428.9755353295776,34.587286493511314,0.0,0.0,405.83519094952203,654.8961486120367,36.01333333333334,48.06166666666667,61.588392857142864,596.1333333333334,1196.9610370370374,179.5892228225712,423.66064029890003,432.3309655667281,573.9449147615077,856.361984176716,120.13072,311.16464,381.33685,573.9978,862.77936
2018-03-04 17:00:00,Fruehling_average,30,historical,347.96666666666664,186.1,151.715072481376,309.6884358607339,339.09461148871804,356.16916,431.0767331901729,30.97312297353197,0.0,0.0,390.52224778676725,637.4774735394426,34.86074074074074,46.622329059829056,61.114444444444445,620.9702380952381,1205.634722222222,122.78837847786296,388.3648941926928,444.5175720884177,573.9449147615077,865.1156738395155,96.631676,300.2089,401.73984,573.9978,870.2201
2018-03-04 18:00:00,Fruehling_average,30,historical,669.3,297.2,223.17036447459003,393.82129835471727,341.83262478396006,302.96765,433.1437815594837,44.29415837210827,0.0,0.0,465.22537700896225,668.3303399446613,29.81521212121212,50.59935897435898,93.64523809523808,582.8019841269842,1209.086666666667,171.89411598015417,422.1939951521673,442.4032502821258,573.9449147615077,859.8821410548161,123.455635,322.10675,431.52805,583.2246,777.42474
2018-03-04 19:00:00,Fruehling_average,30,historical,502.3666666666667,274.1333333333333,218.94458722498092,244.8669875775143,292.6756273273744,245.76218,435.17697115488346,42.29237167371075,0.0,0.0,435.36614359844896,637.5128696793565,26.038388888888885,46.00641025641026,68.77314814814815,209.4888888888889,598.0475000000013,32.871097084870236,63.29001431472045,174.4658037481271,573.9449147615077,755.9239246930812,38.833927,61.02041,113.37246,579.3362,817.16815
2018-03-04 20:00:00,Fruehling_average,30,historical,617.1333333333333,422.3333333333333,298.6229879825855,232.8564836707875,216.93428158065473,118.161896,437.17669845596225,62.13281125856305,23.73196783441054,82.37422244210177,522.8532737815644,677.6339291356064,30.768484848484857,50.59935897435898,77.20814814814815,200.05333333333334,445.1375000000005,38.713762754512175,55.12567557887028,155.33534137586787,434.24556510271907,745.3570482268043,30.523527,55.32226,92.52923,469.8284,751.2446
2018-03-04 21:00:00,Fruehling_average,30,historical,502.23333333333335,541.9666666666667,367.2281935232457,246.84452630676165,199.34094850021128,159.74593,439.143419555985,79.83238711413954,52.26411227541672,159.62793784542032,580.9133751768996,709.3009543463173,47.41319444444444,60.70481481481481,101.06950757575757,227.04104166666667,483.76952380952395,39.91018908135943,56.464723979062235,168.7039773677487,355.7961510144825,759.5886321639308,50.269222,59.473904,119.98672,502.8763,772.0654
2018-03-04 22:00:00,Fruehling_average,30,historical,231.23333333333332,446.8,312.7198001732273,243.97352990814497,195.61783447096244,126.729485,441.07762260165623,66.89355250694662,27.89087906983667,109.5798489576606,488.6902979647018,610.4038831725062,47.69604166666667,61.425,113.38958333333332,246.76059523809522,471.8426666666669,41.018957776502525,56.6775245070453,164.49430775483629,338.5756945113746,717.9121167571136,43.903973,59.851643,95.128975,374.4155,732.8141
2018-03-04 23:00:00,Fruehling_average,30,historical,240.3,410.8,288.54665942764564,262.90630429080136,191.6268676203524,118.843445,442.9798113575698,64.8532916855206,23.189517834536417,96.92696652189647,432.805137439893,565.995483676294,45.86736596736598,60.57409090909091,113.38958333333332,237.7763888888889,430.7055311355312,41.018957776502525,55.46084823983347,164.7002706137194,291.5280021545234,717.9121167571136,40.242622,57.865456,96.54681,348.6506,734.8496
2021-05-17 00:00:00,Fruehling_windy,30,historical,24.3,1060.3666666666666,637.635679702797,574.2302702942548,436.5459108145295,411.0583,139.91031567719278,18.9769635171143,230.10952004639853,546.2170119456391,885.2961774681535,1257.5296452561793,185.41444444444446,258.2861111111111,398.4791666666667,766.1832692307692,935.7637499999998,132.9996336719008,219.62389962611985,336.34223535864857,529.7615361409278,634.5372770471325,134.94174,243.96198,359.04843,482.9608,723.2124
2021-05-17 01:00:00,Fruehling_windy,30,historical,73.16666666666667,797.0666666666667,572.5807945469999,402.16421385211527,374.8541084250431,351.02252,155.2763175177449,15.127304773064397,179.67800392643562,436.77537616057214,773.9265961204621,1211.34378915044,170.76844444444444,240.05944444444447,343.96944444444443,511.4008333333333,780.2317094017095,131.57668100193692,199.66989201748302,337.2637005733573,539.5757194408203,600.6840819315793,136.88373,227.75255,380.4177,485.44757,640.97076
2021-05-17 02:00:00,Fruehling_windy,30,historical,88.43333333333334,719.0333333333333,547.8462533361819,386.707248604419,374.8541084250431,341.30832,170.18625894242052,13.649997408100182,163.472804664968,398.13108652600425,728.032515691802,1184.7670432793473,172.19208754208756,244.12500000000003,331.6457264957265,470.50955710955714,765.6353076923077,131.74566103235608,208.65964195976997,337.2637005733573,538.0573027134154,542.3028863547243,137.3868,234.46994,403.55472,470.0705,546.93445
2021-05-17 03:00:00,Fruehling_windy,30,historical,125.83333333333331,423.26666666666665,467.28096297086216,356.05331444273753,390.905536770514,404.499,184.167604251124,8.6342627059461,106.59183526360377,275.3312322898223,589.7408527301017,1110.382404672509,135.97271062271065,196.29803113553115,292.2755952380952,487.6518518518518,765.6353076923077,90.20330279088033,150.36496113041144,325.3341178297779,605.5585949375901,612.6809202244015,83.03865,149.56685,345.35013,623.60864,547.5302
2021-05-17 04:00:00,Fruehling_windy,30,historical,307.96666666666664,353.23333333333335,446.8092561895753,361.21561821486523,406.8101613349327,428.8137,197.05984664985158,6.2661786856712105,88.52731966539284,234.45743560786997,542.8252672466942,1098.7032803534453,110.40220779220779,178.9848157051282,311.5264814814815,499.71895604395604,665.1442857142857,93.1341286136651,145.60042951214757,355.1603548546833,685.407992140901,708.1431647831662,76.97867,147.48936,545.59894,867.1284,864.77795
2021-05-17 05:00:00,Fruehling_windy,30,historical,256.6333333333333,288.76666666666665,419.08020713278506,326.5739293308813,389.2223155371672,420.4954,208.8463372224412,5.061510863273272,75.02244912836277,198.89595903511807,492.56740843754596,1067.120922045037,90.31924242424243,155.71875,269.271875,481.1969246031746,632.3202777777778,57.5469712911166,159.34639388385418,366.7285412496188,861.908212391544,685.137143234802,51.8028,138.05092,540.07324,860.90356,782.1071
2021-05-17 06:00:00,Fruehling_windy,30,historical,195.53333333333333,157.13333333333333,369.0688385835408,248.23681645064005,297.90957464105645,303.6105,219.57394407624616,2.553745219136932,50.73732487642595,144.34698192199974,409.23751636167066,995.7452714841886,71.11151515151516,106.99375,196.02962962962962,331.0466666666667,442.1993333333341,57.5469712911166,104.68359883660806,255.99918981267425,606.7773744816129,639.2380044674312,47.18626,109.85855,394.0899,672.6819,711.811
2021-05-17 07:00:00,Fruehling_windy,30,historical,176.73333333333332,104.46666666666668,343.3117495101662,225.05859305118636,264.20901934069843,272.44647,229.3149258167579,1.2966369385013685,39.7671500513249,117.66712262838595,362.8243396414247,958.4063767457232,68.35757575757576,97.79930555555556,179.4861111111111,303.3654040404041,411.64116666666666,57.5469712911166,95.55888505779615,223.41384509532358,583.3484271395877,580.7913139787677,45.98374,90.09738,363.7644,622.15497,654.2457
2021-05-17 08:00:00,Fruehling_windy,30,historical,483.46666666666664,185.53333333333333,373.0930158555618,240.71840006255152,260.836895447533,256.38358,238.14907084642857,1.5091079027023042,46.34833815025582,128.76668093943863,391.2378163791957,1032.3864489563366,59.3539393939394,98.35666666666667,181.15912698412697,339.1332532051282,440.85408333333345,57.5469712911166,108.96722110437393,215.26597525455406,423.59283852064743,624.6646468868411,45.951923,99.36029,246.35538,585.23444,603.99475
2021-05-17 09:00:00,Fruehling_windy,30,historical,412.23333333333335,163.8,365.1492043211522,248.13029468852656,286.81951341606714,303.23944,246.15554400449946,1.6439233781309817,39.92487040337364,110.17999994658979,372.0630412623848,1039.6780763472455,69.94433333333333,130.809375,222.9461038961039,348.9696428571429,450.2108484848485,58.5190107291584,108.96722110437393,213.2880422226368,429.0148214220645,623.4383717431189,45.808823,98.65732,226.56546,583.2857,638.1079
2021-05-17 10:00:00,Fruehling_windy,30,historical,728.2666666666667,398.5,443.42792312849684,397.54270835968754,486.04594409859436,543.37024,253.40936335494825,2.4523252862817593,70.83135979368151,183.8483943767027,469.2102591514344,1148.2673085313272,34.91416666666667,130.71185897435896,268.7231481481482,464.23749999999995,762.8728571428572,101.87895179076746,141.7544287143468,368.32092396111864,881.9946998272194,1079.918135197402,78.72725,140.8565,339.3867,830.47345,1059.9152
2021-05-17 11:00:00,Fruehling_windy,30,historical,678.9666666666667,339.73333333333335,438.11831340490846,463.5319352565842,544.0052989744131,605.60315,259.98006753238604,0.7298361538711191,54.3495225937591,155.5763011828989,446.1627360707582,1160.2845402175449,55.747756410256414,152.45328282828282,307.20614379084975,549.6288888888889,989.5657037037043,178.8845678461478,75.5388896663215,345.8328939173858,883.5131165546243,1194.823835330867,54.69078,86.4434,356.7687,878.3112,1110.0083
2021-05-17 12:00:00,Fruehling_windy,30,historical,824.1333333333333,280.03333333333336,399.83388547176503,348.1912039694113,352.1107132519398,345.56567,265.9314030986822,4.777266528379219,55.7196144712683,143.31438589283084,413.4655389085338,1090.8250147686626,55.38475000000001,142.36041666666668,269.89814814814815,466.33680555555554,635.609,1.2872203497896608,75.31616929690034,314.86519250654464,652.7054770785411,745.7223043536754,4.0696654,55.978477,311.7544,574.9221,653.86316
2021-05-17 13:00:00,Fruehling_windy,30,historical,1303.6333333333334,436.1,440.61324371526746,344.56307805279664,290.00438577289333,298.7263,271.3214717862032,8.96440741730498,86.56615653759391,205.82642092977468,485.0565840581226,1129.127145621284,113.43804761904764,216.34444444444443,360.8789393939394,495.5452380952381,616.8203535353538,49.67433548607862,77.86055915806854,254.0703715152469,518.8324662437743,709.7896483258924,35.302536,82.71986,212.07652,484.7395,680.90485
2021-05-17 14:00:00,Fruehling_windy,30,historical,931.6666666666666,719.3,531.6065746521467,345.14011441131106,330.68197090698334,317.95636,276.2030709805309,12.113422993720288,132.86822804532335,314.61482838022334,618.8279081551703,1229.5834007318297,112.30142857142859,223.5675595238095,343.81567460317456,477.5160353535354,641.9353611111114,76.9451810726226,144.12316951734147,433.4294272269854,519.965012783885,831.3174850713535,93.68969,151.9785,403.83124,472.77798,689.6164
2021-05-17 15:00:00,Fruehling_windy,30,historical,1015.0333333333332,684.5,529.2543725404616,332.90691310779533,260.1060990220374,222.14728,280.6241017627317,11.968491574551775,127.28506689913148,312.68094584841964,616.0244573665223,1208.0160920668068,93.7780769230769,212.9973611111111,336.06750000000005,457.8635416666666,699.4606666666667,77.71715789392488,124.1641551795712,381.4845221595135,394.07055258398157,633.183613323739,87.8983,129.14212,340.8943,416.80145,643.0262
2021-05-17 16:00:00,Fruehling_windy,30,historical,1533.0666666666666,566.8,485.4304595213956,285.591418926047,174.08159864794564,161.823,284.62798642522563,15.306046625470254,118.93448025328733,285.06860772208825,576.9944444915863,1131.152710022291,95.35490909090908,212.6151282051282,305.9186868686869,403.2659090909092,533.6745555555557,67.23568907557225,133.55238701602826,251.33948261621384,296.23689065863715,537.4645940616284,82.3495,139.86131,182.85252,266.46515,487.0662
2021-05-17 17:00:00,Fruehling_windy,30,historical,1265.4,478.06666666666666,464.5122497945384,314.4143115418885,183.45921844774662,174.88824,288.2540696801194,15.385910072267443,107.83336417268518,267.3491844465481,555.3210284892297,1086.702684543478,112.45698412698414,221.93645833333335,333.59305555555557,423.646875,550.859166666667,67.23568907557225,137.64909112815423,265.46231996444135,367.9687825567248,537.4645940616284,71.29394,134.47179,232.1388,309.42236,478.1952
2021-05-17 18:00:00,Fruehling_windy,30,historical,547.3333333333334,268.53333333333336,393.3306271127809,263.7264698086654,171.204020931619,148.56642,291.53799312122965,13.765051650586177,80.31541124895672,216.12326518505535,464.3288269130521,928.4066724741026,26.810000000000006,115.11666666666667,271.7986013986014,445.94318181818187,609.8835,1.3245086417212943,18.7099548061934,138.2393646097639,297.3242570509903,568.2673740677146,3.3408284,27.822647,157.60995,276.9454,544.05225
2021-05-17 19:00:00,Fruehling_windy,30,historical,330.76666666666665,265.46666666666664,395.03092493545483,283.2296057681587,148.25523539221027,125.634995,294.51203969912586,14.299367963322355,83.50458138223676,227.84387986474542,476.25393879024926,904.4138546147741,42.3129304029304,144.990625,293.10481481481486,457.37291666666664,619.7446153846155,0.8956210899554131,24.463336373400214,127.68314401922255,321.2368031050598,536.7508207043236,3.0175338,26.941061,153.59517,245.12285,504.858
2021-05-17 20:00:00,Fruehling_windy,30,historical,395.46666666666664,151.0,354.5153935885409,188.08661347871893,168.1270993337085,136.3586,297.20544826452345,13.165602754573776,70.56991157306429,205.56725846035795,429.3419459339501,804.9239976406575,13.571083333333338,61.98561507936508,141.5933712121212,332.5859686609686,473.49835497835517,1.3674979846407314,22.03282409599692,124.7182857669825,250.61484567509282,515.1993537783923,3.5626554,27.213873,142.27515,207.63129,431.16342
2021-05-17 21:00:00,Fruehling_windy,30,historical,569.8,10.2,318.63443398422515,181.0748227368024,147.8740548461725,122.750824,299.6446996692487,11.375570186797773,48.10490841935968,160.83444549948223,379.46938295700954,750.672231572238,17.574957983193283,51.05238095238096,126.08035714285714,264.536875,492.8440476190478,1.0139105926726588,21.659569276033164,102.95205219240673,270.8991331566437,535.4866052892189,1.5156244,24.062876,137.25699,189.47719,499.64673
2021-05-17 22:00:00,Fruehling_windy,30,historical,470.6333333333333,219.26666666666668,413.8830088461682,351.3031110703092,294.45587114901366,264.1166,301.85377646607856,12.020580641972533,71.74562864441734,215.19694461488135,501.1985921122037,933.2361672028045,56.77221153846154,176.9733543417367,386.56994949494947,590.6084033613445,742.0713333333333,23.058878131578886,54.95230302798694,216.3649377169414,393.78692639805195,644.4710895646039,22.184866,47.39623,224.4284,421.9728,620.2913
2021-05-17 23:00:00,Fruehling_windy,30,historical,774.6666666666666,122.2,370.1597179792331,215.3070804582989,302.826121907154,278.22906,303.854398389473,5.729976512653472,55.04639525356436,204.8646105144369,428.49233844271856,765.5289224848755,17.626386554621856,74.9121212121212,169.96407407407406,335.22916666666663,492.8440476190478,1.0269473667844666,19.41465456843428,209.97477392012834,351.36716514137953,834.9637144381867,3.6598291,28.46895,205.85666,404.38535,717.2467
2020-08-14 00:00:00,Sommer_calm,30,historical,16.533333333333335,0.0,83.58565132377049,100.09425342302042,46.11502538778588,53.349224,77.36382949149257,0.0,0.0,0.0,74.37938296217388,303.85499763360053,0.0,6.9984375,34.4,124.87848484848487,279.4100000000007,0.0,1.8439328046474932,5.503136444316232,64.64433353731035,274.7690312358203,0.042627484,0.73765606,25.488039,138.64993,275.44174
2020-08-14 01:00:00,Sommer_calm,30,historical,0.0,30.233333333333334,87.25835113633026,122.02952975363755,88.94662016506007,88.2193,103.67413975413976,0.0,0.0,0.0,85.4873754781186,310.0503760730097,2.9361111111111113,15.817857142857141,69.2352564102564,206.67795454545455,380.00171296296304,0.0,3.439587531739113,25.456407190935384,130.09337245899582,275.2740312358203,0.0,3.95015,40.716118,186.34227,295.29852
2020-08-14 02:00:00,Sommer_calm,30,historical,0.0,20.3,82.20755557506078,112.58984823411546,85.33738102555841,111.77397,121.85892745493763,0.0,0.0,0.0,79.88712121406661,293.4123636165091,0.07512626262626264,16.750833333333333,61.31041666666667,170.82638888888889,371.5785714285714,0.0,2.1287645650031064,30.599153589239897,113.54969973927385,258.5227799552212,0.0,4.8246455,37.377342,165.6911,265.69635
2020-08-14 03:00:00,Sommer_calm,30,historical,48.233333333333334,93.86666666666666,85.60542319383624,134.33926333227774,81.28167266759976,94.58384,134.98136588459448,0.0,0.0,0.0,93.07637180089003,303.6964470101875,9.808125,28.466666666666665,79.37791666666666,155.43705357142858,251.02761904761903,0.0,3.2604771234619303,73.39391146483696,124.93888577581812,228.22057422669027,0.0,6.9715586,70.91371,143.6199,240.09035
2020-08-14 04:00:00,Sommer_calm,30,historical,13.966666666666669,70.4,75.14312721904321,141.75436163092982,124.84466693824236,113.34865,144.52374874138746,0.0,0.0,0.0,80.45053765058853,276.7285195703404,14.403076923076924,40.70700757575757,104.3375,187.5982371794872,304.58254578754594,0.0,4.164916404837405,76.89456153083243,126.8120110141791,246.44140566248484,0.0,9.059759,73.24505,145.07396,259.71057
2020-08-14 05:00:00,Sommer_calm,30,historical,43.56666666666667,159.9,75.8368560680654,112.36520568577893,86.4585863172475,84.80922,151.47200676801714,0.0,0.0,0.0,88.15723751656805,291.92368621495996,14.391904761904764,56.001666666666665,104.258547008547,152.0909226190476,197.29166666666669,0.0,22.488780043049314,97.57878362523321,120.48443890347092,223.91572003351487,0.85919875,25.007381,88.9866,125.40142,236.16612
2020-08-14 06:00:00,Sommer_calm,30,historical,47.733333333333334,160.53333333333333,63.20239107716692,110.14155794855786,86.4585863172475,84.17627,156.5325162766907,0.0,0.0,0.0,68.6352932013794,259.60449905288067,17.39191228070176,58.698883928571426,108.32623106060606,150.552380952381,198.41208333333338,0.0,21.774567975336314,105.54295285831098,121.92628266170263,223.91572003351487,2.4014487,23.00052,98.024376,140.58965,240.62666
2020-08-14 07:00:00,Sommer_calm,30,historical,13.0,165.43333333333334,51.48905425286161,108.77273797762764,86.4585863172475,84.17627,160.21829789681678,0.0,0.0,0.0,50.779367688293235,231.6853168809938,23.02166666666667,63.78141025641026,118.03583333333333,161.55055555555555,225.5006666666667,0.0,21.82707221777402,107.35685229789686,122.66127860147293,240.97930651234805,3.9348671,34.86219,96.14039,127.66598,207.92685
2020-08-14 08:00:00,Sommer_calm,30,historical,65.8,131.06666666666666,38.91425955551489,96.69962774726439,86.4585863172475,84.17627,162.90282556063607,0.26136919369093103,0.0,0.0,33.42300484440494,199.912144909655,23.127912087912094,56.001666666666665,99.80763888888887,141.4322222222222,193.77709956709964,0.0,21.82707221777402,85.42237691348824,122.97877702187915,230.82201645688036,4.1005073,30.84448,81.883095,148.26328,196.16586
2020-08-14 09:00:00,Sommer_calm,30,historical,127.63333333333334,48.666666666666664,21.128060736141748,78.36198130974202,215.43135010041792,185.46841,164.8580952620566,0.48710506485884486,0.0,0.0,5.002967322332154,159.9545895414579,14.120666666666668,25.425925925925927,49.834761904761905,97.06639433551197,153.52125000000004,0.0,25.071188328614802,220.36685324959993,187.8768798805706,306.2652158856151,3.9980054,27.75799,166.26828,162.54822,289.51334
2020-08-14 10:00:00,Sommer_calm,30,historical,73.4,213.0,38.168748151380896,114.67539160171098,231.65814638645526,249.40527,166.28221184608245,1.5460725563266542,2.244521355896607,0.0,45.4661349804521,224.91829743453803,25.225595238095238,62.425694444444446,120.18589743589743,203.0580808080808,268.77758333333344,0.0,28.11042487273612,261.7497887158009,194.789405204278,298.78123493138344,3.925075,34.600815,205.72643,222.70474,321.97375
2020-08-14 11:00:00,Sommer_calm,30,historical,49.96666666666667,764.1666666666666,121.12335669631197,192.4141436510112,233.56044563788012,217.51022,167.31946420711708,2.6963278540476265,21.407178081483114,83.29470485827825,226.6795375637733,516.5377831042563,48.67518518518519,79.54045454545452,152.17407407407404,232.1185185185185,377.89763636363637,0.0,27.838046618510493,175.09344829615864,212.30750643840503,368.5498403400213,4.896442,50.277534,167.3,318.1597,287.48178
2020-08-14 12:00:00,Sommer_calm,30,historical,17.5,251.03333333333333,35.77251493313398,112.16366075653437,140.8452915237968,124.47412,168.07494481794737,2.6208837409445405,5.7645846623937835,1.2709090317020042,37.98957244692792,236.8314581996965,16.048654970760236,47.29449404761905,102.70625,167.48854166666666,245.3510582010583,0.0,22.130170585918023,126.57643115527178,122.23713648273501,331.1354138579313,5.0529695,22.93378,122.64944,169.17488,251.08565
2020-08-14 13:00:00,Sommer_calm,30,historical,56.03333333333333,91.36666666666666,17.661703719101013,110.86507568902705,84.21257787656957,103.9499,168.6251975581266,2.1802838708066945,1.3132520196516815,0.0,0.0,192.0421969073164,23.730641025641027,48.91645021645022,85.23555555555555,165.51402116402116,321.4611574074075,0.0,26.27408738419864,93.92801120049722,126.68135564947389,239.77382979222236,7.400911,25.335346,84.8063,148.39351,216.82495
2020-08-14 14:00:00,Sommer_calm,30,historical,61.8,253.86666666666667,43.95793312206817,110.52136552189546,126.85266531117146,120.38527,169.02597300330245,2.6827708251816462,6.714941371329637,0.8296560282495875,47.34772944560552,279.9710400883705,15.141428571428573,43.08900462962963,101.77897727272727,178.5422619047619,254.8127777777778,0.0,28.80933874524172,128.22081076223049,122.23713648273501,269.84332518412884,7.5579247,22.435135,115.29482,165.60738,254.83777
2020-08-14 15:00:00,Sommer_calm,30,historical,30.733333333333334,231.8,48.42688024967927,117.84166381656422,126.85266531117146,114.83669,169.31787696984767,2.394882233381895,5.479572308731978,0.0,49.98444876873495,298.1350038924036,14.214867724867727,38.37916666666666,101.77897727272727,186.5057142857143,255.6597222222223,0.0,28.80933874524172,108.80960536199434,122.23713648273501,271.95433237749535,7.5082917,24.696829,91.27395,159.66045,255.35036
2020-08-14 16:00:00,Sommer_calm,30,historical,58.333333333333336,153.53333333333333,46.57416021503808,112.95227582632155,87.49219399294421,95.867874,169.53048462011898,1.8752897954023076,2.616465415723402,0.0,39.95029221705346,290.01083990285497,20.164166666666667,49.16202380952381,99.78247863247864,167.0308712121212,258.50453703703715,0.0,28.80933874524172,86.7151217179518,120.54785722931838,281.6018893869944,7.4580445,26.282263,80.79937,148.11168,245.87257
2020-08-14 17:00:00,Sommer_calm,30,historical,9.8,252.46666666666667,70.09716707147086,121.3831535046275,131.71252488092546,119.29406,169.6853369624455,1.5403289259782305,4.052085586545246,0.0,81.10476529831215,361.58153244075726,14.266753246753247,40.740530303030305,104.90928571428573,187.35685897435894,278.69159090909096,0.0,27.68347711970643,126.5866945526888,125.09472636289199,286.30202166183216,7.510546,23.610584,110.528496,164.07076,265.08722
2020-08-14 18:00:00,Sommer_calm,30,historical,33.03333333333333,42.6,54.29530743333925,87.39646660103931,210.69841393634033,215.28586,169.79812334568902,0.0,0.0,0.0,44.55024900007953,311.95870780506175,10.393589743589745,19.721666666666668,35.714814814814815,75.94416666666666,159.46869463869479,0.0,29.993542310108936,224.60547938970726,113.06887958200726,304.3164456060932,5.8218346,35.913017,168.5206,154.06288,340.32135
2020-08-14 19:00:00,Sommer_calm,30,historical,116.7,5.3,63.00189335838098,50.20400721892529,263.9597416926137,256.241,169.8802710746419,0.0,0.0,0.0,60.70423260572406,334.2977715896353,5.424999999999999,15.537205387205388,34.76829836829837,86.83788461538461,186.1667857142858,0.0,15.695014117161017,198.38234937313356,235.23227101683244,317.55794593022694,1.2970904,24.502396,145.13763,207.98497,380.13724
2020-08-14 20:00:00,Sommer_calm,30,historical,44.13333333333333,0.0,74.17098497166005,48.72622742972898,273.2796125350662,256.25208,169.9401032031139,0.0,0.0,0.0,82.35978639752756,358.9567100508051,1.6046296296296296,7.195833333333334,15.466851851851853,49.81898148148149,142.7771428571429,0.0,2.733439982646348,191.77525258503047,248.51670603895917,376.80873553489283,0.0,19.169765,140.0924,204.94458,406.64008
2020-08-14 21:00:00,Sommer_calm,30,historical,0.0,0.0,75.15343516553808,61.080571693279495,295.1752646134146,244.95207,169.98368181013225,0.0,0.0,0.0,75.5608086733859,334.19304233350385,0.19666666666666674,4.840625,17.499595959595958,92.25902777777777,189.04190476190493,0.0,2.875129062457057,194.85390171490596,316.9259468392465,433.19475876665086,0.029846048,11.079394,121.6441,224.57562,404.85242
2020-08-14 22:00:00,Sommer_calm,30,historical,0.0,0.0,70.39898554113655,89.16661786621468,286.5531499478581,269.18942,170.01542219841795,0.0,0.0,0.0,53.71668290543113,291.15202084032876,0.0,0.5685416666666667,11.795897435897436,105.42083333333333,253.30577777777808,0.0,2.9008868659828675,192.15551876390217,336.0875806443822,432.93021954710724,0.0483743,11.83859,117.26653,264.179,426.24728
2020-08-14 23:00:00,Sommer_calm,30,historical,19.166666666666668,41.7,71.77399219269991,142.40218855999808,317.53103742846196,268.00696,170.03854024457536,0.0,0.0,0.0,48.06883539297982,272.0486690021502,0.3233333333333336,5.904861111111111,42.85166666666666,206.50473484848487,395.98185185185184,0.0,0.0,144.6157363186504,289.5005569717134,490.3576553464997,0.0,0.0,98.392006,197.86218,499.40787
2019-08-11 00:00:00,Sommer_average,30,historical,288.6333333333333,627.8666666666667,360.97383446569324,261.78104195847345,278.2373945378864,338.8067,279.10671661867275,5.1199351543071545,61.056874704885246,232.88491698880372,542.4879944966895,937.1813900287187,33.432321428571434,132.76182336182336,241.78708333333333,406.32806372549015,647.4814444444446,0.0,130.35299620579298,212.85692999336692,416.99430027522925,503.40341217700444,0.5158528,154.59976,251.3445,444.26755,491.80634
2019-08-11 01:00:00,Sommer_average,30,historical,26.8,343.53333333333336,295.2069186835527,153.15801508536975,124.60617437216129,142.83739,251.6731236671699,3.6930836963641767,44.640184893505506,165.50810810198408,453.41906746664023,792.3692075476149,4.757555555555556,23.711996336996336,86.28999999999999,218.87638888888887,367.1365000000001,0.0,0.0,65.58105768486548,204.98082920993113,403.4234634657062,0.5523603,6.6204066,67.17832,203.0465,347.821
2019-08-11 02:00:00,Sommer_average,30,historical,47.233333333333334,111.86666666666666,236.92641494469436,115.43639272864118,88.37396710932191,101.92699,229.18237890805204,3.0262828356758673,32.719417400272164,107.89611124515082,367.83845415349026,649.3155920493361,0.7237037037037037,6.627157738095239,33.47875,131.15675925925925,306.0540692640695,0.0,0.0,35.88173788567674,184.77498211475256,331.5821564846767,0.17449409,2.288819,32.53358,153.20517,338.3268
2019-08-11 03:00:00,Sommer_average,30,historical,39.86666666666667,317.1333333333333,256.05909647704,126.92509651357476,104.88035987310771,139.53726,210.76414435121137,3.875870520081686,42.41957727698953,148.71401617770672,406.0416837389231,659.0116831041667,1.3454545454545457,17.30238095238095,81.8375,219.31011904761903,385.52569230769234,0.0,0.0,63.5145271813495,177.9033239053376,404.4364572475775,0.5171796,11.003759,62.299156,203.8481,391.918
2019-08-11 04:00:00,Sommer_average,30,historical,27.733333333333334,385.8333333333333,246.58556769739414,93.11973560534815,61.94499718101861,61.76938,195.7010233551712,4.856560610524546,46.89634313140259,153.106561952142,385.1159705775767,595.6755197320097,1.9300336700336702,16.438333333333333,71.99444444444444,162.1388528138528,291.29190476190485,0.0,0.13186929070651368,58.20526401250583,102.48878560482815,189.96592023658363,0.7257299,10.11131,57.20559,120.00963,176.95859
2019-08-11 05:00:00,Sommer_average,30,historical,38.86666666666667,485.8,247.0550247204754,101.1299310975593,72.70640526455595,69.880554,183.40168959248604,5.950755933588758,53.33037250540971,171.08559448280863,384.78565641989246,563.1060588790923,6.7152813852813855,28.454166666666666,93.55641025641026,175.79791666666665,272.5083333333334,0.0,22.09617846543512,75.48507001494706,186.02250800102854,154.30681780166077,0.8524617,29.515642,93.27068,196.84155,140.76404
2019-08-11 06:00:00,Sommer_average,30,historical,293.3333333333333,389.1333333333333,217.53012193219556,86.11383834280896,79.40124430552898,72.4789,173.37873704750638,6.680016706778712,51.60352264999884,150.2769624922193,335.2011238374291,475.9900403393499,5.993666666666668,23.899572649572647,64.3047619047619,134.00625,234.62366666666685,0.0,30.025804323300182,82.34407296335905,116.95154290312907,130.64422728004448,1.8089894,29.382738,97.87295,125.45625,113.63444
2019-08-11 07:00:00,Sommer_average,30,historical,274.76666666666665,400.8333333333333,211.3499801468001,85.74833977614624,79.40124430552898,83.216606,165.23042159890656,7.762767140372336,55.640300489020376,155.9211478514141,318.51120085602986,435.87500587623236,7.640448717948718,24.844444444444445,64.01996336996336,134.00625,218.3566666666667,0.0,30.025804323300182,80.17491028680301,97.11443131885021,136.49358354730273,3.405977,29.99804,97.87295,134.16634,124.59861
2019-08-11 08:00:00,Sommer_average,30,historical,262.23333333333335,400.6,206.07525801506438,85.95898603707664,89.73724634006547,88.03431,158.62561046666,8.953108350457375,59.845041273667974,158.43617311588784,295.7864221499143,395.4161824255404,4.035224089635855,22.914814814814815,69.63703703703703,145.60645833333334,257.15706349206346,0.0,30.025804323300182,63.97534729605804,82.29135248227232,153.7351748468923,2.7882812,30.618364,61.835228,121.19528,109.2765
2019-08-11 09:00:00,Sommer_average,30,historical,79.63333333333334,561.6,232.18126534042338,138.59899874079238,112.11290668778976,136.03888,153.29137592731988,10.732198424314907,71.82937028503186,195.12098295010534,321.43163206141855,427.19523327756104,7.311491841491843,36.611111111111114,112.93232323232323,218.68124999999998,308.63739926739936,0.0,31.829982240028514,153.41929550310738,168.56490354569482,205.1706017220464,3.653848,47.1236,137.66592,237.69022,145.89401
2019-08-11 10:00:00,Sommer_average,30,historical,29.733333333333334,898.4666666666667,293.490292619447,259.498231452077,259.3949992184725,246.32391,149.00276872078214,12.427400556008296,90.5033524380344,274.4311742543564,408.5290030561694,541.5216467518283,33.778,114.87162698412698,240.7678571428571,368.0659090909091,470.81111111111113,0.0,58.643482105020794,205.2462272061268,274.5494867377237,215.11125438863934,33.090214,68.95071,194.44841,435.95346,256.5055
2019-08-11 11:00:00,Sommer_average,30,historical,24.366666666666667,1209.7,351.1204790468809,307.4959680381601,272.0298510066387,247.0869,145.574388194128,13.653130684175142,106.2572885392761,346.44668219958174,491.8269685983317,659.9209819120238,48.0492261904762,135.7721590909091,297.8073809523809,477.8943121693122,707.7442857142858,0.0,58.30198647237538,249.01529787286563,281.66128064244594,238.86424742290055,33.5063,63.618835,203.35985,445.34268,294.671
2019-08-11 12:00:00,Sommer_average,30,historical,53.766666666666666,1620.0333333333333,427.09782444737266,419.1893521560799,447.41156994274706,286.4812,142.85343351015928,14.555713141517522,124.2587305031041,439.7797544234884,611.0349830482295,830.7513917276187,55.64726190476192,139.99166666666667,332.67706552706557,522.4793154761905,736.8295126705654,0.0,72.6365302130063,277.5150865974504,476.5098663989804,386.05520771341145,40.49261,63.3302,233.86142,477.8308,388.0665
2019-08-11 13:00:00,Sommer_average,30,historical,175.83333333333334,1159.2,347.453489042681,273.78938973209955,345.96610427206105,280.7728,140.71397570934587,13.131265850583612,101.00394739399083,333.4577380626515,472.7846931333229,689.6488973525429,48.267698412698415,131.87166666666667,287.7786111111111,507.0625,713.144904761905,0.0,83.56297731090827,273.91882375255534,331.93877389911944,261.1226800917433,42.882652,84.487885,217.80399,378.89285,290.8639
2019-08-11 14:00:00,Sommer_average,30,historical,191.56666666666663,1298.6333333333334,380.6115323136726,392.76734046371644,499.0498772966474,335.6057,139.05223613093906,12.894883248490546,105.27385929371694,365.2670503388759,522.2942472935597,783.1707606953933,68.1303787878788,146.2015909090909,314.6930555555556,531.5383333333333,736.8295126705654,0.0,86.58184397098897,277.58632386856743,429.6880712896309,392.5073956196222,43.468533,87.15328,278.2949,489.2458,385.1763
2019-08-11 15:00:00,Sommer_average,30,historical,181.46666666666667,910.3333333333334,319.2989520756616,237.24254119622455,329.48314358286393,164.13622,137.78269438392377,11.688679035730571,85.32390800703813,273.1971502367672,419.1617482167792,697.8048839836517,59.31766666666667,122.54060846560847,226.51874999999998,435.3288961038961,602.0673333333334,0.0,66.49421240534431,222.55432824096255,353.84211389122277,270.8598946148663,15.767678,90.15024,171.6548,283.92905,238.71698
2019-08-11 16:00:00,Sommer_average,30,historical,104.2,1071.2333333333331,360.64741571735715,244.52215109920712,322.5008585476036,258.9378,136.83488012246323,10.701245056664087,89.07881359396985,312.9886399496692,485.35044525653836,804.9687415129114,60.85743589743591,133.5766025641026,270.6559523809524,502.82250000000005,710.6922380952382,0.0,66.62455093910536,213.17308339546332,353.84211389122277,258.0694273762447,42.673103,94.48956,176.05444,385.9783,297.4293
2019-08-11 17:00:00,Sommer_average,30,historical,81.23333333333333,1051.6,364.2064981881889,245.86300715646888,327.2616595615825,259.77283,136.15072848677895,9.13805357528955,83.15643292464777,305.5362728802994,491.08722015947814,834.7940170320911,83.33133333333333,146.34123376623376,290.9597222222222,501.84375,707.7442857142858,0.0,68.91283186722127,122.32809355644287,383.20928407128196,261.34150952682296,41.66318,92.83128,157.43073,338.94058,248.07303
2019-08-11 18:00:00,Sommer_average,30,historical,55.2,741.2666666666667,312.7231502094278,214.7527311715493,327.2757917922783,232.57414,135.6824001778779,7.053218212343568,63.40643419871411,229.09434276345348,414.83738530985204,765.4418503026664,55.96565476190477,126.67869047619047,210.51145833333334,365.8652777777778,486.05,0.0,82.67744495785185,124.85554286617352,290.20399536972104,261.87874419457364,12.573888,96.1853,181.42935,336.06683,268.94055
2019-08-11 19:00:00,Sommer_average,30,historical,358.8,641.4333333333333,298.47434404621424,209.25694417911396,277.5000430935346,198.26498,135.39048453359578,5.512900653637516,53.019437905606594,201.73228488829528,412.82755694584216,787.6449777868047,57.66881481481481,108.53333333333335,177.2628540305011,297.3126736111111,459.6978333333334,0.0,80.23730129044144,95.82824187466403,290.20399536972104,309.12029268612855,9.911092,92.77751,174.8006,275.6228,255.06384
2019-08-11 20:00:00,Sommer_average,30,historical,355.3,466.06666666666666,269.3727018312976,175.99932736032176,159.07691168844312,180.23958,135.24251831560676,3.4365373330243876,38.72699589215513,160.1870445540021,387.13330243351146,765.9591152918356,49.01,97.19062500000001,159.90166666666664,210.82147435897437,347.3286217948719,0.0,140.67149480870424,140.12547928844842,190.08357352610383,254.39234778806767,18.32991,141.35541,162.27771,208.20737,222.7375
2019-08-11 21:00:00,Sommer_average,30,historical,98.06666666666666,560.3,281.90390403918644,233.71550624161898,242.81503594044176,283.64514,135.21176473942614,1.7252801076250033,36.66707591033524,175.36411279817673,415.8412200807185,788.6991127665895,57.050222222222224,140.8282828282828,210.4841575091575,374.7158333333333,487.5492592592593,0.0,140.1957646596038,212.95289263819512,427.65448267070695,384.7321651937095,18.842905,148.50255,269.47745,373.01035,405.3679
2019-08-11 22:00:00,Sommer_average,30,historical,7.566666666666666,703.8333333333334,290.1279829708772,246.83716572600719,393.26965490146176,263.3832,135.2762070247109,1.6312688534445736,37.25097887097222,185.40934069281099,456.61755970484217,848.0430795376016,16.771250000000002,121.81626984126984,290.74097222222224,456.95801282051275,541.4687272727273,0.0,152.52569057119322,232.6894971556617,492.66370147004716,413.14387109016945,18.69863,183.68536,309.16394,416.28937,456.85718
2019-08-11 23:00:00,Sommer_average,30,historical,68.76666666666667,366.73333333333335,214.1929415334507,276.59202202341726,269.01248784379084,255.12654,135.41771877627593,0.5821110343461426,15.954700335427251,94.97618982190224,378.31624401202106,763.3007839641263,90.7487962962963,189.81490384615384,303.30132275132274,429.56395833333335,505.6823333333335,0.0,144.28593729448266,245.5025993978057,397.0544174386847,406.57498560815765,18.68565,170.3091,253.66425,391.9801,464.7704
2024-06-21 00:00:00,Sommer_windy,30,historical,218.13333333333333,430.8333333333333,225.0777141769729,243.01063456979892,250.79039937914402,269.48715,854.0982078734762,0.0,7.773590239381036,167.9531925208143,328.5167926113045,537.883652050638,14.241333333333333,52.819270833333334,147.5238782051282,319.08412698412695,532.2937037037038,9.191480307258912,48.13316398674344,93.67169308227015,305.5363713496558,566.9408486254995,3.6596873,60.74781,128.81725,269.34375,505.59274
2024-06-21 01:00:00,Sommer_windy,30,historical,78.9,424.3666666666667,223.33745936714516,210.94835408984963,237.0213310559818,218.0067,762.7470743554142,0.0,8.802003627207643,152.2580987214243,319.7350393053857,505.4924580200525,19.08416666666667,61.11201923076922,142.45164141414142,231.91145833333331,434.04397435897454,10.239424814844948,53.611842737868066,111.496220928871,303.0362825028923,561.1843050580409,3.5538473,52.2752,129.68813,269.3152,489.3512
2024-06-21 02:00:00,Sommer_windy,30,historical,13.666666666666666,374.2,219.80522302302964,210.93812704925077,243.8213460417788,220.27455,631.4792764369464,0.0,5.708031855115568,164.6909443700759,336.55577214376484,519.7495628648292,14.59976430976431,42.913333333333334,133.84166666666667,253.56833333333336,452.1460606060609,10.383846037257763,47.72329405005219,95.96496959487403,283.97077180800767,566.9408486254995,3.7473679,43.40663,126.16937,257.75964,526.0531
2024-06-21 03:00:00,Sommer_windy,30,historical,110.6,447.9,209.0455778293375,222.74159838010004,234.61789708613705,182.3763,544.4823679603082,0.0,2.8736346954248937,156.33337851407543,312.609589456816,493.25735971962183,20.130666666666666,61.83041666666666,171.93636363636364,320.9311355311355,478.4712500000001,14.057019722042321,74.65966548472346,92.47181565370904,276.54520812633433,482.57719322866905,6.492418,66.31219,131.2457,236.38054,419.7737
2024-06-21 04:00:00,Sommer_windy,30,historical,134.53333333333333,464.23333333333335,196.23096236855105,220.23417492983614,225.31157290966138,180.74492,470.6376985138081,0.0,1.680818255369033,144.75317228033686,294.00396233246335,466.003953349851,25.74938888888889,66.6452380952381,175.67380952380955,308.1875,471.38523232323234,25.32146377816573,77.65742005757222,94.09429658310545,267.4430764363934,420.27364598535,15.19501,79.30765,130.1753,221.56413,345.4544
2024-06-21 05:00:00,Sommer_windy,30,historical,230.43333333333337,574.8,192.3067739112289,239.95300359631727,287.07659576515533,189.34424,413.5476045304756,0.0,3.1169622453052526,141.19174552255475,273.574469904709,439.3313675403062,51.17440476190476,108.23354978354978,192.99875,307.77916666666664,478.4712500000001,27.938596091703594,74.03686877321874,102.19916046499277,254.25992275500474,410.50681346823166,20.68091,80.78782,141.23526,226.81888,341.65125
2024-06-21 06:00:00,Sommer_windy,30,historical,231.8,560.9,180.61420133921362,215.5109650946153,214.4695503756012,189.62956,367.90310959819374,0.7448421736382604,4.778492404460902,129.7164516051215,260.04933751956514,410.87702378531293,54.7960119047619,109.91258012820512,190.72619047619048,274.9720238095238,425.8465000000001,26.85841975466583,78.30445227219354,104.33057462939573,255.37229204551704,410.50681346823166,20.598215,77.18626,165.68134,227.62544,318.731
2024-06-21 07:00:00,Sommer_windy,30,historical,92.7,469.53333333333336,164.89245736585048,204.96633731305099,167.67922124805204,174.76996,331.8558835912495,1.4507539550731288,6.3496959549772924,116.46154810008566,253.36178168016642,388.0975842551753,48.56551282051283,113.7871212121212,194.30037037037036,273.77532467532467,389.72233333333344,24.27035582663287,85.03439678315435,113.73649976425982,244.5306764569014,412.6284801348983,32.68708,86.332664,151.5504,198.27422,289.12778
2024-06-21 08:00:00,Sommer_windy,30,historical,43.43333333333333,272.7,151.6477850608382,201.53203818118328,149.59641820175176,119.19254,303.2602206058627,2.3085295260177467,9.706780870481147,106.68026227165845,269.89683369516837,381.5754605888675,29.375319865319877,91.23558201058202,178.6180134680135,286.1946969696969,428.766761904762,24.244482864388146,48.94619877985531,61.52617901838593,244.81622265455402,397.4088834986058,17.620436,45.832542,88.37929,191.56299,316.70325
2024-06-21 09:00:00,Sommer_windy,30,historical,90.0,145.83333333333334,134.03681407766067,206.24651366865044,173.29638133800512,153.67322,280.612789685366,2.6879230770158693,11.152587776137082,90.43781552952922,264.411920318064,366.60613530085146,28.53708333333334,74.57552083333333,168.50833333333333,280.05083333333334,423.3029166666666,23.87886649498128,44.759339400259115,61.52617901838593,275.8597108152897,399.8286594800997,13.560303,42.770195,91.12656,247.3145,324.66495
2024-06-21 10:00:00,Sommer_windy,30,historical,54.86666666666667,202.46666666666667,141.40943615185125,203.4730903978917,164.63908369728048,130.11165,262.66560439735974,4.760652581502553,17.346397225694478,96.66239714365393,266.5096760721394,365.6329572562986,23.211683501683503,93.35416666666667,172.77222222222224,289.3516666666667,428.766761904762,23.88656276618742,44.759339400259115,61.52617901838593,246.49978558273233,397.4088834986058,14.600362,42.770195,90.584625,201.80237,329.27982
2024-06-21 11:00:00,Sommer_windy,30,historical,58.43333333333333,22.366666666666667,89.21162168558254,270.03382027505586,192.69796087838344,230.33646,248.4462640913368,1.6297755453421847,7.911380432675884,46.28387334462707,211.60564103390908,328.53169761251604,97.57484126984127,222.21187363834423,335.20500000000004,439.9892857142857,496.2917361111111,16.78893566205101,53.034123654440904,151.30242857145032,396.7692250880991,411.6942539756851,8.830331,71.115265,155.71982,336.59695,439.3561
2024-06-21 12:00:00,Sommer_windy,30,historical,90.63333333333334,95.3,118.62560726492886,252.22690092262866,244.0960375257797,219.65738,237.1795589221927,4.846361197836866,18.550200545660182,73.35920466871872,242.26641251106452,353.6892342500086,39.407333333333334,144.0943722943723,256.84999999999997,429.7963095238095,512.456380952381,21.356980345634124,51.88226068952545,94.52296475626662,303.6723462781352,447.781933452921,9.706068,53.672585,135.01175,233.11304,389.90826
2024-06-21 13:00:00,Sommer_windy,30,historical,234.26666666666668,88.46666666666667,124.0493180461052,231.74332356503567,240.88406147799375,225.79198,228.2526341156919,6.035016458076855,23.046495449757835,69.88177787939232,242.94180678493834,354.76223946555984,12.409999999999998,107.3422619047619,226.33185185185187,385.3458333333333,492.0690476190477,20.15539873878734,51.55314270816759,107.368130426917,281.5931868096414,447.781933452921,8.960536,53.147118,124.712265,230.60133,367.974
2024-06-21 14:00:00,Sommer_windy,30,historical,295.76666666666665,63.03333333333333,123.39569388011228,252.96219578776424,264.352129512927,276.17114,221.1795081340882,5.771567991312877,23.338007877397466,67.0706094865861,240.9591842741099,365.4084304324983,85.95584615384618,167.8552083333333,276.5247863247863,385.30437499999994,491.72377777777785,17.953004210417134,59.97360447017824,155.05085844368824,308.30179657270395,455.583448263942,8.624173,65.353,159.2157,312.5426,425.23212
2024-06-21 15:00:00,Sommer_windy,30,historical,459.3333333333333,42.63333333333333,120.98012320959536,296.7455284246521,286.8429054534336,286.2017,215.57523563237532,5.275084714451647,22.769657453880672,56.62185028554251,230.6403606196136,366.4871438571879,158.3648484848485,232.98148148148144,353.817735042735,481.005303030303,546.8011904761904,20.909732951811154,70.38415581916082,194.1118040389941,305.52812971463476,444.63494971289316,10.1838665,72.764595,171.43274,327.37097,456.67947
2024-06-21 16:00:00,Sommer_windy,30,historical,518.7,22.866666666666667,120.2304137327931,257.5790370180485,284.48602741297873,291.78165,211.13477828919068,4.037512785909561,20.144268347597485,54.71783551489378,227.0796588680347,381.8666404589284,96.98651851851852,178.649358974359,336.0183333333333,485.3,554.3948717948717,17.841019673685203,59.27951691339256,120.79122266033042,286.9422488554594,469.6573164715557,7.3029695,67.96416,114.7263,327.51636,565.84534
2024-06-21 17:00:00,Sommer_windy,30,historical,463.8333333333333,1.6333333333333333,109.21044677894793,107.49009260099444,217.6141617421288,168.54686,207.6164534119671,1.6747538126132122,13.643741230730132,41.97670549992888,206.33279952365672,385.5644307864937,15.00366666666667,30.511309523809526,65.52250000000001,126.14259259259259,188.282303030303,15.978486225514095,86.04699967402188,121.30330061310441,137.18929703562503,385.1560030341515,6.8159657,77.41584,118.961365,164.14519,371.52637
2024-06-21 18:00:00,Sommer_windy,30,historical,579.7333333333333,38.36666666666667,142.108782006509,271.0887543129127,273.1906851220579,260.41342,204.82876482800597,2.6321268177246426,17.9209750251431,75.5689000689406,248.31963632450416,429.64024632124693,125.53733333333334,200.2968013468014,370.95842490842494,509.18452380952385,566.4000641025642,17.671281907438836,52.13057860710266,118.79949144360789,263.25989833854175,527.8849590354728,7.110681,54.21844,127.02333,294.68112,549.13403
2024-06-21 19:00:00,Sommer_windy,30,historical,326.93333333333334,151.46666666666667,191.834511861586,182.19876897865637,238.25053332071255,202.69525,202.6199844039235,4.991728967709031,26.17815688171868,122.51960117884913,304.04621393542385,478.59084233747853,32.62523809523809,79.18510101010101,124.69984848484847,186.305,332.22080952380963,26.45433083382565,40.439553948865765,105.46211331740244,216.084974543244,494.260019469088,13.938068,44.962933,129.05203,222.72794,419.964
2024-06-21 20:00:00,Sommer_windy,30,historical,850.8333333333334,166.73333333333332,199.2074593934566,179.39227422988202,238.25053332071255,205.75604,200.86989254988708,3.8344839855435593,23.002471738524306,128.206718539378,310.12562517679333,491.594277568424,19.830333333333336,56.62976190476191,111.66876456876457,174.7848484848485,282.3276515151515,26.45433083382565,56.22694399499242,103.90341036524812,225.33352337770353,492.31329381520084,13.071577,49.360565,124.06629,232.44885,408.8184
2024-06-21 21:00:00,Sommer_windy,30,historical,316.43333333333334,108.23333333333332,206.3664881196952,233.4906240125664,185.6701967269625,179.53352,199.4832352630995,2.8779087077393486,20.905356801916483,133.89996253038856,329.0501245816117,507.0825980296511,5.95257575757576,28.46833333333333,121.21640211640212,218.28291666666667,498.968666666667,4.5371915635856315,52.07734211550484,102.83353271283413,326.1505410065863,608.5771225765451,3.276476,23.805878,140.47112,303.378,507.1581
2024-06-21 22:00:00,Sommer_windy,30,historical,467.6333333333333,259.03333333333336,233.51280453456454,615.4278487087062,618.8848792037454,386.64304,198.38453953871058,3.915047389639656,23.45149072114913,154.51052870181977,343.84412062983733,516.5586452438145,102.62439393939395,396.45520833333336,657.9729166666667,803.1783653846155,880.7572380952382,10.413694217915749,70.42444624309627,325.8105382418827,440.11882146453286,735.4006874863695,3.5115707,48.349457,377.64853,519.1469,603.07983
2024-06-21 23:00:00,Sommer_windy,30,historical,758.4333333333333,930.1333333333332,224.08837761943727,500.99018668299993,427.85145233549775,423.98883,197.5140055539643,1.1589211740822192,8.54004829851917,144.84295676428164,220.33143940803126,458.82778536676904,191.54482142857142,397.26794871794874,644.0560606060606,790.2908771929824,877.1845000000001,9.887917668946166,63.370927107056175,335.47308892726534,407.54722161202744,558.6119571274717,16.823225,88.09251,406.78094,530.9162,708.9973
2017-10-03 00:00:00,Herbst_windy,30,historical,631.0666666666667,509.53333333333336,453.1463847868274,756.2727523351658,720.3584019933979,627.1231,620.188774210191,12.073630784852174,39.00926582590011,210.85832510981638,696.2773965817397,1106.0202070218797,169.66520833333337,620.6008333333334,991.2648148148148,1158.651515151515,1305.0976190476192,0.0,333.39959319818496,456.9650774503295,439.3844141104533,507.2061958133086,125.515335,222.01498,448.24667,543.5069,431.50342
2017-10-03 01:00:00,Herbst_windy,30,historical,655.0,349.6666666666667,413.99524987861616,546.4755702964229,352.6342403354007,355.08655,607.4532070520861,7.651746359266816,28.743005244733567,169.70951305961992,602.2286704746007,938.4744025841519,6.316805555555556,108.72087912087912,607.1750000000001,1061.1791666666666,1280.8570562770562,0.0,136.3030501944884,414.61346926783125,429.24182915614836,495.26088697178534,48.28669,157.72298,442.062,522.1518,421.05502
2017-10-03 02:00:00,Herbst_windy,30,historical,478.03333333333336,382.1,460.1566439131119,681.5013906971523,714.0360829986632,658.56903,595.7416304259941,9.617442669695581,32.383820525446524,188.60987963694794,637.1558197660984,1029.588256937163,88.42366096866097,412.2736607142857,951.1714285714285,1141.0975694444444,1302.4214166666666,0.0,328.76503229748516,460.734076326785,427.4198383923858,522.3608321597887,102.32408,203.1703,454.14865,516.4131,456.062
2017-10-03 03:00:00,Herbst_windy,30,historical,605.8,526.8,508.4765268799473,801.3733089807433,706.8773371248803,672.1468,584.6980738117534,14.501192300785991,42.719364016044366,230.56991332877345,728.0113541096941,1224.6508223260864,145.35242424242426,620.6008333333334,991.8428571428572,1161.1428703703702,1320.0116666666672,0.0,331.6827974263429,452.216430948406,496.75737405483005,527.5905465394995,109.3931,201.69455,477.67538,532.5487,542.0305
2017-10-03 04:00:00,Herbst_windy,30,historical,313.8,478.3333333333333,479.36374097848534,1172.3464510955362,1213.9257771175664,1093.298,574.1408934809938,12.798663260803643,38.95934960341592,211.19572156433077,695.4296910403109,1171.6207435279136,145.35242424242426,608.8541666666667,1139.9251602564102,1540.8955627705627,2031.3186904761903,0.0,331.76838244794243,459.2057865124891,496.75737405483005,502.6200633882803,109.4613,203.074,454.46625,805.41504,612.6707
2017-10-03 05:00:00,Herbst_windy,30,historical,190.13333333333333,592.3666666666667,529.686711456638,1836.1521488772037,1473.8192175960921,1391.5726,563.9752382642396,17.11324162947739,47.59580864315606,246.90008436299252,771.3691299260583,1353.1335989883294,922.9421666666666,1371.1489583333334,2034.5906746031744,2206.63,2291.472027290448,0.0,331.6827974263429,452.91084008725943,509.30183752762906,1625.3121247790882,116.37266,201.59825,468.96664,855.76294,1336.4166
2017-10-03 06:00:00,Herbst_windy,30,historical,135.86666666666667,436.06666666666666,497.05814462752454,1525.5104489213218,1664.872266468575,1442.7565,554.1495342692644,12.468276520580567,37.13426223679187,202.89080580539667,686.009684374056,1206.27036494257,106.02916666666668,426.40166666666676,2122.8592592592595,2254.055303030303,2306.5015151515154,0.0,306.1924640930096,465.7497398023243,521.3267941400828,834.150354219207,40.881382,166.138,473.66837,872.42566,773.6326
2017-10-03 07:00:00,Herbst_windy,30,historical,165.4,569.5,561.8268952857125,1868.776597859718,1624.2461859306084,1487.2943,544.6338504906643,16.89549422242705,46.73021005341065,242.89215137336092,781.8844328196927,1409.4851550550413,329.05,2049.8383333333336,2197.5340476190477,2293.101082251082,2312.5267424242425,0.0,306.1924640930096,449.59531831572514,528.8440569296298,1597.4655696180346,47.721317,149.98013,530.95416,905.1947,1259.689
2017-10-03 08:00:00,Herbst_windy,30,historical,100.43333333333334,516.1,553.4709286957152,1652.388209570155,1627.6871020055098,1424.433,535.4091410058537,15.51044788265368,43.26018517058574,227.4981762834678,756.3967755105049,1381.4486663012833,154.8306926406927,914.225,2186.1805555555557,2289.67375,2313.5330357142857,0.0,306.4049013681358,453.07416440292764,554.0282720093702,817.0460966467248,42.753662,151.26512,523.0719,890.8436,766.7494
2017-10-03 09:00:00,Herbst_windy,30,historical,314.3,552.7666666666667,581.7422020270512,1730.3369089100954,1523.9484613611803,1362.1584,526.4618937767658,16.872337208153173,46.04171366132845,239.1932950105142,789.9285394213923,1461.7536113705137,196.30984848484846,1102.336574074074,2209.4051282051287,2298.07,2317.0758333333333,0.0,285.5837813162754,453.1390255286642,519.7634316231602,929.5222691664861,44.93928,138.22226,522.1965,882.9525,791.1295
2017-10-03 10:00:00,Herbst_windy,30,historical,371.6,364.53333333333336,531.0216595882946,1575.7102551633698,1606.5635139195435,1414.5748,517.7814670570324,10.56054475967094,32.6900566496692,183.356367562841,689.0817521880954,1257.2122541586505,109.0112087912088,512.6541005291006,2168.567692307692,2280.097156084656,2314.4265277777777,0.0,282.0009226629397,461.38610184435794,512.2461688336132,929.5222691664861,40.639595,139.39958,455.52615,876.9781,814.4096
2017-10-03 11:00:00,Herbst_windy,30,historical,135.03333333333333,462.3333333333333,580.7828756972481,1719.6824173701964,1600.5248474840128,1434.2334,509.35876185126085,13.677725479406597,39.68271561955213,214.33739238532675,766.7127377458701,1406.5793801045847,235.1960858585859,972.0523504273503,2202.9294017094016,2297.2933333333335,2317.0758333333333,0.0,280.49640662793,461.7818579620662,503.2258220951965,898.743643358953,40.56289,138.25768,456.70132,873.951,839.08795
2017-10-03 12:00:00,Herbst_windy,30,historical,322.6333333333333,375.43333333333334,560.335724768459,1603.8943420079743,1594.3801579074059,1417.1735,501.18555859830155,10.6517716790697,33.44126833606687,189.25534939916076,724.7839816916273,1313.352478116858,114.09303030303032,565.5852813852814,2171.834632034632,2287.3224999999998,2314.7737777777775,0.0,280.91375756531335,461.7818579620662,502.03449802845716,898.743643358953,54.68157,139.2046,458.0243,873.951,779.8812
2017-10-03 13:00:00,Herbst_windy,30,historical,570.6,467.76666666666665,595.9456070725804,1714.9404323403141,1595.6726771510532,1420.2177,493.25418412570866,13.583245802709683,39.84301109814045,217.2013391252876,784.9418397014763,1429.0222945597943,257.7024242424243,972.0523504273503,2201.835897435897,2297.035,2317.0758333333333,0.0,351.47579748808545,461.9847502586703,503.2258220951965,898.130597886141,54.68157,139.3161,460.85867,873.951,797.01086
2017-10-03 14:00:00,Herbst_windy,30,historical,717.3333333333334,583.5333333333333,638.2576893888368,2055.5257180333747,1530.4985548111638,1409.0323,485.5573428724342,17.301143489115475,47.94577181238806,252.9887594238786,859.122551982589,1568.9889931204657,1972.0589047619053,2175.503333333333,2263.205641025641,2308.5088068181817,2320.457638888889,0.0,351.4111112756204,426.8806524694251,510.7430848847435,1608.349596387948,64.89676,137.15562,497.77313,884.3825,1332.5994
2017-10-03 15:00:00,Herbst_windy,30,historical,656.8666666666667,884.3333333333334,724.7561163824753,2117.755499498724,1486.53439642628,1407.6012,478.08802986074267,27.552436253516564,69.26856326773344,343.2020974553739,1030.9100721500224,1925.7453011654322,2101.3671794871793,2181.2303240740744,2262.0919047619045,2307.5114583333334,2319.038611111111,0.0,354.17562492927834,430.1627256973427,542.7482702413058,1608.349596387948,65.0503,144.78447,497.6619,974.0421,1371.7771
2017-10-03 16:00:00,Herbst_windy,30,historical,522.4333333333333,598.1,639.3603904002641,1988.575472663004,1467.9018551655681,1355.2028,470.8394843962943,17.46886750135351,48.5866110160672,259.1038316490343,863.4056695271113,1551.6299857149372,1890.5961904761907,2139.0574337121216,2237.857852564103,2301.3463492063493,2317.0758333333333,0.0,372.4400353203811,426.8806524694251,514.1718798323107,1561.8980729492484,65.3287,148.50508,497.8063,881.8309,1255.6467
2017-10-03 17:00:00,Herbst_windy,30,historical,675.1,973.3,745.3964595037036,2055.1594250939625,1451.1279695701026,1360.3541,463.8051641030769,30.29913894783125,75.33952923020101,372.84663993044046,1079.7236031837476,1995.6405346934055,1996.4838425925925,2118.0261904761905,2202.9294017094016,2286.3902777777776,2307.97875,0.0,374.47121744992,430.1627256973427,521.7704509297917,1561.8980729492484,67.24496,163.31702,505.07407,951.29126,1363.2977
2017-10-03 18:00:00,Herbst_windy,30,historical,556.9,995.4,747.1242157706693,2044.7503606278726,1424.5945742710194,1320.3989,456.97872915349643,30.887791781305836,76.74785758927368,380.78293558133015,1087.697446831282,1995.6254980034325,1892.8480423280425,2079.4142857142856,2186.791666666667,2275.3580769230766,2306.4333333333334,0.0,374.47121744992,430.1627256973427,510.3730297817354,1547.1436475232063,67.36188,178.59305,505.07407,951.03827,1339.4445
2017-10-03 19:00:00,Herbst_windy,30,historical,392.73333333333335,920.8666666666668,717.3528642994504,1908.3762457469202,1330.9693230093212,1248.6171,450.3540316508537,28.156427614346935,71.15934916267793,358.64023948853816,1032.0875150192453,1867.0025057006508,1141.8712820512822,1590.0025462962963,2134.7491666666665,2272.035909090909,2306.469393939394,0.0,398.19334734563625,386.487698330986,496.8207559904162,1529.8686290800026,136.05162,200.24677,413.73767,870.4643,1338.0319
2017-10-03 20:00:00,Herbst_windy,30,historical,465.9,707.4666666666667,644.5117300940461,1546.2548345636585,1049.3033237565826,958.75494,443.9251076550632,20.574765921461356,55.584341970185704,294.4306293685322,895.773994428084,1565.0986176727279,996.2886666666666,1088.259393939394,1255.9037037037037,1970.4192129629632,2278.2869658119657,0.0,397.2646687437268,424.30723661569243,465.77693473315236,1171.4590186418893,141.62254,202.97981,445.34576,732.73883,1121.3608
2017-10-03 21:00:00,Herbst_windy,30,historical,520.8666666666667,619.6666666666666,578.8968011489958,985.4229474530979,653.4889807883576,578.0624,437.6861706019536,17.092527358247985,48.41949003341398,261.699147299091,821.3895791199795,1398.6155801493278,863.8920833333334,950.1786630036628,1058.3497354497354,1216.033888888889,1393.094,0.0,399.0531164013247,424.56351522296853,485.7382366752642,745.5982467811918,142.39622,198.78986,440.2575,476.1326,633.5912
2017-10-03 22:00:00,Herbst_windy,30,historical,549.7333333333333,528.3666666666667,532.917416172491,753.7655118782252,646.4412238800866,507.72937,431.6316054926167,13.215951493475675,41.04045859169823,229.3862758206733,757.2421882242313,1239.3340634324654,197.96154761904762,625.0958333333334,991.8428571428572,1159.9793434343435,1309.9441269841275,0.0,402.9730633615974,426.1202780505624,427.95340963433557,498.5780156690166,136.81134,210.53702,440.2575,483.3078,427.6682
2017-10-03 23:00:00,Herbst_windy,30,historical,243.56666666666663,611.0,535.8380613588,927.8332753537762,630.1325772257103,526.4653,425.7559635405773,15.850790698251409,46.50956750770088,250.1629339387425,789.85537575524,1308.1824097760073,882.0020346320346,959.8529761904762,1071.1898148148148,1218.6902777777777,1402.873878787879,0.0,402.9730633615974,426.1202780505624,425.2443098806241,578.002721084727,144.49663,212.57816,433.60236,483.23553,575.1833
2018-02-18 00:00:00,Winter_calm,90,historical,668.6,30.5,399.39956482584546,967.4138829111517,782.7457814162044,805.9296,542.1142298514732,43.29480485452263,167.7443711587686,376.46290659738736,639.8697829642217,961.6924625845517,432.39666666666665,720.4029487179487,1047.621875,1371.7672275641025,1865.9330484330487,126.87729132713106,250.2034520064545,537.1737110557876,923.4897831026236,1062.6515349349374,129.50124,273.71823,492.2342,966.7266,1132.5719
2018-02-18 01:00:00,Winter_calm,90,historical,467.0,131.06666666666666,448.9367357889175,1022.5704403908993,785.2752855077464,837.23914,547.9633746499426,49.32528773717922,198.88741922507168,440.66018312453116,668.2032282122167,968.4371679408406,580.3752777777778,838.5192307692308,1140.1941558441558,1438.2520833333333,1865.9330484330487,120.70362297239441,189.49359935500806,527.4239773296232,921.7746321561787,1184.6662371204438,124.26742,235.67105,437.8571,993.0386,1230.6318
2018-02-18 02:00:00,Winter_calm,90,historical,409.2,91.5,437.328177856734,991.8945317269173,785.2752855077464,790.7428,551.8924483840096,46.087884199404996,192.35608861595773,425.5293886408297,644.0714332742709,937.0498902301143,486.29946428571435,759.1816666666666,1063.1771428571428,1375.2035714285712,1865.9330484330487,120.93234653862471,194.24755679220135,526.3005189511874,917.688874487374,1162.0464830686772,126.97549,238.54071,446.627,963.49445,1113.3127
2018-02-18 03:00:00,Winter_calm,90,historical,226.36666666666667,135.3,455.76383422313455,1031.097974396356,785.2752855077464,862.56354,555.3162249407324,48.33386833958152,202.43136166928588,448.53929504318336,654.7642216193804,934.093062405266,542.6347916666666,889.1416666666667,1187.5533882783882,1451.1270833333333,1865.9330484330487,120.61502543227171,195.48574214866545,527.4239773296232,918.4896143448966,1213.5676033721268,123.47451,240.88002,437.8571,1010.7348,1243.7362
2018-02-18 04:00:00,Winter_calm,90,historical,187.76666666666668,250.8,491.3337647057329,1153.4597958909878,1041.5897043578489,1119.0979,558.4879479721294,56.51317159045854,223.24073555505836,493.73247379827507,697.6087720733481,960.8606689308924,721.2671759259259,1035.1663095238096,1276.9141774891773,1630.986038961039,1946.6763703703705,75.29080597673389,282.89364567060494,535.5673151247692,1055.4196144768373,1567.780283499714,73.14404,287.0299,510.07657,1100.5454,1547.1964
2018-02-18 05:00:00,Winter_calm,90,historical,167.36666666666667,180.0,466.9885627727087,1068.9706642672768,960.3896362433604,1032.3799,561.4610003317093,50.60139301742505,203.2825848682484,457.7313277467694,675.3728419471545,939.9361604910592,695.2973214285714,967.8429487179487,1201.8215277777779,1404.051984126984,1779.558787878788,52.28934368146452,217.09304770743654,519.5084570630578,1055.4196144768373,1340.1016689637663,60.582073,229.62997,511.77408,1076.2559,1387.7914
2018-02-18 06:00:00,Winter_calm,90,historical,105.66666666666669,234.63333333333333,478.1401621779093,1033.6757736784211,1030.184458155431,1103.9564,564.2538867546626,52.70137053839243,206.58337769227182,471.56168769611895,686.5493802301011,938.964971604293,578.6788095238095,892.9017992424243,1119.5638888888889,1321.0387179487182,1718.9226623376624,82.14018758244639,284.46134211821806,531.8106752260967,998.7455125676539,1477.9959294293544,92.43911,309.01175,494.06497,1034.6387,1485.3456
2018-02-18 07:00:00,Winter_calm,90,historical,136.86666666666667,274.56666666666666,487.3872524539778,992.6654063040987,1030.184458155431,1103.9564,566.878567470521,53.84467584461003,206.54105578725515,480.3850782507494,701.6185289065326,948.2774093948001,464.2531318681319,727.3351851851853,1059.8541666666667,1295.2015151515152,1664.7827878787893,162.8038024878691,278.71889305896167,529.3419801163787,960.6869650722726,1335.0901320920277,163.46358,316.84995,498.059,1008.182,1396.1292
2018-02-18 08:00:00,Winter_calm,90,historical,165.8,298.3666666666667,497.1690747717191,955.7508553923029,1030.184458155431,1095.5104,569.345351766318,53.845720014191144,204.800930375871,487.57284065436005,720.3066986173106,966.0617079033334,346.5973333333333,595.0348484848485,1008.2458333333334,1273.7545454545455,1671.431287878789,165.87062825381204,268.41984961440124,528.9395815236998,993.4652315790104,1316.8205483410918,162.56981,313.39468,487.05423,1025.2852,1389.4967
2018-02-18 09:00:00,Winter_calm,90,historical,103.86666666666666,358.1,504.4998431728034,1022.6810413622048,1026.355685534641,1135.7007,571.6637691065532,57.579133662509136,205.41084102380262,494.97565089654154,746.5190789258213,990.6570657855182,346.5973333333333,652.2139285714286,1061.3238095238096,1334.8389015151515,1835.5035897435905,174.06104052793478,257.7086085739088,521.733366831057,960.6869650722726,1203.5832794289731,163.36705,305.85736,517.02167,1008.182,1417.32
2018-02-18 10:00:00,Winter_calm,90,historical,41.4,257.96666666666664,483.88738513863024,911.765939980706,1026.355685534641,1078.8516,573.842748417026,48.36170568503012,181.550618938655,458.64031785484894,730.7965852022311,990.8577155085345,308.72575757575754,526.4643518518519,953.4291245791245,1259.0911706349207,1624.2244642857145,132.03577791009997,239.95861532431246,522.8568252094927,996.2296217636864,1402.7978328044137,134.28491,262.31,473.10233,1025.2852,1495.9829
2018-02-18 11:00:00,Winter_calm,90,historical,110.2,337.93333333333334,512.6442366092375,882.335715220219,1026.355685534641,1089.7131,575.8906769092591,53.405204254870235,192.67882203851687,491.50427443830336,779.7266605916124,1044.079970125972,269.9844166666667,533.2182407407406,918.3435185185185,1237.000925925926,1755.9205555555563,83.37314446182673,233.23754656125848,522.8568252094927,1072.7029303715065,1422.1517329886544,74.40421,246.14658,486.73703,1083.121,1501.8732
2018-02-18 12:00:00,Winter_calm,90,historical,53.96666666666667,502.1,549.699589280291,1003.9258301732493,1114.7147917168777,1070.1788,577.8154365554193,65.9553988255521,215.10353458565,542.6007666964178,848.9258201436014,1112.6074903241613,606.2716666666666,826.2629761904761,996.7106944444445,1153.2619047619048,1360.0488095238097,83.32970569701358,352.0940684892981,627.6630994116774,1084.3223749071335,1426.7700770695146,100.97687,383.71057,680.13824,1067.701,1510.0928
2018-02-18 13:00:00,Winter_calm,90,historical,57.8,538.4,560.3856659745373,968.9256186360223,1052.5490057133068,1107.224,579.6244351429741,68.56751605499964,217.96416067239852,554.765643483026,878.1039585684082,1153.6137631640597,642.4350320512821,816.9659090909091,970.180787037037,1118.5034090909091,1336.6199761904763,83.32970569701358,352.0940684892981,627.6630994116774,1084.3223749071335,1457.3417809641917,101.34824,378.5832,695.30817,1067.701,1524.2954
2018-02-18 14:00:00,Winter_calm,90,historical,33.733333333333334,227.13333333333333,492.7638721181026,882.469435586834,1047.5873279366122,1110.2577,581.3246349082121,43.372932934457154,162.2835537204859,456.14765475391965,794.4508428002283,1110.2038923511768,315.0602350427351,533.2182407407406,911.0535714285713,1232.1148148148147,1540.578904761905,138.1811213034493,236.13353538472026,521.733366831057,996.7502493902924,1411.943603224066,134.62875,262.48654,473.80072,1029.462,1503.9304
2018-02-18 15:00:00,Winter_calm,90,historical,23.566666666666663,174.13333333333333,482.54088023500015,821.2876816950951,796.4946518947849,996.78424,582.9225793527323,39.53118908002418,153.14246469860714,443.5479664124822,791.1592279261833,1123.8770601553847,342.3280833333334,544.313449754902,867.1592592592593,1178.6880341880342,1416.9164285714287,165.73675714787274,249.59332405430789,505.67450876934566,984.6805223703703,1124.791055202237,163.71088,278.0665,478.49405,1030.67,1227.4077
2018-02-18 16:00:00,Winter_calm,90,historical,26.466666666666665,320.03333333333336,528.8080208997519,861.5719711219991,1051.4161005574022,1131.4043,584.4244184308264,51.19935871895285,184.16293954881104,511.25965953434076,856.457648376392,1189.0828823486754,314.9947350427351,497.8094444444444,830.5708333333334,1184.4960897435897,1590.2501785714292,177.57877839726396,262.07146589741166,525.9214579576783,963.9719828835547,1220.165820878477,163.52634,292.46307,496.48172,971.14014,1340.7896
2018-02-18 17:00:00,Winter_calm,90,historical,55.766666666666666,297.46666666666664,525.5588008520323,851.055996704414,1028.2510186280738,979.8869,585.8359322192201,50.620441721635274,183.3063914690693,512.0705376886751,861.154310744416,1207.3221091068058,342.85475,585.9817460317461,907.1138562091505,1229.9458333333334,1468.2170370370382,175.46109438500108,276.06676591277596,519.7620606218151,932.4430290385978,1186.0480035755536,164.86421,296.80536,510.7785,892.8027,1156.762
2018-02-18 18:00:00,Winter_calm,90,historical,24.166666666666668,553.4666666666667,580.8089314497978,895.127505469808,765.0617649262009,940.5759,587.1625531627634,73.02758787887531,231.81961511631314,597.0922921652744,942.2068251199048,1274.456156700354,560.7327380952381,732.2116666666666,870.3819444444443,1075.4995265151515,1271.4587500000002,167.16331014220188,364.9945344264661,671.5285012592095,1045.2514675067493,1363.0673230273992,180.51242,374.14062,708.5024,909.78937,1305.2346
2018-02-18 19:00:00,Winter_calm,90,historical,111.53333333333332,855.1,643.4803694852286,909.5128668118388,852.9089298420569,798.4293,588.4093869821138,99.26710577389166,288.5872128947527,692.6886162408416,1028.6792868975838,1340.5455030821768,467.95081481481486,684.7166666666667,807.9948412698412,926.0514880952381,1137.6471794871798,269.2232713664681,585.0561739588833,753.1852401401596,991.3216690394994,1326.7842665019696,279.37912,525.1358,778.17816,940.3413,1377.2516
2018-02-18 20:00:00,Winter_calm,90,historical,51.6,683.3,613.5060461108119,848.4370999052328,765.0617649262009,821.86237,589.5812323239518,86.54009292025754,268.7438535230964,649.4680822935557,972.4506367442557,1302.2374332497907,418.30966666666666,627.1492559523808,795.5695707070707,909.4785714285715,1116.3959294871802,249.36399466331804,418.261806412633,658.4479784052509,953.1746217476232,1366.0487290782753,222.88893,372.88135,672.37054,917.9628,1310.4968
2018-02-18 21:00:00,Winter_calm,90,historical,72.43333333333334,480.26666666666665,572.9193212368857,755.0605348233851,748.815853126918,793.0235,590.6825992293691,71.36849874805517,242.42816955668272,592.9962139889553,901.4812541721785,1247.7132700478917,278.43916666666667,477.5366071428571,738.2627314814815,958.7277777777776,1195.7684722222225,167.16331014220188,357.55172737457355,490.90526104823476,947.882750221416,1320.4421902864294,188.20128,360.2813,575.3306,914.6362,1251.7395
2018-02-18 22:00:00,Winter_calm,90,historical,63.266666666666666,556.2666666666667,593.2625041538932,816.8711832599132,756.9385099632298,833.4187,591.7177264915093,78.49943764327277,263.8178362229055,626.1963721842521,914.5644204618969,1248.7088232247975,336.5747619047619,604.0354166666666,820.9883333333332,979.9505952380953,1188.7682051282054,154.06033931169685,368.5154394313554,617.1174300997529,953.1746217476232,1334.1843592712075,187.69409,355.65698,651.04425,914.6362,1265.3483
2018-02-18 23:00:00,Winter_calm,90,historical,46.53333333333333,545.5333333333333,583.9578445318122,813.2517802181678,747.6880321603275,816.1154,592.690597969266,79.15136810789434,265.2475114104629,618.7776590673037,895.624661750328,1224.5462053144945,279.5315151515151,594.9146825396825,821.4954166666666,1020.3705357142857,1221.796666666667,167.16331014220188,355.844958555932,481.59707313006817,953.1746217476232,1327.6109089127615,190.44295,358.2981,581.4843,914.6362,1214.2947
2022-12-01 00:00:00,Winter_average,90,historical,98.53333333333332,1.4333333333333331,214.20875725132586,185.43302639260585,186.714294035215,180.93985,90.64961419238469,0.0,18.324798790789675,118.48619486722585,325.10867101505335,580.6169875973911,26.773703703703703,63.77,129.07445887445888,272.0418154761905,421.128181818182,0.0,22.200372733648365,79.9677261915538,248.721245703962,509.6649528848006,0.6057737,25.761715,95.84392,224.27966,479.56113
2022-12-01 01:00:00,Winter_average,90,historical,160.63333333333333,0.0333333333333333,205.24631134361925,149.7231254187388,186.11874900601745,230.7869,111.63645457615613,0.0,17.815506292552886,109.37119638668968,305.1603430763546,568.2092092510051,23.889379084967327,65.43501082251082,130.24428571428572,229.38653846153846,388.9212727272727,0.0,15.881576285557328,54.79190594651455,248.721245703962,520.7951159165502,0.998781,21.517132,101.568794,213.53107,466.60294
2022-12-01 02:00:00,Winter_average,90,historical,121.56666666666666,0.1,206.0729439227675,170.82124126449517,334.1080492206798,223.86887,124.33425346162525,0.0,20.356982610298644,115.09820553859701,309.2414563655807,572.1921007014753,22.433838383838385,66.22958333333332,138.9690909090909,268.3775297619047,497.7303333333333,0.0,23.049764938217944,81.56157356544715,244.8406479891496,514.7963941214003,1.5880058,24.512028,113.825134,212.06921,437.5607
2022-12-01 03:00:00,Winter_average,90,historical,101.5,1.4,207.29338817109507,174.0221383320577,249.82639749242864,210.5648,134.47684097222967,0.0,23.593612828951958,120.69816052340306,311.33574102903805,579.8753336842565,17.872424242424245,56.47651515151515,152.05277777777778,378.4206168831169,589.262393939394,0.0,22.655454431762973,100.98774065407041,338.1963364196195,526.4229774547338,1.59996,27.43369,100.573265,243.12152,473.57376
2022-12-01 04:00:00,Winter_average,90,historical,102.53333333333332,1.6333333333333333,205.14971648184638,218.89367344712252,285.43902236832264,337.68542,143.41716194205543,0.45529783172739813,26.16849617588612,120.50522093319051,302.87939429310126,585.0127900756556,22.435276292335118,74.00448717948719,262.50454545454545,486.8531144781145,698.6299404761907,0.0,23.81404629317619,112.63281107361938,348.37456170689103,665.1239137486069,1.6269497,28.639774,129.65356,304.20105,609.98737
2022-12-01 05:00:00,Winter_average,90,historical,102.36666666666666,1.3333333333333333,208.1535882434939,201.97908580022144,322.09393595796234,314.45978,151.5143501762959,1.1582448365009839,29.922103113107028,127.75388355734184,307.10617379853176,597.7133113018721,18.324384615384616,70.65929487179487,239.73863636363635,479.07,650.9308484848485,0.0,23.81404629317619,97.23669770636062,334.1068226603027,629.0398118236063,2.0108325,26.053091,115.8853,300.33792,544.9319
2022-12-01 06:00:00,Winter_average,90,historical,116.06666666666666,7.3,212.44467958689066,203.86598849612477,314.14860194009594,326.3571,158.89861605741706,1.8874741524924032,33.79158301528549,135.4218392801493,312.8904698778518,612.4554840769213,17.15504761904762,61.880048076923075,250.08557692307696,470.5086904761905,689.1505952380955,0.0,28.813244047956765,108.88176812590959,344.28504794757424,614.5687482060813,3.18004,31.54241,120.370575,285.33643,580.71826
2022-12-01 07:00:00,Winter_average,90,historical,227.9,5.7,206.99842014996773,201.8706868466826,312.26776567847895,319.29282,165.64427688995502,2.302664513711694,34.96100825336115,128.92946630419814,292.65508564535673,610.917867741568,17.083703703703705,61.01104166666667,261.94124999999997,470.5086904761905,698.2402380952382,0.0,28.813244047956765,105.3234751882833,344.28504794757424,614.5687482060813,5.595658,31.09184,119.43111,318.48605,549.3847
2022-12-01 08:00:00,Winter_average,90,historical,313.8,4.666666666666667,206.58091810622602,198.8052502920891,317.63556951556694,312.27524,171.80917262030428,2.8014659991322652,37.0843565743149,128.68224251723382,284.0673531528986,617.3195533751765,14.788095238095236,43.68611111111111,214.95618055555553,465.79583333333335,698.2402380952382,3.7693091293070458,28.813244047956765,104.71102069835527,341.56943347606983,614.5687482060813,5.390646,31.757992,126.20777,287.70938,549.3847
2022-12-01 09:00:00,Winter_average,90,historical,331.9,19.5,215.681441373253,237.16519242142374,321.4831787539293,345.04657,177.44389389539538,3.4281914760502126,41.14553617467681,138.69532219284008,297.20611461683643,640.3618713162983,17.687190476190473,56.188906926406915,270.0090909090909,554.5036111111111,758.1033333333336,4.785447802980842,32.86469641392292,109.13786681553607,332.3139197921534,649.6192063655839,5.9250336,31.056215,135.59569,299.56018,614.4925
2022-12-01 10:00:00,Winter_average,90,historical,327.0,9.833333333333334,209.7266308970306,207.56696086801688,277.5646799685434,244.36508,182.5941683091441,3.5355460796381437,40.748677864950565,129.28957407357592,273.88472486415105,635.5246554776946,12.919,30.687229437229433,94.75972222222221,466.32250000000005,745.3856410256412,4.785447802980842,28.991464512846893,102.37613038940177,344.0490222896143,646.1504477995692,7.5272365,32.631138,119.32368,287.29782,609.88464
2022-12-01 11:00:00,Winter_average,90,historical,279.2,14.133333333333333,214.16455409906465,219.23840066633943,277.33624871644923,255.31807,187.3016763806368,3.778926150435505,42.360658770170446,132.9946394605895,276.81365866890167,645.1489267507428,11.937803030303032,31.325000000000003,146.56285714285715,502.25824786324785,794.7008333333334,4.416567650944894,28.991464512846893,113.20758319227801,344.0490222896143,646.1504477995692,7.2540174,34.126713,108.505424,285.18137,609.88464
2022-12-01 12:00:00,Winter_average,90,historical,286.06666666666666,1.0,209.01926200560075,189.5648526673303,317.63556951556694,300.33505,191.60448927914774,3.627290795967995,40.94819545034443,124.92850495899923,257.3435003609037,634.9495409984331,18.83948717948718,49.87542087542087,169.0988888888889,466.32250000000005,663.2320833333333,3.6865219561803073,20.628240595442303,111.18433769135929,333.8707970023428,622.8858190735456,6.8721128,30.838354,110.77378,258.9586,572.4297
2022-12-01 13:00:00,Winter_average,90,historical,323.2,6.133333333333334,217.11222113133127,203.94368945289355,314.7188997041982,325.52295,195.53739938049048,3.6715767874882377,42.13154939441018,133.11196591640405,272.18250906679697,645.9482430401988,23.360128205128213,51.355341880341875,207.21925925925927,510.95,698.457619047619,4.220492617483056,25.627438350222878,145.81913447096613,344.0490222896143,649.3466061889112,9.134528,36.15528,116.97515,293.53342,622.4211
2022-12-01 14:00:00,Winter_average,90,historical,416.5,6.166666666666667,208.22905516632042,204.07455653035856,311.7244546927438,348.01144,199.1322067116081,3.092506644632157,39.40385431122549,118.5824074405869,242.8699757726638,625.0618311395456,38.2801923076923,98.76858974358976,266.30863095238095,502.25824786324785,688.3772222222224,4.589372769519004,27.470620709025166,153.17347614924336,343.5330557406702,649.3466061889112,9.143179,36.43401,137.28624,313.73505,636.54834
2022-12-01 15:00:00,Winter_average,90,historical,431.56666666666666,0.0,199.3618931786859,147.79341097778513,268.945053883295,277.90564,202.4179772279881,2.429588377611256,36.52217562377358,105.64591873388943,215.54568538454856,601.1936167086614,18.043607843137266,47.502272727272725,106.2861111111111,217.04729166666664,521.2126190476198,4.705504038986425,10.252626751111215,107.95726883152389,321.24202987620737,680.1015234239618,7.033202,15.586583,160.71829,275.45792,570.39557
2022-12-01 16:00:00,Winter_average,90,historical,571.2333333333333,2.3,234.05008288239034,206.83090144095397,308.89354999834,295.0017,205.42127808812847,2.9263856124503738,41.997999976662925,151.09806208164042,307.6021417493123,654.2096492713205,18.79555555555556,66.48528138528138,235.76398809523812,499.31089743589746,681.9763888888891,4.182828404940724,21.76539072810319,125.21915506100481,340.19162625605264,572.7829162720525,7.8714976,29.168295,131.42,282.5723,508.4175
2022-12-01 17:00:00,Winter_average,90,historical,505.0,28.466666666666665,250.67915868927827,255.50459965469017,317.2134519024741,362.4555,208.16639252159476,2.76045700345833,44.23029746203635,169.1954946739255,347.869473670942,676.456261113257,41.90943181818182,114.76199633699636,357.9487179487179,591.929428904429,725.7372527472529,0.0,29.75372742526395,126.72319367193374,343.30847855984723,624.0428637375179,18.64662,46.61945,167.82169,313.57037,624.3927
2022-12-01 18:00:00,Winter_average,90,historical,519.5,74.13333333333334,271.5189489485028,319.70851740544293,299.401641370101,290.9921,210.6755161846717,2.6689183618910435,47.96728365177406,192.57013291873136,398.11414686425314,704.318260491699,110.08356060606062,255.51833333333332,429.4404761904762,593.6336111111111,708.7224675324677,0.0,73.70342535509785,171.5141447135019,387.155190695273,642.3662490549061,19.770353,90.60553,237.76654,358.76385,649.75555
2022-12-01 19:00:00,Winter_average,90,historical,589.8,79.93333333333334,274.7699400010131,325.0336243792506,312.55625737660534,265.7271,212.96893662660878,2.1791805799126833,46.41038145256025,195.72551635403914,411.9890944254857,701.736277538715,110.08356060606062,248.9394444444444,400.67083333333335,564.396875,707.9032967032966,0.0,29.123651101731028,194.28319416509905,414.47090760257964,642.3662490549061,16.557314,45.68781,275.91846,396.92194,658.0792
2022-12-01 20:00:00,Winter_average,90,historical,425.8333333333333,125.63333333333334,288.092599385155,334.8215938047176,402.9377169228304,366.29947,215.0651973255173,1.976999082649196,49.04910142330175,210.84843449913097,445.5962522530324,716.4727138488257,68.02214285714287,159.7123511904762,346.8041666666667,540.8116477272727,688.7000606060607,0.0,29.75372742526395,214.70350972652147,567.892408461811,817.1860943213301,16.617208,50.059765,285.59784,536.1052,782.3223
2022-12-01 21:00:00,Winter_average,90,historical,339.3,144.36666666666667,294.8206706814399,338.23114249305183,406.76444549083266,376.88828,216.9812476220344,1.7426242953861166,49.81408177630835,219.7331681891559,467.215419090164,721.8343144326495,65.40228291316528,151.00046296296296,338.58095238095234,541.5993055555556,704.3691666666667,0.0,38.733833638710145,214.70350972652147,567.892408461811,805.8952535981798,8.512889,49.055943,280.64597,533.35156,787.1487
2022-12-01 22:00:00,Winter_average,90,historical,394.96666666666664,124.53333333333332,290.5683154981524,311.60024477990146,395.4105103813535,326.7176,218.73257976345167,1.3934393834880852,47.414506833198296,217.00484932306205,466.64442200083903,710.9727664786672,28.207222222222224,87.56527777777777,250.72670454545454,477.14375,624.9277777777783,0.0,29.123651101731028,214.70350972652147,567.892408461811,816.4158030150655,16.208305,50.249104,279.91577,533.35156,764.2876
2022-12-01 23:00:00,Winter_average,90,historical,416.46666666666664,77.93333333333334,278.27030365370086,316.0812202307205,311.9603051893463,256.01627,220.33335416647094,0.9802763365243679,42.7678199275531,204.78901425345458,448.0370092443887,690.1654559145472,97.7638961038961,238.6980769230769,386.72962962962964,539.96875,698.713511904762,0.0,71.75145346827276,201.54642109571395,418.355055349877,653.1269909564838,15.693241,77.43718,239.95102,396.06998,684.29517
2019-01-30 00:00:00,Winter_windy,90,historical,748.4333333333333,969.2,548.5294794595306,357.1591189229907,405.91999632633645,416.24783,741.5901318703134,74.73242868140468,207.16332035836928,476.9212038330129,770.4588280319776,1115.7093592990448,104.28833333333334,147.79711538461538,282.52460317460316,582.4503472222223,782.6216666666666,90.26383566635707,177.3921876797295,482.8634641476615,729.3681538444026,925.8689023819393,94.85998,165.47202,416.28247,771.1949,937.8146
2019-01-30 01:00:00,Winter_windy,90,historical,572.8333333333334,733.1333333333333,458.43018209444597,271.3721520762876,326.4172847787378,302.3242,722.3517877333129,53.79337957024665,155.4688575234077,381.95987841945094,640.7719187764038,990.5008148518461,57.185757575757584,74.27041666666666,142.11318681318681,301.0970238095239,561.5834166666666,52.426164610334695,118.48748760919158,355.6701332224205,639.9783172735064,803.6090068315157,46.55029,90.60691,287.07,658.8503,709.95447
2019-01-30 02:00:00,Winter_windy,90,historical,569.2333333333333,456.26666666666665,339.588512960682,408.5536844385752,241.6241474634383,260.7982,710.4575162358665,26.43191731097363,90.31215079322362,264.47943155530487,457.6234872160137,772.8391950286978,117.29666666666668,184.6266369047619,307.8382154882155,544.846875,786.2658974358975,30.9455557030283,60.880552994141354,228.19285202278553,474.3794759738172,753.2914615839273,37.8293,61.497784,199.4072,423.191,618.7654
2019-01-30 03:00:00,Winter_windy,90,historical,686.1333333333333,472.3666666666667,343.00011484458065,379.9198684400895,242.66497001937185,233.93439,701.6923592937558,26.644352830960592,86.6385685016819,264.23247959180446,462.1261826698128,777.070567628957,117.29666666666668,171.05,295.9291666666667,502.1090945512821,720.3774945533769,30.9455557030283,57.73575226717329,228.19285202278553,464.28709890536567,699.0600198485868,37.8293,61.443874,198.2814,408.85794,560.4169
2019-01-30 04:00:00,Winter_windy,90,historical,523.7,509.03333333333336,354.5404720170253,362.2599476482418,180.98209220125932,188.67418,694.3343023697685,31.903670285210275,92.21033326256233,270.83803697258605,480.9887322110891,814.9774874783259,116.31871794871795,161.1555882352941,272.7729691876751,471.11791666666664,684.2263888888891,30.9455557030283,65.80674799414136,228.19285202278553,457.5738859514627,414.50219558470087,37.674923,70.1556,183.47455,390.32938,388.86356
2019-01-30 05:00:00,Winter_windy,90,historical,1098.3,362.03333333333336,284.6182830653361,236.22849405990647,160.78700249496316,205.347,687.6772477688344,20.455054968297326,59.845337062946314,199.19248171409828,369.75870051687957,697.1029032568495,105.52944444444447,137.03352272727273,210.42843915343911,300.52755681818184,501.5145384615387,32.51586973936897,69.66218620437078,176.0666353703089,155.96861439434122,156.0240893058356,30.995779,66.930565,167.77917,150.6975,196.29562
2019-01-30 06:00:00,Winter_windy,90,historical,687.9666666666667,349.03333333333336,263.3201986216329,258.61859506493056,131.32317777146702,189.37096,681.4291880233841,30.726374633338878,71.87569643943228,182.03810100510282,339.7218498523782,707.9840538343783,133.58689814814815,162.15833333333333,213.00277777777777,293.5606570512821,448.7093452380953,32.51586973936897,69.66218620437078,171.11070123072557,106.71717902552699,156.0240893058356,30.841787,69.711914,164.72586,133.68874,190.88356
2019-01-30 07:00:00,Winter_windy,90,historical,733.5666666666667,426.43333333333334,305.6246576932397,397.33800771617445,155.17581672523613,251.90015,675.4669837867557,39.46072795658788,85.76826518581471,204.1179363350923,405.0377837263343,823.3676403432708,136.15200000000002,185.20218253968255,304.3447619047619,544.6435185185185,829.6409615384621,30.9455557030283,62.42841272457217,212.18575791565914,341.5050093565621,254.92532199657933,38.238457,64.225235,217.33652,284.0809,302.02597
2019-01-30 08:00:00,Winter_windy,90,historical,562.9666666666667,233.2,198.903676276655,209.19892617391997,120.57844034168814,146.63329,669.7364420562149,33.53715351638412,63.11666946733827,111.93205750619592,237.82322253462758,657.6836343241104,123.81847222222223,150.53095238095239,181.97203703703704,237.35059523809522,331.7944212962965,39.00038750700018,71.01718753651015,165.56377758167173,91.13388982871088,174.9455740912672,31.958174,69.711914,191.59717,88.10311,218.89917
2019-01-30 09:00:00,Winter_windy,90,historical,559.4666666666667,296.06666666666666,230.28993863582468,201.84732766606157,72.71728418450583,109.57826,664.2115978534082,34.1679529007019,65.20579415609078,127.53159672845803,275.37233939339967,693.6064713082777,115.63522222222221,137.63381410256412,172.93425925925925,216.063468013468,295.4452976190477,33.94137405332736,68.02968760255453,115.128099147157,91.13388982871088,156.0240893058356,29.785524,84.78346,136.98245,73.864784,190.88356
2019-01-30 10:00:00,Winter_windy,90,historical,647.7333333333333,164.4,156.4899151501067,186.06231890220337,54.678869637075856,96.72621,658.8781187872567,29.001734966000047,49.61647185231314,64.37577902280145,156.19218352583744,565.1178872148741,83.61699999999999,117.62090017825312,156.98611111111111,207.11923076923074,297.86958333333337,30.66705443275331,58.78000617978066,107.32546948281943,91.13388982871088,156.0240893058356,26.902716,63.890347,94.47873,61.445015,201.70235
2019-01-30 11:00:00,Winter_windy,90,historical,534.5333333333333,124.9,136.7183220906628,175.1339642743865,57.013533405777935,92.36187,653.7265387511084,23.49142050291465,39.46393763907305,43.28169213840391,118.56575425643496,509.5769395982911,72.92814814814817,108.47187500000001,156.51416666666665,213.8017857142857,302.3433333333335,30.66705443275331,55.434881259278164,103.0224197961224,123.07423550686688,152.98162836230367,22.82334,45.646214,82.04858,98.13873,174.4111
2019-01-30 12:00:00,Winter_windy,90,historical,459.73333333333335,92.53333333333332,108.9736540320489,169.97665644777135,39.11621018869233,72.12703,648.7494966950458,25.41877124481213,44.05770921773477,27.387472975982632,72.85827771519678,456.25418311584906,59.241833333333325,99.82559523809525,152.73419913419912,215.86254208754207,308.75662393162406,25.119207353659338,47.188072658370785,100.9026561489383,107.09336124916919,116.28613555658747,17.700846,39.719433,80.06033,81.06575,164.40794
2019-01-30 13:00:00,Winter_windy,90,historical,393.4,42.1,78.72282149188754,182.74251528445515,0.0,7.7233315,643.9406074284618,11.825060019622185,22.508193097277427,4.036940116913854,9.045395732890483,316.8002543211612,29.448690476190478,84.8861111111111,149.81164021164022,224.26041666666666,307.8982051282051,22.515238444949496,37.25618165593987,63.62585266084014,38.663376925170155,0.0,14.210503,27.52581,29.775652,25.426794,60.57394
2019-01-30 14:00:00,Winter_windy,90,historical,558.8666666666667,64.53333333333333,109.20911965516274,185.73531876607194,9.790714633680441,33.39383,639.293997539922,4.785103906922259,15.024001588156153,17.198198009760745,48.28706628313182,345.89065277689997,42.4042962962963,92.23257575757576,151.15357142857144,229.4073611111111,300.13091666666674,23.12184931101915,44.49703938670351,110.7222257879571,151.79723567517937,174.72144892973412,18.140938,35.128315,83.38123,133.18979,121.10934
2019-01-30 15:00:00,Winter_windy,90,historical,1141.6333333333334,89.1,134.5798413449818,187.83764695135505,57.0739700798312,109.7851,634.8041124564547,7.010231180072495,24.400289842179916,35.85643073719126,91.11692001767847,411.69486793459964,46.05051282051282,101.02569444444444,158.3222222222222,228.91916666666668,308.75662393162406,23.47501073383796,62.42376298316552,112.06647274782549,151.79723567517937,187.35940205074417,19.11328,56.033825,126.148224,142.91803,292.344
2019-01-30 16:00:00,Winter_windy,90,historical,1736.9,95.9,142.21630588721848,219.49665080605212,188.41035824721908,229.7568,630.4656341096361,5.071189238049101,26.665302572928624,46.87096146455201,101.19652489804685,406.3992140384329,65.20333333333333,115.83055555555556,169.0184523809524,268.70714285714286,456.27166666666676,24.653475328589426,63.80071632226622,198.40265526975514,270.4774691535461,402.6902064526578,20.20987,61.47542,253.55026,296.06522,386.44397
2019-01-30 17:00:00,Winter_windy,90,historical,1325.0666666666666,101.7,154.78410012383688,227.29812116380947,190.8705884528153,222.34999,626.2734437943271,4.508745479068338,30.885017462195805,60.40192121295746,124.125430358725,431.9681485814864,67.35265151515152,129.18863636363636,202.01342592592596,287.0536274509804,434.5270833333339,24.653475328589426,60.32714689291969,200.52241891693924,286.4583434112438,377.04456706385093,19.094662,58.463886,246.5924,315.6628,384.0103
2019-01-30 18:00:00,Winter_windy,90,historical,1266.5,64.73333333333333,131.0306280247222,224.7323116027483,67.91646268113671,135.04362,622.2226035625436,2.4111427541238086,30.793983694766297,54.94594734922089,89.00196128502068,369.9388599515454,54.558555555555564,137.15999999999997,230.3998737373737,286.72357142857146,320.83,24.653475328589426,60.32714689291969,163.64907685395428,233.59845388494006,342.02630468037273,17.073656,54.70622,152.32977,268.46887,291.66058
2019-01-30 19:00:00,Winter_windy,90,historical,1084.9333333333334,82.36666666666666,152.7758069469062,226.0493367729058,75.15324912745044,140.03722,618.3083452866388,0.1109750408993051,31.75815782397973,76.00539652343446,129.85719067456148,409.93012574756585,62.8302564102564,109.80069444444443,216.69212962962962,286.4900793650794,324.179262820513,24.653475328589426,59.90647118993067,168.9309844710593,282.84988925375444,345.9886058114175,17.544214,54.70622,160.81676,248.5041,304.92828
2019-01-30 20:00:00,Winter_windy,90,historical,718.9666666666667,120.96666666666668,184.27399391704841,236.04454618343448,133.8234800653674,167.96468,614.5260629605259,6.613461698075874,47.41847306531331,106.45732132539206,194.16759720150912,515.4912162716855,69.00809523809524,137.0154761904762,222.52589285714285,297.23293650793653,338.6533333333337,27.624378906245834,63.14588701890666,175.9842481182434,298.8307635114521,411.82918088670834,19.462616,59.599724,169.7298,274.32056,413.3548
2019-01-30 21:00:00,Winter_windy,90,historical,728.3333333333334,644.3333333333334,428.7805365054039,323.48614195681284,292.9018534502952,315.76013,610.871306429581,46.4428194314998,143.83995409793107,333.99848584758354,580.2366345900917,954.7503507642044,44.23497835497836,88.55197916666665,228.86333333333334,473.5055555555556,707.7453535353537,34.846606221178085,78.13453238163366,228.05309383068231,761.5812379856579,820.7823902254246,32.247707,75.30736,253.51875,703.2422,850.15283
2019-01-30 22:00:00,Winter_windy,90,historical,1122.7666666666669,1075.7333333333331,601.4943893388668,845.6581359701413,503.4813744757204,560.9768,607.3397758083086,88.90359478537911,239.89682975984329,518.5990682747506,856.0430900690891,1267.0806862827335,403.7321568627451,673.6433982683984,874.2619047619048,1098.4192857142857,1286.6813333333332,83.61118288117801,244.31497997648097,548.4417269381559,924.97755435022,1230.948211947112,89.69293,271.47318,566.2196,947.9158,1320.9406
2019-01-30 23:00:00,Winter_windy,90,historical,720.1333333333333,805.0333333333333,499.28239867383803,674.1752867318713,396.33709362962844,504.6515,603.927316280319,62.80070994989118,180.05881302516332,414.6755058468169,707.1160544654311,1106.466076765813,182.30266666666665,387.9435606060606,652.7241666666666,877.1875000000001,1093.0381666666667,43.80030046378434,97.13921573245685,408.31716140697404,801.56380782919,1085.7029350408254,49.918163,122.957184,371.38925,828.2266,1069.1812
2022-04-29 00:00:00,Fruehling_calm,90,historical,303.0,102.26666666666668,465.11237770831104,589.8418209331228,529.1261023010936,517.5447,186.59487704165537,60.22833100921328,151.55717754587383,367.1096274713861,694.4199630743933,1042.3130866913466,238.57,426.0752164502165,519.0571428571428,692.8319444444444,848.8769230769234,57.064848970262254,278.8800473958627,445.11379416680523,594.1727129901905,794.1191459279668,89.38775,231.42961,448.544,636.0012,849.17664
2022-04-29 01:00:00,Fruehling_calm,90,historical,309.26666666666665,82.2,448.52561002618233,443.1173276622872,532.9879174699826,476.9572,190.94184664119132,64.3489966347179,155.81774326927146,357.85076370078104,663.7288613362291,995.0329129016486,37.2241958041958,149.18833333333333,455.069696969697,586.2926190476192,751.9820555555556,60.39119519805998,278.8800473958627,452.5437407725889,594.1727129901905,761.3779291624401,85.27366,231.42961,458.8601,621.6561,788.40173
2022-04-29 02:00:00,Fruehling_calm,90,historical,326.9,38.93333333333333,420.63126757332464,204.77454593287194,311.78231111528146,323.53696,195.6282646755472,66.47305015204323,160.39816677099506,346.1253443820424,619.3616575649536,919.8844840730969,20.994775641025644,36.666003787878786,86.90882352941176,363.48583333333335,522.0543154761905,46.282255255911295,237.80678633258773,402.87388007605256,591.6161464870306,761.1956716514139,57.099895,216.5762,383.9524,576.83014,776.63086
2022-04-29 03:00:00,Fruehling_calm,90,historical,355.06666666666666,27.066666666666663,398.51684765556263,158.6564506160144,318.49910005910874,336.05173,200.58023058964994,66.0047300550929,160.02162402715507,333.06230392879263,577.7883714026518,855.7344670140374,20.184907407407408,34.44851190476191,66.00138888888888,185.94583333333333,475.61828703703725,28.7156706646331,213.7189481851822,377.54393990529974,538.3648912179734,772.1861125467325,33.964226,209.95114,346.42615,549.9379,792.33594
2022-04-29 04:00:00,Fruehling_calm,90,historical,313.93333333333334,17.833333333333332,378.0857618645441,147.23084779435615,436.73388659572794,267.4482,205.73649903170616,63.78498146324655,157.2408085448425,320.10276456210465,539.6195914209263,797.9533509188561,19.951904761904764,34.86443452380952,66.62629629629629,154.13296703296703,455.68375000000003,9.093460906347547,213.7189481851822,366.041967095595,538.3648912179734,771.7655015777286,22.108747,199.4796,339.609,569.9506,812.06995
2022-04-29 05:00:00,Fruehling_calm,90,historical,199.23333333333332,6.233333333333333,358.2033688132226,243.27611415271755,285.80307558235336,309.2669,211.04635480928215,61.27269342248136,156.14396728846884,311.1847823009921,505.8279007872484,737.3995046547054,39.92912087912087,95.29797979797979,248.6170833333333,369.5685714285714,480.57952380952383,8.678105749251145,192.011450982422,329.1978764928074,494.5867995945697,630.53431050661,19.263723,189.21304,298.40546,472.15878,617.40063
2022-04-29 06:00:00,Fruehling_calm,90,historical,120.8,3.3666666666666667,348.01507651680936,254.36677205662298,266.1102117840557,312.25513,216.4678440230706,58.688416867197766,152.6895654974046,304.50092455373954,487.292598504273,700.4483404572895,52.779333333333334,122.77773809523809,262.09625,362.0854166666666,466.1459523809524,19.482374429683592,184.0870514396765,295.5282738512105,437.8687899473511,616.9959213368783,11.463657,191.77838,291.63287,438.1096,618.9744
2022-04-29 07:00:00,Fruehling_calm,90,historical,76.26666666666667,7.033333333333333,342.44948458160724,253.32245753792733,320.9170912342121,284.03436,221.96630168999997,53.2395246839273,141.48491510879987,292.43563680145655,473.1355576354931,681.8674008145786,52.779333333333334,135.20277777777775,275.3375816993464,366.16772727272723,457.0660416666667,20.761050826027407,229.031691037582,304.3573354831351,467.2774226985189,650.2438211405731,24.049398,196.30089,300.9472,428.40012,611.11676
2022-04-29 08:00:00,Fruehling_calm,90,historical,85.1,6.7,340.5335715740857,236.63194675233186,298.6814324233702,257.5951,227.51312616976355,47.39950023214628,132.53193989153533,287.0800008805991,470.5080594175664,678.5928727299233,36.24602272727273,73.68664215686275,176.05833333333334,327.4972222222222,455.65500000000003,15.373680155780889,171.38947141286943,331.20333011983104,488.4260913141137,593.6252856581316,25.527029,169.07417,289.9843,418.81693,594.1512
2022-04-29 09:00:00,Fruehling_calm,90,historical,31.366666666666667,0.4666666666666667,341.6419913595275,208.46414077265592,251.22731509845084,240.16576,233.08475903508833,46.08897574470948,143.7847883039355,310.0996046612054,490.42686276690586,677.7861992215471,32.69368298368298,62.41433566433566,144.59796296296298,282.3302083333333,435.9733333333336,14.771978644760674,130.58824746298467,317.5180738223152,454.6945579738935,582.8654587351701,13.1001,145.90848,308.97034,388.03934,538.8038
2022-04-29 10:00:00,Fruehling_calm,90,historical,1.3,0.0,344.1671081106878,202.76822927705638,245.19038279010388,235.37494,238.66183595701858,41.67335831757732,142.014272382219,316.7490306824071,501.59050624600053,678.1163337896623,32.72151515151515,62.42892628205128,140.60714285714283,239.93571428571428,418.5928205128207,12.776541766341493,105.25929734354597,317.5180738223152,454.6945579738935,600.1554771025272,16.646202,94.6312,308.88025,393.37888,543.6667
2022-04-29 11:00:00,Fruehling_calm,90,historical,7.933333333333334,4.1,355.6055057584944,124.41888410530677,231.94088091807723,263.89862,244.2284799459744,33.4967772617842,121.08527809723826,303.10590702134925,515.2922760523915,718.0075333836892,19.7265873015873,32.915435606060605,67.46809523809523,144.90833333333333,407.73844444444455,10.177452814113181,104.19489895696998,314.30677263372576,498.47264959729705,714.8342954172783,18.688099,87.01787,298.82306,474.1037,748.38885
2022-04-29 12:00:00,Fruehling_calm,90,historical,2.6,1.0,362.34384795290094,138.40941006692648,231.72932057374734,270.4287,249.77171309199485,31.438773896652037,121.50225248156386,311.64236228754766,532.8735829320883,718.4767892401269,20.184907407407408,35.35111111111111,71.24318181818182,189.35671296296297,496.7014285714286,10.117682178385145,110.68617657402025,306.8768260279421,498.47264959729705,727.2254694096139,20.269588,90.73785,280.7047,472.43097,724.2301
2022-04-29 13:00:00,Fruehling_calm,90,historical,4.166666666666667,0.6333333333333333,364.9151910136469,226.98356122139572,252.84160002397977,225.142,255.28096694541267,27.55982684256677,119.08622768117117,315.319709838535,540.9316391590733,713.0023434218933,41.07958333333333,87.67083333333335,161.24404761904762,290.1042857142857,486.4339285714287,10.177452814113181,104.3166043558971,304.17056854705874,482.3658222034506,585.7528747543936,34.757744,86.626564,279.62964,381.83307,538.71216
2022-04-29 14:00:00,Fruehling_calm,90,historical,10.633333333333333,9.966666666666669,376.84945322906435,229.76563848188513,259.77164407148166,240.7141,260.7476750070962,18.933203847929036,91.4930384395903,290.43502390517807,546.5090404376309,755.6396976991978,42.3179292929293,94.08380952380952,168.82666666666665,319.6916666666667,493.9907142857144,10.177452814113181,104.87363174996169,306.267128309363,482.3658222034506,604.6853756999845,35.638588,80.73216,288.28827,384.70245,582.0362
2022-04-29 15:00:00,Fruehling_calm,90,historical,12.166666666666666,14.4,389.14075804028846,178.64914520678605,225.35224301798402,300.63406,266.16493356760435,19.49749041218319,92.2974660283574,297.7865473231244,568.993922033316,775.9025557134805,22.4445,42.022348484848486,109.80305555555555,293.69604166666664,497.96389610389616,10.110925227522213,136.56551592798274,336.8076360058291,510.62473643475994,769.5584335486622,35.358353,145.93506,311.1292,428.69238,801.1408
2022-04-29 16:00:00,Fruehling_calm,90,historical,10.166666666666666,1.7333333333333334,391.95457910701185,278.31202887142143,331.28144812347455,345.0062,271.5272194405896,23.156880637655938,104.51260697517807,313.1717679641226,582.9450647832844,763.961158243535,42.3179292929293,96.06574074074074,253.88944444444445,424.18888888888887,535.6312121212122,9.742447714194462,208.17178964771023,379.9126648544151,516.0973555436703,661.5370485578045,38.511986,179.13013,344.232,431.55286,621.56335
2022-04-29 17:00:00,Fruehling_calm,90,historical,38.96666666666667,9.233333333333333,397.45184104491784,295.64621347699193,341.8420904864198,369.00256,276.8301550553363,27.37315639510942,114.3311794107656,324.4188503377567,593.4474087529097,755.2131280069189,62.190495726495726,165.0494708994709,307.2751082251083,425.9326923076923,520.9419444444447,12.836270605205133,243.03490576064522,324.7616390929342,516.0973555436703,682.8945921197015,40.35775,217.08372,299.13965,485.56183,621.7069
2022-04-29 18:00:00,Fruehling_calm,90,historical,73.7,0.0,400.853273165033,307.7982202736212,386.73562617398034,381.90625,282.07031297120665,39.83764998603091,146.7673434716103,358.72311862521525,613.921482525989,721.9909223015823,44.059545454545464,118.45629629629629,303.51875,450.193125,545.7408333333334,12.092042036950431,247.35203129545732,387.7939213981497,516.0973555436703,715.740773769534,39.706142,224.0634,325.74097,510.69333,649.3877
2022-04-29 19:00:00,Fruehling_calm,90,historical,79.33333333333333,0.0,402.78131999404644,305.11132199664155,388.4252199631136,403.78406,287.2450532068766,42.928251622691974,142.57134541854006,346.20282001562873,605.1291742080894,713.795826261304,50.5397619047619,142.3845588235294,312.8611111111111,450.193125,535.6312121212122,12.194000570514651,243.03490576064522,358.4312417345311,551.6666965752945,696.4329812894333,39.107426,216.84186,348.9782,553.80066,635.9208
2022-04-29 20:00:00,Fruehling_calm,90,historical,61.6,0.0,402.5244350369993,316.6307936664205,396.8198432676825,417.00735,292.3523878844633,48.98869738791677,144.94965137118368,338.40763487525237,593.9557206538673,690.4298170122609,44.059545454545464,118.14518518518518,302.10113636363633,450.193125,535.6312121212122,8.266495112559793,236.77923229632302,376.8027302565737,551.6666965752945,705.6953356784437,39.72898,216.87822,374.81647,559.60095,635.9208
2022-04-29 21:00:00,Fruehling_calm,90,historical,84.4,0.0,409.55322241373835,188.38896976070967,373.560204759868,409.6236,297.39086861031484,62.900534952069094,167.9332192871916,356.8559427420238,607.2455927605479,673.7478274077566,22.30416666666667,41.03062499999999,109.80305555555555,316.56613636363636,537.9613703703704,31.234257050961336,229.5215161064738,397.034014310743,605.9857236253087,850.2356443591386,40.478592,220.23833,416.9975,635.2082,859.8584
2022-04-29 22:00:00,Fruehling_calm,90,historical,325.96666666666664,2.1,412.0147229645605,167.81786115193734,341.4968727662263,347.9449,302.359492781455,70.08013572892513,167.27606851436997,344.254609956711,596.5789297145907,662.8602525077097,21.370833333333334,38.698379629629635,98.34399509803923,264.09944444444443,478.4831818181819,31.635484458143186,220.6207978653896,381.5829220563656,601.4756562029609,797.5913292525378,47.584305,181.16074,441.23962,635.9063,838.1931
2022-04-29 23:00:00,Fruehling_calm,90,historical,466.1333333333333,168.7,442.13018940248253,304.9303592864286,392.96564652878254,379.38614,307.2576256453271,69.78641314784159,144.6673098812404,320.1001468497648,591.8111589298944,713.7147757648477,29.781703703703705,62.41433566433566,364.0575,503.14484126984127,612.7381818181817,47.10021955578391,246.89430969625286,437.2259814714886,782.6858272538688,988.5963770873349,63.50851,200.37733,482.716,772.0468,908.1599
2018-03-04 00:00:00,Fruehling_average,90,historical,515.0333333333333,160.9,510.4017360729546,419.7677830078562,554.024269765075,673.8941,420.0426154306218,48.98693966462617,153.040830972057,326.3657236196891,685.498541355812,1173.0758076556783,55.49685897435897,116.11944444444445,253.6664814814815,498.525,1067.9548484848485,45.0246881702504,101.47751863316805,338.69743413543335,901.402839823741,1525.832859217586,30.333456,98.17289,325.61935,980.4202,1518.4791
2018-03-04 01:00:00,Fruehling_average,90,historical,596.0,125.73333333333332,507.97993415114445,324.0669867511668,523.0340083748388,589.5736,433.0243381363539,47.77009588216555,154.21902122848434,321.035391514136,697.9755107884962,1183.0058297761623,53.34268398268399,106.2189393939394,223.0151515151515,407.6809523809524,700.4494166666668,45.0246881702504,110.90228320808971,338.69743413543335,838.1859086570169,1503.5992822460473,34.32443,110.027855,325.61935,937.1342,1485.2732
2018-03-04 02:00:00,Fruehling_average,90,historical,240.16666666666663,206.46666666666667,557.1738628891156,552.6457307896513,579.3117846415283,660.8251,444.748420354328,58.443231468800995,180.236833801128,374.84809957365735,798.8492445005822,1284.994260370086,106.64567099567101,230.17107142857148,435.718125,882.9166666666667,1295.7563419913422,40.06759877441108,152.16511905146055,343.15488993701575,891.7294993284303,1471.4599263228492,47.550503,170.08896,316.54642,956.1114,1490.6638
2018-03-04 03:00:00,Fruehling_average,90,historical,117.33333333333331,256.26666666666665,570.8858522506073,602.7958003541964,615.1902892627776,614.00006,455.5091939096056,63.074796320967074,189.09599667914657,397.2891048254327,811.919707532697,1301.8704194072639,173.92837962962963,314.4315476190476,541.1134615384616,927.2795238095238,1240.4874358974362,40.06759877441108,174.79062371474174,339.5209790216409,887.0084834519307,1491.9844012063556,44.460663,194.86172,327.47815,961.57587,1531.5648
2018-03-04 04:00:00,Fruehling_average,90,historical,120.8,306.53333333333336,593.6861576903526,641.1291329706343,676.1523840439354,622.3783,465.5015821205184,67.37762756752335,199.34814416225777,423.66113848164184,857.3345242622319,1352.315630299084,218.62654761904764,333.83392094017097,556.9833333333333,867.9666666666667,1229.591666666667,44.0427414782939,174.79062371474174,332.1698977673171,824.8784993190724,1457.919800212322,66.001144,194.66214,340.54538,842.41595,1540.5781
2018-03-04 05:00:00,Fruehling_average,90,historical,142.36666666666667,413.8333333333333,650.4834576923654,651.9336496950102,615.9049702621548,683.00134,474.85691030236615,78.40414651240548,224.9442163513632,482.90295713511904,981.5806302594025,1479.8432969089886,275.639811965812,396.6875,593.1851851851852,836.8616666666667,1111.6702222222223,45.2895702437263,182.91423792692984,386.41045559444257,819.3023932489975,1461.7045636605021,85.56024,231.65839,410.43442,833.5413,1518.816
2018-03-04 06:00:00,Fruehling_average,90,historical,135.56666666666666,408.53333333333336,626.1612536832849,647.1036719399392,593.7431524641976,685.88007,483.6657025495116,73.24045552326253,210.57836290038844,463.1592612499793,923.7188355439407,1428.184058878451,271.9882222222222,370.22403846153844,569.8683712121212,826.8677224736048,1131.8535164835173,45.2895702437263,174.79062371474174,386.41045559444257,819.3023932489975,1482.632420418423,78.00583,193.48007,389.66547,835.6525,1522.9744
2018-03-04 07:00:00,Fruehling_average,90,historical,97.96666666666668,472.0,655.0913260315457,654.0200049004402,582.716123482651,730.986,491.9921994505945,76.7020453080854,219.01277986954233,492.0019873651501,987.7715002965138,1499.867029825071,295.3722348484849,400.0697916666666,624.0609090909091,873.7592803030303,1119.2548717948719,49.674278342853334,188.54629944561776,398.93531202737745,819.3023932489975,1492.097489485411,84.72819,193.31996,351.54645,858.23566,1573.5713
2018-03-04 08:00:00,Fruehling_average,90,historical,109.26666666666668,322.46666666666664,560.4823262736262,471.9655447716385,608.9637374170971,618.12823,499.88360857378655,52.41084818871175,164.72111425830442,391.6140272476356,785.3650078661336,1314.8818507834342,174.34241666666668,301.3140606060606,457.5357142857143,667.3650852272727,895.1283333333332,31.16316064512997,155.04275535278236,323.48257525222465,728.7678431364392,1529.740293270607,30.37791,171.1787,341.21866,851.9882,1588.3103
2018-03-04 09:00:00,Fruehling_average,90,historical,102.4,151.5,508.0547005391229,330.14768225129245,605.9369897608711,587.9703,507.3760036418338,29.360862300365547,124.35651523284875,310.92572330564747,723.0776533354534,1271.7174908194236,38.437333333333335,65.41181318681319,186.26541666666668,373.4635416666667,674.3503571428577,21.21231119281352,84.71153680455079,301.2120407499347,676.8705969899215,1479.1422279695653,20.987312,91.31156,327.73575,831.7906,1481.0132
2018-03-04 10:00:00,Fruehling_average,90,historical,160.86666666666667,173.0,512.4779997924273,427.30146789009007,605.9147287864239,625.64,514.4980911823134,28.024121159776577,120.71082073353246,311.85280749342706,732.1694571825531,1290.2154904622964,53.486607142857146,134.6469230769231,300.5568484848485,538.017261904762,927.9363809523811,31.16316064512997,96.45583355450941,296.165076958932,733.4888590129387,1484.3226919902077,31.861525,89.46148,321.07217,842.2481,1480.8163
2018-03-04 11:00:00,Fruehling_average,90,historical,96.73333333333332,171.0,513.286683311034,430.78839752381054,605.9147287864239,638.9602,521.2736199772244,24.53915606668491,114.1338325489575,305.3540024525074,739.4220253866118,1306.9462991886062,59.30136363636365,138.2268315018315,300.5568484848485,534.2223484848486,884.1738095238097,27.700158448394326,104.17941199678805,296.165076958932,736.5635303645425,1541.8583496175445,27.197334,118.753426,313.6384,847.49066,1503.2472
2018-03-04 12:00:00,Fruehling_average,90,historical,92.33333333333331,245.83333333333337,529.9932705914389,446.58807139014755,587.1860215573196,621.14044,527.7229265407818,29.192667358042584,119.74464655923373,328.6398823493387,749.4542766293102,1321.981776797023,128.76830808080808,229.97976190476194,378.2225925925926,609.0621753246753,857.7690000000002,27.700158448394326,119.32143410732148,304.6072181578506,738.4411836317499,1586.919374284124,25.279627,150.34839,336.18814,808.8278,1590.2455
2018-03-04 13:00:00,Fruehling_average,90,historical,76.53333333333333,194.66666666666663,513.7294972656871,428.27048975962884,635.9578003824566,711.2231,533.8639304069429,22.597430161846987,106.83566654548241,301.01786146633486,734.9986471902006,1309.4234660619443,106.16277777777778,214.02738095238095,367.8273148148148,600.4563852813855,878.0938095238097,27.700158448394326,166.64414985411642,309.8815425109402,743.1621995082495,1555.8867235600776,23.753578,124.75454,334.9356,804.4018,1573.8878
2018-03-04 14:00:00,Fruehling_average,90,historical,69.0,214.7,516.1883094212579,464.94929410578254,686.9892160933624,699.5738,539.7127788571154,23.84533654891063,107.02700903793382,304.5598506907928,732.1711379365502,1305.0399052284556,129.65880952380954,226.85550925925924,380.67375000000004,622.5944805194805,924.4792789115646,30.064937879241818,169.0410378504471,309.8815425109402,738.4411836317499,1575.56308301568,29.873556,149.12311,331.66992,813.6833,1574.1055
2018-03-04 15:00:00,Fruehling_average,90,historical,130.53333333333333,296.8666666666667,534.2280035618954,485.72486330547764,693.623386067953,669.4861,545.2842681036038,33.707385079816966,121.05522867909815,334.0288512691658,750.7937792904029,1311.5645007129804,170.08755555555555,306.77343434343436,486.74666666666667,726.1525252525254,1147.131583333334,29.856141802354603,188.71863754836713,286.997731397547,739.8458603406821,1601.304324840477,27.40679,162.1363,320.29932,826.77606,1623.3146
2018-03-04 16:00:00,Fruehling_average,90,historical,180.3,216.36666666666667,508.53946158603344,542.7250317261991,693.623386067953,697.7664,550.5921217514376,25.377998982047643,105.94544397902027,300.304498324474,709.5823247558976,1267.733424691952,212.87,337.98611111111114,541.7282738095238,948.5674999999999,1312.9966666666671,29.856141802354603,185.13863230741708,311.1474128450107,739.8458603406821,1575.56308301568,26.904716,156.3009,319.42908,813.18854,1540.1365
2018-03-04 17:00:00,Fruehling_average,90,historical,347.96666666666664,186.1,494.2104306502781,733.4800464838931,652.3390527383873,697.54614,555.6491779758687,24.402457151324093,102.40021000587836,287.10725419301207,687.6067829772467,1231.5106033426753,213.90738095238095,486.82440476190476,922.7507936507936,1306.6619047619047,1533.8704761904767,29.856141802354603,215.25991774245026,329.7574491361353,735.1781440286592,1544.3038550202625,29.75707,170.9937,315.47305,815.1923,1474.6942
2018-03-04 18:00:00,Fruehling_average,90,historical,669.3,297.2,541.5656829418073,622.0764076101467,653.5261506290448,698.39624,560.4675181591158,39.953826497244066,132.61359881976787,348.87377652425926,769.1562339416683,1295.6197139625954,237.8613333333333,433.725,682.8944444444445,1080.8492965367966,1377.3085416666665,29.856141802354603,214.7455937466536,324.48312478304564,739.8458603406821,1601.304324840477,29.183672,192.33313,300.32343,816.27875,1629.1277
2018-03-04 19:00:00,Fruehling_average,90,historical,502.3666666666667,274.1333333333333,540.5081765802196,542.2862350798903,704.5191817614145,682.97003,565.0585578374229,40.785573957668745,135.86494132397883,349.48740294023054,774.1868368780781,1287.198758983688,171.73069841269842,307.62746212121215,525.7366666666667,871.961755952381,1163.0870833333336,29.856141802354603,118.75049982244205,342.0926115433492,739.8458603406821,1581.6104776819986,31.562805,156.37259,313.1591,816.27875,1602.1874
2018-03-04 20:00:00,Fruehling_average,90,historical,617.1333333333333,422.3333333333333,588.146491182284,542.622822135892,515.4950386923663,555.6182,569.4331132434168,61.52917667951873,172.52181543176903,422.3016812446576,846.5961364973687,1333.0948658520592,141.49991452991455,242.967365967366,406.81976495726497,799.3102564102564,1161.9578518518522,29.856141802354603,122.45143411104553,332.93218735735854,830.3804104532404,1586.8272446232893,29.569279,126.94578,310.42154,862.05804,1581.1704
2018-03-04 21:00:00,Fruehling_average,90,historical,502.23333333333335,541.9666666666667,629.680874917332,640.1795307999719,517.2978896874591,583.538,573.6014519148166,79.39109740030962,205.1048425676441,484.76654217323585,914.9867568268862,1377.3249575310576,142.27956815114715,251.54831349206347,479.4163101604278,921.4148148148149,1237.7200740740745,37.78778022767369,136.19404072347365,408.5425341322838,867.1053952713854,1586.8272446232893,45.72134,132.63226,383.41254,894.9379,1577.6365
2018-03-04 22:00:00,Fruehling_average,90,historical,231.23333333333332,446.8,599.606762774114,563.1033072584281,513.3397499222929,524.7072,577.5733327773752,70.3434119194442,190.8741595259818,452.6483526074459,856.510862101372,1317.1255205286463,160.394,277.3251984126984,464.8525793650794,822.1642045454546,1159.7025714285714,37.99657630456091,139.89497501207714,331.1305394202043,828.9757337443083,1586.8272446232893,50.629234,131.09215,346.82437,862.05804,1579.699
2018-03-04 23:00:00,Fruehling_average,90,historical,240.3,410.8,582.2302715773948,535.1240507453251,537.3909476719331,493.4237,581.3580391604778,69.07445318235733,188.21652522860828,440.81393811353746,823.4944340032988,1273.1481895274367,136.16125,227.33916666666664,375.22638888888895,758.0866666666668,1140.2424102564105,33.61186820543387,122.45143411104553,264.8370190052902,828.9757337443083,1565.4777694501538,42.2076,127.87035,297.4449,852.7587,1580.1626
2021-05-17 00:00:00,Fruehling_windy,90,historical,24.3,1060.3666666666666,516.5547258974641,219.4859078412676,116.88028625225864,183.79074,140.35447581695752,22.036893839246712,122.22354067587956,356.7878274017704,769.2819405191027,1081.3305497449853,5.867083333333333,22.43385780885781,107.65174825174824,221.56891534391534,368.25363636363636,34.55878411249074,98.86607791057953,192.35532361632795,374.97210199231876,835.429744050091,26.971376,91.64085,161.0887,429.23404,738.2335
2021-05-17 01:00:00,Fruehling_windy,90,historical,73.16666666666667,797.0666666666667,443.697080555078,196.6712784778305,218.72222927398244,163.15033,165.0316803090206,17.291385169373108,103.30528139648813,302.7083212417248,650.5752528040663,986.5798947821681,6.9055897435897435,17.242307692307694,49.31305555555555,175.79181818181817,310.2935353535357,6.5536447078540165,88.49937303488518,202.3711159807515,370.65070614417664,539.7819970696097,9.83222,92.16188,184.33682,350.97974,461.47287
2021-05-17 02:00:00,Fruehling_windy,90,historical,88.43333333333334,719.0333333333333,415.6117523980336,181.72608624613972,206.0246189898334,164.20773,185.27371901611411,15.722372123427185,95.95565055258197,281.0283260854019,599.3413012073665,937.8792296730943,6.542727272727274,15.252720588235295,47.11964285714286,192.3537878787879,320.12730158730164,6.5536447078540165,88.92283105029455,203.69421532437931,370.65070614417664,506.3967607393043,14.363475,90.94621,177.83896,350.00073,428.267
2021-05-17 03:00:00,Fruehling_windy,90,historical,125.83333333333331,423.26666666666665,337.7193034471411,225.05190992521545,168.1175644723806,147.96344,201.94204437490995,9.617073692680577,73.22550528870558,217.15332538361514,463.2555902362809,834.3250196798599,18.108051282051285,36.854629629629635,108.68465608465607,290.62395833333335,427.98771836007137,7.827240891531457,82.28772905663908,200.28580848972098,382.0881163972636,568.2495413053418,9.593349,72.801994,173.91232,330.9983,530.22845
2021-05-17 04:00:00,Fruehling_windy,90,historical,307.96666666666664,353.23333333333335,328.8824197037073,300.1538894718966,240.62940446518698,223.63611,215.7288308004131,8.00780241069042,68.41615122989472,202.55247531056034,430.45027292242685,831.7149728261193,54.506363636363645,82.51782407407407,200.70185185185187,353.99861111111113,525.3516666666667,7.460675841412029,62.79101762477585,182.7551378282745,422.3777755473233,744.1222323852543,10.829537,61.13681,165.77133,357.87872,731.9394
2021-05-17 05:00:00,Fruehling_windy,90,historical,256.6333333333333,288.76666666666665,297.34762708027336,270.57540800883567,227.0047172021948,214.07993,227.1902933694723,5.434195025539596,57.03146163166677,173.40018333736273,368.9139874239755,772.0565431704324,43.032777777777774,75.72666666666667,129.4371794871795,271.47307017543864,422.4874285714286,7.460675841412029,62.304280093629394,173.3053052256328,404.151893904363,655.8354491316385,10.516036,57.852448,164.17145,331.19705,664.6952
2021-05-17 06:00:00,Fruehling_windy,90,historical,195.53333333333333,157.13333333333333,256.0136882321698,292.52508089299636,224.38896155220232,238.29808,236.77344691808275,1.7553322902140813,42.67186821301729,134.17235463260067,288.445500143696,701.5927552001837,43.03944444444445,82.03841991341992,132.44087301587302,250.134375,437.88960648148174,8.412683008338222,57.4167491944576,155.98098613321395,387.5652504970966,760.2632018793028,11.101176,53.986546,159.50119,333.34186,659.2535
2021-05-17 07:00:00,Fruehling_windy,90,historical,176.73333333333332,104.46666666666668,237.555094885572,261.86240072647286,212.06085756307917,219.08311,244.83759700768553,0.0,34.057262870173275,112.00275629948982,244.28237265413165,666.5659735728314,41.56589743589743,79.58541666666667,128.64220779220778,211.80793650793652,384.1855555555556,8.412683008338222,41.1686084396382,152.37017513647538,375.3621044554299,756.7017502677322,9.662323,33.755013,144.18234,330.52148,652.7496
2021-05-17 08:00:00,Fruehling_windy,90,historical,483.46666666666664,185.53333333333333,277.59017332263176,324.3331015247357,221.01417312798083,264.05078,251.67159995202405,0.6824226100008417,40.35642052749693,131.4901737738858,287.5593443826449,752.2723187036211,46.846666666666664,87.62234848484847,149.20132275132278,288.8308333333333,450.54458333333343,10.447293643011674,40.54992213700855,176.27577076213365,387.5652504970966,760.2632018793028,12.202587,41.949562,162.37155,386.53992,665.6994
2021-05-17 09:00:00,Fruehling_windy,90,historical,412.23333333333335,163.8,261.8232840102414,269.431229497449,226.23890247271714,256.14548,257.50772489231866,0.0,32.10211567698693,114.25462100048414,254.45117001090915,724.1442980747565,33.47769230769231,78.21944444444445,132.16934523809525,244.95416666666668,380.3660000000001,9.370399681092767,29.359445601015835,127.7502198647762,360.6055113624758,760.2632018793028,12.134415,31.400763,116.01834,368.3178,661.1727
2021-05-17 10:00:00,Fruehling_windy,90,historical,728.2666666666667,398.5,383.6658575607578,595.7709201665552,316.9164760052667,402.47253,262.5327869086941,4.467284926280001,61.30064048866019,191.77622347723806,416.3655210198174,945.8147436435817,63.87333333333335,155.99444444444447,313.8272727272727,790.7603174603175,1771.6818803418807,24.789376771589932,78.67046550713732,212.59539802064086,406.8582981624499,762.3545672673953,24.899279,141.14305,179.84329,535.3015,784.5011
2021-05-17 11:00:00,Fruehling_windy,90,historical,678.9666666666667,339.73333333333335,399.8424905970222,456.34303477707033,321.36265565940244,416.77655,266.8970884445226,3.619426960920727,62.6032492248359,195.30655176663714,425.4574039723384,997.4645488264133,69.84957575757576,135.2292857142857,304.4427248677249,576.0315972222222,1376.1826666666675,29.44950988150168,61.579441429405,192.3561457955697,410.6143065408235,801.4315767962722,25.637083,140.56047,164.55252,507.20596,838.04736
2021-05-17 12:00:00,Fruehling_windy,90,historical,824.1333333333333,280.03333333333336,292.0431914160245,317.27179354281054,262.0544712116312,243.28636,270.72160054060015,0.0,32.9933545820857,128.26159314344926,287.8895330408663,753.0759755884732,39.358988095238104,77.89166666666668,164.36958041958044,336.7886363636364,652.4542857142859,24.995635465348396,44.34606518876155,165.25780364460272,396.61433406165685,816.9786998684403,24.46898,55.90373,136.89987,344.4368,790.5821
2021-05-17 13:00:00,Fruehling_windy,90,historical,1303.6333333333334,436.1,311.1283892055314,230.38199358612496,218.16915704460914,226.94736,274.10373042241565,0.957636237324941,38.16822288575152,148.478843468525,330.0467754992452,751.725943539253,37.39136904761905,73.69479166666665,141.73564102564103,260.7375,515.2891005291009,24.995635465348396,52.97538707643028,148.69004456451947,305.20756625525047,650.4260742113738,29.907345,60.80061,137.24121,253.22365,706.7464
2021-05-17 14:00:00,Fruehling_windy,90,historical,931.6666666666666,719.3,430.746902601034,534.5045517407742,424.6984424665857,403.0596,277.12195375592535,8.49804235744148,71.5200328644026,236.37823529831564,510.8278814799594,949.9796094544099,137.97458333333333,283.88511904761907,526.3452861952862,796.7597222222221,1079.8852857142858,24.995635465348396,55.74908544935345,171.18619825569388,470.20991130873114,834.9880715899599,28.094547,70.066956,204.55798,506.3854,895.2436
2021-05-17 15:00:00,Fruehling_windy,90,historical,1015.0333333333332,684.5,438.1706431263444,455.75442026377544,385.56561691321076,372.28558,279.8395350922058,8.887458567781733,75.40420176814573,245.33593212739027,526.1982788590349,959.9477987328135,74.64616666666667,209.88703703703703,406.77074074074073,625.8135416666667,844.3125000000001,25.217395802006994,64.91193192227044,252.98750612139818,445.63467656036096,824.208551993025,28.901947,77.05888,290.33713,491.81906,820.80975
2021-05-17 16:00:00,Fruehling_windy,90,historical,1533.0666666666666,566.8,322.689390278794,185.6119729645105,190.35613678618003,179.89111,282.30751601445246,4.224874028777069,47.50174043117207,179.9892501485916,386.9545837381824,709.2117791775561,33.54985347985348,81.94508547008547,140.25497835497833,225.14910714285713,303.4418333333335,24.906801221440713,65.81979552700413,161.58362793070734,309.7209903494867,512.4755372699437,28.46679,76.717354,178.45764,291.68707,422.8361
2021-05-17 17:00:00,Fruehling_windy,90,historical,1265.4,478.06666666666666,292.1665246553077,188.49757537798646,349.91325120173803,182.97777,284.5671151580338,3.177376646270737,42.83539350290225,166.67146278494678,355.96116358533607,649.2937788231189,31.623666666666676,81.74700854700853,147.32999999999998,217.05381944444446,303.4418333333335,25.236082625391088,88.03464034781227,181.66105066436933,309.7209903494867,512.4755372699437,29.331106,78.67911,204.23834,298.76038,422.8361
2021-05-17 18:00:00,Fruehling_windy,90,historical,547.3333333333334,268.53333333333336,210.8731528257794,197.93712555022242,189.6428209268699,177.58385,286.6516558898871,0.0,25.170753261055765,117.7251110499293,248.24271306766366,474.1996044494915,31.623666666666676,86.87583333333333,160.6602564102564,299.8229166666667,465.37757575757587,24.351809700290246,90.29296429739266,161.93792194556383,307.83997889032867,512.4755372699437,29.16298,81.27227,176.22858,294.7722,458.51352
2021-05-17 19:00:00,Fruehling_windy,90,historical,330.76666666666665,265.46666666666664,206.3371927766272,203.23473770601638,165.57755341857984,170.65485,288.5881146374909,0.0,27.937830284740684,123.93059913405904,256.2954505573606,450.4687576567238,47.687000000000005,100.90982142857142,175.19444444444446,320.4204166666667,513.8508080808083,24.452577161406897,90.29296429739266,155.74060161467315,243.1359710524641,535.1408195460299,29.73418,96.47212,167.29396,256.5714,443.6592
2021-05-17 20:00:00,Fruehling_windy,90,historical,395.46666666666664,151.0,161.86937449888234,185.8564731816457,227.34938926744812,229.92938,290.39836454971504,0.0,20.18218833469271,100.05147847363338,202.7220919000148,353.44114883096915,41.24133333333333,87.37492424242424,140.34154040404042,242.51752136752137,371.6200303030304,25.79516580053297,87.94626042395538,163.9082371519626,309.00266192315837,521.3670055771615,31.415607,92.4117,171.00299,268.48267,434.2521
2021-05-17 21:00:00,Fruehling_windy,90,historical,569.8,10.2,118.06109348237413,191.21128963885826,195.9271465795771,222.77505,292.10017446840857,0.0,11.59952024389068,74.76275423271599,145.68419303497893,279.8682923152503,38.52536796536797,90.55268065268065,165.47208333333333,307.63958333333335,445.3772222222225,10.486568928212991,73.23331964454236,157.87066091154804,287.7948248637725,504.9220787506624,8.885449,77.32089,162.27528,297.09958,423.0439
2021-05-17 22:00:00,Fruehling_windy,90,historical,470.6333333333333,219.26666666666668,228.55978983362053,249.13525709703822,250.01832096812657,232.31418,293.70801138097886,1.7585562565477595,42.42708760294559,156.014560704215,308.6827848989569,506.76845077732423,101.7772549019608,176.7761904761905,296.37666666666667,469.7290865384615,619.9331944444444,26.000913718586816,96.1789809691925,190.24954065246132,363.7135954717198,547.3701365356962,30.525124,103.7861,191.3078,372.84094,462.87756
2021-05-17 23:00:00,Fruehling_windy,90,historical,774.6666666666666,122.2,274.54239529385256,328.25679898888194,345.8626607345514,375.1367,295.2336850405039,3.1235218034681864,58.50417213056102,181.04352480242946,353.05564870520476,579.7979210816085,94.56038095238095,156.97083333333333,334.4537037037037,547.4297222222223,778.332840909091,43.1365110291148,112.32331285364029,211.94860532036097,438.8094627234809,786.8859004226349,44.836586,127.60888,231.42902,443.47928,733.37036
2020-08-14 00:00:00,Sommer_calm,90,historical,16.533333333333335,0.0,267.38794899841315,246.66768035865402,234.76809954253676,214.99811,76.36643824694198,0.0,0.0,150.95760411041866,470.32634086793246,709.9628315406225,5.521875,20.839930555555558,96.06018518518519,335.150946969697,551.6738888888889,2.397657760440276e-06,3.0439768915984167,99.36734638746934,390.7814248898622,589.6354743909193,0.6913694,0.32592148,104.99242,393.43762,571.3306
2020-08-14 01:00:00,Sommer_calm,90,historical,0.0,30.233333333333334,266.4303641956903,274.4505300579288,244.03921050003729,253.83313,101.5434999892808,0.0,2.2659058893055537,161.71647188090566,473.11675405875275,701.3812787377874,5.899423076923078,36.13095238095238,169.83134920634922,373.1552777777777,739.5237254901969,0.0,8.79982466962122,99.36734638746934,376.61367793265924,618.2223095597562,0.8890622,6.0355735,116.22377,359.14523,582.27014
2020-08-14 02:00:00,Sommer_calm,90,historical,0.0,20.3,247.55739122954327,194.26613607204564,201.6040635793784,208.09732,122.97755618201506,0.0,1.871076560726177,152.15935776324383,446.4525158244547,658.9343903904967,11.49808857808858,40.19761904761904,117.72337962962962,268.275,428.12507575757587,2.397657760440276e-06,9.015721043626804,99.36734638746934,339.8328539015493,525.2100173835636,1.2287642,9.462309,103.33147,321.88568,492.57822
2020-08-14 03:00:00,Sommer_calm,90,historical,48.233333333333334,93.86666666666666,255.97446059652094,173.5025703932136,166.44935154028838,180.25511,141.0574885120197,0.0,9.53339018446935,168.67049338277775,450.46834301699977,659.5269204808782,8.606,36.11388888888889,91.26574074074074,217.9695767195767,365.13909090909095,0.0,21.5687378335455,134.17090819786918,293.6850298853993,558.4517398269049,1.146882,21.337181,139.2322,324.47025,469.47354
2020-08-14 04:00:00,Sommer_calm,90,historical,13.966666666666669,70.4,233.97819583161274,172.06036796178446,201.6040635793784,208.51244,156.29121135057397,0.0,9.231380738866218,155.35201671449605,416.9300480371228,612.3257083467348,22.683479853479856,52.192240215924414,126.13047138047139,257.5833333333333,383.1672727272729,0.4039420538649578,23.908769006527553,99.36734638746934,330.5247212905844,511.7713280457774,2.0843794,27.848816,107.929565,326.07233,459.9058
2020-08-14 05:00:00,Sommer_calm,90,historical,43.56666666666667,159.9,236.67709922043554,155.2364520190124,169.79559027660883,163.34972,169.1250535068472,1.9812818121987572,18.894438823233756,162.96870399487946,409.64183412793636,610.9836968183807,12.121250000000002,45.27645833333334,117.93888888888888,217.36060606060607,304.96396969696974,6.814846297699465,37.92543801933899,131.96596473819667,338.3033155730586,490.48616929977874,6.6991982,40.835217,131.98581,319.2703,412.4949
2020-08-14 06:00:00,Sommer_calm,90,historical,47.733333333333334,160.53333333333333,229.65512951519952,168.4719583222359,169.79559027660883,167.91374,179.93690879437173,2.8159211785433897,21.07301515502018,155.00844555604334,385.40374261154113,586.3668950465034,12.753416666666666,50.24807692307692,143.21249999999998,249.0121111111111,381.0858333333334,6.884720043451202,43.68656771497793,135.41836903257357,333.51107327231693,480.4080059005492,9.133731,48.071503,137.57239,322.14227,412.4949
2020-08-14 07:00:00,Sommer_calm,90,historical,13.0,165.43333333333334,227.62738472664122,175.98849171329897,195.8794186925327,190.13158,189.04532550479,3.8031021530834384,23.791899232092007,150.0821424144832,367.7006403841444,572.6076324749182,20.377103174603175,63.18055555555556,151.7828787878788,276.3512457912458,370.5896666666667,7.218297543569576,46.57450657413589,135.41836903257357,369.86243795363237,579.1447538671272,10.280655,47.98238,172.20844,301.3435,409.56027
2020-08-14 08:00:00,Sommer_calm,90,historical,65.8,131.06666666666666,222.09085429920015,157.36845712305995,190.4702791150166,189.99547,196.71868338305393,4.183815068379183,23.286202227244733,142.32638762435735,349.08864630508236,553.3986669823316,37.817499999999995,104.39017857142856,179.49526515151516,280.53893939393936,392.7759047619048,6.884720043451202,41.35224465688469,121.62637691050611,287.4236388026035,469.14314368664196,10.464573,45.831833,154.48938,272.14474,428.59787
2020-08-14 09:00:00,Sommer_calm,90,historical,127.63333333333334,48.666666666666664,192.7826145958312,203.54063105241676,198.19023069358084,228.16107,203.18308013553536,3.907940425320079,18.176686958640087,111.25106072537268,304.523710388095,504.706718380289,38.153333333333336,86.17202380952381,194.8857142857143,368.0429411764706,583.5522857142862,6.305222032705293,47.15024676264115,109.55061656695572,317.2682694174914,395.3520670723819,10.112622,43.193424,127.24997,331.70966,386.98953
2020-08-14 10:00:00,Sommer_calm,90,historical,73.4,213.0,242.93919309853501,424.00973067242165,462.2165796147128,464.10983,208.62899128523827,7.042527452397615,34.746177512223596,158.7387821126168,362.39144046383177,592.3919834455637,59.264212454212455,188.32708333333332,406.97142857142853,784.2959523809525,984.9375000000002,7.106186150913316,61.998828721778814,181.00199913070233,499.9851592831547,694.6126559436959,11.196225,62.03036,187.06465,515.105,611.3928
2020-08-14 11:00:00,Sommer_calm,90,historical,49.96666666666667,764.1666666666666,374.5872932888198,507.3485508449568,533.0709006794949,537.97235,213.21688237132798,15.550037663245167,85.66695653091342,308.20401914733327,547.4996857732007,846.1017703860986,91.90616666666666,172.65350378787878,452.105,805.5280303030304,1080.5525128205131,36.78438450413301,107.4344497691501,416.3007360126233,586.363638642857,914.9630242718995,32.97671,140.58873,425.48862,665.5276,945.17224
2020-08-14 12:00:00,Sommer_calm,90,historical,17.5,251.03333333333333,264.93788285912916,323.96020773911766,275.8245706418055,320.41226,217.08193709552546,8.678337683489197,39.39557610852738,158.93870181892,373.3521963163783,638.1165814129716,36.32550505050505,132.42554945054945,278.4347619047619,508.2864583333333,793.8844444444444,9.593349783969774,43.91235056662405,155.81365534627878,413.18453982894414,612.294534131779,12.596901,47.199455,164.56453,415.15286,675.94037
2020-08-14 13:00:00,Sommer_calm,90,historical,56.03333333333333,91.36666666666666,221.44403921545972,170.04749225665114,202.65738327096676,202.93779,220.33804055147704,6.655417063696822,25.242515523075028,108.62906391075553,321.5487777520418,579.4702654172353,30.540416666666662,68.52652243589743,171.8791666666667,274.4802380952381,400.482380952381,10.379914878968217,39.32989881503572,119.16583459293174,317.45584601845746,424.33863374654794,13.961966,40.19211,122.45647,308.52313,419.7316
2020-08-14 14:00:00,Sommer_calm,90,historical,61.8,253.86666666666667,279.38086014401745,299.09520641378793,262.2318627114939,310.4433,223.0811348858148,9.038170861853015,39.223480922868355,160.1487284319823,401.78987580008027,695.6594894372,36.98857575757576,115.79375,257.78,451.94444444444446,690.0754212454212,11.053868109981021,39.624542503395226,149.66379901512218,425.8963631644875,617.1777152650471,13.816359,36.707592,150.30074,450.3076,725.94556
2020-08-14 15:00:00,Sommer_calm,90,historical,30.733333333333334,231.8,280.95808313849005,238.5193543726026,284.22354816251016,290.95792,225.39204626466605,8.525577858280169,36.13695635585747,155.8031971091833,413.18926670515464,716.7591395121726,33.332,90.42775974025973,224.04107142857143,382.7565384615385,610.6637037037036,11.2929903898325,38.950515282947926,149.66379901512218,425.8963631644875,637.4376271086683,14.106631,38.941647,150.30074,404.76797,662.21436
2020-08-14 16:00:00,Sommer_calm,90,historical,58.333333333333336,153.53333333333333,269.4200853175329,184.20556562325302,197.5210027982463,249.87047,227.33886644290587,6.95435051878791,27.62995891872424,138.8235485050719,408.82000332096084,711.6311845731615,30.368095238095236,83.10492424242425,187.25213675213678,288.446875,395.37041666666664,11.192383849606395,34.08801008221937,118.17397261612919,342.255419847441,506.0362336099956,14.934226,36.983253,122.43827,359.7382,482.15646
2020-08-14 17:00:00,Sommer_calm,90,historical,9.8,252.46666666666667,302.6097459901651,309.5272883187929,266.84840090263356,313.44818,228.97895910984565,7.757837888004976,34.53603152181344,171.67065469650856,466.0986673821549,786.7240469657673,32.51666666666667,87.02277777777778,225.72857142857143,369.1564950980392,697.1293333333338,10.87827273507816,44.71164497858687,162.82569557048564,446.5595893889912,650.038920641885,14.062801,39.164646,167.19406,452.3468,701.4627
2020-08-14 18:00:00,Sommer_calm,90,historical,33.03333333333333,42.6,237.32671863210516,189.08488160905625,210.696536567588,233.97081,230.3606501289832,3.993704257838726,13.702546070535156,108.92303635179695,401.2380354151686,694.8131330681639,20.736,53.030844155844164,134.45625,306.4584956709956,510.04125000000005,10.959412889714125,45.74456766997097,129.134148049509,323.71034137675275,505.4292337208446,12.892213,39.616703,135.44969,415.57855,447.36557
2020-08-14 19:00:00,Sommer_calm,90,historical,116.7,5.3,221.36990679010594,305.9316778125278,375.81802099530773,363.87708,231.52465147527752,2.5342742443697572,8.28429237239228,100.54712273650121,400.0386180010877,681.4926767543678,24.83955128205129,80.48696581196582,189.66041666666666,416.2758928571428,632.8791428571437,9.733443936553838,48.21103732872062,154.1076471126025,520.9661653830442,598.2745846467341,7.885575,47.578274,142.86784,573.3862,533.508
2020-08-14 20:00:00,Sommer_calm,90,historical,44.13333333333333,0.0,217.8771169294513,315.49342628916384,373.4522782247673,366.87662,232.50526082672334,1.485979712682222,5.828587152872558,105.21583089788513,412.11044763895757,682.5675473192118,21.501818181818184,83.43194444444444,209.6735294117647,376.06263888888884,584.0694545454553,0.16391793409665284,33.96096805446941,173.93847130384975,492.708590922571,603.2489508463957,0.7361141,31.920061,167.90279,531.97156,572.56903
2020-08-14 21:00:00,Sommer_calm,90,historical,0.0,0.0,242.43659572108237,290.30579879824694,392.975798266335,391.3505,233.33137215658073,0.6197522278989798,3.908719344562666,125.05091148216172,445.00890485182003,713.699248134155,39.6904761904762,84.59021164021165,182.75148809523807,408.9701388888889,630.5484175084181,0.0,29.750144584530076,182.6931518464667,504.6539214218471,640.1513579124762,0.30392885,24.829388,172.5345,528.49695,721.01483
2020-08-14 22:00:00,Sommer_calm,90,historical,0.0,0.0,267.45944857998364,365.26722749821414,443.68744564777063,412.44397,234.02732710368835,0.0,2.127963850569323,142.11502861377292,473.0991573391699,743.0238981831469,80.17041666666667,161.96434937611406,347.22749999999996,550.0228070175438,748.0525708061004,0.0,26.431324682297276,182.6931518464667,545.029618320644,785.2771499219732,0.0,17.08135,193.43523,541.6337,866.7944
2020-08-14 23:00:00,Sommer_calm,90,historical,19.166666666666668,41.7,296.0399875543913,344.31974626254566,476.15515744775837,373.1327,234.61363220676355,0.0,4.583001636366635,167.83969738083775,506.47610637963504,778.0119139346268,76.12345238095239,165.159375,314.1525974025974,526.0442708333334,718.9232738095241,0.0,33.313665429776776,182.6931518464667,647.327688839042,758.2995298107957,0.268218,25.0478,188.43274,565.58575,786.13806
2019-08-11 00:00:00,Sommer_average,90,historical,288.6333333333333,627.8666666666667,304.19956804625343,443.0599496781364,452.04291573249793,409.52463,305.8427652901985,1.0214966824065643,26.779966993583653,158.7479320232298,474.91892037345417,801.7465873770788,129.90583333333333,253.93200757575758,421.7735714285715,613.8773148148148,964.084375,0.0,59.97921320042136,250.19257356992608,452.90302130238024,683.46074217514,0.99426985,47.52595,249.69957,437.83673,643.6397
2019-08-11 01:00:00,Sommer_average,90,historical,26.8,343.53333333333336,252.82224019223952,183.6452372732343,202.59816112833082,191.77661,302.019186802967,0.041065624335646866,11.007015583571548,85.21590873744819,367.7382381216806,714.2024818723494,1.970833333333334,28.52678571428571,130.9757575757576,318.62333333333333,500.2566666666666,0.0,3.8247235466038627,81.2592373754214,304.5551595024651,602.8387796284009,0.8085981,0.776696,93.98735,315.66278,614.73895
2019-08-11 02:00:00,Sommer_average,90,historical,47.233333333333334,111.86666666666666,205.5169241296038,141.51475413375158,140.80607456275013,103.937164,293.4917840695196,0.0,0.0,21.55350019570851,268.30448907557223,621.2366281802142,0.3930000000000004,9.594871794871796,67.48851851851853,213.7640873015873,362.9529523809524,0.0,0.0,19.148253084398938,218.31610419177912,514.6453538540977,0.0,0.0,31.23471,205.37767,539.19543
2019-08-11 03:00:00,Sommer_average,90,historical,39.86666666666667,317.1333333333333,235.8733962206463,179.58703254033978,180.98868959543745,180.16228,283.80355244023156,0.2910239983167435,9.67930177166223,72.3988794019766,327.40722198392405,650.7509468252317,3.5263203463203476,46.666287878787884,169.94678030303032,350.07410714285714,503.3153333333335,0.0,3.0938821342427363,81.2592373754214,260.3981010182575,519.4729496054932,0.65358305,0.5263188,90.324554,278.32288,541.75397
2019-08-11 04:00:00,Sommer_average,90,historical,27.733333333333334,385.8333333333333,235.28219963420025,173.2328820373759,191.01714544526538,160.4827,274.46407799005533,0.9294800714091689,13.943457790807063,82.03577281735903,322.8658930883403,618.3927043146871,4.987121212121212,53.458660130718954,160.592673992674,303.25333333333333,467.94833333333344,0.0,6.186452478553289,131.46128137774878,243.46468999617824,481.0657370930979,1.5028595,8.398204,115.6705,273.6759,510.95508
2019-08-11 05:00:00,Sommer_average,90,historical,38.86666666666667,485.8,244.19634461836446,185.35938549761013,200.69830176381328,179.0729,266.0459184087516,1.8667269688189156,21.43644475341529,107.34309051490051,336.0913078897878,602.6640766513544,20.43994708994709,74.16821428571428,171.5324074074074,296.8141203703704,420.9510227272731,0.0,50.332451751576144,161.60694286099584,240.0663759043328,420.8635010477487,8.132789,46.618763,160.38905,252.25664,473.22647
2019-08-11 06:00:00,Sommer_average,90,historical,293.3333333333333,389.1333333333333,218.97299585381586,189.29981306426518,200.63432953150905,205.17992,258.700143056726,2.4014753183776674,19.66084873940547,85.07691169558466,278.0122540558576,528.8934971365363,24.97169841269842,81.59305555555554,162.95532407407407,283.84583333333336,462.828,0.0,50.804040553992024,143.4959041376385,222.50179178121158,434.2375295461216,10.0647,56.195995,135.78322,228.46672,461.27823
2019-08-11 07:00:00,Sommer_average,90,historical,274.76666666666665,400.8333333333333,211.32088042876677,200.76950065789373,200.63432953150905,197.44191,252.397148525833,3.2761810079571374,23.396508453433256,89.5235269219468,258.8258291800657,483.95310196321753,40.00407407407408,85.80873015873016,168.2919191919192,310.2655555555555,529.6320346320354,0.0,50.804040553992024,143.4959041376385,232.45305444086836,364.2632557369496,10.485826,51.372208,133.6368,190.02925,344.86063
2019-08-11 08:00:00,Sommer_average,90,historical,262.23333333333335,400.6,199.00897789889154,187.98196027532526,212.49257690768414,197.08482,247.03778899054439,4.0985209668861,26.04159970416414,87.17862314215863,231.92006117448943,430.40983389426844,37.714375000000004,67.12708333333333,122.6654761904762,252.55982142857147,488.97652777777813,0.0,50.19967427400997,150.5266100461338,212.79117446490642,308.96519585423954,10.337302,50.441803,125.66359,200.60097,341.15598
2019-08-11 09:00:00,Sommer_average,90,historical,79.63333333333334,561.6,219.33751143949883,175.89890674858114,203.67663875253422,208.66162,242.5035013633273,5.377843938996566,37.620581639611345,128.59514907753598,269.7780834701933,435.76108248633585,41.05523809523809,74.95476190476191,135.0715277777778,249.82379807692308,380.1767142857144,0.0,50.838861894513194,166.14803127660127,293.7882362473254,294.80529286080247,10.713089,50.755306,150.93834,262.58887,317.93402
2019-08-11 10:00:00,Sommer_average,90,historical,29.733333333333334,898.4666666666667,274.7145421844437,284.58637282449405,181.67893817589282,197.953,238.67791323279337,7.01166698767474,57.9245927646307,218.44269142514662,382.5558517220387,509.76558726896997,41.4854797979798,96.00055555555554,221.32693602693604,477.22777777777776,586.6089523809526,3.7651161188503877,62.16652468828337,190.24272882965903,305.8967969026993,506.4099858583509,15.942889,71.44537,188.1963,288.60626,465.4803
2019-08-11 11:00:00,Sommer_average,90,historical,24.366666666666667,1209.7,329.99004833847823,312.82990600281494,275.6822102136278,241.92488,235.4552729965574,8.422275096566494,76.79065846920362,304.48873647652766,495.2387342509065,594.5794733375612,43.21395604395605,102.053125,260.45666666666665,481.49322916666665,600.0533333333334,6.640417787119822,55.103781134475774,177.2856588008843,334.62159763156484,507.04317082115705,14.603624,66.55531,172.04442,369.7771,503.99573
2019-08-11 12:00:00,Sommer_average,90,historical,53.766666666666666,1620.0333333333333,409.5470512859499,289.3203113742861,217.3779453301712,228.59511,232.74292077103982,9.92592574642618,100.76803460129332,421.22906718266324,658.1665900744649,734.1346893049932,53.507532467532464,113.06270833333332,265.395,463.65392857142854,612.2177380952381,12.383324178602575,74.35476183317941,190.25634036841956,550.8874778545825,465.8548417611876,18.926521,81.639336,151.21846,451.52167,491.0474
2019-08-11 13:00:00,Sommer_average,90,historical,175.83333333333334,1159.2,332.98358106909194,270.0437244552671,237.1471966756506,272.27255,230.46117679378878,8.787339704891817,78.8453822205409,309.3305656134946,497.9213515784683,618.3262241069749,57.72958333333334,128.44675925925927,243.04553376906318,411.03125,573.18325,12.576776688855478,76.59580755024925,212.6856525068185,350.1287038053634,476.61716861117856,20.64799,84.72898,185.98958,348.9964,469.2237
2019-08-11 14:00:00,Sommer_average,90,historical,191.56666666666663,1298.6333333333334,365.8558240246575,263.44350957726846,234.60206938870195,258.58035,228.5422097018768,9.076163376773838,86.6355262282467,351.77179421755795,567.6048660333843,693.387706367619,105.10525000000001,163.85251068376067,250.11071428571427,379.7433333333333,503.03598290598285,12.576776688855478,83.80243408486125,244.99790056025458,368.3885744068137,489.16883177820324,22.522285,91.62682,229.69746,370.4616,459.10464
2019-08-11 15:00:00,Sommer_average,90,historical,181.46666666666667,910.3333333333334,311.0337491263217,237.7465656628801,232.20462217975063,254.5903,226.92859295046668,7.828371306707533,68.01624461758963,260.8531920541016,447.32789962812615,626.9068905416354,70.36936507936508,146.32158119658118,246.2890476190476,355.0397222222223,466.46857142857147,0.0,83.9014315358271,254.8999731887055,329.1756461038132,419.4409536848189,21.840359,103.59241,233.95964,324.04663,428.172
2019-08-11 16:00:00,Sommer_average,90,historical,104.2,1071.2333333333331,343.9722056534889,287.72433600068734,277.4479600155714,298.28622,225.57185783052682,7.628501698310289,73.21126740773029,300.04223998761313,526.6953116107773,711.3740588117053,122.49686813186814,198.05654761904765,301.22916666666663,422.19270833333326,535.6387142857143,0.0,75.68908216584583,257.861530204652,420.45507597166335,428.36682599561084,20.26458,101.15919,267.43842,405.72296,456.61725
2019-08-11 17:00:00,Sommer_average,90,historical,81.23333333333333,1051.6,345.89340340943545,258.8092795098109,291.49316095962683,288.56186,224.43116633234405,6.774354047062506,68.59937518303155,291.06797904510273,539.8116776372783,747.3207124080456,118.28990476190476,186.52692307692308,278.57799145299145,375.0083333333333,505.42991666666677,0.0,62.89311614156806,255.02538638611466,419.5922222126573,463.4567324082901,19.2556,79.00892,260.62683,418.52875,468.31287
2019-08-11 18:00:00,Sommer_average,90,historical,55.2,741.2666666666667,303.9355719693872,213.27926762170085,267.7910851380732,266.05273,223.47214294648774,5.142958293979127,50.46231915504919,213.8272530266828,452.86953786445525,713.6845116690371,58.933616557734204,127.40985449735447,240.39166666666665,326.97962962962964,402.0631746031746,0.0,61.89501448249071,239.79604114367731,399.3716045887349,456.05693817584813,15.291046,81.35653,257.19608,376.31543,389.90994
2019-08-11 19:00:00,Sommer_average,90,historical,358.8,641.4333333333333,309.4619155628948,209.56264141631198,283.1672225426136,239.90141,222.66586767258272,4.172608402370811,44.953845326379565,201.61897409971488,456.77411563272767,764.8617436394362,56.20616666666668,151.55403846153845,241.2509259259259,308.5491987179487,378.5756666666667,0.0,50.85092229855815,230.01126607374502,394.3792612133088,428.11297481816564,8.248826,67.19831,255.14476,374.3541,480.6206
2019-08-11 20:00:00,Sommer_average,90,historical,355.3,466.06666666666666,294.3570712247823,180.81700445337611,228.70742484774382,210.12079,221.98801763791215,2.8611778246106696,33.762054804125775,163.62333515774964,425.1282286911497,777.5988625478037,20.882121212121213,68.04369747899159,168.9292929292929,256.2679563492063,379.9215128205129,0.0,16.770111576223528,162.1397416822481,284.4237720816857,483.8803900851162,2.6696217,26.45157,159.32268,303.6493,472.341
2019-08-11 21:00:00,Sommer_average,90,historical,98.06666666666666,560.3,308.599029101954,179.245357097583,246.00594729214004,227.02356,221.41813985609596,2.062538911928498,32.470742874521186,175.54475818497968,469.4468025385632,826.9980763189913,13.077761904761905,63.296666666666674,171.05185185185184,279.54621212121214,425.39053030303035,0.0,6.2311931122884525,237.1086350801991,352.99330050046694,524.307121305945,0.8978984,19.63155,155.66185,326.02496,516.6991
2019-08-11 22:00:00,Sommer_average,90,historical,7.566666666666666,703.8333333333334,363.73653056687965,259.8969513071564,361.5360381038885,339.04153,220.93903717733494,2.11557748198308,42.612314893033115,232.79454129712423,559.6316834054901,950.1366417591871,87.2970202020202,187.10902777777778,290.5763888888889,389.2988888888889,544.3952424242425,0.0,58.517998114560626,231.47676312561413,482.46520989148127,720.8095481776904,3.0581248,46.523537,251.7184,428.66074,779.68585
2019-08-11 23:00:00,Sommer_average,90,historical,68.76666666666667,366.73333333333335,346.4885054906571,248.3837573119543,364.53555637090017,369.51962,220.5362507942594,1.215362273123342,32.05939687925013,185.25498201866853,487.4165916371684,954.8928013890016,15.541547619047618,86.6398148148148,228.88738425925925,434.58666666666664,627.8700595238096,0.0,4.105657208860212,192.39763158439,461.4604001363778,782.1557424519689,1.0241301,11.63495,173.1389,482.77386,715.3629
2024-06-21 00:00:00,Sommer_windy,90,historical,218.13333333333333,430.8333333333333,309.9439096103506,260.7911787637233,344.24935624233507,278.56076,887.2796867490175,2.6276025524024,37.65077813630165,231.48321188657061,487.9020230850605,698.2465265576636,48.892047619047624,127.29144444444447,282.9390909090909,468.7664583333333,598.5595833333338,14.118636252985468,49.20272313388693,268.04036889825676,597.5045896216697,595.2154967768284,33.532555,60.044987,283.60275,545.7058,514.51715
2024-06-21 01:00:00,Sommer_windy,90,historical,78.9,424.3666666666667,314.6919891238898,300.8936412202883,401.789507860042,363.3494,795.9417192313034,1.9674389364714324,37.26646942952816,231.72137596224684,516.3127701929097,708.4145066807798,38.355000000000004,99.43507326007327,251.01818181818186,465.76,652.534285714286,14.202493991484216,59.13097261046995,285.4837986562125,718.3306943968861,607.1909057831085,38.508247,86.67025,308.27145,701.8187,635.42065
2024-06-21 02:00:00,Sommer_windy,90,historical,13.666666666666666,374.2,289.015769994867,223.94609048048068,254.10715430635736,246.51126,746.2185934580575,1.4438378239007799,35.20659871111731,227.10752989009762,452.99679837807093,640.3297093261609,40.63399267399268,103.51178571428571,207.64843434343436,386.32985347985345,517.9874848484849,13.798846671850562,47.00329756347673,259.3518751449123,420.4715920948752,494.4310655488224,35.82204,46.521603,256.62216,412.98187,417.25443
2024-06-21 03:00:00,Sommer_windy,90,historical,110.6,447.9,288.1089371800342,280.54557419894087,345.61398914981413,269.0458,683.7779550408356,1.8952048047220469,37.14019425915515,221.56348555935335,445.19730669420386,645.0596963052626,54.994871794871806,145.39885416666667,298.4472222222222,437.82000000000005,549.5233333333333,17.899176404057535,52.73794175482332,287.4240832287054,505.8732451483782,535.7207653379022,24.397633,54.177795,302.2798,445.34183,464.7877
2024-06-21 04:00:00,Sommer_windy,90,historical,134.53333333333333,464.23333333333335,279.6852680308984,286.1776715790155,304.7694445640051,226.098,641.3829671047379,2.2786158979836184,36.847137770924945,207.8296902743749,421.5115085220524,632.9027239006476,50.09638888888889,134.42260416666667,284.88838383838385,438.09814814814814,543.1425925925927,19.838260201720413,52.73794175482332,211.49678674852856,412.4889662709513,497.34942488646914,25.037931,54.26191,245.44223,388.99103,453.035
2024-06-21 05:00:00,Sommer_windy,90,historical,230.43333333333337,574.8,291.69669923004096,328.1041302616047,341.57373335263856,242.78745,596.7008768049976,3.5281429489858276,41.36698247648049,205.89767679283298,425.08868160088343,663.2247774473954,49.31194444444444,152.35250000000002,303.6815476190476,497.79596560846556,634.1575000000001,18.278577203706725,54.343121319823545,184.1705871075597,326.2283822168915,533.0186690312638,24.442019,61.74702,231.20764,304.71924,482.98813
2024-06-21 06:00:00,Sommer_windy,90,historical,231.8,560.9,284.3379962277477,245.84660906720225,306.16449195574086,232.6356,562.5866495386401,4.262584792239825,40.53308571823658,188.30686026591314,396.1054625153713,650.9365486758259,44.97555555555556,111.00023148148148,217.21452991452992,372.0440384615385,549.5316666666666,17.4989691143285,55.553877413905084,184.0697003457434,280.6345106046797,537.1257302772599,26.04779,62.83754,225.02007,296.21616,472.79303
2024-06-21 07:00:00,Sommer_windy,90,historical,92.7,469.53333333333336,263.6556502211626,174.6249436250373,246.34884891333058,197.8329,529.7152495038521,4.717756000796328,36.42794428861535,161.597988824933,342.0524187019993,609.405328816248,36.17,74.69363636363636,166.81623376623378,256.9533333333333,388.9821818181818,17.438519393451898,52.28219430693852,161.11136146369202,278.8281261378643,518.524925867064,22.526054,56.074734,193.42958,276.60825,427.5972
2024-06-21 08:00:00,Sommer_windy,90,historical,43.43333333333333,272.7,228.02522510441776,171.75962473738883,163.39041615488077,150.21262,502.99681294331197,4.554303106721173,27.61463092800981,126.05324758910116,257.98571998110106,522.2414070608111,28.065085470085467,62.84895833333334,146.088125,234.65106060606058,372.0780952380953,10.59769693038188,29.688662972748382,111.94356339415026,241.8778691864735,381.83794600071934,14.4548645,36.262383,107.85478,249.9528,346.44055
2024-06-21 09:00:00,Sommer_windy,90,historical,90.0,145.83333333333334,202.47545553159966,167.1453325604335,145.78032144965815,128.091,478.42899874640125,4.879228018561577,21.34413298445839,93.21560069342519,198.7552042167816,473.55756182575004,28.498083333333334,61.60251322751323,139.49861111111113,219.19236111111107,330.5870129870131,9.382382886920329,28.333969182641592,99.1321046088025,190.82767073962125,360.75760807500615,11.491388,29.501492,80.573166,210.31018,353.63104
2024-06-21 10:00:00,Sommer_windy,90,historical,54.86666666666667,202.46666666666667,219.57799463326248,168.09679114960923,146.55483893364985,150.88211,457.7826528609602,6.317945888611924,24.900483943107794,94.0936141500397,206.54828663713246,508.49053614567754,31.091500000000007,69.87982804232803,142.75965277777777,219.45416666666668,324.5531111111111,10.59769693038188,25.395829867484956,103.83881590705062,190.82767073962125,367.7694011776165,14.048829,34.140594,89.60344,224.04874,362.0835
2024-06-21 11:00:00,Sommer_windy,90,historical,58.43333333333333,22.366666666666667,166.7825770860964,171.20409934673768,93.55643272591706,155.07436,439.259989912272,6.113911981486756,12.347825357085668,32.10122633550472,125.54014636502023,439.23729403538414,18.0805,60.35462962962962,169.71608796296294,256.73593750000003,358.4203333333335,5.35214516083951,23.318794534593213,87.72066328180867,138.77109158241717,342.58107984156516,7.108934,25.38613,62.81376,153.52878,337.73187
2024-06-21 12:00:00,Sommer_windy,90,historical,90.63333333333334,95.3,201.99872018771202,174.98621933377748,141.32221594754944,150.21332,423.4154893468775,7.460118624332818,19.513014720907393,57.802054800883866,165.79794572667134,500.1236486202214,32.365,84.32582070707072,177.50959595959597,246.54697802197802,353.16109523809524,7.159384284263561,27.844224678640494,99.1321046088025,210.46924014441157,465.1448809499159,7.654354,29.164566,86.05009,215.76654,434.6621
2024-06-21 13:00:00,Sommer_windy,90,historical,234.26666666666668,88.46666666666667,215.53728032981633,150.0337636899067,124.3945584887763,138.70671,409.3843731637918,7.95509381870671,20.025619301407566,58.35923102711098,193.54294485148944,534.9703314755762,24.657197802197807,45.93166666666667,87.28571428571428,183.34666666666666,318.57500000000005,6.864067736026284,31.88215134880288,81.94904426447243,253.3594344184988,510.7753111872679,8.2485075,31.70871,75.059654,246.68422,468.37747
2024-06-21 14:00:00,Sommer_windy,90,historical,295.76666666666665,63.03333333333333,216.76291272626193,151.4146656183828,128.94063218060225,147.053,397.2685452866092,8.074983446555887,18.825458075804335,55.44968005966197,201.73883765791703,546.9428666410452,27.657703703703707,46.16527777777778,93.05277777777778,214.42518939393935,341.15616666666693,6.428473554581959,29.43144888423177,81.94904426447243,279.3901466416303,510.7753111872679,7.4440427,34.248146,80.29665,252.78311,452.40738
2024-06-21 15:00:00,Sommer_windy,90,historical,459.3333333333333,42.63333333333333,221.69412656397094,152.76688095757777,112.53534690290408,146.9077,386.6128726292103,7.91096661646889,17.489393402670657,53.8492740450549,230.0999827218272,572.0487842641542,22.590999999999998,43.26904761904762,104.26736111111111,196.2107142857143,324.2176666666667,8.007710473853434,26.93416996386268,72.6636688926763,314.4252692380132,493.76902868039986,9.516889,40.491104,62.426945,321.16528,508.73337
2024-06-21 16:00:00,Sommer_windy,90,historical,518.7,22.866666666666667,221.4125025375546,190.14105495867642,169.31036781387618,179.43921,377.36571623737285,7.508628029297377,16.39201950626515,57.126463038983104,246.73899436982117,583.3599727674189,28.13375,97.20293803418804,207.70034965034964,344.91731481481486,487.33738095238107,9.199232790622963,29.152504874010827,86.61894258441733,334.5345368446007,481.63006351112875,15.659229,38.779427,65.26307,341.5383,530.8387
2024-06-21 17:00:00,Sommer_windy,90,historical,463.8333333333333,1.6333333333333333,214.7083016866549,196.89261358485976,271.274955876006,167.87416,369.2625306133671,6.828234769117085,14.128327722260721,54.802785820978585,263.09839505135096,592.0338907108785,16.932619047619053,65.67297979797979,188.15969498910675,319.3197916666667,460.340512820513,7.268831512082759,71.10837992219776,98.40114087832953,378.0926511606316,496.65443630542546,13.511983,68.29991,77.9485,338.14252,526.61346
2024-06-21 18:00:00,Sommer_windy,90,historical,579.7333333333333,38.36666666666667,240.75583148945208,219.80357018827894,215.0927013432596,188.99568,362.2118457624046,6.410767427446062,19.66521232285907,95.96961300021196,314.2102282795827,627.8904357339336,58.51055555555556,139.20944444444444,262.7061111111111,447.02750000000003,517.0516666666668,8.26281071614281,32.620221454612434,125.07109277746629,349.6474737550289,487.317442500165,21.278831,43.143795,101.08416,332.93198,525.8803
2024-06-21 19:00:00,Sommer_windy,90,historical,326.93333333333334,151.46666666666667,288.439399773863,191.0092097035239,237.1045228664549,203.30278,356.04529541937245,6.264836940434982,29.725493426324164,155.92508073549934,398.91296721624224,695.7442547054229,27.59057142857143,66.1063888888889,129.96805555555557,230.43129629629632,491.17428571428565,19.158248837912126,37.61755333374144,172.1904826016015,367.5649818736945,510.68325049573633,25.010906,49.549164,157.2699,371.70923,549.54065
2024-06-21 20:00:00,Sommer_windy,90,historical,850.8333333333334,166.73333333333332,294.21581481084684,193.76005072728267,263.5387286396258,312.22504,350.6721802874752,5.278783582115334,30.439064976574222,173.05719548621613,430.7547464887118,704.6267577259863,22.209871794871795,46.18791666666668,128.96767676767678,255.54305555555555,494.53727272727275,15.98938620622211,39.037979637426986,227.01651109256306,618.1592850498397,525.7076232900332,22.13396,54.279396,228.82072,546.8626,565.41
2024-06-21 21:00:00,Sommer_windy,90,historical,316.43333333333334,108.23333333333332,288.1883182540291,192.40570299917613,341.64673568113153,370.50027,345.97762883652933,3.8009889227967992,28.39309070197405,184.54126859102163,440.60311801795655,681.3641244693208,6.9710256410256415,32.472069597069606,130.22407407407405,307.4466666666666,551.812777777778,12.202880668251671,36.06600683734664,277.59956217254484,639.3938614881464,625.5861901327246,3.8545182,52.47958,327.53577,586.7922,702.8956
2024-06-21 22:00:00,Sommer_windy,90,historical,467.6333333333333,259.03333333333336,326.46040589381244,427.1808577906125,570.3540590613292,514.46625,341.8840774488439,3.6495821259241206,36.71033840098541,225.34547858896192,519.1078246364756,746.607203441785,50.99466666666669,138.7431623931624,416.9959259259259,701.5430555555555,893.5519444444444,7.584090774871419,53.44057190439508,381.9843797020326,783.643410245335,704.8470091447847,31.239847,71.16004,524.3035,790.11444,740.82385
2024-06-21 23:00:00,Sommer_windy,90,historical,758.4333333333333,930.1333333333332,410.3855506256797,710.8288629249421,534.2928999536623,501.59317,338.30942702479786,6.742565336478592,60.34646003522602,270.8260193778149,683.1036778005744,978.3400574128934,320.3,510.91401515151506,681.0251322751324,788.9502777777778,883.7740740740742,26.702146196569334,118.28564678121876,360.4473344709394,816.6258068926352,948.0654055993671,47.64214,135.08708,560.4135,941.5001,988.2973
2017-10-03 00:00:00,Herbst_windy,90,historical,631.0666666666667,509.53333333333336,316.08139733156054,341.4571298391687,300.5793503582768,332.97705,583.5701334466988,1.3548433348548774,28.942577521888442,150.73777528936267,502.92346955978763,844.1530540100636,38.0038492063492,109.9375,299.10671296296294,502.8074786324786,651.5650757575758,0.020000000000000004,16.030978576864445,378.3004437463618,537.2083996346979,790.998054423802,0.0,90.97219,327.57156,506.18768,744.2549
2017-10-03 01:00:00,Herbst_windy,90,historical,655.0,349.6666666666667,277.228914472273,324.47625441118606,217.50805509050534,216.5067,555.3775298569395,0.6946546688848765,20.633761035584435,130.2982813356832,434.2011577483914,743.3052266927575,23.73833333333333,100.39479166666666,268.98386243386244,502.31201923076924,668.0783333333334,0.020000000000000004,5.909605065869996,79.7328337883324,488.4822829326723,728.5219779523833,0.0,10.340045,98.05287,446.5283,683.98376
2017-10-03 02:00:00,Herbst_windy,90,historical,478.03333333333336,382.1,288.28315047393966,281.7507827094289,289.1817752852694,264.19476,532.3393667879939,1.0404201110638183,23.41988532568027,138.6541111586601,437.7361691536777,753.8597593032184,25.590416666666666,81.19186507936507,239.26736111111111,448.8832589285714,583.5192727272728,0.020000000000000004,13.202411614404172,191.18861647653654,483.9213191278036,726.0791444676228,0.0,12.694745,134.18924,444.06482,736.91956
2017-10-03 03:00:00,Herbst_windy,90,historical,605.8,526.8,316.178637645107,235.61227046351817,248.23265329484445,219.10382,513.1120884638193,2.0027399862699804,32.44128534096404,153.98641934801222,477.8292573254233,825.1946456372567,13.954722222222223,41.702635327635335,159.2023809523809,381.6766666666667,530.0834285714286,0.020000000000000004,46.28398760367788,228.4425294283332,512.4311590555102,726.0791444676228,6.9607124,51.871758,219.34386,486.77628,655.4751
2017-10-03 04:00:00,Herbst_windy,90,historical,313.8,478.3333333333333,302.1831589425168,253.93560876077458,264.8373790168307,211.10109,496.7278100998999,2.392372522911271,31.68972945688612,143.05001953733716,452.69026968421133,805.8813055040205,13.891666666666667,36.06192307692307,106.50625,299.94916666666666,505.08058974358994,0.020000000000000004,47.91277180424151,220.35715194373086,525.130649315763,726.0791444676228,14.440352,57.645,222.2121,472.3805,637.4652
2017-10-03 05:00:00,Herbst_windy,90,historical,190.13333333333333,592.3666666666667,327.73687010131835,235.2369054863696,250.4713104261016,225.07614,482.48814338719734,3.3618736616979357,39.80718094615334,156.242455935934,480.15738882736184,864.5404933335058,15.143166666666668,37.92047619047619,95.81597222222221,237.97499999999997,458.0186904761905,0.6380500000000001,72.95232910539944,224.58644450629833,525.130649315763,713.372779153757,18.21403,77.6835,229.89616,482.62167,657.1036
2017-10-03 06:00:00,Herbst_windy,90,historical,135.86666666666667,436.06666666666666,302.5806815066019,215.67072898938488,291.54765191269655,281.50705,469.88807672081214,3.474971660830483,34.16505250102086,138.93117455781638,423.8013520875869,802.6349816471794,19.484846153846156,40.10740740740741,117.31992063492063,256.58501602564104,421.5460000000002,1.225742625,80.90639649615527,202.126033257968,531.4394106257894,713.0009651519314,23.083355,87.381256,224.63217,509.19867,669.7762
2017-10-03 07:00:00,Herbst_windy,90,historical,165.4,569.5,343.53595562320845,244.23672085430982,322.5813200961422,265.6616,458.5614006673562,4.808165946502977,44.07527322522637,159.37982151840623,475.0207631217127,900.3588391647677,27.372142857142855,54.17622863247865,151.60555555555555,331.9479166666667,493.94838827838856,1.225742625,82.55551009540086,201.85182803980854,531.4394106257894,713.372779153757,24.571655,95.11038,241.92546,499.9389,666.1401
2017-10-03 08:00:00,Herbst_windy,90,historical,100.43333333333334,516.1,338.4091639863347,235.52590518760726,297.4408850475422,263.00867,448.24157857066234,5.189611134332308,43.615915269826615,153.20716823530077,453.8573083375265,889.481129842716,30.17777777777777,57.360714285714295,152.95055555555555,324.51845238095245,501.1774358974359,1.225742625,77.89383872801925,219.26695543729411,555.3196699159292,724.063702990654,20.738186,85.65167,258.67978,506.80682,708.4123
2017-10-03 09:00:00,Herbst_windy,90,historical,314.3,552.7666666666667,357.5214534525293,290.59029806768467,325.98521616386904,353.0157,438.7336893919073,5.921062265874197,47.835825455412476,161.07680238791673,471.5325055576383,933.9055797823222,30.17777777777777,59.071111111111115,227.16407407407405,420.29083333333335,597.7902051282051,1.225742625,73.81766974341787,206.22100239724915,549.6707933828349,746.2529495613315,19.70822,71.84518,225.63141,534.4006,737.74664
2017-10-03 10:00:00,Herbst_windy,90,historical,371.6,364.53333333333336,331.2097654961284,362.760549514023,396.4433159056745,396.80933,429.89430803119325,5.786346763351836,40.180802397456446,142.3838925169443,421.3735818475413,876.692532657263,34.37233333333333,108.73229166666668,294.1490196078431,538.6016025641026,759.9368253968254,1.225742625,48.72750402353833,184.46427008478557,508.95203318889486,757.2908709370959,13.715087,45.150703,179.75838,490.67834,796.9625
2017-10-03 11:00:00,Herbst_windy,90,historical,135.03333333333333,462.3333333333333,365.82029386523527,353.3255802798888,337.7766402807427,367.29657,421.6170759535772,6.538733510801096,47.104000483279435,160.51116928836828,469.96685071644777,959.3515630872923,31.091666666666672,65.44586894586895,256.7001282051282,530.5666666666666,730.2973076923078,1.225742625,73.81766974341787,205.55858918998217,581.7722232612047,757.2908709370959,14.596274,74.56892,231.69054,624.86475,790.96246
2017-10-03 12:00:00,Herbst_windy,90,historical,322.6333333333333,375.43333333333334,358.3268142401917,366.4378937389527,399.96254958356144,413.32092,413.8223512068122,6.39736413714649,43.52444525119155,154.24751243731714,454.99305035478346,943.6009523813253,30.151458333333334,108.2644675925926,306.88444444444445,586.1777777777778,797.9410000000001,1.225742625,48.630595289938746,184.46427008478557,542.455600739776,819.7669474085146,14.784204,53.653927,194.48573,526.18524,832.18695
2017-10-03 13:00:00,Herbst_windy,90,historical,570.6,467.76666666666665,384.54007270640295,408.68353577989603,374.9755192140011,443.6648,406.449783028126,6.648770957056482,48.31044582799201,168.50885053165382,495.54115715503394,1002.6114599435374,52.118571428571435,178.34537037037035,426.98749999999995,638.6930555555555,780.0038888888889,1.225742625,69.05513233070006,205.55858918998217,600.1501113726417,819.7669474085146,14.810739,70.378426,252.93932,657.01306,852.26416
2017-10-03 14:00:00,Herbst_windy,90,historical,717.3333333333334,583.5333333333333,413.7246077908432,474.6568659166649,464.2320686408058,486.37592,399.452983202862,6.7872425084684425,53.723039538380746,185.51587729402954,543.6955007353513,1067.611095913639,124.18274509803923,325.0325396825396,537.4316666666666,698.2714962121213,837.6093939393941,1.225742625,71.22685586567358,218.38546024741473,630.6867223016163,820.1387614103403,12.568591,83.95131,273.3932,678.15857,850.50415
2017-10-03 15:00:00,Herbst_windy,90,historical,656.8666666666667,884.3333333333334,467.37010923348976,552.7800236956186,497.5325650342529,487.6523,392.7957007252776,7.1132029745126815,67.37018982220377,218.26672518206507,634.3332876509921,1187.4824983735307,281.96847619047617,460.0593406593406,637.4930402930404,762.8954545454544,957.6823015873019,1.225742625,74.28933020186635,243.660336585774,690.4184049398332,815.4422527462829,12.235033,76.21394,306.0136,712.52545,840.8942
2017-10-03 16:00:00,Herbst_windy,90,historical,522.4333333333333,598.1,419.2433192705573,461.51475574052137,414.6845536735287,482.51135,386.4490743341778,5.796798699117909,51.26001097064858,190.1205357637653,563.2137376689872,1071.9427061215279,128.03988095238097,335.3760416666666,537.4316666666666,693.4666666666667,818.7323076923077,1.225742625,72.3700197502053,240.75357216581563,618.0244154213293,788.3989087973374,12.672958,81.35975,265.819,615.20844,791.6709
2017-10-03 17:00:00,Herbst_windy,90,historical,675.1,973.3,481.63158644579903,570.8000245780164,622.7533661357152,583.43445,380.38965794423655,6.094194413096665,67.97011490823465,230.16148077958755,673.3190706650694,1212.8940055721068,202.79421296296297,432.74702380952374,626.0450854700854,774.812037037037,953.9791111111111,1.225742625,82.86464275023994,328.31088407347875,621.0412331828578,809.7210983875982,12.392996,84.75241,300.49405,713.1309,822.797
2017-10-03 18:00:00,Herbst_windy,90,historical,556.9,995.4,482.10673543044265,589.487398995563,815.7460137267342,766.909,374.5980003381842,5.4320632571465985,66.67367161086119,232.6574541270282,683.5821087453326,1209.3569052416256,198.4243333333334,446.49684829059834,657.8200757575758,796.6527777777777,984.551858974359,1.225742625,84.26817040448122,310.78726054810204,678.0063501719598,913.0347963177683,12.67463,86.70117,307.48517,748.5223,948.39874
2017-10-03 19:00:00,Herbst_windy,90,historical,392.73333333333335,920.8666666666668,463.1921857845256,592.8744435434302,749.0100644961905,669.54755,369.0576223818133,4.491302938455961,60.14665378964442,223.26752079401626,661.7621958856755,1158.6984762630918,160.9496363636364,418.83288690476195,649.3166666666666,803.4694444444444,992.5158888888888,0.6180500000000001,60.69637133347143,525.8496138558181,678.0063501719598,913.0347963177683,6.8950396,70.8929,284.24133,730.8293,951.6061
2017-10-03 20:00:00,Herbst_windy,90,historical,465.9,707.4666666666667,419.02469273975123,483.2594300719986,512.1157820388189,471.4169,363.7542793951502,3.2577963102664733,46.829594478010875,198.6865644239275,600.1756198821552,1052.0938159394289,90.16830687830691,254.52013888888894,524.6558823529413,700.0324074074074,849.8730952380954,0.020000000000000004,49.21481910162534,245.89836951964284,582.4604929990428,869.4453919345276,6.354672,64.87193,259.01312,618.591,816.9489
2017-10-03 21:00:00,Herbst_windy,90,historical,520.8666666666667,619.6666666666666,385.15594340651666,326.12172868637435,534.7365534413673,489.20535,358.67542812135423,2.349901141172824,39.766240625460924,179.98097119212142,563.8496927922633,983.9108833663292,31.81866666666667,114.79879807692308,289.12038461538464,543.9797619047619,709.7510989010991,0.020000000000000004,35.056358479771596,203.92389085769352,609.1377360990087,911.6119247671992,5.0203857,39.22394,234.20099,604.8762,897.54846
2017-10-03 22:00:00,Herbst_windy,90,historical,549.7333333333333,528.3666666666667,362.6432383202423,305.2715078461581,484.78691707154536,459.30264,353.80984053712325,1.8437659852103265,33.60140145543371,167.15692115658703,540.4866415280907,940.0204433356073,19.12904411764706,70.64260416666667,216.13809523809522,445.3125,741.0422222222229,0.020000000000000004,27.63035385391197,236.75083120384681,599.9091062817891,913.121432568164,4.439193,37.269264,202.01103,588.4371,915.6362
2017-10-03 23:00:00,Herbst_windy,90,historical,243.56666666666663,611.0,364.28056189672446,275.9195549624493,321.4478549301032,412.38693,349.1473230945825,1.7487656832761544,36.24741514171832,169.43765490362344,552.4777773590203,948.8214394374135,15.136666666666665,64.7375,209.24636363636364,452.82878787878786,664.3845238095238,0.020000000000000004,29.902091487447887,228.30631352616675,553.5946232602774,800.9447687492776,1.2087688,37.269264,210.98152,549.9374,796.6503
2018-02-18 00:00:00,Winter_calm,30,nwp,668.6,30.5,450.6436087934465,394.99386590258223,359.8994951984294,466.92618,530.533386881813,271.34578175182344,265.1618058804824,479.9818218773986,605.5622209524895,735.1791643851454,172.33299242424243,256.5419444444444,370.7074074074074,513.2891666666667,608.0778787878791,115.90437639429885,284.5379169116103,357.6314042804413,436.336933885547,603.5528636061903,103.68511,281.76587,372.97958,543.371,662.24097
2018-02-18 01:00:00,Winter_calm,30,nwp,467.0,131.06666666666666,409.882401780439,351.6816338647034,390.97902915880377,401.0603,529.8175431694276,247.74110218976372,239.10766418295447,441.5200749957139,561.31630610067,678.530705243296,155.4259523809524,242.55448717948718,343.0126262626262,458.29238782051283,539.1716666666667,117.46284215101824,244.57673392089407,357.46837405219424,401.35733693907986,549.5987015923239,121.69752,249.98576,364.0532,482.7881,610.26086
2018-02-18 02:00:00,Winter_calm,30,nwp,409.2,91.5,370.73674310487615,319.99707531004105,358.00225607487175,352.95645,524.4085200407619,222.57039556682213,211.5900372765517,406.6246247694347,525.111835675117,631.8954379761697,147.73083333333332,198.8722549019608,319.80454545454546,421.72870370370373,487.814761904762,118.1485211972643,234.36842649248163,281.7653376355983,340.7605801058005,432.21807367967796,121.69481,222.23454,323.97183,444.35306,515.4983
2018-02-18 03:00:00,Winter_calm,30,nwp,226.36666666666667,135.3,362.83256416100994,318.58278750031053,370.7227548912969,369.86078,520.2081848206689,213.19580949865951,202.80615800686775,399.94975732931346,522.0425786812368,625.0115485514276,146.13541666666666,189.19944444444442,319.46620046620046,418.7603174603174,475.8607407407408,118.05722807256988,233.85126460454762,284.5052497907134,337.7896910999322,438.8008361935348,125.20386,222.07123,326.6884,430.9164,534.1641
2018-02-18 04:00:00,Winter_calm,30,nwp,187.76666666666668,250.8,281.60389499743724,284.33882951325626,330.3982203432829,315.10422,516.0850012688275,161.2962545560062,137.3332062714824,315.87465005426503,435.53703865804863,527.6051245375063,120.84333333333333,170.62174242424243,306.58000000000004,401.37916666666666,456.8961794871796,99.84193627268616,183.60115924622264,257.0733575814866,337.244572798786,436.3588323131635,86.48282,177.05937,262.0331,396.40964,492.68246
2018-02-18 05:00:00,Winter_calm,30,nwp,167.36666666666667,180.0,241.64843182456613,196.04645463055272,260.78621327494733,242.11615,512.2344622655374,128.05500179016462,100.93202844060204,276.1277074306204,402.7904920111141,487.5475066602443,58.73544973544974,117.63500000000002,193.91861471861472,342.3925925925926,410.08383333333336,78.02220830889426,135.9496382705015,205.12476173078346,202.89435356563067,253.92915005367067,78.2096,116.148895,194.86032,263.56058,334.94962
2018-02-18 06:00:00,Winter_calm,30,nwp,105.66666666666669,234.63333333333333,240.78738359635304,202.47733674764112,279.9051260045628,288.41693,508.60293318053965,115.09064166811939,93.41863173238576,280.11349194953624,409.9102934245294,492.8526167814615,64.80920454545453,126.57309941520468,199.83991596638654,353.9410256410256,411.6763888888889,86.80821050529343,174.8642092091955,216.02602569897883,230.9783179829449,253.92915005367067,85.418365,175.58759,244.45096,305.94196,351.41946
2018-02-18 07:00:00,Winter_calm,30,nwp,136.86666666666667,274.56666666666666,290.02811404400734,341.6354991998742,348.40982944434955,337.3319,505.18472491352117,128.75998622068124,125.02452277409262,326.54459218729335,469.1267902315685,561.2716283118053,162.2979658119658,246.84214285714285,353.3484615384615,419.3691176470588,469.7468787878788,100.18016763236334,222.92509285196064,283.7443596467382,366.29419660596346,435.47625087243716,103.25859,222.81947,325.28622,436.90662,489.82254
2018-02-18 08:00:00,Winter_calm,30,nwp,165.8,298.3666666666667,272.7077267522296,210.4448053543856,239.07180421483278,233.92334,501.9660329880177,113.13689797042716,112.21526481537754,298.35051529832725,443.89292523479105,557.0870285161739,51.241666666666674,115.98854166666668,210.35645363408523,333.40480769230766,397.64805555555563,61.526482094963335,158.23084235949915,189.4427924042456,221.25213944894978,213.80416073975405,59.4144,146.70659,230.51875,248.33057,304.17383
2018-02-18 09:00:00,Winter_calm,30,nwp,103.86666666666666,358.1,99.18203765693102,55.167782847600954,146.45127493336958,151.50446,498.93545209654155,14.52078673990448,0.0,120.22194101840097,246.62288309602792,363.9726286829345,10.55797435897436,18.421153846153846,35.23402777777778,71.84907407407407,134.82547619047634,14.854730267763808,78.45221639440098,71.19476164162793,91.78003838261252,115.19955687007,30.699402,53.637665,103.28621,110.05939,146.63264
2018-02-18 10:00:00,Winter_calm,30,nwp,41.4,257.96666666666664,125.98566128227031,70.90994073725709,91.82319298149217,143.9292,496.081943127149,20.27214783462597,3.499863716967809,134.9231412944933,276.13633407564936,414.1084776200628,13.601041666666669,23.467083333333335,43.51474358974359,77.35869047619047,134.30785714285716,7.833897196189625,54.02943870543254,72.20489902129914,115.7765140762752,119.02635879568741,26.678175,57.829506,100.120155,112.257484,148.62903
2018-02-18 11:00:00,Winter_calm,30,nwp,110.2,337.93333333333334,164.2542558381383,49.046167960629035,84.73498099836932,110.175026,493.39516859089645,29.757337477533184,42.05990329394987,154.67037686625997,287.4853491886633,427.5720950252692,18.291666666666668,29.589444444444446,46.611680911680914,67.21458333333334,96.904523809524,15.586601338528201,52.11136847092781,61.30243584503104,82.74737306608661,102.5041032321476,21.682816,66.13083,109.91535,91.35814,129.55627
2018-02-18 12:00:00,Winter_calm,30,nwp,53.96666666666667,502.1,26.922796893165355,34.13602506026767,71.26132099573734,111.471085,490.865384357545,0.0,0.0,21.138508661616754,126.33385371706652,245.85103478150268,6.492296296296296,14.411586452762922,31.047727272727276,52.76875,69.06925000000003,1.6854294580614948,31.376641091489372,25.225584963655297,73.71179373401374,101.82802889593982,12.6578045,49.642067,87.41949,88.57213,127.75562
2018-02-18 13:00:00,Winter_calm,30,nwp,57.8,538.4,17.61799908074488,29.238351231951825,117.03770353402412,115.681175,488.4834176662961,0.0,0.0,9.595693034586475,108.33475691474928,235.18896447350573,4.274940476190477,10.443333333333333,25.786988304093565,47.13252164502164,63.46309523809525,2.9481041174584113,48.01509176500263,23.09303832249753,77.49074398278286,136.80546278325963,11.558171,53.491585,75.032845,89.969475,134.47276
2018-02-18 14:00:00,Winter_calm,30,nwp,33.733333333333334,227.13333333333333,33.69514693366631,34.269526183336104,139.13595130948372,133.43057,486.2406313495441,0.0,0.0,29.761247778636914,135.46119356994825,264.63915972926236,6.444285714285715,12.856547619047621,27.851190476190478,50.3545751633987,67.74694444444447,4.85290104311331,40.051412760035156,24.747155600789636,83.69140266968864,149.95390825233125,17.72112,43.86625,61.79581,93.76856,134.92876
2018-02-18 15:00:00,Winter_calm,30,nwp,23.566666666666663,174.13333333333333,62.1126962040903,37.03898171826095,55.85647560977312,105.197,484.1288929883784,0.0,0.0,57.739451818236944,169.90732839585934,307.8527429065307,4.3795833333333345,10.628055555555555,22.25397727272727,41.45773809523809,65.68261904761906,4.236959367851061,36.49361476935796,27.91955446018017,69.11867528762045,64.94415800743768,20.983753,31.200914,54.394333,62.36112,109.696335
2018-02-18 16:00:00,Winter_calm,30,nwp,26.466666666666665,320.03333333333336,47.226844214023856,39.13569791974975,60.406733500339975,83.19145,482.14054533471716,0.0,0.0,44.68686556208684,152.30327482042367,275.85948969274455,7.125757575757575,13.120512820512822,25.86296296296296,50.596666666666664,76.66550116550118,7.324515829419795,45.59776647594123,43.42376105819025,63.72977632667762,78.21852195324067,24.28946,48.31159,60.689274,82.460815,99.136566
2018-02-18 17:00:00,Winter_calm,30,nwp,55.766666666666666,297.46666666666664,294.34306570890095,160.00111694249165,192.82689137447818,195.63878,480.2683785626798,111.22233825498031,133.54507986344586,286.2136928311452,431.63538856104987,583.5738014682861,55.72505050505052,73.59333333333333,121.35694444444444,179.82861952861953,269.5473333333335,75.85683902555573,137.86259449959124,173.1553348317716,321.072814197221,360.5830766489261,89.5847,157.51428,186.88669,320.74222,395.5604
2018-02-18 18:00:00,Winter_calm,30,nwp,24.166666666666668,553.4666666666667,349.5537581432145,192.35662158539114,205.34999037214354,245.4634,478.5056041222995,154.21633923662893,170.69657046729023,344.5236740400902,485.9553486657694,635.0423190104766,75.46966666666667,115.28982683982683,165.65327380952382,233.55416666666665,348.3075873015875,92.87009814719644,182.16399313802307,180.93467954138254,314.6860478704001,415.75487878825703,111.12032,203.88785,222.88744,335.4712,433.98
2018-02-18 19:00:00,Winter_calm,30,nwp,111.53333333333332,855.1,297.8525131496027,175.02370695581595,279.0521862503408,233.61986,476.8458301245742,139.5839587979001,134.7050120350178,298.21487910492885,415.27276481037165,547.9067601563324,69.94250000000001,107.0738425925926,151.73846153846154,216.52264705882354,313.59566666666666,93.21103630720859,168.13524039173518,211.6771961407571,364.1991925955369,374.1506215879076,98.65255,203.936,219.2532,366.21106,423.61087
2018-02-18 20:00:00,Winter_calm,30,nwp,51.6,683.3,223.22087342086314,155.70514255627504,306.7598470754545,303.43073,475.28303816411494,106.64193215000239,94.87931671137557,227.21880535547876,324.8186729389044,438.6768242199182,57.876000000000005,81.08802083333333,124.45584045584047,183.03314814814814,232.70714814814826,58.905395898851545,194.21736645756442,225.00522896668136,398.49500811788363,394.9267232750094,80.79814,229.33429,221.43996,403.68878,473.0416
2018-02-18 21:00:00,Winter_calm,30,nwp,72.43333333333334,480.26666666666665,191.0418141428778,101.75876314136481,136.4675844310436,163.0828,473.8115614961937,100.4169612194775,80.63665585347161,200.55254902983717,291.606194615846,401.1402865812657,25.304285714285715,42.53659188034188,77.80853174603175,129.11481481481482,200.0472380952381,33.864357804923664,131.85568959217437,130.49829604225621,159.6466545945231,144.5140834733148,45.673946,146.04315,171.79918,175.90063,250.03629
2018-02-18 22:00:00,Winter_calm,30,nwp,63.266666666666666,556.2666666666667,217.60355109927653,142.05973689089433,213.646608215159,208.65427,472.42606448890126,129.44339948668016,97.1622180246481,234.75712016527274,325.32528557826964,436.35789930414995,24.679166666666667,57.24791666666667,126.69259259259258,200.0522619047619,247.76369963369964,54.544628801851395,171.4008917349855,171.62878539173542,203.66841669454587,186.43375074422067,56.02697,165.98077,227.15932,218.17863,300.4695
2018-02-18 23:00:00,Winter_calm,30,nwp,46.53333333333333,545.5333333333333,338.3319782374432,218.4167005367018,266.8823943309298,308.58566,471.12152327593867,200.37807504882045,180.37312837830586,362.86199882572276,478.6820214276503,594.2244610728399,108.11410052910054,145.63880952380953,214.84666666666666,301.0784722222222,409.8969444444445,105.12307584595716,250.94278059325097,240.57163498850338,326.07582815599363,378.4637921834351,122.07558,243.13281,301.92697,348.8579,439.0423
2022-12-01 00:00:00,Winter_average,30,nwp,98.53333333333332,1.4333333333333331,137.65147663771685,178.75316028860686,164.2009799033519,157.09619,93.87356312901733,75.14177637606929,121.29858651299662,128.94934982482926,173.48552902312545,239.68198762184778,83.59808278867102,109.89166666666667,158.28101851851852,227.6432142857143,303.28485185185184,67.67624615648037,109.41705791976281,121.54428064307841,182.71187404855823,224.8386568877745,60.24732,112.728455,129.72522,215.59882,231.42886
2022-12-01 01:00:00,Winter_average,30,nwp,160.63333333333333,0.0333333333333333,121.97769332749704,181.35429368957892,198.39008931368903,187.45128,120.96016195647888,79.33100654468822,123.48011298867964,119.92371262227512,143.67260604195027,208.14209138112372,90.18708333333333,113.39880952380952,169.7125,233.3791666666667,286.52551515151515,68.81498979473385,118.88614761837506,198.80154068692033,254.10493057342597,289.7682521647619,61.983562,114.77342,206.6679,274.49677,276.35193
2022-12-01 02:00:00,Winter_average,30,nwp,121.56666666666666,0.1,153.19373109835558,249.86141874414457,249.07089745407285,258.25067,141.2915432699236,95.4622915474981,149.214265460007,151.9206608877038,174.52719765564242,239.71232382870977,122.83958333333334,176.23544973544972,241.75694444444446,331.4633333333333,441.63559523809533,84.30917721743201,135.96117455442052,223.3674555522985,315.02536250886885,430.8606825374092,71.7198,137.47282,236.58853,335.02216,440.69775
2022-12-01 03:00:00,Winter_average,30,nwp,101.5,1.4,224.5200312575605,372.8860973771891,374.03748971261484,391.32733,157.74642327297366,120.91893578927953,192.91117591217846,217.34980988779142,258.6919660673025,327.71463577000696,181.38001831501833,263.53479166666665,370.8092592592593,458.775,490.0735000000001,132.68074601534738,214.3836983194769,309.07311477689393,431.0226791597562,513.5155161650696,126.596306,205.73743,323.33646,471.70178,543.4726
2022-12-01 04:00:00,Winter_average,30,nwp,102.53333333333332,1.6333333333333333,213.58364230922353,368.0531774589971,377.16005524290165,392.23602,171.57881945686444,102.94403093650865,175.83183816208634,208.87035892748054,262.6479958605018,326.1079051644298,181.38001831501833,255.7621212121212,363.9175757575757,457.5479166666667,489.80552380952383,131.53816410212278,210.79491752008101,327.9632580288595,431.0226791597562,509.82182273354755,126.379196,194.35503,313.55444,471.70178,550.1827
2022-12-01 05:00:00,Winter_average,30,nwp,102.36666666666666,1.3333333333333333,179.23586624648323,290.9431889353129,334.10603644913846,343.18536,183.41262016635005,75.18089683522695,144.62820704641362,181.49695329760215,241.96621736110308,298.6561755547134,129.10389610389612,193.81076388888886,269.5310185185185,410.4386904761905,469.0802777777779,105.56339080964624,153.74233010345506,295.56274650715983,308.297376764741,471.24484198579523,102.23155,154.26917,293.4883,385.66663,511.1668
2022-12-01 06:00:00,Winter_average,30,nwp,116.06666666666666,7.3,192.5306815753268,303.5464690422668,330.66335039485296,352.5697,193.61589123236064,78.21724683875787,154.1053455512546,197.8816525031715,260.77260415415327,319.90108712149697,142.58442424242423,206.6731617647059,282.97213804713806,424.034375,477.97799999999995,117.11638097711408,175.70663111812198,311.4419156991573,307.62381515694216,473.78369473674843,107.32732,168.99184,318.35687,398.54572,509.8287
2022-12-01 07:00:00,Winter_average,30,nwp,227.9,5.7,205.74413196651412,365.57568313256775,371.53497683775026,399.24567,202.4432984981841,94.07792189397577,175.84990104891554,215.68641557757007,262.78132903227777,326.4663212534083,167.29136363636366,244.5301247771836,353.67115384615386,457.5479166666667,489.80552380952383,128.7550260042172,200.86975637571783,331.02923149198256,434.8394635002606,511.3029773637589,120.40779,190.5771,328.18814,468.4669,534.6681
2022-12-01 08:00:00,Winter_average,30,nwp,313.8,4.666666666666667,206.86127073113215,374.4029487915052,371.53497683775026,399.24567,210.09163406022589,84.37342930020762,169.0129229471512,216.93397707857966,275.881943721295,334.17344526304413,174.97616402116404,244.5301247771836,363.39125,458.80937500000005,490.02799999999996,127.12629206739724,214.87304098996054,344.4715509102914,429.6006594484125,511.3029773637589,117.992805,198.63983,338.73898,472.80365,544.0376
2022-12-01 09:00:00,Winter_average,30,nwp,331.9,19.5,144.00749862221835,257.5627689570776,235.59641705783423,284.08273,216.72259987795326,46.722847516363004,119.51037569640651,162.3832864878025,222.36281651541498,279.38394999362856,112.72194444444443,153.25821428571427,237.2785714285714,363.0837962962963,455.8630000000002,81.97494762425313,124.93999715084419,269.7537036557931,301.80981315353495,455.5842187946885,77.874855,125.338196,263.36627,363.81744,475.99472
2022-12-01 10:00:00,Winter_average,30,nwp,327.0,9.833333333333334,71.52520230197115,164.3714113022532,160.82955952825523,194.86191,222.47309921473126,14.19042998350109,71.98799238726615,99.42023966600951,145.42684486649708,197.3323529230969,41.27477272727273,79.91458333333334,142.06861111111107,189.30821678321678,234.8791666666667,43.38290843423958,92.21935410759019,174.37856019008174,214.74337567185862,282.98705044973286,40.625973,98.92669,201.98145,246.28133,293.6178
2022-12-01 11:00:00,Winter_average,30,nwp,279.2,14.133333333333333,57.357036940804846,156.35000258886643,159.90283491998528,185.40273,227.46062909196075,16.525482996910455,70.52369043116373,88.3507765538705,121.78916360849132,173.89667563771258,42.76433333333334,81.82108262108262,140.37113095238095,188.63939393939393,234.64269841269842,41.87944732060216,74.1651835574102,158.98346059433928,166.06309313276012,195.9366006078958,39.90371,78.090126,182.78105,238.48106,253.17833
2022-12-01 12:00:00,Winter_average,30,nwp,286.06666666666666,1.0,84.39263087613142,187.26002220560184,195.24327632662113,228.90634,231.78663878266775,24.436612885658832,82.69782794934919,109.94429198855323,157.6896577576398,209.71298733312955,67.90988095238095,99.77584795321637,159.6091168091168,213.61416666666668,306.3502222222222,58.269277863596,91.54486859680131,228.1578400739083,227.85406642771116,299.9438955887248,50.268314,103.66921,221.82127,297.14407,355.63904
2022-12-01 13:00:00,Winter_average,30,nwp,323.2,6.133333333333334,88.11695006475315,176.10820374676106,194.69815493650734,221.75603,235.5389507817547,8.328309732554501,65.31617422726625,106.47943728319018,184.26151375609277,232.03620583213143,48.10444444444445,70.81440476190475,129.20138888888889,206.11111111111111,305.375,46.05937698621063,76.48824602706217,228.1578400739083,228.99149177212436,301.19703911599765,39.409004,81.91617,223.29907,303.85638,351.75427
2022-12-01 14:00:00,Winter_average,30,nwp,416.5,6.166666666666667,110.69173143581057,190.3195597855781,196.6553627549546,237.06804,238.7936770830932,18.642038000601488,77.588102453104,122.59371301337762,209.41905055244868,258.75355509505204,49.333412698412694,73.7054945054945,134.29305555555555,220.88119429590017,328.4734871794873,49.22682096134904,81.13829879910426,227.04438401266808,250.24102293952944,338.37472562692426,43.189148,81.91617,232.41565,351.08105,393.67535
2022-12-01 15:00:00,Winter_average,30,nwp,431.56666666666666,0.0,203.9911745499756,287.18620768485016,308.8134435180658,323.23392,241.6168128151372,62.76351757433861,138.30182529358268,200.52698868779152,306.12391292384444,364.4844162805923,101.12266666666669,160.090625,275.9586080586081,420.45687499999997,479.2204761904763,96.27256399820115,147.68880705794336,302.67000475598985,288.5932519737946,477.64875832935377,96.70627,149.67651,297.57748,374.0517,495.3634
2022-12-01 16:00:00,Winter_average,30,nwp,571.2333333333333,2.3,218.1502532199201,299.9536230662136,308.8134435180658,305.68665,244.06559298063232,70.49244767318196,145.73949857843417,208.3320220579718,319.15916904058787,379.8059074713071,103.74041666666668,177.91546296296298,293.3217171717171,427.9419191919192,480.93666666666667,112.83363812755753,153.62025967284703,303.7754149437533,285.5506892253368,480.1253334958878,107.647675,159.22061,291.78198,365.2716,497.17712
2022-12-01 17:00:00,Winter_average,30,nwp,505.0,28.466666666666665,268.1131185544947,368.6454195329623,331.26419378446184,360.1998,246.1896597457272,97.97477344837912,180.3570934633964,247.7272798159371,367.55987067896103,434.69983324859015,190.0939487179487,244.54368686868688,370.17759259259265,464.1752525252526,492.8045238095239,121.56086617464882,197.48187059379646,332.48094058506695,414.86493103692027,543.6842289899557,119.26254,194.58755,336.32806,456.90622,563.9003
2022-12-01 18:00:00,Winter_average,30,nwp,519.5,74.13333333333334,311.99147445518764,471.9789641244778,451.71468550325073,452.0206,248.03207138283824,134.05208039050683,222.82546384446897,284.40290357666606,396.0722002992524,468.0895957488803,228.85636363636365,335.9013888888889,464.20870370370375,602.2626488095237,713.6402777777779,183.19244210082286,265.45217341537403,405.4212614091723,449.65207053649254,711.3952176266616,168.55515,256.27576,417.20468,495.9818,733.0346
2022-12-01 19:00:00,Winter_average,30,nwp,589.8,79.93333333333334,347.1286545590868,531.5622153427005,500.4576592922008,548.61676,249.63017609688708,145.76696600312295,239.3613911184375,309.39739548299906,436.41410394603884,507.5352976478705,330.53000000000003,419.1448148148148,536.214962121212,649.3171296296297,791.1494166666668,213.4572502759522,264.6067172318852,459.78795343328477,526.1954577003844,751.975188993749,196.40211,270.98572,496.4137,562.2192,766.75934
2022-12-01 20:00:00,Winter_average,30,nwp,425.8333333333333,125.63333333333334,357.25136164667896,536.3385693581849,561.1899418644688,572.72656,251.01636948475752,150.8476771496418,244.66993248488745,315.5338549104016,448.72127233495087,521.1465831712399,303.0018253968254,403.5789285714286,511.99484126984134,667.2350694444444,808.1440972222223,209.97439659647097,289.2736302927465,466.24278877668183,529.4031488746933,754.2860306417637,208.51553,284.7575,494.20334,579.03375,766.34796
2022-12-01 21:00:00,Winter_average,30,nwp,339.3,144.36666666666667,373.1709384276157,541.4152510451528,561.1899418644688,582.45026,252.21875136930817,159.9146026850649,255.42407935077733,328.615018238435,464.38991672474396,543.4584836546165,318.44857142857137,415.36696428571435,523.4855555555556,668.3318452380952,809.8942857142858,210.0937665858027,292.92670508058126,463.1882224643852,532.4457116231513,754.2860306417637,213.56924,281.8063,489.43204,587.6069,786.221
2022-12-01 22:00:00,Winter_average,30,nwp,394.96666666666664,124.53333333333332,332.6768356806093,486.64438328446386,452.9159815001057,459.84457,253.26169546706203,141.75647401000538,227.8900810711687,293.449090744051,420.29617742306436,501.42079551622635,270.39722222222224,371.04756944444443,468.8867521367521,620.3493055555556,775.8270000000001,183.66986126800597,260.95628628672216,389.86918604809983,455.294258111057,695.8439472330305,170.99619,248.97986,425.37317,494.17093,698.5111
2022-12-01 23:00:00,Winter_average,30,nwp,416.46666666666664,77.93333333333334,311.2493201402135,393.14946406584255,371.2379339586583,413.8212,254.16634349126457,132.33902521642776,213.97987703860287,276.3382582797939,395.70229822895203,479.0356049004599,249.53615740740742,317.2254807692308,397.67261904761904,470.5281944444444,507.61875,144.24868920910026,246.50447147642137,342.24008900298725,444.0310232432598,586.2302203737621,149.17032,235.81523,352.14374,486.22964,583.64526
2019-01-30 00:00:00,Winter_windy,30,nwp,748.4333333333333,969.2,673.8405931692593,744.3581548925432,786.3078422294101,820.9468,780.4556957748514,275.4054938743677,430.0276902936461,604.3466130141718,876.6442370172684,1072.4917211075224,370.34657407407417,517.2595238095238,702.1855555555555,899.9895502645503,991.0713333333333,219.95078914158367,212.38839980806347,560.1156891975678,1114.024231636829,904.3480202313215,161.48203,287.0485,643.816,1072.7112,1004.42896
2019-01-30 01:00:00,Winter_windy,30,nwp,572.8333333333334,733.1333333333333,675.4492854842994,684.8329368124078,582.5895990768923,656.22754,788.3999702354557,252.85986567382042,428.31318979089707,641.7537886765529,880.2641052161703,1049.7409130695642,370.34657407407417,483.0805555555556,635.0686965811966,845.9808333333333,951.0931060606063,217.48754255516948,211.94909961860088,531.9204334298297,739.1710025742382,807.4326447581954,162.19344,274.1304,549.2606,758.7834,908.0257
2019-01-30 02:00:00,Winter_windy,30,nwp,569.2333333333333,456.26666666666665,659.4410863181139,698.4025664643178,572.8313476462597,691.98145,769.323030158254,204.87143668084707,395.8944312892179,633.014377400236,859.9261619819746,1032.5931999644924,332.6607936507937,484.20341880341874,632.5756410256411,855.7027777777777,959.2184656084656,92.63652613066984,213.4280439006821,523.0319967873226,779.6153916497772,818.149412054205,161.90343,283.8293,587.06067,985.6777,941.8652
2019-01-30 03:00:00,Winter_windy,30,nwp,686.1333333333333,472.3666666666667,667.6505085239613,707.6923097503673,791.4088925041696,793.2488,761.5454301402146,208.06651471135115,399.3621704208025,636.7319252483882,880.09264847862,1059.1007304370862,311.9555555555555,472.10833333333335,631.9138888888889,900.6797222222222,1038.7554166666666,90.97216390023367,221.07894586513433,540.31921433905,1311.3377596239768,928.6046211687309,166.71988,284.38583,610.0,1129.0176,995.3979
2019-01-30 04:00:00,Winter_windy,30,nwp,523.7,509.03333333333336,775.4601963664777,1284.7913201347424,1052.7518776749462,1011.66125,750.3480633889153,292.02467717750307,493.58227086242755,744.7103960977167,1014.9649409057362,1196.4774595321035,587.7554924242424,1155.2922727272726,1464.55,1642.640625,1697.79992481203,364.9585024747441,407.63436539104333,900.1676420589818,1462.0958610448051,1317.2345391711285,447.18954,458.00687,839.8963,1251.4174,1338.6655
2019-01-30 05:00:00,Winter_windy,30,nwp,1098.3,362.03333333333336,807.8603130308238,1392.6534652929404,1213.6762687795551,1256.7439,741.3083604731673,298.7795120886117,512.9549196373081,781.0943390684874,1059.1420277681275,1238.3942289688625,1075.7742857142857,1367.3508741258743,1526.71625,1654.2653679653681,1698.2760119047618,499.6809273860513,515.2105924971723,1049.5283346036126,1433.2394342998384,1573.5922694660467,520.34155,571.6105,1019.6817,1279.8224,1593.6099
2019-01-30 06:00:00,Winter_windy,30,nwp,687.9666666666667,349.03333333333336,789.6327693838653,1267.3755867284035,1003.561308989335,962.3129,732.2414971988075,302.92756702834026,512.8746314796523,777.0100646994058,1048.0553481165666,1189.2407604518764,592.8169166666665,1086.4117476851852,1513.0095238095237,1653.9958333333334,1698.2760119047618,104.14920440798839,313.0593137038613,860.2450891803958,1405.0820421113083,1320.4242101050625,169.09299,412.96887,757.4646,1208.9313,1322.1527
2019-01-30 07:00:00,Winter_windy,30,nwp,733.5666666666667,426.43333333333334,757.3160756075101,704.3008138896305,768.3952432261115,744.55493,723.9355537097182,293.83186857795886,493.1856594793617,742.1144853601264,1028.2229376365558,1155.4947094779707,301.5253333333334,458.60333333333335,624.3139880952381,910.7777777777779,1088.5936130536134,102.80804684720482,220.885992493851,537.0180880683066,1254.32394069048,1071.1969065751082,168.26418,289.80493,542.1346,1103.9025,1103.2274
2019-01-30 08:00:00,Winter_windy,30,nwp,562.9666666666667,233.2,780.1800792236088,768.3912066835925,736.7739803037498,739.60034,716.0440371105465,303.6382546407103,512.9929469694958,774.9225068153046,1051.34156359173,1154.5498953383117,220.4575555555556,455.03770833333334,625.8270833333333,921.3859268707482,1088.5936130536134,102.80804684720482,238.38770594276718,534.9999398048209,1280.185910073583,1071.1969065751082,174.134,297.6591,538.24066,1158.5839,1104.5033
2019-01-30 09:00:00,Winter_windy,30,nwp,559.4666666666667,296.06666666666666,624.5896073830145,578.2746359899032,368.6361301564104,438.54208,708.6572392745994,187.30159882905548,378.55394413339303,610.7573800789487,871.5390711826929,978.6569486538074,210.20259803921573,366.28499999999997,524.2424242424242,770.3496527777778,956.1405656565656,103.92969371259885,228.7967430584396,400.08166112003437,708.5395329729828,841.2931486513064,138.58473,186.29944,426.7641,686.03467,906.46155
2019-01-30 10:00:00,Winter_windy,30,nwp,647.7333333333333,164.4,596.3564043206973,395.37847972116674,241.7113250820259,393.92084,701.7008705418293,158.65659457109862,352.2706945004602,584.8433543940392,834.5759564148337,928.7893608905173,126.94083333333333,217.32638888888889,338.121688034188,429.8861111111111,616.0335620915038,95.14985153640728,216.29526832322375,290.84925666064186,470.6525370631512,547.777325026673,128.329,133.8758,331.86237,464.367,694.9936
2019-01-30 11:00:00,Winter_windy,30,nwp,534.5333333333333,124.9,633.6816970961329,475.0919607450471,264.9266142538172,308.28763,695.1659919505662,178.70757647376783,379.00845934940276,612.086587717622,859.0901530121934,971.8340734709466,124.63319444444447,245.215,394.180303030303,598.2741987179487,873.2362500000003,91.9269733125622,216.29526832322375,270.7368154882143,510.90211523401405,553.4447161208583,124.316315,149.19882,310.34363,580.3354,710.7183
2019-01-30 12:00:00,Winter_windy,30,nwp,459.73333333333335,92.53333333333332,757.0478344108379,638.3514957290892,427.9553767144943,454.03323,689.0208999802726,270.60990361201516,481.0814553582908,721.9040603578306,994.9588167206432,1121.1535761708856,152.31607142857146,479.0472222222222,650.3010606060607,866.8448005698006,984.3243939393942,85.93298102046118,193.2706416830077,442.4498038052927,710.3842073478423,838.8798259984342,107.44738,154.96823,393.6866,743.0782,951.8856
2019-01-30 13:00:00,Winter_windy,30,nwp,393.4,42.1,799.6735645001688,639.3337546831053,442.8144547801321,506.48563,683.2447054894367,277.31278577024915,496.7356715786125,736.5928364556773,1010.6850888182116,1190.8880472808316,147.64638888888888,483.89652777777775,670.0280769230769,882.9272792022794,983.5841666666668,72.51926333503417,176.76413815658336,457.2381452014548,717.2206494349127,831.6306016997779,120.30569,287.82892,372.1646,768.8134,947.25287
2019-01-30 14:00:00,Winter_windy,30,nwp,558.8666666666667,64.53333333333333,913.8905304412059,1405.368947777269,1098.30113769911,955.585,677.8143602340554,353.69034726445034,581.210472448983,824.2519057454141,1137.4569342282398,1357.6962085752068,1058.4264285714285,1302.9593434343433,1545.770752164502,1660.5625,1701.8308333333334,473.5405561325011,466.0087919066655,926.215442647744,1432.3165222597484,1512.7980423732292,461.45392,543.0316,752.6909,1309.6345,1550.1011
2019-01-30 15:00:00,Winter_windy,30,nwp,1141.6333333333334,89.1,843.109938622265,773.7829959105759,768.1859614663068,749.0622,672.7095019970899,307.5044813086762,532.1230432286828,781.7444045007908,1072.2673200303843,1268.7135808650482,155.12047619047618,539.9432870370371,715.4557407407407,926.3604166666668,1056.2485775335779,95.71488164729253,250.00402730178237,519.1793606443456,1269.0173577782257,1075.9661936392424,170.83943,334.43167,491.00146,1179.9373,1138.4928
2019-01-30 16:00:00,Winter_windy,30,nwp,1736.9,95.9,1064.8735345526582,1444.241057532378,1457.2791536289817,1316.0295,667.9104893831827,468.182304170855,707.9006260543426,972.1924314112625,1328.3941477448534,1567.812097186684,1144.625705128205,1398.2022727272727,1589.4568764568764,1672.9479166666667,1705.3432870370368,546.6575792452377,716.7543684965729,1215.981814050232,1498.6143453418915,1586.7726555999407,600.2462,819.1744,1098.3508,1464.923,1560.1207
2019-01-30 17:00:00,Winter_windy,30,nwp,1325.0666666666666,101.7,1005.6780888427639,1421.8577636382997,1459.8907845335493,1273.5424,663.3990489399167,427.2157956086236,660.0456443347255,920.9667973270302,1263.6419234435507,1494.165351933063,1082.96875,1349.5156593406593,1570.848484848485,1667.481628787879,1701.5485606060604,549.4111443959688,724.8987389853108,1221.1806531654563,1482.2902347998709,1572.0809716889357,599.66754,815.6445,1085.6129,1329.3909,1572.712
2019-01-30 18:00:00,Winter_windy,30,nwp,1266.5,64.73333333333333,1001.4527706361723,1348.8279939531258,1339.301507926714,1285.6332,659.157929075253,422.9703453364722,653.432902450417,913.3040210285496,1253.232272159858,1490.2906989021576,1033.4033333333332,1300.5685897435897,1457.1069444444443,1636.6535714285715,1695.6438095238095,622.7265395447353,749.6449191483946,1198.0943844316043,1423.5030451518971,1477.6301374830339,588.0321,796.5946,1096.6492,1401.5009,1473.8297
2019-01-30 19:00:00,Winter_windy,30,nwp,1084.9333333333334,82.36666666666666,815.5462418636571,911.868507091085,848.0852566831294,917.2715,655.1709398785509,291.7984999666022,499.19316495716305,733.0627112377545,1033.370827908392,1261.5144204117094,449.82761904761907,692.5595454545455,981.0118686868686,1302.9026515151513,1516.9900000000002,448.20394489178364,533.7834593989584,819.870059333508,1014.6696963224092,1128.4908198663695,480.3803,608.69794,868.4151,980.3074,1203.5408
2019-01-30 20:00:00,Winter_windy,30,nwp,718.9666666666667,120.96666666666668,569.4904924139873,629.5326503161701,592.8179610247491,599.0602,651.4228508421177,133.30424777529626,309.08979239679695,511.07488341150633,749.0119684393718,927.8122943956262,251.43766666666667,432.52750000000003,664.6367724867724,859.899017094017,960.3244166666666,107.30807328404069,231.08075294432587,473.6914593128549,735.0336654962357,811.8107607344767,153.09517,283.589,585.1367,652.8013,824.8792
2019-01-30 21:00:00,Winter_windy,30,nwp,728.3333333333334,644.3333333333334,876.2048030402666,1075.1946152923724,932.3812078824825,979.36285,647.899348165938,415.8976339151251,594.7688182425165,796.1548111010522,1092.4236985088578,1318.0890627945546,633.3383333333333,783.0145833333333,1047.7358333333332,1420.2138888888887,1605.5826190476193,565.4672693294976,582.1508263929311,883.057841851913,991.2180592209295,1298.157904437608,559.10626,741.4555,925.9337,984.8017,1368.0847
2019-01-30 22:00:00,Winter_windy,30,nwp,1122.7666666666669,1075.7333333333331,902.3468711938668,1027.0655846950292,926.4877268401235,957.34894,644.5869741688515,489.0026291754833,648.4379644117289,828.688271069746,1128.1957546757774,1347.5849995092767,611.2517532467533,764.9977904040405,1006.0113247863248,1370.7772095959597,1620.4137894736843,493.1809204794759,554.9822939324315,825.1450924650442,992.6323961103393,1409.3100561565705,515.7923,703.80505,895.8269,969.9685,1418.928
2019-01-30 23:00:00,Winter_windy,30,nwp,720.1333333333333,805.0333333333333,756.1831643780783,651.1164769955353,666.5277648032827,658.0074,641.4730781551459,347.3538671745528,517.6279686141233,732.3758412990009,969.8237332458668,1152.3617435912022,432.9963333333334,504.13300865800875,600.9385416666667,739.1045634920633,903.2864102564102,113.43742584544678,333.326509960107,602.8556585052053,674.185637327013,798.19478848306,186.64262,436.05035,622.35046,649.1107,833.50885
2022-04-29 00:00:00,Fruehling_calm,30,nwp,303.0,102.26666666666668,441.3875237123803,468.1851855905671,413.7163990895267,380.06686,192.26958409292172,129.4308352574345,222.26642017812395,423.04886631211764,681.1738687294588,888.7573002652302,72.13388235294117,236.9638888888889,459.3776094276094,667.586038961039,816.3551282051285,77.58678263785004,152.97694087640005,382.47495010442714,715.0007797313524,758.4040987793825,82.58292,138.35884,398.45053,717.2043,711.0422
2022-04-29 01:00:00,Fruehling_calm,30,nwp,309.26666666666665,82.2,385.73748542460305,205.7602963506112,191.7330701235056,185.76357,204.17605031020423,113.73849134561306,183.29151526701762,367.16509096775343,608.7311514884682,801.1477137637665,44.72500000000001,89.8176282051282,162.82286324786327,258.66125,383.5375128205129,20.275182065128774,111.85937369808678,207.55751281812348,330.6961850120015,434.16738989330355,29.953875,99.22311,200.606,386.37296,408.04984
2022-04-29 02:00:00,Fruehling_calm,30,nwp,326.9,38.93333333333333,281.5282618480575,183.24099971597545,173.27813769941866,147.81024,218.2999916745191,77.31224920714914,112.24100046668588,268.5443956735294,481.8341780276646,649.2344647329564,23.996041666666667,66.79605263157896,165.19444444444446,256.03596153846155,346.6050216450217,20.44747876549703,99.68983708875047,149.13366328311085,216.92039752002248,301.5317260682776,34.733932,50.866547,129.29033,202.83826,268.38312
2022-04-29 03:00:00,Fruehling_calm,30,nwp,355.06666666666666,27.066666666666663,236.83982725151952,149.35105226739918,129.5669901176156,112.79319,232.83307979538702,47.76795510407132,79.58443580130273,218.5463854388329,427.26805741593375,588.1110293889336,3.8050694444444466,20.642490842490844,81.77888888888889,211.43035714285713,315.80233766233766,9.470506545235741,61.88734556941533,146.45918911307626,195.085159884759,301.5042159463541,12.918426,31.557219,119.21647,181.7961,265.08603
2022-04-29 04:00:00,Fruehling_calm,30,nwp,313.93333333333334,17.833333333333332,201.58573916912758,160.62633469409914,152.1188046450924,117.37898,247.030824484773,24.026774556090317,55.988715950952184,180.92073771220063,380.204359609334,530.3737625087804,4.055256410256411,20.79259906759907,85.16905901116428,212.3225274725275,326.0461282051284,18.531000418461822,61.924964191048666,167.84328224143755,194.69922329287547,311.4202559440234,28.21649,34.959667,129.86089,178.35545,277.16116
2022-04-29 05:00:00,Fruehling_calm,30,nwp,199.23333333333332,6.233333333333333,211.5321972175505,150.64506130169337,165.16815227422234,106.95347,260.60407188427723,26.127196266252042,64.72266375918096,188.39239674600566,391.6964848706716,545.2034167887696,4.078111111111111,25.612457912457916,83.97916666666666,187.50208333333333,275.98382575757586,4.398427658240538,54.84373319154154,148.8552624026912,188.272705756468,254.59732224516387,16.13742,24.326794,112.990585,152.06206,303.29562
2022-04-29 06:00:00,Fruehling_calm,30,nwp,120.8,3.3666666666666667,248.43369280628588,113.14370007480399,135.81322678808803,102.30666,273.4575418397445,40.414748659542454,90.05140821450019,220.61219112987527,439.9182436883665,614.9298122395664,9.162500000000001,28.53928571428571,53.69786324786325,152.32550505050506,205.50378787878793,0.0,42.14491931602071,141.57422723632996,178.7312051199562,228.29038615375106,6.8335056,24.00371,122.7288,143.7733,280.48654
2022-04-29 07:00:00,Fruehling_calm,30,nwp,76.26666666666667,7.033333333333333,0.0,64.28977402377986,69.09554800736994,24.320522,285.57754316624164,0.0,0.0,0.0,134.5461776030736,273.87529260421593,2.214277777777778,4.455580357142857,18.673809523809524,58.37592592592593,121.00205882352947,3.2482009244700016,16.034219166937337,54.83722103840841,45.45760205384609,194.28348949450177,30.875952,6.296756,38.285492,40.28898,220.37862
2022-04-29 08:00:00,Fruehling_calm,30,nwp,85.1,6.7,0.0,45.83564596805897,38.702378567386454,12.595778,296.98381065324037,0.0,0.0,0.0,0.0,108.383834742825,2.2858333333333336,4.455580357142857,15.913809523809526,52.039583333333326,110.21733333333334,1.627346431872709,11.686727582571162,41.5212477804029,57.469781266631244,61.708335285680526,9.639035,14.48019,26.775995,44.566917,151.65654
2022-04-29 09:00:00,Fruehling_calm,30,nwp,31.366666666666667,0.4666666666666667,0.0,40.452472029100946,0.0,0.0,307.7089003060913,0.0,0.0,0.0,0.0,128.00102800844695,2.1643137254901963,4.455580357142857,13.527777777777779,40.96889880952381,82.7915555555556,2.7693224692026432,7.264493580290615,0.0,3.286033033908988,48.825250292523116,5.136427,11.842262,0.0,0.0,142.53383
2022-04-29 10:00:00,Fruehling_calm,30,nwp,1.3,0.0,0.0,38.794128538718404,0.0,0.0,317.78942530103654,0.0,0.0,0.0,11.20783048138469,159.69940667464186,1.985142857142857,4.016430499325235,11.0,41.38875,82.88866666666674,0.08162606930428451,4.945217664988034,0.0,0.0,48.825250292523116,0.76518005,10.398199,5.1606894,0.0,132.77536
2022-04-29 11:00:00,Fruehling_calm,30,nwp,7.933333333333334,4.1,0.0,38.56506741563669,42.47232581763691,9.123641,327.26237637255383,0.0,0.0,0.0,0.0,100.96311341010812,1.5128333333333335,3.9140625,8.481746031746033,41.096412037037034,85.12725000000003,1.7201551323186015,9.87195568858352,12.056238085409952,0.0,51.43062917831596,4.2723145,13.572872,14.023336,0.51700646,106.74755
2022-04-29 12:00:00,Fruehling_calm,30,nwp,2.6,1.0,0.0,39.534476839063515,30.404696868886713,7.3504796,336.16362258603425,0.0,0.0,0.0,1.3349578695729178,158.1635355510042,1.4150438596491228,3.3939393939393936,7.81711229946524,41.24655448717948,86.0957738095238,0.0,3.1494660007093125,2.445963662198358,0.0,48.825250292523116,3.9308615,12.459408,10.824503,17.630327,159.46375
2022-04-29 13:00:00,Fruehling_calm,30,nwp,4.166666666666667,0.6333333333333333,0.0,38.29756071392087,28.17514269931783,1.5984125,344.52734442559733,0.0,0.0,0.0,0.0,68.86979064523518,1.6322222222222222,4.016430499325235,14.087247474747473,47.770604395604394,82.30092592592594,0.0,2.9497633673590107,0.7187963175437971,0.0,75.00349858222692,3.2558553,9.6312275,0.0,0.0,153.95134
2022-04-29 14:00:00,Fruehling_calm,30,nwp,10.633333333333333,9.966666666666669,0.0,57.76868968020406,61.430361908149216,43.108807,352.3858629783423,0.0,0.0,0.0,0.0,33.72436053079423,1.6213888888888892,4.3928819444444445,19.208333333333332,57.944166666666675,156.40800000000016,0.0,0.0,0.0,8.040261177430802,143.60289802836283,0.6388144,0.0,0.0,52.09716,200.46947
2022-04-29 15:00:00,Fruehling_calm,30,nwp,12.166666666666666,14.4,0.0,68.88313672535051,91.78570633378322,62.304977,359.769634988657,0.0,0.0,0.0,0.0,59.95344719746072,1.4975454545454547,3.965520833333333,16.622638146167557,65.85833333333333,268.5245767195769,0.0,0.0,0.0,59.95001430485253,251.0604851052408,0.0,0.0,0.0,99.97291,320.24557
2022-04-29 16:00:00,Fruehling_calm,30,nwp,10.166666666666666,1.7333333333333334,0.0,71.7956648949869,85.03840094822489,48.325275,366.7073150789981,0.0,0.0,1.792999425402627,164.97011260279805,337.37075801091123,1.6127564102564103,4.6894607843137255,25.380952380952383,67.83500000000001,278.6862500000005,1.2245894224890042,5.464416298542152,23.473194958035926,92.64038014454529,283.598534472234,0.0,0.0,27.089819,102.90544,352.76666
2022-04-29 17:00:00,Fruehling_calm,30,nwp,38.96666666666667,9.233333333333333,345.92446889937673,315.71783354664115,229.1082018549882,203.23907,373.2258429564615,56.93277623149625,166.04590338741895,327.5370195482815,579.6997560508323,804.478994625172,64.04515873015873,114.99131944444444,229.77499999999998,489.8145833333333,600.6175000000002,35.572128507561274,96.49334640959101,150.16508528215434,280.38745605594505,442.8112181934631,29.25239,121.06299,157.00761,327.8498,507.87415
2022-04-29 18:00:00,Fruehling_calm,30,nwp,73.7,0.0,411.84812252452724,329.0850643394775,237.16661899450108,237.011,379.35053770741337,78.19322926992216,202.6685863476968,383.0176116201455,653.2461713151669,881.7274740553212,57.141333333333336,110.59958333333333,224.24063492063493,428.8074519230769,654.9877777777779,31.962681314364083,98.6706855074805,201.0130165027105,372.15033116238294,535.5573173460903,34.44015,135.26955,210.13448,429.96503,570.1975
2022-04-29 19:00:00,Fruehling_calm,30,nwp,79.33333333333333,0.0,285.54502200422075,218.2096103353968,198.60738427964534,193.42915,385.10519170700445,31.877492559917357,113.7335536938975,267.95923885757236,503.9447073682279,694.3645455217553,43.74166666666667,91.30782828282828,152.66107954545453,243.34651515151518,409.7615151515155,31.98745494439776,82.56014935270387,154.2417367571355,270.9618741434294,348.08299029150976,27.478933,76.980484,138.13916,328.55948,394.0348
2022-04-29 20:00:00,Fruehling_calm,30,nwp,61.6,0.0,597.0430996382488,586.5058500593624,491.93910216499245,513.25397,390.5121611383663,152.7715465577753,315.57222267607733,540.5453272096541,863.3908317955629,1111.9958924829268,215.9438888888889,306.81875,520.019696969697,743.7489583333335,940.6009935897436,149.08576973478793,227.23942971060916,494.64467018894413,867.4138137669802,1114.133246163344,140.61469,228.15338,462.30582,809.70807,998.10596
2022-04-29 21:00:00,Fruehling_calm,30,nwp,84.4,0.0,584.7091210885785,589.2650196813677,542.2925968848219,543.74457,395.5924520244457,160.70461413810585,301.63661681190666,526.8632407900408,859.0797638340623,1122.842797095961,210.49805555555557,305.14583333333337,533.5018518518518,816.3113636363636,1021.3727380952388,125.62608004754843,237.69274264913213,441.99476688971345,863.451745601697,1040.5761417003635,124.2127,196.69334,396.70642,832.39386,944.96686
2022-04-29 22:00:00,Fruehling_calm,30,nwp,325.96666666666664,2.1,609.5586733423581,545.0298365265476,508.52151200786506,506.27173,400.36580148394376,181.5183918047734,317.046103931622,547.158741846016,888.4435684609977,1164.006594784125,183.21936363636365,265.6916666666667,482.8481481481481,741.0331862745098,940.7756944444444,147.53876494722613,232.82019953452814,469.69706281083535,819.3799433490673,1039.997474381764,132.13788,192.32303,445.89255,782.14606,922.92914
2022-04-29 23:00:00,Fruehling_calm,30,nwp,466.1333333333333,168.7,605.3717089228005,585.3263268673859,475.7028345018726,531.4785,404.85075425932916,204.80975173376288,328.4790918254207,545.9794266052761,875.8337516055294,1119.6140431923798,230.87922222222224,346.82989510489506,559.879797979798,756.2753968253969,930.759230769231,162.13608697883217,256.6238885459237,457.60321374484937,899.7052749161686,1032.4686517455718,177.02873,241.097,409.44196,799.8722,911.3623
2018-03-04 00:00:00,Fruehling_average,30,nwp,515.0333333333333,160.9,136.26719394185812,254.51191672323736,271.8150122178491,294.18915,406.43838046959195,119.70743298757333,177.89011668074014,133.2486242750589,127.03913207288042,189.8836714746368,130.14519607843135,189.1397435897436,268.50166666666667,331.7539682539682,421.30095238095265,120.72206217112256,173.6119207366518,292.4388926615215,353.55325947915196,466.7964114027284,123.734795,202.41109,309.4778,399.78775,473.67563
2018-03-04 01:00:00,Fruehling_average,30,nwp,596.0,125.73333333333332,281.5886799354158,466.06762285628275,418.56719028390256,443.0751,402.61504399817557,199.8645839958112,291.45646091563543,284.51717392226925,300.6802299059466,368.1545385851166,254.1723443223443,325.1666666666667,429.13896103896104,593.4276515151516,750.9936666666667,203.08364589732727,254.22275609849137,469.3849823930131,579.2845383364706,661.0901515400553,197.85011,281.2424,476.75015,569.6581,640.4029
2018-03-04 02:00:00,Fruehling_average,30,nwp,240.16666666666663,206.46666666666667,186.067958819232,379.08320540688635,355.76386453966296,363.85464,401.3842957316273,147.62163281712134,206.4798405236284,195.56707974974523,232.27610616520508,291.6622503405671,215.26389355742296,288.5154761904762,373.4951388888889,461.0544047619048,545.3543333333334,178.8173427352819,223.74185511165177,341.4118010042298,422.20852346294316,481.8088984104833,190.76987,231.83276,363.52792,428.24915,476.86682
2018-03-04 03:00:00,Fruehling_average,30,nwp,117.33333333333331,256.26666666666665,75.27282119171173,209.51700882359452,226.93058763713947,230.34018,401.6877602338406,95.7886665328895,123.11425067928104,84.83872854167981,114.99148854924204,168.92159912156683,120.84344444444444,150.86309523809524,217.595337995338,280.70454545454544,336.6847619047619,99.5349988134815,131.17989127516122,249.64196063631016,300.77133955194375,350.8531259983055,108.95151,161.77513,251.96458,314.48724,318.67203
2018-03-04 04:00:00,Fruehling_average,30,nwp,120.8,306.53333333333336,31.19698467264095,175.36610890247957,182.97949281183256,205.42128,402.89225651384413,72.9076718857981,85.58330769087394,42.5620379095414,81.79382934589592,128.8681313275208,81.12481481481481,118.77374999999999,159.89791666666667,243.11583333333334,284.4163869463869,99.5349988134815,123.59921259689987,171.04895966656085,240.82547966750977,350.8531259983055,107.81587,143.10352,234.48053,264.34827,310.5149
2018-03-04 05:00:00,Fruehling_average,30,nwp,142.36666666666667,413.8333333333333,38.78957276949666,168.92998766190914,190.01742717070056,215.94283,404.6190912942792,71.07138406137543,79.1244607555397,55.47570857372233,123.8796165832224,163.83688460444012,72.76323809523811,114.296875,153.65047619047618,219.06098484848485,268.4178571428573,94.45067447070807,101.67148542591504,171.04895966656085,240.82547966750977,356.7971988938258,106.44872,130.71646,234.64243,275.85718,318.77014
2018-03-04 06:00:00,Fruehling_average,30,nwp,135.56666666666666,408.53333333333336,118.10038753279036,181.22279895615776,185.49104974868467,231.2046,406.64188562918287,118.67925397559156,151.3212132708809,129.04314080667905,184.77100688433836,242.0106223916183,82.1197619047619,124.25803571428573,168.33611111111114,246.04305555555553,299.7505982905983,104.9774532181751,131.172790340744,164.15374176500617,244.28289560007758,410.2359180959814,116.19202,155.83334,249.9625,323.58563,346.59833
2018-03-04 07:00:00,Fruehling_average,30,nwp,97.96666666666668,472.0,127.48199067331575,169.97047620492728,187.62723822779526,206.66891,408.8254209313776,116.67276813858115,142.84115513754506,135.34359443474705,203.8605560156186,261.387597427983,61.79833333333333,107.09592592592593,153.27142857142857,228.4559523809524,281.99385714285717,102.86664589664534,126.32930491491108,178.18158087858333,237.99965126570453,387.86829463143476,113.81775,142.30801,209.8143,269.6104,340.63016
2018-03-04 08:00:00,Fruehling_average,30,nwp,109.26666666666668,322.46666666666664,0.0,50.11180292408904,84.52954828371122,99.458496,411.0890364328014,0.0,0.0,0.0,0.0,0.0,14.678333333333335,33.52156177156177,56.10666666666666,82.24856902356902,120.83809523809525,32.15052773738197,35.89043225606017,75.84851534701185,108.17143591861779,118.8315293274581,47.650097,63.902267,88.238686,100.35734,113.73595
2018-03-04 09:00:00,Fruehling_average,30,nwp,102.4,151.5,0.0,50.23203870223173,71.13951724476846,87.427704,413.3847214647918,0.0,0.0,0.0,0.0,0.0,17.679788359788365,35.187900641025635,58.06269841269842,86.25069444444445,130.36329966329967,28.181980744648694,35.237062740524316,74.5630660034843,92.03161184473109,117.63413042023767,42.586285,61.179302,91.985016,94.93498,117.540535
2018-03-04 10:00:00,Fruehling_average,30,nwp,160.86666666666667,173.0,0.0,50.465767832666515,71.13951724476846,87.82708,415.6840030588689,0.0,0.0,0.0,0.0,0.0,14.689444444444446,33.21098484848485,56.91410256410257,85.66562499999999,127.40242424242432,25.073234216371485,35.5895428827872,75.37391738495914,102.79998569112117,117.63413042023767,42.32515,62.852413,81.55028,105.6779,122.90592
2018-03-04 11:00:00,Fruehling_average,30,nwp,96.73333333333332,171.0,0.0,112.03551014787088,116.40229445755766,142.07855,417.97009782811256,37.37217021352498,9.118174038885797,0.0,0.0,0.0,26.119305555555556,46.30177696078431,113.23680555555556,186.4265873015873,217.5408465608466,36.45724042365891,76.03467586563984,113.34206523871273,197.03606770674187,203.63943088465155,56.032616,101.711784,133.52264,166.82738,181.2341
2018-03-04 12:00:00,Fruehling_average,30,nwp,92.33333333333331,245.83333333333337,93.73387519156825,148.5745026113111,168.10928117430745,204.25328,420.2332146883538,110.71588187922802,120.51666203793104,66.59855133160022,46.079716104721456,61.362005672532746,45.638791208791204,70.12680555555556,114.34212962962962,196.0103896103896,282.20842261904767,69.55947436226771,102.50695100776557,133.2016012968861,247.42953721440415,379.0519449331086,73.98803,104.989296,159.52214,275.5982,376.08234
2018-03-04 13:00:00,Fruehling_average,30,nwp,76.53333333333333,194.66666666666663,45.2251454432992,169.06544885559717,213.21751722892918,237.36116,422.4677434570035,87.60770281009982,108.9153578198077,41.43122421028579,23.258816913123383,39.91714379184566,71.1725,102.54156862745099,145.17444444444442,227.56255411255415,332.29055555555556,53.5724653267953,102.30998947810104,213.29513385393685,281.367646659993,379.0519449331086,74.09623,125.90539,209.80792,300.4941,367.9148
2018-03-04 14:00:00,Fruehling_average,30,nwp,69.0,214.7,77.08339557347665,233.29009621004508,249.59839079801938,281.055,424.6705722090465,101.74524423785621,135.54976353892732,66.20186847251557,37.331824643117216,47.95488652420397,108.492849002849,151.70312500000003,235.31537037037037,332.2125,403.39666666666665,79.8657694374575,114.42964300410631,257.4569185782912,342.2241086547066,481.16214948615425,98.76671,141.84422,248.32591,346.72363,454.6755
2018-03-04 15:00:00,Fruehling_average,30,nwp,130.53333333333333,296.8666666666667,73.02061343100831,137.01739686464467,150.16873030575886,172.92462,426.84008022929703,83.81161220390808,110.66279386294113,43.02604404485277,7.030574741458054,25.91803899642821,52.495222222222225,70.94833333333332,107.16205128205127,157.41625,256.2147777777778,48.978346129924645,89.88017858683688,141.28566591036193,235.36710468713295,389.24905431065434,67.4225,65.914925,114.20214,240.20595,367.24258
2018-03-04 16:00:00,Fruehling_average,30,nwp,180.3,216.36666666666667,249.2713057387416,364.27234681632376,324.79395423577967,345.32968,428.9755353295776,169.0403362619296,263.64468220437334,231.16280032160967,209.72803650518358,261.24856168974407,239.41083333333336,299.51458333333335,365.0502941176471,455.9166666666667,550.3166666666666,161.52282793773517,208.4474011466571,307.4114268952477,396.59366771085473,484.2665636012394,165.0694,225.26727,300.5147,428.90146,490.56476
2018-03-04 17:00:00,Fruehling_average,30,nwp,347.96666666666664,186.1,457.1095383056198,787.5712391945327,533.584351231718,637.24384,431.0767331901729,255.82481468428475,417.85931819863833,440.4761985613807,444.16624457280375,561.1215946990167,328.87845238095235,538.81125,790.5844444444444,969.4865151515152,1064.056607142857,288.5002905867485,372.48648771191336,557.8936424935025,795.1410406978335,899.3904464188148,291.22504,436.89612,561.9996,762.3936,953.8207
2018-03-04 18:00:00,Fruehling_average,30,nwp,669.3,297.2,595.1901033096983,881.3566134701499,562.1993395996965,720.5135,433.1437815594837,318.65080957471264,518.18069840199,577.0089725057042,599.6305625120967,743.055326787148,654.0635185185185,754.5258333333333,880.7035714285714,963.7527777777779,1061.9600000000003,704.7890745300343,774.5434426273441,828.4007025097926,917.0295761040344,1163.455815292453,612.96216,749.81396,828.30835,853.65063,1081.5812
2018-03-04 19:00:00,Fruehling_average,30,nwp,502.3666666666667,274.1333333333333,450.70324136155375,743.3398905680548,521.7491794145614,603.2798,435.17697115488346,241.43944037826373,401.83152957413057,433.2069312791872,450.67325146883104,568.5257725257183,329.43416666666667,496.1102272727273,728.1373737373738,943.1095238095238,1064.056607142857,300.5587572765064,381.56450577165435,570.7607603479544,809.0689454281725,902.7406766355933,310.32443,419.85284,573.8878,763.9648,942.70746
2018-03-04 20:00:00,Fruehling_average,30,nwp,617.1333333333333,422.3333333333333,443.41867719955667,743.5950847127974,519.2376224777092,622.9325,437.17669845596225,239.72404299861805,396.63991440048835,418.49343354774635,433.24506721295927,540.6379235867411,330.2733333333333,505.7285714285715,693.1311111111111,862.4405952380953,1050.023722943723,303.3087719774221,396.86127361409854,599.4807283829155,814.5549900770199,896.7346158920446,307.9291,439.7775,583.2385,770.59814,946.22516
2018-03-04 21:00:00,Fruehling_average,30,nwp,502.23333333333335,541.9666666666667,340.0033104757247,424.3735749119962,400.7149937106111,410.19427,439.143419555985,186.1999843444984,311.1413287448717,311.8644669657522,326.26698137903185,417.43240996662536,277.5257575757576,326.4760185185185,395.139898989899,513.3291666666667,650.2262051282052,195.62016044182383,272.53619500777614,388.1491111982551,648.0814323634071,651.804832078179,197.99391,297.40036,391.79614,626.20306,680.3535
2018-03-04 22:00:00,Fruehling_average,30,nwp,231.23333333333332,446.8,138.73637136361953,226.8252253598176,259.5990622787398,263.99628,441.07762260165623,85.91385154631473,159.04446752768314,114.81190097658282,114.04163619996359,193.24836970112494,94.02766666666666,124.82458333333334,234.17555555555555,324.4875,398.02565934065956,114.21410084308673,156.36879882469964,276.7230614921295,335.64469845555845,419.2016546716653,118.2477,176.0412,263.07104,393.6638,451.40045
2018-03-04 23:00:00,Fruehling_average,30,nwp,240.3,410.8,29.16334258409688,215.22489684040772,259.5990622787398,266.38904,442.9798113575698,41.778060313801205,81.61170714487133,5.08714271054896,0.0,43.553824568367304,85.84863636363639,121.56645021645022,199.88838383838385,283.867094017094,351.88000000000005,114.34629670243739,151.42834110314055,275.4717521287353,337.8626318348994,409.51101829171284,118.30347,164.88129,262.30988,333.47253,390.6092
2021-05-17 00:00:00,Fruehling_windy,30,nwp,24.3,1060.3666666666666,339.2123892589955,233.51030684377864,134.33026278455185,216.87646,139.91031567719278,71.49821074885526,129.06064157216719,303.1019527068452,551.7280087079201,617.9257564392141,75.46973039215686,164.93,247.4348484848485,317.50089126559715,394.30500000000006,54.656042402743616,53.166242313465496,136.09516081098693,195.2399292765885,232.4114994804373,45.657326,42.66313,188.41666,246.55995,297.1092
2021-05-17 01:00:00,Fruehling_windy,30,nwp,73.16666666666667,797.0666666666667,435.4191053981675,257.6332690753839,214.50441539732574,269.09573,155.2763175177449,97.05526074214166,171.4658226045776,356.47019944901217,627.2701035609294,779.6432527784821,99.64753787878789,168.8033333333333,246.95625,336.599053030303,457.90546783625774,95.80564519327945,111.95520953982674,231.73525785453032,354.10466210754794,545.2408350504934,87.26778,136.74318,278.12357,405.67868,539.9438
2021-05-17 02:00:00,Fruehling_windy,30,nwp,88.43333333333334,719.0333333333333,619.5387888775422,265.5371536045722,237.62968320562726,321.92334,170.18625894242052,144.90879657560606,242.12351144769556,471.169303574214,812.8771253228022,1045.602446342512,119.02536111111111,166.22285714285715,243.8717592592593,355.0333333333333,446.9140476190476,133.57762338508238,261.11304932450287,309.87644878878666,377.229212917108,609.8909848524406,164.39459,267.07574,407.04263,396.7958,614.51587
2021-05-17 03:00:00,Fruehling_windy,30,nwp,125.83333333333331,423.26666666666665,641.8670991199162,463.5174913325976,498.68971564245174,552.79425,184.167604251124,150.23699882975905,252.4837213795419,473.64119211684385,803.3704744959466,1107.8961976011117,139.52411764705883,218.61707516339868,373.2152777777778,599.2607142857141,866.2612500000008,127.06416702073882,272.3972918337402,579.8376425188533,648.7470885663494,871.5202606045199,160.1527,364.74957,596.8208,696.1452,840.7726
2021-05-17 04:00:00,Fruehling_windy,30,nwp,307.96666666666664,353.23333333333335,672.4919286947938,471.0351107257055,560.8719259119723,565.6792,197.05984664985158,152.92549169244762,253.132159676819,479.2789895412172,820.396827720035,1166.2062883430242,137.67845833333334,214.30416666666662,380.0984848484848,599.8114087301586,879.7354924242428,125.44681173148497,277.2895792740807,579.3644764800741,652.6458161971865,881.4793243098044,155.06444,358.857,583.31006,713.79596,869.4599
2021-05-17 05:00:00,Fruehling_windy,30,nwp,256.6333333333333,288.76666666666665,702.6704530517045,455.22402204520773,544.5702505261664,555.06586,208.8463372224412,163.30833976809697,264.24099281570295,493.6934841769738,840.901862260216,1202.9313884811372,130.54633333333334,204.18333333333334,347.3979166666667,555.0375,878.2478321678321,120.26394695606443,258.9900213311259,543.3113153528284,637.4159228035601,835.8948224915703,153.62517,358.3342,585.98627,700.5436,864.6076
2021-05-17 06:00:00,Fruehling_windy,30,nwp,195.53333333333333,157.13333333333333,606.080020784053,253.02733726919507,318.2912071685895,337.09012,219.57394407624616,133.47573411728436,217.54384336274904,414.95391256047725,718.80771357662,1079.6908753515106,111.44494949494948,160.94196428571428,226.61166666666668,332.1569444444445,434.4898214285714,91.92662689769456,177.8133115810963,352.5755793871253,386.9773442207784,603.1529517466641,87.99797,219.48505,326.0202,432.08118,650.06824
2021-05-17 07:00:00,Fruehling_windy,30,nwp,176.73333333333332,104.46666666666668,617.7158155217028,266.49326773355995,332.3343022269357,351.4714,229.3149258167579,135.9889615872762,217.02450856548617,419.5823123189339,722.8438219831409,1094.8172375165148,105.45543560606062,155.4592803030303,235.380101010101,347.084068627451,457.26952380952395,93.18937648200061,173.1850960674596,316.5747867834175,390.26819396432074,633.2007747054947,99.19185,210.76929,317.45782,440.03278,657.7706
2021-05-17 08:00:00,Fruehling_windy,30,nwp,483.46666666666664,185.53333333333333,674.4537408258359,305.439175384314,430.4322545781251,444.22495,238.14907084642857,152.31794630127877,236.36097769312838,464.2912786929183,787.5425498149845,1163.6461990300181,110.19111111111111,162.56071428571425,240.54821428571427,356.41997549019607,485.0780357142859,108.67290325160835,238.83174706773622,424.1916419764315,499.3031444576793,635.867625487258,131.208,254.91006,439.90146,615.0467,679.7587
2021-05-17 09:00:00,Fruehling_windy,30,nwp,412.23333333333335,163.8,883.3557367961993,863.3470056042745,867.6221250658632,900.08856,246.15554400449946,208.6618043553632,317.01141570867594,611.5191023116922,1016.7620018506514,1438.8308503320031,300.140303030303,458.3511111111111,724.5562500000001,1289.4769444444446,1502.1649523809524,122.22140864091968,433.3150965713765,709.2125395803149,868.6635100345982,1328.3434685156205,149.24983,499.87802,772.3844,810.0308,1159.2833
2021-05-17 10:00:00,Fruehling_windy,30,nwp,728.2666666666667,398.5,507.4201559540347,203.5477005208965,268.33868753526923,269.52036,253.40936335494825,114.78844664237042,168.3929257479569,376.16886154531926,618.4206761928149,917.4696577096018,53.142153846153846,102.43234126984127,168.3836182336182,243.00151515151515,354.43000000000023,57.156464864434305,117.18878838514095,237.8329001379308,357.10629327699485,547.3404546690685,64.027214,126.82928,248.50163,400.92416,539.7529
2021-05-17 11:00:00,Fruehling_windy,30,nwp,678.9666666666667,339.73333333333335,911.2415128796066,807.052028143767,893.9819291571945,831.23883,259.98006753238604,206.64586675327115,315.4959369610825,650.4871189272251,1058.3692537406212,1503.6195123804164,292.8768939393939,456.70240384615386,715.5696759259258,1214.3288194444444,1499.4992380952383,113.07958154397001,560.4227047740193,726.8951486778791,874.6644507811442,1311.7895944220058,130.75316,452.02808,785.2703,906.7619,1255.4626
2021-05-17 12:00:00,Fruehling_windy,30,nwp,824.1333333333333,280.03333333333336,865.4697503196376,796.0045638428741,894.3830438740277,877.6206,265.9314030986822,198.3914441234167,304.35078656269775,616.7636888430891,1025.6206889363586,1383.0370412828318,311.2817435897436,462.21340909090907,716.3863425925925,1204.5277777777778,1494.0906837606838,110.2479666697112,412.6332113323531,724.281401910481,875.0414570230165,1317.514494357164,143.02995,512.3348,795.0015,869.35846,1230.9629
2021-05-17 13:00:00,Fruehling_windy,30,nwp,1303.6333333333334,436.1,790.725972307913,781.8007594265592,929.6227324909632,916.4138,271.3214717862032,188.65516549667848,290.59388842350023,587.8486268283157,968.1422472931827,1240.4863200038938,355.4791876750701,537.098888888889,755.5351851851851,979.1058333333333,1332.4026515151513,139.33459931348327,404.27150930985346,619.0344125002986,857.433426406539,1315.7139893434348,153.509,513.8141,705.1911,847.07367,1163.7867
2021-05-17 14:00:00,Fruehling_windy,30,nwp,931.6666666666666,719.3,1003.3449813868675,872.0812494671118,930.3322250346282,904.3098,276.2030709805309,239.27411036400622,365.5918004218515,747.4448844033288,1225.4662009233753,1535.4536361610446,349.1261519607843,516.2784722222221,851.7562499999999,1321.9099067599068,1534.2143939393939,133.54170546354024,630.1927051056623,838.1608957042139,1070.4112108594297,1341.7588269360976,148.47229,667.6303,905.82214,1152.2784,1239.4609
2021-05-17 15:00:00,Fruehling_windy,30,nwp,1015.0333333333332,684.5,903.5343495703755,757.5261727692629,798.1338994294543,776.7256,280.6241017627317,204.82827595734386,322.36758234009505,680.070887161696,1121.7439837770592,1417.3444505384957,324.4566666666667,468.28861111111115,733.3908333333334,1158.7927350427349,1455.7528787878791,141.9644920580658,555.7478621790494,740.6653078352624,832.1069906561045,1263.284977825212,152.64247,464.83362,774.29785,891.57465,1135.0264
2021-05-17 16:00:00,Fruehling_windy,30,nwp,1533.0666666666666,566.8,868.8101484965331,710.980732578724,821.1487632145767,778.37427,284.62798642522563,198.07332052592704,319.6424818513504,651.1560545414643,1096.5132673939559,1330.0410280304163,378.4577777777778,506.5622916666666,713.5520833333333,975.9481481481481,1277.1290000000001,141.15821773750673,401.4978385202769,739.7846884999259,834.4124951467959,1256.474399486762,153.45,481.266,770.71906,890.1485,1104.2673
2021-05-17 17:00:00,Fruehling_windy,30,nwp,1265.4,478.06666666666666,797.8699551110399,740.422434403159,901.467906771928,847.18396,288.2540696801194,167.97795585988476,282.40760124950884,589.6477494445817,1021.9928774168973,1247.020270055966,355.13580952380954,512.7376225490198,677.9170833333333,954.0509523809524,1304.3916666666667,129.1319615810622,390.6443655551911,837.5104814800357,995.3619052553554,1276.4228583097204,147.5876,525.9475,868.4507,992.6788,1112.1239
2021-05-17 18:00:00,Fruehling_windy,30,nwp,547.3333333333334,268.53333333333336,692.2573122024784,438.97384418700227,512.7609954146732,498.59125,291.53799312122965,135.11634143059118,242.54083147616248,509.4955587977955,898.2471143750518,1123.6215352483414,125.08454545454546,243.94841269841274,385.3469907407407,563.9229166666668,794.776282051282,108.45758108787506,249.763376428628,549.230505059278,650.5105078905783,883.4658855303546,136.32942,348.1239,590.8924,722.72943,832.1312
2021-05-17 19:00:00,Fruehling_windy,30,nwp,330.76666666666665,265.46666666666664,778.5909374142707,672.3728362743002,760.7311185344148,740.7497,294.51203969912586,162.62856874808784,287.94576428551557,576.8574246898402,994.7177836112992,1247.106060083509,311.22116666666665,481.1644345238095,666.6357142857144,931.7769230769231,1153.1019696969697,93.98295078336592,348.2407075499881,684.722651385464,817.3935171605644,1265.9473588100834,120.527885,404.66046,746.0691,861.8544,1136.6885
2021-05-17 20:00:00,Fruehling_windy,30,nwp,395.46666666666664,151.0,791.5564031760916,714.562242736202,793.732768756003,764.5542,297.20544826452345,158.98137395547798,290.07150690685876,571.937675058532,1001.7363325816352,1284.7514484871808,296.002619047619,449.9544444444445,669.7582516339869,964.240931372549,1215.03375,94.17133025568806,374.28477014257277,717.5149712778191,804.6953569444325,1258.8596213677502,115.78031,422.42026,753.06305,802.08325,1125.6848
2021-05-17 21:00:00,Fruehling_windy,30,nwp,569.8,10.2,711.8234679957473,727.0496537621169,748.3340462137046,724.0215,299.6446996692487,142.80830466576566,270.0906481911289,516.9340787983074,901.848878821857,1189.5701445601692,324.8413888888889,474.3469696969697,677.7097222222222,892.3484432234432,1089.7223333333336,96.04690739288468,339.38962470535114,587.2607883998696,757.4083879490809,1264.2659651921049,109.343094,387.95175,645.60913,761.60974,1139.3942
2021-05-17 22:00:00,Fruehling_windy,30,nwp,470.6333333333333,219.26666666666668,682.5628093271498,792.5052636374609,809.7543016764533,830.49286,301.85377646607856,137.80305571971684,259.11968936762486,500.9869113048846,876.027384704849,1155.9593887222286,369.875,557.9825,791.5616557734206,999.903125,1210.2231250000002,94.20626005561871,376.38933814954146,729.6837685243192,842.230189497959,1286.838028174459,121.70657,489.93222,792.1467,832.43317,1148.477
2021-05-17 23:00:00,Fruehling_windy,30,nwp,774.6666666666666,122.2,538.437732857896,465.3685029861281,515.4458995680172,529.3804,303.854398389473,89.52604419661053,191.77147357802033,397.0413998801786,688.5596698548754,1044.3089158709195,140.5999074074074,226.20158730158732,401.22242424242427,583.0275,833.9066666666668,126.32885980255443,233.94150486407955,525.6428803578482,636.4699863754931,899.7771765195116,134.24023,301.92346,554.2899,647.38116,851.62604
2020-08-14 00:00:00,Sommer_calm,30,nwp,16.533333333333335,0.0,0.0,43.30628229303745,27.02756945098315,8.280408,77.36382949149257,0.0,0.0,0.0,41.79743938667059,168.5212974774258,0.0,0.0,2.4497835497835503,24.497884615384613,193.75100000000003,0.0,0.0,0.0,31.404180564136748,138.24028290352277,0.0,0.0,0.0,39.624016,162.48186
2020-08-14 01:00:00,Sommer_calm,30,nwp,0.0,30.233333333333334,0.0,37.82210391208474,35.49718347553621,17.233812,103.67413975413976,0.0,0.0,0.0,20.48086261830622,130.04619437629066,0.0,0.0,3.7995993589743593,32.8275,146.0570370370371,0.0,0.0,0.4879481736461171,54.10961786420057,126.22517525122437,0.0,0.0,0.0,52.80937,158.48224
2020-08-14 02:00:00,Sommer_calm,30,nwp,0.0,20.3,0.0,35.85694733048874,60.160068076315895,8.058015,121.85892745493763,0.0,0.0,0.0,65.26771587831038,184.18149009619268,0.0,0.0,5.531481481481482,44.994471153846156,150.39575757575764,0.0,0.0,1.9186721158905815,41.5188546387211,127.7366615854239,0.0,0.0,0.0,53.990784,127.7879
2020-08-14 03:00:00,Sommer_calm,30,nwp,48.233333333333334,93.86666666666666,42.300777821214524,66.61446052383087,51.47639934996048,29.187273,134.98136588459448,0.0,0.0,30.677215709908737,127.43868911706508,259.88272539730593,0.0,2.655952380952381,35.477777777777774,139.04102564102564,215.7749494949495,0.0,0.0,4.407966159374854,76.31132140634256,154.84666987187512,0.0,0.0,3.9168065,82.63552,153.1908
2020-08-14 04:00:00,Sommer_calm,30,nwp,13.966666666666669,70.4,70.02507759812951,79.0260024964096,64.82604124282308,45.332447,144.52374874138746,0.0,1.3905857675656428,54.95454124345562,151.97133974316975,291.1424099518844,0.9029444444444444,18.14666666666667,71.78013468013468,170.64791666666667,263.37300000000016,0.0,0.0,11.935938830934525,82.56723253084469,199.2440201789814,0.0,0.0,3.3993845,82.879,176.20773
2020-08-14 05:00:00,Sommer_calm,30,nwp,43.56666666666667,159.9,65.21563110630032,76.58906469710068,36.921972469194245,48.69146,151.47200676801714,0.0,3.606468059240246,56.224581168170005,139.64568329819187,245.0903136208724,0.8969444444444445,13.179166666666667,69.31463675213675,151.44895833333334,223.73454545454564,0.0,10.908956423705922,19.994922399024226,78.37412546621933,185.10284654520652,1.2818185,11.719384,22.994986,90.60797,153.55971
2020-08-14 06:00:00,Sommer_calm,30,nwp,47.733333333333334,160.53333333333333,73.99781736613495,78.67439850895127,51.15815989817438,55.12516,156.5325162766907,0.0,8.605008173247196,66.01050762673535,141.79668469159378,238.2119228648491,2.721333333333334,19.408333333333335,82.5001893939394,158.62083333333334,247.9609313725491,0.0,15.397877203971406,49.33699823109345,84.39252999109583,178.97122789996018,2.5018659,15.233029,50.18902,102.51911,171.65643
2020-08-14 07:00:00,Sommer_calm,30,nwp,13.0,165.43333333333334,44.0359655165868,78.06621466871684,71.81522603346808,61.298355,160.21829789681678,0.6151991241078458,8.175691872012884,46.57472840385675,96.81990663437611,164.9732359398589,2.657047619047619,19.474652777777777,79.93148148148148,153.99305555555554,227.24202380952434,0.0,16.237851771936988,33.99265081602185,71.52455206606226,163.07590129904366,7.1138873,19.977798,49.326023,83.243034,172.1521
2020-08-14 08:00:00,Sommer_calm,30,nwp,65.8,131.06666666666666,0.0,71.37720969097678,59.84310760278778,50.171715,162.90282556063607,2.03376278950867,5.788839569188717,7.138346140818157,19.69731027294165,57.16981046506447,2.154722222222222,13.401388888888889,72.29487179487178,154.47083333333333,272.00636904761905,0.0,5.022679017458902,14.900995226222825,65.3492045924124,150.85286347979147,6.7964664,12.212479,18.089073,147.48973,166.17987
2020-08-14 09:00:00,Sommer_calm,30,nwp,127.63333333333334,48.666666666666664,6.730748516675078,62.13797657224264,45.95897505665157,36.971546,164.8580952620566,3.638144551091647,10.35970920410778,21.985415802528692,33.32933143097921,84.36741416862787,2.1163888888888893,11.16,40.88333333333334,110.0435606060606,225.85585714285736,0.0,12.017623437517129,28.956307832290836,46.72646893537416,120.06949130418849,7.3176184,19.211792,20.146704,61.98422,132.86163
2020-08-14 10:00:00,Sommer_calm,30,nwp,73.4,213.0,30.983118177126755,89.35362709835213,54.00825372599662,57.950794,166.28221184608245,5.904537966798982,16.98238631811465,39.956946911684895,64.52160316616613,120.0366509944887,3.7433618233618233,19.607291666666665,94.13553113553112,194.07916666666665,280.5022222222223,0.0,13.491264222274221,50.36859556289704,87.63621118907479,153.2090664626167,7.5707197,25.559725,39.906887,91.248055,162.76591
2020-08-14 11:00:00,Sommer_calm,30,nwp,49.96666666666667,764.1666666666666,103.8057444571952,117.23221096596355,118.03200422634725,105.61127,167.31946420711708,9.128556925952834,31.095613722000685,90.89682090308138,169.62095113523242,229.47333421187165,8.752460317460317,31.012301587301586,106.40055555555554,195.70750000000004,267.86333333333334,0.0,10.667741852071666,105.23491060470685,184.47454761305028,269.7455520194568,7.1131454,22.956306,103.420296,179.32817,226.94211
2020-08-14 12:00:00,Sommer_calm,30,nwp,17.5,251.03333333333333,110.98363005311971,131.49031589941032,127.89866566093895,122.34613,168.07494481794737,8.629328222356676,25.402361802081323,104.65625480015576,159.33013517190435,249.85468176070708,35.69081018518519,77.71136363636364,131.25627705627707,206.04416666666665,266.20988095238107,0.0,48.708000192404484,151.04568726243406,170.38763281458782,239.4122769640868,17.492357,49.540657,103.06265,140.08354,230.90656
2020-08-14 13:00:00,Sommer_calm,30,nwp,56.03333333333333,91.36666666666666,128.03071717055184,134.32989851645874,158.619034057961,121.93046,168.6251975581266,7.896403521074214,27.75650383472847,118.12477427569351,193.33938815354918,322.87558768528675,22.09312169312169,66.6789502164502,149.53148148148148,235.53854166666667,281.311421911422,0.0,47.679574461924815,105.17628497467241,197.00113222416672,271.35420643103055,17.41335,50.623444,100.59154,171.28687,273.87366
2020-08-14 14:00:00,Sommer_calm,30,nwp,61.8,253.86666666666667,120.97584183368232,152.98365772414567,121.50482892102308,136.47984,169.02597300330245,8.511718598903038,27.22611978690211,110.78264966864371,188.9166045554378,302.9110920425072,42.43063492063492,92.3850529100529,165.49375,230.95380952380955,282.2962820512821,0.0,49.27694732217407,153.29261226689502,227.77807633642567,296.6103070725089,17.7079,51.588703,129.85612,185.79877,264.50504
2020-08-14 15:00:00,Sommer_calm,30,nwp,30.733333333333334,231.8,20.712561423644814,90.0835481882995,104.20636087562346,130.04704,169.31787696984767,8.975074504060117,12.31283501354434,35.52251130351411,39.66842591402343,69.3707119404637,6.695555555555557,30.668386243386244,92.45916666666666,159.83472222222224,232.07073717948725,0.0,31.108066124348422,80.88445057082743,131.57179518569887,172.86741070938598,7.618725,29.289904,89.52641,128.39534,167.84952
2020-08-14 16:00:00,Sommer_calm,30,nwp,58.333333333333336,153.53333333333333,63.1237830186553,103.81698636613453,161.017394667315,144.56871,169.53048462011898,9.681650184717729,16.37554634693437,66.42980438856681,92.5817106858538,157.00864579317155,36.48516666666667,70.40166666666667,110.91383928571429,155.7025,212.92655303030307,0.0,31.951014285249965,101.91374874722571,139.14037133151666,213.6564790432553,8.138146,45.71938,92.86171,175.05074,207.23268
2020-08-14 17:00:00,Sommer_calm,30,nwp,9.8,252.46666666666667,82.65866098246087,111.10494749690763,161.19592736976693,153.61261,169.6853369624455,8.366080056214903,15.437348899678206,76.25364461180351,128.84725455577902,208.86836003716098,51.20985714285715,87.77475961538461,125.32328042328042,169.41808712121212,213.89030303030307,0.0,56.38215686604422,134.43226948788643,149.74075551693682,231.20121197793733,17.586191,55.44296,147.4585,203.30994,235.34227
2020-08-14 18:00:00,Sommer_calm,30,nwp,33.03333333333333,42.6,63.39658832665242,137.96955138060747,176.56205021627676,167.31885,169.79812334568902,3.9927227753827745,6.3520488692971675,60.10253613997771,124.60655366219535,236.51021981619664,27.21326923076923,51.09513888888889,125.17430555555556,223.5400284900285,352.3653333333334,0.0,41.51394401426311,98.27685770014223,209.94738461805204,262.6124100863304,16.563242,74.48314,100.46449,192.31316,276.54584
2020-08-14 19:00:00,Sommer_calm,30,nwp,116.7,5.3,55.9954732982045,111.1506473586598,149.1378989910072,137.74052,169.8802710746419,1.2685951432944753,0.733912426495305,51.051862566506884,130.7649218393327,262.37289040465413,14.357238095238095,33.99444444444445,76.43518518518519,194.31488095238097,324.6826984126985,0.0,28.219121068241538,43.31238430258524,198.5873160971962,258.49181870514775,1.8492693,51.859135,37.058365,168.34718,248.51314
2020-08-14 20:00:00,Sommer_calm,30,nwp,44.13333333333333,0.0,13.210278131545635,63.71503059559995,119.0950396766201,50.809883,169.9401032031139,0.0,0.0,14.734159066850268,82.63714683682264,202.66551096807586,6.8646153846153855,21.903333333333332,67.93789173789173,121.01752136752134,173.7736666666667,0.0,11.410697895412232,29.510401453271875,75.26905464078176,189.52601056534417,0.49564934,13.602359,25.359596,88.86068,153.5692
2020-08-14 21:00:00,Sommer_calm,30,nwp,0.0,0.0,0.0,48.42992455609136,128.81464624465198,62.06881,169.98368181013225,0.0,0.0,0.0,63.2336012719654,183.94968650564147,0.0,4.266041666666666,28.288333333333334,101.4232638888889,164.781358974359,0.0,10.382416206777346,11.353092848128757,76.52485720145852,187.5721402974044,0.0,3.5562832,10.997277,87.66288,156.56906
2020-08-14 22:00:00,Sommer_calm,30,nwp,0.0,0.0,0.0,46.066601711340525,121.75941688913261,70.673195,170.01542219841795,0.0,0.0,0.0,54.284391177819714,169.28518465357683,0.0,0.24427609427609429,13.709740259740258,74.93697916666667,141.21708333333336,0.0,9.0318474171819,12.110963770016102,79.40202285458281,162.5130889682325,0.0,2.756067,12.433931,91.69339,248.62851
2020-08-14 23:00:00,Sommer_calm,30,nwp,19.166666666666668,41.7,39.42360326892137,78.11230175166298,107.80507915987168,124.07799,170.03854024457536,0.0,0.0,26.758516994542333,119.27801583762621,268.4426838369073,0.8421296296296302,12.586666666666666,67.09015151515152,127.11638888888886,194.11433333333338,0.0,5.615816910393525,68.23154057566846,114.19344461548037,179.8723507472191,0.2257694,16.253996,60.65041,117.230095,212.5184
2019-08-11 00:00:00,Sommer_average,30,nwp,288.6333333333333,627.8666666666667,289.83444958948496,255.8831789919363,208.40081670494257,222.88176,279.10671661867275,4.3947513024961005,48.63890035920513,202.95100055022,383.1481306032067,580.4928095157115,21.995333333333335,95.41770833333334,271.2772727272727,399.1076007326007,503.51083333333344,0.0,36.893848325972044,167.6383336463366,359.484066943615,402.71601401796323,4.239768,49.496063,193.23154,397.7581,355.3723
2019-08-11 01:00:00,Sommer_average,30,nwp,26.8,343.53333333333336,334.2599480439703,309.5522072962369,254.24855116175053,234.23018,251.6731236671699,7.295346569126435,59.19348937981945,222.2984837728064,408.38251423608256,651.8000829155387,74.43190476190476,188.41349206349207,313.9089743589743,410.65396825396823,508.2866666666667,0.0,124.85918590187464,305.85415210623654,360.7776713529289,433.94518157824143,22.701607,165.57185,275.49167,336.7221,383.27075
2019-08-11 02:00:00,Sommer_average,30,nwp,47.233333333333334,111.86666666666666,268.5291608661844,221.62123946877855,196.6843943247604,181.71,229.18237890805204,4.974036236569016,43.574546655293034,172.6942826147766,338.075767824301,544.8870173588552,15.721555555555558,54.85227272727272,193.65265567765567,352.6108333333333,446.29341666666704,0.0,99.62524237095082,149.82444558224188,306.8857486379575,387.0355753241672,11.679967,121.67619,141.149,302.14963,335.74554
2019-08-11 03:00:00,Sommer_average,30,nwp,39.86666666666667,317.1333333333333,238.87154817305577,250.86152555947538,189.26427573881236,174.07886,210.76414435121137,5.234349932668785,43.69651960205147,167.3894319670824,303.760631645064,488.2042214482211,22.005380952380953,84.63377525252525,237.52037037037036,409.84980158730156,523.3512009803922,0.0,33.921996258342666,165.2178030997353,279.6350925877051,391.4644231888565,3.0371404,34.97585,135.76073,237.05728,311.36444
2019-08-11 04:00:00,Sommer_average,30,nwp,27.733333333333334,385.8333333333333,241.22947815935999,179.0486965618476,119.67536914305808,108.611984,195.7010233551712,7.708884782495774,50.59489005113467,176.66649172600688,305.96575372319415,482.418742886418,6.492307692307692,34.147996794871794,143.04848484848486,339.61944444444447,463.3169230769233,0.0,25.35542756108306,99.87135819639019,179.63695118120938,356.9647350828662,1.7949107,25.59712,80.143456,152.86697,256.87732
2019-08-11 05:00:00,Sommer_average,30,nwp,38.86666666666667,485.8,300.7672559237134,255.03156638909934,202.51550043608188,178.63742,183.40168959248604,12.159567367974205,70.59365337027643,220.30341233868185,377.57598615703427,564.198445446405,61.31311111111111,149.27727272727273,273.3775,383.1564814814815,454.4685238095239,0.0,91.04828542085656,172.96574860810668,296.27290478365126,392.79509290532206,13.172794,80.12565,159.40482,232.83344,327.05316
2019-08-11 06:00:00,Sommer_average,30,nwp,293.3333333333333,389.1333333333333,215.35342479728098,144.86770488650646,120.65323032066081,97.43828,173.37873704750638,9.500472635102255,53.30731865842323,159.59816357339363,273.35005037470995,429.2322213321197,34.12214285714286,73.45664335664337,140.9374053030303,219.94970238095235,338.1780952380954,0.0,66.41870368361472,117.92953688323412,167.22716104826455,325.67664110194653,11.35563,55.000076,98.3538,159.751,265.27203
2019-08-11 07:00:00,Sommer_average,30,nwp,274.76666666666665,400.8333333333333,116.49124110909867,61.91882963875735,82.80260912185092,72.06637,165.23042159890656,6.348317803914308,32.96279166248819,96.26962506533295,179.44979523990514,270.800038225393,5.898981481481482,18.910648148148148,40.10800865800866,99.01321428571428,154.9952380952382,0.0,47.142228216020435,36.37299795867983,88.85165799230947,147.73473120033464,11.766833,38.52201,43.686287,76.88293,99.69771
2019-08-11 08:00:00,Sommer_average,30,nwp,262.23333333333335,400.6,84.38810922911804,44.247496419425744,47.36017660745828,39.41591,158.62561046666,6.497466615220876,29.16604412637773,74.11793088307238,115.36390749160924,230.00308027350238,0.23666666666666678,2.1746428571428575,17.31,49.26174242424243,100.35081585081588,0.0,35.99474509917117,29.178955408505075,25.66238072507283,145.99279434401333,9.751882,23.872927,28.835827,33.06511,81.64258
2019-08-11 09:00:00,Sommer_average,30,nwp,79.63333333333334,561.6,144.55779997063365,83.05108002626703,70.46641914991591,60.823597,153.29137592731988,11.259374661410238,49.270009976504,119.4287962083727,171.35350606972986,323.4032551898456,1.5199358974358976,8.898958333333333,38.89611111111111,117.10694444444445,244.16683333333336,0.0,41.428222085422156,33.2500858927036,71.13439731238512,183.82630135303032,12.117015,42.321987,52.25609,114.54496,198.03053
2019-08-11 10:00:00,Sommer_average,30,nwp,29.733333333333334,898.4666666666667,246.73051322843742,138.15686098639938,108.94651953846767,150.37866,149.00276872078214,17.762653031085428,78.94051503770753,201.15658571590774,313.2816636057133,473.84738481752737,32.14083333333333,74.92106227106228,126.60132275132275,188.60288461538462,276.3726190476191,0.0,59.002015373520294,182.58387088724325,175.40114371078676,283.8187833066944,27.831057,58.765224,147.79414,169.31708,298.5363
2019-08-11 11:00:00,Sommer_average,30,nwp,24.366666666666667,1209.7,307.67484265391823,143.33249282125485,108.06556170050024,149.92857,145.574388194128,22.043688940354144,99.13222645373446,253.26186079886213,368.94798667118346,574.0553720492411,31.930925925925926,76.38974358974359,127.27337662337662,189.20729166666666,282.54076923076946,0.0,67.16865503955701,232.54751796073333,174.26262213817947,264.05475367507586,29.099884,72.54443,179.78845,171.82593,255.82735
2019-08-11 12:00:00,Sommer_average,30,nwp,53.766666666666666,1620.0333333333333,439.25624279385346,291.54599402499866,216.46323854238037,285.793,142.85343351015928,29.196750078407327,136.20728943441682,353.8605523854683,510.19842311242,780.9168685398986,84.02060606060607,153.37069444444444,284.72152777777774,414.4323809523809,523.9531699346405,0.0,74.73272287314101,277.2421654743107,368.9049354549822,373.74179980770555,35.15341,99.74709,266.9515,340.87643,405.45834
2019-08-11 13:00:00,Sommer_average,30,nwp,175.83333333333334,1159.2,342.7633987944332,180.06652317648206,144.50501874317501,196.25694,140.71397570934587,24.66527010362431,106.96069249126458,268.6027972931182,388.1738269717389,648.7406090785679,39.11666666666666,84.20347222222223,143.98848484848486,245.75927083333332,351.2446320346321,0.0,73.95265326966847,212.8187692405231,207.56615058132988,357.29112464956717,15.325354,68.57335,198.67036,216.0688,377.42804
2019-08-11 14:00:00,Sommer_average,30,nwp,191.56666666666663,1298.6333333333334,358.39530315306365,204.671422379916,248.05579650316767,252.31801,139.05223613093906,24.513425319430077,109.74800794381538,282.23591659011254,390.70181955566966,686.3824700648521,55.76822222222222,99.15238095238095,178.24611111111108,282.1381944444445,387.2494444444445,0.0,74.85598377882285,240.41205347170978,255.6380662861225,500.88869658335483,11.84927,66.90096,221.53642,255.65483,532.4769
2019-08-11 15:00:00,Sommer_average,30,nwp,181.46666666666667,910.3333333333334,142.30439223051508,105.76125409469665,94.52755983521085,160.1837,137.78269438392377,13.352123441073584,51.33917280844274,123.20636826929723,176.7674625571342,354.43992468849723,12.058928571428572,27.64560185185185,65.96249999999999,168.29840067340066,259.52258333333333,0.0,39.003548733331854,96.90617261771519,124.69690575197643,291.7741321175403,6.904422,27.445608,90.30089,149.72685,287.34912
2019-08-11 16:00:00,Sommer_average,30,nwp,104.2,1071.2333333333331,176.29554810751137,145.57029607746625,183.6951263331385,210.43341,136.83488012246323,13.06297043360209,55.775659306229414,147.88351860546328,204.16104235310866,429.098945289063,23.457948717948717,56.79017857142856,154.78762626262625,250.26396103896104,306.9403703703705,0.0,46.655958343257424,120.57934671599642,149.9772823194272,395.2356731506741,7.983546,39.019005,133.31111,188.47157,367.1203
2019-08-11 17:00:00,Sommer_average,30,nwp,81.23333333333333,1051.6,462.4046144583094,321.05802805519,499.1212829931892,400.97467,136.15072848677895,25.170245877939877,119.00158021034412,330.345235298161,509.39354365649905,887.8728938363033,75.73561253561255,126.82424242424243,226.13675213675214,448.7388888888889,717.5428571428574,0.0,115.77614605616051,288.16262892471974,275.47456294510545,635.5691031856902,43.439545,113.38679,294.755,348.95743,687.20654
2019-08-11 18:00:00,Sommer_average,30,nwp,55.2,741.2666666666667,425.1787835851533,315.550485697623,352.92215114118534,382.14954,135.6824001778779,21.3037251857068,101.55674385997665,290.870602368593,474.11943963710144,834.6465135414758,75.48820512820514,129.98444444444442,234.9361111111111,457.72513888888886,786.9999487179489,0.0,118.7824708266546,243.00930381191984,268.33450141368513,586.0589000936527,49.89565,114.00853,248.36023,338.50266,737.80237
2019-08-11 19:00:00,Sommer_average,30,nwp,358.8,641.4333333333333,389.7598427913787,231.26149156903463,308.34012972622025,315.87515,135.39048453359578,17.788012321725763,89.32234173106283,261.19163384181496,444.0093261230197,772.4506000937502,60.19571428571429,112.54108796296296,183.33080808080808,284.490931372549,477.6052380952383,0.0,105.367011430476,254.9272712997655,367.4753242869501,530.139845024662,32.451866,92.17348,242.00885,337.20523,617.50586
2019-08-11 20:00:00,Sommer_average,30,nwp,355.3,466.06666666666666,496.92026361143553,384.697682660004,499.8613115803224,358.43542,135.24251831560676,21.45594770112294,109.70454263538389,322.02530619907634,561.725689041252,934.7888830801995,176.14614718614718,266.89761904761906,388.05337995337993,586.9915064102564,802.5097685185186,0.0,374.79928785670165,412.5077058034953,350.81227650602074,597.9478452151787,76.103065,252.2583,400.0009,386.22733,679.7031
2019-08-11 21:00:00,Sommer_average,30,nwp,98.06666666666666,560.3,432.8672934499013,392.0159018587647,462.5013820764029,413.01697,135.21176473942614,16.630337933788596,89.0276939832887,289.54490943029805,495.5269932406894,840.0494508855174,137.15942424242428,224.9224358974359,337.4400793650793,589.9867216117216,871.7211904761906,0.0,212.76570132151016,332.8127981417266,438.2112534582562,627.2296544783727,75.152336,209.57306,291.54752,391.04407,629.7651
2019-08-11 22:00:00,Sommer_average,30,nwp,7.566666666666666,703.8333333333334,370.38605686138726,286.21062825043344,325.07276257908075,342.4292,135.2762070247109,13.126537300660251,80.11871939239226,252.48218689433293,441.60821213517494,714.0579644672077,112.00285714285715,181.17151515151517,273.9568181818182,388.3236111111112,542.5028282828283,0.0,130.46150704745347,271.19978078472934,361.3725234726786,552.8659296996896,38.95868,180.7562,304.60495,389.38293,631.47003
2019-08-11 23:00:00,Sommer_average,30,nwp,68.76666666666667,366.73333333333335,166.7601839338244,144.2835871099777,122.90039472103034,132.6159,135.41771877627593,3.7126629635844104,36.39106222269861,101.65968020485063,239.21054013753337,366.09165831185857,6.910416666666669,34.87045454545454,91.25814814814815,205.39499999999998,344.1909523809524,0.0,27.260752208453876,96.4168928164617,195.99262269096286,289.19200522424615,5.0962973,27.471565,87.893776,159.57991,257.98834
2024-06-21 00:00:00,Sommer_windy,30,nwp,218.13333333333333,430.8333333333333,41.08495335416808,187.97115884247236,192.40094668772522,151.93803,854.0982078734762,0.0,0.0,55.42630963634582,115.71535569762872,249.10971817975806,5.965000000000001,61.02103174603175,137.51608391608391,204.99365384615385,271.03388888888895,0.0,102.90279443055343,110.30606127811055,217.96463417023253,279.1069132160286,7.3787584,99.49506,138.01628,257.245,407.12125
2024-06-21 01:00:00,Sommer_windy,30,nwp,78.9,424.3666666666667,219.66989067683215,190.57213305039193,210.74529207865342,199.72174,762.7470743554142,5.195559882744776,40.23209534457155,209.5937322127243,351.45796988842886,570.0908077753809,54.09523809523811,101.21208333333334,161.15870370370374,239.59087301587303,310.1129166666667,30.37535229130049,122.61886885598179,224.70150795855088,264.20749234171274,360.21206436327475,40.944366,114.048195,169.25604,272.34082,405.29697
2024-06-21 02:00:00,Sommer_windy,30,nwp,13.666666666666666,374.2,271.28148087355294,245.99373698671334,271.1434921181237,243.76768,631.4792764369464,13.686085047530781,70.93028283427621,263.86396897602333,413.31025750078186,638.8981896347145,60.59377777777779,122.74488304093568,207.16739926739928,333.8208333333333,413.40590476190476,48.431942891408696,190.34412519282952,301.54242056592494,300.4068477703357,375.06340611354085,78.386734,179.76599,271.05475,292.5214,420.81366
2024-06-21 03:00:00,Sommer_windy,30,nwp,110.6,447.9,172.15963520559788,159.0347840965959,144.978769516632,142.65482,544.4823679603082,4.03566493697361,31.889189926672838,175.44943811726077,284.43038459958007,482.5423185735071,17.733444444444444,65.77194444444444,158.21666666666664,267.8671428571428,347.87966666666665,13.684459870277474,61.93865577121147,217.62241712816737,267.8572442008651,252.81349233594372,13.569052,59.29212,180.3446,202.02682,262.37442
2024-06-21 04:00:00,Sommer_windy,30,nwp,134.53333333333333,464.23333333333335,218.93661692770715,189.03332860982945,186.52517853083665,185.21689,470.6376985138081,10.051293306897035,58.30321766600138,217.1563681938776,340.6226983708889,556.3877177151501,33.10757142857144,60.02416666666667,129.6578282828283,242.8441907051282,325.37166666666684,26.68302768919324,116.35946327078233,190.05431378024105,296.11764264316093,338.3175557888208,45.528767,100.270065,185.20341,253.0319,351.2391
2024-06-21 05:00:00,Sommer_windy,30,nwp,230.43333333333337,574.8,117.78777966511232,175.58314521118052,98.40724304348792,70.62996,413.5476045304756,3.1690981551540762,13.940554689010213,122.42848800888552,227.85519941424653,392.39562756590067,31.122450142450145,79.80404761904762,149.70714285714286,227.13205128205126,309.02222222222224,5.092571251822239,18.292128131736764,103.8485930976686,172.72910579663068,200.23423473710574,8.829606,18.812302,102.06633,141.34421,257.5485
2024-06-21 06:00:00,Sommer_windy,30,nwp,231.8,560.9,96.05861895723233,202.73570827075804,215.8828259718028,175.14656,367.90310959819374,2.9775405494641642,9.884764877997107,104.92502665661297,203.99257800899585,361.5938856503505,47.28479797979797,88.54708333333335,159.01041666666666,235.64494047619047,310.495623931624,5.3544477754275634,22.87381014559369,97.29389972304224,172.67121239237687,254.98914834662548,9.128091,19.268017,100.42308,158.81068,267.3777
2024-06-21 07:00:00,Sommer_windy,30,nwp,92.7,469.53333333333336,0.0,66.39806338791026,50.777667129497196,35.984253,331.8558835912495,0.0,0.0,22.10684013878364,94.11000085796402,194.64169575876377,6.320606060606061,18.06666666666667,49.12142857142857,107.9010101010101,209.80840067340077,3.5145527745897147,14.32187051719641,48.036813124372486,70.6220504391002,120.2479090566239,4.9184813,4.1186404,28.530264,60.487812,100.447
2024-06-21 08:00:00,Sommer_windy,30,nwp,43.43333333333333,272.7,0.0,46.72595181411887,79.80559119089845,76.61549,303.2602206058627,0.0,0.0,0.0,0.0,0.0,2.9008333333333334,9.516666666666667,24.64623015873016,53.787179487179486,122.82785714285727,0.359477242782747,9.608662867752184,8.302693638772487,39.58586809827973,162.9506916234427,5.9654837,1.6567934,11.683714,46.630245,141.52586
2024-06-21 09:00:00,Sommer_windy,30,nwp,90.0,145.83333333333334,0.0,54.552708178039545,101.59578812246225,89.63339,280.612789685366,0.0,0.0,0.0,2.2227880451525834,55.09643410549273,2.269333333333334,8.55681818181818,23.247649572649575,46.47765151515152,132.13892255892262,0.19566050716556085,9.050862911527611,6.927772503233062,36.005236351187506,223.4093985695168,2.847311,1.8541298,15.176351,41.905598,117.79847
2024-06-21 10:00:00,Sommer_windy,30,nwp,54.86666666666667,202.46666666666667,142.65133836091115,150.30715476034305,161.45396732381636,153.01259,262.66560439735974,17.34362562436133,55.92459038975901,148.72447502242326,249.67449125003031,375.6580290387017,20.57666666666667,58.38589743589744,129.0625,240.32648148148147,319.2595767195767,12.373309005891704,55.68290955125714,209.09164166476947,241.78306533588682,283.49384855939496,9.52678,48.052994,165.04073,205.55885,292.47427
2024-06-21 11:00:00,Sommer_windy,30,nwp,58.43333333333333,22.366666666666667,102.44180684021248,109.63905315435879,108.97167265633512,92.09546,248.4462640913368,11.864612261429599,41.61065565952269,121.19864792675278,213.39525535855336,303.7070161445936,14.181575757575757,39.204166666666666,87.98903133903133,176.05,281.6483333333337,5.276612009060613,25.032543461449237,104.17890506284289,159.64621572273595,269.1455148564636,8.355756,24.310768,77.499664,171.92805,263.98404
2024-06-21 12:00:00,Sommer_windy,30,nwp,90.63333333333334,95.3,55.18173889612055,63.016639939646275,91.40831672732939,95.37082,237.1795589221927,7.7223665234498275,23.024415651638684,75.56334231832086,147.55230775522185,224.39150342426606,8.053999999999998,23.854273504273507,50.46700336700337,99.7486111111111,163.75238095238097,4.069216939595577,16.438683012967655,43.49224595035409,114.48446814383398,214.37075941410848,6.8298764,12.262845,43.085827,119.14575,213.59647
2024-06-21 13:00:00,Sommer_windy,30,nwp,234.26666666666668,88.46666666666667,210.36226076311561,195.9236891499048,128.9423420969357,151.06184,228.2526341156919,24.508241804339757,89.01196428509463,207.85054961440864,334.1869568112628,480.76900374808065,63.3489898989899,95.06777777777778,176.76666666666668,296.8285714285714,383.76011904761907,27.616638607017677,103.32786223916452,164.1208207399875,276.4332561372043,384.31655960740085,45.928993,98.82866,129.66153,264.5651,402.95383
2024-06-21 14:00:00,Sommer_windy,30,nwp,295.76666666666665,63.03333333333333,195.78103952420366,196.80881968170485,123.37157503005614,146.03343,221.1795081340882,21.606956096347766,79.183948117039,192.82623274107834,315.1466551370468,463.2893640116718,63.3489898989899,97.97693452380952,174.57410714285714,295.42250000000007,387.0507744107744,33.23784421304347,112.14245653839177,168.71710130291814,274.2455233734074,378.0035967164114,51.924812,105.5968,134.27191,274.66202,400.16797
2024-06-21 15:00:00,Sommer_windy,30,nwp,459.3333333333333,42.63333333333333,319.9512510870544,298.75229641340485,202.64570070299428,203.20018,215.57523563237532,31.35236463470598,128.7050282399967,302.7396510022403,474.9295606626861,680.4026424906311,76.67975000000001,131.50730769230768,220.7472222222222,411.7262152777778,531.8789803921571,36.637567642794686,99.83393646484507,221.753359402243,436.64362428644847,706.2214361505503,55.48512,119.17315,214.35864,435.0505,646.1523
2024-06-21 16:00:00,Sommer_windy,30,nwp,518.7,22.866666666666667,284.9188663618501,315.7033172811365,260.21445065383256,256.5479,211.13477828919068,24.196653970079765,114.19378804980757,277.47721321146787,418.07337680024455,638.7158958947548,88.84476851851853,166.9440972222222,262.75,461.6934027777778,570.5975757575757,36.3441359918503,146.5397858880266,233.0164660404688,503.2688052974818,525.8974393853078,63.72203,157.94385,214.9685,495.73322,567.1355
2024-06-21 17:00:00,Sommer_windy,30,nwp,463.8333333333333,1.6333333333333333,279.4449344210763,302.6850501230819,241.9360124642038,296.03568,207.6164534119671,22.147871985735748,98.8652374778662,264.93626706010286,421.9309930690199,629.4144626897378,80.14317460317461,167.8951923076923,261.8957671957672,475.8688920454546,605.5936996336999,32.72797793325692,88.38691900245989,195.49738254131728,523.3147809122734,515.9748664383607,54.425385,142.50781,270.23575,476.70117,554.6762
2024-06-21 18:00:00,Sommer_windy,30,nwp,579.7333333333333,38.36666666666667,356.3788780342294,485.65990611263237,420.19608152493305,418.23578,204.82876482800597,28.89782995946833,126.86402024443953,332.174178933701,520.2425883233278,749.7437143239363,104.92897435897437,260.07932900432905,389.14666666666665,506.40892857142853,626.7963333333333,35.529213510088844,154.47172988478488,258.14340177422747,459.46043867447,814.1426453719349,58.748684,151.54207,320.4098,690.5802,894.1215
2024-06-21 19:00:00,Sommer_windy,30,nwp,326.93333333333334,151.46666666666667,364.97279799805483,475.68430608527706,437.5039008671681,493.13306,202.6199844039235,26.759050021450783,125.84891438424134,338.3655459458904,526.3997953756863,774.8313978567581,74.62933333333334,212.46685606060606,345.66400462962963,499.2284722222222,660.0918412698417,35.15560245554361,149.90091212351086,273.3871803498948,474.85134617838116,842.0141845774111,55.51917,148.10394,374.96884,679.5869,924.62476
2024-06-21 20:00:00,Sommer_windy,30,nwp,850.8333333333334,166.73333333333332,375.66980455246994,465.46933614737935,395.8498055260059,432.05396,200.86989254988708,25.61163561470446,121.65115376976973,344.0413696151435,544.186920180834,790.6640044974062,86.98907407407408,216.75179924242425,345.4606902356902,499.2284722222222,645.2912500000002,35.732999803125466,153.04051401123158,299.24629148036706,516.1205076989424,800.1051871610587,58.33359,166.4671,358.52713,674.7503,827.0662
2024-06-21 21:00:00,Sommer_windy,30,nwp,316.43333333333334,108.23333333333332,392.89232736081885,501.86552861753864,457.47417948422043,516.48474,199.4832352630995,24.325965357600765,120.66202904593821,355.18401352010903,565.1921382034084,819.9967628404165,84.64185185185185,230.570695970696,361.70303030303035,507.43055555555554,702.4464166666673,52.72680846906661,162.58864684738376,295.03113158737034,570.8475547632837,803.3543963395249,73.39622,162.5089,407.50122,755.31067,877.3684
2024-06-21 22:00:00,Sommer_windy,30,nwp,467.6333333333333,259.03333333333336,346.86599726752434,333.91004503144404,430.6114526472439,389.57617,198.38453953871058,16.601923607681925,93.06882544320342,308.813463924314,509.6940298328243,763.5099702605035,50.59202380952381,115.37336309523809,237.63174603174602,468.9375000000001,645.6977222222224,51.289687714792734,169.16356638960795,300.575420056382,486.49184044170494,542.9560732681704,77.82106,167.95728,384.75418,566.3704,585.86395
2024-06-21 23:00:00,Sommer_windy,30,nwp,758.4333333333333,930.1333333333332,343.4763742027082,347.552007193966,378.78351412339777,343.60953,197.5140055539643,18.826331962289316,95.890807847211,304.6168184504302,507.9998647433272,776.1400390766994,43.11093837535014,103.15320512820514,215.26689814814813,476.4533333333333,658.4405555555556,51.02781119118741,163.31012705425715,289.8447777574371,485.7973654231938,555.3988633136114,77.70509,138.00465,352.81323,574.095,573.7494
2017-10-03 00:00:00,Herbst_windy,30,nwp,631.0666666666667,509.53333333333336,634.2793764308213,598.6937318893426,616.1270549107605,629.3152,620.188774210191,114.17438523042658,273.3129866523678,449.8277578796067,718.63963131543,916.4999713206058,302.23785714285714,501.3612938596491,605.6908424908424,721.1895833333333,795.6558333333332,0.0,496.81712325765045,586.1653721098907,635.3388952778923,792.3787785499566,368.7448,480.20233,601.38074,638.43665,787.92926
2017-10-03 01:00:00,Herbst_windy,30,nwp,655.0,349.6666666666667,646.58216740137,580.4304921991925,621.982433199248,602.11884,607.4532070520861,122.83901219013687,284.7513788165545,459.099240967469,733.7464761757806,916.636207953035,259.65654545454544,467.22931547619044,577.6180555555557,674.4791666666667,776.6753787878788,0.0,496.81712325765045,586.3950390604241,632.6700335575097,785.9059498757352,367.65515,479.37616,608.45056,609.06354,782.1876
2017-10-03 02:00:00,Herbst_windy,30,nwp,478.03333333333336,382.1,458.20549795755545,435.11358673703734,385.5573567977575,427.91742,595.7416304259941,101.15047049300694,209.96374110462438,346.80927995943637,560.308655190883,753.3320435553865,167.37688888888889,281.5538888888889,447.5035714285714,578.8171296296296,687.6962500000001,0.0,400.1119160992578,504.862745040794,586.649852960577,534.5312688312915,122.00763,317.43323,474.31073,571.08636,528.05896
2017-10-03 03:00:00,Herbst_windy,30,nwp,605.8,526.8,369.088962449713,146.4275630582675,108.55585073477474,162.93588,584.6980738117534,90.07739140594457,175.8167535671218,298.5164477031551,486.99758742292715,702.1486706196272,38.97717948717949,72.72336309523811,143.31458333333333,222.0306060606061,347.8204090909091,0.0,69.53386866032673,122.7610020882347,234.01412022780414,345.8934882618049,51.957787,63.706505,130.42209,262.07538,346.66956
2017-10-03 04:00:00,Herbst_windy,30,nwp,313.8,478.3333333333333,469.8915553798206,451.408506763381,396.584028561107,451.56686,574.1408934809938,104.90014504442242,219.60818887266043,360.53014714049095,587.8876832630531,800.0341070803015,169.12040404040405,288.45744047619047,458.52444444444444,579.6869047619048,687.6962500000001,0.0,400.4589360575513,555.3412250992208,624.9920305081998,539.6001698722621,125.70403,323.30618,506.02795,623.8801,543.9353
2017-10-03 05:00:00,Herbst_windy,30,nwp,190.13333333333333,592.3666666666667,541.8712805854424,451.91055736418565,414.9968262857986,490.82022,563.9752382642396,116.32407115092475,241.24662723618252,395.92940985392863,669.936834750944,920.1799415108735,169.92818181818183,295.38080357142854,430.1322440087146,561.8046957671958,650.9696666666667,0.0,401.0653077257233,567.9624518041289,679.8278090866471,539.6001698722621,239.99194,357.19263,533.60913,644.596,561.4257
2017-10-03 06:00:00,Herbst_windy,30,nwp,135.86666666666667,436.06666666666666,377.395625678377,132.12327812498918,146.86671332707738,178.06284,554.1495342692644,88.52494254800536,173.7062712575489,291.9190208668008,497.4049534034739,697.7769880795238,40.61487179487179,70.24567099567099,128.64166666666668,196.6392857142857,281.8247186147186,0.0,73.2069621876152,118.55736116246665,203.48648225212847,340.9124964546423,34.07185,69.04807,133.63797,259.20145,342.5908
2017-10-03 07:00:00,Herbst_windy,30,nwp,165.4,569.5,234.8374861707993,24.56827681685876,53.089398182849294,121.724815,544.6338504906643,63.09877298055261,110.11448687924182,202.71753401102376,361.0136805589932,557.2302779461766,8.661833333333334,17.05972222222222,34.57124999999999,56.462500000000006,69.52749999999999,0.0,19.78012079481167,38.27157049637184,52.184519706531894,99.63406315357027,18.379435,9.980438,61.43468,92.95266,104.46186
2017-10-03 08:00:00,Herbst_windy,30,nwp,100.43333333333334,516.1,643.2703159588006,553.142346098603,571.0910737257054,562.47736,535.4091410058537,120.53347310273645,260.75587667588167,427.0703088032111,760.416690517251,1001.8840798703853,276.7619090909091,410.4347222222222,528.3689814814813,669.4144257703082,828.7869696969699,0.0,397.0850182850012,556.3688224266949,653.9905058701246,628.6954431483796,312.0146,422.61005,533.44165,697.12634,647.9924
2017-10-03 09:00:00,Herbst_windy,30,nwp,314.3,552.7666666666667,617.1040859178463,520.5481099301439,472.6011818996709,530.9502,526.4618937767658,110.87163403373025,239.45903803538766,399.03402714675565,729.5189903086809,972.1683407727649,218.6742857142857,369.32054924242425,521.8757575757576,661.9439583333333,804.8560714285717,0.0,377.6593141716195,559.7376331109579,652.8336346810203,627.8876047386532,204.50111,353.21655,520.9279,695.3039,600.0516
2017-10-03 10:00:00,Herbst_windy,30,nwp,371.6,364.53333333333336,619.1782486925777,511.0911973266368,561.0689639886402,520.8387,517.7814670570324,99.11915150393308,229.9600337814864,384.107400167101,710.650224492367,910.7906763053945,216.7135,384.59803030303027,494.63948717948716,647.1507843137255,844.8587205387206,0.0,367.5620727538464,534.901945926978,624.8225604049073,615.3601960468769,296.75638,389.35843,528.3487,692.8284,618.05066
2017-10-03 11:00:00,Herbst_windy,30,nwp,135.03333333333333,462.3333333333333,541.7983431994884,395.0961894482296,397.8923224275601,407.6067,509.35876185126085,74.57096277928218,190.09454557448248,322.2772117443068,648.7804034789187,842.384095169489,173.074,260.2364583333333,421.03611111111115,514.3544117647059,628.4783333333334,0.0,359.40786083395494,491.88316042959536,603.3620720211774,522.1111013470105,212.83011,338.70352,442.12518,646.6334,494.3857
2017-10-03 12:00:00,Herbst_windy,30,nwp,322.6333333333333,375.43333333333334,624.6718061727387,519.0008052413242,607.1898777104611,530.53784,501.18555859830155,73.95140169184283,204.27507499047533,351.6271186080946,706.651758118179,893.4787488257218,210.2601282051282,371.9810416666666,500.58458333333334,669.9008608058608,947.3468461538465,0.0,356.6897032278961,507.80575033305627,611.2779534460223,629.9469797199349,281.71826,314.5927,494.55273,668.5176,615.53485
2017-10-03 13:00:00,Herbst_windy,30,nwp,570.6,467.76666666666665,587.2486451334574,513.9474482768655,558.1386030140749,534.0423,493.25418412570866,67.03475286024535,183.9349584415869,325.83138871793716,664.8831370211348,867.1964310010778,195.772673992674,373.7933333333333,495.24095238095236,660.0188988095239,883.9168333333341,0.0,356.3474869390584,507.80575033305627,604.6655924673763,592.0648375221738,281.60617,320.16617,486.80762,662.7424,601.60114
2017-10-03 14:00:00,Herbst_windy,30,nwp,717.3333333333334,583.5333333333333,618.6931488489347,544.9574937320806,612.4131074162611,608.36,485.5573428724342,66.15803242960011,184.9564388360596,333.89555296289257,694.4747554039092,924.0550427612184,218.1363888888889,397.9267857142857,523.5875,689.3963095238095,963.6060439560442,0.0,452.70567413915774,514.786063260309,601.1021865404782,652.7485852293779,336.9782,332.7342,504.16467,652.4144,655.8072
2017-10-03 15:00:00,Herbst_windy,30,nwp,656.8666666666667,884.3333333333334,590.5969877280291,518.4509661636544,621.3337602803954,633.2636,478.08802986074267,56.177839096069384,154.42270266612562,304.0278042098709,671.7013340589046,959.9536464147886,197.88614285714286,360.2166666666667,468.1952380952381,656.0981746031746,929.799743589744,0.0,337.2689461699965,515.0486064288006,601.577370410239,637.3712781264838,284.0913,298.2616,483.47882,660.1538,611.6838
2017-10-03 16:00:00,Herbst_windy,30,nwp,522.4333333333333,598.1,606.7961407543085,601.6088848211856,617.199463560096,626.3925,470.8394843962943,52.08650297708625,156.82339384115662,306.21522062366967,655.826298103815,893.1506404726794,271.94041666666675,420.3720833333333,554.21,702.5911111111111,991.4875378787883,0.0,401.21427776596073,530.7007833591186,601.577370410239,748.118373816322,348.5923,281.36197,468.951,663.36304,741.5728
2017-10-03 17:00:00,Herbst_windy,30,nwp,675.1,973.3,447.464934814022,479.1585124868914,516.679720655401,583.8647,463.8051641030769,17.87141797149627,68.11933778872199,195.35706590262407,508.0982549771559,805.3371001554563,169.50590909090909,299.92738095238093,440.13249999999994,586.6277777777777,739.7194761904764,0.0,244.17210876978595,394.24228876678376,610.2366377898637,622.2013905650122,208.83612,235.54056,413.89227,672.2477,592.6158
2017-10-03 18:00:00,Herbst_windy,30,nwp,556.9,995.4,349.0852458201682,367.39094348583166,461.30622001282717,518.8461,456.97872915349643,0.0,18.868943447971148,127.02281639535691,408.7848191362958,700.5160528432441,140.8271590909091,237.14826388888886,385.5982051282051,495.7066666666667,620.1,0.0,244.34300855384865,372.14215406819903,596.302308207217,528.5793615807031,184.46971,219.658,432.6311,663.688,533.15186
2017-10-03 19:00:00,Herbst_windy,30,nwp,392.73333333333335,920.8666666666668,250.49311614121186,167.29371793800613,234.82945188706992,265.3786,450.3540316508537,0.0,0.0,65.42372084143821,287.3580188853017,563.774805596118,30.05576190476192,98.26510416666667,186.8,241.49358974358978,324.2385833333334,0.0,52.547707654859515,111.07569980196325,213.99872249351455,346.40115297081,18.847975,54.288555,159.36021,301.18988,313.58984
2017-10-03 20:00:00,Herbst_windy,30,nwp,465.9,707.4666666666667,282.27760704546404,303.66325976099455,320.1164547918827,343.8622,443.9251076550632,0.0,0.0,85.7550516587989,304.439834194581,543.7209285647182,107.70109523809523,152.36785714285713,277.2060606060606,458.4816666666667,562.8546666666666,0.0,251.49866671572863,359.40709882603136,321.0191535681032,410.23650306463736,92.23671,185.97505,326.9415,517.5162,403.26074
2017-10-03 21:00:00,Herbst_windy,30,nwp,520.8666666666667,619.6666666666666,264.862325032394,220.00577734685893,255.5477708237998,354.09637,437.6861706019536,0.0,0.0,80.84005820561255,290.85064241726,496.25602131983817,88.88238095238096,136.80320512820512,222.00297619047618,348.55857843137255,474.7577976190476,0.0,251.6411201198716,310.1853840851914,319.1746157085614,416.96474362708585,85.25411,186.15196,331.5182,483.33505,406.41434
2017-10-03 22:00:00,Herbst_windy,30,nwp,549.7333333333333,528.3666666666667,220.57254861724934,201.02328480633108,261.2149668405513,295.8631,431.6316054926167,0.0,0.0,63.701110417537436,227.65167966235174,412.36793087804404,69.50541666666668,123.69340909090909,194.51833333333332,335.5255952380952,464.5855555555555,0.0,70.81482457438001,137.22267067234873,338.1764056074913,385.98197774044235,21.454927,76.165565,214.53386,487.22495,385.44763
2017-10-03 23:00:00,Herbst_windy,30,nwp,243.56666666666663,611.0,183.25291466561438,157.5046897003509,188.50203229471524,212.68214,425.7559635405773,0.0,0.0,47.25458954041764,199.3793849764818,393.62443051335185,29.491011904761933,87.70178571428572,165.15379629629626,226.4964814814815,299.46999999999997,0.0,51.884111405757764,111.10114129647827,217.13270764469223,346.0606742842767,8.702176,37.620895,104.155426,278.9231,314.72388
2018-02-18 00:00:00,Winter_calm,90,nwp,668.6,30.5,482.6920102033789,319.30413986104367,350.62367916165226,376.54123,542.1142298514732,201.38180014571412,246.11448841564973,462.64998467118016,616.0752252102504,875.7959215861704,147.0875641025641,192.22075320512823,256.3175824175824,361.5423611111111,467.12333333333333,136.3253519388693,207.58201519191647,326.4609190496717,505.4447082730428,510.56169238154365,135.98967,230.72101,333.52847,472.7071,540.07446
2018-02-18 01:00:00,Winter_calm,90,nwp,467.0,131.06666666666666,414.8480159478659,251.06971879792195,276.4659863671912,297.7704,547.9633746499426,176.12246162685082,209.09924494228264,400.7284982465503,544.1751936809405,792.2067032747971,116.00767156862746,161.49440476190475,226.03373015873018,299.1928321678322,392.4987301587302,105.03957507744853,152.8819203540435,244.25009777686066,338.5567442943964,467.5335133301593,102.83671,190.36594,243.22873,407.09683,512.4009
2018-02-18 02:00:00,Winter_calm,90,nwp,409.2,91.5,360.5344988398094,225.15016373331775,246.82201278080979,258.30664,551.8924483840096,147.52666742169146,171.0824626151646,350.83176224854645,491.1038235031444,732.1774861284364,108.92716666666666,130.78400673400674,194.74242424242425,272.25590277777775,375.47666666666674,94.39510429028813,141.78878750028238,193.92070181636834,337.61104141166516,449.9789330370828,87.546104,180.12286,226.13084,321.65692,461.7692
2018-02-18 03:00:00,Winter_calm,90,nwp,226.36666666666667,135.3,348.4236975001526,216.67967122163395,241.29796743943666,260.64142,555.3162249407324,143.49895812293244,163.26105561893078,343.92758171565555,483.631291845814,718.6508626182726,108.41238095238096,122.24508928571429,186.55833333333334,255.5178787878788,361.7441666666667,87.54604954963845,141.16144267296104,190.63684207138624,265.7045895029145,328.281863095122,85.82395,173.84534,223.905,305.74216,450.40103
2018-02-18 04:00:00,Winter_calm,90,nwp,187.76666666666668,250.8,245.054102743103,177.08215232094375,202.53154574199056,237.64658,558.4879479721294,95.38967222343823,94.50682128601437,244.8957738763852,371.34746312964484,588.3893970106394,92.96571969696969,118.45694444444446,155.02666666666667,230.1457575757576,306.6614351851854,57.60577531604492,106.01954129736387,168.85838452510092,238.4745705845554,322.5576455706957,61.76083,126.86694,199.21112,252.09863,356.65845
2018-02-18 05:00:00,Winter_calm,90,nwp,167.36666666666667,180.0,199.12895573130447,143.56126704245517,164.97408930375272,198.05023,561.4610003317093,69.15042887970992,61.716905640626635,204.48754815605298,327.45641378352235,531.3110434468504,48.71092261904762,84.96193181818182,128.36876456876456,190.11006944444443,254.73965367965374,57.60577531604492,79.2953838883398,137.82023024274045,182.52762112025522,259.75165566179743,66.822174,106.10071,171.5003,231.1687,255.96288
2018-02-18 06:00:00,Winter_calm,90,nwp,105.66666666666669,234.63333333333333,198.27159441220073,157.6923489481203,166.45518674773146,198.05023,564.2538867546626,70.59757085231985,66.46350948969416,210.97985496571033,334.51097641705263,529.4402359379471,55.34465277777777,93.35729166666665,142.5568181818182,196.82650462962962,267.37841666666685,57.60577531604492,85.26175864043044,144.71595279163978,181.13691469533765,265.98221928862654,69.38677,111.69863,171.04976,208.9518,272.15363
2018-02-18 07:00:00,Winter_calm,90,nwp,136.86666666666667,274.56666666666666,251.19264937645204,237.8419134767251,215.7173302870389,243.19373,566.878567470521,100.27113372053714,110.78160283756483,267.44861021855405,399.8714340821151,592.6502992035307,120.35859848484847,159.1852380952381,236.5313725490196,320.7308080808081,400.09679487179494,57.30496497195045,110.67442101426626,181.0474820816008,237.08386415963784,314.16284506994566,60.024055,145.95955,203.9632,253.01738,381.535
2018-02-18 08:00:00,Winter_calm,90,nwp,165.8,298.3666666666667,230.67852793284493,160.46329437659716,132.40343345986798,146.27501,569.345351766318,75.74507099881012,80.2384615307837,231.82874566505683,379.6309044318798,588.5263811942884,38.27152777777778,76.25909090909092,151.78333333333336,232.07666666666668,319.0403030303031,30.08861599791439,51.53786648932922,133.91652465776528,199.54458915810537,223.71888896791592,42.8562,110.041695,143.78035,194.83807,238.80885
2018-02-18 09:00:00,Winter_calm,90,nwp,103.86666666666666,358.1,31.83245489102069,39.73588602091165,82.96693832523128,77.443565,571.6637691065532,0.0,0.0,14.836609562877697,159.17531557419056,373.9928090867396,3.6711655011655013,14.2875,35.647962962962964,61.07583333333333,91.43259259259263,13.947999538491649,7.3823014643192595,51.96709364569716,78.63233921958938,118.37615677874656,13.073008,41.364307,65.86541,96.484665,140.3873
2018-02-18 10:00:00,Winter_calm,90,nwp,41.4,257.96666666666664,63.79362717986169,45.43513617577039,68.84214028677681,205.58168,573.842748417026,0.0,0.0,36.18556481357655,196.93356371086713,422.0268963207121,3.8659523809523813,17.729166666666668,41.93295454545454,69.18873626373626,104.86638888888889,13.947999538491649,14.287521815522972,54.31088666333092,84.6633034948413,118.37615677874656,20.48564,60.639908,141.09071,183.98166,161.42323
2018-02-18 11:00:00,Winter_calm,90,nwp,110.2,337.93333333333334,34.375512353801355,44.55913853969021,65.33160504506772,139.37462,575.8906769092591,0.0,0.0,0.0,153.41704983012812,369.207336704418,12.036333333333332,24.768055555555563,41.201388888888886,59.484374999999986,82.07942129629633,10.40557862539336,17.224612981110894,40.86826303651048,60.23354868938726,113.33492154283014,21.226461,34.67192,102.434616,117.30139,171.51952
2018-02-18 12:00:00,Winter_calm,90,nwp,53.96666666666667,502.1,0.0,27.60861161322202,52.51574715544365,134.64836,577.8154365554193,0.0,0.0,0.0,0.0,148.71551900241695,0.8221025641025641,4.237962962962963,17.785740740740742,37.12708333333333,54.23571428571435,3.971779578542512,0.6202119331994097,10.986662647816456,59.69805114155518,109.15296151966025,0.63470757,25.365168,85.75779,85.07421,141.39543
2018-02-18 13:00:00,Winter_calm,90,nwp,57.8,538.4,0.0,18.669754469245227,49.74032506247424,128.44775,579.6244351429741,0.0,0.0,0.0,0.0,152.08014492367533,0.5220833333333333,2.1746753246753245,6.931666666666667,24.26934523809524,42.948425925925946,6.794683689452728,0.0,10.247427907642896,54.990221663271235,91.44710331493015,8.898326,22.24648,79.039154,80.82687,134.82755
2018-02-18 14:00:00,Winter_calm,90,nwp,33.733333333333334,227.13333333333333,0.0,26.58378036541506,36.82983795272536,121.531075,581.3246349082121,0.0,0.0,0.0,0.0,200.8403745246053,0.7986666666666666,3.3083333333333336,12.402857142857144,33.141666666666666,51.470857142857156,5.8607606284826455,0.0,15.202823049472666,38.47423394673452,83.47981643244634,14.488275,32.7929,88.98788,83.17317,122.02194
2018-02-18 15:00:00,Winter_calm,90,nwp,23.566666666666663,174.13333333333333,0.0,27.21911552353527,24.821756962737442,115.32591,582.9225793527323,0.0,0.0,0.0,42.87871670752668,262.5587448616085,0.8644444444444445,2.8075320512820516,9.346230158730158,23.47951388888889,44.69238095238096,3.648654956278086,6.337585477534422,17.310840747940794,28.686879333430163,82.14716667404541,11.345795,56.10632,97.34164,84.22995,123.207535
2018-02-18 16:00:00,Winter_calm,90,nwp,26.466666666666665,320.03333333333336,0.0,36.6323494300361,32.491797476961096,18.90463,584.4244184308264,0.0,0.0,0.0,5.039882262552851,202.55708902459935,3.7516666666666674,10.364166666666666,20.516165413533834,35.29301282051282,65.35425925925934,10.986862950722992,4.2617708302166895,20.16570818939012,50.64429684769955,84.41864403074001,17.17949,21.855688,33.383797,47.353443,115.49952
2018-02-18 17:00:00,Winter_calm,90,nwp,55.766666666666666,297.46666666666664,233.31171651041973,154.49975432774997,118.57983969056872,120.78563,585.8359322192201,78.02152246659858,115.56318009714681,201.41775042472943,350.4619799461405,566.1716605173549,64.12541666666667,101.28997252747251,149.0112121212121,206.37853009259257,266.09633333333335,49.34216815220619,73.63951103285183,125.69101006508821,211.06788006935787,299.05107018856535,60.46695,90.39786,121.55595,195.44824,308.2337
2018-02-18 18:00:00,Winter_calm,90,nwp,24.166666666666668,553.4666666666667,310.1690930113858,223.62121895054747,184.24582220920541,203.36156,587.1625531627634,134.40555210175765,178.70041373740403,286.2452088753977,425.4201562152347,638.1840233976676,121.73948717948717,153.19062499999998,210.88888888888889,259.46972222222223,348.41431818181826,98.75992105942052,117.68815823798407,165.40333410533177,328.2012015692421,483.1307451090617,92.68039,126.881775,197.32759,266.1811,443.91867
2018-02-18 19:00:00,Winter_calm,90,nwp,111.53333333333332,855.1,242.18161940402365,208.9520390430259,181.90033196122604,189.6073,588.4093869821138,115.75453641194042,142.7020651479356,222.0775798706677,338.8622355529966,542.514724992338,88.43960784313727,118.02858974358973,172.62916666666666,242.80240196078432,301.9527380952381,100.09046527408746,114.52718582406371,139.13634310310925,238.3904629772892,306.13870361369857,88.92202,144.25948,167.14989,198.94089,295.52454
2018-02-18 20:00:00,Winter_calm,90,nwp,51.6,683.3,126.92599835388756,169.19167342717301,137.15833492061876,167.02336,589.5812323239518,54.878575076903076,68.62702626749865,101.32384381116827,208.56631435800887,410.86895712195917,68.51875,99.2124358974359,137.27083333333334,212.25858585858583,266.43533333333335,57.18655933386116,79.31431111409917,118.69365967762263,232.64185908466837,290.5796217124601,56.45976,111.81897,162.3816,199.17526,276.6902
2018-02-18 21:00:00,Winter_calm,90,nwp,72.43333333333334,480.26666666666665,97.40482613162817,106.12237088392821,88.97798970586447,114.8246,590.6825992293691,25.53832195441504,29.575385740773413,64.78199197732033,178.30150138831334,394.27473163191564,29.943333333333342,48.333597883597875,81.33796296296296,143.60814814814816,206.1664583333334,29.137977078817244,46.85875398571338,82.25753446534108,131.5095424006511,201.38054841843214,33.358974,54.756508,104.87437,114.938354,151.961
2018-02-18 22:00:00,Winter_calm,90,nwp,63.266666666666666,556.2666666666667,160.68454676829407,151.34350300165227,106.45481950139632,133.40565,591.7177264915093,53.931394941667406,53.54715849413117,130.57503062077888,248.41529888768923,476.1807431697513,31.31170940170941,57.11178571428571,129.03304843304844,211.03234848484848,266.21769696969693,32.498551548688425,47.99490002938525,98.86195173817292,180.37413397420892,218.54769301631399,35.854996,62.65281,145.45538,138.41196,172.40309
2018-02-18 23:00:00,Winter_calm,90,nwp,46.53333333333333,545.5333333333333,337.93768261501845,256.9959982628124,241.21632337718114,248.63141,592.690597969266,149.128965638295,170.56114817543292,322.482369019421,452.3962139926351,682.7745985068377,120.43020833333333,167.48666666666668,235.08,325.33972222222224,426.35569444444445,97.27483888071446,122.05042393769332,194.04569355635024,334.3020836583105,463.29652636811903,78.59908,152.28404,254.04265,281.94177,446.1338
2022-12-01 00:00:00,Winter_average,90,nwp,98.53333333333332,1.4333333333333331,158.73210301601915,140.99796652363995,157.1966798666351,153.1043,90.64961419238469,17.909180067412603,53.02570930521723,117.48705023289547,237.73339853691306,375.97230862879206,49.20820512820513,86.26148989898991,117.12321428571428,167.41103174603177,278.4544444444445,14.951951355852142,74.45352224387177,136.92520302942143,188.44680996219816,315.49273528828274,22.174994,72.6781,110.58174,197.18307,332.64252
2022-12-01 01:00:00,Winter_average,90,nwp,160.63333333333333,0.0333333333333333,152.33594639919028,145.94178552544815,133.81856233162907,153.83969,111.63645457615613,22.78448728983591,55.57071050653222,115.38512981876121,229.9670107883189,373.4055854796884,26.56172727272727,59.95218253968254,108.98277777777778,167.66537037037037,304.84366161616174,7.5709997799809985,47.29583301802224,102.14306430507543,199.3442723263929,348.5192474335122,21.930662,56.396866,100.50708,206.8551,332.43912
2022-12-01 02:00:00,Winter_average,90,nwp,121.56666666666666,0.1,192.03170330766588,311.6446056586608,215.00241490872136,192.16568,124.33425346162525,38.05552167798322,79.53642860736008,151.96928872898394,272.7053054268964,421.81075452861,77.49304761904764,142.88636363636363,246.85833333333335,390.0965856481481,458.52333333333337,7.449048691579571,65.58814783498867,144.86490748570546,265.8992383855065,437.917026200693,26.180792,74.05427,146.25389,269.9607,419.14597
2022-12-01 03:00:00,Winter_average,90,nwp,101.5,1.4,273.61812933493064,398.4671538951739,355.9717859985336,333.95886,134.47684097222967,62.28035670218105,122.09178598285672,222.52789960570755,362.47795962457036,520.2556145586601,142.38084415584416,227.4746527777778,347.54126984126987,448.975,501.9906313131313,19.70916461609906,127.73212181760488,216.60365310360595,369.3090069814626,536.6996039200571,35.872417,117.12904,199.78328,402.82526,511.65344
2022-12-01 04:00:00,Winter_average,90,nwp,102.53333333333332,1.6333333333333333,280.32377969643574,393.968349000994,355.9717859985336,321.31848,143.41716194205543,65.52888019279787,126.26779814564827,231.93095704713852,370.39303753820195,517.1852105133512,145.64117647058825,225.56607142857143,329.6722222222222,446.8865384615385,501.9728787878788,19.70916461609906,123.27889582453668,216.7137898192008,366.1482225351289,536.6996039200571,35.872417,117.69425,200.70758,410.2857,518.72217
2022-12-01 05:00:00,Winter_average,90,nwp,102.36666666666666,1.3333333333333333,259.21238683365004,356.7467364033132,224.57303064165535,209.50546,151.5143501762959,61.157585539323236,116.21200015348333,218.6500104747301,348.7255967217052,480.57910512745457,87.07648484848485,159.7840909090909,258.725,394.1614583333333,458.3127380952381,16.13859807342045,101.09861902933953,144.36628693700797,273.39910504185275,483.33166542061707,23.274454,89.69095,157.1555,277.56644,500.88184
2022-12-01 06:00:00,Winter_average,90,nwp,116.06666666666666,7.3,274.8145111913193,381.920254807,258.5145469021872,245.71724,158.89861605741706,67.96645964956892,125.56685979636273,233.94859470182058,368.028389655611,502.46262097385096,102.67757575757575,173.3000347222222,287.0775,418.2977678571429,475.6481547619049,20.305895075785763,122.1051284279838,161.71307805730495,294.84101599032186,531.197724154746,30.682163,109.84011,175.05305,284.97748,526.0468
2022-12-01 07:00:00,Winter_average,90,nwp,227.9,5.7,286.5370494193135,393.7035070362692,364.12197570872394,358.3491,165.64427688995502,76.04164558882161,134.75931001439238,243.58330641885834,381.75645258113957,529.8833022716303,141.09672619047623,218.86770833333335,329.1631313131313,448.975,501.9728787878788,22.20092008371799,125.23391784654895,216.7137898192008,359.16498304861256,553.6360416309931,34.21398,118.32898,209.75862,404.67776,525.3928
2022-12-01 08:00:00,Winter_average,90,nwp,313.8,4.666666666666667,298.69514752553664,399.8624362487055,382.68838311505704,361.9516,171.80917262030428,78.57839745101563,139.23801248127108,253.09892219572362,394.4774511542012,537.4048478144196,141.09672619047623,227.4746527777778,356.1855218855219,450.05818452380953,501.9906313131313,24.121058361030705,117.11710989056897,247.1962886885137,383.84626326478735,543.6990333817213,41.63683,117.66313,214.7188,407.84763,519.9075
2022-12-01 09:00:00,Winter_average,90,nwp,331.9,19.5,232.121835136286,364.63468744069627,247.98377399458425,234.04582,177.44389389539538,59.07889886813218,103.54866473976938,198.9920600831297,326.31915258089623,454.6907980568743,121.44333333333333,194.56296296296296,324.1216524216524,421.33333333333337,474.15125,20.433821143557566,95.98675060420577,166.7261108763352,279.2784824313201,447.6480299936863,38.496395,66.45643,138.60371,295.47195,436.75458
2022-12-01 10:00:00,Winter_average,90,nwp,327.0,9.833333333333334,158.55878636500586,131.55075047704304,147.27198077050983,148.89235,182.5941683091441,38.94733290896487,65.47736536102215,136.43735339622287,247.30329803271252,366.68709894807796,34.69652380952382,73.75317460317459,129.14404761904763,190.5277777777778,277.86041666666677,15.99512072662159,49.01937355364533,125.24933568901184,173.68296381328148,321.9245188391382,20.064503,55.368065,103.3128,211.17307,314.313
2022-12-01 11:00:00,Winter_average,90,nwp,279.2,14.133333333333333,138.30389297434965,112.9835384982168,114.70104116599676,133.95012,187.3016763806368,33.74218176715323,54.33933762484994,115.55872689384097,226.03290751715457,354.2677975045276,25.625410256410255,56.75363247863248,107.8619658119658,163.4816964285714,253.6907692307694,5.979970659233918,49.322459067824845,84.46857376980853,154.1995956139223,315.5872255001687,9.053777,57.95752,81.38342,187.04553,309.35382
2022-12-01 12:00:00,Winter_average,90,nwp,286.06666666666666,1.0,162.54489571804424,115.39711538036798,96.47030543788908,116.843704,191.60448927914774,35.49583111285851,61.00400614669546,130.61347512339307,253.30148937482684,387.9113707587323,31.785380952380955,68.29333333333332,112.39880952380952,154.61388888888888,236.84294372294377,13.477955114022235,57.03743723894,75.7497159068913,138.8092620748434,340.3059342526753,14.118671,53.151543,84.57458,187.4216,368.80618
2022-12-01 13:00:00,Winter_average,90,nwp,323.2,6.133333333333334,165.92050171304723,90.456879337638,95.49011538755354,100.26521,195.53739938049048,28.291436175497367,55.214991313123846,129.91474070379564,257.6333731233509,380.89619607339887,27.384074074074075,52.045213675213674,91.42361111111111,124.40166666666666,163.7478205128206,13.477955114022235,57.03743723894,75.7497159068913,137.0484075857401,330.09958934189683,13.2884,47.684258,82.45048,174.1992,352.76645
2022-12-01 14:00:00,Winter_average,90,nwp,416.5,6.166666666666667,181.5451924749749,128.1470948631712,126.36402509739996,134.07478,199.1322067116081,27.72625052288127,58.126320717594574,137.5202006346472,274.7066603555852,404.61667255157454,27.834330484330486,49.405034722222226,96.79027777777777,149.1130787037037,310.20527777777795,13.409502860907434,57.03743723894,90.67417511827419,193.65402887164328,373.55203429089744,12.018639,44.213924,96.995895,214.81223,385.46838
2022-12-01 15:00:00,Winter_average,90,nwp,431.56666666666666,0.0,262.2632727162184,230.3881340275827,171.74958040943883,142.67604,202.4179772279881,44.403123999531175,93.99481365245127,198.2032271772787,362.2704324019151,512.4347449985097,26.36,63.84242424242424,126.815,303.54833333333335,437.9715,15.471117342981685,47.114013580590104,123.64358293519834,226.06168695621813,481.81661273403716,15.019882,32.617214,126.76495,242.66017,466.50443
2022-12-01 16:00:00,Winter_average,90,nwp,571.2333333333333,2.3,265.5331845945791,253.75795890723762,202.16256428386026,175.79417,205.42127808812847,41.05433870325922,92.42942860958837,197.1363624340137,364.94833011516477,517.5030818254924,23.893838383838393,63.84242424242424,136.14497354497354,328.2172619047619,454.4511111111112,26.31258769001964,97.71409900132117,131.5055226708947,271.81948697607766,515.8093015450021,37.42344,78.87489,135.00313,254.61867,426.65115
2022-12-01 17:00:00,Winter_average,90,nwp,505.0,28.466666666666665,306.6272271848404,364.9469874232658,305.1880577192298,292.1536,208.16639252159476,48.64245283128089,109.72632404973112,226.80307001866925,409.37621392189357,574.2986865946372,124.25635897435903,201.05074074074076,318.66904761904766,455.15684523809523,512.9585185185185,26.895305054667222,102.48726328536544,221.13027193279052,385.9052065479163,533.307967530761,44.93983,95.14208,248.00969,400.98224,464.70618
2022-12-01 18:00:00,Winter_average,90,nwp,519.5,74.13333333333334,341.9253023198554,429.91927794786073,369.28917766998677,350.79968,210.6755161846717,58.75632801738846,128.0478739864139,252.2668426143505,445.3208163651627,627.2900582418949,163.3965018315018,234.39527777777778,397.09102564102557,515.3904166666666,655.6818205128205,31.875218468405453,145.16629918859147,279.03142801210026,401.5393747497501,729.5721203117166,54.973186,186.52078,274.09116,434.60608,704.6221
2022-12-01 19:00:00,Winter_average,90,nwp,589.8,79.93333333333334,377.8956646632424,537.3731464595517,459.4849443174661,486.97232,212.96893662660878,65.01270737058894,144.3352505529096,280.7004915146632,481.3075601710733,661.6154696016331,262.438375,393.08208333333334,556.1883333333333,672.2671428571429,766.8551587301587,48.9076797906417,170.22997993122348,393.850971733342,565.2705124476696,742.2505489134969,119.16118,236.44455,365.32553,586.3185,737.91736
2022-12-01 20:00:00,Winter_average,90,nwp,425.8333333333333,125.63333333333334,383.8512643634427,544.4145236869131,494.685096723709,490.95486,215.0651973255173,65.50762630307665,147.14674440513681,286.76579290821024,487.5622420407851,664.8770706044991,255.39242424242425,398.6040178571429,557.2322916666667,670.9619047619047,772.0365833333333,48.90246124322901,188.0688817758256,410.78433918298504,575.832075193856,771.2467995075064,70.98607,223.69008,413.58304,590.75244,765.22003
2022-12-01 21:00:00,Winter_average,90,nwp,339.3,144.36666666666667,390.05272165975805,536.3999158344234,479.77996317284754,515.4156,216.9812476220344,67.1242106115448,151.40998457003442,294.41283720104076,496.06496467253714,674.3676349110112,228.35733333333334,396.63437500000003,553.4881313131314,674.0353835978837,772.0365833333333,91.73565773746716,224.6129559095935,411.3930964472774,575.832075193856,754.2463037826734,136.84796,270.79587,412.75372,594.0082,731.9505
2022-12-01 22:00:00,Winter_average,90,nwp,394.96666666666664,124.53333333333332,342.79523075194123,440.01045370093374,416.3646214242199,412.8722,218.73257976345167,55.13556932908512,129.86015016948852,259.7376241008765,446.26632057615086,614.1184596436974,200.55,301.8896428571429,420.6472222222222,513.4673611111111,657.0745555555555,74.12311947212113,229.55182054871318,305.3708859887425,422.3747490100471,688.9911151062495,112.14391,241.5337,296.06857,451.2491,631.7548
2022-12-01 23:00:00,Winter_average,90,nwp,416.46666666666664,77.93333333333334,318.5357484219508,400.210733422857,362.6774408709685,377.26266,220.33335416647094,49.87027216498028,119.87723347561968,243.73179003670708,421.2125145924633,583.9443696651143,214.48916666666665,295.34999999999997,391.3666666666667,471.6894444444444,516.4194814814815,68.71621674483185,158.199394117812,268.5771053440729,457.7129405720565,569.8482926500952,93.95728,197.0324,272.22156,427.38058,577.3293
2019-01-30 00:00:00,Winter_windy,90,nwp,748.4333333333333,969.2,799.4394493127729,788.4218637564464,872.6107789973721,781.7854,741.5901318703134,357.8205120582535,538.7206348411983,724.8043569892595,979.0225628216244,1278.806389195164,548.878962962963,693.8474074074073,806.6281481481481,931.2341666666667,1018.2287777777777,218.51628253975608,455.9046497222821,686.7042819982811,909.8894173976591,1058.7446338221928,255.18439,388.56464,651.90436,873.7532,1097.6555
2019-01-30 01:00:00,Winter_windy,90,nwp,572.8333333333334,733.1333333333333,771.0461517697559,780.0450290618338,808.2854549995521,659.9228,722.3517877333129,337.60867384766675,520.7964273662299,701.8969393923178,932.4687886764184,1238.1854678943719,514.6817045454545,633.91875,785.3848214285714,925.0369047619049,1017.7806666666667,212.19196921211324,445.85732367302984,692.1980869453488,912.011951768579,1060.0229113050323,238.94987,384.08524,644.38983,872.4946,1087.9286
2019-01-30 02:00:00,Winter_windy,90,nwp,569.2333333333333,456.26666666666665,759.2218327230418,732.102831987093,750.0550730047851,681.1573,710.4575162358665,330.925175679492,522.249137744095,696.1337788586064,909.4354742150847,1206.2190019087957,415.9518181818182,560.2114583333333,728.7968660968661,900.8085416666667,991.525,212.19196921211324,446.39304472218345,695.6820047629791,876.0473997251646,996.2701666204596,241.03052,402.7338,618.34644,913.63794,1072.7626
2019-01-30 03:00:00,Winter_windy,90,nwp,686.1333333333333,472.3666666666667,792.3625687629947,726.4065611854842,751.1027627766863,718.3474,701.6923592937558,349.8361966195114,546.9847021877608,728.4865413349785,948.5288417529702,1238.5284588619352,413.18388888888893,555.6399358974359,737.8314814814814,906.2308994708994,1015.7932051282053,211.7251084172413,445.64105263442866,695.6820047629791,876.0473997251646,989.8314620209123,248.49475,395.52454,633.7333,923.7447,1178.2175
2019-01-30 04:00:00,Winter_windy,90,nwp,523.7,509.03333333333336,910.8253545265188,1064.330349756267,1017.3642961542331,995.7486,694.3343023697685,416.0411124005005,631.7476887127666,842.3891463371865,1077.9053901434872,1378.3986799979587,512.3495833333334,825.1156249999999,1089.5879365079363,1377.260515873016,1570.1230555555555,456.1153612911398,618.6839656950552,818.6206762121241,1121.8652828033682,1352.988868702218,463.77963,569.69745,805.1024,1136.1804,1351.9146
2019-01-30 05:00:00,Winter_windy,90,nwp,1098.3,362.03333333333336,936.8890558479454,1143.7806135248475,1148.6745196164559,1181.0414,687.6772477688344,427.93115860922114,653.2869637020171,871.87016383376,1099.7430612790347,1404.431153682286,779.9985714285715,959.8777777777777,1202.7542483660131,1412.4997023809526,1610.4526666666668,450.8640453921687,685.2453807662129,974.0784582385057,1267.238803511947,1381.843380060909,475.273,653.57117,934.5603,1252.5261,1391.9591
2019-01-30 06:00:00,Winter_windy,90,nwp,687.9666666666667,349.03333333333336,879.615950162804,1098.4732767351234,1040.1774711670882,996.4232,681.4291880233841,386.76652489356536,599.174559374658,815.0769763532124,1023.513331317753,1350.7109449388545,520.5575,886.9001984126985,1158.0618055555556,1397.1975,1576.689583333333,231.51365447334706,552.4665437364456,798.8433771177416,1121.8652828033682,1352.988868702218,220.21573,486.3161,735.67755,1135.5859,1376.129
2019-01-30 07:00:00,Winter_windy,90,nwp,733.5666666666667,426.43333333333334,842.0202187789494,747.4212950801391,812.3315060631459,736.3327,675.4669837867557,360.5348488660235,562.95541474034,778.5401590703161,982.3231178694839,1315.8611278205046,373.1296367521367,545.4190476190475,760.1492869875223,962.6082167832169,1197.7533333333338,209.57905300951822,463.1798587151224,683.4105924782448,954.2880458330993,1199.6838536938742,203.77846,402.87885,625.88916,970.35583,1208.7623
2019-01-30 08:00:00,Winter_windy,90,nwp,562.9666666666667,233.2,814.5171520783778,750.7201450338828,803.4922459987768,773.6479,669.7364420562149,337.35659878539036,538.4407152043385,753.0415624398431,931.9624352630266,1293.8512505711865,332.5583333333333,553.0068749999999,764.7185185185185,949.6465277777778,1199.855416666667,192.84968420869217,431.57958247104676,682.3399843680676,956.5947485958656,1199.6838536938742,186.27882,411.67737,625.0078,940.1576,1208.3545
2019-01-30 09:00:00,Winter_windy,90,nwp,559.4666666666667,296.06666666666666,643.6992732305195,631.3409762620183,477.53951359989156,573.99115,664.2115978534082,240.02767811125233,410.97123646996033,594.9379483788423,759.1142497415346,1091.8551900674502,274.8042222222223,421.6612554112554,595.7356481481481,829.7416666666668,940.0983333333335,166.24235938643056,284.12603040436244,445.9453621755381,580.8274547399444,746.3816725925375,143.8506,278.61243,383.76923,581.5198,793.21313
2019-01-30 10:00:00,Winter_windy,90,nwp,647.7333333333333,164.4,574.1407392307297,480.65401206598864,379.4039261895831,580.64014,658.8781187872567,194.78379681672672,357.1395088076178,530.2036680653321,673.4007692480302,1019.0870508821689,133.4978409090909,211.92416666666668,371.35034722222224,614.6408333333334,868.2421428571429,168.47399148195845,265.84472765841326,356.85011880362333,468.2765966963698,590.1155964221041,133.01338,235.68575,334.841,475.7877,682.79535
2019-01-30 11:00:00,Winter_windy,90,nwp,534.5333333333333,124.9,580.589656701433,615.8128282831512,469.8212142044703,577.38196,653.7265387511084,200.3980015520599,365.15359344514235,543.3330573931404,690.419515099414,1026.1341525824034,200.37219047619047,392.79136904761907,568.554375,833.6680303030303,954.0885714285714,159.34843009405537,266.55858385501165,428.39061359375836,514.8104614347305,743.776625637579,130.53534,280.651,393.22202,494.9818,781.94385
2019-01-30 12:00:00,Winter_windy,90,nwp,459.73333333333335,92.53333333333332,691.2388630265079,679.0126274696819,654.4984688371497,608.6757,648.7494966950458,261.76237912709763,445.81247639362095,648.5752931779948,809.7149129433396,1167.2075535340446,320.59714285714296,500.20410685805416,681.6958333333334,835.6007575757575,954.4256666666668,145.8081625384834,311.15256102981294,548.2085050090491,785.6764003511017,809.4991993493305,112.457306,307.7859,500.77823,705.98315,871.3086
2019-01-30 13:00:00,Winter_windy,90,nwp,393.4,42.1,731.7855206696331,690.9654235441452,616.8929178524457,598.5126,643.9406074284618,293.4445890833874,488.38868934023054,694.8946405162994,873.1777288312267,1203.0642964251795,322.4533333333334,504.63329326923076,659.0275925925926,841.5400000000002,977.3386666666668,150.10255285472746,407.124403103066,612.4457564284146,887.1219526465189,958.3756268623088,170.90625,396.47256,608.64056,830.5474,1049.9323
2019-01-30 14:00:00,Winter_windy,90,nwp,558.8666666666667,64.53333333333333,873.359726650476,1121.0244067584663,1045.011636120443,1004.94745,639.293997539922,378.15784485540354,599.2784924102309,831.3924947807186,1039.4593872176356,1369.694120311743,692.290763888889,923.9927564102563,1080.8461904761905,1330.1979166666667,1464.4133673469391,396.09179897118975,637.7390676508799,870.3064633243317,1250.5790351852045,1359.1738086221699,437.7367,639.2123,892.12177,1124.7087,1370.8303
2019-01-30 15:00:00,Winter_windy,90,nwp,1141.6333333333334,89.1,769.9505503394107,739.0736870747505,744.2867637042528,707.2658,634.8041124564547,318.373831573841,521.9928781199467,741.518133141851,938.158843472035,1250.9677926563145,371.04602564102566,560.0812500000001,732.5498106060606,933.4225378787878,1061.0370562770568,163.14130831866387,412.75650000316546,656.248011107749,990.9344669808818,1207.865913444419,183.324,411.8666,645.8247,955.703,1229.5891
2019-01-30 16:00:00,Winter_windy,90,nwp,1736.9,95.9,1044.5735500012674,1306.7158963713457,1229.852345160237,1366.2318,630.4656341096361,479.13411143840847,731.2309505806113,999.8549138986845,1240.5662330205173,1576.1766890231502,992.0702083333333,1198.4341503267974,1408.8809523809523,1655.6712121212122,1780.0558201058204,559.193761016169,806.6463403281731,1101.1107325734001,1511.806955842654,1659.8665941773352,539.0961,804.174,1141.3625,1406.6592,1669.879
2019-01-30 17:00:00,Winter_windy,90,nwp,1325.0666666666666,101.7,983.632576009806,1255.8406286014235,1214.7978431521096,1279.9276,626.2734437943271,443.7042294698732,685.4389434968257,939.2284473609407,1174.0634748084763,1508.818010987675,826.1419871794872,1009.9308333333332,1358.348484848485,1650.1661764705882,1806.8211111111113,559.9633064237343,791.7004021152377,1102.3497448625394,1479.1051861892427,1612.1431581793172,539.80756,780.54016,1110.3578,1360.1871,1631.7803
2019-01-30 18:00:00,Winter_windy,90,nwp,1266.5,64.73333333333333,991.5898697693943,1270.6701308295387,1241.2383464757404,1400.4905,622.2226035625436,451.4283423158905,695.4239007434292,945.2295478597787,1182.8919496589956,1514.1349049805272,896.8522820512821,1179.6732142857143,1431.2642045454545,1694.1213541666664,1817.3621296296296,559.9633064237343,791.7004021152377,1097.70025271163,1500.1653763087122,1600.4333088242622,560.9147,774.11127,1089.8445,1350.4509,1651.8627
2019-01-30 19:00:00,Winter_windy,90,nwp,1084.9333333333334,82.36666666666666,804.7435104486633,970.9723813281432,1010.9828050471201,959.7893,618.3083452866388,349.25560459464316,559.6220170477867,767.6331498851058,987.0402188920314,1283.9803301592394,488.5755555555556,690.7017676767676,880.0060606060606,1232.4533333333334,1448.9457224257226,431.46671302870357,579.824660843649,771.3784639929007,1017.2780016355299,1254.5980080832453,437.07785,591.40564,787.7161,977.9292,1300.7998
2019-01-30 20:00:00,Winter_windy,90,nwp,718.9666666666667,120.96666666666668,530.4412444313862,631.5761376825643,531.529468821643,689.43427,614.5260629605259,188.72372978981338,346.82726248241784,496.96170860814067,677.0649991458185,968.1758367625424,287.84403846153845,439.39419934640523,673.0661904761905,853.1936507936507,956.961090909091,153.81597201772115,262.47522542437787,400.994485058452,578.3207073748396,756.8287074567863,169.07971,288.47913,353.22195,518.59094,808.527
2019-01-30 21:00:00,Winter_windy,90,nwp,728.3333333333334,644.3333333333334,890.4344566256416,1040.0038087866876,1109.936802407203,1045.571,610.871306429581,408.3104224390652,607.9866929996333,837.3022636699234,1105.4990471085139,1390.793599400548,625.6868055555557,803.6178070175438,1016.0986013986014,1350.1613095238095,1484.3849166666666,484.3248443339647,694.0620884161503,900.2470040234635,1154.0693729632128,1284.9167113734773,550.91455,704.9175,1007.89453,1117.9135,1274.9937
2019-01-30 22:00:00,Winter_windy,90,nwp,1122.7666666666669,1075.7333333333331,936.8278103340418,917.0917427486004,957.4495489046038,958.87573,607.3397758083086,440.2031457128769,630.4747919826393,875.8526678496523,1176.6297534691096,1450.0480243983684,563.6556730769231,693.6065151515152,847.4496753246754,1060.2189102564103,1380.2472121212122,524.3865976694924,704.8946707243168,877.5981497704521,967.3545780966791,1323.9938961234548,564.9565,673.9015,986.12396,995.4745,1331.8032
2019-01-30 23:00:00,Winter_windy,90,nwp,720.1333333333333,805.0333333333333,760.977776921819,676.5464489765224,764.6935992362114,716.9693,603.927316280319,337.05914488492954,506.7397124879495,714.4455913457391,971.1306805276397,1230.5071616900475,466.03583333333336,530.6271062271062,666.1939393939394,819.8033653846153,944.0229437229438,257.515168981552,475.99922864887947,653.7399640492306,795.746616875104,948.3248343999034,279.7355,470.00513,723.9753,809.5457,1011.3007
2022-04-29 00:00:00,Fruehling_calm,90,nwp,303.0,102.26666666666668,503.8331256767718,398.2396139926745,379.214404866324,397.25497,186.59487704165537,171.40255660156578,284.05799369389786,468.55348492785396,715.1861221850345,953.2557923944316,175.1159090909091,287.4717532467532,392.02638888888885,509.5486111111111,590.2218461538463,145.18790635933115,256.9476029636753,371.9126703520011,487.9305973257573,589.3017879948828,154.9233,261.67603,364.77112,466.1906,563.0252
2022-04-29 01:00:00,Fruehling_calm,90,nwp,309.26666666666665,82.2,426.75652451390783,282.7607707220122,286.0139759284439,308.51685,190.94184664119132,130.50205181500098,226.91911188084288,391.94401298408104,624.0416341967415,849.1955812722965,124.84055555555555,193.4723958333333,298.0674908424908,398.23166666666674,495.14167832167834,82.82499882125053,198.35004529846213,294.38143704676423,392.0475874196584,464.8194932181185,103.141304,219.02289,291.64304,394.67743,483.9139
2022-04-29 02:00:00,Fruehling_calm,90,nwp,326.9,38.93333333333333,288.2718606163971,225.9677219377041,222.34076416142145,248.22083,195.6282646755472,54.196289324248255,124.63049414650374,258.35654135380986,462.94767162464365,668.0786068644381,62.12851851851853,141.44905303030305,234.60293040293044,340.7121031746032,399.00590476190484,72.38123676338114,133.88159557521453,239.83189067357208,329.31572301593866,376.23227972545993,79.332146,148.58769,227.35669,328.22552,391.5169
2022-04-29 03:00:00,Fruehling_calm,90,nwp,355.06666666666666,27.066666666666663,253.00444829763126,200.3452406004182,197.54717059874824,208.86569,200.58023058964994,35.30650208797755,83.00541969100931,207.2863743697137,431.93489460260764,640.0325673565636,31.62679487179487,78.42619047619046,176.21611111111113,301.4055555555555,385.36938095238105,23.410653249763214,123.27242985001567,207.89648828128128,311.7889968088251,335.7864361811833,32.98988,123.258514,200.63235,299.4524,324.94565
2022-04-29 04:00:00,Fruehling_calm,90,nwp,313.93333333333334,17.833333333333332,216.18799453562656,219.38541537539038,189.24869179604127,205.13841,205.73649903170616,20.283933361307078,52.27878726364014,164.95201274782613,390.5505913877,592.8735754020722,43.67654166666667,104.1262019230769,207.62003205128207,313.63693181818184,405.1706666666667,25.613158867244852,125.71975332374696,231.2072626892709,307.42913857342273,340.7949434736238,33.0651,119.66432,220.10512,308.7761,310.96698
2022-04-29 05:00:00,Fruehling_calm,90,nwp,199.23333333333332,6.233333333333333,235.0586157637876,198.10648439956785,189.24869179604127,196.14006,211.04635480928215,35.52632343687725,72.54049743471984,193.25343259735985,418.2726795915733,614.9653456135295,44.955,96.46207070707071,188.7985185185185,282.1306944444445,355.3408484848488,26.904200606696158,123.27242985001567,207.56484364797578,297.95163659907666,336.6141418565475,38.410507,122.86755,191.51288,295.69608,313.72842
2022-04-29 06:00:00,Fruehling_calm,90,nwp,120.8,3.3666666666666667,297.8947447225961,191.57467002724243,174.86220835522803,172.77438,216.4678440230706,65.29780255266093,117.60802532645602,264.8940034184021,505.8205267008549,707.9869448073517,44.955,90.80625,172.22361111111113,265.27131313131315,348.1031468531468,40.16620968821612,91.57871069258292,196.7968766896139,297.95163659907666,370.79066726162375,58.166637,116.17981,172.85985,306.9789,315.20514
2022-04-29 07:00:00,Fruehling_calm,90,nwp,76.26666666666667,7.033333333333333,0.0,76.09317504173121,71.69919073951218,88.74002,221.96630168999997,0.0,0.0,0.0,176.41009909443085,365.990785444244,7.8053333333333335,24.877239583333335,54.603968253968254,102.62407407407407,159.90901515151526,25.625693816373143,40.03038526673754,84.04373812539781,120.1846219012364,139.08325861948964,25.5027,59.651035,86.428345,136.83458,187.35622
2022-04-29 08:00:00,Fruehling_calm,90,nwp,85.1,6.7,0.0,59.73396360225493,47.863126765649014,82.916,227.51312616976355,0.0,0.0,0.0,4.38553206001734,179.68211590754652,4.255297619047619,18.68205128205128,53.02751322751323,82.3768648018648,124.85769230769233,15.671609719947273,14.09503238446311,30.606094839181356,82.85151215904959,76.64443168000219,0.0,32.5021,56.795914,140.25227,106.38502
2022-04-29 09:00:00,Fruehling_calm,90,nwp,31.366666666666667,0.4666666666666667,0.0,51.663841173230345,30.777154171486046,69.22153,233.08475903508833,0.0,0.0,0.0,28.896897241339275,209.98745536350327,4.661555555555556,16.352083333333333,50.9800505050505,79.16006410256409,117.51634920634923,14.81531649305251,14.991952181381597,30.937739472486868,74.63539835492988,60.97625437253362,7.64764,31.403019,53.24452,114.13422,65.14855
2022-04-29 10:00:00,Fruehling_calm,90,nwp,1.3,0.0,0.0,49.366501140129074,32.83155966879981,72.468216,238.66183595701858,0.0,0.0,0.0,59.177019533201815,244.14222652100636,5.549333333333333,18.08934659090909,50.15505050505051,76.85805555555555,115.54000000000003,15.915294295797876,14.76809335879477,20.215703333643233,38.760398075134155,51.71347924756235,7.64764,31.166279,53.059826,60.653233,51.214127
2022-04-29 11:00:00,Fruehling_calm,90,nwp,7.933333333333334,4.1,0.0,46.81458472903798,31.732652672247923,76.156715,244.2284799459744,0.0,0.0,0.0,0.0,162.14039472344302,3.7361904761904765,13.741060606060605,42.91333333333333,75.37708333333333,115.52333333333337,14.223478043614168,12.916733621356254,23.89159696292468,42.47648103942504,40.22745295103872,2.3074965,35.87694,51.29398,70.14072,46.81601
2022-04-29 12:00:00,Fruehling_calm,90,nwp,2.6,1.0,0.0,53.49873135071476,29.365173961993307,72.96871,249.77171309199485,0.0,0.0,0.0,35.046914935356654,230.10314922379825,5.549333333333333,26.28194444444444,54.30083333333334,80.74845238095239,117.51634920634923,14.004653094460497,15.802383422670841,23.95309728117137,47.38375121036055,58.14059235447874,4.6479335,34.629604,56.634487,65.04161,46.81601
2022-04-29 13:00:00,Fruehling_calm,90,nwp,4.166666666666667,0.6333333333333333,0.0,46.66851870954815,5.90884596074221,51.82621,255.28096694541267,0.0,0.0,0.0,0.0,164.39644549728507,3.7465608465608464,12.594444444444445,40.30038986354776,74.70507575757576,116.59761904761909,11.283620442016337,16.24027024999777,23.956486112021437,26.859318459289888,50.28743888203867,4.400004,26.361423,43.505894,75.41742,69.14171
2022-04-29 14:00:00,Fruehling_calm,90,nwp,10.633333333333333,9.966666666666669,0.0,47.64566422365802,16.66767153835273,49.94558,260.7476750070962,0.0,0.0,0.0,0.0,120.92352738958812,5.338030303030304,15.779761904761903,45.04694444444445,77.04444444444445,122.74666666666668,9.342358001196144,21.39593594951414,9.883140230413098,36.44049948054754,78.70252631962843,1.265703,25.408775,41.492558,73.252335,83.499466
2022-04-29 15:00:00,Fruehling_calm,90,nwp,12.166666666666666,14.4,0.0,53.03753316556267,58.33492469685007,83.78203,266.16493356760435,0.0,0.0,0.0,0.0,145.27964122219169,6.11474074074074,17.549479166666664,45.04694444444445,77.18402777777779,123.4238461538462,8.630612975468058,21.702846392596438,7.713829700724034,57.9934920656507,141.01512757400022,0.0,28.261377,41.095974,80.0186,172.19888
2022-04-29 16:00:00,Fruehling_calm,90,nwp,10.166666666666666,1.7333333333333334,1.5340661404298999,73.82426634035338,93.03219633414194,103.0351,271.5272194405896,0.0,0.0,0.0,198.3322706773323,431.551155328502,7.612333333333332,24.080357142857146,60.18589743589743,119.27083333333334,183.21300865800865,10.895222215108864,37.49679230625118,67.11182150992427,120.59483295785408,158.70217010410107,8.966525,37.34864,77.36663,127.24861,182.38753
2022-04-29 17:00:00,Fruehling_calm,90,nwp,38.96666666666667,9.233333333333333,428.75935229761365,314.38986357664817,244.91427564782012,271.5288,276.8301550553363,92.47155014048113,188.37677987637193,395.0993149767781,665.6545782654915,920.5184483524343,77.16380952380953,151.18020833333333,236.15538720538723,389.0007575757576,532.4320833333336,78.04346740531112,98.40096994388144,232.52163444127234,396.1503166192794,544.3676377869895,63.875385,94.48805,235.23631,387.80896,535.671
2022-04-29 18:00:00,Fruehling_calm,90,nwp,73.7,0.0,496.922262359941,354.90883410750035,360.6003906981695,320.21912,282.07031297120665,137.43792240057368,243.5127517236994,454.70394081469135,734.3197122759018,994.193968859347,102.44392156862745,195.54078282828286,305.5755555555555,478.6520833333334,625.2689696969699,62.312449460916234,170.1961522982272,341.81625961591436,439.0009736716576,605.9448439163003,50.61184,166.50616,323.83487,419.06436,505.53467
2022-04-29 19:00:00,Fruehling_calm,90,nwp,79.33333333333333,0.0,330.3208597598518,224.9703779224147,193.7634460970618,211.30373,287.2450532068766,37.41410834904087,110.76063010202017,280.1496798796469,535.2952748997982,783.2466538278717,58.428333333333335,120.96642628205129,208.1379120879121,306.47222222222223,429.16384615384635,69.73014833071939,97.27938567854315,220.30373419717336,347.00429416828047,440.58516678953447,54.508896,87.31358,216.54013,339.90292,381.93
2022-04-29 20:00:00,Fruehling_calm,90,nwp,61.6,0.0,709.4541906230779,536.0689980231924,487.55865793303025,536.8039,292.3523878844633,276.941825439587,415.8021383564514,654.1425967126029,967.89694326733,1240.9200633242378,271.3592640692641,344.7715034965035,458.21553030303033,624.9072222222223,838.2464285714286,179.31450163352892,289.5088043653545,472.2547113439623,801.6277281628857,1039.7763300152426,183.45554,285.00595,505.94043,746.51086,942.4837
2022-04-29 21:00:00,Fruehling_calm,90,nwp,84.4,0.0,711.0631980806246,572.253194492833,477.1451786722063,506.66705,297.39086861031484,262.06690081530496,400.30051838518006,650.0278026534106,987.4180015341537,1272.9679413347442,256.54874074074075,369.64925595238094,542.8370192307692,726.9153935185186,939.0868333333335,162.27999154586587,263.4422447431168,491.140485427654,808.242058685316,1058.1086508312846,148.9968,246.76138,469.54004,725.41724,909.75134
2022-04-29 22:00:00,Fruehling_calm,90,nwp,325.96666666666664,2.1,744.3903931163362,616.5143448719632,570.7712544966806,526.4797,302.359492781455,280.29389032191034,421.75747634050947,678.6780007691051,1029.9401232454456,1321.7104784289863,345.1312424242425,445.0889204545455,580.060606060606,741.5350000000001,891.7326190476191,337.6748765273902,391.6623270770835,532.1254927021195,810.2476563936083,1044.1451517153923,322.90387,356.53296,499.12967,755.95856,896.7668
2022-04-29 23:00:00,Fruehling_calm,90,nwp,466.1333333333333,168.7,756.9602719319751,625.6058149629905,575.5567454942411,595.57336,307.2576256453271,297.0996220501926,439.9973531030617,696.1677142409583,1047.439566209685,1329.9675678133497,368.82565476190473,460.4515476190476,576.6645833333334,702.3607142857143,883.8544999999999,394.7617248381703,493.2931684535701,569.8697183322423,831.5711566377507,1024.5872643428875,404.1961,487.12766,552.6242,759.1212,961.5446
2018-03-04 00:00:00,Fruehling_average,90,nwp,515.0333333333333,160.9,393.79476561778205,353.2705306732223,256.785362227858,277.7635,420.0426154306218,123.71034259228429,205.59856436274006,324.47063937752444,560.5622876802925,859.3627823744017,205.66303703703701,278.665625,397.0777777777778,483.15565476190477,558.8910606060606,117.22944267193922,182.97235808641733,275.2153885316149,376.97393060990146,509.5765315818237,107.12836,161.95348,246.28154,364.1979,474.43747
2018-03-04 01:00:00,Fruehling_average,90,nwp,596.0,125.73333333333332,543.3108059086157,386.26595731946196,354.07521517973896,363.9313,433.0243381363539,218.74641370588566,331.41674784989266,477.2319441903957,721.2330205480404,1029.5456529478345,252.49602564102562,307.1415865384615,388.5233333333334,467.3841666666667,528.8401111111111,192.3097500994072,265.34901151352733,400.87814587562326,558.9216779555818,736.8523045623729,191.39565,234.82524,372.79208,471.31696,610.65796
2018-03-04 02:00:00,Fruehling_average,90,nwp,240.16666666666663,206.46666666666667,412.19248962670076,319.6335276904649,307.15690222125517,310.89484,444.748420354328,152.63189483043072,233.0036788640852,341.90431226733523,574.3135358614378,867.563411488156,196.2738888888889,236.00847222222222,336.1652777777778,434.03035714285716,502.7334285714289,151.3716719108426,202.69134925064034,270.2833607051461,414.6021049140246,571.2563599269039,146.68225,194.79169,249.1322,361.56195,484.5894
2018-03-04 03:00:00,Fruehling_average,90,nwp,117.33333333333331,256.26666666666665,278.2749631192657,229.68464351880309,172.6987994773356,218.51988,455.5091939096056,80.16682773447093,132.0670949110828,210.70016206871873,429.91914320051364,704.091104319313,114.31638888888888,149.34363425925926,225.39999999999998,336.81799242424245,459.2351282051282,85.68625640844456,121.94716278977447,182.20493586555392,288.5657140027133,478.5976699898776,71.04492,122.15865,181.92935,257.47134,387.0585
2018-03-04 04:00:00,Fruehling_average,90,nwp,120.8,306.53333333333336,211.84434973012117,155.45256008473348,147.14831040700756,176.82773,465.5015821205184,43.083090453690005,80.84658268112054,142.8184721202706,357.4217913987112,619.52951769337,44.53458874458875,77.97051282051282,145.38777777777776,210.96190476190478,269.11166666666685,49.325797294923355,95.88596591838976,161.41052632300293,237.09974243209285,360.1584231742156,50.482113,96.59742,146.4143,175.61339,342.0704
2018-03-04 05:00:00,Fruehling_average,90,nwp,142.36666666666667,413.8333333333333,188.68315537332626,158.01615139347766,147.14831040700756,179.27104,474.85691030236615,34.83624089933039,65.4719358853929,114.16929238692546,328.3628608443951,581.1031404480156,48.68380952380952,90.64916666666666,159.59195804195804,212.7067948717949,262.9482575757577,50.15441545870465,100.0406174617269,161.23740595665637,235.91278144546615,353.8797248900882,53.83438,99.1318,148.37338,177.58405,306.97638
2018-03-04 06:00:00,Fruehling_average,90,nwp,135.56666666666666,408.53333333333336,273.9619662351866,178.04714213406479,147.14831040700756,189.31647,483.6657025495116,80.39864312555261,135.34828206684074,207.99494579894025,427.0348136615463,677.7579882204188,88.00478991596638,128.39925925925925,188.4939393939394,243.74559523809523,340.7175108225109,85.94184259524444,114.68500841367162,161.86330197337327,237.09974243209285,360.1584231742156,74.39719,105.0507,159.62756,194.28127,330.4897
2018-03-04 07:00:00,Fruehling_average,90,nwp,97.96666666666668,472.0,272.74420637951715,152.42429373665433,151.06505471935495,176.87616,491.9921994505945,65.3861690926608,114.84802902382359,197.5221904666193,433.6398395611808,680.7763975469039,46.86218181818182,83.75333333333332,148.47185185185185,203.91729166666667,256.8313333333334,47.21538191149125,100.96184366869697,165.28514663248168,243.014643267009,377.55658933426145,46.382553,99.447716,159.74994,188.66524,336.1857
2018-03-04 08:00:00,Fruehling_average,90,nwp,109.26666666666668,322.46666666666664,8.463533693084855,54.75495763312622,42.76741098090311,78.69511,499.88360857378655,0.0,0.0,0.0,162.30992181337797,379.9610895001998,8.65952380952381,26.041316526610647,52.151984126984125,81.69404761904762,110.01151515151517,0.0,11.406445514225274,36.15912859529319,83.29321394315414,103.35602559210874,0.0,28.063015,44.580154,48.621876,155.49571
2018-03-04 09:00:00,Fruehling_average,90,nwp,102.4,151.5,0.0,55.75409005357732,45.44161395643495,72.882545,507.3760036418338,0.0,0.0,0.0,133.41063133213947,346.02151175761105,10.088333333333333,31.32651515151515,60.46432880844645,94.4982142857143,122.66989743589745,0.0,12.614176788279389,36.15912859529319,83.29321394315414,104.21683676408044,0.6186476,25.936924,104.00218,37.375217,228.5823
2018-03-04 10:00:00,Fruehling_average,90,nwp,160.86666666666667,173.0,42.89290311983768,54.56287451968556,45.93465923807058,148.03848,514.4980911823134,0.0,0.0,0.0,211.9463735451642,425.6694948149402,12.064484126984127,34.20930735930736,61.33015873015873,94.4982142857143,118.20678321678325,0.0,10.28262927312918,34.34799144169594,103.22401672921879,111.00996468626455,1.6276325,25.39063,124.470474,199.77446,230.47946
2018-03-04 11:00:00,Fruehling_average,90,nwp,96.73333333333332,171.0,221.86343205512264,115.11866626411648,128.70020839310146,265.14066,521.2736199772244,0.0,7.148297671484158,142.82238168175763,413.7520485462975,641.3244926796981,17.58270955165692,43.34494047619047,86.35357142857143,156.85166666666663,218.31333333333345,10.173264516913543,47.2625349196937,105.96381084053007,199.55614482193099,280.57712910048707,9.610113,53.178394,189.35999,334.12674,399.63303
2018-03-04 12:00:00,Fruehling_average,90,nwp,92.33333333333331,245.83333333333337,410.6661257149968,163.7502103294454,261.6736466992615,331.72818,527.7229265407818,50.84372409764168,114.63814200211192,319.11715106705543,639.4186452974196,892.495987963672,45.300888888888885,91.65297619047618,160.50029761904761,227.165873015873,322.64215873015877,47.740336017134005,103.84501752056872,179.45201507896343,277.6506290684822,393.18448340646415,72.66598,126.70872,263.44186,406.8017,539.39813
2018-03-04 13:00:00,Fruehling_average,90,nwp,76.53333333333333,194.66666666666663,336.29813719322453,205.96282339281785,208.48598022684772,280.02664,533.8639304069429,63.99785769591216,133.3896169660868,273.29913531787196,523.3990004781746,758.3307617908433,97.56466666666667,127.65753968253968,180.88166666666666,242.75158730158734,402.5504924242425,82.74316338271862,98.13427769747625,166.5122015518703,276.2316890108485,373.10309368741497,88.31499,113.39798,229.54228,384.66284,501.8556
2018-03-04 14:00:00,Fruehling_average,90,nwp,69.0,214.7,394.7097871197987,235.90137246456595,241.47529918153643,320.43536,539.7127788571154,88.26307768635337,168.93419828030568,327.55375345400086,589.5880445276903,833.7074211514173,100.37461538461538,140.32552083333331,199.52935897435896,341.3483225108225,468.3354166666669,83.12441214865964,124.57534500651977,191.78203874098864,334.4340812887817,530.0137863194204,80.61397,120.32254,267.59753,488.2371,585.7996
2018-03-04 15:00:00,Fruehling_average,90,nwp,130.53333333333333,296.8666666666667,400.03444770212275,166.9419353061111,159.5998642463735,288.3015,545.2842681036038,52.454696729092205,124.04690326806929,310.9611200751334,612.4830732304574,873.0099188100859,56.38619047619048,84.16333333333333,156.06071428571425,216.2809595959596,294.9948148148149,71.22479998417087,86.17631711695967,134.71505022325738,255.01944480148285,361.26497813403176,48.29658,89.06969,197.74017,355.45493,481.86557
2018-03-04 16:00:00,Fruehling_average,90,nwp,180.3,216.36666666666667,567.5834436864092,379.735887724571,370.69235838763024,425.17682,550.5921217514376,181.23212636429884,306.92133034424194,497.7376762938385,770.7256383384117,1047.2915723856338,160.66873106060606,237.11041666666665,355.65219298245614,471.0275297619048,653.8930952380955,166.83253682502553,222.70951689830696,344.75228239124317,560.9588553662319,725.4902736270361,171.15355,217.96104,389.1868,634.4065,777.2751
2018-03-04 17:00:00,Fruehling_average,90,nwp,347.96666666666664,186.1,749.3642014773172,573.0651912019488,628.4922369636171,536.1256,555.6491779758687,293.39686722993855,469.5312822196625,684.7291013070119,956.8704920007315,1261.9312339342082,315.15023809523814,386.222619047619,491.36095571095575,695.4083333333333,897.1645555555555,302.4721089407776,417.0507611628444,634.6507477220621,867.6101538468957,1091.9007053733571,321.97394,410.93433,667.3829,803.5217,1215.8813
2018-03-04 18:00:00,Fruehling_average,90,nwp,669.3,297.2,872.9821612662413,862.898735156408,889.5782801604645,854.8799,560.4675181591158,376.27357906474424,578.0482605967809,807.4867428819018,1084.7437157960862,1405.5045607211764,434.24466666666666,629.0968055555555,766.2092105263159,955.3358333333333,1169.367821428572,501.8871102949017,756.1870765361235,913.8532319818305,1224.4664021328686,1362.6454676961816,524.2558,738.5843,897.11035,1127.2043,1345.9259
2018-03-04 19:00:00,Fruehling_average,90,nwp,502.3666666666667,274.1333333333333,734.3095818780973,532.0906082318247,613.7870672132794,549.2591,565.0585578374229,293.9834273187892,459.4786342705551,661.1788774527467,932.5921134417679,1250.8713870596887,304.7895238095238,365.8843005952381,468.2081018518519,657.8231481481481,775.45,306.0184551460333,441.6781243295111,658.0610141648647,870.4361903765241,1086.3597754595892,316.17752,410.93433,625.82275,799.3561,1188.8901
2018-03-04 20:00:00,Fruehling_average,90,nwp,617.1333333333333,422.3333333333333,724.5483555931606,535.9793662885918,608.6577414280007,575.1797,569.4331132434168,292.7025738564496,449.9000353249844,646.1019049304671,922.0330275899707,1241.641750713509,311.53564102564104,372.2714492753623,481.1502380952381,663.5047453703703,775.45,306.8649219478664,418.4162498840189,638.6916996820108,862.7361903765243,1086.3597754595892,315.84723,423.08417,619.6075,795.7511,1136.4392
2018-03-04 21:00:00,Fruehling_average,90,nwp,502.23333333333335,541.9666666666667,601.8597454904198,448.34164341783986,426.83014237193083,413.43253,573.6014519148166,226.19343978499484,349.8082180907967,516.5131035011856,788.1821299932556,1100.117795522914,264.6404761904762,342.76154761904763,444.24382284382284,551.6208333333333,669.4559649122809,222.37207285299814,283.72481741927146,426.9660693736871,656.1373526322452,842.3999689699207,220.60048,277.53928,423.93964,552.1077,770.4558
2018-03-04 22:00:00,Fruehling_average,90,nwp,231.23333333333332,446.8,396.00994219365424,309.484117929735,257.9664538824265,284.7271,577.5733327773752,112.31245635105168,190.4797416071448,313.0716219814544,562.3380576104817,861.9456678572076,155.38619047619048,199.25333333333333,290.91944444444437,428.76856060606065,510.3004166666668,115.05395915374855,182.83965874371057,280.9633495245298,382.92390934228416,499.7580475282416,108.345985,156.73999,254.27858,381.92203,464.49588
2018-03-04 23:00:00,Fruehling_average,90,nwp,240.3,410.8,303.6525994004719,271.3885069474108,219.4680756856457,253.07022,581.3580391604778,61.713593662437376,113.57115668959591,221.43729711271118,465.76741649363066,756.7794486454582,128.9379761904762,174.90708333333333,251.85194805194803,383.39421296296297,483.4261428571429,92.0607120916162,135.3328271384143,203.18671278076602,308.3516388570325,482.08032218133394,89.01605,114.95622,199.4016,289.67188,412.19492
2021-05-17 00:00:00,Fruehling_windy,90,nwp,24.3,1060.3666666666666,328.3797026698905,173.46058236427226,182.3432825516034,206.12747,140.35447581695752,18.62102962902496,112.4381971532535,278.1464703552214,527.1198898027419,706.1988917419135,41.98375000000001,84.33242063492062,163.52416666666667,260.59472222222223,352.9999145299146,33.77001759330745,41.06315147118643,140.1146634698167,253.35760141228292,314.6406832512351,27.627686,79.64638,149.17085,374.1754,419.8555
2021-05-17 01:00:00,Fruehling_windy,90,nwp,73.16666666666667,797.0666666666667,454.88327118944113,266.1849857499799,272.10529689084467,257.37833,165.0316803090206,62.42201316209265,184.51237342290935,372.10693065905207,653.2008635798907,876.6793132754326,90.45,151.17453703703706,257.0727777777778,404.6894607843137,505.019375,57.4603538902746,114.9997640791062,201.2351469894491,348.19576790725466,499.7123756104947,60.978615,129.17525,209.97449,446.41162,608.882
2021-05-17 02:00:00,Fruehling_windy,90,nwp,88.43333333333334,719.0333333333333,635.9792014628632,289.3332978446204,354.2149699649534,388.41605,185.27371901611411,116.75599325404947,277.0709857250945,504.5210765679352,836.1219634804171,1113.5885460502725,122.66140350877194,168.32063492063492,258.2784090909091,379.02574074074073,512.7430555555558,154.44550805634614,268.8587657629834,400.49899392152565,466.6005093117021,843.5377434450482,168.11731,261.62372,394.5239,551.9855,945.13074
2021-05-17 03:00:00,Fruehling_windy,90,nwp,125.83333333333331,423.26666666666665,683.5968796012758,484.99115333312426,533.2032366126724,435.76126,201.94204437490995,141.1330702274384,311.15532396364,536.5290873465899,876.3446754440706,1178.4432596220336,148.8395238095238,213.5641025641026,364.3361742424242,552.859375,913.1443333333334,155.73429221202227,331.9794148995768,533.4851165573862,710.3913366398142,1008.08957944801,181.86877,356.41348,562.6393,773.90735,1145.6134
2021-05-17 04:00:00,Fruehling_windy,90,nwp,307.96666666666664,353.23333333333335,693.4032678688171,503.10319470782343,541.2319855167519,519.01465,215.7288308004131,146.3771943750311,315.5722394660363,537.0315482512988,875.7636900756299,1186.0661940554437,156.11825757575758,235.1659090909091,384.63694444444445,589.4749999999999,1084.7066666666674,155.73429221202227,349.3302662760517,557.2079708408245,712.5200124330258,1012.8465757549329,183.84721,372.69424,573.5587,797.3385,1155.8918
2021-05-17 05:00:00,Fruehling_windy,90,nwp,256.6333333333333,288.76666666666665,713.5216894625125,502.7459165959324,530.2233309936393,468.36685,227.1902933694723,154.72428875759766,327.91820535170643,549.1804802289369,891.9727064488247,1212.6972382789986,148.36896825396823,225.2672619047619,366.25089285714284,552.334375,924.1017777777794,150.05531338506535,332.8361372197361,527.8300887651014,698.3099270594327,1009.7059573940288,171.424,360.61472,573.97797,765.0436,1148.1128
2021-05-17 06:00:00,Fruehling_windy,90,nwp,195.53333333333333,157.13333333333333,604.0506609643394,263.6351942339076,276.6952948872302,360.7784,236.77344691808275,127.34482353189487,274.8320196434778,461.06103329328334,767.9803239747189,1069.0483081129482,111.19061274509805,167.07245370370373,257.6409090909091,366.94821428571424,458.5200000000001,122.12984973156757,174.2384346021963,338.2438527601699,411.16697378477045,828.1396673416559,109.18762,223.46233,325.09158,527.9543,929.69415
2021-05-17 07:00:00,Fruehling_windy,90,nwp,176.73333333333332,104.46666666666668,601.5040500945227,258.26798383318584,270.7734900618958,356.0299,244.83759700768553,129.20595172851873,274.1066558543858,453.44795603182797,759.5662579095491,1061.7254972489093,97.14816666666667,159.04166666666669,254.52583333333334,362.69625,441.3718981481482,122.04077181800007,178.5533489925831,338.2438527601699,427.2151670376479,828.1396673416559,114.37919,229.69446,326.66006,595.2514,954.5395
2021-05-17 08:00:00,Fruehling_windy,90,nwp,483.46666666666664,185.53333333333333,657.6182148337285,339.31535210153265,386.6381042840077,522.25415,251.67159995202405,144.3599931752212,301.3007785816144,493.43693879405754,821.7623003710928,1132.3791874411193,130.96807017543864,201.40722222222223,292.4527777777778,412.47650462962963,559.6715555555558,152.92703586665075,255.4294917341918,462.1873593013412,608.2970141646538,848.0722678205836,157.35898,301.4142,480.84442,751.45416,986.73444
2021-05-17 09:00:00,Fruehling_windy,90,nwp,412.23333333333335,163.8,846.8475027974882,1188.9700166190903,1182.4009397883756,929.82153,257.50772489231866,198.5080286443071,393.7849693230937,628.4297750813025,1015.6661712490818,1373.2749145877438,441.17550000000006,707.9907407407409,1193.0936111111112,1588.1009259259258,1714.4010714285714,165.5348232752176,399.1470155355455,698.902574582047,1089.4541858355954,1465.4610940209607,202.06638,443.11032,728.27747,1070.6104,1483.072
2021-05-17 10:00:00,Fruehling_windy,90,nwp,728.2666666666667,398.5,491.46803298946827,217.78284529348778,235.17745045624085,308.09833,262.5327869086941,98.25625101995038,218.0347012968578,365.7253274827968,658.1966462108973,903.5549932422111,66.66329966329967,119.77595238095238,193.13923076923078,277.039375,390.42733333333337,76.50519229050195,120.83552472730327,202.10643875204343,357.2688068729139,478.0681724945009,72.78093,124.44821,221.22536,426.01608,623.51013
2021-05-17 11:00:00,Fruehling_windy,90,nwp,678.9666666666667,339.73333333333335,944.439399510095,830.1679753346959,820.695424205994,845.3891,266.8970884445226,224.1870232217874,442.7602665133601,702.6451701275505,1138.0647017079011,1497.8217547885756,265.02934782608696,429.5655208333333,720.320138888889,1276.6395833333333,1647.1449038461535,151.18774759031209,377.32548947891206,727.4905202976474,1242.3632654626604,1549.9289882283608,179.4471,400.9355,962.04785,1200.2019,1726.1732
2021-05-17 12:00:00,Fruehling_windy,90,nwp,824.1333333333333,280.03333333333336,844.7888768004152,792.213220785403,800.9362587466755,762.7755,270.72160054060015,189.63981461672392,387.2601483355487,627.3342171829335,1029.1607657389054,1379.8556975744123,277.2775757575758,399.47514880952383,709.3027777777778,1159.4029761904762,1537.3605555555557,150.58530121245755,379.7943226298537,703.1821689717244,1120.671962709188,1333.03364665871,179.80685,405.04645,732.888,1006.7882,1491.9465
2021-05-17 13:00:00,Fruehling_windy,90,nwp,1303.6333333333334,436.1,803.2492852785851,694.3208945004396,802.8076732138882,762.01605,274.10373042241565,171.76728252878212,367.1935019004218,607.189528626097,1006.8847731952451,1339.9519624553327,265.02934782608696,389.69259259259263,677.4515151515152,990.6797619047619,1331.0962121212124,137.95556857802757,375.98464767077206,704.986003180658,1127.2076834448608,1320.0933839846214,175.83157,380.64426,715.4875,983.9983,1326.7231
2021-05-17 14:00:00,Fruehling_windy,90,nwp,931.6666666666666,719.3,1016.5580431605074,1137.4820311865444,1135.5641426055347,1195.9493,277.12195375592535,224.42969265726418,465.531705011032,768.5436753030892,1240.582383673808,1606.730126137601,474.56225,891.1764583333334,1260.6194444444445,1621.1267628205128,1786.5275420875423,383.63302301183893,472.032387779713,850.9199190675921,1282.543807874275,1714.9735018503286,447.54724,476.4871,1091.5311,1367.8024,1702.1112
2021-05-17 15:00:00,Fruehling_windy,90,nwp,1015.0333333333332,684.5,933.790405136616,767.6909360615928,887.1546011874697,847.6684,279.8395350922058,202.0799038953865,425.25745731861844,708.6613435432611,1155.6542448890987,1500.7507613968764,251.26296296296297,404.721978021978,759.0939393939393,1153.7887820512822,1501.9780341880341,137.6616386475614,372.3162423181438,723.3578230859579,1136.4610493786122,1443.4730324472448,209.30324,384.39172,909.84564,1151.0006,1467.8525
2021-05-17 16:00:00,Fruehling_windy,90,nwp,1533.0666666666666,566.8,866.4678110347868,753.683710919477,792.9807271364817,716.03174,282.30751601445246,178.66743690533863,389.50490540478177,662.930057986137,1081.55481182206,1427.264505143768,258.89847222222227,412.6982142857143,711.3738888888889,1039.6288194444444,1452.3078333333337,136.88808820413996,388.8953638125118,703.7680226238997,1048.4647423137917,1386.7669857792018,176.01967,390.8511,773.401,965.08624,1354.6204
2021-05-17 17:00:00,Fruehling_windy,90,nwp,1265.4,478.06666666666666,765.7776704092022,748.1146963077114,848.2832947625215,791.1178,284.5671151580338,148.9855826228324,335.174187075259,585.6105202039168,965.469607149406,1293.0006567631008,290.0143333333334,405.1320833333333,623.6586805555555,989.4267857142856,1360.8523214285715,136.88808820413996,406.7935649930558,681.0312729141697,1002.394559038309,1242.7194508087484,175.25371,368.9784,652.54346,902.1374,1224.9722
2021-05-17 18:00:00,Fruehling_windy,90,nwp,547.3333333333334,268.53333333333336,656.8374294649948,442.031367181208,513.0685049896567,464.68372,286.6516558898871,124.71870744567434,285.3075925046346,503.97109076802366,841.0605283938128,1151.265955306323,149.09571428571428,240.32500000000002,372.13124999999997,580.6454166666667,810.5150303030305,136.84412314272006,317.94426679537463,504.85142302425743,690.9361922105953,971.9237926329596,160.31027,294.50803,475.16443,680.83246,1049.0526
2021-05-17 19:00:00,Fruehling_windy,90,nwp,330.76666666666665,265.46666666666664,766.5559977721377,705.0072957786689,830.1640209179959,700.2488,288.5881146374909,158.20416600609713,344.68641678295467,593.365129420893,960.8897443875264,1294.7907005777918,233.66333333333336,374.1718137254902,628.1236111111111,947.1379870129871,1197.6234444444449,120.89806262691476,364.4936876067813,698.9943970363606,998.342748356979,1338.485714038871,163.88878,373.56467,738.9129,979.8637,1304.0011
2021-05-17 20:00:00,Fruehling_windy,90,nwp,395.46666666666664,151.0,771.368553429292,732.371649498897,756.5063795251878,654.01746,290.39836454971504,162.08301934677593,348.6659582547403,599.1815018784408,956.9592021020277,1300.6184237818984,238.6814285714286,401.13178571428574,634.7791666666667,989.8675366300365,1311.705555555556,126.05772894299407,381.63555011354856,689.1642292404371,1042.158392551542,1325.5049755772736,164.68015,384.1984,752.1728,957.10724,1301.7534
2021-05-17 21:00:00,Fruehling_windy,90,nwp,569.8,10.2,711.9235692387329,709.8322230333662,802.0616474630913,671.57086,292.10017446840857,152.81423809494277,327.6698324817602,559.6421087653671,892.3587110949607,1225.15844303557,253.44486772486772,431.2686111111111,687.2893939393939,919.4182142857143,1173.2805291005293,111.65795841780752,360.24625849745877,669.0898779904823,968.4140788818697,1206.2627653323723,140.5266,382.12698,642.39154,889.7087,1151.5757
2021-05-17 22:00:00,Fruehling_windy,90,nwp,470.6333333333333,219.26666666666668,684.3615163996812,712.0846113737254,810.8242834748181,711.79517,293.70801138097886,144.09975181010222,313.92434836647203,545.1581821727298,869.0178074796577,1183.3481909553223,289.8474074074075,456.4993055555556,680.0393162393161,911.9465277777778,1110.748141025641,131.25121566447976,388.9463162622187,677.237267339778,909.3378690523195,1202.7077464029471,170.79604,393.4344,672.3718,855.0406,1133.6317
2021-05-17 23:00:00,Fruehling_windy,90,nwp,774.6666666666666,122.2,609.6013932029771,409.03393264292737,501.3858161479574,434.93945,295.2336850405039,135.19965632109015,287.54092863930794,489.90814649935976,790.1935309779237,1074.8091279307591,138.28933333333333,220.80499999999995,357.2164021164021,585.7576515151516,753.099523809524,139.88036959327505,318.92678323823895,497.5347979256404,663.2699977011993,944.0244634209644,164.11473,333.79297,476.40927,625.0615,969.002
2020-08-14 00:00:00,Sommer_calm,90,nwp,16.533333333333335,0.0,0.0,49.9061122084808,0.0,0.0,76.36643824694198,0.0,0.0,0.0,63.32919106898413,220.0756721365354,0.0,0.0,6.15925925925926,67.43020833333333,180.4214682539684,2.397657760440276e-06,0.0,0.0,50.90399548347955,129.59402227105602,0.0,0.0,0.0,36.176834,163.65904
2020-08-14 01:00:00,Sommer_calm,90,nwp,0.0,30.233333333333334,0.0,37.694736785439844,82.37346264635735,20.337795,101.5434999892808,0.0,0.0,0.0,23.448382823664303,170.70445617092463,0.0,0.0,3.6175213675213675,29.426388888888887,142.42333333333332,0.0,0.0,0.0,57.87326118610508,139.82050714624438,0.0,0.0,0.0,37.28681,169.19476
2020-08-14 02:00:00,Sommer_calm,90,nwp,0.0,20.3,0.0,39.325708318892346,21.532976961281623,9.096635,122.97755618201506,0.0,0.0,0.2306895786804546,73.51005336299266,227.8809637746579,0.0,0.0,3.878632478632479,41.335079365079366,139.3753333333334,2.397657760440276e-06,0.0,4.542211636036031,71.89591769622442,141.480994824339,0.0,0.0,0.0,49.07595,140.85838
2020-08-14 03:00:00,Sommer_calm,90,nwp,48.233333333333334,93.86666666666666,55.10460526853174,56.74908209397598,25.57690299024227,22.956446,141.0574885120197,0.0,0.0,49.737296015600634,137.7003946006818,301.8596548689344,0.0,0.0,10.483035714285714,98.03452380952382,196.2575151515152,2.397657760440276e-06,0.0,8.707508057517172,83.93588272067383,204.2678605305976,0.0,0.0,2.9768496,64.357445,186.62476
2020-08-14 04:00:00,Sommer_calm,90,nwp,13.966666666666669,70.4,89.13445106713795,73.923305496183,55.525774483347526,45.277042,156.29121135057397,0.0,8.623104820471752,78.43107846700526,171.40878617350782,345.4368368172666,0.6902991452991453,8.497435897435897,38.413636363636364,98.74190476190476,190.6066666666668,2.397657760440276e-06,0.0,28.51795859214857,109.13001210852474,249.37774314167478,0.0,0.0,14.8369255,103.389534,258.76678
2020-08-14 05:00:00,Sommer_calm,90,nwp,43.56666666666667,159.9,67.20914415723144,77.75682349399263,61.30076520238294,57.940197,169.1250535068472,0.0,9.212722294475242,65.343627693206,140.9690231336748,292.6589378026941,10.149666666666668,33.77922077922078,72.85416666666666,140.00694444444446,201.65003787878788,2.6916614649197133,20.116003494675784,53.78662545865979,133.32887724704023,239.22219170171667,1.4032212,14.467385,45.617325,94.64303,236.83832
2020-08-14 06:00:00,Sommer_calm,90,nwp,47.733333333333334,160.53333333333333,75.91557144759378,82.78342331594496,61.593872152849606,78.52907,179.93690879437173,0.0,20.75670220321298,73.13553391080428,143.90788332585944,292.7532191140343,14.69619047619048,41.221561771561774,82.12333333333333,139.04513888888889,201.65003787878788,5.019778188376436,23.484381113766187,93.26203591709238,150.6819732540378,259.8526787344111,3.766436,25.222204,67.69992,105.393654,242.57913
2020-08-14 07:00:00,Sommer_calm,90,nwp,13.0,165.43333333333334,32.58913296912041,67.86081493657288,52.902356894461164,57.778526,189.04532550479,0.0,7.595244729535921,37.088611988684534,85.44310186497916,216.10469390922412,8.978988095238098,37.0075,79.72847222222222,127.87053571428571,164.35312169312175,5.019778188376436,20.2621402782543,55.907177330831374,121.78128622751159,162.33273368357646,3.1335952,15.677779,49.83718,99.62612,137.01822
2020-08-14 08:00:00,Sommer_calm,90,nwp,65.8,131.06666666666666,0.0,49.46776383891974,33.41660593091416,36.082005,196.71868338305393,0.0,0.0,0.0,0.0,100.8199133223514,1.939166666666667,8.728796296296297,42.358333333333334,109.38425925925927,181.5360714285715,2.0139844773641364,1.1709317133623607,11.931425383721889,64.30890345436175,114.20671243403146,1.9032289,1.4771632,15.030638,47.834126,119.49541
2020-08-14 09:00:00,Sommer_calm,90,nwp,127.63333333333334,48.666666666666664,0.0,46.12226401435086,32.785274637640875,26.035511,203.18308013553536,0.0,0.0,0.0,24.96645624980829,151.9669163244098,1.8004761904761906,10.296338383838384,42.58208333333333,102.40104166666666,177.53866666666667,2.4305887899191836,8.763883046012992,21.87414211395255,74.01709781134602,104.10971730243563,1.5846251,8.243832,19.06546,59.28849,66.07408
2020-08-14 10:00:00,Sommer_calm,90,nwp,73.4,213.0,21.020001225945663,47.51125917177015,45.645335962108675,47.892506,208.62899128523827,6.261516931263824,7.565864974993261,14.97142587707043,51.33336661507008,182.887379473157,2.4923333333333346,12.157291666666666,36.76851851851852,103.77954545454544,198.8021212121212,2.286640034919383,9.53980178859566,21.87414211395255,62.218587311093756,101.33464628194069,2.2362978,10.519,25.551392,54.112087,74.2887
2020-08-14 11:00:00,Sommer_calm,90,nwp,49.96666666666667,764.1666666666666,79.9663324820502,122.29654864757686,204.04732020124308,169.26955,213.21688237132798,19.06259241646383,35.86879674772104,61.11492092940088,124.39540030468947,249.84406771576158,3.9842962962962964,15.066666666666666,69.37441077441078,201.83678571428572,268.23448148148157,16.850573333337287,12.961077723559136,35.88248860093591,103.81097575740381,218.40846770897056,9.518445,17.885023,60.75236,148.3221,255.32347
2020-08-14 12:00:00,Sommer_calm,90,nwp,17.5,251.03333333333333,147.1593282120362,83.67461406934609,99.81189995857562,108.14244,217.08193709552546,26.293108661683707,66.32953507897423,122.60733633661741,205.92646077262532,359.5285896645729,24.934602272727275,48.063235294117646,91.15972222222223,139.7836111111111,189.58333333333337,10.889755999500567,26.14026416618471,75.10524086166792,142.7787495532381,179.47609883353653,10.138456,22.395107,66.941696,109.58629,169.35364
2020-08-14 13:00:00,Sommer_calm,90,nwp,56.03333333333333,91.36666666666666,201.26411986731674,145.43851513463486,160.50679424712106,160.27249,220.33804055147704,32.13684252311313,81.036010805931,159.5950279699351,265.0287205826767,457.30423387841734,30.46313725490196,60.87166666666666,129.56027777777777,234.52833333333334,293.6290196078432,13.032995177752408,52.373679336390424,114.45833663005718,240.024795685789,310.03987492362364,14.28939,46.662197,110.449265,222.42628,314.92847
2020-08-14 14:00:00,Sommer_calm,90,nwp,61.8,253.86666666666667,177.45747861259156,86.86139821089638,130.10566706178494,150.0673,223.0811348858148,26.161326715706185,65.46661912749211,137.5066906952915,240.4493666650385,421.17323704672333,31.367703703703704,56.043265993266,98.91646825396825,151.21813186813188,196.88076470588234,19.427087849257386,37.71548617896173,89.1323136973187,160.28970981454506,242.31963678137123,16.230139,40.283386,88.99103,139.79863,232.41513
2020-08-14 15:00:00,Sommer_calm,90,nwp,30.733333333333334,231.8,18.19868109639728,39.27122602932197,112.98247424700094,130.38507,225.39204626466605,0.0,0.0,9.764607650641437,58.25530067830243,179.0924412416694,4.425952380952382,11.088699494949495,30.052083333333336,68.99023569023569,117.85190476190483,3.1922205371391215,9.807801253388378,39.072265901150445,88.13984608233109,155.8734668183128,2.3733816,12.675164,53.37878,90.51951,188.93385
2020-08-14 16:00:00,Sommer_calm,90,nwp,58.333333333333336,153.53333333333333,84.33551253870903,76.82867824738366,143.34758047863866,153.75235,227.33886644290587,0.5775374566484928,15.758615881068934,65.17867190001621,145.68045219309283,289.09458603331143,19.665899470899475,41.552460317460316,94.18882575757576,152.3486111111111,213.43666666666667,4.258133262962804,14.244707105763268,61.02760370418406,135.87683719038938,262.6932886011205,2.9473886,19.592497,69.87579,135.99527,287.1135
2020-08-14 17:00:00,Sommer_calm,90,nwp,9.8,252.46666666666667,112.16973752714317,96.0242776501325,162.09193473307138,199.98213,228.97895910984565,0.0,22.37857062040232,89.43224716801255,188.11153813090664,334.63516450143186,29.068809523809524,63.33044871794872,121.06562499999998,175.6833333333333,253.1668181818183,8.00962434681697,24.34596057193513,83.96590015887622,157.86895257334427,294.07893740152275,6.6048684,22.144592,89.63765,168.12248,335.23032
2020-08-14 18:00:00,Sommer_calm,90,nwp,33.03333333333333,42.6,125.16330650497697,91.49169406152761,174.5304608426877,183.35052,230.3606501289832,0.0,16.319654793510452,96.43106177611078,204.57620160841702,379.25798877364684,25.787285067873306,48.561458333333334,93.71990740740739,153.3136904761905,194.11711111111111,14.004395056790024,40.56664215671508,98.49932757504429,191.3645361626673,285.54888046191775,13.708139,38.77995,91.6823,203.92346,296.74094
2020-08-14 19:00:00,Sommer_calm,90,nwp,116.7,5.3,128.82497365016167,83.8180841231185,167.4521640363012,194.07361,231.52465147527752,0.0,8.074527452107901,95.14198030473511,210.13907712910333,403.6023708211612,11.100000000000003,31.150168350168354,76.52361111111111,130.32053921568627,189.34534798534798,8.054025062355933,15.927038092061137,76.11526469020592,182.84617100974492,285.54888046191775,4.2956243,19.69027,64.07301,201.53989,308.82092
2020-08-14 20:00:00,Sommer_calm,90,nwp,44.13333333333333,0.0,73.50085818012815,71.62445070893133,134.56420836088859,118.23739,232.50526082672334,0.0,0.0,48.51412592883054,147.97109153868283,332.15848382629247,2.6241025641025644,11.619907407407409,40.49930555555555,102.1236607142857,182.22375000000002,0.22500239765776064,0.0,40.32028689074166,143.31658168115706,235.25017320365095,0.0,0.0,35.600765,138.6321,245.49197
2020-08-14 21:00:00,Sommer_calm,90,nwp,0.0,0.0,48.44723024307146,60.20780009002614,114.4368162503649,86.07684,233.33137215658073,0.0,0.0,28.57631786023515,124.35607023384975,305.09218622294037,0.0,2.9081043956043953,21.090740740740742,87.96826923076922,189.31485119047616,2.397657760440276e-06,1.1802010259304355e-05,22.67655909162522,120.02382806678243,235.99782047915096,0.0,0.0,23.758492,118.72227,240.04694
2020-08-14 22:00:00,Sommer_calm,90,nwp,0.0,0.0,39.334203077148516,59.92937009061903,112.82355169046781,101.182396,234.02732710368835,0.0,0.0,26.445731890184078,120.79583668136993,291.9243812360885,0.0,0.2785714285714286,16.811060606060607,83.3030303030303,193.64936111111112,0.0,0.0,13.131956927532771,105.8116074350076,231.1816680614177,0.0,0.0,21.6104,113.126625,246.31264
2020-08-14 23:00:00,Sommer_calm,90,nwp,19.166666666666668,41.7,98.45395489945082,80.53490967478459,113.48404933805067,99.2573,234.61363220676355,0.0,0.0,73.44479501504951,189.9021298998542,386.9609037739256,0.22305764411027604,11.014999999999999,74.45809523809524,156.11611111111108,223.9677777777778,0.0,0.0,43.046179781364735,152.99708263748082,230.06407975695856,0.0,0.0,29.149767,124.25887,241.93292
2019-08-11 00:00:00,Sommer_average,90,nwp,288.6333333333333,627.8666666666667,275.9429594092328,196.05933186538476,181.22631633447938,200.6268,305.8427652901985,11.013079964948313,61.783287927620066,208.75656763038992,378.1387924919486,586.2946112142733,28.692051282051278,69.36458333333334,204.6111111111111,344.0742424242424,443.5476638176639,0.0,33.04598042186371,136.30507063723232,221.86095669079648,450.9711051699118,0.38522658,24.574738,120.19331,237.61162,459.12177
2019-08-11 01:00:00,Sommer_average,90,nwp,26.8,343.53333333333336,379.6808801860649,239.84397529451766,250.74984280618148,234.02144,302.019186802967,20.864498519904707,92.39617776095145,268.7530647663418,492.4409060102935,754.8462858958313,55.63200000000002,127.93979166666666,228.84166666666664,347.31626984126984,498.7987878787881,0.0,145.44023475854326,220.69199990876368,287.3575692174243,476.06878579642375,61.451458,124.04896,219.04175,277.63632,491.92206
2019-08-11 02:00:00,Sommer_average,90,nwp,47.233333333333334,111.86666666666666,333.9287760800273,200.29922477218653,225.467783451003,211.29666,293.4917840695196,14.834024636088552,76.89859342421391,231.67409113555624,441.7273176005416,683.2768121558678,15.96013888888889,45.80681818181819,128.21222222222224,281.7125,407.14496212121236,0.0,80.84644102477215,172.24809158629347,272.7629607846301,442.50037551176587,22.962618,61.516487,189.68536,254.1063,488.50638
2019-08-11 03:00:00,Sommer_average,90,nwp,39.86666666666667,317.1333333333333,293.90254972352113,170.20199131472998,158.8167021530953,146.27399,283.80355244023156,13.131712894663195,69.03199755970202,207.73508106645903,384.8550590238725,612.4389802587942,9.970833333333335,41.89023569023569,152.31809523809522,305.24177489177487,445.53303030303044,0.0,29.537882916090506,104.90241995321365,205.0867597533461,442.6282877186612,2.4808564,20.597849,105.80613,177.51909,440.56378
2019-08-11 04:00:00,Sommer_average,90,nwp,27.733333333333334,385.8333333333333,296.128422072041,172.81122745879446,140.5443935959059,124.13083,274.46407799005533,17.078356991048565,76.0666102460073,214.66990757741223,383.97632228962163,601.4396317671736,15.416309523809527,46.67142857142858,138.57309523809522,290.42992424242425,428.09484848484846,0.0,23.71619956243375,91.65712029917154,208.0477879115231,438.8718862533567,6.268606,12.870053,87.20478,184.83087,440.65735
2019-08-11 05:00:00,Sommer_average,90,nwp,38.86666666666667,485.8,351.301713547908,292.4590213856949,349.14884017892535,287.5573,266.0459184087516,29.072798481539245,102.64790738396917,264.68645963810184,449.12808954321633,656.1327614549537,73.96800000000002,149.41583333333335,259.44375,448.75865384615383,594.338888888889,0.0,143.07534159192096,197.66493923081515,337.2206853811511,459.7113376899649,38.77633,111.94822,237.70343,361.4133,517.2916
2019-08-11 06:00:00,Sommer_average,90,nwp,293.3333333333333,389.1333333333333,265.69686358004424,221.9792493294832,283.53684364973924,262.43848,258.700143056726,21.3036745882717,76.97611271615412,196.92164278014909,340.0536216395094,523.683355455338,40.970083333333335,86.39880952380952,164.07030303030302,296.4223443223443,500.01696969696985,0.0,84.41563180867458,158.5242026552691,313.0916350918047,488.709114323419,23.08295,84.58107,161.80171,311.82565,553.1479
2019-08-11 07:00:00,Sommer_average,90,nwp,274.76666666666665,400.8333333333333,132.48217491848607,80.7733213899925,92.1816466993421,87.58712,252.397148525833,10.019470791657424,39.905828855238894,110.61833843425981,189.90035300539824,302.2938381418686,10.746785714285714,30.59621212121212,65.90654761904761,116.709375,181.29400000000012,0.0,28.880187999671335,69.66512851455728,164.62699010379873,211.2639669878803,10.74605,32.26425,49.15857,137.51535,203.95917
2019-08-11 08:00:00,Sommer_average,90,nwp,262.23333333333335,400.6,101.84244469890866,42.637919633574676,51.809585918540485,43.993004,247.03778899054439,8.496367246794685,31.959671519727237,79.31898927859423,136.9961325059727,262.43400302381224,2.1688205128205125,7.2075,28.61472222222222,50.42916666666667,84.84271428571437,0.0,6.976709165850491,30.802972562554558,56.27337967610767,125.09810315572926,3.7262874,14.914912,29.760132,52.001846,118.369865
2019-08-11 09:00:00,Sommer_average,90,nwp,79.63333333333334,561.6,149.83679901533543,50.45018763476194,52.48351792115562,47.103542,242.5035013633273,19.07732914651011,54.435432685645864,118.39834747644841,186.43827297122598,325.3620190823131,3.133888888888889,10.200833333333332,29.92,67.22986111111112,126.82378787878793,0.0,9.6359856672037,30.941122733562327,76.71397387623179,116.73161813562314,9.606554,17.25391,34.557133,84.81331,83.851875
2019-08-11 10:00:00,Sommer_average,90,nwp,29.733333333333334,898.4666666666667,200.95484032971822,119.96506071020552,93.0653866689702,71.78953,238.67791323279337,33.085634818711696,84.34513284707485,184.2663003845278,262.0276235194855,362.1800912381682,31.80660606060606,64.79249999999999,112.63541666666667,180.47749999999996,282.770735930736,0.0,44.68636511458597,104.22678056412856,114.05913367032989,156.80951319049973,20.024628,47.47766,83.238525,116.42706,172.89536
2019-08-11 11:00:00,Sommer_average,90,nwp,24.366666666666667,1209.7,234.64564081651295,130.01019478165182,93.72825500851428,86.94611,235.4552729965574,41.43614612835302,101.64562520338791,216.0111760383234,292.0411410225776,407.4016461563822,37.20277777777777,65.55079365079365,112.29107142857144,183.43825757575758,276.18696969696975,0.0,44.68636511458597,109.37389716471843,118.8417176445999,192.7404045486384,19.808014,56.005577,108.21848,129.26003,224.10141
2019-08-11 12:00:00,Sommer_average,90,nwp,53.766666666666666,1620.0333333333333,335.90960092264675,229.11374049290828,201.76352185447888,200.50195,232.74292077103982,58.70488090202453,142.82128989727377,303.1603014025743,404.494129437275,542.9555070938812,80.57416666666667,144.19666666666666,236.36666666666667,324.9042735042734,426.073,0.0,80.45744988699978,209.9438405885345,267.61215005459,317.966329280623,35.00014,98.78663,245.88507,241.111,352.898
2019-08-11 13:00:00,Sommer_average,90,nwp,175.83333333333334,1159.2,261.0294169526861,175.89111271145634,140.20874374130105,133.31447,230.46117679378878,46.22687800040059,110.74260260924166,231.41412636553937,321.903233013492,465.8268857665046,43.27263888888889,93.78194444444445,167.74047619047616,265.5254166666667,361.65337662337663,0.0,45.2886536234827,132.75326939493664,164.41092588376426,264.10008720097113,21.925669,61.615902,128.45819,164.75089,296.05878
2019-08-11 14:00:00,Sommer_average,90,nwp,191.56666666666663,1298.6333333333334,264.6742894281162,198.4682480802408,157.4156906840202,169.59018,228.5422097018768,45.79570580184799,109.79400507812824,230.73254117150026,318.47723945966135,488.6979434846778,44.33138888888888,91.09878787878787,180.69122807017544,288.5938888888889,390.7930303030304,0.0,45.2886536234827,109.8891036727288,175.7184827778994,303.8956740410025,18.768948,61.615902,111.4467,180.17618,358.1051
2019-08-11 15:00:00,Sommer_average,90,nwp,181.46666666666667,910.3333333333334,29.77614113058442,44.73317425772003,42.12939746621016,50.576794,226.92859295046668,14.546784840118,25.44846854046275,56.96920668073068,64.81870954519357,160.1679757416244,10.63904761904762,23.041571969696967,37.108333333333334,71.73787878787878,139.52250000000004,0.0,9.297163480742245,32.27013906396605,61.24995033347024,87.50388016524158,3.649879,15.934023,37.44573,62.460957,75.68236
2019-08-11 16:00:00,Sommer_average,90,nwp,104.2,1071.2333333333331,48.3820832456984,84.70330688927137,83.95899455074198,103.9167,225.57185783052682,14.310032221478341,28.81956620398445,72.43433682371938,81.78915512288481,189.76880226970042,13.051309523809524,23.416666666666664,50.418055555555554,126.37261904761905,193.74034090909092,0.0,8.202364242423286,33.66980808293699,77.64674292564827,173.04944171757495,9.002387,20.053486,53.330746,95.07207,175.57419
2019-08-11 17:00:00,Sommer_average,90,nwp,81.23333333333333,1051.6,376.4655840688456,327.00002999984093,276.8789596354432,258.86743,224.43116633234405,51.257080903902384,135.1208390785501,311.9407321251899,474.32996918340996,680.8732690731512,169.47316666666669,219.2052083333333,301.02272727272725,420.340376984127,523.8053246753249,0.0,151.98891929521275,280.4829333424406,362.60945146329357,611.6172064379306,83.957634,159.30064,270.34604,349.89902,577.91235
2019-08-11 18:00:00,Sommer_average,90,nwp,55.2,741.2666666666667,363.1690130872801,283.60613617967687,276.8789596354432,259.14944,223.47214294648774,44.05207671186517,121.67733418915002,292.35304742931385,469.266193442417,683.7703459604622,152.6077619047619,211.30190476190475,278.17575757575753,376.3293518518518,483.2468831168831,0.0,169.83215777734335,280.67183863109113,356.06907605404524,610.0203737350582,81.60536,167.97517,253.50238,334.92514,584.3986
2019-08-11 19:00:00,Sommer_average,90,nwp,358.8,641.4333333333333,340.4671007974854,227.95774972055798,255.5474956445741,255.18083,222.66586767258272,37.700068434361,107.45334539702544,269.574323228168,445.36917537498584,665.8944506732919,79.10910256410257,145.21125,224.97478070175438,315.6541666666667,449.73791666666676,0.0,133.44848888500104,249.4222091043817,329.25460602841434,577.0606847278301,68.81986,130.0824,248.39069,312.87195,578.8406
2019-08-11 20:00:00,Sommer_average,90,nwp,355.3,466.06666666666666,493.1478435156415,351.98939070210616,402.59564726818115,328.12317,221.98801763791215,51.771707091997875,151.84056440548568,372.48471125953995,628.1185422209367,903.8810653637673,85.83837606837608,150.73416666666668,257.41825396825396,460.71770833333335,656.280138888889,0.0,310.08385082347354,413.0536698965551,553.4168840048842,693.9620292933859,71.66872,298.29526,399.2923,516.196,637.9501
2019-08-11 21:00:00,Sommer_average,90,nwp,98.06666666666666,560.3,422.17793325693367,338.6218538871396,349.61275055502574,392.39038,221.41813985609596,38.13147473011513,123.51157622448997,320.6261650916243,542.7126800906167,805.2151015052068,131.94056818181818,206.2901515151515,322.3014285714286,462.2933035714286,663.6330158730159,0.0,224.152754250237,368.24143341511706,423.30455683154054,578.6213133356421,104.38419,250.87483,347.07285,414.88763,604.68945
2019-08-11 22:00:00,Sommer_average,90,nwp,7.566666666666666,703.8333333333334,358.8340839312394,266.64846489080975,323.6522934794515,381.82614,220.93903717733494,31.610828037665193,101.3059950313908,274.24707674216296,460.3043840997826,712.1756952897448,69.16170370370372,143.0522727272727,240.03905723905723,341.9748511904762,492.3671666666669,0.0,144.53690669154216,287.1262778726598,294.3045498018394,481.2204209875278,73.133514,156.45654,276.883,326.79883,539.617
2019-08-11 23:00:00,Sommer_average,90,nwp,68.76666666666667,366.73333333333335,172.55967744114605,132.82714872971312,116.74025778564348,153.24825,220.5362507942594,9.611115905044725,34.80088089253082,129.49406698783736,246.42951336849,448.82367546520055,3.82,24.54892857142857,76.45413105413104,172.6967261904762,289.91333333333336,0.0,12.633360728104915,60.63245088426498,172.64078521907888,338.0032312559812,1.3064717,9.341461,65.89384,174.3374,334.23166
2024-06-21 00:00:00,Sommer_windy,90,nwp,218.13333333333333,430.8333333333333,0.0,133.5607683576878,177.05066349149146,108.65439,887.2796867490175,0.0,0.0,0.0,8.5397593373429,0.0,14.692142857142859,41.85940476190476,99.51666666666668,190.77864583333334,274.52122222222226,1.706689129238026,25.366006367015405,31.42111716966916,102.50045336840817,385.77255875064156,0.0,17.482916,35.3511,97.13568,267.08438
2024-06-21 01:00:00,Sommer_windy,90,nwp,78.9,424.3666666666667,267.4057343294568,223.59984570179097,328.71729183631214,244.1769,795.9417192313034,18.345254253758533,133.5939034340482,307.41248024084143,427.37168242836054,473.80461944722765,76.27136363636365,136.62954545454545,216.8175925925926,304.6155555555556,385.8793406593408,22.23389797815662,120.64190961769363,236.21263096008073,341.4910023162757,642.7715001389633,25.367056,118.12349,218.57855,328.33078,426.47452
2024-06-21 02:00:00,Sommer_windy,90,nwp,13.666666666666666,374.2,354.66835547656274,328.1103932895737,393.34577182460356,310.53214,746.2185934580575,45.88806788674155,186.6261212788036,387.2850412464251,527.0772797003344,584.405939476742,110.90555555555555,207.80294117647063,320.55029761904757,426.50666666666666,573.2661944444445,63.242431954480224,184.8390058100915,354.4841439492929,407.54831537434455,642.7935609612902,72.17522,189.10042,345.0289,378.81094,493.16983
2024-06-21 03:00:00,Sommer_windy,90,nwp,110.6,447.9,198.05517559720045,168.21631515860793,192.5581965997896,174.39626,683.7779550408356,5.656425212031394,104.83398109592541,254.29740289670414,355.0265202016686,384.3250952532637,31.308809523809522,73.80054112554113,152.57326388888887,237.28006993006994,310.7750000000001,18.83040992350312,79.33595199118095,188.29960923473442,251.40547848090804,393.11596737266774,16.90992,76.289444,190.63539,239.00722,269.2463
2024-06-21 04:00:00,Sommer_windy,90,nwp,134.53333333333333,464.23333333333335,301.83930627629934,214.69837260211955,205.10838329437826,210.97498,641.3829671047379,35.34771067049956,162.39685753765642,337.9075425068255,468.3289088713507,519.216462755499,53.97309523809523,92.62008928571427,177.03333333333333,277.03483796296297,362.8271428571429,25.636075419269403,124.06101493477195,215.31593596234808,330.4491320488981,407.41466283814617,30.17231,124.20932,191.35136,304.6001,443.8304
2024-06-21 05:00:00,Sommer_windy,90,nwp,230.43333333333337,574.8,113.50971147903266,128.87565087087643,118.21626438749053,117.65366,596.7008768049976,0.0,61.51129182218365,174.51850260157082,237.52450120123277,261.7683668616135,41.42462962962963,74.22835497835497,133.52694444444444,204.35916666666668,275.3083333333334,7.5525168896951635,43.20541252227985,95.38850390586254,142.494336966391,227.98106784033808,9.841744,48.59755,111.55802,131.83008,250.69275
2024-06-21 06:00:00,Sommer_windy,90,nwp,231.8,560.9,92.56700276724351,119.68107265637444,103.23515814124009,115.45402,562.5866495386401,0.0,51.49495249788363,157.36184680013136,215.09282334253587,226.98390169947066,36.61255183413079,79.53794642857143,132.76875,201.78377403846153,254.33779220779223,9.848569727867556,43.12510841514627,89.43483100037002,142.494336966391,194.4853445283048,12.299629,48.458557,100.195564,134.82797,221.67479
2024-06-21 07:00:00,Sommer_windy,90,nwp,92.7,469.53333333333336,0.0,80.65468242832044,54.85515985577116,58.389805,529.7152495038521,0.0,0.0,49.717132481865065,88.77631177526479,76.77299232803898,6.067261904761906,16.085069444444446,60.18958333333333,130.56247563352827,229.60992307692314,6.735892169602635,16.536598204183214,45.40569624221733,60.69443716690038,91.83332606127001,8.01711,11.773253,39.243805,50.0733,123.55266
2024-06-21 08:00:00,Sommer_windy,90,nwp,43.43333333333333,272.7,0.0,41.46406192945765,42.9657112651187,62.880486,502.99681294331197,0.0,0.0,0.0,0.0,0.0,0.2590476190476192,1.2229166666666667,5.801666666666666,20.61714285714286,50.01404761904764,0.5061227918770921,2.9865657560604935,7.787428197790224,14.767431245481028,67.55488510843405,2.7161784,6.7163205,4.5152206,10.306629,101.21662
2024-06-21 09:00:00,Sommer_windy,90,nwp,90.0,145.83333333333334,0.0,38.85464712377104,39.258416250199595,28.644697,478.42899874640125,0.0,0.0,0.0,0.0,0.0,0.07333333333333332,0.770029239766082,3.435185185185185,13.235049019607843,42.150250000000014,1.2462525085796854,4.160048031343825,7.233377096076345,19.29270477071856,68.97232552982257,2.4122157,5.3580313,1.1002723,12.889024,96.814125
2024-06-21 10:00:00,Sommer_windy,90,nwp,54.86666666666667,202.46666666666667,169.46849081455156,129.6840960538526,134.71364811036443,141.43451,457.7826528609602,20.92514104641252,81.74981335108203,197.14270558809747,295.64531845292663,362.0604823739239,25.165739750445635,54.20075757575757,115.06363636363636,207.36517857142854,281.48394871794875,11.760288400360466,68.19370147890508,151.2124668674808,231.80519534217828,214.1870164475772,13.421346,71.43738,137.21916,195.63577,233.53413
2024-06-21 11:00:00,Sommer_windy,90,nwp,58.43333333333333,22.366666666666667,134.16339083515211,109.85517885717276,117.27786434486448,120.16646,439.259989912272,14.416529249040266,58.85518930053493,153.18296111190196,255.75206902942912,324.68064176286475,13.415523809523812,31.82291666666667,83.42722222222221,185.58822115384618,274.8483107088991,11.760288400360466,41.057809500711116,107.11476923447776,234.05963164996547,173.5052964624617,12.597288,35.83943,97.43207,169.3017,207.15663
2024-06-21 12:00:00,Sommer_windy,90,nwp,90.63333333333334,95.3,50.213751124695875,64.83809815208541,62.10976076368865,59.159943,423.4154893468775,0.0,5.899622585815536,70.67280052146225,160.84949839584203,234.2770350218081,13.396486111111109,31.828055555555558,54.99791666666667,88.79910037878788,129.8006666666667,8.140345609124576,15.104778945595855,46.41221757875843,88.58622101915897,101.93782336991588,6.5880365,12.965579,40.914692,71.534485,140.85501
2024-06-21 13:00:00,Sommer_windy,90,nwp,234.26666666666668,88.46666666666667,302.34054061494584,178.1380336658765,157.37274574935972,152.43733,409.3843731637918,48.68464525241235,137.10728015811023,287.85658113611544,445.7376005364509,557.3382180231429,43.97818181818182,69.37660256410257,126.3413716108453,213.83095238095237,327.7211111111111,27.1588780942345,111.66665715575921,173.06859041458725,288.51935973622767,375.9067094265317,31.999191,104.282745,159.21118,262.9538,390.57806
2024-06-21 14:00:00,Sommer_windy,90,nwp,295.76666666666665,63.03333333333333,272.1818066233866,184.10038484340393,151.86834494397993,161.30678,397.2685452866092,37.38782197570075,115.25661948900691,256.51465411257624,414.551859753416,525.2727558433755,43.97818181818182,69.84583333333333,125.30462962962962,229.95952380952383,337.9116666666668,33.63984900712896,111.66665715575921,169.07463764036245,307.81371576005824,366.3526567027037,32.84666,83.57272,149.37074,274.504,372.26617
2024-06-21 15:00:00,Sommer_windy,90,nwp,459.3333333333333,42.63333333333333,508.64766591936245,418.6164593242824,277.51295848728176,332.7059,386.6128726292103,93.76209957411467,238.80363527488305,453.0144486535138,681.2425555722574,828.2778596452418,107.86703703703705,176.79953703703703,333.5979166666667,642.4385281385281,761.7149404761905,79.09781222457363,158.43233539743852,318.90309417316445,602.0967077947764,777.8213384697738,76.725136,176.53673,271.34836,525.9074,779.81384
2024-06-21 16:00:00,Sommer_windy,90,nwp,518.7,22.866666666666667,470.42454121801643,364.61853271099716,203.73988927311615,282.63202,377.36571623737285,71.84398585065337,216.43999636374343,426.10625775413837,666.0290297331414,791.9911712379435,66.98575757575757,120.14570707070706,241.4324074074074,513.5497222222223,726.3383928571428,67.52669037959672,138.46580200101045,264.7055929539006,611.1402459833779,737.9043916038602,74.11167,160.57219,242.19397,484.17374,692.75574
2024-06-21 17:00:00,Sommer_windy,90,nwp,463.8333333333333,1.6333333333333333,417.4905716492169,328.60653218019104,212.26362657975898,261.81656,369.2625306133671,62.33028175366599,185.03286281319563,377.9995175915767,590.5685812222171,716.4154180512676,59.81738888888889,102.80273809523808,190.7037037037037,405.9069444444445,639.1395555555557,61.20139312094135,123.08841939693083,230.68677024206596,424.72812830956957,661.8975520747621,61.672894,117.35986,225.3912,450.31384,605.45654
2024-06-21 18:00:00,Sommer_windy,90,nwp,579.7333333333333,38.36666666666667,534.3046754228978,482.9582699054405,355.0640356406283,424.5873,362.2118457624046,92.16367120713171,247.20267053986026,476.5363449153193,714.2318153141766,868.7624910784182,75.92185714285715,195.9525641025641,356.01696428571427,647.6531135531136,765.0526666666667,197.41619105763345,295.08975799125267,361.3128812570443,583.8443182453464,830.0101419221018,189.40599,287.0267,324.70383,567.30536,874.5281
2024-06-21 19:00:00,Sommer_windy,90,nwp,326.93333333333334,151.46666666666667,556.1469928534634,517.4178077217325,371.032205099626,429.68866,356.04529541937245,92.0259175544471,258.6760096857788,495.636630907313,742.4319229201878,902.2559592208322,62.036249999999995,210.53839285714287,405.45304232804233,649.7602564102564,768.7820562770564,195.42184269190042,292.02068096598725,369.2991927336608,611.8376593798351,853.5193249904952,183.3982,319.86777,340.76147,579.75214,867.1082
2024-06-21 20:00:00,Sommer_windy,90,nwp,850.8333333333334,166.73333333333332,553.6317832773548,493.01984591657094,391.04678130937776,400.90677,350.6721802874752,93.82381784796307,259.1630156646565,495.6096541944273,731.1678951827172,894.6054756945052,62.6665873015873,213.96791666666667,397.73860398860404,670.8454545454547,773.2736182336182,196.10533053900062,291.2045178656248,379.5819180254729,637.8250934779428,893.9541299133743,181.29112,310.31082,363.63177,604.86896,895.2141
2024-06-21 21:00:00,Sommer_windy,90,nwp,316.43333333333334,108.23333333333332,565.2665554240134,488.3265070433604,412.17246044293404,413.45306,345.97762883652933,99.92112489047736,268.2465982577811,508.97124886739033,742.2193679291001,905.6059072238154,75.0884226190476,207.47083333333336,418.26984848484847,689.200641025641,787.7252592592595,189.76855938032597,286.28343165717985,407.0027275604718,677.6502538366682,1018.1969679917707,216.04485,314.94977,436.69724,671.1205,895.2141
2024-06-21 22:00:00,Sommer_windy,90,nwp,467.6333333333333,259.03333333333336,491.9774638432318,453.23544713137954,419.34492584136814,504.84293,341.8840774488439,78.99688809503928,231.4219136000066,449.3980984329078,656.6774416762216,803.4880114851745,121.53522222222222,228.9402777777778,441.6919607843138,666.1388888888889,856.0265151515151,67.8310484608117,182.43733061338543,368.80936095853946,713.8464118830418,837.1895779992227,84.434296,212.75182,397.44226,657.2905,841.97046
2024-06-21 23:00:00,Sommer_windy,90,nwp,758.4333333333333,930.1333333333332,525.3831221389963,510.04734115932064,485.311214566603,533.6485,338.30942702479786,76.05812179926,251.15340996870043,476.7322662605064,676.8857713321636,845.4790193812529,153.44400000000002,284.3852272727273,514.2004761904763,766.1494047619046,898.4244166666667,69.5905360239943,185.70139631050603,420.31461856249774,735.680832979005,850.9261561182988,83.09607,221.01813,460.80368,623.6875,841.22864
2017-10-03 00:00:00,Herbst_windy,90,nwp,631.0666666666667,509.53333333333336,555.65920068418,708.9792244465153,668.9692409009778,602.19617,583.5701334466988,69.19582756093506,192.58044929275948,417.17029627591415,691.7283518376468,974.5924419908587,389.0470833333334,500.6520202020202,656.9121212121212,825.5372916666668,998.0170476190477,175.2507661896914,343.5076954860906,556.0419956544855,798.7508728679308,858.7647250360002,215.10347,378.83258,574.3364,803.18945,922.0537
2017-10-03 01:00:00,Herbst_windy,90,nwp,655.0,349.6666666666667,547.3566607123012,657.2899145086429,586.1418562799028,541.8942,555.3775298569395,71.85191191672936,191.55407236849368,412.26196400810477,681.0173883067143,961.803056312055,328.80449735449736,438.23954545454546,589.8362500000001,797.3267857142857,996.8145555555554,175.09758754772503,343.4711708964059,492.4609726883341,710.9117539392946,840.2555884947028,215.04587,362.78192,435.4794,668.56775,859.37506
2017-10-03 02:00:00,Herbst_windy,90,nwp,478.03333333333336,382.1,397.37425407429373,317.94435022265355,284.1493825876758,334.29636,532.3393667879939,49.56201845316401,137.6405212202265,312.8682233033567,529.9492557672087,748.5043514809603,60.19144444444445,145.0154761904762,272.2985714285714,462.4663461538462,604.402142857143,2.7073016541453745,60.951216919848164,202.8602112610959,430.55637672905374,619.4981786425221,15.180667,57.943863,203.92708,433.1841,610.06366
2017-10-03 03:00:00,Herbst_windy,90,nwp,605.8,526.8,338.59555651622253,231.32668902391745,187.09660383285927,199.7949,513.1120884638193,43.48730826479802,122.46868429796945,280.8912366740846,475.6878951215796,661.4970589521456,35.37508333333333,92.52102564102563,165.99407407407406,288.97458333333327,445.8754166666667,0.0,34.30774843465446,120.17212417136017,294.32273599585756,447.5046648825439,3.7051134,27.003002,116.00989,287.85223,417.75723
2017-10-03 04:00:00,Herbst_windy,90,nwp,313.8,478.3333333333333,423.94959071759877,340.7137437336883,327.72442365798037,400.2195,496.7278100998999,64.33001887619194,163.46582881479645,347.41067017169996,560.409979468609,769.3511936153823,101.95696969696968,202.48944444444444,335.04462962962964,533.353125,659.6853333333332,30.735972004463257,78.30973667579954,242.17701912383882,429.549735709955,624.4928473742705,42.106987,79.523094,267.07196,427.21332,690.6359
2017-10-03 05:00:00,Herbst_windy,90,nwp,190.13333333333333,592.3666666666667,489.7960337847212,414.44782327871644,476.60186351686673,489.23715,482.48814338719734,80.69799123549917,192.06309634775772,397.6102307831178,632.0791704646831,851.0024352844819,128.00344444444445,227.01916666666668,387.6777777777778,600.3238541666667,726.6735925925925,62.22200112301912,201.75688785730384,365.0796561758085,478.98375758405354,716.183473134397,85.63275,192.40117,386.55573,485.11255,752.28345
2017-10-03 06:00:00,Herbst_windy,90,nwp,135.86666666666667,436.06666666666666,348.3005902166234,232.90406419961448,263.98245149609795,245.0317,469.88807672081214,60.13678766914651,142.23718073806532,297.3735775525669,473.6478674576276,641.5434122821113,55.44703703703705,100.50690476190476,196.69791666666666,293.9827922077922,415.3786666666671,32.45096389946765,94.07573388732575,164.11206680743155,307.08580573402486,455.3173258315835,31.025284,84.42168,174.18925,302.83585,475.32492
2017-10-03 07:00:00,Herbst_windy,90,nwp,165.4,569.5,231.5614845962915,151.90745735803483,114.95261846358311,158.00002,458.5614006673562,41.45218103205031,99.26275707483939,213.7310360596303,353.5155806732049,474.79514347147693,24.42735930735931,52.87048611111111,109.85104895104894,199.30138888888888,309.6020000000001,8.51325809988245,41.08244155829893,79.0198035650475,170.96065423237198,274.4085731549122,12.568382,41.4804,90.45252,178.1805,242.26309
2017-10-03 08:00:00,Herbst_windy,90,nwp,100.43333333333334,516.1,564.4757517436851,393.7495348901217,459.73078212512644,495.90347,448.24157857066234,104.24894259682128,225.81857576601783,445.0316103834339,692.443658543692,922.8056105895059,167.5482857142857,253.8315656565657,368.94500000000005,570.9425925925925,754.0216666666668,80.09954281324866,218.10812822470177,381.1308240704438,527.8967835588986,761.6105508489582,110.6326,224.49402,392.80725,519.7975,724.8505
2017-10-03 09:00:00,Herbst_windy,90,nwp,314.3,552.7666666666667,550.7539513611936,326.2107084871196,428.94213663058514,478.64008,438.7336893919073,102.95837116521751,220.44058012299286,433.269773888601,672.8693505124369,892.4602553463541,101.2550505050505,215.4917328042328,308.5451388888889,455.72777777777776,583.354642857143,71.9023515475515,201.84850485795934,383.18274212330255,480.67658296821486,706.9384998846829,100.77604,205.27913,385.08136,497.5057,670.8028
2017-10-03 10:00:00,Herbst_windy,90,nwp,371.6,364.53333333333336,549.2153588250401,381.156554965927,458.3829715394145,484.75287,429.89430803119325,102.1619261230112,218.85141214459026,426.50973711184577,653.8717524356093,874.7202693255279,103.36666666666667,209.0003787878788,326.3671794871795,496.8127777777778,705.0354700854701,73.48802471809218,202.94779330617436,362.3829980138361,521.1623469214126,748.795579709435,87.522316,208.70168,366.71063,534.45435,689.3688
2017-10-03 11:00:00,Herbst_windy,90,nwp,135.03333333333333,462.3333333333333,485.1397513546343,335.9002293218224,365.6991258426502,396.5883,421.6170759535772,83.65712562863564,187.99707944148636,381.70801668861407,578.1837626854685,755.2605027690151,97.99694444444445,205.91321428571428,306.7839285714286,441.2638888888889,610.5790476190476,46.98074215144752,173.94464368461118,315.72330157549624,483.4195336479861,702.9051760076911,73.0373,159.14769,324.89435,504.7169,662.7746
2017-10-03 12:00:00,Herbst_windy,90,nwp,322.6333333333333,375.43333333333334,554.9123883454396,679.5117574871564,618.3622900843404,596.469,413.8223512068122,93.26253320487214,209.6059413426894,420.57920687220326,640.9739539676859,851.2262984589477,273.51964285714286,447.4921401515152,700.9397222222221,929.3794191919192,1047.5241369047621,117.34843967122733,215.35424773525767,453.89744597297056,726.6911769883512,967.0656904681274,104.756195,195.63521,458.35742,724.964,945.2547
2017-10-03 13:00:00,Herbst_windy,90,nwp,570.6,467.76666666666665,535.7950310099485,479.87441377842794,473.43993950592613,502.26114,406.449783028126,87.09614984623303,197.86654887524477,402.6085673708119,623.025818480518,829.9501141260148,184.4875595238095,302.1528273809524,447.4321969696971,678.2708333333333,823.6541025641027,51.14580329341386,189.76200064080507,332.7307621430589,607.0384684368737,791.9323979570505,66.87285,184.42174,362.57706,613.17163,729.0292
2017-10-03 14:00:00,Herbst_windy,90,nwp,717.3333333333334,583.5333333333333,569.5300952280272,757.2983782212108,675.8960560304915,758.0511,399.452983202862,87.45907468353198,203.24444469846932,420.6954597017166,659.8802309509505,878.8305374123825,416.9732692307693,591.2381054131054,799.4125457875458,958.643888888889,1081.7722792022794,90.4188968048895,217.64097866249304,459.9115989716111,760.7296654357557,1069.7468592597947,105.7953,204.70657,496.12448,765.3695,998.6539
2017-10-03 15:00:00,Herbst_windy,90,nwp,656.8666666666667,884.3333333333334,564.8927628866506,724.8017109378243,660.4749984759059,628.84064,392.7957007252776,79.62220958212681,192.50599451365383,412.02345008415966,666.478157370724,881.9678925692776,348.08537037037036,524.6724305555556,719.862962962963,921.8466666666666,1072.705263157895,90.13318300878834,219.81785378837296,471.22373662861355,731.1581750104474,1071.2196045888763,105.68464,204.70657,498.6721,726.6957,969.3119
2017-10-03 16:00:00,Herbst_windy,90,nwp,522.4333333333333,598.1,570.6167692126444,787.2892536630123,767.8011966444253,811.97833,386.4490743341778,76.85514835217074,190.31146735371254,406.3525121766411,659.0964748045803,897.0839253342585,472.7783333333333,636.7758333333334,794.8246794871795,984.7125946969697,1105.4012087912088,97.79411846307262,306.2612785986028,574.4271781630192,819.88906466297,1092.59717490209,119.78124,311.19888,587.67664,769.4846,948.9398
2017-10-03 17:00:00,Herbst_windy,90,nwp,675.1,973.3,462.4532002917664,378.1422674312996,375.7029688844634,377.71716,380.38965794423655,48.030154276092375,139.3684662992211,326.5888647715808,561.6116890504231,757.0111792520382,71.17385714285714,186.42724358974357,320.8314814814815,495.48,680.1895238095238,51.56011830249185,173.25871713553894,349.4636121425723,550.3669191818509,642.8618061148846,66.506294,199.77713,375.16177,543.4147,597.56946
2017-10-03 18:00:00,Herbst_windy,90,nwp,556.9,995.4,383.1424290090365,294.41912551928914,322.7465520192963,293.9633,374.5980003381842,25.87617628235123,102.27605529594311,267.3892735444231,478.3157922463445,647.7471942714586,50.02205555555556,114.2798611111111,229.63611111111112,379.74508928571436,577.0939898989899,35.12972000943434,108.99791874827291,297.0990146531177,496.878253768191,544.7708793626983,36.021877,98.86557,301.08975,480.73337,536.1526
2017-10-03 19:00:00,Herbst_windy,90,nwp,392.73333333333335,920.8666666666668,302.79431383883065,192.87755311424206,189.269032892028,144.65775,369.0576223818133,8.748097977806758,68.43670101498509,201.81019970884654,397.55319299468323,563.0887983332046,38.290370370370375,78.4922619047619,150.29375,244.56545454545457,379.40150000000017,13.548710357671084,66.05266517493533,143.84142769673647,270.93654100015084,345.84193856061734,26.508322,73.37358,157.79147,279.5279,332.1754
2017-10-03 20:00:00,Herbst_windy,90,nwp,465.9,707.4666666666667,305.47296597638484,253.7332634044828,253.02195694352886,246.76738,363.7542793951502,5.286651537005678,65.73379655859051,195.95642916603524,395.65857156317406,581.2047913511371,36.758,74.77694444444444,163.9626984126984,305.330625,427.48366666666686,18.161606000963733,57.938021318085596,255.59757308988682,380.1269881210743,466.42370804331443,28.311823,65.27577,263.66006,394.70975,440.4819
2017-10-03 21:00:00,Herbst_windy,90,nwp,520.8666666666667,619.6666666666666,281.5609274179412,244.13180473864918,279.1730806917159,261.54614,358.67542812135423,0.0,57.124293023784915,182.70866439629467,366.2525213356033,543.2488243732677,23.165178571428573,55.51057692307692,152.66875,305.330625,446.6135185185186,2.786765870871023,43.239208193335145,246.02848309629812,391.1841183860822,466.909420438796,11.6332655,47.483818,256.81174,398.76242,468.19305
2017-10-03 22:00:00,Herbst_windy,90,nwp,549.7333333333333,528.3666666666667,243.60602194860815,226.7448318519083,236.0574862193287,234.28928,353.80984053712325,0.0,46.752813767429956,152.76769450677807,330.95239758409093,518.1796746798059,26.21813852813854,52.56944444444444,151.16287878787878,303.47544642857144,443.49666666666667,2.727912511616766,42.85678442973197,193.78630694385666,379.0314243536382,466.909420438796,4.6369295,45.413044,215.18573,376.97995,473.78967
2017-10-03 23:00:00,Herbst_windy,90,nwp,243.56666666666663,611.0,209.8264445902926,154.75104276129176,143.50314473270137,107.53393,349.1473230945825,0.0,35.53753205742364,131.35873031965232,303.807145814047,480.8712539793278,18.576666666666668,40.16375,92.14821428571429,170.11062499999997,288.5031623931624,0.8017496568654406,32.47628611658069,106.15398119695608,225.12096769668202,365.8650955497918,7.110455,32.918083,127.275406,247.71321,333.16962
